{"val_loss": 1.239324688911438, "val_auroc": 0.624000072479248, "val_f1_score": 0.07692307978868484, "val_balanced_accuracy": 0.5199999809265137, "epoch": 18, "trainer/global_step": 144, "_timestamp": 1765296759.4656239, "_runtime": 2628.095674753189, "_step": 20, "train_loss": 0.9707467555999756, "test_auroc": 0.5609362721443176, "test_f1_score": 0.0714285746216774, "test_balanced_accuracy": 0.47296205163002014, "_wandb": {"runtime": 2633}}