{"val_loss": 1.0749082565307617, "val_auroc": 0.6089743375778198, "epoch": 300, "trainer/global_step": 600, "_timestamp": 1764338644.7300284, "_runtime": 21.104450464248657, "_step": 312, "train_loss": 1.191114902496338, "test_auroc": 0.5770609378814697, "test_accuracy": 0.36250001192092896, "_wandb": {"runtime": 20}}