{"train_loss": 1.1215928792953491, "trainer/global_step": 27, "_timestamp": 1765302256.1867697, "_runtime": 427.63278460502625, "_step": 30}