{"val_loss": 1.075488567352295, "val_auroc": 0.5881410241127014, "epoch": 300, "trainer/global_step": 600, "_timestamp": 1764339968.629354, "_runtime": 29.442857027053833, "_step": 312, "train_loss": 0.9669300317764282, "test_auroc": 0.6263440847396851, "test_accuracy": 0.5625, "_wandb": {"runtime": 28}}