{"val_loss": 1.1321871280670166, "val_auroc": 0.7243636250495911, "val_f1_score": 0.5384615659713745, "val_balanced_accuracy": 0.6618181467056274, "epoch": 30, "trainer/global_step": 240, "_timestamp": 1764780883.6093678, "_runtime": 2069.7468078136444, "_step": 34, "train_loss": 0.7661728858947754, "test_auroc": 0.6941081285476685, "test_f1_score": 0.4680851101875305, "test_balanced_accuracy": 0.6347861289978027, "_wandb": {"runtime": 2074}}