{"val_loss": 1.2280036211013794, "val_auroc": 0.7098182439804077, "val_f1_score": 0.07692307978868484, "val_balanced_accuracy": 0.5199999809265137, "trainer/global_step": 55, "_timestamp": 1764868848.3080513, "_runtime": 971.2311563491821, "_step": 7}