{"val_loss": 1.2367881536483765, "val_auroc": 0.5098181962966919, "epoch": 1, "trainer/global_step": 15, "_timestamp": 1764851300.5790093, "_runtime": 287.61206126213074, "_step": 1}