{"val_loss": 0.5503588318824768, "val_auroc": 0.6920062303543091, "epoch": 47, "trainer/global_step": 383, "_timestamp": 1764763327.1722329, "_runtime": 3334.99889087677, "_step": 54}