{"train_loss": 1.354211688041687, "epoch": 16, "trainer/global_step": 128, "_timestamp": 1765304212.7340233, "_runtime": 1909.6264572143555, "_step": 144, "val_loss": 1.2445157766342163, "val_auroc": 0.569454550743103, "val_f1_score": 0.07692307978868484, "val_balanced_accuracy": 0.5199999809265137, "test_auroc": 0.5488297343254089, "test_f1_score": 0.0, "test_balanced_accuracy": 0.47457626461982727, "_wandb": {"runtime": 1918}}