{"val_loss": 0.5282093286514282, "val_auroc": 0.5686274766921997, "val_f1_score": 0.0, "val_balanced_accuracy": 0.4901960790157318, "epoch": 50, "trainer/global_step": 550, "_timestamp": 1764690217.5261602, "_runtime": 9.764944314956665, "_step": 61, "train_loss": 0.35520505905151367, "test_auroc": 0.6709401607513428, "test_f1_score": 0.2068965584039688, "test_balanced_accuracy": 0.557692289352417, "_wandb": {"runtime": 8}}