{"val_loss": 1.2168329954147339, "val_auroc": 0.6756364107131958, "val_f1_score": 0.5, "val_balanced_accuracy": 0.6254545450210571, "epoch": 36, "trainer/global_step": 288, "_timestamp": 1765301758.242504, "_runtime": 4387.338888883591, "_step": 41, "train_loss": 0.8660595417022705, "test_auroc": 0.6989507675170898, "test_f1_score": 0.44999998807907104, "test_balanced_accuracy": 0.629539966583252, "_wandb": {"runtime": 4396}}