{"val_loss": 1.239324688911438, "val_auroc": 0.624000072479248, "_timestamp": 1765304348.5720658, "_runtime": 2136.7588107585907, "_step": 161}