{"_runtime":27,"val_loss":3.9983749389648438,"_timestamp":1.7636540946495557e+09,"_step":1801,"train_loss":3.1179652214050293,"test_cindex":0.5622490048408508,"test_auc_mean":0.6384010910987854,"_wandb":{"runtime":27}}