Starting job with config file: config_ws.yaml
CUDA-enabled GPU/TPU is available.
[2026-01-22 14:02:09,758][MedImageInsight.ImageDataLoader.transforms.build][INFO] - => testing transformers: Compose(
    Resize(size=(480, 480), interpolation=bicubic, max_size=None, antialias=warn)
    ToTensor()
    Normalize(mean=[0.485, 0.456, 0.406], std=[0.229, 0.224, 0.225])
)
[2026-01-22 14:02:09,758][MedImageInsight.UniCLModel][INFO] - Create model with standard parameterization
Ignored unknown kwarg option special
Ignored unknown kwarg option special
Ignored unknown kwarg option special
Ignored unknown kwarg option special
Ignored unknown kwarg option special
Ignored unknown kwarg option special
[2026-01-22 14:02:11,015][MedImageInsight.LangEncoder.transformer][INFO] - => init weight of Linear/Conv2d from trunc norm
[2026-01-22 14:02:11,020][MedImageInsight.LangEncoder.transformer][INFO] - => init bias of Linear/Conv2d to zeros
[2026-01-22 14:02:11,020][MedImageInsight.LangEncoder.transformer][INFO] - => init weight of Linear/Conv2d from trunc norm
[2026-01-22 14:02:11,036][MedImageInsight.LangEncoder.transformer][INFO] - => init bias of Linear/Conv2d to zeros
[2026-01-22 14:02:11,036][MedImageInsight.LangEncoder.transformer][INFO] - => init weight of Linear/Conv2d from trunc norm
[2026-01-22 14:02:11,053][MedImageInsight.LangEncoder.transformer][INFO] - => init bias of Linear/Conv2d to zeros
[2026-01-22 14:02:11,053][MedImageInsight.LangEncoder.transformer][INFO] - => init weight of Linear/Conv2d from trunc norm
[2026-01-22 14:02:11,057][MedImageInsight.LangEncoder.transformer][INFO] - => init bias of Linear/Conv2d to zeros
[2026-01-22 14:02:11,057][MedImageInsight.LangEncoder.transformer][INFO] - => init weight of Linear/Conv2d from trunc norm
[2026-01-22 14:02:11,074][MedImageInsight.LangEncoder.transformer][INFO] - => init bias of Linear/Conv2d to zeros
[2026-01-22 14:02:11,074][MedImageInsight.LangEncoder.transformer][INFO] - => init weight of Linear/Conv2d from trunc norm
[2026-01-22 14:02:11,090][MedImageInsight.LangEncoder.transformer][INFO] - => init bias of Linear/Conv2d to zeros
[2026-01-22 14:02:11,091][MedImageInsight.LangEncoder.transformer][INFO] - => init weight of Linear/Conv2d from trunc norm
[2026-01-22 14:02:11,095][MedImageInsight.LangEncoder.transformer][INFO] - => init bias of Linear/Conv2d to zeros
[2026-01-22 14:02:11,095][MedImageInsight.LangEncoder.transformer][INFO] - => init weight of Linear/Conv2d from trunc norm
[2026-01-22 14:02:11,112][MedImageInsight.LangEncoder.transformer][INFO] - => init bias of Linear/Conv2d to zeros
[2026-01-22 14:02:11,112][MedImageInsight.LangEncoder.transformer][INFO] - => init weight of Linear/Conv2d from trunc norm
[2026-01-22 14:02:11,129][MedImageInsight.LangEncoder.transformer][INFO] - => init bias of Linear/Conv2d to zeros
[2026-01-22 14:02:11,129][MedImageInsight.LangEncoder.transformer][INFO] - => init weight of Linear/Conv2d from trunc norm
[2026-01-22 14:02:11,133][MedImageInsight.LangEncoder.transformer][INFO] - => init bias of Linear/Conv2d to zeros
[2026-01-22 14:02:11,133][MedImageInsight.LangEncoder.transformer][INFO] - => init weight of Linear/Conv2d from trunc norm
[2026-01-22 14:02:11,150][MedImageInsight.LangEncoder.transformer][INFO] - => init bias of Linear/Conv2d to zeros
[2026-01-22 14:02:11,150][MedImageInsight.LangEncoder.transformer][INFO] - => init weight of Linear/Conv2d from trunc norm
[2026-01-22 14:02:11,167][MedImageInsight.LangEncoder.transformer][INFO] - => init bias of Linear/Conv2d to zeros
[2026-01-22 14:02:11,167][MedImageInsight.LangEncoder.transformer][INFO] - => init weight of Linear/Conv2d from trunc norm
[2026-01-22 14:02:11,172][MedImageInsight.LangEncoder.transformer][INFO] - => init bias of Linear/Conv2d to zeros
[2026-01-22 14:02:11,172][MedImageInsight.LangEncoder.transformer][INFO] - => init weight of Linear/Conv2d from trunc norm
[2026-01-22 14:02:11,189][MedImageInsight.LangEncoder.transformer][INFO] - => init bias of Linear/Conv2d to zeros
[2026-01-22 14:02:11,189][MedImageInsight.LangEncoder.transformer][INFO] - => init weight of Linear/Conv2d from trunc norm
[2026-01-22 14:02:11,205][MedImageInsight.LangEncoder.transformer][INFO] - => init bias of Linear/Conv2d to zeros
[2026-01-22 14:02:11,206][MedImageInsight.LangEncoder.transformer][INFO] - => init weight of Linear/Conv2d from trunc norm
[2026-01-22 14:02:11,210][MedImageInsight.LangEncoder.transformer][INFO] - => init bias of Linear/Conv2d to zeros
[2026-01-22 14:02:11,210][MedImageInsight.LangEncoder.transformer][INFO] - => init weight of Linear/Conv2d from trunc norm
[2026-01-22 14:02:11,226][MedImageInsight.LangEncoder.transformer][INFO] - => init bias of Linear/Conv2d to zeros
[2026-01-22 14:02:11,226][MedImageInsight.LangEncoder.transformer][INFO] - => init weight of Linear/Conv2d from trunc norm
[2026-01-22 14:02:11,242][MedImageInsight.LangEncoder.transformer][INFO] - => init bias of Linear/Conv2d to zeros
[2026-01-22 14:02:11,242][MedImageInsight.LangEncoder.transformer][INFO] - => init weight of Linear/Conv2d from trunc norm
[2026-01-22 14:02:11,246][MedImageInsight.LangEncoder.transformer][INFO] - => init bias of Linear/Conv2d to zeros
[2026-01-22 14:02:11,246][MedImageInsight.LangEncoder.transformer][INFO] - => init weight of Linear/Conv2d from trunc norm
[2026-01-22 14:02:11,262][MedImageInsight.LangEncoder.transformer][INFO] - => init bias of Linear/Conv2d to zeros
[2026-01-22 14:02:11,262][MedImageInsight.LangEncoder.transformer][INFO] - => init weight of Linear/Conv2d from trunc norm
[2026-01-22 14:02:11,279][MedImageInsight.LangEncoder.transformer][INFO] - => init bias of Linear/Conv2d to zeros
[2026-01-22 14:02:11,279][MedImageInsight.LangEncoder.transformer][INFO] - => init weight of Linear/Conv2d from trunc norm
[2026-01-22 14:02:11,283][MedImageInsight.LangEncoder.transformer][INFO] - => init bias of Linear/Conv2d to zeros
[2026-01-22 14:02:11,283][MedImageInsight.LangEncoder.transformer][INFO] - => init weight of Linear/Conv2d from trunc norm
[2026-01-22 14:02:11,299][MedImageInsight.LangEncoder.transformer][INFO] - => init bias of Linear/Conv2d to zeros
[2026-01-22 14:02:11,299][MedImageInsight.LangEncoder.transformer][INFO] - => init weight of Linear/Conv2d from trunc norm
[2026-01-22 14:02:11,315][MedImageInsight.LangEncoder.transformer][INFO] - => init bias of Linear/Conv2d to zeros
[2026-01-22 14:02:11,316][MedImageInsight.LangEncoder.transformer][INFO] - => init weight of Linear/Conv2d from trunc norm
[2026-01-22 14:02:11,320][MedImageInsight.LangEncoder.transformer][INFO] - => init bias of Linear/Conv2d to zeros
[2026-01-22 14:02:11,320][MedImageInsight.LangEncoder.transformer][INFO] - => init weight of Linear/Conv2d from trunc norm
[2026-01-22 14:02:11,336][MedImageInsight.LangEncoder.transformer][INFO] - => init bias of Linear/Conv2d to zeros
[2026-01-22 14:02:11,336][MedImageInsight.LangEncoder.transformer][INFO] - => init weight of Linear/Conv2d from trunc norm
[2026-01-22 14:02:11,353][MedImageInsight.LangEncoder.transformer][INFO] - => init bias of Linear/Conv2d to zeros
[2026-01-22 14:02:11,353][MedImageInsight.LangEncoder.transformer][INFO] - => init weight of Linear/Conv2d from trunc norm
[2026-01-22 14:02:11,358][MedImageInsight.LangEncoder.transformer][INFO] - => init bias of Linear/Conv2d to zeros
[2026-01-22 14:02:11,358][MedImageInsight.LangEncoder.transformer][INFO] - => init weight of Linear/Conv2d from trunc norm
[2026-01-22 14:02:11,374][MedImageInsight.LangEncoder.transformer][INFO] - => init bias of Linear/Conv2d to zeros
[2026-01-22 14:02:11,374][MedImageInsight.LangEncoder.transformer][INFO] - => init weight of Linear/Conv2d from trunc norm
[2026-01-22 14:02:11,392][MedImageInsight.LangEncoder.transformer][INFO] - => init bias of Linear/Conv2d to zeros
[2026-01-22 14:02:11,392][MedImageInsight.LangEncoder.transformer][INFO] - => init weight of Linear/Conv2d from trunc norm
[2026-01-22 14:02:11,396][MedImageInsight.LangEncoder.transformer][INFO] - => init bias of Linear/Conv2d to zeros
[2026-01-22 14:02:11,396][MedImageInsight.LangEncoder.transformer][INFO] - => init weight of Linear/Conv2d from trunc norm
[2026-01-22 14:02:11,413][MedImageInsight.LangEncoder.transformer][INFO] - => init bias of Linear/Conv2d to zeros
[2026-01-22 14:02:11,413][MedImageInsight.LangEncoder.transformer][INFO] - => init weight of Linear/Conv2d from trunc norm
[2026-01-22 14:02:11,430][MedImageInsight.LangEncoder.transformer][INFO] - => init bias of Linear/Conv2d to zeros
[2026-01-22 14:02:11,430][MedImageInsight.LangEncoder.transformer][INFO] - => init weight of Linear/Conv2d from trunc norm
[2026-01-22 14:02:11,434][MedImageInsight.LangEncoder.transformer][INFO] - => init bias of Linear/Conv2d to zeros
[2026-01-22 14:02:11,434][MedImageInsight.LangEncoder.transformer][INFO] - => init weight of Linear/Conv2d from trunc norm
[2026-01-22 14:02:11,451][MedImageInsight.LangEncoder.transformer][INFO] - => init bias of Linear/Conv2d to zeros
[2026-01-22 14:02:11,451][MedImageInsight.LangEncoder.transformer][INFO] - => init weight of Linear/Conv2d from trunc norm
[2026-01-22 14:02:11,467][MedImageInsight.LangEncoder.transformer][INFO] - => init bias of Linear/Conv2d to zeros
[2026-01-22 14:02:11,468][MedImageInsight.LangEncoder.transformer][INFO] - => init weight of Linear/Conv2d from trunc norm
[2026-01-22 14:02:11,472][MedImageInsight.LangEncoder.transformer][INFO] - => init bias of Linear/Conv2d to zeros
[2026-01-22 14:02:11,472][MedImageInsight.LangEncoder.transformer][INFO] - => init weight of Linear/Conv2d from trunc norm
[2026-01-22 14:02:11,488][MedImageInsight.LangEncoder.transformer][INFO] - => init bias of Linear/Conv2d to zeros
[2026-01-22 14:02:11,489][MedImageInsight.LangEncoder.transformer][INFO] - => init weight of Linear/Conv2d from trunc norm
[2026-01-22 14:02:11,506][MedImageInsight.LangEncoder.transformer][INFO] - => init bias of Linear/Conv2d to zeros
[2026-01-22 14:02:11,506][MedImageInsight.LangEncoder.transformer][INFO] - => init weight of Linear/Conv2d from trunc norm
[2026-01-22 14:02:11,510][MedImageInsight.LangEncoder.transformer][INFO] - => init bias of Linear/Conv2d to zeros
[2026-01-22 14:02:11,510][MedImageInsight.LangEncoder.transformer][INFO] - => init weight of Linear/Conv2d from trunc norm
[2026-01-22 14:02:11,527][MedImageInsight.LangEncoder.transformer][INFO] - => init bias of Linear/Conv2d to zeros
[2026-01-22 14:02:11,527][MedImageInsight.LangEncoder.transformer][INFO] - => init weight of Linear/Conv2d from trunc norm
[2026-01-22 14:02:11,544][MedImageInsight.LangEncoder.transformer][INFO] - => init bias of Linear/Conv2d to zeros
[2026-01-22 14:02:11,544][MedImageInsight.LangEncoder.transformer][INFO] - => init weight of Linear/Conv2d from trunc norm
[2026-01-22 14:02:11,548][MedImageInsight.LangEncoder.transformer][INFO] - => init bias of Linear/Conv2d to zeros
[2026-01-22 14:02:11,548][MedImageInsight.LangEncoder.transformer][INFO] - => init weight of Linear/Conv2d from trunc norm
[2026-01-22 14:02:11,565][MedImageInsight.LangEncoder.transformer][INFO] - => init bias of Linear/Conv2d to zeros
[2026-01-22 14:02:11,565][MedImageInsight.LangEncoder.transformer][INFO] - => init weight of Linear/Conv2d from trunc norm
[2026-01-22 14:02:11,582][MedImageInsight.LangEncoder.transformer][INFO] - => init bias of Linear/Conv2d to zeros
[2026-01-22 14:02:11,582][MedImageInsight.LangEncoder.transformer][INFO] - => init weight of Linear/Conv2d from trunc norm
[2026-01-22 14:02:11,586][MedImageInsight.LangEncoder.transformer][INFO] - => init bias of Linear/Conv2d to zeros
[2026-01-22 14:02:11,587][MedImageInsight.LangEncoder.transformer][INFO] - => init weight of Linear/Conv2d from trunc norm
[2026-01-22 14:02:11,603][MedImageInsight.LangEncoder.transformer][INFO] - => init bias of Linear/Conv2d to zeros
[2026-01-22 14:02:11,603][MedImageInsight.LangEncoder.transformer][INFO] - => init weight of Linear/Conv2d from trunc norm
[2026-01-22 14:02:11,619][MedImageInsight.LangEncoder.transformer][INFO] - => init bias of Linear/Conv2d to zeros
[2026-01-22 14:02:11,620][MedImageInsight.ImageEncoder.davit_v1][INFO] - Create model with standard parameterization
[2026-01-22 14:02:11,621][MedImageInsight.ImageEncoder.davit_v1][INFO] - => Depth offset in stage 0: 0
[2026-01-22 14:02:11,635][MedImageInsight.ImageEncoder.davit_v1][INFO] - => Depth offset in stage 1: 2
[2026-01-22 14:02:11,681][MedImageInsight.ImageEncoder.davit_v1][INFO] - => Depth offset in stage 2: 4
[2026-01-22 14:02:12,947][MedImageInsight.ImageEncoder.davit_v1][INFO] - => Depth offset in stage 3: 22
[2026-01-22 14:02:13,402][MedImageInsight.ImageEncoder.davit_v1][INFO] - Custom init: original init
[2026-01-22 14:02:14,846][MedImageInsight.ImageEncoder.davit_v1][INFO] - Load model from pretrained checkpoint
[2026-01-22 14:02:14,846][MedImageInsight.UniCLModel][INFO] - Custom init: original init
[2026-01-22 14:02:15,021][MedImageInsight.UniCLModel][INFO] - => Loading pretrained model /nas-ctm01/homes/fmferreira/MedImageInsights/2024.09.27/vision_model/medimageinsigt-v1.0.0.pt
[2026-01-22 14:02:15,600][MedImageInsight.UniCLModel][INFO] - => init image_projection from /nas-ctm01/homes/fmferreira/MedImageInsights/2024.09.27/vision_model/medimageinsigt-v1.0.0.pt
[2026-01-22 14:02:15,600][MedImageInsight.UniCLModel][INFO] - => init lang_encoder.ln_final.bias from /nas-ctm01/homes/fmferreira/MedImageInsights/2024.09.27/vision_model/medimageinsigt-v1.0.0.pt
[2026-01-22 14:02:15,600][MedImageInsight.UniCLModel][INFO] - => init lang_encoder.ln_final.weight from /nas-ctm01/homes/fmferreira/MedImageInsights/2024.09.27/vision_model/medimageinsigt-v1.0.0.pt
[2026-01-22 14:02:15,600][MedImageInsight.UniCLModel][INFO] - => init lang_encoder.positional_embedding from /nas-ctm01/homes/fmferreira/MedImageInsights/2024.09.27/vision_model/medimageinsigt-v1.0.0.pt
[2026-01-22 14:02:15,600][MedImageInsight.UniCLModel][INFO] - => init lang_encoder.resblocks.0.attn.in_proj_bias from /nas-ctm01/homes/fmferreira/MedImageInsights/2024.09.27/vision_model/medimageinsigt-v1.0.0.pt
[2026-01-22 14:02:15,600][MedImageInsight.UniCLModel][INFO] - => init lang_encoder.resblocks.0.attn.in_proj_weight from /nas-ctm01/homes/fmferreira/MedImageInsights/2024.09.27/vision_model/medimageinsigt-v1.0.0.pt
[2026-01-22 14:02:15,600][MedImageInsight.UniCLModel][INFO] - => init lang_encoder.resblocks.0.attn.out_proj.bias from /nas-ctm01/homes/fmferreira/MedImageInsights/2024.09.27/vision_model/medimageinsigt-v1.0.0.pt
[2026-01-22 14:02:15,600][MedImageInsight.UniCLModel][INFO] - => init lang_encoder.resblocks.0.attn.out_proj.weight from /nas-ctm01/homes/fmferreira/MedImageInsights/2024.09.27/vision_model/medimageinsigt-v1.0.0.pt
[2026-01-22 14:02:15,600][MedImageInsight.UniCLModel][INFO] - => init lang_encoder.resblocks.0.ln_1.bias from /nas-ctm01/homes/fmferreira/MedImageInsights/2024.09.27/vision_model/medimageinsigt-v1.0.0.pt
[2026-01-22 14:02:15,600][MedImageInsight.UniCLModel][INFO] - => init lang_encoder.resblocks.0.ln_1.weight from /nas-ctm01/homes/fmferreira/MedImageInsights/2024.09.27/vision_model/medimageinsigt-v1.0.0.pt
[2026-01-22 14:02:15,600][MedImageInsight.UniCLModel][INFO] - => init lang_encoder.resblocks.0.ln_2.bias from /nas-ctm01/homes/fmferreira/MedImageInsights/2024.09.27/vision_model/medimageinsigt-v1.0.0.pt
[2026-01-22 14:02:15,600][MedImageInsight.UniCLModel][INFO] - => init lang_encoder.resblocks.0.ln_2.weight from /nas-ctm01/homes/fmferreira/MedImageInsights/2024.09.27/vision_model/medimageinsigt-v1.0.0.pt
[2026-01-22 14:02:15,600][MedImageInsight.UniCLModel][INFO] - => init lang_encoder.resblocks.0.mlp.c_fc.bias from /nas-ctm01/homes/fmferreira/MedImageInsights/2024.09.27/vision_model/medimageinsigt-v1.0.0.pt
[2026-01-22 14:02:15,600][MedImageInsight.UniCLModel][INFO] - => init lang_encoder.resblocks.0.mlp.c_fc.weight from /nas-ctm01/homes/fmferreira/MedImageInsights/2024.09.27/vision_model/medimageinsigt-v1.0.0.pt
[2026-01-22 14:02:15,600][MedImageInsight.UniCLModel][INFO] - => init lang_encoder.resblocks.0.mlp.c_proj.bias from /nas-ctm01/homes/fmferreira/MedImageInsights/2024.09.27/vision_model/medimageinsigt-v1.0.0.pt
[2026-01-22 14:02:15,600][MedImageInsight.UniCLModel][INFO] - => init lang_encoder.resblocks.0.mlp.c_proj.weight from /nas-ctm01/homes/fmferreira/MedImageInsights/2024.09.27/vision_model/medimageinsigt-v1.0.0.pt
[2026-01-22 14:02:15,600][MedImageInsight.UniCLModel][INFO] - => init lang_encoder.resblocks.1.attn.in_proj_bias from /nas-ctm01/homes/fmferreira/MedImageInsights/2024.09.27/vision_model/medimageinsigt-v1.0.0.pt
[2026-01-22 14:02:15,600][MedImageInsight.UniCLModel][INFO] - => init lang_encoder.resblocks.1.attn.in_proj_weight from /nas-ctm01/homes/fmferreira/MedImageInsights/2024.09.27/vision_model/medimageinsigt-v1.0.0.pt
[2026-01-22 14:02:15,600][MedImageInsight.UniCLModel][INFO] - => init lang_encoder.resblocks.1.attn.out_proj.bias from /nas-ctm01/homes/fmferreira/MedImageInsights/2024.09.27/vision_model/medimageinsigt-v1.0.0.pt
[2026-01-22 14:02:15,601][MedImageInsight.UniCLModel][INFO] - => init lang_encoder.resblocks.1.attn.out_proj.weight from /nas-ctm01/homes/fmferreira/MedImageInsights/2024.09.27/vision_model/medimageinsigt-v1.0.0.pt
[2026-01-22 14:02:15,601][MedImageInsight.UniCLModel][INFO] - => init lang_encoder.resblocks.1.ln_1.bias from /nas-ctm01/homes/fmferreira/MedImageInsights/2024.09.27/vision_model/medimageinsigt-v1.0.0.pt
[2026-01-22 14:02:15,601][MedImageInsight.UniCLModel][INFO] - => init lang_encoder.resblocks.1.ln_1.weight from /nas-ctm01/homes/fmferreira/MedImageInsights/2024.09.27/vision_model/medimageinsigt-v1.0.0.pt
[2026-01-22 14:02:15,601][MedImageInsight.UniCLModel][INFO] - => init lang_encoder.resblocks.1.ln_2.bias from /nas-ctm01/homes/fmferreira/MedImageInsights/2024.09.27/vision_model/medimageinsigt-v1.0.0.pt
[2026-01-22 14:02:15,601][MedImageInsight.UniCLModel][INFO] - => init lang_encoder.resblocks.1.ln_2.weight from /nas-ctm01/homes/fmferreira/MedImageInsights/2024.09.27/vision_model/medimageinsigt-v1.0.0.pt
[2026-01-22 14:02:15,601][MedImageInsight.UniCLModel][INFO] - => init lang_encoder.resblocks.1.mlp.c_fc.bias from /nas-ctm01/homes/fmferreira/MedImageInsights/2024.09.27/vision_model/medimageinsigt-v1.0.0.pt
[2026-01-22 14:02:15,601][MedImageInsight.UniCLModel][INFO] - => init lang_encoder.resblocks.1.mlp.c_fc.weight from /nas-ctm01/homes/fmferreira/MedImageInsights/2024.09.27/vision_model/medimageinsigt-v1.0.0.pt
[2026-01-22 14:02:15,601][MedImageInsight.UniCLModel][INFO] - => init lang_encoder.resblocks.1.mlp.c_proj.bias from /nas-ctm01/homes/fmferreira/MedImageInsights/2024.09.27/vision_model/medimageinsigt-v1.0.0.pt
[2026-01-22 14:02:15,601][MedImageInsight.UniCLModel][INFO] - => init lang_encoder.resblocks.1.mlp.c_proj.weight from /nas-ctm01/homes/fmferreira/MedImageInsights/2024.09.27/vision_model/medimageinsigt-v1.0.0.pt
[2026-01-22 14:02:15,601][MedImageInsight.UniCLModel][INFO] - => init lang_encoder.resblocks.10.attn.in_proj_bias from /nas-ctm01/homes/fmferreira/MedImageInsights/2024.09.27/vision_model/medimageinsigt-v1.0.0.pt
[2026-01-22 14:02:15,601][MedImageInsight.UniCLModel][INFO] - => init lang_encoder.resblocks.10.attn.in_proj_weight from /nas-ctm01/homes/fmferreira/MedImageInsights/2024.09.27/vision_model/medimageinsigt-v1.0.0.pt
[2026-01-22 14:02:15,601][MedImageInsight.UniCLModel][INFO] - => init lang_encoder.resblocks.10.attn.out_proj.bias from /nas-ctm01/homes/fmferreira/MedImageInsights/2024.09.27/vision_model/medimageinsigt-v1.0.0.pt
[2026-01-22 14:02:15,601][MedImageInsight.UniCLModel][INFO] - => init lang_encoder.resblocks.10.attn.out_proj.weight from /nas-ctm01/homes/fmferreira/MedImageInsights/2024.09.27/vision_model/medimageinsigt-v1.0.0.pt
[2026-01-22 14:02:15,601][MedImageInsight.UniCLModel][INFO] - => init lang_encoder.resblocks.10.ln_1.bias from /nas-ctm01/homes/fmferreira/MedImageInsights/2024.09.27/vision_model/medimageinsigt-v1.0.0.pt
[2026-01-22 14:02:15,601][MedImageInsight.UniCLModel][INFO] - => init lang_encoder.resblocks.10.ln_1.weight from /nas-ctm01/homes/fmferreira/MedImageInsights/2024.09.27/vision_model/medimageinsigt-v1.0.0.pt
[2026-01-22 14:02:15,601][MedImageInsight.UniCLModel][INFO] - => init lang_encoder.resblocks.10.ln_2.bias from /nas-ctm01/homes/fmferreira/MedImageInsights/2024.09.27/vision_model/medimageinsigt-v1.0.0.pt
[2026-01-22 14:02:15,601][MedImageInsight.UniCLModel][INFO] - => init lang_encoder.resblocks.10.ln_2.weight from /nas-ctm01/homes/fmferreira/MedImageInsights/2024.09.27/vision_model/medimageinsigt-v1.0.0.pt
[2026-01-22 14:02:15,601][MedImageInsight.UniCLModel][INFO] - => init lang_encoder.resblocks.10.mlp.c_fc.bias from /nas-ctm01/homes/fmferreira/MedImageInsights/2024.09.27/vision_model/medimageinsigt-v1.0.0.pt
[2026-01-22 14:02:15,601][MedImageInsight.UniCLModel][INFO] - => init lang_encoder.resblocks.10.mlp.c_fc.weight from /nas-ctm01/homes/fmferreira/MedImageInsights/2024.09.27/vision_model/medimageinsigt-v1.0.0.pt
[2026-01-22 14:02:15,601][MedImageInsight.UniCLModel][INFO] - => init lang_encoder.resblocks.10.mlp.c_proj.bias from /nas-ctm01/homes/fmferreira/MedImageInsights/2024.09.27/vision_model/medimageinsigt-v1.0.0.pt
[2026-01-22 14:02:15,601][MedImageInsight.UniCLModel][INFO] - => init lang_encoder.resblocks.10.mlp.c_proj.weight from /nas-ctm01/homes/fmferreira/MedImageInsights/2024.09.27/vision_model/medimageinsigt-v1.0.0.pt
[2026-01-22 14:02:15,601][MedImageInsight.UniCLModel][INFO] - => init lang_encoder.resblocks.11.attn.in_proj_bias from /nas-ctm01/homes/fmferreira/MedImageInsights/2024.09.27/vision_model/medimageinsigt-v1.0.0.pt
[2026-01-22 14:02:15,601][MedImageInsight.UniCLModel][INFO] - => init lang_encoder.resblocks.11.attn.in_proj_weight from /nas-ctm01/homes/fmferreira/MedImageInsights/2024.09.27/vision_model/medimageinsigt-v1.0.0.pt
[2026-01-22 14:02:15,601][MedImageInsight.UniCLModel][INFO] - => init lang_encoder.resblocks.11.attn.out_proj.bias from /nas-ctm01/homes/fmferreira/MedImageInsights/2024.09.27/vision_model/medimageinsigt-v1.0.0.pt
[2026-01-22 14:02:15,601][MedImageInsight.UniCLModel][INFO] - => init lang_encoder.resblocks.11.attn.out_proj.weight from /nas-ctm01/homes/fmferreira/MedImageInsights/2024.09.27/vision_model/medimageinsigt-v1.0.0.pt
[2026-01-22 14:02:15,601][MedImageInsight.UniCLModel][INFO] - => init lang_encoder.resblocks.11.ln_1.bias from /nas-ctm01/homes/fmferreira/MedImageInsights/2024.09.27/vision_model/medimageinsigt-v1.0.0.pt
[2026-01-22 14:02:15,601][MedImageInsight.UniCLModel][INFO] - => init lang_encoder.resblocks.11.ln_1.weight from /nas-ctm01/homes/fmferreira/MedImageInsights/2024.09.27/vision_model/medimageinsigt-v1.0.0.pt
[2026-01-22 14:02:15,601][MedImageInsight.UniCLModel][INFO] - => init lang_encoder.resblocks.11.ln_2.bias from /nas-ctm01/homes/fmferreira/MedImageInsights/2024.09.27/vision_model/medimageinsigt-v1.0.0.pt
[2026-01-22 14:02:15,601][MedImageInsight.UniCLModel][INFO] - => init lang_encoder.resblocks.11.ln_2.weight from /nas-ctm01/homes/fmferreira/MedImageInsights/2024.09.27/vision_model/medimageinsigt-v1.0.0.pt
[2026-01-22 14:02:15,601][MedImageInsight.UniCLModel][INFO] - => init lang_encoder.resblocks.11.mlp.c_fc.bias from /nas-ctm01/homes/fmferreira/MedImageInsights/2024.09.27/vision_model/medimageinsigt-v1.0.0.pt
[2026-01-22 14:02:15,601][MedImageInsight.UniCLModel][INFO] - => init lang_encoder.resblocks.11.mlp.c_fc.weight from /nas-ctm01/homes/fmferreira/MedImageInsights/2024.09.27/vision_model/medimageinsigt-v1.0.0.pt
[2026-01-22 14:02:15,601][MedImageInsight.UniCLModel][INFO] - => init lang_encoder.resblocks.11.mlp.c_proj.bias from /nas-ctm01/homes/fmferreira/MedImageInsights/2024.09.27/vision_model/medimageinsigt-v1.0.0.pt
[2026-01-22 14:02:15,601][MedImageInsight.UniCLModel][INFO] - => init lang_encoder.resblocks.11.mlp.c_proj.weight from /nas-ctm01/homes/fmferreira/MedImageInsights/2024.09.27/vision_model/medimageinsigt-v1.0.0.pt
[2026-01-22 14:02:15,601][MedImageInsight.UniCLModel][INFO] - => init lang_encoder.resblocks.12.attn.in_proj_bias from /nas-ctm01/homes/fmferreira/MedImageInsights/2024.09.27/vision_model/medimageinsigt-v1.0.0.pt
[2026-01-22 14:02:15,601][MedImageInsight.UniCLModel][INFO] - => init lang_encoder.resblocks.12.attn.in_proj_weight from /nas-ctm01/homes/fmferreira/MedImageInsights/2024.09.27/vision_model/medimageinsigt-v1.0.0.pt
[2026-01-22 14:02:15,601][MedImageInsight.UniCLModel][INFO] - => init lang_encoder.resblocks.12.attn.out_proj.bias from /nas-ctm01/homes/fmferreira/MedImageInsights/2024.09.27/vision_model/medimageinsigt-v1.0.0.pt
[2026-01-22 14:02:15,601][MedImageInsight.UniCLModel][INFO] - => init lang_encoder.resblocks.12.attn.out_proj.weight from /nas-ctm01/homes/fmferreira/MedImageInsights/2024.09.27/vision_model/medimageinsigt-v1.0.0.pt
[2026-01-22 14:02:15,601][MedImageInsight.UniCLModel][INFO] - => init lang_encoder.resblocks.12.ln_1.bias from /nas-ctm01/homes/fmferreira/MedImageInsights/2024.09.27/vision_model/medimageinsigt-v1.0.0.pt
[2026-01-22 14:02:15,601][MedImageInsight.UniCLModel][INFO] - => init lang_encoder.resblocks.12.ln_1.weight from /nas-ctm01/homes/fmferreira/MedImageInsights/2024.09.27/vision_model/medimageinsigt-v1.0.0.pt
[2026-01-22 14:02:15,601][MedImageInsight.UniCLModel][INFO] - => init lang_encoder.resblocks.12.ln_2.bias from /nas-ctm01/homes/fmferreira/MedImageInsights/2024.09.27/vision_model/medimageinsigt-v1.0.0.pt
[2026-01-22 14:02:15,601][MedImageInsight.UniCLModel][INFO] - => init lang_encoder.resblocks.12.ln_2.weight from /nas-ctm01/homes/fmferreira/MedImageInsights/2024.09.27/vision_model/medimageinsigt-v1.0.0.pt
[2026-01-22 14:02:15,601][MedImageInsight.UniCLModel][INFO] - => init lang_encoder.resblocks.12.mlp.c_fc.bias from /nas-ctm01/homes/fmferreira/MedImageInsights/2024.09.27/vision_model/medimageinsigt-v1.0.0.pt
[2026-01-22 14:02:15,601][MedImageInsight.UniCLModel][INFO] - => init lang_encoder.resblocks.12.mlp.c_fc.weight from /nas-ctm01/homes/fmferreira/MedImageInsights/2024.09.27/vision_model/medimageinsigt-v1.0.0.pt
[2026-01-22 14:02:15,601][MedImageInsight.UniCLModel][INFO] - => init lang_encoder.resblocks.12.mlp.c_proj.bias from /nas-ctm01/homes/fmferreira/MedImageInsights/2024.09.27/vision_model/medimageinsigt-v1.0.0.pt
[2026-01-22 14:02:15,601][MedImageInsight.UniCLModel][INFO] - => init lang_encoder.resblocks.12.mlp.c_proj.weight from /nas-ctm01/homes/fmferreira/MedImageInsights/2024.09.27/vision_model/medimageinsigt-v1.0.0.pt
[2026-01-22 14:02:15,601][MedImageInsight.UniCLModel][INFO] - => init lang_encoder.resblocks.13.attn.in_proj_bias from /nas-ctm01/homes/fmferreira/MedImageInsights/2024.09.27/vision_model/medimageinsigt-v1.0.0.pt
[2026-01-22 14:02:15,601][MedImageInsight.UniCLModel][INFO] - => init lang_encoder.resblocks.13.attn.in_proj_weight from /nas-ctm01/homes/fmferreira/MedImageInsights/2024.09.27/vision_model/medimageinsigt-v1.0.0.pt
[2026-01-22 14:02:15,601][MedImageInsight.UniCLModel][INFO] - => init lang_encoder.resblocks.13.attn.out_proj.bias from /nas-ctm01/homes/fmferreira/MedImageInsights/2024.09.27/vision_model/medimageinsigt-v1.0.0.pt
[2026-01-22 14:02:15,601][MedImageInsight.UniCLModel][INFO] - => init lang_encoder.resblocks.13.attn.out_proj.weight from /nas-ctm01/homes/fmferreira/MedImageInsights/2024.09.27/vision_model/medimageinsigt-v1.0.0.pt
[2026-01-22 14:02:15,601][MedImageInsight.UniCLModel][INFO] - => init lang_encoder.resblocks.13.ln_1.bias from /nas-ctm01/homes/fmferreira/MedImageInsights/2024.09.27/vision_model/medimageinsigt-v1.0.0.pt
[2026-01-22 14:02:15,601][MedImageInsight.UniCLModel][INFO] - => init lang_encoder.resblocks.13.ln_1.weight from /nas-ctm01/homes/fmferreira/MedImageInsights/2024.09.27/vision_model/medimageinsigt-v1.0.0.pt
[2026-01-22 14:02:15,601][MedImageInsight.UniCLModel][INFO] - => init lang_encoder.resblocks.13.ln_2.bias from /nas-ctm01/homes/fmferreira/MedImageInsights/2024.09.27/vision_model/medimageinsigt-v1.0.0.pt
[2026-01-22 14:02:15,601][MedImageInsight.UniCLModel][INFO] - => init lang_encoder.resblocks.13.ln_2.weight from /nas-ctm01/homes/fmferreira/MedImageInsights/2024.09.27/vision_model/medimageinsigt-v1.0.0.pt
[2026-01-22 14:02:15,601][MedImageInsight.UniCLModel][INFO] - => init lang_encoder.resblocks.13.mlp.c_fc.bias from /nas-ctm01/homes/fmferreira/MedImageInsights/2024.09.27/vision_model/medimageinsigt-v1.0.0.pt
[2026-01-22 14:02:15,601][MedImageInsight.UniCLModel][INFO] - => init lang_encoder.resblocks.13.mlp.c_fc.weight from /nas-ctm01/homes/fmferreira/MedImageInsights/2024.09.27/vision_model/medimageinsigt-v1.0.0.pt
[2026-01-22 14:02:15,601][MedImageInsight.UniCLModel][INFO] - => init lang_encoder.resblocks.13.mlp.c_proj.bias from /nas-ctm01/homes/fmferreira/MedImageInsights/2024.09.27/vision_model/medimageinsigt-v1.0.0.pt
[2026-01-22 14:02:15,601][MedImageInsight.UniCLModel][INFO] - => init lang_encoder.resblocks.13.mlp.c_proj.weight from /nas-ctm01/homes/fmferreira/MedImageInsights/2024.09.27/vision_model/medimageinsigt-v1.0.0.pt
[2026-01-22 14:02:15,601][MedImageInsight.UniCLModel][INFO] - => init lang_encoder.resblocks.14.attn.in_proj_bias from /nas-ctm01/homes/fmferreira/MedImageInsights/2024.09.27/vision_model/medimageinsigt-v1.0.0.pt
[2026-01-22 14:02:15,601][MedImageInsight.UniCLModel][INFO] - => init lang_encoder.resblocks.14.attn.in_proj_weight from /nas-ctm01/homes/fmferreira/MedImageInsights/2024.09.27/vision_model/medimageinsigt-v1.0.0.pt
[2026-01-22 14:02:15,602][MedImageInsight.UniCLModel][INFO] - => init lang_encoder.resblocks.14.attn.out_proj.bias from /nas-ctm01/homes/fmferreira/MedImageInsights/2024.09.27/vision_model/medimageinsigt-v1.0.0.pt
[2026-01-22 14:02:15,602][MedImageInsight.UniCLModel][INFO] - => init lang_encoder.resblocks.14.attn.out_proj.weight from /nas-ctm01/homes/fmferreira/MedImageInsights/2024.09.27/vision_model/medimageinsigt-v1.0.0.pt
[2026-01-22 14:02:15,602][MedImageInsight.UniCLModel][INFO] - => init lang_encoder.resblocks.14.ln_1.bias from /nas-ctm01/homes/fmferreira/MedImageInsights/2024.09.27/vision_model/medimageinsigt-v1.0.0.pt
[2026-01-22 14:02:15,602][MedImageInsight.UniCLModel][INFO] - => init lang_encoder.resblocks.14.ln_1.weight from /nas-ctm01/homes/fmferreira/MedImageInsights/2024.09.27/vision_model/medimageinsigt-v1.0.0.pt
[2026-01-22 14:02:15,602][MedImageInsight.UniCLModel][INFO] - => init lang_encoder.resblocks.14.ln_2.bias from /nas-ctm01/homes/fmferreira/MedImageInsights/2024.09.27/vision_model/medimageinsigt-v1.0.0.pt
[2026-01-22 14:02:15,602][MedImageInsight.UniCLModel][INFO] - => init lang_encoder.resblocks.14.ln_2.weight from /nas-ctm01/homes/fmferreira/MedImageInsights/2024.09.27/vision_model/medimageinsigt-v1.0.0.pt
[2026-01-22 14:02:15,602][MedImageInsight.UniCLModel][INFO] - => init lang_encoder.resblocks.14.mlp.c_fc.bias from /nas-ctm01/homes/fmferreira/MedImageInsights/2024.09.27/vision_model/medimageinsigt-v1.0.0.pt
[2026-01-22 14:02:15,602][MedImageInsight.UniCLModel][INFO] - => init lang_encoder.resblocks.14.mlp.c_fc.weight from /nas-ctm01/homes/fmferreira/MedImageInsights/2024.09.27/vision_model/medimageinsigt-v1.0.0.pt
[2026-01-22 14:02:15,602][MedImageInsight.UniCLModel][INFO] - => init lang_encoder.resblocks.14.mlp.c_proj.bias from /nas-ctm01/homes/fmferreira/MedImageInsights/2024.09.27/vision_model/medimageinsigt-v1.0.0.pt
[2026-01-22 14:02:15,602][MedImageInsight.UniCLModel][INFO] - => init lang_encoder.resblocks.14.mlp.c_proj.weight from /nas-ctm01/homes/fmferreira/MedImageInsights/2024.09.27/vision_model/medimageinsigt-v1.0.0.pt
[2026-01-22 14:02:15,602][MedImageInsight.UniCLModel][INFO] - => init lang_encoder.resblocks.15.attn.in_proj_bias from /nas-ctm01/homes/fmferreira/MedImageInsights/2024.09.27/vision_model/medimageinsigt-v1.0.0.pt
[2026-01-22 14:02:15,602][MedImageInsight.UniCLModel][INFO] - => init lang_encoder.resblocks.15.attn.in_proj_weight from /nas-ctm01/homes/fmferreira/MedImageInsights/2024.09.27/vision_model/medimageinsigt-v1.0.0.pt
[2026-01-22 14:02:15,602][MedImageInsight.UniCLModel][INFO] - => init lang_encoder.resblocks.15.attn.out_proj.bias from /nas-ctm01/homes/fmferreira/MedImageInsights/2024.09.27/vision_model/medimageinsigt-v1.0.0.pt
[2026-01-22 14:02:15,602][MedImageInsight.UniCLModel][INFO] - => init lang_encoder.resblocks.15.attn.out_proj.weight from /nas-ctm01/homes/fmferreira/MedImageInsights/2024.09.27/vision_model/medimageinsigt-v1.0.0.pt
[2026-01-22 14:02:15,602][MedImageInsight.UniCLModel][INFO] - => init lang_encoder.resblocks.15.ln_1.bias from /nas-ctm01/homes/fmferreira/MedImageInsights/2024.09.27/vision_model/medimageinsigt-v1.0.0.pt
[2026-01-22 14:02:15,602][MedImageInsight.UniCLModel][INFO] - => init lang_encoder.resblocks.15.ln_1.weight from /nas-ctm01/homes/fmferreira/MedImageInsights/2024.09.27/vision_model/medimageinsigt-v1.0.0.pt
[2026-01-22 14:02:15,602][MedImageInsight.UniCLModel][INFO] - => init lang_encoder.resblocks.15.ln_2.bias from /nas-ctm01/homes/fmferreira/MedImageInsights/2024.09.27/vision_model/medimageinsigt-v1.0.0.pt
[2026-01-22 14:02:15,602][MedImageInsight.UniCLModel][INFO] - => init lang_encoder.resblocks.15.ln_2.weight from /nas-ctm01/homes/fmferreira/MedImageInsights/2024.09.27/vision_model/medimageinsigt-v1.0.0.pt
[2026-01-22 14:02:15,602][MedImageInsight.UniCLModel][INFO] - => init lang_encoder.resblocks.15.mlp.c_fc.bias from /nas-ctm01/homes/fmferreira/MedImageInsights/2024.09.27/vision_model/medimageinsigt-v1.0.0.pt
[2026-01-22 14:02:15,602][MedImageInsight.UniCLModel][INFO] - => init lang_encoder.resblocks.15.mlp.c_fc.weight from /nas-ctm01/homes/fmferreira/MedImageInsights/2024.09.27/vision_model/medimageinsigt-v1.0.0.pt
[2026-01-22 14:02:15,602][MedImageInsight.UniCLModel][INFO] - => init lang_encoder.resblocks.15.mlp.c_proj.bias from /nas-ctm01/homes/fmferreira/MedImageInsights/2024.09.27/vision_model/medimageinsigt-v1.0.0.pt
[2026-01-22 14:02:15,602][MedImageInsight.UniCLModel][INFO] - => init lang_encoder.resblocks.15.mlp.c_proj.weight from /nas-ctm01/homes/fmferreira/MedImageInsights/2024.09.27/vision_model/medimageinsigt-v1.0.0.pt
[2026-01-22 14:02:15,602][MedImageInsight.UniCLModel][INFO] - => init lang_encoder.resblocks.2.attn.in_proj_bias from /nas-ctm01/homes/fmferreira/MedImageInsights/2024.09.27/vision_model/medimageinsigt-v1.0.0.pt
[2026-01-22 14:02:15,602][MedImageInsight.UniCLModel][INFO] - => init lang_encoder.resblocks.2.attn.in_proj_weight from /nas-ctm01/homes/fmferreira/MedImageInsights/2024.09.27/vision_model/medimageinsigt-v1.0.0.pt
[2026-01-22 14:02:15,602][MedImageInsight.UniCLModel][INFO] - => init lang_encoder.resblocks.2.attn.out_proj.bias from /nas-ctm01/homes/fmferreira/MedImageInsights/2024.09.27/vision_model/medimageinsigt-v1.0.0.pt
[2026-01-22 14:02:15,602][MedImageInsight.UniCLModel][INFO] - => init lang_encoder.resblocks.2.attn.out_proj.weight from /nas-ctm01/homes/fmferreira/MedImageInsights/2024.09.27/vision_model/medimageinsigt-v1.0.0.pt
[2026-01-22 14:02:15,602][MedImageInsight.UniCLModel][INFO] - => init lang_encoder.resblocks.2.ln_1.bias from /nas-ctm01/homes/fmferreira/MedImageInsights/2024.09.27/vision_model/medimageinsigt-v1.0.0.pt
[2026-01-22 14:02:15,602][MedImageInsight.UniCLModel][INFO] - => init lang_encoder.resblocks.2.ln_1.weight from /nas-ctm01/homes/fmferreira/MedImageInsights/2024.09.27/vision_model/medimageinsigt-v1.0.0.pt
[2026-01-22 14:02:15,602][MedImageInsight.UniCLModel][INFO] - => init lang_encoder.resblocks.2.ln_2.bias from /nas-ctm01/homes/fmferreira/MedImageInsights/2024.09.27/vision_model/medimageinsigt-v1.0.0.pt
[2026-01-22 14:02:15,602][MedImageInsight.UniCLModel][INFO] - => init lang_encoder.resblocks.2.ln_2.weight from /nas-ctm01/homes/fmferreira/MedImageInsights/2024.09.27/vision_model/medimageinsigt-v1.0.0.pt
[2026-01-22 14:02:15,602][MedImageInsight.UniCLModel][INFO] - => init lang_encoder.resblocks.2.mlp.c_fc.bias from /nas-ctm01/homes/fmferreira/MedImageInsights/2024.09.27/vision_model/medimageinsigt-v1.0.0.pt
[2026-01-22 14:02:15,602][MedImageInsight.UniCLModel][INFO] - => init lang_encoder.resblocks.2.mlp.c_fc.weight from /nas-ctm01/homes/fmferreira/MedImageInsights/2024.09.27/vision_model/medimageinsigt-v1.0.0.pt
[2026-01-22 14:02:15,602][MedImageInsight.UniCLModel][INFO] - => init lang_encoder.resblocks.2.mlp.c_proj.bias from /nas-ctm01/homes/fmferreira/MedImageInsights/2024.09.27/vision_model/medimageinsigt-v1.0.0.pt
[2026-01-22 14:02:15,602][MedImageInsight.UniCLModel][INFO] - => init lang_encoder.resblocks.2.mlp.c_proj.weight from /nas-ctm01/homes/fmferreira/MedImageInsights/2024.09.27/vision_model/medimageinsigt-v1.0.0.pt
[2026-01-22 14:02:15,602][MedImageInsight.UniCLModel][INFO] - => init lang_encoder.resblocks.3.attn.in_proj_bias from /nas-ctm01/homes/fmferreira/MedImageInsights/2024.09.27/vision_model/medimageinsigt-v1.0.0.pt
[2026-01-22 14:02:15,602][MedImageInsight.UniCLModel][INFO] - => init lang_encoder.resblocks.3.attn.in_proj_weight from /nas-ctm01/homes/fmferreira/MedImageInsights/2024.09.27/vision_model/medimageinsigt-v1.0.0.pt
[2026-01-22 14:02:15,602][MedImageInsight.UniCLModel][INFO] - => init lang_encoder.resblocks.3.attn.out_proj.bias from /nas-ctm01/homes/fmferreira/MedImageInsights/2024.09.27/vision_model/medimageinsigt-v1.0.0.pt
[2026-01-22 14:02:15,602][MedImageInsight.UniCLModel][INFO] - => init lang_encoder.resblocks.3.attn.out_proj.weight from /nas-ctm01/homes/fmferreira/MedImageInsights/2024.09.27/vision_model/medimageinsigt-v1.0.0.pt
[2026-01-22 14:02:15,602][MedImageInsight.UniCLModel][INFO] - => init lang_encoder.resblocks.3.ln_1.bias from /nas-ctm01/homes/fmferreira/MedImageInsights/2024.09.27/vision_model/medimageinsigt-v1.0.0.pt
[2026-01-22 14:02:15,602][MedImageInsight.UniCLModel][INFO] - => init lang_encoder.resblocks.3.ln_1.weight from /nas-ctm01/homes/fmferreira/MedImageInsights/2024.09.27/vision_model/medimageinsigt-v1.0.0.pt
[2026-01-22 14:02:15,602][MedImageInsight.UniCLModel][INFO] - => init lang_encoder.resblocks.3.ln_2.bias from /nas-ctm01/homes/fmferreira/MedImageInsights/2024.09.27/vision_model/medimageinsigt-v1.0.0.pt
[2026-01-22 14:02:15,602][MedImageInsight.UniCLModel][INFO] - => init lang_encoder.resblocks.3.ln_2.weight from /nas-ctm01/homes/fmferreira/MedImageInsights/2024.09.27/vision_model/medimageinsigt-v1.0.0.pt
[2026-01-22 14:02:15,602][MedImageInsight.UniCLModel][INFO] - => init lang_encoder.resblocks.3.mlp.c_fc.bias from /nas-ctm01/homes/fmferreira/MedImageInsights/2024.09.27/vision_model/medimageinsigt-v1.0.0.pt
[2026-01-22 14:02:15,602][MedImageInsight.UniCLModel][INFO] - => init lang_encoder.resblocks.3.mlp.c_fc.weight from /nas-ctm01/homes/fmferreira/MedImageInsights/2024.09.27/vision_model/medimageinsigt-v1.0.0.pt
[2026-01-22 14:02:15,602][MedImageInsight.UniCLModel][INFO] - => init lang_encoder.resblocks.3.mlp.c_proj.bias from /nas-ctm01/homes/fmferreira/MedImageInsights/2024.09.27/vision_model/medimageinsigt-v1.0.0.pt
[2026-01-22 14:02:15,602][MedImageInsight.UniCLModel][INFO] - => init lang_encoder.resblocks.3.mlp.c_proj.weight from /nas-ctm01/homes/fmferreira/MedImageInsights/2024.09.27/vision_model/medimageinsigt-v1.0.0.pt
[2026-01-22 14:02:15,602][MedImageInsight.UniCLModel][INFO] - => init lang_encoder.resblocks.4.attn.in_proj_bias from /nas-ctm01/homes/fmferreira/MedImageInsights/2024.09.27/vision_model/medimageinsigt-v1.0.0.pt
[2026-01-22 14:02:15,602][MedImageInsight.UniCLModel][INFO] - => init lang_encoder.resblocks.4.attn.in_proj_weight from /nas-ctm01/homes/fmferreira/MedImageInsights/2024.09.27/vision_model/medimageinsigt-v1.0.0.pt
[2026-01-22 14:02:15,602][MedImageInsight.UniCLModel][INFO] - => init lang_encoder.resblocks.4.attn.out_proj.bias from /nas-ctm01/homes/fmferreira/MedImageInsights/2024.09.27/vision_model/medimageinsigt-v1.0.0.pt
[2026-01-22 14:02:15,602][MedImageInsight.UniCLModel][INFO] - => init lang_encoder.resblocks.4.attn.out_proj.weight from /nas-ctm01/homes/fmferreira/MedImageInsights/2024.09.27/vision_model/medimageinsigt-v1.0.0.pt
[2026-01-22 14:02:15,602][MedImageInsight.UniCLModel][INFO] - => init lang_encoder.resblocks.4.ln_1.bias from /nas-ctm01/homes/fmferreira/MedImageInsights/2024.09.27/vision_model/medimageinsigt-v1.0.0.pt
[2026-01-22 14:02:15,602][MedImageInsight.UniCLModel][INFO] - => init lang_encoder.resblocks.4.ln_1.weight from /nas-ctm01/homes/fmferreira/MedImageInsights/2024.09.27/vision_model/medimageinsigt-v1.0.0.pt
[2026-01-22 14:02:15,602][MedImageInsight.UniCLModel][INFO] - => init lang_encoder.resblocks.4.ln_2.bias from /nas-ctm01/homes/fmferreira/MedImageInsights/2024.09.27/vision_model/medimageinsigt-v1.0.0.pt
[2026-01-22 14:02:15,602][MedImageInsight.UniCLModel][INFO] - => init lang_encoder.resblocks.4.ln_2.weight from /nas-ctm01/homes/fmferreira/MedImageInsights/2024.09.27/vision_model/medimageinsigt-v1.0.0.pt
[2026-01-22 14:02:15,602][MedImageInsight.UniCLModel][INFO] - => init lang_encoder.resblocks.4.mlp.c_fc.bias from /nas-ctm01/homes/fmferreira/MedImageInsights/2024.09.27/vision_model/medimageinsigt-v1.0.0.pt
[2026-01-22 14:02:15,602][MedImageInsight.UniCLModel][INFO] - => init lang_encoder.resblocks.4.mlp.c_fc.weight from /nas-ctm01/homes/fmferreira/MedImageInsights/2024.09.27/vision_model/medimageinsigt-v1.0.0.pt
[2026-01-22 14:02:15,602][MedImageInsight.UniCLModel][INFO] - => init lang_encoder.resblocks.4.mlp.c_proj.bias from /nas-ctm01/homes/fmferreira/MedImageInsights/2024.09.27/vision_model/medimageinsigt-v1.0.0.pt
[2026-01-22 14:02:15,602][MedImageInsight.UniCLModel][INFO] - => init lang_encoder.resblocks.4.mlp.c_proj.weight from /nas-ctm01/homes/fmferreira/MedImageInsights/2024.09.27/vision_model/medimageinsigt-v1.0.0.pt
[2026-01-22 14:02:15,602][MedImageInsight.UniCLModel][INFO] - => init lang_encoder.resblocks.5.attn.in_proj_bias from /nas-ctm01/homes/fmferreira/MedImageInsights/2024.09.27/vision_model/medimageinsigt-v1.0.0.pt
[2026-01-22 14:02:15,602][MedImageInsight.UniCLModel][INFO] - => init lang_encoder.resblocks.5.attn.in_proj_weight from /nas-ctm01/homes/fmferreira/MedImageInsights/2024.09.27/vision_model/medimageinsigt-v1.0.0.pt
[2026-01-22 14:02:15,603][MedImageInsight.UniCLModel][INFO] - => init lang_encoder.resblocks.5.attn.out_proj.bias from /nas-ctm01/homes/fmferreira/MedImageInsights/2024.09.27/vision_model/medimageinsigt-v1.0.0.pt
[2026-01-22 14:02:15,603][MedImageInsight.UniCLModel][INFO] - => init lang_encoder.resblocks.5.attn.out_proj.weight from /nas-ctm01/homes/fmferreira/MedImageInsights/2024.09.27/vision_model/medimageinsigt-v1.0.0.pt
[2026-01-22 14:02:15,603][MedImageInsight.UniCLModel][INFO] - => init lang_encoder.resblocks.5.ln_1.bias from /nas-ctm01/homes/fmferreira/MedImageInsights/2024.09.27/vision_model/medimageinsigt-v1.0.0.pt
[2026-01-22 14:02:15,603][MedImageInsight.UniCLModel][INFO] - => init lang_encoder.resblocks.5.ln_1.weight from /nas-ctm01/homes/fmferreira/MedImageInsights/2024.09.27/vision_model/medimageinsigt-v1.0.0.pt
[2026-01-22 14:02:15,603][MedImageInsight.UniCLModel][INFO] - => init lang_encoder.resblocks.5.ln_2.bias from /nas-ctm01/homes/fmferreira/MedImageInsights/2024.09.27/vision_model/medimageinsigt-v1.0.0.pt
[2026-01-22 14:02:15,603][MedImageInsight.UniCLModel][INFO] - => init lang_encoder.resblocks.5.ln_2.weight from /nas-ctm01/homes/fmferreira/MedImageInsights/2024.09.27/vision_model/medimageinsigt-v1.0.0.pt
[2026-01-22 14:02:15,603][MedImageInsight.UniCLModel][INFO] - => init lang_encoder.resblocks.5.mlp.c_fc.bias from /nas-ctm01/homes/fmferreira/MedImageInsights/2024.09.27/vision_model/medimageinsigt-v1.0.0.pt
[2026-01-22 14:02:15,603][MedImageInsight.UniCLModel][INFO] - => init lang_encoder.resblocks.5.mlp.c_fc.weight from /nas-ctm01/homes/fmferreira/MedImageInsights/2024.09.27/vision_model/medimageinsigt-v1.0.0.pt
[2026-01-22 14:02:15,603][MedImageInsight.UniCLModel][INFO] - => init lang_encoder.resblocks.5.mlp.c_proj.bias from /nas-ctm01/homes/fmferreira/MedImageInsights/2024.09.27/vision_model/medimageinsigt-v1.0.0.pt
[2026-01-22 14:02:15,603][MedImageInsight.UniCLModel][INFO] - => init lang_encoder.resblocks.5.mlp.c_proj.weight from /nas-ctm01/homes/fmferreira/MedImageInsights/2024.09.27/vision_model/medimageinsigt-v1.0.0.pt
[2026-01-22 14:02:15,603][MedImageInsight.UniCLModel][INFO] - => init lang_encoder.resblocks.6.attn.in_proj_bias from /nas-ctm01/homes/fmferreira/MedImageInsights/2024.09.27/vision_model/medimageinsigt-v1.0.0.pt
[2026-01-22 14:02:15,603][MedImageInsight.UniCLModel][INFO] - => init lang_encoder.resblocks.6.attn.in_proj_weight from /nas-ctm01/homes/fmferreira/MedImageInsights/2024.09.27/vision_model/medimageinsigt-v1.0.0.pt
[2026-01-22 14:02:15,603][MedImageInsight.UniCLModel][INFO] - => init lang_encoder.resblocks.6.attn.out_proj.bias from /nas-ctm01/homes/fmferreira/MedImageInsights/2024.09.27/vision_model/medimageinsigt-v1.0.0.pt
[2026-01-22 14:02:15,603][MedImageInsight.UniCLModel][INFO] - => init lang_encoder.resblocks.6.attn.out_proj.weight from /nas-ctm01/homes/fmferreira/MedImageInsights/2024.09.27/vision_model/medimageinsigt-v1.0.0.pt
[2026-01-22 14:02:15,603][MedImageInsight.UniCLModel][INFO] - => init lang_encoder.resblocks.6.ln_1.bias from /nas-ctm01/homes/fmferreira/MedImageInsights/2024.09.27/vision_model/medimageinsigt-v1.0.0.pt
[2026-01-22 14:02:15,603][MedImageInsight.UniCLModel][INFO] - => init lang_encoder.resblocks.6.ln_1.weight from /nas-ctm01/homes/fmferreira/MedImageInsights/2024.09.27/vision_model/medimageinsigt-v1.0.0.pt
[2026-01-22 14:02:15,603][MedImageInsight.UniCLModel][INFO] - => init lang_encoder.resblocks.6.ln_2.bias from /nas-ctm01/homes/fmferreira/MedImageInsights/2024.09.27/vision_model/medimageinsigt-v1.0.0.pt
[2026-01-22 14:02:15,603][MedImageInsight.UniCLModel][INFO] - => init lang_encoder.resblocks.6.ln_2.weight from /nas-ctm01/homes/fmferreira/MedImageInsights/2024.09.27/vision_model/medimageinsigt-v1.0.0.pt
[2026-01-22 14:02:15,603][MedImageInsight.UniCLModel][INFO] - => init lang_encoder.resblocks.6.mlp.c_fc.bias from /nas-ctm01/homes/fmferreira/MedImageInsights/2024.09.27/vision_model/medimageinsigt-v1.0.0.pt
[2026-01-22 14:02:15,603][MedImageInsight.UniCLModel][INFO] - => init lang_encoder.resblocks.6.mlp.c_fc.weight from /nas-ctm01/homes/fmferreira/MedImageInsights/2024.09.27/vision_model/medimageinsigt-v1.0.0.pt
[2026-01-22 14:02:15,603][MedImageInsight.UniCLModel][INFO] - => init lang_encoder.resblocks.6.mlp.c_proj.bias from /nas-ctm01/homes/fmferreira/MedImageInsights/2024.09.27/vision_model/medimageinsigt-v1.0.0.pt
[2026-01-22 14:02:15,603][MedImageInsight.UniCLModel][INFO] - => init lang_encoder.resblocks.6.mlp.c_proj.weight from /nas-ctm01/homes/fmferreira/MedImageInsights/2024.09.27/vision_model/medimageinsigt-v1.0.0.pt
[2026-01-22 14:02:15,603][MedImageInsight.UniCLModel][INFO] - => init lang_encoder.resblocks.7.attn.in_proj_bias from /nas-ctm01/homes/fmferreira/MedImageInsights/2024.09.27/vision_model/medimageinsigt-v1.0.0.pt
[2026-01-22 14:02:15,603][MedImageInsight.UniCLModel][INFO] - => init lang_encoder.resblocks.7.attn.in_proj_weight from /nas-ctm01/homes/fmferreira/MedImageInsights/2024.09.27/vision_model/medimageinsigt-v1.0.0.pt
[2026-01-22 14:02:15,603][MedImageInsight.UniCLModel][INFO] - => init lang_encoder.resblocks.7.attn.out_proj.bias from /nas-ctm01/homes/fmferreira/MedImageInsights/2024.09.27/vision_model/medimageinsigt-v1.0.0.pt
[2026-01-22 14:02:15,603][MedImageInsight.UniCLModel][INFO] - => init lang_encoder.resblocks.7.attn.out_proj.weight from /nas-ctm01/homes/fmferreira/MedImageInsights/2024.09.27/vision_model/medimageinsigt-v1.0.0.pt
[2026-01-22 14:02:15,603][MedImageInsight.UniCLModel][INFO] - => init lang_encoder.resblocks.7.ln_1.bias from /nas-ctm01/homes/fmferreira/MedImageInsights/2024.09.27/vision_model/medimageinsigt-v1.0.0.pt
[2026-01-22 14:02:15,603][MedImageInsight.UniCLModel][INFO] - => init lang_encoder.resblocks.7.ln_1.weight from /nas-ctm01/homes/fmferreira/MedImageInsights/2024.09.27/vision_model/medimageinsigt-v1.0.0.pt
[2026-01-22 14:02:15,603][MedImageInsight.UniCLModel][INFO] - => init lang_encoder.resblocks.7.ln_2.bias from /nas-ctm01/homes/fmferreira/MedImageInsights/2024.09.27/vision_model/medimageinsigt-v1.0.0.pt
[2026-01-22 14:02:15,603][MedImageInsight.UniCLModel][INFO] - => init lang_encoder.resblocks.7.ln_2.weight from /nas-ctm01/homes/fmferreira/MedImageInsights/2024.09.27/vision_model/medimageinsigt-v1.0.0.pt
[2026-01-22 14:02:15,603][MedImageInsight.UniCLModel][INFO] - => init lang_encoder.resblocks.7.mlp.c_fc.bias from /nas-ctm01/homes/fmferreira/MedImageInsights/2024.09.27/vision_model/medimageinsigt-v1.0.0.pt
[2026-01-22 14:02:15,603][MedImageInsight.UniCLModel][INFO] - => init lang_encoder.resblocks.7.mlp.c_fc.weight from /nas-ctm01/homes/fmferreira/MedImageInsights/2024.09.27/vision_model/medimageinsigt-v1.0.0.pt
[2026-01-22 14:02:15,603][MedImageInsight.UniCLModel][INFO] - => init lang_encoder.resblocks.7.mlp.c_proj.bias from /nas-ctm01/homes/fmferreira/MedImageInsights/2024.09.27/vision_model/medimageinsigt-v1.0.0.pt
[2026-01-22 14:02:15,603][MedImageInsight.UniCLModel][INFO] - => init lang_encoder.resblocks.7.mlp.c_proj.weight from /nas-ctm01/homes/fmferreira/MedImageInsights/2024.09.27/vision_model/medimageinsigt-v1.0.0.pt
[2026-01-22 14:02:15,603][MedImageInsight.UniCLModel][INFO] - => init lang_encoder.resblocks.8.attn.in_proj_bias from /nas-ctm01/homes/fmferreira/MedImageInsights/2024.09.27/vision_model/medimageinsigt-v1.0.0.pt
[2026-01-22 14:02:15,603][MedImageInsight.UniCLModel][INFO] - => init lang_encoder.resblocks.8.attn.in_proj_weight from /nas-ctm01/homes/fmferreira/MedImageInsights/2024.09.27/vision_model/medimageinsigt-v1.0.0.pt
[2026-01-22 14:02:15,603][MedImageInsight.UniCLModel][INFO] - => init lang_encoder.resblocks.8.attn.out_proj.bias from /nas-ctm01/homes/fmferreira/MedImageInsights/2024.09.27/vision_model/medimageinsigt-v1.0.0.pt
[2026-01-22 14:02:15,603][MedImageInsight.UniCLModel][INFO] - => init lang_encoder.resblocks.8.attn.out_proj.weight from /nas-ctm01/homes/fmferreira/MedImageInsights/2024.09.27/vision_model/medimageinsigt-v1.0.0.pt
[2026-01-22 14:02:15,603][MedImageInsight.UniCLModel][INFO] - => init lang_encoder.resblocks.8.ln_1.bias from /nas-ctm01/homes/fmferreira/MedImageInsights/2024.09.27/vision_model/medimageinsigt-v1.0.0.pt
[2026-01-22 14:02:15,603][MedImageInsight.UniCLModel][INFO] - => init lang_encoder.resblocks.8.ln_1.weight from /nas-ctm01/homes/fmferreira/MedImageInsights/2024.09.27/vision_model/medimageinsigt-v1.0.0.pt
[2026-01-22 14:02:15,603][MedImageInsight.UniCLModel][INFO] - => init lang_encoder.resblocks.8.ln_2.bias from /nas-ctm01/homes/fmferreira/MedImageInsights/2024.09.27/vision_model/medimageinsigt-v1.0.0.pt
[2026-01-22 14:02:15,603][MedImageInsight.UniCLModel][INFO] - => init lang_encoder.resblocks.8.ln_2.weight from /nas-ctm01/homes/fmferreira/MedImageInsights/2024.09.27/vision_model/medimageinsigt-v1.0.0.pt
[2026-01-22 14:02:15,603][MedImageInsight.UniCLModel][INFO] - => init lang_encoder.resblocks.8.mlp.c_fc.bias from /nas-ctm01/homes/fmferreira/MedImageInsights/2024.09.27/vision_model/medimageinsigt-v1.0.0.pt
[2026-01-22 14:02:15,603][MedImageInsight.UniCLModel][INFO] - => init lang_encoder.resblocks.8.mlp.c_fc.weight from /nas-ctm01/homes/fmferreira/MedImageInsights/2024.09.27/vision_model/medimageinsigt-v1.0.0.pt
[2026-01-22 14:02:15,603][MedImageInsight.UniCLModel][INFO] - => init lang_encoder.resblocks.8.mlp.c_proj.bias from /nas-ctm01/homes/fmferreira/MedImageInsights/2024.09.27/vision_model/medimageinsigt-v1.0.0.pt
[2026-01-22 14:02:15,603][MedImageInsight.UniCLModel][INFO] - => init lang_encoder.resblocks.8.mlp.c_proj.weight from /nas-ctm01/homes/fmferreira/MedImageInsights/2024.09.27/vision_model/medimageinsigt-v1.0.0.pt
[2026-01-22 14:02:15,603][MedImageInsight.UniCLModel][INFO] - => init lang_encoder.resblocks.9.attn.in_proj_bias from /nas-ctm01/homes/fmferreira/MedImageInsights/2024.09.27/vision_model/medimageinsigt-v1.0.0.pt
[2026-01-22 14:02:15,603][MedImageInsight.UniCLModel][INFO] - => init lang_encoder.resblocks.9.attn.in_proj_weight from /nas-ctm01/homes/fmferreira/MedImageInsights/2024.09.27/vision_model/medimageinsigt-v1.0.0.pt
[2026-01-22 14:02:15,603][MedImageInsight.UniCLModel][INFO] - => init lang_encoder.resblocks.9.attn.out_proj.bias from /nas-ctm01/homes/fmferreira/MedImageInsights/2024.09.27/vision_model/medimageinsigt-v1.0.0.pt
[2026-01-22 14:02:15,603][MedImageInsight.UniCLModel][INFO] - => init lang_encoder.resblocks.9.attn.out_proj.weight from /nas-ctm01/homes/fmferreira/MedImageInsights/2024.09.27/vision_model/medimageinsigt-v1.0.0.pt
[2026-01-22 14:02:15,603][MedImageInsight.UniCLModel][INFO] - => init lang_encoder.resblocks.9.ln_1.bias from /nas-ctm01/homes/fmferreira/MedImageInsights/2024.09.27/vision_model/medimageinsigt-v1.0.0.pt
[2026-01-22 14:02:15,603][MedImageInsight.UniCLModel][INFO] - => init lang_encoder.resblocks.9.ln_1.weight from /nas-ctm01/homes/fmferreira/MedImageInsights/2024.09.27/vision_model/medimageinsigt-v1.0.0.pt
[2026-01-22 14:02:15,603][MedImageInsight.UniCLModel][INFO] - => init lang_encoder.resblocks.9.ln_2.bias from /nas-ctm01/homes/fmferreira/MedImageInsights/2024.09.27/vision_model/medimageinsigt-v1.0.0.pt
[2026-01-22 14:02:15,603][MedImageInsight.UniCLModel][INFO] - => init lang_encoder.resblocks.9.ln_2.weight from /nas-ctm01/homes/fmferreira/MedImageInsights/2024.09.27/vision_model/medimageinsigt-v1.0.0.pt
[2026-01-22 14:02:15,603][MedImageInsight.UniCLModel][INFO] - => init lang_encoder.resblocks.9.mlp.c_fc.bias from /nas-ctm01/homes/fmferreira/MedImageInsights/2024.09.27/vision_model/medimageinsigt-v1.0.0.pt
[2026-01-22 14:02:15,603][MedImageInsight.UniCLModel][INFO] - => init lang_encoder.resblocks.9.mlp.c_fc.weight from /nas-ctm01/homes/fmferreira/MedImageInsights/2024.09.27/vision_model/medimageinsigt-v1.0.0.pt
[2026-01-22 14:02:15,603][MedImageInsight.UniCLModel][INFO] - => init lang_encoder.resblocks.9.mlp.c_proj.bias from /nas-ctm01/homes/fmferreira/MedImageInsights/2024.09.27/vision_model/medimageinsigt-v1.0.0.pt
[2026-01-22 14:02:15,603][MedImageInsight.UniCLModel][INFO] - => init lang_encoder.resblocks.9.mlp.c_proj.weight from /nas-ctm01/homes/fmferreira/MedImageInsights/2024.09.27/vision_model/medimageinsigt-v1.0.0.pt
[2026-01-22 14:02:15,603][MedImageInsight.UniCLModel][INFO] - => init lang_encoder.token_embedding.weight from /nas-ctm01/homes/fmferreira/MedImageInsights/2024.09.27/vision_model/medimageinsigt-v1.0.0.pt
[2026-01-22 14:02:15,603][MedImageInsight.UniCLModel][INFO] - => init lang_projection from /nas-ctm01/homes/fmferreira/MedImageInsights/2024.09.27/vision_model/medimageinsigt-v1.0.0.pt
[2026-01-22 14:02:15,604][MedImageInsight.UniCLModel][INFO] - => init logit_scale from /nas-ctm01/homes/fmferreira/MedImageInsights/2024.09.27/vision_model/medimageinsigt-v1.0.0.pt
[2026-01-22 14:02:15,606][MedImageInsight.ImageEncoder.davit_v1][INFO] - => init blocks.0.0.channel_block.channel_attn.fn.proj.bias from pretrained state dict
[2026-01-22 14:02:15,606][MedImageInsight.ImageEncoder.davit_v1][INFO] - => init blocks.0.0.channel_block.channel_attn.fn.proj.weight from pretrained state dict
[2026-01-22 14:02:15,606][MedImageInsight.ImageEncoder.davit_v1][INFO] - => init blocks.0.0.channel_block.channel_attn.fn.qkv.bias from pretrained state dict
[2026-01-22 14:02:15,606][MedImageInsight.ImageEncoder.davit_v1][INFO] - => init blocks.0.0.channel_block.channel_attn.fn.qkv.weight from pretrained state dict
[2026-01-22 14:02:15,606][MedImageInsight.ImageEncoder.davit_v1][INFO] - => init blocks.0.0.channel_block.channel_attn.norm.bias from pretrained state dict
[2026-01-22 14:02:15,606][MedImageInsight.ImageEncoder.davit_v1][INFO] - => init blocks.0.0.channel_block.channel_attn.norm.weight from pretrained state dict
[2026-01-22 14:02:15,606][MedImageInsight.ImageEncoder.davit_v1][INFO] - => init blocks.0.0.channel_block.conv1.fn.dw.bias from pretrained state dict
[2026-01-22 14:02:15,606][MedImageInsight.ImageEncoder.davit_v1][INFO] - => init blocks.0.0.channel_block.conv1.fn.dw.weight from pretrained state dict
[2026-01-22 14:02:15,606][MedImageInsight.ImageEncoder.davit_v1][INFO] - => init blocks.0.0.channel_block.conv2.fn.dw.bias from pretrained state dict
[2026-01-22 14:02:15,606][MedImageInsight.ImageEncoder.davit_v1][INFO] - => init blocks.0.0.channel_block.conv2.fn.dw.weight from pretrained state dict
[2026-01-22 14:02:15,606][MedImageInsight.ImageEncoder.davit_v1][INFO] - => init blocks.0.0.channel_block.ffn.fn.net.fc1.bias from pretrained state dict
[2026-01-22 14:02:15,606][MedImageInsight.ImageEncoder.davit_v1][INFO] - => init blocks.0.0.channel_block.ffn.fn.net.fc1.weight from pretrained state dict
[2026-01-22 14:02:15,606][MedImageInsight.ImageEncoder.davit_v1][INFO] - => init blocks.0.0.channel_block.ffn.fn.net.fc2.bias from pretrained state dict
[2026-01-22 14:02:15,606][MedImageInsight.ImageEncoder.davit_v1][INFO] - => init blocks.0.0.channel_block.ffn.fn.net.fc2.weight from pretrained state dict
[2026-01-22 14:02:15,606][MedImageInsight.ImageEncoder.davit_v1][INFO] - => init blocks.0.0.channel_block.ffn.norm.bias from pretrained state dict
[2026-01-22 14:02:15,606][MedImageInsight.ImageEncoder.davit_v1][INFO] - => init blocks.0.0.channel_block.ffn.norm.weight from pretrained state dict
[2026-01-22 14:02:15,606][MedImageInsight.ImageEncoder.davit_v1][INFO] - => init blocks.0.0.spatial_block.conv1.fn.dw.bias from pretrained state dict
[2026-01-22 14:02:15,606][MedImageInsight.ImageEncoder.davit_v1][INFO] - => init blocks.0.0.spatial_block.conv1.fn.dw.weight from pretrained state dict
[2026-01-22 14:02:15,606][MedImageInsight.ImageEncoder.davit_v1][INFO] - => init blocks.0.0.spatial_block.conv2.fn.dw.bias from pretrained state dict
[2026-01-22 14:02:15,606][MedImageInsight.ImageEncoder.davit_v1][INFO] - => init blocks.0.0.spatial_block.conv2.fn.dw.weight from pretrained state dict
[2026-01-22 14:02:15,606][MedImageInsight.ImageEncoder.davit_v1][INFO] - => init blocks.0.0.spatial_block.ffn.fn.net.fc1.bias from pretrained state dict
[2026-01-22 14:02:15,606][MedImageInsight.ImageEncoder.davit_v1][INFO] - => init blocks.0.0.spatial_block.ffn.fn.net.fc1.weight from pretrained state dict
[2026-01-22 14:02:15,606][MedImageInsight.ImageEncoder.davit_v1][INFO] - => init blocks.0.0.spatial_block.ffn.fn.net.fc2.bias from pretrained state dict
[2026-01-22 14:02:15,606][MedImageInsight.ImageEncoder.davit_v1][INFO] - => init blocks.0.0.spatial_block.ffn.fn.net.fc2.weight from pretrained state dict
[2026-01-22 14:02:15,606][MedImageInsight.ImageEncoder.davit_v1][INFO] - => init blocks.0.0.spatial_block.ffn.norm.bias from pretrained state dict
[2026-01-22 14:02:15,606][MedImageInsight.ImageEncoder.davit_v1][INFO] - => init blocks.0.0.spatial_block.ffn.norm.weight from pretrained state dict
[2026-01-22 14:02:15,606][MedImageInsight.ImageEncoder.davit_v1][INFO] - => init blocks.0.0.spatial_block.window_attn.fn.proj.bias from pretrained state dict
[2026-01-22 14:02:15,606][MedImageInsight.ImageEncoder.davit_v1][INFO] - => init blocks.0.0.spatial_block.window_attn.fn.proj.weight from pretrained state dict
[2026-01-22 14:02:15,606][MedImageInsight.ImageEncoder.davit_v1][INFO] - => init blocks.0.0.spatial_block.window_attn.fn.qkv.bias from pretrained state dict
[2026-01-22 14:02:15,606][MedImageInsight.ImageEncoder.davit_v1][INFO] - => init blocks.0.0.spatial_block.window_attn.fn.qkv.weight from pretrained state dict
[2026-01-22 14:02:15,606][MedImageInsight.ImageEncoder.davit_v1][INFO] - => init blocks.0.0.spatial_block.window_attn.norm.bias from pretrained state dict
[2026-01-22 14:02:15,607][MedImageInsight.ImageEncoder.davit_v1][INFO] - => init blocks.0.0.spatial_block.window_attn.norm.weight from pretrained state dict
[2026-01-22 14:02:15,607][MedImageInsight.ImageEncoder.davit_v1][INFO] - => init blocks.1.0.channel_block.channel_attn.fn.proj.bias from pretrained state dict
[2026-01-22 14:02:15,607][MedImageInsight.ImageEncoder.davit_v1][INFO] - => init blocks.1.0.channel_block.channel_attn.fn.proj.weight from pretrained state dict
[2026-01-22 14:02:15,607][MedImageInsight.ImageEncoder.davit_v1][INFO] - => init blocks.1.0.channel_block.channel_attn.fn.qkv.bias from pretrained state dict
[2026-01-22 14:02:15,607][MedImageInsight.ImageEncoder.davit_v1][INFO] - => init blocks.1.0.channel_block.channel_attn.fn.qkv.weight from pretrained state dict
[2026-01-22 14:02:15,607][MedImageInsight.ImageEncoder.davit_v1][INFO] - => init blocks.1.0.channel_block.channel_attn.norm.bias from pretrained state dict
[2026-01-22 14:02:15,607][MedImageInsight.ImageEncoder.davit_v1][INFO] - => init blocks.1.0.channel_block.channel_attn.norm.weight from pretrained state dict
[2026-01-22 14:02:15,607][MedImageInsight.ImageEncoder.davit_v1][INFO] - => init blocks.1.0.channel_block.conv1.fn.dw.bias from pretrained state dict
[2026-01-22 14:02:15,607][MedImageInsight.ImageEncoder.davit_v1][INFO] - => init blocks.1.0.channel_block.conv1.fn.dw.weight from pretrained state dict
[2026-01-22 14:02:15,607][MedImageInsight.ImageEncoder.davit_v1][INFO] - => init blocks.1.0.channel_block.conv2.fn.dw.bias from pretrained state dict
[2026-01-22 14:02:15,607][MedImageInsight.ImageEncoder.davit_v1][INFO] - => init blocks.1.0.channel_block.conv2.fn.dw.weight from pretrained state dict
[2026-01-22 14:02:15,607][MedImageInsight.ImageEncoder.davit_v1][INFO] - => init blocks.1.0.channel_block.ffn.fn.net.fc1.bias from pretrained state dict
[2026-01-22 14:02:15,607][MedImageInsight.ImageEncoder.davit_v1][INFO] - => init blocks.1.0.channel_block.ffn.fn.net.fc1.weight from pretrained state dict
[2026-01-22 14:02:15,607][MedImageInsight.ImageEncoder.davit_v1][INFO] - => init blocks.1.0.channel_block.ffn.fn.net.fc2.bias from pretrained state dict
[2026-01-22 14:02:15,607][MedImageInsight.ImageEncoder.davit_v1][INFO] - => init blocks.1.0.channel_block.ffn.fn.net.fc2.weight from pretrained state dict
[2026-01-22 14:02:15,607][MedImageInsight.ImageEncoder.davit_v1][INFO] - => init blocks.1.0.channel_block.ffn.norm.bias from pretrained state dict
[2026-01-22 14:02:15,607][MedImageInsight.ImageEncoder.davit_v1][INFO] - => init blocks.1.0.channel_block.ffn.norm.weight from pretrained state dict
[2026-01-22 14:02:15,607][MedImageInsight.ImageEncoder.davit_v1][INFO] - => init blocks.1.0.spatial_block.conv1.fn.dw.bias from pretrained state dict
[2026-01-22 14:02:15,607][MedImageInsight.ImageEncoder.davit_v1][INFO] - => init blocks.1.0.spatial_block.conv1.fn.dw.weight from pretrained state dict
[2026-01-22 14:02:15,607][MedImageInsight.ImageEncoder.davit_v1][INFO] - => init blocks.1.0.spatial_block.conv2.fn.dw.bias from pretrained state dict
[2026-01-22 14:02:15,607][MedImageInsight.ImageEncoder.davit_v1][INFO] - => init blocks.1.0.spatial_block.conv2.fn.dw.weight from pretrained state dict
[2026-01-22 14:02:15,607][MedImageInsight.ImageEncoder.davit_v1][INFO] - => init blocks.1.0.spatial_block.ffn.fn.net.fc1.bias from pretrained state dict
[2026-01-22 14:02:15,607][MedImageInsight.ImageEncoder.davit_v1][INFO] - => init blocks.1.0.spatial_block.ffn.fn.net.fc1.weight from pretrained state dict
[2026-01-22 14:02:15,607][MedImageInsight.ImageEncoder.davit_v1][INFO] - => init blocks.1.0.spatial_block.ffn.fn.net.fc2.bias from pretrained state dict
[2026-01-22 14:02:15,607][MedImageInsight.ImageEncoder.davit_v1][INFO] - => init blocks.1.0.spatial_block.ffn.fn.net.fc2.weight from pretrained state dict
[2026-01-22 14:02:15,607][MedImageInsight.ImageEncoder.davit_v1][INFO] - => init blocks.1.0.spatial_block.ffn.norm.bias from pretrained state dict
[2026-01-22 14:02:15,607][MedImageInsight.ImageEncoder.davit_v1][INFO] - => init blocks.1.0.spatial_block.ffn.norm.weight from pretrained state dict
[2026-01-22 14:02:15,607][MedImageInsight.ImageEncoder.davit_v1][INFO] - => init blocks.1.0.spatial_block.window_attn.fn.proj.bias from pretrained state dict
[2026-01-22 14:02:15,607][MedImageInsight.ImageEncoder.davit_v1][INFO] - => init blocks.1.0.spatial_block.window_attn.fn.proj.weight from pretrained state dict
[2026-01-22 14:02:15,607][MedImageInsight.ImageEncoder.davit_v1][INFO] - => init blocks.1.0.spatial_block.window_attn.fn.qkv.bias from pretrained state dict
[2026-01-22 14:02:15,607][MedImageInsight.ImageEncoder.davit_v1][INFO] - => init blocks.1.0.spatial_block.window_attn.fn.qkv.weight from pretrained state dict
[2026-01-22 14:02:15,607][MedImageInsight.ImageEncoder.davit_v1][INFO] - => init blocks.1.0.spatial_block.window_attn.norm.bias from pretrained state dict
[2026-01-22 14:02:15,607][MedImageInsight.ImageEncoder.davit_v1][INFO] - => init blocks.1.0.spatial_block.window_attn.norm.weight from pretrained state dict
[2026-01-22 14:02:15,607][MedImageInsight.ImageEncoder.davit_v1][INFO] - => init blocks.2.0.channel_block.channel_attn.fn.proj.bias from pretrained state dict
[2026-01-22 14:02:15,607][MedImageInsight.ImageEncoder.davit_v1][INFO] - => init blocks.2.0.channel_block.channel_attn.fn.proj.weight from pretrained state dict
[2026-01-22 14:02:15,607][MedImageInsight.ImageEncoder.davit_v1][INFO] - => init blocks.2.0.channel_block.channel_attn.fn.qkv.bias from pretrained state dict
[2026-01-22 14:02:15,607][MedImageInsight.ImageEncoder.davit_v1][INFO] - => init blocks.2.0.channel_block.channel_attn.fn.qkv.weight from pretrained state dict
[2026-01-22 14:02:15,607][MedImageInsight.ImageEncoder.davit_v1][INFO] - => init blocks.2.0.channel_block.channel_attn.norm.bias from pretrained state dict
[2026-01-22 14:02:15,607][MedImageInsight.ImageEncoder.davit_v1][INFO] - => init blocks.2.0.channel_block.channel_attn.norm.weight from pretrained state dict
[2026-01-22 14:02:15,607][MedImageInsight.ImageEncoder.davit_v1][INFO] - => init blocks.2.0.channel_block.conv1.fn.dw.bias from pretrained state dict
[2026-01-22 14:02:15,607][MedImageInsight.ImageEncoder.davit_v1][INFO] - => init blocks.2.0.channel_block.conv1.fn.dw.weight from pretrained state dict
[2026-01-22 14:02:15,607][MedImageInsight.ImageEncoder.davit_v1][INFO] - => init blocks.2.0.channel_block.conv2.fn.dw.bias from pretrained state dict
[2026-01-22 14:02:15,607][MedImageInsight.ImageEncoder.davit_v1][INFO] - => init blocks.2.0.channel_block.conv2.fn.dw.weight from pretrained state dict
[2026-01-22 14:02:15,607][MedImageInsight.ImageEncoder.davit_v1][INFO] - => init blocks.2.0.channel_block.ffn.fn.net.fc1.bias from pretrained state dict
[2026-01-22 14:02:15,607][MedImageInsight.ImageEncoder.davit_v1][INFO] - => init blocks.2.0.channel_block.ffn.fn.net.fc1.weight from pretrained state dict
[2026-01-22 14:02:15,607][MedImageInsight.ImageEncoder.davit_v1][INFO] - => init blocks.2.0.channel_block.ffn.fn.net.fc2.bias from pretrained state dict
[2026-01-22 14:02:15,607][MedImageInsight.ImageEncoder.davit_v1][INFO] - => init blocks.2.0.channel_block.ffn.fn.net.fc2.weight from pretrained state dict
[2026-01-22 14:02:15,607][MedImageInsight.ImageEncoder.davit_v1][INFO] - => init blocks.2.0.channel_block.ffn.norm.bias from pretrained state dict
[2026-01-22 14:02:15,607][MedImageInsight.ImageEncoder.davit_v1][INFO] - => init blocks.2.0.channel_block.ffn.norm.weight from pretrained state dict
[2026-01-22 14:02:15,607][MedImageInsight.ImageEncoder.davit_v1][INFO] - => init blocks.2.0.spatial_block.conv1.fn.dw.bias from pretrained state dict
[2026-01-22 14:02:15,607][MedImageInsight.ImageEncoder.davit_v1][INFO] - => init blocks.2.0.spatial_block.conv1.fn.dw.weight from pretrained state dict
[2026-01-22 14:02:15,607][MedImageInsight.ImageEncoder.davit_v1][INFO] - => init blocks.2.0.spatial_block.conv2.fn.dw.bias from pretrained state dict
[2026-01-22 14:02:15,607][MedImageInsight.ImageEncoder.davit_v1][INFO] - => init blocks.2.0.spatial_block.conv2.fn.dw.weight from pretrained state dict
[2026-01-22 14:02:15,607][MedImageInsight.ImageEncoder.davit_v1][INFO] - => init blocks.2.0.spatial_block.ffn.fn.net.fc1.bias from pretrained state dict
[2026-01-22 14:02:15,607][MedImageInsight.ImageEncoder.davit_v1][INFO] - => init blocks.2.0.spatial_block.ffn.fn.net.fc1.weight from pretrained state dict
[2026-01-22 14:02:15,607][MedImageInsight.ImageEncoder.davit_v1][INFO] - => init blocks.2.0.spatial_block.ffn.fn.net.fc2.bias from pretrained state dict
[2026-01-22 14:02:15,607][MedImageInsight.ImageEncoder.davit_v1][INFO] - => init blocks.2.0.spatial_block.ffn.fn.net.fc2.weight from pretrained state dict
[2026-01-22 14:02:15,607][MedImageInsight.ImageEncoder.davit_v1][INFO] - => init blocks.2.0.spatial_block.ffn.norm.bias from pretrained state dict
[2026-01-22 14:02:15,607][MedImageInsight.ImageEncoder.davit_v1][INFO] - => init blocks.2.0.spatial_block.ffn.norm.weight from pretrained state dict
[2026-01-22 14:02:15,607][MedImageInsight.ImageEncoder.davit_v1][INFO] - => init blocks.2.0.spatial_block.window_attn.fn.proj.bias from pretrained state dict
[2026-01-22 14:02:15,607][MedImageInsight.ImageEncoder.davit_v1][INFO] - => init blocks.2.0.spatial_block.window_attn.fn.proj.weight from pretrained state dict
[2026-01-22 14:02:15,607][MedImageInsight.ImageEncoder.davit_v1][INFO] - => init blocks.2.0.spatial_block.window_attn.fn.qkv.bias from pretrained state dict
[2026-01-22 14:02:15,608][MedImageInsight.ImageEncoder.davit_v1][INFO] - => init blocks.2.0.spatial_block.window_attn.fn.qkv.weight from pretrained state dict
[2026-01-22 14:02:15,608][MedImageInsight.ImageEncoder.davit_v1][INFO] - => init blocks.2.0.spatial_block.window_attn.norm.bias from pretrained state dict
[2026-01-22 14:02:15,608][MedImageInsight.ImageEncoder.davit_v1][INFO] - => init blocks.2.0.spatial_block.window_attn.norm.weight from pretrained state dict
[2026-01-22 14:02:15,608][MedImageInsight.ImageEncoder.davit_v1][INFO] - => init blocks.2.1.channel_block.channel_attn.fn.proj.bias from pretrained state dict
[2026-01-22 14:02:15,608][MedImageInsight.ImageEncoder.davit_v1][INFO] - => init blocks.2.1.channel_block.channel_attn.fn.proj.weight from pretrained state dict
[2026-01-22 14:02:15,608][MedImageInsight.ImageEncoder.davit_v1][INFO] - => init blocks.2.1.channel_block.channel_attn.fn.qkv.bias from pretrained state dict
[2026-01-22 14:02:15,608][MedImageInsight.ImageEncoder.davit_v1][INFO] - => init blocks.2.1.channel_block.channel_attn.fn.qkv.weight from pretrained state dict
[2026-01-22 14:02:15,608][MedImageInsight.ImageEncoder.davit_v1][INFO] - => init blocks.2.1.channel_block.channel_attn.norm.bias from pretrained state dict
[2026-01-22 14:02:15,608][MedImageInsight.ImageEncoder.davit_v1][INFO] - => init blocks.2.1.channel_block.channel_attn.norm.weight from pretrained state dict
[2026-01-22 14:02:15,608][MedImageInsight.ImageEncoder.davit_v1][INFO] - => init blocks.2.1.channel_block.conv1.fn.dw.bias from pretrained state dict
[2026-01-22 14:02:15,608][MedImageInsight.ImageEncoder.davit_v1][INFO] - => init blocks.2.1.channel_block.conv1.fn.dw.weight from pretrained state dict
[2026-01-22 14:02:15,608][MedImageInsight.ImageEncoder.davit_v1][INFO] - => init blocks.2.1.channel_block.conv2.fn.dw.bias from pretrained state dict
[2026-01-22 14:02:15,608][MedImageInsight.ImageEncoder.davit_v1][INFO] - => init blocks.2.1.channel_block.conv2.fn.dw.weight from pretrained state dict
[2026-01-22 14:02:15,608][MedImageInsight.ImageEncoder.davit_v1][INFO] - => init blocks.2.1.channel_block.ffn.fn.net.fc1.bias from pretrained state dict
[2026-01-22 14:02:15,608][MedImageInsight.ImageEncoder.davit_v1][INFO] - => init blocks.2.1.channel_block.ffn.fn.net.fc1.weight from pretrained state dict
[2026-01-22 14:02:15,608][MedImageInsight.ImageEncoder.davit_v1][INFO] - => init blocks.2.1.channel_block.ffn.fn.net.fc2.bias from pretrained state dict
[2026-01-22 14:02:15,608][MedImageInsight.ImageEncoder.davit_v1][INFO] - => init blocks.2.1.channel_block.ffn.fn.net.fc2.weight from pretrained state dict
[2026-01-22 14:02:15,608][MedImageInsight.ImageEncoder.davit_v1][INFO] - => init blocks.2.1.channel_block.ffn.norm.bias from pretrained state dict
[2026-01-22 14:02:15,608][MedImageInsight.ImageEncoder.davit_v1][INFO] - => init blocks.2.1.channel_block.ffn.norm.weight from pretrained state dict
[2026-01-22 14:02:15,608][MedImageInsight.ImageEncoder.davit_v1][INFO] - => init blocks.2.1.spatial_block.conv1.fn.dw.bias from pretrained state dict
[2026-01-22 14:02:15,608][MedImageInsight.ImageEncoder.davit_v1][INFO] - => init blocks.2.1.spatial_block.conv1.fn.dw.weight from pretrained state dict
[2026-01-22 14:02:15,608][MedImageInsight.ImageEncoder.davit_v1][INFO] - => init blocks.2.1.spatial_block.conv2.fn.dw.bias from pretrained state dict
[2026-01-22 14:02:15,608][MedImageInsight.ImageEncoder.davit_v1][INFO] - => init blocks.2.1.spatial_block.conv2.fn.dw.weight from pretrained state dict
[2026-01-22 14:02:15,608][MedImageInsight.ImageEncoder.davit_v1][INFO] - => init blocks.2.1.spatial_block.ffn.fn.net.fc1.bias from pretrained state dict
[2026-01-22 14:02:15,608][MedImageInsight.ImageEncoder.davit_v1][INFO] - => init blocks.2.1.spatial_block.ffn.fn.net.fc1.weight from pretrained state dict
[2026-01-22 14:02:15,608][MedImageInsight.ImageEncoder.davit_v1][INFO] - => init blocks.2.1.spatial_block.ffn.fn.net.fc2.bias from pretrained state dict
[2026-01-22 14:02:15,608][MedImageInsight.ImageEncoder.davit_v1][INFO] - => init blocks.2.1.spatial_block.ffn.fn.net.fc2.weight from pretrained state dict
[2026-01-22 14:02:15,608][MedImageInsight.ImageEncoder.davit_v1][INFO] - => init blocks.2.1.spatial_block.ffn.norm.bias from pretrained state dict
[2026-01-22 14:02:15,608][MedImageInsight.ImageEncoder.davit_v1][INFO] - => init blocks.2.1.spatial_block.ffn.norm.weight from pretrained state dict
[2026-01-22 14:02:15,608][MedImageInsight.ImageEncoder.davit_v1][INFO] - => init blocks.2.1.spatial_block.window_attn.fn.proj.bias from pretrained state dict
[2026-01-22 14:02:15,608][MedImageInsight.ImageEncoder.davit_v1][INFO] - => init blocks.2.1.spatial_block.window_attn.fn.proj.weight from pretrained state dict
[2026-01-22 14:02:15,608][MedImageInsight.ImageEncoder.davit_v1][INFO] - => init blocks.2.1.spatial_block.window_attn.fn.qkv.bias from pretrained state dict
[2026-01-22 14:02:15,608][MedImageInsight.ImageEncoder.davit_v1][INFO] - => init blocks.2.1.spatial_block.window_attn.fn.qkv.weight from pretrained state dict
[2026-01-22 14:02:15,608][MedImageInsight.ImageEncoder.davit_v1][INFO] - => init blocks.2.1.spatial_block.window_attn.norm.bias from pretrained state dict
[2026-01-22 14:02:15,608][MedImageInsight.ImageEncoder.davit_v1][INFO] - => init blocks.2.1.spatial_block.window_attn.norm.weight from pretrained state dict
[2026-01-22 14:02:15,608][MedImageInsight.ImageEncoder.davit_v1][INFO] - => init blocks.2.2.channel_block.channel_attn.fn.proj.bias from pretrained state dict
[2026-01-22 14:02:15,608][MedImageInsight.ImageEncoder.davit_v1][INFO] - => init blocks.2.2.channel_block.channel_attn.fn.proj.weight from pretrained state dict
[2026-01-22 14:02:15,608][MedImageInsight.ImageEncoder.davit_v1][INFO] - => init blocks.2.2.channel_block.channel_attn.fn.qkv.bias from pretrained state dict
[2026-01-22 14:02:15,608][MedImageInsight.ImageEncoder.davit_v1][INFO] - => init blocks.2.2.channel_block.channel_attn.fn.qkv.weight from pretrained state dict
[2026-01-22 14:02:15,608][MedImageInsight.ImageEncoder.davit_v1][INFO] - => init blocks.2.2.channel_block.channel_attn.norm.bias from pretrained state dict
[2026-01-22 14:02:15,608][MedImageInsight.ImageEncoder.davit_v1][INFO] - => init blocks.2.2.channel_block.channel_attn.norm.weight from pretrained state dict
[2026-01-22 14:02:15,608][MedImageInsight.ImageEncoder.davit_v1][INFO] - => init blocks.2.2.channel_block.conv1.fn.dw.bias from pretrained state dict
[2026-01-22 14:02:15,608][MedImageInsight.ImageEncoder.davit_v1][INFO] - => init blocks.2.2.channel_block.conv1.fn.dw.weight from pretrained state dict
[2026-01-22 14:02:15,608][MedImageInsight.ImageEncoder.davit_v1][INFO] - => init blocks.2.2.channel_block.conv2.fn.dw.bias from pretrained state dict
[2026-01-22 14:02:15,608][MedImageInsight.ImageEncoder.davit_v1][INFO] - => init blocks.2.2.channel_block.conv2.fn.dw.weight from pretrained state dict
[2026-01-22 14:02:15,608][MedImageInsight.ImageEncoder.davit_v1][INFO] - => init blocks.2.2.channel_block.ffn.fn.net.fc1.bias from pretrained state dict
[2026-01-22 14:02:15,608][MedImageInsight.ImageEncoder.davit_v1][INFO] - => init blocks.2.2.channel_block.ffn.fn.net.fc1.weight from pretrained state dict
[2026-01-22 14:02:15,608][MedImageInsight.ImageEncoder.davit_v1][INFO] - => init blocks.2.2.channel_block.ffn.fn.net.fc2.bias from pretrained state dict
[2026-01-22 14:02:15,608][MedImageInsight.ImageEncoder.davit_v1][INFO] - => init blocks.2.2.channel_block.ffn.fn.net.fc2.weight from pretrained state dict
[2026-01-22 14:02:15,608][MedImageInsight.ImageEncoder.davit_v1][INFO] - => init blocks.2.2.channel_block.ffn.norm.bias from pretrained state dict
[2026-01-22 14:02:15,608][MedImageInsight.ImageEncoder.davit_v1][INFO] - => init blocks.2.2.channel_block.ffn.norm.weight from pretrained state dict
[2026-01-22 14:02:15,608][MedImageInsight.ImageEncoder.davit_v1][INFO] - => init blocks.2.2.spatial_block.conv1.fn.dw.bias from pretrained state dict
[2026-01-22 14:02:15,608][MedImageInsight.ImageEncoder.davit_v1][INFO] - => init blocks.2.2.spatial_block.conv1.fn.dw.weight from pretrained state dict
[2026-01-22 14:02:15,608][MedImageInsight.ImageEncoder.davit_v1][INFO] - => init blocks.2.2.spatial_block.conv2.fn.dw.bias from pretrained state dict
[2026-01-22 14:02:15,608][MedImageInsight.ImageEncoder.davit_v1][INFO] - => init blocks.2.2.spatial_block.conv2.fn.dw.weight from pretrained state dict
[2026-01-22 14:02:15,608][MedImageInsight.ImageEncoder.davit_v1][INFO] - => init blocks.2.2.spatial_block.ffn.fn.net.fc1.bias from pretrained state dict
[2026-01-22 14:02:15,608][MedImageInsight.ImageEncoder.davit_v1][INFO] - => init blocks.2.2.spatial_block.ffn.fn.net.fc1.weight from pretrained state dict
[2026-01-22 14:02:15,608][MedImageInsight.ImageEncoder.davit_v1][INFO] - => init blocks.2.2.spatial_block.ffn.fn.net.fc2.bias from pretrained state dict
[2026-01-22 14:02:15,608][MedImageInsight.ImageEncoder.davit_v1][INFO] - => init blocks.2.2.spatial_block.ffn.fn.net.fc2.weight from pretrained state dict
[2026-01-22 14:02:15,608][MedImageInsight.ImageEncoder.davit_v1][INFO] - => init blocks.2.2.spatial_block.ffn.norm.bias from pretrained state dict
[2026-01-22 14:02:15,608][MedImageInsight.ImageEncoder.davit_v1][INFO] - => init blocks.2.2.spatial_block.ffn.norm.weight from pretrained state dict
[2026-01-22 14:02:15,609][MedImageInsight.ImageEncoder.davit_v1][INFO] - => init blocks.2.2.spatial_block.window_attn.fn.proj.bias from pretrained state dict
[2026-01-22 14:02:15,609][MedImageInsight.ImageEncoder.davit_v1][INFO] - => init blocks.2.2.spatial_block.window_attn.fn.proj.weight from pretrained state dict
[2026-01-22 14:02:15,609][MedImageInsight.ImageEncoder.davit_v1][INFO] - => init blocks.2.2.spatial_block.window_attn.fn.qkv.bias from pretrained state dict
[2026-01-22 14:02:15,609][MedImageInsight.ImageEncoder.davit_v1][INFO] - => init blocks.2.2.spatial_block.window_attn.fn.qkv.weight from pretrained state dict
[2026-01-22 14:02:15,609][MedImageInsight.ImageEncoder.davit_v1][INFO] - => init blocks.2.2.spatial_block.window_attn.norm.bias from pretrained state dict
[2026-01-22 14:02:15,609][MedImageInsight.ImageEncoder.davit_v1][INFO] - => init blocks.2.2.spatial_block.window_attn.norm.weight from pretrained state dict
[2026-01-22 14:02:15,609][MedImageInsight.ImageEncoder.davit_v1][INFO] - => init blocks.2.3.channel_block.channel_attn.fn.proj.bias from pretrained state dict
[2026-01-22 14:02:15,609][MedImageInsight.ImageEncoder.davit_v1][INFO] - => init blocks.2.3.channel_block.channel_attn.fn.proj.weight from pretrained state dict
[2026-01-22 14:02:15,609][MedImageInsight.ImageEncoder.davit_v1][INFO] - => init blocks.2.3.channel_block.channel_attn.fn.qkv.bias from pretrained state dict
[2026-01-22 14:02:15,609][MedImageInsight.ImageEncoder.davit_v1][INFO] - => init blocks.2.3.channel_block.channel_attn.fn.qkv.weight from pretrained state dict
[2026-01-22 14:02:15,609][MedImageInsight.ImageEncoder.davit_v1][INFO] - => init blocks.2.3.channel_block.channel_attn.norm.bias from pretrained state dict
[2026-01-22 14:02:15,609][MedImageInsight.ImageEncoder.davit_v1][INFO] - => init blocks.2.3.channel_block.channel_attn.norm.weight from pretrained state dict
[2026-01-22 14:02:15,609][MedImageInsight.ImageEncoder.davit_v1][INFO] - => init blocks.2.3.channel_block.conv1.fn.dw.bias from pretrained state dict
[2026-01-22 14:02:15,609][MedImageInsight.ImageEncoder.davit_v1][INFO] - => init blocks.2.3.channel_block.conv1.fn.dw.weight from pretrained state dict
[2026-01-22 14:02:15,609][MedImageInsight.ImageEncoder.davit_v1][INFO] - => init blocks.2.3.channel_block.conv2.fn.dw.bias from pretrained state dict
[2026-01-22 14:02:15,609][MedImageInsight.ImageEncoder.davit_v1][INFO] - => init blocks.2.3.channel_block.conv2.fn.dw.weight from pretrained state dict
[2026-01-22 14:02:15,609][MedImageInsight.ImageEncoder.davit_v1][INFO] - => init blocks.2.3.channel_block.ffn.fn.net.fc1.bias from pretrained state dict
[2026-01-22 14:02:15,609][MedImageInsight.ImageEncoder.davit_v1][INFO] - => init blocks.2.3.channel_block.ffn.fn.net.fc1.weight from pretrained state dict
[2026-01-22 14:02:15,609][MedImageInsight.ImageEncoder.davit_v1][INFO] - => init blocks.2.3.channel_block.ffn.fn.net.fc2.bias from pretrained state dict
[2026-01-22 14:02:15,609][MedImageInsight.ImageEncoder.davit_v1][INFO] - => init blocks.2.3.channel_block.ffn.fn.net.fc2.weight from pretrained state dict
[2026-01-22 14:02:15,609][MedImageInsight.ImageEncoder.davit_v1][INFO] - => init blocks.2.3.channel_block.ffn.norm.bias from pretrained state dict
[2026-01-22 14:02:15,609][MedImageInsight.ImageEncoder.davit_v1][INFO] - => init blocks.2.3.channel_block.ffn.norm.weight from pretrained state dict
[2026-01-22 14:02:15,609][MedImageInsight.ImageEncoder.davit_v1][INFO] - => init blocks.2.3.spatial_block.conv1.fn.dw.bias from pretrained state dict
[2026-01-22 14:02:15,609][MedImageInsight.ImageEncoder.davit_v1][INFO] - => init blocks.2.3.spatial_block.conv1.fn.dw.weight from pretrained state dict
[2026-01-22 14:02:15,609][MedImageInsight.ImageEncoder.davit_v1][INFO] - => init blocks.2.3.spatial_block.conv2.fn.dw.bias from pretrained state dict
[2026-01-22 14:02:15,609][MedImageInsight.ImageEncoder.davit_v1][INFO] - => init blocks.2.3.spatial_block.conv2.fn.dw.weight from pretrained state dict
[2026-01-22 14:02:15,609][MedImageInsight.ImageEncoder.davit_v1][INFO] - => init blocks.2.3.spatial_block.ffn.fn.net.fc1.bias from pretrained state dict
[2026-01-22 14:02:15,609][MedImageInsight.ImageEncoder.davit_v1][INFO] - => init blocks.2.3.spatial_block.ffn.fn.net.fc1.weight from pretrained state dict
[2026-01-22 14:02:15,609][MedImageInsight.ImageEncoder.davit_v1][INFO] - => init blocks.2.3.spatial_block.ffn.fn.net.fc2.bias from pretrained state dict
[2026-01-22 14:02:15,609][MedImageInsight.ImageEncoder.davit_v1][INFO] - => init blocks.2.3.spatial_block.ffn.fn.net.fc2.weight from pretrained state dict
[2026-01-22 14:02:15,609][MedImageInsight.ImageEncoder.davit_v1][INFO] - => init blocks.2.3.spatial_block.ffn.norm.bias from pretrained state dict
[2026-01-22 14:02:15,609][MedImageInsight.ImageEncoder.davit_v1][INFO] - => init blocks.2.3.spatial_block.ffn.norm.weight from pretrained state dict
[2026-01-22 14:02:15,609][MedImageInsight.ImageEncoder.davit_v1][INFO] - => init blocks.2.3.spatial_block.window_attn.fn.proj.bias from pretrained state dict
[2026-01-22 14:02:15,609][MedImageInsight.ImageEncoder.davit_v1][INFO] - => init blocks.2.3.spatial_block.window_attn.fn.proj.weight from pretrained state dict
[2026-01-22 14:02:15,609][MedImageInsight.ImageEncoder.davit_v1][INFO] - => init blocks.2.3.spatial_block.window_attn.fn.qkv.bias from pretrained state dict
[2026-01-22 14:02:15,609][MedImageInsight.ImageEncoder.davit_v1][INFO] - => init blocks.2.3.spatial_block.window_attn.fn.qkv.weight from pretrained state dict
[2026-01-22 14:02:15,609][MedImageInsight.ImageEncoder.davit_v1][INFO] - => init blocks.2.3.spatial_block.window_attn.norm.bias from pretrained state dict
[2026-01-22 14:02:15,609][MedImageInsight.ImageEncoder.davit_v1][INFO] - => init blocks.2.3.spatial_block.window_attn.norm.weight from pretrained state dict
[2026-01-22 14:02:15,609][MedImageInsight.ImageEncoder.davit_v1][INFO] - => init blocks.2.4.channel_block.channel_attn.fn.proj.bias from pretrained state dict
[2026-01-22 14:02:15,609][MedImageInsight.ImageEncoder.davit_v1][INFO] - => init blocks.2.4.channel_block.channel_attn.fn.proj.weight from pretrained state dict
[2026-01-22 14:02:15,609][MedImageInsight.ImageEncoder.davit_v1][INFO] - => init blocks.2.4.channel_block.channel_attn.fn.qkv.bias from pretrained state dict
[2026-01-22 14:02:15,609][MedImageInsight.ImageEncoder.davit_v1][INFO] - => init blocks.2.4.channel_block.channel_attn.fn.qkv.weight from pretrained state dict
[2026-01-22 14:02:15,609][MedImageInsight.ImageEncoder.davit_v1][INFO] - => init blocks.2.4.channel_block.channel_attn.norm.bias from pretrained state dict
[2026-01-22 14:02:15,609][MedImageInsight.ImageEncoder.davit_v1][INFO] - => init blocks.2.4.channel_block.channel_attn.norm.weight from pretrained state dict
[2026-01-22 14:02:15,609][MedImageInsight.ImageEncoder.davit_v1][INFO] - => init blocks.2.4.channel_block.conv1.fn.dw.bias from pretrained state dict
[2026-01-22 14:02:15,609][MedImageInsight.ImageEncoder.davit_v1][INFO] - => init blocks.2.4.channel_block.conv1.fn.dw.weight from pretrained state dict
[2026-01-22 14:02:15,609][MedImageInsight.ImageEncoder.davit_v1][INFO] - => init blocks.2.4.channel_block.conv2.fn.dw.bias from pretrained state dict
[2026-01-22 14:02:15,609][MedImageInsight.ImageEncoder.davit_v1][INFO] - => init blocks.2.4.channel_block.conv2.fn.dw.weight from pretrained state dict
[2026-01-22 14:02:15,609][MedImageInsight.ImageEncoder.davit_v1][INFO] - => init blocks.2.4.channel_block.ffn.fn.net.fc1.bias from pretrained state dict
[2026-01-22 14:02:15,609][MedImageInsight.ImageEncoder.davit_v1][INFO] - => init blocks.2.4.channel_block.ffn.fn.net.fc1.weight from pretrained state dict
[2026-01-22 14:02:15,609][MedImageInsight.ImageEncoder.davit_v1][INFO] - => init blocks.2.4.channel_block.ffn.fn.net.fc2.bias from pretrained state dict
[2026-01-22 14:02:15,609][MedImageInsight.ImageEncoder.davit_v1][INFO] - => init blocks.2.4.channel_block.ffn.fn.net.fc2.weight from pretrained state dict
[2026-01-22 14:02:15,609][MedImageInsight.ImageEncoder.davit_v1][INFO] - => init blocks.2.4.channel_block.ffn.norm.bias from pretrained state dict
[2026-01-22 14:02:15,609][MedImageInsight.ImageEncoder.davit_v1][INFO] - => init blocks.2.4.channel_block.ffn.norm.weight from pretrained state dict
[2026-01-22 14:02:15,609][MedImageInsight.ImageEncoder.davit_v1][INFO] - => init blocks.2.4.spatial_block.conv1.fn.dw.bias from pretrained state dict
[2026-01-22 14:02:15,609][MedImageInsight.ImageEncoder.davit_v1][INFO] - => init blocks.2.4.spatial_block.conv1.fn.dw.weight from pretrained state dict
[2026-01-22 14:02:15,609][MedImageInsight.ImageEncoder.davit_v1][INFO] - => init blocks.2.4.spatial_block.conv2.fn.dw.bias from pretrained state dict
[2026-01-22 14:02:15,609][MedImageInsight.ImageEncoder.davit_v1][INFO] - => init blocks.2.4.spatial_block.conv2.fn.dw.weight from pretrained state dict
[2026-01-22 14:02:15,609][MedImageInsight.ImageEncoder.davit_v1][INFO] - => init blocks.2.4.spatial_block.ffn.fn.net.fc1.bias from pretrained state dict
[2026-01-22 14:02:15,609][MedImageInsight.ImageEncoder.davit_v1][INFO] - => init blocks.2.4.spatial_block.ffn.fn.net.fc1.weight from pretrained state dict
[2026-01-22 14:02:15,609][MedImageInsight.ImageEncoder.davit_v1][INFO] - => init blocks.2.4.spatial_block.ffn.fn.net.fc2.bias from pretrained state dict
[2026-01-22 14:02:15,609][MedImageInsight.ImageEncoder.davit_v1][INFO] - => init blocks.2.4.spatial_block.ffn.fn.net.fc2.weight from pretrained state dict
[2026-01-22 14:02:15,610][MedImageInsight.ImageEncoder.davit_v1][INFO] - => init blocks.2.4.spatial_block.ffn.norm.bias from pretrained state dict
[2026-01-22 14:02:15,610][MedImageInsight.ImageEncoder.davit_v1][INFO] - => init blocks.2.4.spatial_block.ffn.norm.weight from pretrained state dict
[2026-01-22 14:02:15,610][MedImageInsight.ImageEncoder.davit_v1][INFO] - => init blocks.2.4.spatial_block.window_attn.fn.proj.bias from pretrained state dict
[2026-01-22 14:02:15,610][MedImageInsight.ImageEncoder.davit_v1][INFO] - => init blocks.2.4.spatial_block.window_attn.fn.proj.weight from pretrained state dict
[2026-01-22 14:02:15,610][MedImageInsight.ImageEncoder.davit_v1][INFO] - => init blocks.2.4.spatial_block.window_attn.fn.qkv.bias from pretrained state dict
[2026-01-22 14:02:15,610][MedImageInsight.ImageEncoder.davit_v1][INFO] - => init blocks.2.4.spatial_block.window_attn.fn.qkv.weight from pretrained state dict
[2026-01-22 14:02:15,610][MedImageInsight.ImageEncoder.davit_v1][INFO] - => init blocks.2.4.spatial_block.window_attn.norm.bias from pretrained state dict
[2026-01-22 14:02:15,610][MedImageInsight.ImageEncoder.davit_v1][INFO] - => init blocks.2.4.spatial_block.window_attn.norm.weight from pretrained state dict
[2026-01-22 14:02:15,610][MedImageInsight.ImageEncoder.davit_v1][INFO] - => init blocks.2.5.channel_block.channel_attn.fn.proj.bias from pretrained state dict
[2026-01-22 14:02:15,610][MedImageInsight.ImageEncoder.davit_v1][INFO] - => init blocks.2.5.channel_block.channel_attn.fn.proj.weight from pretrained state dict
[2026-01-22 14:02:15,610][MedImageInsight.ImageEncoder.davit_v1][INFO] - => init blocks.2.5.channel_block.channel_attn.fn.qkv.bias from pretrained state dict
[2026-01-22 14:02:15,610][MedImageInsight.ImageEncoder.davit_v1][INFO] - => init blocks.2.5.channel_block.channel_attn.fn.qkv.weight from pretrained state dict
[2026-01-22 14:02:15,610][MedImageInsight.ImageEncoder.davit_v1][INFO] - => init blocks.2.5.channel_block.channel_attn.norm.bias from pretrained state dict
[2026-01-22 14:02:15,610][MedImageInsight.ImageEncoder.davit_v1][INFO] - => init blocks.2.5.channel_block.channel_attn.norm.weight from pretrained state dict
[2026-01-22 14:02:15,610][MedImageInsight.ImageEncoder.davit_v1][INFO] - => init blocks.2.5.channel_block.conv1.fn.dw.bias from pretrained state dict
[2026-01-22 14:02:15,610][MedImageInsight.ImageEncoder.davit_v1][INFO] - => init blocks.2.5.channel_block.conv1.fn.dw.weight from pretrained state dict
[2026-01-22 14:02:15,610][MedImageInsight.ImageEncoder.davit_v1][INFO] - => init blocks.2.5.channel_block.conv2.fn.dw.bias from pretrained state dict
[2026-01-22 14:02:15,610][MedImageInsight.ImageEncoder.davit_v1][INFO] - => init blocks.2.5.channel_block.conv2.fn.dw.weight from pretrained state dict
[2026-01-22 14:02:15,610][MedImageInsight.ImageEncoder.davit_v1][INFO] - => init blocks.2.5.channel_block.ffn.fn.net.fc1.bias from pretrained state dict
[2026-01-22 14:02:15,610][MedImageInsight.ImageEncoder.davit_v1][INFO] - => init blocks.2.5.channel_block.ffn.fn.net.fc1.weight from pretrained state dict
[2026-01-22 14:02:15,610][MedImageInsight.ImageEncoder.davit_v1][INFO] - => init blocks.2.5.channel_block.ffn.fn.net.fc2.bias from pretrained state dict
[2026-01-22 14:02:15,610][MedImageInsight.ImageEncoder.davit_v1][INFO] - => init blocks.2.5.channel_block.ffn.fn.net.fc2.weight from pretrained state dict
[2026-01-22 14:02:15,610][MedImageInsight.ImageEncoder.davit_v1][INFO] - => init blocks.2.5.channel_block.ffn.norm.bias from pretrained state dict
[2026-01-22 14:02:15,610][MedImageInsight.ImageEncoder.davit_v1][INFO] - => init blocks.2.5.channel_block.ffn.norm.weight from pretrained state dict
[2026-01-22 14:02:15,610][MedImageInsight.ImageEncoder.davit_v1][INFO] - => init blocks.2.5.spatial_block.conv1.fn.dw.bias from pretrained state dict
[2026-01-22 14:02:15,610][MedImageInsight.ImageEncoder.davit_v1][INFO] - => init blocks.2.5.spatial_block.conv1.fn.dw.weight from pretrained state dict
[2026-01-22 14:02:15,610][MedImageInsight.ImageEncoder.davit_v1][INFO] - => init blocks.2.5.spatial_block.conv2.fn.dw.bias from pretrained state dict
[2026-01-22 14:02:15,610][MedImageInsight.ImageEncoder.davit_v1][INFO] - => init blocks.2.5.spatial_block.conv2.fn.dw.weight from pretrained state dict
[2026-01-22 14:02:15,610][MedImageInsight.ImageEncoder.davit_v1][INFO] - => init blocks.2.5.spatial_block.ffn.fn.net.fc1.bias from pretrained state dict
[2026-01-22 14:02:15,610][MedImageInsight.ImageEncoder.davit_v1][INFO] - => init blocks.2.5.spatial_block.ffn.fn.net.fc1.weight from pretrained state dict
[2026-01-22 14:02:15,610][MedImageInsight.ImageEncoder.davit_v1][INFO] - => init blocks.2.5.spatial_block.ffn.fn.net.fc2.bias from pretrained state dict
[2026-01-22 14:02:15,610][MedImageInsight.ImageEncoder.davit_v1][INFO] - => init blocks.2.5.spatial_block.ffn.fn.net.fc2.weight from pretrained state dict
[2026-01-22 14:02:15,610][MedImageInsight.ImageEncoder.davit_v1][INFO] - => init blocks.2.5.spatial_block.ffn.norm.bias from pretrained state dict
[2026-01-22 14:02:15,610][MedImageInsight.ImageEncoder.davit_v1][INFO] - => init blocks.2.5.spatial_block.ffn.norm.weight from pretrained state dict
[2026-01-22 14:02:15,610][MedImageInsight.ImageEncoder.davit_v1][INFO] - => init blocks.2.5.spatial_block.window_attn.fn.proj.bias from pretrained state dict
[2026-01-22 14:02:15,610][MedImageInsight.ImageEncoder.davit_v1][INFO] - => init blocks.2.5.spatial_block.window_attn.fn.proj.weight from pretrained state dict
[2026-01-22 14:02:15,610][MedImageInsight.ImageEncoder.davit_v1][INFO] - => init blocks.2.5.spatial_block.window_attn.fn.qkv.bias from pretrained state dict
[2026-01-22 14:02:15,610][MedImageInsight.ImageEncoder.davit_v1][INFO] - => init blocks.2.5.spatial_block.window_attn.fn.qkv.weight from pretrained state dict
[2026-01-22 14:02:15,610][MedImageInsight.ImageEncoder.davit_v1][INFO] - => init blocks.2.5.spatial_block.window_attn.norm.bias from pretrained state dict
[2026-01-22 14:02:15,610][MedImageInsight.ImageEncoder.davit_v1][INFO] - => init blocks.2.5.spatial_block.window_attn.norm.weight from pretrained state dict
[2026-01-22 14:02:15,610][MedImageInsight.ImageEncoder.davit_v1][INFO] - => init blocks.2.6.channel_block.channel_attn.fn.proj.bias from pretrained state dict
[2026-01-22 14:02:15,610][MedImageInsight.ImageEncoder.davit_v1][INFO] - => init blocks.2.6.channel_block.channel_attn.fn.proj.weight from pretrained state dict
[2026-01-22 14:02:15,610][MedImageInsight.ImageEncoder.davit_v1][INFO] - => init blocks.2.6.channel_block.channel_attn.fn.qkv.bias from pretrained state dict
[2026-01-22 14:02:15,610][MedImageInsight.ImageEncoder.davit_v1][INFO] - => init blocks.2.6.channel_block.channel_attn.fn.qkv.weight from pretrained state dict
[2026-01-22 14:02:15,610][MedImageInsight.ImageEncoder.davit_v1][INFO] - => init blocks.2.6.channel_block.channel_attn.norm.bias from pretrained state dict
[2026-01-22 14:02:15,610][MedImageInsight.ImageEncoder.davit_v1][INFO] - => init blocks.2.6.channel_block.channel_attn.norm.weight from pretrained state dict
[2026-01-22 14:02:15,610][MedImageInsight.ImageEncoder.davit_v1][INFO] - => init blocks.2.6.channel_block.conv1.fn.dw.bias from pretrained state dict
[2026-01-22 14:02:15,610][MedImageInsight.ImageEncoder.davit_v1][INFO] - => init blocks.2.6.channel_block.conv1.fn.dw.weight from pretrained state dict
[2026-01-22 14:02:15,610][MedImageInsight.ImageEncoder.davit_v1][INFO] - => init blocks.2.6.channel_block.conv2.fn.dw.bias from pretrained state dict
[2026-01-22 14:02:15,610][MedImageInsight.ImageEncoder.davit_v1][INFO] - => init blocks.2.6.channel_block.conv2.fn.dw.weight from pretrained state dict
[2026-01-22 14:02:15,610][MedImageInsight.ImageEncoder.davit_v1][INFO] - => init blocks.2.6.channel_block.ffn.fn.net.fc1.bias from pretrained state dict
[2026-01-22 14:02:15,610][MedImageInsight.ImageEncoder.davit_v1][INFO] - => init blocks.2.6.channel_block.ffn.fn.net.fc1.weight from pretrained state dict
[2026-01-22 14:02:15,610][MedImageInsight.ImageEncoder.davit_v1][INFO] - => init blocks.2.6.channel_block.ffn.fn.net.fc2.bias from pretrained state dict
[2026-01-22 14:02:15,610][MedImageInsight.ImageEncoder.davit_v1][INFO] - => init blocks.2.6.channel_block.ffn.fn.net.fc2.weight from pretrained state dict
[2026-01-22 14:02:15,610][MedImageInsight.ImageEncoder.davit_v1][INFO] - => init blocks.2.6.channel_block.ffn.norm.bias from pretrained state dict
[2026-01-22 14:02:15,610][MedImageInsight.ImageEncoder.davit_v1][INFO] - => init blocks.2.6.channel_block.ffn.norm.weight from pretrained state dict
[2026-01-22 14:02:15,610][MedImageInsight.ImageEncoder.davit_v1][INFO] - => init blocks.2.6.spatial_block.conv1.fn.dw.bias from pretrained state dict
[2026-01-22 14:02:15,610][MedImageInsight.ImageEncoder.davit_v1][INFO] - => init blocks.2.6.spatial_block.conv1.fn.dw.weight from pretrained state dict
[2026-01-22 14:02:15,610][MedImageInsight.ImageEncoder.davit_v1][INFO] - => init blocks.2.6.spatial_block.conv2.fn.dw.bias from pretrained state dict
[2026-01-22 14:02:15,610][MedImageInsight.ImageEncoder.davit_v1][INFO] - => init blocks.2.6.spatial_block.conv2.fn.dw.weight from pretrained state dict
[2026-01-22 14:02:15,610][MedImageInsight.ImageEncoder.davit_v1][INFO] - => init blocks.2.6.spatial_block.ffn.fn.net.fc1.bias from pretrained state dict
[2026-01-22 14:02:15,610][MedImageInsight.ImageEncoder.davit_v1][INFO] - => init blocks.2.6.spatial_block.ffn.fn.net.fc1.weight from pretrained state dict
[2026-01-22 14:02:15,611][MedImageInsight.ImageEncoder.davit_v1][INFO] - => init blocks.2.6.spatial_block.ffn.fn.net.fc2.bias from pretrained state dict
[2026-01-22 14:02:15,611][MedImageInsight.ImageEncoder.davit_v1][INFO] - => init blocks.2.6.spatial_block.ffn.fn.net.fc2.weight from pretrained state dict
[2026-01-22 14:02:15,611][MedImageInsight.ImageEncoder.davit_v1][INFO] - => init blocks.2.6.spatial_block.ffn.norm.bias from pretrained state dict
[2026-01-22 14:02:15,611][MedImageInsight.ImageEncoder.davit_v1][INFO] - => init blocks.2.6.spatial_block.ffn.norm.weight from pretrained state dict
[2026-01-22 14:02:15,611][MedImageInsight.ImageEncoder.davit_v1][INFO] - => init blocks.2.6.spatial_block.window_attn.fn.proj.bias from pretrained state dict
[2026-01-22 14:02:15,611][MedImageInsight.ImageEncoder.davit_v1][INFO] - => init blocks.2.6.spatial_block.window_attn.fn.proj.weight from pretrained state dict
[2026-01-22 14:02:15,611][MedImageInsight.ImageEncoder.davit_v1][INFO] - => init blocks.2.6.spatial_block.window_attn.fn.qkv.bias from pretrained state dict
[2026-01-22 14:02:15,611][MedImageInsight.ImageEncoder.davit_v1][INFO] - => init blocks.2.6.spatial_block.window_attn.fn.qkv.weight from pretrained state dict
[2026-01-22 14:02:15,611][MedImageInsight.ImageEncoder.davit_v1][INFO] - => init blocks.2.6.spatial_block.window_attn.norm.bias from pretrained state dict
[2026-01-22 14:02:15,611][MedImageInsight.ImageEncoder.davit_v1][INFO] - => init blocks.2.6.spatial_block.window_attn.norm.weight from pretrained state dict
[2026-01-22 14:02:15,611][MedImageInsight.ImageEncoder.davit_v1][INFO] - => init blocks.2.7.channel_block.channel_attn.fn.proj.bias from pretrained state dict
[2026-01-22 14:02:15,611][MedImageInsight.ImageEncoder.davit_v1][INFO] - => init blocks.2.7.channel_block.channel_attn.fn.proj.weight from pretrained state dict
[2026-01-22 14:02:15,611][MedImageInsight.ImageEncoder.davit_v1][INFO] - => init blocks.2.7.channel_block.channel_attn.fn.qkv.bias from pretrained state dict
[2026-01-22 14:02:15,611][MedImageInsight.ImageEncoder.davit_v1][INFO] - => init blocks.2.7.channel_block.channel_attn.fn.qkv.weight from pretrained state dict
[2026-01-22 14:02:15,611][MedImageInsight.ImageEncoder.davit_v1][INFO] - => init blocks.2.7.channel_block.channel_attn.norm.bias from pretrained state dict
[2026-01-22 14:02:15,611][MedImageInsight.ImageEncoder.davit_v1][INFO] - => init blocks.2.7.channel_block.channel_attn.norm.weight from pretrained state dict
[2026-01-22 14:02:15,611][MedImageInsight.ImageEncoder.davit_v1][INFO] - => init blocks.2.7.channel_block.conv1.fn.dw.bias from pretrained state dict
[2026-01-22 14:02:15,611][MedImageInsight.ImageEncoder.davit_v1][INFO] - => init blocks.2.7.channel_block.conv1.fn.dw.weight from pretrained state dict
[2026-01-22 14:02:15,611][MedImageInsight.ImageEncoder.davit_v1][INFO] - => init blocks.2.7.channel_block.conv2.fn.dw.bias from pretrained state dict
[2026-01-22 14:02:15,611][MedImageInsight.ImageEncoder.davit_v1][INFO] - => init blocks.2.7.channel_block.conv2.fn.dw.weight from pretrained state dict
[2026-01-22 14:02:15,611][MedImageInsight.ImageEncoder.davit_v1][INFO] - => init blocks.2.7.channel_block.ffn.fn.net.fc1.bias from pretrained state dict
[2026-01-22 14:02:15,611][MedImageInsight.ImageEncoder.davit_v1][INFO] - => init blocks.2.7.channel_block.ffn.fn.net.fc1.weight from pretrained state dict
[2026-01-22 14:02:15,611][MedImageInsight.ImageEncoder.davit_v1][INFO] - => init blocks.2.7.channel_block.ffn.fn.net.fc2.bias from pretrained state dict
[2026-01-22 14:02:15,611][MedImageInsight.ImageEncoder.davit_v1][INFO] - => init blocks.2.7.channel_block.ffn.fn.net.fc2.weight from pretrained state dict
[2026-01-22 14:02:15,611][MedImageInsight.ImageEncoder.davit_v1][INFO] - => init blocks.2.7.channel_block.ffn.norm.bias from pretrained state dict
[2026-01-22 14:02:15,611][MedImageInsight.ImageEncoder.davit_v1][INFO] - => init blocks.2.7.channel_block.ffn.norm.weight from pretrained state dict
[2026-01-22 14:02:15,611][MedImageInsight.ImageEncoder.davit_v1][INFO] - => init blocks.2.7.spatial_block.conv1.fn.dw.bias from pretrained state dict
[2026-01-22 14:02:15,611][MedImageInsight.ImageEncoder.davit_v1][INFO] - => init blocks.2.7.spatial_block.conv1.fn.dw.weight from pretrained state dict
[2026-01-22 14:02:15,611][MedImageInsight.ImageEncoder.davit_v1][INFO] - => init blocks.2.7.spatial_block.conv2.fn.dw.bias from pretrained state dict
[2026-01-22 14:02:15,611][MedImageInsight.ImageEncoder.davit_v1][INFO] - => init blocks.2.7.spatial_block.conv2.fn.dw.weight from pretrained state dict
[2026-01-22 14:02:15,611][MedImageInsight.ImageEncoder.davit_v1][INFO] - => init blocks.2.7.spatial_block.ffn.fn.net.fc1.bias from pretrained state dict
[2026-01-22 14:02:15,611][MedImageInsight.ImageEncoder.davit_v1][INFO] - => init blocks.2.7.spatial_block.ffn.fn.net.fc1.weight from pretrained state dict
[2026-01-22 14:02:15,611][MedImageInsight.ImageEncoder.davit_v1][INFO] - => init blocks.2.7.spatial_block.ffn.fn.net.fc2.bias from pretrained state dict
[2026-01-22 14:02:15,611][MedImageInsight.ImageEncoder.davit_v1][INFO] - => init blocks.2.7.spatial_block.ffn.fn.net.fc2.weight from pretrained state dict
[2026-01-22 14:02:15,611][MedImageInsight.ImageEncoder.davit_v1][INFO] - => init blocks.2.7.spatial_block.ffn.norm.bias from pretrained state dict
[2026-01-22 14:02:15,611][MedImageInsight.ImageEncoder.davit_v1][INFO] - => init blocks.2.7.spatial_block.ffn.norm.weight from pretrained state dict
[2026-01-22 14:02:15,611][MedImageInsight.ImageEncoder.davit_v1][INFO] - => init blocks.2.7.spatial_block.window_attn.fn.proj.bias from pretrained state dict
[2026-01-22 14:02:15,611][MedImageInsight.ImageEncoder.davit_v1][INFO] - => init blocks.2.7.spatial_block.window_attn.fn.proj.weight from pretrained state dict
[2026-01-22 14:02:15,611][MedImageInsight.ImageEncoder.davit_v1][INFO] - => init blocks.2.7.spatial_block.window_attn.fn.qkv.bias from pretrained state dict
[2026-01-22 14:02:15,611][MedImageInsight.ImageEncoder.davit_v1][INFO] - => init blocks.2.7.spatial_block.window_attn.fn.qkv.weight from pretrained state dict
[2026-01-22 14:02:15,611][MedImageInsight.ImageEncoder.davit_v1][INFO] - => init blocks.2.7.spatial_block.window_attn.norm.bias from pretrained state dict
[2026-01-22 14:02:15,611][MedImageInsight.ImageEncoder.davit_v1][INFO] - => init blocks.2.7.spatial_block.window_attn.norm.weight from pretrained state dict
[2026-01-22 14:02:15,611][MedImageInsight.ImageEncoder.davit_v1][INFO] - => init blocks.2.8.channel_block.channel_attn.fn.proj.bias from pretrained state dict
[2026-01-22 14:02:15,611][MedImageInsight.ImageEncoder.davit_v1][INFO] - => init blocks.2.8.channel_block.channel_attn.fn.proj.weight from pretrained state dict
[2026-01-22 14:02:15,611][MedImageInsight.ImageEncoder.davit_v1][INFO] - => init blocks.2.8.channel_block.channel_attn.fn.qkv.bias from pretrained state dict
[2026-01-22 14:02:15,611][MedImageInsight.ImageEncoder.davit_v1][INFO] - => init blocks.2.8.channel_block.channel_attn.fn.qkv.weight from pretrained state dict
[2026-01-22 14:02:15,611][MedImageInsight.ImageEncoder.davit_v1][INFO] - => init blocks.2.8.channel_block.channel_attn.norm.bias from pretrained state dict
[2026-01-22 14:02:15,611][MedImageInsight.ImageEncoder.davit_v1][INFO] - => init blocks.2.8.channel_block.channel_attn.norm.weight from pretrained state dict
[2026-01-22 14:02:15,611][MedImageInsight.ImageEncoder.davit_v1][INFO] - => init blocks.2.8.channel_block.conv1.fn.dw.bias from pretrained state dict
[2026-01-22 14:02:15,611][MedImageInsight.ImageEncoder.davit_v1][INFO] - => init blocks.2.8.channel_block.conv1.fn.dw.weight from pretrained state dict
[2026-01-22 14:02:15,611][MedImageInsight.ImageEncoder.davit_v1][INFO] - => init blocks.2.8.channel_block.conv2.fn.dw.bias from pretrained state dict
[2026-01-22 14:02:15,611][MedImageInsight.ImageEncoder.davit_v1][INFO] - => init blocks.2.8.channel_block.conv2.fn.dw.weight from pretrained state dict
[2026-01-22 14:02:15,611][MedImageInsight.ImageEncoder.davit_v1][INFO] - => init blocks.2.8.channel_block.ffn.fn.net.fc1.bias from pretrained state dict
[2026-01-22 14:02:15,611][MedImageInsight.ImageEncoder.davit_v1][INFO] - => init blocks.2.8.channel_block.ffn.fn.net.fc1.weight from pretrained state dict
[2026-01-22 14:02:15,611][MedImageInsight.ImageEncoder.davit_v1][INFO] - => init blocks.2.8.channel_block.ffn.fn.net.fc2.bias from pretrained state dict
[2026-01-22 14:02:15,611][MedImageInsight.ImageEncoder.davit_v1][INFO] - => init blocks.2.8.channel_block.ffn.fn.net.fc2.weight from pretrained state dict
[2026-01-22 14:02:15,611][MedImageInsight.ImageEncoder.davit_v1][INFO] - => init blocks.2.8.channel_block.ffn.norm.bias from pretrained state dict
[2026-01-22 14:02:15,611][MedImageInsight.ImageEncoder.davit_v1][INFO] - => init blocks.2.8.channel_block.ffn.norm.weight from pretrained state dict
[2026-01-22 14:02:15,611][MedImageInsight.ImageEncoder.davit_v1][INFO] - => init blocks.2.8.spatial_block.conv1.fn.dw.bias from pretrained state dict
[2026-01-22 14:02:15,611][MedImageInsight.ImageEncoder.davit_v1][INFO] - => init blocks.2.8.spatial_block.conv1.fn.dw.weight from pretrained state dict
[2026-01-22 14:02:15,611][MedImageInsight.ImageEncoder.davit_v1][INFO] - => init blocks.2.8.spatial_block.conv2.fn.dw.bias from pretrained state dict
[2026-01-22 14:02:15,611][MedImageInsight.ImageEncoder.davit_v1][INFO] - => init blocks.2.8.spatial_block.conv2.fn.dw.weight from pretrained state dict
[2026-01-22 14:02:15,612][MedImageInsight.ImageEncoder.davit_v1][INFO] - => init blocks.2.8.spatial_block.ffn.fn.net.fc1.bias from pretrained state dict
[2026-01-22 14:02:15,612][MedImageInsight.ImageEncoder.davit_v1][INFO] - => init blocks.2.8.spatial_block.ffn.fn.net.fc1.weight from pretrained state dict
[2026-01-22 14:02:15,612][MedImageInsight.ImageEncoder.davit_v1][INFO] - => init blocks.2.8.spatial_block.ffn.fn.net.fc2.bias from pretrained state dict
[2026-01-22 14:02:15,612][MedImageInsight.ImageEncoder.davit_v1][INFO] - => init blocks.2.8.spatial_block.ffn.fn.net.fc2.weight from pretrained state dict
[2026-01-22 14:02:15,612][MedImageInsight.ImageEncoder.davit_v1][INFO] - => init blocks.2.8.spatial_block.ffn.norm.bias from pretrained state dict
[2026-01-22 14:02:15,612][MedImageInsight.ImageEncoder.davit_v1][INFO] - => init blocks.2.8.spatial_block.ffn.norm.weight from pretrained state dict
[2026-01-22 14:02:15,612][MedImageInsight.ImageEncoder.davit_v1][INFO] - => init blocks.2.8.spatial_block.window_attn.fn.proj.bias from pretrained state dict
[2026-01-22 14:02:15,612][MedImageInsight.ImageEncoder.davit_v1][INFO] - => init blocks.2.8.spatial_block.window_attn.fn.proj.weight from pretrained state dict
[2026-01-22 14:02:15,612][MedImageInsight.ImageEncoder.davit_v1][INFO] - => init blocks.2.8.spatial_block.window_attn.fn.qkv.bias from pretrained state dict
[2026-01-22 14:02:15,612][MedImageInsight.ImageEncoder.davit_v1][INFO] - => init blocks.2.8.spatial_block.window_attn.fn.qkv.weight from pretrained state dict
[2026-01-22 14:02:15,612][MedImageInsight.ImageEncoder.davit_v1][INFO] - => init blocks.2.8.spatial_block.window_attn.norm.bias from pretrained state dict
[2026-01-22 14:02:15,612][MedImageInsight.ImageEncoder.davit_v1][INFO] - => init blocks.2.8.spatial_block.window_attn.norm.weight from pretrained state dict
[2026-01-22 14:02:15,612][MedImageInsight.ImageEncoder.davit_v1][INFO] - => init blocks.3.0.channel_block.channel_attn.fn.proj.bias from pretrained state dict
[2026-01-22 14:02:15,612][MedImageInsight.ImageEncoder.davit_v1][INFO] - => init blocks.3.0.channel_block.channel_attn.fn.proj.weight from pretrained state dict
[2026-01-22 14:02:15,612][MedImageInsight.ImageEncoder.davit_v1][INFO] - => init blocks.3.0.channel_block.channel_attn.fn.qkv.bias from pretrained state dict
[2026-01-22 14:02:15,612][MedImageInsight.ImageEncoder.davit_v1][INFO] - => init blocks.3.0.channel_block.channel_attn.fn.qkv.weight from pretrained state dict
[2026-01-22 14:02:15,612][MedImageInsight.ImageEncoder.davit_v1][INFO] - => init blocks.3.0.channel_block.channel_attn.norm.bias from pretrained state dict
[2026-01-22 14:02:15,612][MedImageInsight.ImageEncoder.davit_v1][INFO] - => init blocks.3.0.channel_block.channel_attn.norm.weight from pretrained state dict
[2026-01-22 14:02:15,612][MedImageInsight.ImageEncoder.davit_v1][INFO] - => init blocks.3.0.channel_block.conv1.fn.dw.bias from pretrained state dict
[2026-01-22 14:02:15,612][MedImageInsight.ImageEncoder.davit_v1][INFO] - => init blocks.3.0.channel_block.conv1.fn.dw.weight from pretrained state dict
[2026-01-22 14:02:15,612][MedImageInsight.ImageEncoder.davit_v1][INFO] - => init blocks.3.0.channel_block.conv2.fn.dw.bias from pretrained state dict
[2026-01-22 14:02:15,612][MedImageInsight.ImageEncoder.davit_v1][INFO] - => init blocks.3.0.channel_block.conv2.fn.dw.weight from pretrained state dict
[2026-01-22 14:02:15,612][MedImageInsight.ImageEncoder.davit_v1][INFO] - => init blocks.3.0.channel_block.ffn.fn.net.fc1.bias from pretrained state dict
[2026-01-22 14:02:15,612][MedImageInsight.ImageEncoder.davit_v1][INFO] - => init blocks.3.0.channel_block.ffn.fn.net.fc1.weight from pretrained state dict
[2026-01-22 14:02:15,612][MedImageInsight.ImageEncoder.davit_v1][INFO] - => init blocks.3.0.channel_block.ffn.fn.net.fc2.bias from pretrained state dict
[2026-01-22 14:02:15,612][MedImageInsight.ImageEncoder.davit_v1][INFO] - => init blocks.3.0.channel_block.ffn.fn.net.fc2.weight from pretrained state dict
[2026-01-22 14:02:15,612][MedImageInsight.ImageEncoder.davit_v1][INFO] - => init blocks.3.0.channel_block.ffn.norm.bias from pretrained state dict
[2026-01-22 14:02:15,612][MedImageInsight.ImageEncoder.davit_v1][INFO] - => init blocks.3.0.channel_block.ffn.norm.weight from pretrained state dict
[2026-01-22 14:02:15,612][MedImageInsight.ImageEncoder.davit_v1][INFO] - => init blocks.3.0.spatial_block.conv1.fn.dw.bias from pretrained state dict
[2026-01-22 14:02:15,612][MedImageInsight.ImageEncoder.davit_v1][INFO] - => init blocks.3.0.spatial_block.conv1.fn.dw.weight from pretrained state dict
[2026-01-22 14:02:15,612][MedImageInsight.ImageEncoder.davit_v1][INFO] - => init blocks.3.0.spatial_block.conv2.fn.dw.bias from pretrained state dict
[2026-01-22 14:02:15,612][MedImageInsight.ImageEncoder.davit_v1][INFO] - => init blocks.3.0.spatial_block.conv2.fn.dw.weight from pretrained state dict
[2026-01-22 14:02:15,612][MedImageInsight.ImageEncoder.davit_v1][INFO] - => init blocks.3.0.spatial_block.ffn.fn.net.fc1.bias from pretrained state dict
[2026-01-22 14:02:15,612][MedImageInsight.ImageEncoder.davit_v1][INFO] - => init blocks.3.0.spatial_block.ffn.fn.net.fc1.weight from pretrained state dict
[2026-01-22 14:02:15,612][MedImageInsight.ImageEncoder.davit_v1][INFO] - => init blocks.3.0.spatial_block.ffn.fn.net.fc2.bias from pretrained state dict
[2026-01-22 14:02:15,612][MedImageInsight.ImageEncoder.davit_v1][INFO] - => init blocks.3.0.spatial_block.ffn.fn.net.fc2.weight from pretrained state dict
[2026-01-22 14:02:15,612][MedImageInsight.ImageEncoder.davit_v1][INFO] - => init blocks.3.0.spatial_block.ffn.norm.bias from pretrained state dict
[2026-01-22 14:02:15,612][MedImageInsight.ImageEncoder.davit_v1][INFO] - => init blocks.3.0.spatial_block.ffn.norm.weight from pretrained state dict
[2026-01-22 14:02:15,612][MedImageInsight.ImageEncoder.davit_v1][INFO] - => init blocks.3.0.spatial_block.window_attn.fn.proj.bias from pretrained state dict
[2026-01-22 14:02:15,612][MedImageInsight.ImageEncoder.davit_v1][INFO] - => init blocks.3.0.spatial_block.window_attn.fn.proj.weight from pretrained state dict
[2026-01-22 14:02:15,612][MedImageInsight.ImageEncoder.davit_v1][INFO] - => init blocks.3.0.spatial_block.window_attn.fn.qkv.bias from pretrained state dict
[2026-01-22 14:02:15,612][MedImageInsight.ImageEncoder.davit_v1][INFO] - => init blocks.3.0.spatial_block.window_attn.fn.qkv.weight from pretrained state dict
[2026-01-22 14:02:15,612][MedImageInsight.ImageEncoder.davit_v1][INFO] - => init blocks.3.0.spatial_block.window_attn.norm.bias from pretrained state dict
[2026-01-22 14:02:15,612][MedImageInsight.ImageEncoder.davit_v1][INFO] - => init blocks.3.0.spatial_block.window_attn.norm.weight from pretrained state dict
[2026-01-22 14:02:15,612][MedImageInsight.ImageEncoder.davit_v1][INFO] - => init convs.0.norm.bias from pretrained state dict
[2026-01-22 14:02:15,612][MedImageInsight.ImageEncoder.davit_v1][INFO] - => init convs.0.norm.weight from pretrained state dict
[2026-01-22 14:02:15,612][MedImageInsight.ImageEncoder.davit_v1][INFO] - => init convs.0.proj.bias from pretrained state dict
[2026-01-22 14:02:15,612][MedImageInsight.ImageEncoder.davit_v1][INFO] - => init convs.0.proj.weight from pretrained state dict
[2026-01-22 14:02:15,612][MedImageInsight.ImageEncoder.davit_v1][INFO] - => init convs.1.norm.bias from pretrained state dict
[2026-01-22 14:02:15,612][MedImageInsight.ImageEncoder.davit_v1][INFO] - => init convs.1.norm.weight from pretrained state dict
[2026-01-22 14:02:15,612][MedImageInsight.ImageEncoder.davit_v1][INFO] - => init convs.1.proj.bias from pretrained state dict
[2026-01-22 14:02:15,612][MedImageInsight.ImageEncoder.davit_v1][INFO] - => init convs.1.proj.weight from pretrained state dict
[2026-01-22 14:02:15,612][MedImageInsight.ImageEncoder.davit_v1][INFO] - => init convs.2.norm.bias from pretrained state dict
[2026-01-22 14:02:15,612][MedImageInsight.ImageEncoder.davit_v1][INFO] - => init convs.2.norm.weight from pretrained state dict
[2026-01-22 14:02:15,612][MedImageInsight.ImageEncoder.davit_v1][INFO] - => init convs.2.proj.bias from pretrained state dict
[2026-01-22 14:02:15,612][MedImageInsight.ImageEncoder.davit_v1][INFO] - => init convs.2.proj.weight from pretrained state dict
[2026-01-22 14:02:15,612][MedImageInsight.ImageEncoder.davit_v1][INFO] - => init convs.3.norm.bias from pretrained state dict
[2026-01-22 14:02:15,612][MedImageInsight.ImageEncoder.davit_v1][INFO] - => init convs.3.norm.weight from pretrained state dict
[2026-01-22 14:02:15,612][MedImageInsight.ImageEncoder.davit_v1][INFO] - => init convs.3.proj.bias from pretrained state dict
[2026-01-22 14:02:15,612][MedImageInsight.ImageEncoder.davit_v1][INFO] - => init convs.3.proj.weight from pretrained state dict
[2026-01-22 14:02:15,612][MedImageInsight.ImageEncoder.davit_v1][INFO] - => init norms.bias from pretrained state dict
[2026-01-22 14:02:15,613][MedImageInsight.ImageEncoder.davit_v1][INFO] - => init norms.weight from pretrained state dict
Ignored unknown kwarg option special
Ignored unknown kwarg option special
Ignored unknown kwarg option special
Ignored unknown kwarg option special
Ignored unknown kwarg option special
Ignored unknown kwarg option special
Model loaded successfully on device: cuda
Index(['pid', 'study_yr', '5y', 'fup_days', 'reversed',
       'sct_slice_final_mapped'],
      dtype='object')
Index(['pid', 'study_yr', '5y', 'fup_days', 'reversed',
       'sct_slice_final_mapped', 'file_path'],
      dtype='object')
Index(['pid', 'study_yr', '5y', 'fup_days', 'reversed',
       'sct_slice_final_mapped', 'file_path'],
      dtype='object')
      pid  study_yr  label  fup_days reversed  sct_slice_num                                                                                                                 path
0  100012         1      0  0.879756     True          120.0  /nas-ctm01/datasets/public/medical_datasets/lung_ct_datasets/nlst/preprocessed_data/protocol_5/2d/lung/100012_1.npy
1  100147         1      0  0.854989    False          122.0  /nas-ctm01/datasets/public/medical_datasets/lung_ct_datasets/nlst/preprocessed_data/protocol_5/2d/lung/100147_1.npy
2  100158         2      0  0.794688     True          101.0  /nas-ctm01/datasets/public/medical_datasets/lung_ct_datasets/nlst/preprocessed_data/protocol_5/2d/lung/100158_2.npy
3  100242         0      0  0.932879     True          134.0  /nas-ctm01/datasets/public/medical_datasets/lung_ct_datasets/nlst/preprocessed_data/protocol_5/2d/lung/100242_0.npy
4  100280         1      0  0.910983     True           83.0  /nas-ctm01/datasets/public/medical_datasets/lung_ct_datasets/nlst/preprocessed_data/protocol_5/2d/lung/100280_1.npy

✅ Saved split assignments to 'clinical_metadata_with_splits.csv'

Using WeightedRandomSampler for train subset
Data Aug
Original shape: 213, New Shape: 320

Using WeightedRandomSampler for train subset
Data Aug
Original shape: 213, New Shape: 320

Using WeightedRandomSampler for train subset
Data Aug
Original shape: 214, New Shape: 320

✅ Set train dataloaders with 3 folds
  - Fold 1: 320 samples
    Label distribution: {0: 160, 1: 160}
    Batch label distribution: {0.0: 15, 1.0: 17}
    Batch label distribution: {0.0: 20, 1.0: 12}
    Batch label distribution: {0.0: 14, 1.0: 18}
    Batch label distribution: {0.0: 15, 1.0: 17}
    Batch label distribution: {0.0: 14, 1.0: 18}
    Batch label distribution: {0.0: 12, 1.0: 20}
    Batch label distribution: {0.0: 10, 1.0: 11}
  - Fold 2: 320 samples
    Label distribution: {0: 160, 1: 160}
    Batch label distribution: {0.0: 13, 1.0: 19}
    Batch label distribution: {0.0: 14, 1.0: 18}
    Batch label distribution: {0.0: 16, 1.0: 16}
    Batch label distribution: {0.0: 13, 1.0: 19}
    Batch label distribution: {0.0: 13, 1.0: 19}
    Batch label distribution: {0.0: 15, 1.0: 17}
    Batch label distribution: {0.0: 8, 1.0: 13}
  - Fold 3: 320 samples
    Label distribution: {0: 160, 1: 160}
    Batch label distribution: {0.0: 16, 1.0: 16}
    Batch label distribution: {0.0: 18, 1.0: 14}
    Batch label distribution: {0.0: 16, 1.0: 16}
    Batch label distribution: {0.0: 16, 1.0: 16}
    Batch label distribution: {0.0: 16, 1.0: 16}
    Batch label distribution: {0.0: 15, 1.0: 17}
    Batch label distribution: {0.0: 11, 1.0: 11}

Using WeightedRandomSampler for validation subset

Using WeightedRandomSampler for validation subset

Using WeightedRandomSampler for validation subset

✅ Set validation dataloaders with 3 folds
  - Fold 1: 107 samples
    Label distribution: {0: 80, 1: 27}
    Batch label distribution: {0.0: 24, 1.0: 8}
    Batch label distribution: {0.0: 27, 1.0: 5}
    Batch label distribution: {0.0: 23, 1.0: 9}
    Batch label distribution: {0.0: 6, 1.0: 5}
  - Fold 2: 107 samples
    Label distribution: {0: 80, 1: 27}
    Batch label distribution: {0.0: 25, 1.0: 7}
    Batch label distribution: {0.0: 23, 1.0: 9}
    Batch label distribution: {0.0: 23, 1.0: 9}
    Batch label distribution: {0.0: 9, 1.0: 2}
  - Fold 3: 106 samples
    Label distribution: {0: 80, 1: 26}
    Batch label distribution: {0.0: 26, 1.0: 6}
    Batch label distribution: {0.0: 26, 1.0: 6}
    Batch label distribution: {0.0: 19, 1.0: 13}
    Batch label distribution: {0.0: 9, 1.0: 1}

Using WeightedRandomSampler for test subset

Using WeightedRandomSampler for test subset

Using WeightedRandomSampler for test subset

✅ Set test dataloaders with 3 folds
  - Fold 1: 80 samples
    Label distribution: {0: 60, 1: 20}
    Batch label distribution: {0.0: 28, 1.0: 4}
    Batch label distribution: {0.0: 22, 1.0: 10}
    Batch label distribution: {0.0: 10, 1.0: 6}
  - Fold 2: 80 samples
    Label distribution: {0: 60, 1: 20}
    Batch label distribution: {0.0: 28, 1.0: 4}
    Batch label distribution: {0.0: 22, 1.0: 10}
    Batch label distribution: {0.0: 10, 1.0: 6}
  - Fold 3: 80 samples
    Label distribution: {0: 60, 1: 20}
    Batch label distribution: {0.0: 28, 1.0: 4}
    Batch label distribution: {0.0: 22, 1.0: 10}
    Batch label distribution: {0.0: 10, 1.0: 6}
Embedding dimension determined: 2048

====================== STARTING FOLD 1/3 ======================
The model has 360,919,554 trainable parameters.
Sanity Checking: |          | 0/? [00:00<?, ?it/s]Sanity Checking:   0%|          | 0/2 [00:00<?, ?it/s]Sanity Checking DataLoader 0:   0%|          | 0/2 [00:00<?, ?it/s]tensor(0.0803, device='cuda:0')
tensor(-0.3208, device='cuda:0')
Sanity Checking DataLoader 0:  50%|█████     | 1/2 [00:01<00:01,  0.61it/s]tensor(0.0894, device='cuda:0')
tensor(-0.2750, device='cuda:0')
Sanity Checking DataLoader 0: 100%|██████████| 2/2 [00:03<00:00,  0.63it/s]
==================================================
Stage: VAL
Predicted class distribution: 0s = 0, 1s = 64
Actual label distribution:    0s = 51, 1s = 13
Actual Imbalance Ratio (0:1): 3.92:1
==================================================
⚠️ Model is predicting only class 1 (minority class). It is ignoring the majority class!
Saved test predictions and probabilities to validation_results_fold_final.xlsx
                                                                           Training: |          | 0/? [00:00<?, ?it/s]Training:   0%|          | 0/7 [00:00<?, ?it/s]Epoch 0:   0%|          | 0/7 [00:00<?, ?it/s] 🔥 Successfully training: convs.0.proj.weight
SUCCESS: vision_encoder.blocks.2.1.spatial_block.conv1.fn.dw.weight is Updating! Grad Norm: 0.029842
Epoch 0:  14%|█▍        | 1/7 [00:07<00:42,  0.14it/s]Epoch 0:  14%|█▍        | 1/7 [00:07<00:42,  0.14it/s, v_num=2qa0, train_loss_step=0.610]SUCCESS: vision_encoder.blocks.2.1.spatial_block.conv1.fn.dw.weight is Updating! Grad Norm: 0.049927
Epoch 0:  29%|██▊       | 2/7 [00:13<00:33,  0.15it/s, v_num=2qa0, train_loss_step=0.610]Epoch 0:  29%|██▊       | 2/7 [00:13<00:33,  0.15it/s, v_num=2qa0, train_loss_step=0.669]SUCCESS: vision_encoder.blocks.2.1.spatial_block.conv1.fn.dw.weight is Updating! Grad Norm: 0.039291
Epoch 0:  43%|████▎     | 3/7 [00:20<00:26,  0.15it/s, v_num=2qa0, train_loss_step=0.669]Epoch 0:  43%|████▎     | 3/7 [00:20<00:26,  0.15it/s, v_num=2qa0, train_loss_step=0.599]SUCCESS: vision_encoder.blocks.2.1.spatial_block.conv1.fn.dw.weight is Updating! Grad Norm: 0.039226
Epoch 0:  57%|█████▋    | 4/7 [00:26<00:19,  0.15it/s, v_num=2qa0, train_loss_step=0.599]Epoch 0:  57%|█████▋    | 4/7 [00:26<00:19,  0.15it/s, v_num=2qa0, train_loss_step=0.614]SUCCESS: vision_encoder.blocks.2.1.spatial_block.conv1.fn.dw.weight is Updating! Grad Norm: 0.029552
Epoch 0:  71%|███████▏  | 5/7 [00:33<00:13,  0.15it/s, v_num=2qa0, train_loss_step=0.614]Epoch 0:  71%|███████▏  | 5/7 [00:33<00:13,  0.15it/s, v_num=2qa0, train_loss_step=0.511]SUCCESS: vision_encoder.blocks.2.1.spatial_block.conv1.fn.dw.weight is Updating! Grad Norm: 0.037294
Epoch 0:  86%|████████▌ | 6/7 [00:39<00:06,  0.15it/s, v_num=2qa0, train_loss_step=0.511]Epoch 0:  86%|████████▌ | 6/7 [00:39<00:06,  0.15it/s, v_num=2qa0, train_loss_step=0.585]SUCCESS: vision_encoder.blocks.2.1.spatial_block.conv1.fn.dw.weight is Updating! Grad Norm: 0.057409
Epoch 0: 100%|██████████| 7/7 [00:43<00:00,  0.16it/s, v_num=2qa0, train_loss_step=0.585]Epoch 0: 100%|██████████| 7/7 [00:43<00:00,  0.16it/s, v_num=2qa0, train_loss_step=0.464]
Validation: |          | 0/? [00:00<?, ?it/s][A
Validation:   0%|          | 0/4 [00:00<?, ?it/s][A
Validation DataLoader 0:   0%|          | 0/4 [00:00<?, ?it/s][Atensor(0.1473, device='cuda:0')
tensor(-0.2627, device='cuda:0')

Validation DataLoader 0:  25%|██▌       | 1/4 [00:01<00:04,  0.65it/s][Atensor(0.1399, device='cuda:0')
tensor(-0.2389, device='cuda:0')

Validation DataLoader 0:  50%|█████     | 2/4 [00:03<00:03,  0.65it/s][Atensor(0.1625, device='cuda:0')
tensor(-0.2691, device='cuda:0')

Validation DataLoader 0:  75%|███████▌  | 3/4 [00:04<00:01,  0.64it/s][Atensor(0.1148, device='cuda:0')
tensor(-0.2590, device='cuda:0')

Validation DataLoader 0: 100%|██████████| 4/4 [00:05<00:00,  0.76it/s][A
==================================================
Stage: VAL
Predicted class distribution: 0s = 0, 1s = 107
Actual label distribution:    0s = 80, 1s = 27
Actual Imbalance Ratio (0:1): 2.96:1
==================================================
⚠️ Model is predicting only class 1 (minority class). It is ignoring the majority class!
Saved test predictions and probabilities to validation_results_fold_final.xlsx

                                                                      [AEpoch 0: 100%|██████████| 7/7 [00:49<00:00,  0.14it/s, v_num=2qa0, train_loss_step=0.464, val_loss=0.731]Epoch 0: 100%|██████████| 7/7 [00:49<00:00,  0.14it/s, v_num=2qa0, train_loss_step=0.464, val_loss=0.731, train_loss_epoch=0.585]Epoch 0:   0%|          | 0/7 [00:00<?, ?it/s, v_num=2qa0, train_loss_step=0.464, val_loss=0.731, train_loss_epoch=0.585]        Epoch 1:   0%|          | 0/7 [00:00<?, ?it/s, v_num=2qa0, train_loss_step=0.464, val_loss=0.731, train_loss_epoch=0.585]SUCCESS: vision_encoder.blocks.2.1.spatial_block.conv1.fn.dw.weight is Updating! Grad Norm: 0.046331
Epoch 1:  14%|█▍        | 1/7 [00:06<00:41,  0.14it/s, v_num=2qa0, train_loss_step=0.464, val_loss=0.731, train_loss_epoch=0.585]Epoch 1:  14%|█▍        | 1/7 [00:06<00:41,  0.14it/s, v_num=2qa0, train_loss_step=0.562, val_loss=0.731, train_loss_epoch=0.585]SUCCESS: vision_encoder.blocks.2.1.spatial_block.conv1.fn.dw.weight is Updating! Grad Norm: 0.042125
Epoch 1:  29%|██▊       | 2/7 [00:13<00:33,  0.15it/s, v_num=2qa0, train_loss_step=0.562, val_loss=0.731, train_loss_epoch=0.585]Epoch 1:  29%|██▊       | 2/7 [00:13<00:33,  0.15it/s, v_num=2qa0, train_loss_step=0.534, val_loss=0.731, train_loss_epoch=0.585]SUCCESS: vision_encoder.blocks.2.1.spatial_block.conv1.fn.dw.weight is Updating! Grad Norm: 0.038013
Epoch 1:  43%|████▎     | 3/7 [00:19<00:26,  0.15it/s, v_num=2qa0, train_loss_step=0.534, val_loss=0.731, train_loss_epoch=0.585]Epoch 1:  43%|████▎     | 3/7 [00:19<00:26,  0.15it/s, v_num=2qa0, train_loss_step=0.662, val_loss=0.731, train_loss_epoch=0.585]SUCCESS: vision_encoder.blocks.2.1.spatial_block.conv1.fn.dw.weight is Updating! Grad Norm: 0.040309
Epoch 1:  57%|█████▋    | 4/7 [00:26<00:19,  0.15it/s, v_num=2qa0, train_loss_step=0.662, val_loss=0.731, train_loss_epoch=0.585]Epoch 1:  57%|█████▋    | 4/7 [00:26<00:19,  0.15it/s, v_num=2qa0, train_loss_step=0.587, val_loss=0.731, train_loss_epoch=0.585]SUCCESS: vision_encoder.blocks.2.1.spatial_block.conv1.fn.dw.weight is Updating! Grad Norm: 0.035779
Epoch 1:  71%|███████▏  | 5/7 [00:32<00:13,  0.15it/s, v_num=2qa0, train_loss_step=0.587, val_loss=0.731, train_loss_epoch=0.585]Epoch 1:  71%|███████▏  | 5/7 [00:32<00:13,  0.15it/s, v_num=2qa0, train_loss_step=0.635, val_loss=0.731, train_loss_epoch=0.585]SUCCESS: vision_encoder.blocks.2.1.spatial_block.conv1.fn.dw.weight is Updating! Grad Norm: 0.040560
Epoch 1:  86%|████████▌ | 6/7 [00:39<00:06,  0.15it/s, v_num=2qa0, train_loss_step=0.635, val_loss=0.731, train_loss_epoch=0.585]Epoch 1:  86%|████████▌ | 6/7 [00:39<00:06,  0.15it/s, v_num=2qa0, train_loss_step=0.539, val_loss=0.731, train_loss_epoch=0.585]SUCCESS: vision_encoder.blocks.2.1.spatial_block.conv1.fn.dw.weight is Updating! Grad Norm: 0.050980
Epoch 1: 100%|██████████| 7/7 [00:43<00:00,  0.16it/s, v_num=2qa0, train_loss_step=0.539, val_loss=0.731, train_loss_epoch=0.585]Epoch 1: 100%|██████████| 7/7 [00:43<00:00,  0.16it/s, v_num=2qa0, train_loss_step=0.492, val_loss=0.731, train_loss_epoch=0.585]
Validation: |          | 0/? [00:00<?, ?it/s][A
Validation:   0%|          | 0/4 [00:00<?, ?it/s][A
Validation DataLoader 0:   0%|          | 0/4 [00:00<?, ?it/s][Atensor(0.2283, device='cuda:0')
tensor(-0.2064, device='cuda:0')

Validation DataLoader 0:  25%|██▌       | 1/4 [00:01<00:04,  0.65it/s][Atensor(0.2485, device='cuda:0')
tensor(-0.2437, device='cuda:0')

Validation DataLoader 0:  50%|█████     | 2/4 [00:03<00:03,  0.65it/s][Atensor(0.2195, device='cuda:0')
tensor(-0.2288, device='cuda:0')

Validation DataLoader 0:  75%|███████▌  | 3/4 [00:04<00:01,  0.64it/s][Atensor(0.2375, device='cuda:0')
tensor(-0.2388, device='cuda:0')

Validation DataLoader 0: 100%|██████████| 4/4 [00:05<00:00,  0.76it/s][A
==================================================
Stage: VAL
Predicted class distribution: 0s = 0, 1s = 107
Actual label distribution:    0s = 80, 1s = 27
Actual Imbalance Ratio (0:1): 2.96:1
==================================================
⚠️ Model is predicting only class 1 (minority class). It is ignoring the majority class!
Saved test predictions and probabilities to validation_results_fold_final.xlsx

                                                                      [AEpoch 1: 100%|██████████| 7/7 [00:49<00:00,  0.14it/s, v_num=2qa0, train_loss_step=0.492, val_loss=0.700, train_loss_epoch=0.585]Epoch 1: 100%|██████████| 7/7 [00:49<00:00,  0.14it/s, v_num=2qa0, train_loss_step=0.492, val_loss=0.700, train_loss_epoch=0.577]Epoch 1:   0%|          | 0/7 [00:00<?, ?it/s, v_num=2qa0, train_loss_step=0.492, val_loss=0.700, train_loss_epoch=0.577]        Epoch 2:   0%|          | 0/7 [00:00<?, ?it/s, v_num=2qa0, train_loss_step=0.492, val_loss=0.700, train_loss_epoch=0.577]SUCCESS: vision_encoder.blocks.2.1.spatial_block.conv1.fn.dw.weight is Updating! Grad Norm: 0.035029
Epoch 2:  14%|█▍        | 1/7 [00:06<00:41,  0.14it/s, v_num=2qa0, train_loss_step=0.492, val_loss=0.700, train_loss_epoch=0.577]Epoch 2:  14%|█▍        | 1/7 [00:06<00:41,  0.14it/s, v_num=2qa0, train_loss_step=0.681, val_loss=0.700, train_loss_epoch=0.577]SUCCESS: vision_encoder.blocks.2.1.spatial_block.conv1.fn.dw.weight is Updating! Grad Norm: 0.044000
Epoch 2:  29%|██▊       | 2/7 [00:13<00:33,  0.15it/s, v_num=2qa0, train_loss_step=0.681, val_loss=0.700, train_loss_epoch=0.577]Epoch 2:  29%|██▊       | 2/7 [00:13<00:33,  0.15it/s, v_num=2qa0, train_loss_step=0.665, val_loss=0.700, train_loss_epoch=0.577]SUCCESS: vision_encoder.blocks.2.1.spatial_block.conv1.fn.dw.weight is Updating! Grad Norm: 0.063834
Epoch 2:  43%|████▎     | 3/7 [00:19<00:26,  0.15it/s, v_num=2qa0, train_loss_step=0.665, val_loss=0.700, train_loss_epoch=0.577]Epoch 2:  43%|████▎     | 3/7 [00:19<00:26,  0.15it/s, v_num=2qa0, train_loss_step=0.638, val_loss=0.700, train_loss_epoch=0.577]SUCCESS: vision_encoder.blocks.2.1.spatial_block.conv1.fn.dw.weight is Updating! Grad Norm: 0.059132
Epoch 2:  57%|█████▋    | 4/7 [00:26<00:19,  0.15it/s, v_num=2qa0, train_loss_step=0.638, val_loss=0.700, train_loss_epoch=0.577]Epoch 2:  57%|█████▋    | 4/7 [00:26<00:19,  0.15it/s, v_num=2qa0, train_loss_step=0.429, val_loss=0.700, train_loss_epoch=0.577]SUCCESS: vision_encoder.blocks.2.1.spatial_block.conv1.fn.dw.weight is Updating! Grad Norm: 0.046835
Epoch 2:  71%|███████▏  | 5/7 [00:32<00:13,  0.15it/s, v_num=2qa0, train_loss_step=0.429, val_loss=0.700, train_loss_epoch=0.577]Epoch 2:  71%|███████▏  | 5/7 [00:32<00:13,  0.15it/s, v_num=2qa0, train_loss_step=0.629, val_loss=0.700, train_loss_epoch=0.577]SUCCESS: vision_encoder.blocks.2.1.spatial_block.conv1.fn.dw.weight is Updating! Grad Norm: 0.054100
Epoch 2:  86%|████████▌ | 6/7 [00:39<00:06,  0.15it/s, v_num=2qa0, train_loss_step=0.629, val_loss=0.700, train_loss_epoch=0.577]Epoch 2:  86%|████████▌ | 6/7 [00:39<00:06,  0.15it/s, v_num=2qa0, train_loss_step=0.514, val_loss=0.700, train_loss_epoch=0.577]SUCCESS: vision_encoder.blocks.2.1.spatial_block.conv1.fn.dw.weight is Updating! Grad Norm: 0.064436
Epoch 2: 100%|██████████| 7/7 [00:43<00:00,  0.16it/s, v_num=2qa0, train_loss_step=0.514, val_loss=0.700, train_loss_epoch=0.577]Epoch 2: 100%|██████████| 7/7 [00:43<00:00,  0.16it/s, v_num=2qa0, train_loss_step=0.595, val_loss=0.700, train_loss_epoch=0.577]
Validation: |          | 0/? [00:00<?, ?it/s][A
Validation:   0%|          | 0/4 [00:00<?, ?it/s][A
Validation DataLoader 0:   0%|          | 0/4 [00:00<?, ?it/s][Atensor(0.2768, device='cuda:0')
tensor(-0.1751, device='cuda:0')

Validation DataLoader 0:  25%|██▌       | 1/4 [00:01<00:04,  0.65it/s][Atensor(0.3371, device='cuda:0')
tensor(-0.2713, device='cuda:0')

Validation DataLoader 0:  50%|█████     | 2/4 [00:03<00:03,  0.65it/s][Atensor(0.3119, device='cuda:0')
tensor(-0.2306, device='cuda:0')

Validation DataLoader 0:  75%|███████▌  | 3/4 [00:04<00:01,  0.64it/s][Atensor(0.3366, device='cuda:0')
tensor(-0.2188, device='cuda:0')

Validation DataLoader 0: 100%|██████████| 4/4 [00:05<00:00,  0.76it/s][A
==================================================
Stage: VAL
Predicted class distribution: 0s = 0, 1s = 107
Actual label distribution:    0s = 80, 1s = 27
Actual Imbalance Ratio (0:1): 2.96:1
==================================================
⚠️ Model is predicting only class 1 (minority class). It is ignoring the majority class!
Saved test predictions and probabilities to validation_results_fold_final.xlsx

                                                                      [AEpoch 2: 100%|██████████| 7/7 [00:49<00:00,  0.14it/s, v_num=2qa0, train_loss_step=0.595, val_loss=0.686, train_loss_epoch=0.577]Epoch 2: 100%|██████████| 7/7 [00:49<00:00,  0.14it/s, v_num=2qa0, train_loss_step=0.595, val_loss=0.686, train_loss_epoch=0.593]Epoch 2:   0%|          | 0/7 [00:00<?, ?it/s, v_num=2qa0, train_loss_step=0.595, val_loss=0.686, train_loss_epoch=0.593]        Epoch 3:   0%|          | 0/7 [00:00<?, ?it/s, v_num=2qa0, train_loss_step=0.595, val_loss=0.686, train_loss_epoch=0.593]SUCCESS: vision_encoder.blocks.2.1.spatial_block.conv1.fn.dw.weight is Updating! Grad Norm: 0.044575
Epoch 3:  14%|█▍        | 1/7 [00:07<00:43,  0.14it/s, v_num=2qa0, train_loss_step=0.595, val_loss=0.686, train_loss_epoch=0.593]Epoch 3:  14%|█▍        | 1/7 [00:07<00:43,  0.14it/s, v_num=2qa0, train_loss_step=0.549, val_loss=0.686, train_loss_epoch=0.593]SUCCESS: vision_encoder.blocks.2.1.spatial_block.conv1.fn.dw.weight is Updating! Grad Norm: 0.050534
Epoch 3:  29%|██▊       | 2/7 [00:13<00:34,  0.15it/s, v_num=2qa0, train_loss_step=0.549, val_loss=0.686, train_loss_epoch=0.593]Epoch 3:  29%|██▊       | 2/7 [00:13<00:34,  0.15it/s, v_num=2qa0, train_loss_step=0.531, val_loss=0.686, train_loss_epoch=0.593]SUCCESS: vision_encoder.blocks.2.1.spatial_block.conv1.fn.dw.weight is Updating! Grad Norm: 0.042945
Epoch 3:  43%|████▎     | 3/7 [00:20<00:27,  0.15it/s, v_num=2qa0, train_loss_step=0.531, val_loss=0.686, train_loss_epoch=0.593]Epoch 3:  43%|████▎     | 3/7 [00:20<00:27,  0.15it/s, v_num=2qa0, train_loss_step=0.528, val_loss=0.686, train_loss_epoch=0.593]SUCCESS: vision_encoder.blocks.2.1.spatial_block.conv1.fn.dw.weight is Updating! Grad Norm: 0.050789
Epoch 3:  57%|█████▋    | 4/7 [00:26<00:20,  0.15it/s, v_num=2qa0, train_loss_step=0.528, val_loss=0.686, train_loss_epoch=0.593]Epoch 3:  57%|█████▋    | 4/7 [00:26<00:20,  0.15it/s, v_num=2qa0, train_loss_step=0.574, val_loss=0.686, train_loss_epoch=0.593]SUCCESS: vision_encoder.blocks.2.1.spatial_block.conv1.fn.dw.weight is Updating! Grad Norm: 0.067557
Epoch 3:  71%|███████▏  | 5/7 [00:33<00:13,  0.15it/s, v_num=2qa0, train_loss_step=0.574, val_loss=0.686, train_loss_epoch=0.593]Epoch 3:  71%|███████▏  | 5/7 [00:33<00:13,  0.15it/s, v_num=2qa0, train_loss_step=0.496, val_loss=0.686, train_loss_epoch=0.593]SUCCESS: vision_encoder.blocks.2.1.spatial_block.conv1.fn.dw.weight is Updating! Grad Norm: 0.043945
Epoch 3:  86%|████████▌ | 6/7 [00:39<00:06,  0.15it/s, v_num=2qa0, train_loss_step=0.496, val_loss=0.686, train_loss_epoch=0.593]Epoch 3:  86%|████████▌ | 6/7 [00:39<00:06,  0.15it/s, v_num=2qa0, train_loss_step=0.343, val_loss=0.686, train_loss_epoch=0.593]SUCCESS: vision_encoder.blocks.2.1.spatial_block.conv1.fn.dw.weight is Updating! Grad Norm: 0.096433
Epoch 3: 100%|██████████| 7/7 [00:44<00:00,  0.16it/s, v_num=2qa0, train_loss_step=0.343, val_loss=0.686, train_loss_epoch=0.593]Epoch 3: 100%|██████████| 7/7 [00:44<00:00,  0.16it/s, v_num=2qa0, train_loss_step=0.657, val_loss=0.686, train_loss_epoch=0.593]
Validation: |          | 0/? [00:00<?, ?it/s][A
Validation:   0%|          | 0/4 [00:00<?, ?it/s][A
Validation DataLoader 0:   0%|          | 0/4 [00:00<?, ?it/s][Atensor(0.3236, device='cuda:0')
tensor(-0.2190, device='cuda:0')

Validation DataLoader 0:  25%|██▌       | 1/4 [00:01<00:04,  0.65it/s][Atensor(0.4729, device='cuda:0')
tensor(-0.3402, device='cuda:0')

Validation DataLoader 0:  50%|█████     | 2/4 [00:03<00:03,  0.65it/s][Atensor(0.3972, device='cuda:0')
tensor(-0.2041, device='cuda:0')

Validation DataLoader 0:  75%|███████▌  | 3/4 [00:04<00:01,  0.64it/s][Atensor(0.4452, device='cuda:0')
tensor(-0.2800, device='cuda:0')

Validation DataLoader 0: 100%|██████████| 4/4 [00:05<00:00,  0.76it/s][A
==================================================
Stage: VAL
Predicted class distribution: 0s = 13, 1s = 94
Actual label distribution:    0s = 80, 1s = 27
Actual Imbalance Ratio (0:1): 2.96:1
==================================================
✅ Model is predicting both classes.
Saved test predictions and probabilities to validation_results_fold_final.xlsx

                                                                      [AEpoch 3: 100%|██████████| 7/7 [00:50<00:00,  0.14it/s, v_num=2qa0, train_loss_step=0.657, val_loss=0.672, train_loss_epoch=0.593]Epoch 3: 100%|██████████| 7/7 [00:50<00:00,  0.14it/s, v_num=2qa0, train_loss_step=0.657, val_loss=0.672, train_loss_epoch=0.519]Epoch 3:   0%|          | 0/7 [00:00<?, ?it/s, v_num=2qa0, train_loss_step=0.657, val_loss=0.672, train_loss_epoch=0.519]        Epoch 4:   0%|          | 0/7 [00:00<?, ?it/s, v_num=2qa0, train_loss_step=0.657, val_loss=0.672, train_loss_epoch=0.519]SUCCESS: vision_encoder.blocks.2.1.spatial_block.conv1.fn.dw.weight is Updating! Grad Norm: 0.060716
Epoch 4:  14%|█▍        | 1/7 [00:06<00:41,  0.14it/s, v_num=2qa0, train_loss_step=0.657, val_loss=0.672, train_loss_epoch=0.519]Epoch 4:  14%|█▍        | 1/7 [00:06<00:41,  0.14it/s, v_num=2qa0, train_loss_step=0.578, val_loss=0.672, train_loss_epoch=0.519]SUCCESS: vision_encoder.blocks.2.1.spatial_block.conv1.fn.dw.weight is Updating! Grad Norm: 0.072303
Epoch 4:  29%|██▊       | 2/7 [00:13<00:33,  0.15it/s, v_num=2qa0, train_loss_step=0.578, val_loss=0.672, train_loss_epoch=0.519]Epoch 4:  29%|██▊       | 2/7 [00:13<00:33,  0.15it/s, v_num=2qa0, train_loss_step=0.432, val_loss=0.672, train_loss_epoch=0.519]SUCCESS: vision_encoder.blocks.2.1.spatial_block.conv1.fn.dw.weight is Updating! Grad Norm: 0.059095
Epoch 4:  43%|████▎     | 3/7 [00:19<00:26,  0.15it/s, v_num=2qa0, train_loss_step=0.432, val_loss=0.672, train_loss_epoch=0.519]Epoch 4:  43%|████▎     | 3/7 [00:19<00:26,  0.15it/s, v_num=2qa0, train_loss_step=0.454, val_loss=0.672, train_loss_epoch=0.519]SUCCESS: vision_encoder.blocks.2.1.spatial_block.conv1.fn.dw.weight is Updating! Grad Norm: 0.058793
Epoch 4:  57%|█████▋    | 4/7 [00:26<00:19,  0.15it/s, v_num=2qa0, train_loss_step=0.454, val_loss=0.672, train_loss_epoch=0.519]Epoch 4:  57%|█████▋    | 4/7 [00:26<00:19,  0.15it/s, v_num=2qa0, train_loss_step=0.501, val_loss=0.672, train_loss_epoch=0.519]SUCCESS: vision_encoder.blocks.2.1.spatial_block.conv1.fn.dw.weight is Updating! Grad Norm: 0.059795
Epoch 4:  71%|███████▏  | 5/7 [00:32<00:13,  0.15it/s, v_num=2qa0, train_loss_step=0.501, val_loss=0.672, train_loss_epoch=0.519]Epoch 4:  71%|███████▏  | 5/7 [00:32<00:13,  0.15it/s, v_num=2qa0, train_loss_step=0.419, val_loss=0.672, train_loss_epoch=0.519]SUCCESS: vision_encoder.blocks.2.1.spatial_block.conv1.fn.dw.weight is Updating! Grad Norm: 0.093750
Epoch 4:  86%|████████▌ | 6/7 [00:39<00:06,  0.15it/s, v_num=2qa0, train_loss_step=0.419, val_loss=0.672, train_loss_epoch=0.519]Epoch 4:  86%|████████▌ | 6/7 [00:39<00:06,  0.15it/s, v_num=2qa0, train_loss_step=0.576, val_loss=0.672, train_loss_epoch=0.519]SUCCESS: vision_encoder.blocks.2.1.spatial_block.conv1.fn.dw.weight is Updating! Grad Norm: 0.058033
Epoch 4: 100%|██████████| 7/7 [00:43<00:00,  0.16it/s, v_num=2qa0, train_loss_step=0.576, val_loss=0.672, train_loss_epoch=0.519]Epoch 4: 100%|██████████| 7/7 [00:43<00:00,  0.16it/s, v_num=2qa0, train_loss_step=0.235, val_loss=0.672, train_loss_epoch=0.519]
Validation: |          | 0/? [00:00<?, ?it/s][A
Validation:   0%|          | 0/4 [00:00<?, ?it/s][A
Validation DataLoader 0:   0%|          | 0/4 [00:00<?, ?it/s][Atensor(0.5600, device='cuda:0')
tensor(-0.3031, device='cuda:0')

Validation DataLoader 0:  25%|██▌       | 1/4 [00:01<00:04,  0.65it/s][Atensor(0.6132, device='cuda:0')
tensor(-0.4121, device='cuda:0')

Validation DataLoader 0:  50%|█████     | 2/4 [00:03<00:03,  0.65it/s][Atensor(0.4942, device='cuda:0')
tensor(-0.2279, device='cuda:0')

Validation DataLoader 0:  75%|███████▌  | 3/4 [00:04<00:01,  0.64it/s][Atensor(0.6219, device='cuda:0')
tensor(-0.3167, device='cuda:0')

Validation DataLoader 0: 100%|██████████| 4/4 [00:05<00:00,  0.76it/s][A
==================================================
Stage: VAL
Predicted class distribution: 0s = 45, 1s = 62
Actual label distribution:    0s = 80, 1s = 27
Actual Imbalance Ratio (0:1): 2.96:1
==================================================
✅ Model is predicting both classes.
Saved test predictions and probabilities to validation_results_fold_final.xlsx

                                                                      [AEpoch 4: 100%|██████████| 7/7 [00:49<00:00,  0.14it/s, v_num=2qa0, train_loss_step=0.235, val_loss=0.642, train_loss_epoch=0.519]Epoch 4: 100%|██████████| 7/7 [00:49<00:00,  0.14it/s, v_num=2qa0, train_loss_step=0.235, val_loss=0.642, train_loss_epoch=0.468]Epoch 4:   0%|          | 0/7 [00:00<?, ?it/s, v_num=2qa0, train_loss_step=0.235, val_loss=0.642, train_loss_epoch=0.468]        Epoch 5:   0%|          | 0/7 [00:00<?, ?it/s, v_num=2qa0, train_loss_step=0.235, val_loss=0.642, train_loss_epoch=0.468]SUCCESS: vision_encoder.blocks.2.1.spatial_block.conv1.fn.dw.weight is Updating! Grad Norm: 0.052023
Epoch 5:  14%|█▍        | 1/7 [00:06<00:41,  0.14it/s, v_num=2qa0, train_loss_step=0.235, val_loss=0.642, train_loss_epoch=0.468]Epoch 5:  14%|█▍        | 1/7 [00:06<00:41,  0.14it/s, v_num=2qa0, train_loss_step=0.469, val_loss=0.642, train_loss_epoch=0.468]SUCCESS: vision_encoder.blocks.2.1.spatial_block.conv1.fn.dw.weight is Updating! Grad Norm: 0.074569
Epoch 5:  29%|██▊       | 2/7 [00:13<00:33,  0.15it/s, v_num=2qa0, train_loss_step=0.469, val_loss=0.642, train_loss_epoch=0.468]Epoch 5:  29%|██▊       | 2/7 [00:13<00:33,  0.15it/s, v_num=2qa0, train_loss_step=0.477, val_loss=0.642, train_loss_epoch=0.468]SUCCESS: vision_encoder.blocks.2.1.spatial_block.conv1.fn.dw.weight is Updating! Grad Norm: 0.046004
Epoch 5:  43%|████▎     | 3/7 [00:19<00:26,  0.15it/s, v_num=2qa0, train_loss_step=0.477, val_loss=0.642, train_loss_epoch=0.468]Epoch 5:  43%|████▎     | 3/7 [00:19<00:26,  0.15it/s, v_num=2qa0, train_loss_step=0.375, val_loss=0.642, train_loss_epoch=0.468]SUCCESS: vision_encoder.blocks.2.1.spatial_block.conv1.fn.dw.weight is Updating! Grad Norm: 0.065013
Epoch 5:  57%|█████▋    | 4/7 [00:26<00:19,  0.15it/s, v_num=2qa0, train_loss_step=0.375, val_loss=0.642, train_loss_epoch=0.468]Epoch 5:  57%|█████▋    | 4/7 [00:26<00:19,  0.15it/s, v_num=2qa0, train_loss_step=0.255, val_loss=0.642, train_loss_epoch=0.468]SUCCESS: vision_encoder.blocks.2.1.spatial_block.conv1.fn.dw.weight is Updating! Grad Norm: 0.104996
Epoch 5:  71%|███████▏  | 5/7 [00:32<00:13,  0.15it/s, v_num=2qa0, train_loss_step=0.255, val_loss=0.642, train_loss_epoch=0.468]Epoch 5:  71%|███████▏  | 5/7 [00:32<00:13,  0.15it/s, v_num=2qa0, train_loss_step=0.404, val_loss=0.642, train_loss_epoch=0.468]SUCCESS: vision_encoder.blocks.2.1.spatial_block.conv1.fn.dw.weight is Updating! Grad Norm: 0.056992
Epoch 5:  86%|████████▌ | 6/7 [00:39<00:06,  0.15it/s, v_num=2qa0, train_loss_step=0.404, val_loss=0.642, train_loss_epoch=0.468]Epoch 5:  86%|████████▌ | 6/7 [00:39<00:06,  0.15it/s, v_num=2qa0, train_loss_step=0.300, val_loss=0.642, train_loss_epoch=0.468]SUCCESS: vision_encoder.blocks.2.1.spatial_block.conv1.fn.dw.weight is Updating! Grad Norm: 1.079696
Epoch 5: 100%|██████████| 7/7 [00:43<00:00,  0.16it/s, v_num=2qa0, train_loss_step=0.300, val_loss=0.642, train_loss_epoch=0.468]Epoch 5: 100%|██████████| 7/7 [00:43<00:00,  0.16it/s, v_num=2qa0, train_loss_step=0.781, val_loss=0.642, train_loss_epoch=0.468]
Validation: |          | 0/? [00:00<?, ?it/s][A
Validation:   0%|          | 0/4 [00:00<?, ?it/s][A
Validation DataLoader 0:   0%|          | 0/4 [00:00<?, ?it/s][Atensor(0.8150, device='cuda:0')
tensor(-0.6327, device='cuda:0')

Validation DataLoader 0:  25%|██▌       | 1/4 [00:01<00:04,  0.65it/s][Atensor(0.7642, device='cuda:0')
tensor(-0.3909, device='cuda:0')

Validation DataLoader 0:  50%|█████     | 2/4 [00:03<00:03,  0.65it/s][Atensor(0.7115, device='cuda:0')
tensor(-0.3648, device='cuda:0')

Validation DataLoader 0:  75%|███████▌  | 3/4 [00:04<00:01,  0.64it/s][Atensor(0.8141, device='cuda:0')
tensor(-0.3392, device='cuda:0')

Validation DataLoader 0: 100%|██████████| 4/4 [00:05<00:00,  0.76it/s][A
==================================================
Stage: VAL
Predicted class distribution: 0s = 58, 1s = 49
Actual label distribution:    0s = 80, 1s = 27
Actual Imbalance Ratio (0:1): 2.96:1
==================================================
✅ Model is predicting both classes.
Saved test predictions and probabilities to validation_results_fold_final.xlsx

                                                                      [AEpoch 5: 100%|██████████| 7/7 [00:49<00:00,  0.14it/s, v_num=2qa0, train_loss_step=0.781, val_loss=0.611, train_loss_epoch=0.468]Epoch 5: 100%|██████████| 7/7 [00:49<00:00,  0.14it/s, v_num=2qa0, train_loss_step=0.781, val_loss=0.611, train_loss_epoch=0.420]Epoch 5:   0%|          | 0/7 [00:00<?, ?it/s, v_num=2qa0, train_loss_step=0.781, val_loss=0.611, train_loss_epoch=0.420]        Epoch 6:   0%|          | 0/7 [00:00<?, ?it/s, v_num=2qa0, train_loss_step=0.781, val_loss=0.611, train_loss_epoch=0.420]SUCCESS: vision_encoder.blocks.2.1.spatial_block.conv1.fn.dw.weight is Updating! Grad Norm: 0.051232
Epoch 6:  14%|█▍        | 1/7 [00:06<00:41,  0.14it/s, v_num=2qa0, train_loss_step=0.781, val_loss=0.611, train_loss_epoch=0.420]Epoch 6:  14%|█▍        | 1/7 [00:06<00:41,  0.14it/s, v_num=2qa0, train_loss_step=0.325, val_loss=0.611, train_loss_epoch=0.420]SUCCESS: vision_encoder.blocks.2.1.spatial_block.conv1.fn.dw.weight is Updating! Grad Norm: 0.054532
Epoch 6:  29%|██▊       | 2/7 [00:13<00:33,  0.15it/s, v_num=2qa0, train_loss_step=0.325, val_loss=0.611, train_loss_epoch=0.420]Epoch 6:  29%|██▊       | 2/7 [00:13<00:33,  0.15it/s, v_num=2qa0, train_loss_step=0.296, val_loss=0.611, train_loss_epoch=0.420]SUCCESS: vision_encoder.blocks.2.1.spatial_block.conv1.fn.dw.weight is Updating! Grad Norm: 0.180532
Epoch 6:  43%|████▎     | 3/7 [00:19<00:26,  0.15it/s, v_num=2qa0, train_loss_step=0.296, val_loss=0.611, train_loss_epoch=0.420]Epoch 6:  43%|████▎     | 3/7 [00:19<00:26,  0.15it/s, v_num=2qa0, train_loss_step=0.370, val_loss=0.611, train_loss_epoch=0.420]SUCCESS: vision_encoder.blocks.2.1.spatial_block.conv1.fn.dw.weight is Updating! Grad Norm: 0.064650
Epoch 6:  57%|█████▋    | 4/7 [00:26<00:19,  0.15it/s, v_num=2qa0, train_loss_step=0.370, val_loss=0.611, train_loss_epoch=0.420]Epoch 6:  57%|█████▋    | 4/7 [00:26<00:19,  0.15it/s, v_num=2qa0, train_loss_step=0.243, val_loss=0.611, train_loss_epoch=0.420]SUCCESS: vision_encoder.blocks.2.1.spatial_block.conv1.fn.dw.weight is Updating! Grad Norm: 0.177800
Epoch 6:  71%|███████▏  | 5/7 [00:32<00:13,  0.15it/s, v_num=2qa0, train_loss_step=0.243, val_loss=0.611, train_loss_epoch=0.420]Epoch 6:  71%|███████▏  | 5/7 [00:32<00:13,  0.15it/s, v_num=2qa0, train_loss_step=0.295, val_loss=0.611, train_loss_epoch=0.420]SUCCESS: vision_encoder.blocks.2.1.spatial_block.conv1.fn.dw.weight is Updating! Grad Norm: 0.070883
Epoch 6:  86%|████████▌ | 6/7 [00:39<00:06,  0.15it/s, v_num=2qa0, train_loss_step=0.295, val_loss=0.611, train_loss_epoch=0.420]Epoch 6:  86%|████████▌ | 6/7 [00:39<00:06,  0.15it/s, v_num=2qa0, train_loss_step=0.481, val_loss=0.611, train_loss_epoch=0.420]SUCCESS: vision_encoder.blocks.2.1.spatial_block.conv1.fn.dw.weight is Updating! Grad Norm: 0.689353
Epoch 6: 100%|██████████| 7/7 [00:43<00:00,  0.16it/s, v_num=2qa0, train_loss_step=0.481, val_loss=0.611, train_loss_epoch=0.420]Epoch 6: 100%|██████████| 7/7 [00:43<00:00,  0.16it/s, v_num=2qa0, train_loss_step=0.438, val_loss=0.611, train_loss_epoch=0.420]
Validation: |          | 0/? [00:00<?, ?it/s][A
Validation:   0%|          | 0/4 [00:00<?, ?it/s][A
Validation DataLoader 0:   0%|          | 0/4 [00:00<?, ?it/s][Atensor(1.0136, device='cuda:0')
tensor(-1.1291, device='cuda:0')

Validation DataLoader 0:  25%|██▌       | 1/4 [00:01<00:04,  0.65it/s][Atensor(0.8743, device='cuda:0')
tensor(-0.6478, device='cuda:0')

Validation DataLoader 0:  50%|█████     | 2/4 [00:03<00:03,  0.65it/s][Atensor(0.9954, device='cuda:0')
tensor(-0.7811, device='cuda:0')

Validation DataLoader 0:  75%|███████▌  | 3/4 [00:04<00:01,  0.64it/s][Atensor(0.8556, device='cuda:0')
tensor(-0.7672, device='cuda:0')

Validation DataLoader 0: 100%|██████████| 4/4 [00:05<00:00,  0.76it/s][A
==================================================
Stage: VAL
Predicted class distribution: 0s = 57, 1s = 50
Actual label distribution:    0s = 80, 1s = 27
Actual Imbalance Ratio (0:1): 2.96:1
==================================================
✅ Model is predicting both classes.
Saved test predictions and probabilities to validation_results_fold_final.xlsx

                                                                      [AEpoch 6: 100%|██████████| 7/7 [00:49<00:00,  0.14it/s, v_num=2qa0, train_loss_step=0.438, val_loss=0.631, train_loss_epoch=0.420]Epoch 6: 100%|██████████| 7/7 [00:49<00:00,  0.14it/s, v_num=2qa0, train_loss_step=0.438, val_loss=0.631, train_loss_epoch=0.345]Epoch 6:   0%|          | 0/7 [00:00<?, ?it/s, v_num=2qa0, train_loss_step=0.438, val_loss=0.631, train_loss_epoch=0.345]        Epoch 7:   0%|          | 0/7 [00:00<?, ?it/s, v_num=2qa0, train_loss_step=0.438, val_loss=0.631, train_loss_epoch=0.345]SUCCESS: vision_encoder.blocks.2.1.spatial_block.conv1.fn.dw.weight is Updating! Grad Norm: 0.081194
Epoch 7:  14%|█▍        | 1/7 [00:06<00:41,  0.14it/s, v_num=2qa0, train_loss_step=0.438, val_loss=0.631, train_loss_epoch=0.345]Epoch 7:  14%|█▍        | 1/7 [00:06<00:41,  0.14it/s, v_num=2qa0, train_loss_step=0.395, val_loss=0.631, train_loss_epoch=0.345]SUCCESS: vision_encoder.blocks.2.1.spatial_block.conv1.fn.dw.weight is Updating! Grad Norm: 0.115914
Epoch 7:  29%|██▊       | 2/7 [00:13<00:33,  0.15it/s, v_num=2qa0, train_loss_step=0.395, val_loss=0.631, train_loss_epoch=0.345]Epoch 7:  29%|██▊       | 2/7 [00:13<00:33,  0.15it/s, v_num=2qa0, train_loss_step=0.396, val_loss=0.631, train_loss_epoch=0.345]SUCCESS: vision_encoder.blocks.2.1.spatial_block.conv1.fn.dw.weight is Updating! Grad Norm: 0.080529
Epoch 7:  43%|████▎     | 3/7 [00:20<00:26,  0.15it/s, v_num=2qa0, train_loss_step=0.396, val_loss=0.631, train_loss_epoch=0.345]Epoch 7:  43%|████▎     | 3/7 [00:20<00:26,  0.15it/s, v_num=2qa0, train_loss_step=0.230, val_loss=0.631, train_loss_epoch=0.345]SUCCESS: vision_encoder.blocks.2.1.spatial_block.conv1.fn.dw.weight is Updating! Grad Norm: 0.111806
Epoch 7:  57%|█████▋    | 4/7 [00:26<00:19,  0.15it/s, v_num=2qa0, train_loss_step=0.230, val_loss=0.631, train_loss_epoch=0.345]Epoch 7:  57%|█████▋    | 4/7 [00:26<00:19,  0.15it/s, v_num=2qa0, train_loss_step=0.255, val_loss=0.631, train_loss_epoch=0.345]SUCCESS: vision_encoder.blocks.2.1.spatial_block.conv1.fn.dw.weight is Updating! Grad Norm: 0.073560
Epoch 7:  71%|███████▏  | 5/7 [00:33<00:13,  0.15it/s, v_num=2qa0, train_loss_step=0.255, val_loss=0.631, train_loss_epoch=0.345]Epoch 7:  71%|███████▏  | 5/7 [00:33<00:13,  0.15it/s, v_num=2qa0, train_loss_step=0.270, val_loss=0.631, train_loss_epoch=0.345]SUCCESS: vision_encoder.blocks.2.1.spatial_block.conv1.fn.dw.weight is Updating! Grad Norm: 0.079550
Epoch 7:  86%|████████▌ | 6/7 [00:39<00:06,  0.15it/s, v_num=2qa0, train_loss_step=0.270, val_loss=0.631, train_loss_epoch=0.345]Epoch 7:  86%|████████▌ | 6/7 [00:39<00:06,  0.15it/s, v_num=2qa0, train_loss_step=0.048, val_loss=0.631, train_loss_epoch=0.345]SUCCESS: vision_encoder.blocks.2.1.spatial_block.conv1.fn.dw.weight is Updating! Grad Norm: 0.109422
Epoch 7: 100%|██████████| 7/7 [00:43<00:00,  0.16it/s, v_num=2qa0, train_loss_step=0.048, val_loss=0.631, train_loss_epoch=0.345]Epoch 7: 100%|██████████| 7/7 [00:43<00:00,  0.16it/s, v_num=2qa0, train_loss_step=0.342, val_loss=0.631, train_loss_epoch=0.345]
Validation: |          | 0/? [00:00<?, ?it/s][A
Validation:   0%|          | 0/4 [00:00<?, ?it/s][A
Validation DataLoader 0:   0%|          | 0/4 [00:00<?, ?it/s][Atensor(1.3910, device='cuda:0')
tensor(-1.2510, device='cuda:0')

Validation DataLoader 0:  25%|██▌       | 1/4 [00:01<00:04,  0.65it/s][Atensor(1.1661, device='cuda:0')
tensor(-0.2946, device='cuda:0')

Validation DataLoader 0:  50%|█████     | 2/4 [00:03<00:03,  0.64it/s][Atensor(1.3673, device='cuda:0')
tensor(-0.9621, device='cuda:0')

Validation DataLoader 0:  75%|███████▌  | 3/4 [00:04<00:01,  0.64it/s][Atensor(1.0920, device='cuda:0')
tensor(-0.2912, device='cuda:0')

Validation DataLoader 0: 100%|██████████| 4/4 [00:05<00:00,  0.76it/s][A
==================================================
Stage: VAL
Predicted class distribution: 0s = 90, 1s = 17
Actual label distribution:    0s = 80, 1s = 27
Actual Imbalance Ratio (0:1): 2.96:1
==================================================
✅ Model is predicting both classes.
Saved test predictions and probabilities to validation_results_fold_final.xlsx

                                                                      [AEpoch 7: 100%|██████████| 7/7 [00:49<00:00,  0.14it/s, v_num=2qa0, train_loss_step=0.342, val_loss=0.523, train_loss_epoch=0.345]Epoch 7: 100%|██████████| 7/7 [00:49<00:00,  0.14it/s, v_num=2qa0, train_loss_step=0.342, val_loss=0.523, train_loss_epoch=0.273]Epoch 7:   0%|          | 0/7 [00:00<?, ?it/s, v_num=2qa0, train_loss_step=0.342, val_loss=0.523, train_loss_epoch=0.273]        Epoch 8:   0%|          | 0/7 [00:00<?, ?it/s, v_num=2qa0, train_loss_step=0.342, val_loss=0.523, train_loss_epoch=0.273]SUCCESS: vision_encoder.blocks.2.1.spatial_block.conv1.fn.dw.weight is Updating! Grad Norm: 0.067051
Epoch 8:  14%|█▍        | 1/7 [00:06<00:41,  0.14it/s, v_num=2qa0, train_loss_step=0.342, val_loss=0.523, train_loss_epoch=0.273]Epoch 8:  14%|█▍        | 1/7 [00:06<00:41,  0.14it/s, v_num=2qa0, train_loss_step=0.199, val_loss=0.523, train_loss_epoch=0.273]SUCCESS: vision_encoder.blocks.2.1.spatial_block.conv1.fn.dw.weight is Updating! Grad Norm: 0.100068
Epoch 8:  29%|██▊       | 2/7 [00:13<00:33,  0.15it/s, v_num=2qa0, train_loss_step=0.199, val_loss=0.523, train_loss_epoch=0.273]Epoch 8:  29%|██▊       | 2/7 [00:13<00:33,  0.15it/s, v_num=2qa0, train_loss_step=0.272, val_loss=0.523, train_loss_epoch=0.273]SUCCESS: vision_encoder.blocks.2.1.spatial_block.conv1.fn.dw.weight is Updating! Grad Norm: 0.240008
Epoch 8:  43%|████▎     | 3/7 [00:19<00:26,  0.15it/s, v_num=2qa0, train_loss_step=0.272, val_loss=0.523, train_loss_epoch=0.273]Epoch 8:  43%|████▎     | 3/7 [00:19<00:26,  0.15it/s, v_num=2qa0, train_loss_step=0.244, val_loss=0.523, train_loss_epoch=0.273]SUCCESS: vision_encoder.blocks.2.1.spatial_block.conv1.fn.dw.weight is Updating! Grad Norm: 0.091180
Epoch 8:  57%|█████▋    | 4/7 [00:26<00:19,  0.15it/s, v_num=2qa0, train_loss_step=0.244, val_loss=0.523, train_loss_epoch=0.273]Epoch 8:  57%|█████▋    | 4/7 [00:26<00:19,  0.15it/s, v_num=2qa0, train_loss_step=0.399, val_loss=0.523, train_loss_epoch=0.273]SUCCESS: vision_encoder.blocks.2.1.spatial_block.conv1.fn.dw.weight is Updating! Grad Norm: 10845.675781
Epoch 8:  71%|███████▏  | 5/7 [00:32<00:13,  0.15it/s, v_num=2qa0, train_loss_step=0.399, val_loss=0.523, train_loss_epoch=0.273]Epoch 8:  71%|███████▏  | 5/7 [00:32<00:13,  0.15it/s, v_num=2qa0, train_loss_step=1.1e+3, val_loss=0.523, train_loss_epoch=0.273]SUCCESS: vision_encoder.blocks.2.1.spatial_block.conv1.fn.dw.weight is Updating! Grad Norm: 0.066832
Epoch 8:  86%|████████▌ | 6/7 [00:39<00:06,  0.15it/s, v_num=2qa0, train_loss_step=1.1e+3, val_loss=0.523, train_loss_epoch=0.273]Epoch 8:  86%|████████▌ | 6/7 [00:39<00:06,  0.15it/s, v_num=2qa0, train_loss_step=0.218, val_loss=0.523, train_loss_epoch=0.273] SUCCESS: vision_encoder.blocks.2.1.spatial_block.conv1.fn.dw.weight is Updating! Grad Norm: 0.168323
Epoch 8: 100%|██████████| 7/7 [00:43<00:00,  0.16it/s, v_num=2qa0, train_loss_step=0.218, val_loss=0.523, train_loss_epoch=0.273]Epoch 8: 100%|██████████| 7/7 [00:43<00:00,  0.16it/s, v_num=2qa0, train_loss_step=0.304, val_loss=0.523, train_loss_epoch=0.273]
Validation: |          | 0/? [00:00<?, ?it/s][A
Validation:   0%|          | 0/4 [00:00<?, ?it/s][A
Validation DataLoader 0:   0%|          | 0/4 [00:00<?, ?it/s][Atensor(1.4699, device='cuda:0')
tensor(-1.4286, device='cuda:0')

Validation DataLoader 0:  25%|██▌       | 1/4 [00:01<00:04,  0.65it/s][Atensor(1.0722, device='cuda:0')
tensor(-1.1631, device='cuda:0')

Validation DataLoader 0:  50%|█████     | 2/4 [00:03<00:03,  0.65it/s][Atensor(0.9087, device='cuda:0')
tensor(-0.9490, device='cuda:0')

Validation DataLoader 0:  75%|███████▌  | 3/4 [00:04<00:01,  0.64it/s][Atensor(0.8064, device='cuda:0')
tensor(-0.9888, device='cuda:0')

Validation DataLoader 0: 100%|██████████| 4/4 [00:05<00:00,  0.76it/s][A
==================================================
Stage: VAL
Predicted class distribution: 0s = 37, 1s = 70
Actual label distribution:    0s = 80, 1s = 27
Actual Imbalance Ratio (0:1): 2.96:1
==================================================
✅ Model is predicting both classes.
Saved test predictions and probabilities to validation_results_fold_final.xlsx

                                                                      [AEpoch 8: 100%|██████████| 7/7 [00:49<00:00,  0.14it/s, v_num=2qa0, train_loss_step=0.304, val_loss=0.978, train_loss_epoch=0.273]Epoch 8: 100%|██████████| 7/7 [00:49<00:00,  0.14it/s, v_num=2qa0, train_loss_step=0.304, val_loss=0.978, train_loss_epoch=165.0]Epoch 8:   0%|          | 0/7 [00:00<?, ?it/s, v_num=2qa0, train_loss_step=0.304, val_loss=0.978, train_loss_epoch=165.0]        Epoch 9:   0%|          | 0/7 [00:00<?, ?it/s, v_num=2qa0, train_loss_step=0.304, val_loss=0.978, train_loss_epoch=165.0]SUCCESS: vision_encoder.blocks.2.1.spatial_block.conv1.fn.dw.weight is Updating! Grad Norm: 0.101764
Epoch 9:  14%|█▍        | 1/7 [00:06<00:41,  0.14it/s, v_num=2qa0, train_loss_step=0.304, val_loss=0.978, train_loss_epoch=165.0]Epoch 9:  14%|█▍        | 1/7 [00:06<00:41,  0.14it/s, v_num=2qa0, train_loss_step=0.322, val_loss=0.978, train_loss_epoch=165.0]SUCCESS: vision_encoder.blocks.2.1.spatial_block.conv1.fn.dw.weight is Updating! Grad Norm: 0.187219
Epoch 9:  29%|██▊       | 2/7 [00:13<00:33,  0.15it/s, v_num=2qa0, train_loss_step=0.322, val_loss=0.978, train_loss_epoch=165.0]Epoch 9:  29%|██▊       | 2/7 [00:13<00:33,  0.15it/s, v_num=2qa0, train_loss_step=0.421, val_loss=0.978, train_loss_epoch=165.0]SUCCESS: vision_encoder.blocks.2.1.spatial_block.conv1.fn.dw.weight is Updating! Grad Norm: 0.122962
Epoch 9:  43%|████▎     | 3/7 [00:20<00:26,  0.15it/s, v_num=2qa0, train_loss_step=0.421, val_loss=0.978, train_loss_epoch=165.0]Epoch 9:  43%|████▎     | 3/7 [00:20<00:26,  0.15it/s, v_num=2qa0, train_loss_step=0.514, val_loss=0.978, train_loss_epoch=165.0]SUCCESS: vision_encoder.blocks.2.1.spatial_block.conv1.fn.dw.weight is Updating! Grad Norm: 0.064923
Epoch 9:  57%|█████▋    | 4/7 [00:26<00:19,  0.15it/s, v_num=2qa0, train_loss_step=0.514, val_loss=0.978, train_loss_epoch=165.0]Epoch 9:  57%|█████▋    | 4/7 [00:26<00:19,  0.15it/s, v_num=2qa0, train_loss_step=0.345, val_loss=0.978, train_loss_epoch=165.0]SUCCESS: vision_encoder.blocks.2.1.spatial_block.conv1.fn.dw.weight is Updating! Grad Norm: 0.121014
Epoch 9:  71%|███████▏  | 5/7 [00:33<00:13,  0.15it/s, v_num=2qa0, train_loss_step=0.345, val_loss=0.978, train_loss_epoch=165.0]Epoch 9:  71%|███████▏  | 5/7 [00:33<00:13,  0.15it/s, v_num=2qa0, train_loss_step=0.453, val_loss=0.978, train_loss_epoch=165.0]SUCCESS: vision_encoder.blocks.2.1.spatial_block.conv1.fn.dw.weight is Updating! Grad Norm: 0.086188
Epoch 9:  86%|████████▌ | 6/7 [00:39<00:06,  0.15it/s, v_num=2qa0, train_loss_step=0.453, val_loss=0.978, train_loss_epoch=165.0]Epoch 9:  86%|████████▌ | 6/7 [00:39<00:06,  0.15it/s, v_num=2qa0, train_loss_step=0.541, val_loss=0.978, train_loss_epoch=165.0]SUCCESS: vision_encoder.blocks.2.1.spatial_block.conv1.fn.dw.weight is Updating! Grad Norm: 0.173636
Epoch 9: 100%|██████████| 7/7 [00:43<00:00,  0.16it/s, v_num=2qa0, train_loss_step=0.541, val_loss=0.978, train_loss_epoch=165.0]Epoch 9: 100%|██████████| 7/7 [00:43<00:00,  0.16it/s, v_num=2qa0, train_loss_step=0.382, val_loss=0.978, train_loss_epoch=165.0]
Validation: |          | 0/? [00:00<?, ?it/s][A
Validation:   0%|          | 0/4 [00:00<?, ?it/s][A
Validation DataLoader 0:   0%|          | 0/4 [00:00<?, ?it/s][Atensor(0.9772, device='cuda:0')
tensor(-0.9447, device='cuda:0')

Validation DataLoader 0:  25%|██▌       | 1/4 [00:01<00:04,  0.65it/s][Atensor(0.7448, device='cuda:0')
tensor(-1.0008, device='cuda:0')

Validation DataLoader 0:  50%|█████     | 2/4 [00:03<00:03,  0.64it/s][Atensor(0.5965, device='cuda:0')
tensor(-0.7424, device='cuda:0')

Validation DataLoader 0:  75%|███████▌  | 3/4 [00:04<00:01,  0.64it/s][Atensor(0.3416, device='cuda:0')
tensor(-0.8977, device='cuda:0')

Validation DataLoader 0: 100%|██████████| 4/4 [00:05<00:00,  0.76it/s][A
==================================================
Stage: VAL
Predicted class distribution: 0s = 14, 1s = 93
Actual label distribution:    0s = 80, 1s = 27
Actual Imbalance Ratio (0:1): 2.96:1
==================================================
✅ Model is predicting both classes.
Saved test predictions and probabilities to validation_results_fold_final.xlsx

                                                                      [AEpoch 9: 100%|██████████| 7/7 [00:49<00:00,  0.14it/s, v_num=2qa0, train_loss_step=0.382, val_loss=1.040, train_loss_epoch=165.0]Epoch 9: 100%|██████████| 7/7 [00:49<00:00,  0.14it/s, v_num=2qa0, train_loss_step=0.382, val_loss=1.040, train_loss_epoch=0.428]Epoch 9:   0%|          | 0/7 [00:00<?, ?it/s, v_num=2qa0, train_loss_step=0.382, val_loss=1.040, train_loss_epoch=0.428]        Epoch 10:   0%|          | 0/7 [00:00<?, ?it/s, v_num=2qa0, train_loss_step=0.382, val_loss=1.040, train_loss_epoch=0.428]SUCCESS: vision_encoder.blocks.2.1.spatial_block.conv1.fn.dw.weight is Updating! Grad Norm: 0.233577
Epoch 10:  14%|█▍        | 1/7 [00:06<00:41,  0.14it/s, v_num=2qa0, train_loss_step=0.382, val_loss=1.040, train_loss_epoch=0.428]Epoch 10:  14%|█▍        | 1/7 [00:06<00:41,  0.14it/s, v_num=2qa0, train_loss_step=0.713, val_loss=1.040, train_loss_epoch=0.428]SUCCESS: vision_encoder.blocks.2.1.spatial_block.conv1.fn.dw.weight is Updating! Grad Norm: 0.073325
Epoch 10:  29%|██▊       | 2/7 [00:13<00:33,  0.15it/s, v_num=2qa0, train_loss_step=0.713, val_loss=1.040, train_loss_epoch=0.428]Epoch 10:  29%|██▊       | 2/7 [00:13<00:33,  0.15it/s, v_num=2qa0, train_loss_step=0.163, val_loss=1.040, train_loss_epoch=0.428]SUCCESS: vision_encoder.blocks.2.1.spatial_block.conv1.fn.dw.weight is Updating! Grad Norm: 0.079497
Epoch 10:  43%|████▎     | 3/7 [00:20<00:26,  0.15it/s, v_num=2qa0, train_loss_step=0.163, val_loss=1.040, train_loss_epoch=0.428]Epoch 10:  43%|████▎     | 3/7 [00:20<00:26,  0.15it/s, v_num=2qa0, train_loss_step=0.502, val_loss=1.040, train_loss_epoch=0.428]SUCCESS: vision_encoder.blocks.2.1.spatial_block.conv1.fn.dw.weight is Updating! Grad Norm: 0.102748
Epoch 10:  57%|█████▋    | 4/7 [00:26<00:19,  0.15it/s, v_num=2qa0, train_loss_step=0.502, val_loss=1.040, train_loss_epoch=0.428]Epoch 10:  57%|█████▋    | 4/7 [00:26<00:19,  0.15it/s, v_num=2qa0, train_loss_step=0.509, val_loss=1.040, train_loss_epoch=0.428]SUCCESS: vision_encoder.blocks.2.1.spatial_block.conv1.fn.dw.weight is Updating! Grad Norm: 0.089428
Epoch 10:  71%|███████▏  | 5/7 [00:33<00:13,  0.15it/s, v_num=2qa0, train_loss_step=0.509, val_loss=1.040, train_loss_epoch=0.428]Epoch 10:  71%|███████▏  | 5/7 [00:33<00:13,  0.15it/s, v_num=2qa0, train_loss_step=0.446, val_loss=1.040, train_loss_epoch=0.428]SUCCESS: vision_encoder.blocks.2.1.spatial_block.conv1.fn.dw.weight is Updating! Grad Norm: 0.094465
Epoch 10:  86%|████████▌ | 6/7 [00:39<00:06,  0.15it/s, v_num=2qa0, train_loss_step=0.446, val_loss=1.040, train_loss_epoch=0.428]Epoch 10:  86%|████████▌ | 6/7 [00:39<00:06,  0.15it/s, v_num=2qa0, train_loss_step=0.414, val_loss=1.040, train_loss_epoch=0.428]SUCCESS: vision_encoder.blocks.2.1.spatial_block.conv1.fn.dw.weight is Updating! Grad Norm: 0.100565
Epoch 10: 100%|██████████| 7/7 [00:43<00:00,  0.16it/s, v_num=2qa0, train_loss_step=0.414, val_loss=1.040, train_loss_epoch=0.428]Epoch 10: 100%|██████████| 7/7 [00:43<00:00,  0.16it/s, v_num=2qa0, train_loss_step=0.459, val_loss=1.040, train_loss_epoch=0.428]
Validation: |          | 0/? [00:00<?, ?it/s][A
Validation:   0%|          | 0/4 [00:00<?, ?it/s][A
Validation DataLoader 0:   0%|          | 0/4 [00:00<?, ?it/s][Atensor(0.8575, device='cuda:0')
tensor(-0.6707, device='cuda:0')

Validation DataLoader 0:  25%|██▌       | 1/4 [00:01<00:04,  0.65it/s][Atensor(0.8472, device='cuda:0')
tensor(-0.6972, device='cuda:0')

Validation DataLoader 0:  50%|█████     | 2/4 [00:03<00:03,  0.64it/s][Atensor(0.8365, device='cuda:0')
tensor(-0.4889, device='cuda:0')

Validation DataLoader 0:  75%|███████▌  | 3/4 [00:04<00:01,  0.64it/s][Atensor(0.4960, device='cuda:0')
tensor(-0.5918, device='cuda:0')

Validation DataLoader 0: 100%|██████████| 4/4 [00:05<00:00,  0.76it/s][A
==================================================
Stage: VAL
Predicted class distribution: 0s = 27, 1s = 80
Actual label distribution:    0s = 80, 1s = 27
Actual Imbalance Ratio (0:1): 2.96:1
==================================================
✅ Model is predicting both classes.
Saved test predictions and probabilities to validation_results_fold_final.xlsx

                                                                      [AEpoch 10: 100%|██████████| 7/7 [00:49<00:00,  0.14it/s, v_num=2qa0, train_loss_step=0.459, val_loss=0.849, train_loss_epoch=0.428]Epoch 10: 100%|██████████| 7/7 [00:49<00:00,  0.14it/s, v_num=2qa0, train_loss_step=0.459, val_loss=0.849, train_loss_epoch=0.458]Epoch 10:   0%|          | 0/7 [00:00<?, ?it/s, v_num=2qa0, train_loss_step=0.459, val_loss=0.849, train_loss_epoch=0.458]        Epoch 11:   0%|          | 0/7 [00:00<?, ?it/s, v_num=2qa0, train_loss_step=0.459, val_loss=0.849, train_loss_epoch=0.458]SUCCESS: vision_encoder.blocks.2.1.spatial_block.conv1.fn.dw.weight is Updating! Grad Norm: 0.094978
Epoch 11:  14%|█▍        | 1/7 [00:06<00:41,  0.14it/s, v_num=2qa0, train_loss_step=0.459, val_loss=0.849, train_loss_epoch=0.458]Epoch 11:  14%|█▍        | 1/7 [00:06<00:41,  0.14it/s, v_num=2qa0, train_loss_step=0.363, val_loss=0.849, train_loss_epoch=0.458]SUCCESS: vision_encoder.blocks.2.1.spatial_block.conv1.fn.dw.weight is Updating! Grad Norm: 0.081709
Epoch 11:  29%|██▊       | 2/7 [00:13<00:33,  0.15it/s, v_num=2qa0, train_loss_step=0.363, val_loss=0.849, train_loss_epoch=0.458]Epoch 11:  29%|██▊       | 2/7 [00:13<00:33,  0.15it/s, v_num=2qa0, train_loss_step=0.439, val_loss=0.849, train_loss_epoch=0.458]SUCCESS: vision_encoder.blocks.2.1.spatial_block.conv1.fn.dw.weight is Updating! Grad Norm: 0.067146
Epoch 11:  43%|████▎     | 3/7 [00:20<00:26,  0.15it/s, v_num=2qa0, train_loss_step=0.439, val_loss=0.849, train_loss_epoch=0.458]Epoch 11:  43%|████▎     | 3/7 [00:20<00:26,  0.15it/s, v_num=2qa0, train_loss_step=0.569, val_loss=0.849, train_loss_epoch=0.458]SUCCESS: vision_encoder.blocks.2.1.spatial_block.conv1.fn.dw.weight is Updating! Grad Norm: 0.073241
Epoch 11:  57%|█████▋    | 4/7 [00:26<00:19,  0.15it/s, v_num=2qa0, train_loss_step=0.569, val_loss=0.849, train_loss_epoch=0.458]Epoch 11:  57%|█████▋    | 4/7 [00:26<00:19,  0.15it/s, v_num=2qa0, train_loss_step=0.433, val_loss=0.849, train_loss_epoch=0.458]SUCCESS: vision_encoder.blocks.2.1.spatial_block.conv1.fn.dw.weight is Updating! Grad Norm: 0.098762
Epoch 11:  71%|███████▏  | 5/7 [00:33<00:13,  0.15it/s, v_num=2qa0, train_loss_step=0.433, val_loss=0.849, train_loss_epoch=0.458]Epoch 11:  71%|███████▏  | 5/7 [00:33<00:13,  0.15it/s, v_num=2qa0, train_loss_step=0.492, val_loss=0.849, train_loss_epoch=0.458]SUCCESS: vision_encoder.blocks.2.1.spatial_block.conv1.fn.dw.weight is Updating! Grad Norm: 0.118409
Epoch 11:  86%|████████▌ | 6/7 [00:39<00:06,  0.15it/s, v_num=2qa0, train_loss_step=0.492, val_loss=0.849, train_loss_epoch=0.458]Epoch 11:  86%|████████▌ | 6/7 [00:39<00:06,  0.15it/s, v_num=2qa0, train_loss_step=0.506, val_loss=0.849, train_loss_epoch=0.458]SUCCESS: vision_encoder.blocks.2.1.spatial_block.conv1.fn.dw.weight is Updating! Grad Norm: 0.146105
Epoch 11: 100%|██████████| 7/7 [00:43<00:00,  0.16it/s, v_num=2qa0, train_loss_step=0.506, val_loss=0.849, train_loss_epoch=0.458]Epoch 11: 100%|██████████| 7/7 [00:43<00:00,  0.16it/s, v_num=2qa0, train_loss_step=0.748, val_loss=0.849, train_loss_epoch=0.458]
Validation: |          | 0/? [00:00<?, ?it/s][A
Validation:   0%|          | 0/4 [00:00<?, ?it/s][A
Validation DataLoader 0:   0%|          | 0/4 [00:00<?, ?it/s][Atensor(0.8364, device='cuda:0')
tensor(-0.5024, device='cuda:0')

Validation DataLoader 0:  25%|██▌       | 1/4 [00:01<00:04,  0.65it/s][Atensor(0.9369, device='cuda:0')
tensor(-0.5163, device='cuda:0')

Validation DataLoader 0:  50%|█████     | 2/4 [00:03<00:03,  0.65it/s][Atensor(0.9199, device='cuda:0')
tensor(-0.3665, device='cuda:0')

Validation DataLoader 0:  75%|███████▌  | 3/4 [00:04<00:01,  0.64it/s][Atensor(0.6241, device='cuda:0')
tensor(-0.4432, device='cuda:0')

Validation DataLoader 0: 100%|██████████| 4/4 [00:05<00:00,  0.76it/s][A
==================================================
Stage: VAL
Predicted class distribution: 0s = 38, 1s = 69
Actual label distribution:    0s = 80, 1s = 27
Actual Imbalance Ratio (0:1): 2.96:1
==================================================
✅ Model is predicting both classes.
Saved test predictions and probabilities to validation_results_fold_final.xlsx

                                                                      [AEpoch 11: 100%|██████████| 7/7 [00:49<00:00,  0.14it/s, v_num=2qa0, train_loss_step=0.748, val_loss=0.768, train_loss_epoch=0.458]Epoch 11: 100%|██████████| 7/7 [00:49<00:00,  0.14it/s, v_num=2qa0, train_loss_step=0.748, val_loss=0.768, train_loss_epoch=0.495]Epoch 11:   0%|          | 0/7 [00:00<?, ?it/s, v_num=2qa0, train_loss_step=0.748, val_loss=0.768, train_loss_epoch=0.495]        Epoch 12:   0%|          | 0/7 [00:00<?, ?it/s, v_num=2qa0, train_loss_step=0.748, val_loss=0.768, train_loss_epoch=0.495]SUCCESS: vision_encoder.blocks.2.1.spatial_block.conv1.fn.dw.weight is Updating! Grad Norm: 0.094282
Epoch 12:  14%|█▍        | 1/7 [00:06<00:41,  0.14it/s, v_num=2qa0, train_loss_step=0.748, val_loss=0.768, train_loss_epoch=0.495]Epoch 12:  14%|█▍        | 1/7 [00:07<00:42,  0.14it/s, v_num=2qa0, train_loss_step=0.446, val_loss=0.768, train_loss_epoch=0.495]SUCCESS: vision_encoder.blocks.2.1.spatial_block.conv1.fn.dw.weight is Updating! Grad Norm: 0.079743
Epoch 12:  29%|██▊       | 2/7 [00:13<00:33,  0.15it/s, v_num=2qa0, train_loss_step=0.446, val_loss=0.768, train_loss_epoch=0.495]Epoch 12:  29%|██▊       | 2/7 [00:13<00:33,  0.15it/s, v_num=2qa0, train_loss_step=0.509, val_loss=0.768, train_loss_epoch=0.495]SUCCESS: vision_encoder.blocks.2.1.spatial_block.conv1.fn.dw.weight is Updating! Grad Norm: 0.090247
Epoch 12:  43%|████▎     | 3/7 [00:20<00:26,  0.15it/s, v_num=2qa0, train_loss_step=0.509, val_loss=0.768, train_loss_epoch=0.495]Epoch 12:  43%|████▎     | 3/7 [00:20<00:26,  0.15it/s, v_num=2qa0, train_loss_step=0.535, val_loss=0.768, train_loss_epoch=0.495]SUCCESS: vision_encoder.blocks.2.1.spatial_block.conv1.fn.dw.weight is Updating! Grad Norm: 0.129002
Epoch 12:  57%|█████▋    | 4/7 [00:26<00:19,  0.15it/s, v_num=2qa0, train_loss_step=0.535, val_loss=0.768, train_loss_epoch=0.495]Epoch 12:  57%|█████▋    | 4/7 [00:26<00:19,  0.15it/s, v_num=2qa0, train_loss_step=0.548, val_loss=0.768, train_loss_epoch=0.495]SUCCESS: vision_encoder.blocks.2.1.spatial_block.conv1.fn.dw.weight is Updating! Grad Norm: 0.113842
Epoch 12:  71%|███████▏  | 5/7 [00:33<00:13,  0.15it/s, v_num=2qa0, train_loss_step=0.548, val_loss=0.768, train_loss_epoch=0.495]Epoch 12:  71%|███████▏  | 5/7 [00:33<00:13,  0.15it/s, v_num=2qa0, train_loss_step=0.471, val_loss=0.768, train_loss_epoch=0.495]SUCCESS: vision_encoder.blocks.2.1.spatial_block.conv1.fn.dw.weight is Updating! Grad Norm: 0.093880
Epoch 12:  86%|████████▌ | 6/7 [00:39<00:06,  0.15it/s, v_num=2qa0, train_loss_step=0.471, val_loss=0.768, train_loss_epoch=0.495]Epoch 12:  86%|████████▌ | 6/7 [00:39<00:06,  0.15it/s, v_num=2qa0, train_loss_step=0.507, val_loss=0.768, train_loss_epoch=0.495]SUCCESS: vision_encoder.blocks.2.1.spatial_block.conv1.fn.dw.weight is Updating! Grad Norm: 0.088803
Epoch 12: 100%|██████████| 7/7 [00:43<00:00,  0.16it/s, v_num=2qa0, train_loss_step=0.507, val_loss=0.768, train_loss_epoch=0.495]Epoch 12: 100%|██████████| 7/7 [00:43<00:00,  0.16it/s, v_num=2qa0, train_loss_step=0.505, val_loss=0.768, train_loss_epoch=0.495]
Validation: |          | 0/? [00:00<?, ?it/s][A
Validation:   0%|          | 0/4 [00:00<?, ?it/s][A
Validation DataLoader 0:   0%|          | 0/4 [00:00<?, ?it/s][Atensor(0.8130, device='cuda:0')
tensor(-0.4340, device='cuda:0')

Validation DataLoader 0:  25%|██▌       | 1/4 [00:01<00:04,  0.65it/s][Atensor(0.9865, device='cuda:0')
tensor(-0.4396, device='cuda:0')

Validation DataLoader 0:  50%|█████     | 2/4 [00:03<00:03,  0.64it/s][Atensor(0.9344, device='cuda:0')
tensor(-0.2964, device='cuda:0')

Validation DataLoader 0:  75%|███████▌  | 3/4 [00:04<00:01,  0.64it/s][Atensor(0.6737, device='cuda:0')
tensor(-0.4082, device='cuda:0')

Validation DataLoader 0: 100%|██████████| 4/4 [00:05<00:00,  0.76it/s][A
==================================================
Stage: VAL
Predicted class distribution: 0s = 42, 1s = 65
Actual label distribution:    0s = 80, 1s = 27
Actual Imbalance Ratio (0:1): 2.96:1
==================================================
✅ Model is predicting both classes.
Saved test predictions and probabilities to validation_results_fold_final.xlsx

                                                                      [AEpoch 12: 100%|██████████| 7/7 [00:49<00:00,  0.14it/s, v_num=2qa0, train_loss_step=0.505, val_loss=0.736, train_loss_epoch=0.495]Epoch 12: 100%|██████████| 7/7 [00:49<00:00,  0.14it/s, v_num=2qa0, train_loss_step=0.505, val_loss=0.736, train_loss_epoch=0.503]Epoch 12:   0%|          | 0/7 [00:00<?, ?it/s, v_num=2qa0, train_loss_step=0.505, val_loss=0.736, train_loss_epoch=0.503]        Epoch 13:   0%|          | 0/7 [00:00<?, ?it/s, v_num=2qa0, train_loss_step=0.505, val_loss=0.736, train_loss_epoch=0.503]SUCCESS: vision_encoder.blocks.2.1.spatial_block.conv1.fn.dw.weight is Updating! Grad Norm: 0.125877
Epoch 13:  14%|█▍        | 1/7 [00:06<00:41,  0.14it/s, v_num=2qa0, train_loss_step=0.505, val_loss=0.736, train_loss_epoch=0.503]Epoch 13:  14%|█▍        | 1/7 [00:06<00:41,  0.14it/s, v_num=2qa0, train_loss_step=0.677, val_loss=0.736, train_loss_epoch=0.503]SUCCESS: vision_encoder.blocks.2.1.spatial_block.conv1.fn.dw.weight is Updating! Grad Norm: 0.662992
Epoch 13:  29%|██▊       | 2/7 [00:13<00:33,  0.15it/s, v_num=2qa0, train_loss_step=0.677, val_loss=0.736, train_loss_epoch=0.503]Epoch 13:  29%|██▊       | 2/7 [00:13<00:33,  0.15it/s, v_num=2qa0, train_loss_step=0.797, val_loss=0.736, train_loss_epoch=0.503]SUCCESS: vision_encoder.blocks.2.1.spatial_block.conv1.fn.dw.weight is Updating! Grad Norm: 0.133007
Epoch 13:  43%|████▎     | 3/7 [00:20<00:26,  0.15it/s, v_num=2qa0, train_loss_step=0.797, val_loss=0.736, train_loss_epoch=0.503]Epoch 13:  43%|████▎     | 3/7 [00:20<00:26,  0.15it/s, v_num=2qa0, train_loss_step=0.594, val_loss=0.736, train_loss_epoch=0.503]SUCCESS: vision_encoder.blocks.2.1.spatial_block.conv1.fn.dw.weight is Updating! Grad Norm: 0.129030
Epoch 13:  57%|█████▋    | 4/7 [00:26<00:19,  0.15it/s, v_num=2qa0, train_loss_step=0.594, val_loss=0.736, train_loss_epoch=0.503]Epoch 13:  57%|█████▋    | 4/7 [00:26<00:19,  0.15it/s, v_num=2qa0, train_loss_step=0.667, val_loss=0.736, train_loss_epoch=0.503]SUCCESS: vision_encoder.blocks.2.1.spatial_block.conv1.fn.dw.weight is Updating! Grad Norm: 0.094239
Epoch 13:  71%|███████▏  | 5/7 [00:33<00:13,  0.15it/s, v_num=2qa0, train_loss_step=0.667, val_loss=0.736, train_loss_epoch=0.503]Epoch 13:  71%|███████▏  | 5/7 [00:33<00:13,  0.15it/s, v_num=2qa0, train_loss_step=0.488, val_loss=0.736, train_loss_epoch=0.503]SUCCESS: vision_encoder.blocks.2.1.spatial_block.conv1.fn.dw.weight is Updating! Grad Norm: 0.091955
Epoch 13:  86%|████████▌ | 6/7 [00:39<00:06,  0.15it/s, v_num=2qa0, train_loss_step=0.488, val_loss=0.736, train_loss_epoch=0.503]Epoch 13:  86%|████████▌ | 6/7 [00:39<00:06,  0.15it/s, v_num=2qa0, train_loss_step=0.524, val_loss=0.736, train_loss_epoch=0.503]SUCCESS: vision_encoder.blocks.2.1.spatial_block.conv1.fn.dw.weight is Updating! Grad Norm: 0.135257
Epoch 13: 100%|██████████| 7/7 [00:43<00:00,  0.16it/s, v_num=2qa0, train_loss_step=0.524, val_loss=0.736, train_loss_epoch=0.503]Epoch 13: 100%|██████████| 7/7 [00:43<00:00,  0.16it/s, v_num=2qa0, train_loss_step=0.635, val_loss=0.736, train_loss_epoch=0.503]
Validation: |          | 0/? [00:00<?, ?it/s][A
Validation:   0%|          | 0/4 [00:00<?, ?it/s][A
Validation DataLoader 0:   0%|          | 0/4 [00:00<?, ?it/s][Atensor(0.7858, device='cuda:0')
tensor(-0.4074, device='cuda:0')

Validation DataLoader 0:  25%|██▌       | 1/4 [00:01<00:04,  0.65it/s][Atensor(1.0074, device='cuda:0')
tensor(-0.3842, device='cuda:0')

Validation DataLoader 0:  50%|█████     | 2/4 [00:03<00:03,  0.65it/s][Atensor(0.9169, device='cuda:0')
tensor(-0.2681, device='cuda:0')

Validation DataLoader 0:  75%|███████▌  | 3/4 [00:04<00:01,  0.64it/s][Atensor(0.6679, device='cuda:0')
tensor(-0.3933, device='cuda:0')

Validation DataLoader 0: 100%|██████████| 4/4 [00:05<00:00,  0.76it/s][A
==================================================
Stage: VAL
Predicted class distribution: 0s = 46, 1s = 61
Actual label distribution:    0s = 80, 1s = 27
Actual Imbalance Ratio (0:1): 2.96:1
==================================================
✅ Model is predicting both classes.
Saved test predictions and probabilities to validation_results_fold_final.xlsx

                                                                      [AEpoch 13: 100%|██████████| 7/7 [00:49<00:00,  0.14it/s, v_num=2qa0, train_loss_step=0.635, val_loss=0.718, train_loss_epoch=0.503]Epoch 13: 100%|██████████| 7/7 [00:49<00:00,  0.14it/s, v_num=2qa0, train_loss_step=0.635, val_loss=0.718, train_loss_epoch=0.626]Epoch 13:   0%|          | 0/7 [00:00<?, ?it/s, v_num=2qa0, train_loss_step=0.635, val_loss=0.718, train_loss_epoch=0.626]        Epoch 14:   0%|          | 0/7 [00:00<?, ?it/s, v_num=2qa0, train_loss_step=0.635, val_loss=0.718, train_loss_epoch=0.626]SUCCESS: vision_encoder.blocks.2.1.spatial_block.conv1.fn.dw.weight is Updating! Grad Norm: 0.143118
Epoch 14:  14%|█▍        | 1/7 [00:06<00:41,  0.14it/s, v_num=2qa0, train_loss_step=0.635, val_loss=0.718, train_loss_epoch=0.626]Epoch 14:  14%|█▍        | 1/7 [00:06<00:41,  0.14it/s, v_num=2qa0, train_loss_step=0.486, val_loss=0.718, train_loss_epoch=0.626]SUCCESS: vision_encoder.blocks.2.1.spatial_block.conv1.fn.dw.weight is Updating! Grad Norm: 0.126629
Epoch 14:  29%|██▊       | 2/7 [00:13<00:33,  0.15it/s, v_num=2qa0, train_loss_step=0.486, val_loss=0.718, train_loss_epoch=0.626]Epoch 14:  29%|██▊       | 2/7 [00:13<00:33,  0.15it/s, v_num=2qa0, train_loss_step=0.493, val_loss=0.718, train_loss_epoch=0.626]SUCCESS: vision_encoder.blocks.2.1.spatial_block.conv1.fn.dw.weight is Updating! Grad Norm: 0.115882
Epoch 14:  43%|████▎     | 3/7 [00:20<00:26,  0.15it/s, v_num=2qa0, train_loss_step=0.493, val_loss=0.718, train_loss_epoch=0.626]Epoch 14:  43%|████▎     | 3/7 [00:20<00:26,  0.15it/s, v_num=2qa0, train_loss_step=0.532, val_loss=0.718, train_loss_epoch=0.626]SUCCESS: vision_encoder.blocks.2.1.spatial_block.conv1.fn.dw.weight is Updating! Grad Norm: 0.085377
Epoch 14:  57%|█████▋    | 4/7 [00:26<00:19,  0.15it/s, v_num=2qa0, train_loss_step=0.532, val_loss=0.718, train_loss_epoch=0.626]Epoch 14:  57%|█████▋    | 4/7 [00:26<00:19,  0.15it/s, v_num=2qa0, train_loss_step=0.382, val_loss=0.718, train_loss_epoch=0.626]SUCCESS: vision_encoder.blocks.2.1.spatial_block.conv1.fn.dw.weight is Updating! Grad Norm: 0.094397
Epoch 14:  71%|███████▏  | 5/7 [00:33<00:13,  0.15it/s, v_num=2qa0, train_loss_step=0.382, val_loss=0.718, train_loss_epoch=0.626]Epoch 14:  71%|███████▏  | 5/7 [00:33<00:13,  0.15it/s, v_num=2qa0, train_loss_step=0.453, val_loss=0.718, train_loss_epoch=0.626]SUCCESS: vision_encoder.blocks.2.1.spatial_block.conv1.fn.dw.weight is Updating! Grad Norm: 0.077626
Epoch 14:  86%|████████▌ | 6/7 [00:39<00:06,  0.15it/s, v_num=2qa0, train_loss_step=0.453, val_loss=0.718, train_loss_epoch=0.626]Epoch 14:  86%|████████▌ | 6/7 [00:39<00:06,  0.15it/s, v_num=2qa0, train_loss_step=0.569, val_loss=0.718, train_loss_epoch=0.626]SUCCESS: vision_encoder.blocks.2.1.spatial_block.conv1.fn.dw.weight is Updating! Grad Norm: 0.089698
Epoch 14: 100%|██████████| 7/7 [00:43<00:00,  0.16it/s, v_num=2qa0, train_loss_step=0.569, val_loss=0.718, train_loss_epoch=0.626]Epoch 14: 100%|██████████| 7/7 [00:43<00:00,  0.16it/s, v_num=2qa0, train_loss_step=0.300, val_loss=0.718, train_loss_epoch=0.626]
Validation: |          | 0/? [00:00<?, ?it/s][A
Validation:   0%|          | 0/4 [00:00<?, ?it/s][A
Validation DataLoader 0:   0%|          | 0/4 [00:00<?, ?it/s][Atensor(0.7447, device='cuda:0')
tensor(-0.3859, device='cuda:0')

Validation DataLoader 0:  25%|██▌       | 1/4 [00:01<00:04,  0.65it/s][Atensor(1.0121, device='cuda:0')
tensor(-0.3706, device='cuda:0')

Validation DataLoader 0:  50%|█████     | 2/4 [00:03<00:03,  0.64it/s][Atensor(0.8928, device='cuda:0')
tensor(-0.2652, device='cuda:0')

Validation DataLoader 0:  75%|███████▌  | 3/4 [00:04<00:01,  0.64it/s][Atensor(0.6459, device='cuda:0')
tensor(-0.4000, device='cuda:0')

Validation DataLoader 0: 100%|██████████| 4/4 [00:05<00:00,  0.76it/s][A
==================================================
Stage: VAL
Predicted class distribution: 0s = 45, 1s = 62
Actual label distribution:    0s = 80, 1s = 27
Actual Imbalance Ratio (0:1): 2.96:1
==================================================
✅ Model is predicting both classes.
Saved test predictions and probabilities to validation_results_fold_final.xlsx

                                                                      [AEpoch 14: 100%|██████████| 7/7 [00:49<00:00,  0.14it/s, v_num=2qa0, train_loss_step=0.300, val_loss=0.708, train_loss_epoch=0.626]Epoch 14: 100%|██████████| 7/7 [00:49<00:00,  0.14it/s, v_num=2qa0, train_loss_step=0.300, val_loss=0.708, train_loss_epoch=0.467]Epoch 14:   0%|          | 0/7 [00:00<?, ?it/s, v_num=2qa0, train_loss_step=0.300, val_loss=0.708, train_loss_epoch=0.467]        Epoch 15:   0%|          | 0/7 [00:00<?, ?it/s, v_num=2qa0, train_loss_step=0.300, val_loss=0.708, train_loss_epoch=0.467]SUCCESS: vision_encoder.blocks.2.1.spatial_block.conv1.fn.dw.weight is Updating! Grad Norm: 0.083588
Epoch 15:  14%|█▍        | 1/7 [00:06<00:41,  0.14it/s, v_num=2qa0, train_loss_step=0.300, val_loss=0.708, train_loss_epoch=0.467]Epoch 15:  14%|█▍        | 1/7 [00:06<00:41,  0.14it/s, v_num=2qa0, train_loss_step=0.477, val_loss=0.708, train_loss_epoch=0.467]SUCCESS: vision_encoder.blocks.2.1.spatial_block.conv1.fn.dw.weight is Updating! Grad Norm: 0.083057
Epoch 15:  29%|██▊       | 2/7 [00:13<00:33,  0.15it/s, v_num=2qa0, train_loss_step=0.477, val_loss=0.708, train_loss_epoch=0.467]Epoch 15:  29%|██▊       | 2/7 [00:13<00:33,  0.15it/s, v_num=2qa0, train_loss_step=0.575, val_loss=0.708, train_loss_epoch=0.467]SUCCESS: vision_encoder.blocks.2.1.spatial_block.conv1.fn.dw.weight is Updating! Grad Norm: 0.130175
Epoch 15:  43%|████▎     | 3/7 [00:20<00:26,  0.15it/s, v_num=2qa0, train_loss_step=0.575, val_loss=0.708, train_loss_epoch=0.467]Epoch 15:  43%|████▎     | 3/7 [00:20<00:26,  0.15it/s, v_num=2qa0, train_loss_step=0.377, val_loss=0.708, train_loss_epoch=0.467]SUCCESS: vision_encoder.blocks.2.1.spatial_block.conv1.fn.dw.weight is Updating! Grad Norm: 0.106576
Epoch 15:  57%|█████▋    | 4/7 [00:26<00:19,  0.15it/s, v_num=2qa0, train_loss_step=0.377, val_loss=0.708, train_loss_epoch=0.467]Epoch 15:  57%|█████▋    | 4/7 [00:26<00:19,  0.15it/s, v_num=2qa0, train_loss_step=0.574, val_loss=0.708, train_loss_epoch=0.467]SUCCESS: vision_encoder.blocks.2.1.spatial_block.conv1.fn.dw.weight is Updating! Grad Norm: 0.075925
Epoch 15:  71%|███████▏  | 5/7 [00:33<00:13,  0.15it/s, v_num=2qa0, train_loss_step=0.574, val_loss=0.708, train_loss_epoch=0.467]Epoch 15:  71%|███████▏  | 5/7 [00:33<00:13,  0.15it/s, v_num=2qa0, train_loss_step=0.458, val_loss=0.708, train_loss_epoch=0.467]SUCCESS: vision_encoder.blocks.2.1.spatial_block.conv1.fn.dw.weight is Updating! Grad Norm: 0.082930
Epoch 15:  86%|████████▌ | 6/7 [00:39<00:06,  0.15it/s, v_num=2qa0, train_loss_step=0.458, val_loss=0.708, train_loss_epoch=0.467]Epoch 15:  86%|████████▌ | 6/7 [00:39<00:06,  0.15it/s, v_num=2qa0, train_loss_step=0.415, val_loss=0.708, train_loss_epoch=0.467]SUCCESS: vision_encoder.blocks.2.1.spatial_block.conv1.fn.dw.weight is Updating! Grad Norm: 0.116921
Epoch 15: 100%|██████████| 7/7 [00:43<00:00,  0.16it/s, v_num=2qa0, train_loss_step=0.415, val_loss=0.708, train_loss_epoch=0.467]Epoch 15: 100%|██████████| 7/7 [00:43<00:00,  0.16it/s, v_num=2qa0, train_loss_step=0.380, val_loss=0.708, train_loss_epoch=0.467]
Validation: |          | 0/? [00:00<?, ?it/s][A
Validation:   0%|          | 0/4 [00:00<?, ?it/s][A
Validation DataLoader 0:   0%|          | 0/4 [00:00<?, ?it/s][Atensor(0.7818, device='cuda:0')
tensor(-0.3450, device='cuda:0')

Validation DataLoader 0:  25%|██▌       | 1/4 [00:01<00:04,  0.65it/s][Atensor(1.0913, device='cuda:0')
tensor(-0.3307, device='cuda:0')

Validation DataLoader 0:  50%|█████     | 2/4 [00:03<00:03,  0.64it/s][Atensor(0.9381, device='cuda:0')
tensor(-0.2401, device='cuda:0')

Validation DataLoader 0:  75%|███████▌  | 3/4 [00:04<00:01,  0.64it/s][Atensor(0.7102, device='cuda:0')
tensor(-0.3755, device='cuda:0')

Validation DataLoader 0: 100%|██████████| 4/4 [00:05<00:00,  0.76it/s][A
==================================================
Stage: VAL
Predicted class distribution: 0s = 51, 1s = 56
Actual label distribution:    0s = 80, 1s = 27
Actual Imbalance Ratio (0:1): 2.96:1
==================================================
✅ Model is predicting both classes.
Saved test predictions and probabilities to validation_results_fold_final.xlsx

                                                                      [AEpoch 15: 100%|██████████| 7/7 [00:49<00:00,  0.14it/s, v_num=2qa0, train_loss_step=0.380, val_loss=0.689, train_loss_epoch=0.467]Epoch 15: 100%|██████████| 7/7 [00:49<00:00,  0.14it/s, v_num=2qa0, train_loss_step=0.380, val_loss=0.689, train_loss_epoch=0.470]Epoch 15:   0%|          | 0/7 [00:00<?, ?it/s, v_num=2qa0, train_loss_step=0.380, val_loss=0.689, train_loss_epoch=0.470]        Epoch 16:   0%|          | 0/7 [00:00<?, ?it/s, v_num=2qa0, train_loss_step=0.380, val_loss=0.689, train_loss_epoch=0.470]SUCCESS: vision_encoder.blocks.2.1.spatial_block.conv1.fn.dw.weight is Updating! Grad Norm: 0.074224
Epoch 16:  14%|█▍        | 1/7 [00:06<00:41,  0.14it/s, v_num=2qa0, train_loss_step=0.380, val_loss=0.689, train_loss_epoch=0.470]Epoch 16:  14%|█▍        | 1/7 [00:07<00:42,  0.14it/s, v_num=2qa0, train_loss_step=0.417, val_loss=0.689, train_loss_epoch=0.470]SUCCESS: vision_encoder.blocks.2.1.spatial_block.conv1.fn.dw.weight is Updating! Grad Norm: 0.127001
Epoch 16:  29%|██▊       | 2/7 [00:13<00:33,  0.15it/s, v_num=2qa0, train_loss_step=0.417, val_loss=0.689, train_loss_epoch=0.470]Epoch 16:  29%|██▊       | 2/7 [00:13<00:33,  0.15it/s, v_num=2qa0, train_loss_step=0.504, val_loss=0.689, train_loss_epoch=0.470]SUCCESS: vision_encoder.blocks.2.1.spatial_block.conv1.fn.dw.weight is Updating! Grad Norm: 0.081124
Epoch 16:  43%|████▎     | 3/7 [00:20<00:26,  0.15it/s, v_num=2qa0, train_loss_step=0.504, val_loss=0.689, train_loss_epoch=0.470]Epoch 16:  43%|████▎     | 3/7 [00:20<00:26,  0.15it/s, v_num=2qa0, train_loss_step=0.527, val_loss=0.689, train_loss_epoch=0.470]SUCCESS: vision_encoder.blocks.2.1.spatial_block.conv1.fn.dw.weight is Updating! Grad Norm: 0.074771
Epoch 16:  57%|█████▋    | 4/7 [00:26<00:19,  0.15it/s, v_num=2qa0, train_loss_step=0.527, val_loss=0.689, train_loss_epoch=0.470]Epoch 16:  57%|█████▋    | 4/7 [00:26<00:19,  0.15it/s, v_num=2qa0, train_loss_step=0.387, val_loss=0.689, train_loss_epoch=0.470]SUCCESS: vision_encoder.blocks.2.1.spatial_block.conv1.fn.dw.weight is Updating! Grad Norm: 0.085368
Epoch 16:  71%|███████▏  | 5/7 [00:33<00:13,  0.15it/s, v_num=2qa0, train_loss_step=0.387, val_loss=0.689, train_loss_epoch=0.470]Epoch 16:  71%|███████▏  | 5/7 [00:33<00:13,  0.15it/s, v_num=2qa0, train_loss_step=0.414, val_loss=0.689, train_loss_epoch=0.470]SUCCESS: vision_encoder.blocks.2.1.spatial_block.conv1.fn.dw.weight is Updating! Grad Norm: 0.106964
Epoch 16:  86%|████████▌ | 6/7 [00:39<00:06,  0.15it/s, v_num=2qa0, train_loss_step=0.414, val_loss=0.689, train_loss_epoch=0.470]Epoch 16:  86%|████████▌ | 6/7 [00:39<00:06,  0.15it/s, v_num=2qa0, train_loss_step=0.443, val_loss=0.689, train_loss_epoch=0.470]SUCCESS: vision_encoder.blocks.2.1.spatial_block.conv1.fn.dw.weight is Updating! Grad Norm: 0.108502
Epoch 16: 100%|██████████| 7/7 [00:43<00:00,  0.16it/s, v_num=2qa0, train_loss_step=0.443, val_loss=0.689, train_loss_epoch=0.470]Epoch 16: 100%|██████████| 7/7 [00:44<00:00,  0.16it/s, v_num=2qa0, train_loss_step=0.249, val_loss=0.689, train_loss_epoch=0.470]
Validation: |          | 0/? [00:00<?, ?it/s][A
Validation:   0%|          | 0/4 [00:00<?, ?it/s][A
Validation DataLoader 0:   0%|          | 0/4 [00:00<?, ?it/s][Atensor(0.7622, device='cuda:0')
tensor(-0.3415, device='cuda:0')

Validation DataLoader 0:  25%|██▌       | 1/4 [00:01<00:04,  0.65it/s][Atensor(1.0916, device='cuda:0')
tensor(-0.3319, device='cuda:0')

Validation DataLoader 0:  50%|█████     | 2/4 [00:03<00:03,  0.64it/s][Atensor(0.9572, device='cuda:0')
tensor(-0.2522, device='cuda:0')

Validation DataLoader 0:  75%|███████▌  | 3/4 [00:04<00:01,  0.64it/s][Atensor(0.7105, device='cuda:0')
tensor(-0.3959, device='cuda:0')

Validation DataLoader 0: 100%|██████████| 4/4 [00:05<00:00,  0.76it/s][A
==================================================
Stage: VAL
Predicted class distribution: 0s = 49, 1s = 58
Actual label distribution:    0s = 80, 1s = 27
Actual Imbalance Ratio (0:1): 2.96:1
==================================================
✅ Model is predicting both classes.
Saved test predictions and probabilities to validation_results_fold_final.xlsx

                                                                      [AEpoch 16: 100%|██████████| 7/7 [00:49<00:00,  0.14it/s, v_num=2qa0, train_loss_step=0.249, val_loss=0.687, train_loss_epoch=0.470]Epoch 16: 100%|██████████| 7/7 [00:49<00:00,  0.14it/s, v_num=2qa0, train_loss_step=0.249, val_loss=0.687, train_loss_epoch=0.429]Epoch 16:   0%|          | 0/7 [00:00<?, ?it/s, v_num=2qa0, train_loss_step=0.249, val_loss=0.687, train_loss_epoch=0.429]        Epoch 17:   0%|          | 0/7 [00:00<?, ?it/s, v_num=2qa0, train_loss_step=0.249, val_loss=0.687, train_loss_epoch=0.429]SUCCESS: vision_encoder.blocks.2.1.spatial_block.conv1.fn.dw.weight is Updating! Grad Norm: 0.088514
Epoch 17:  14%|█▍        | 1/7 [00:07<00:42,  0.14it/s, v_num=2qa0, train_loss_step=0.249, val_loss=0.687, train_loss_epoch=0.429]Epoch 17:  14%|█▍        | 1/7 [00:07<00:42,  0.14it/s, v_num=2qa0, train_loss_step=0.507, val_loss=0.687, train_loss_epoch=0.429]SUCCESS: vision_encoder.blocks.2.1.spatial_block.conv1.fn.dw.weight is Updating! Grad Norm: 0.086210
Epoch 17:  29%|██▊       | 2/7 [00:13<00:33,  0.15it/s, v_num=2qa0, train_loss_step=0.507, val_loss=0.687, train_loss_epoch=0.429]Epoch 17:  29%|██▊       | 2/7 [00:13<00:33,  0.15it/s, v_num=2qa0, train_loss_step=0.414, val_loss=0.687, train_loss_epoch=0.429]SUCCESS: vision_encoder.blocks.2.1.spatial_block.conv1.fn.dw.weight is Updating! Grad Norm: 0.080528
Epoch 17:  43%|████▎     | 3/7 [00:20<00:26,  0.15it/s, v_num=2qa0, train_loss_step=0.414, val_loss=0.687, train_loss_epoch=0.429]Epoch 17:  43%|████▎     | 3/7 [00:20<00:26,  0.15it/s, v_num=2qa0, train_loss_step=0.411, val_loss=0.687, train_loss_epoch=0.429]SUCCESS: vision_encoder.blocks.2.1.spatial_block.conv1.fn.dw.weight is Updating! Grad Norm: 0.107702
Epoch 17:  57%|█████▋    | 4/7 [00:26<00:19,  0.15it/s, v_num=2qa0, train_loss_step=0.411, val_loss=0.687, train_loss_epoch=0.429]Epoch 17:  57%|█████▋    | 4/7 [00:26<00:19,  0.15it/s, v_num=2qa0, train_loss_step=0.477, val_loss=0.687, train_loss_epoch=0.429]SUCCESS: vision_encoder.blocks.2.1.spatial_block.conv1.fn.dw.weight is Updating! Grad Norm: 0.102280
Epoch 17:  71%|███████▏  | 5/7 [00:33<00:13,  0.15it/s, v_num=2qa0, train_loss_step=0.477, val_loss=0.687, train_loss_epoch=0.429]Epoch 17:  71%|███████▏  | 5/7 [00:33<00:13,  0.15it/s, v_num=2qa0, train_loss_step=0.432, val_loss=0.687, train_loss_epoch=0.429]SUCCESS: vision_encoder.blocks.2.1.spatial_block.conv1.fn.dw.weight is Updating! Grad Norm: 0.124563
Epoch 17:  86%|████████▌ | 6/7 [00:39<00:06,  0.15it/s, v_num=2qa0, train_loss_step=0.432, val_loss=0.687, train_loss_epoch=0.429]Epoch 17:  86%|████████▌ | 6/7 [00:39<00:06,  0.15it/s, v_num=2qa0, train_loss_step=0.600, val_loss=0.687, train_loss_epoch=0.429]SUCCESS: vision_encoder.blocks.2.1.spatial_block.conv1.fn.dw.weight is Updating! Grad Norm: 0.116711
Epoch 17: 100%|██████████| 7/7 [00:44<00:00,  0.16it/s, v_num=2qa0, train_loss_step=0.600, val_loss=0.687, train_loss_epoch=0.429]Epoch 17: 100%|██████████| 7/7 [00:44<00:00,  0.16it/s, v_num=2qa0, train_loss_step=0.612, val_loss=0.687, train_loss_epoch=0.429]
Validation: |          | 0/? [00:00<?, ?it/s][A
Validation:   0%|          | 0/4 [00:00<?, ?it/s][A
Validation DataLoader 0:   0%|          | 0/4 [00:00<?, ?it/s][Atensor(0.7328, device='cuda:0')
tensor(-0.3802, device='cuda:0')

Validation DataLoader 0:  25%|██▌       | 1/4 [00:01<00:04,  0.65it/s][Atensor(1.0642, device='cuda:0')
tensor(-0.3607, device='cuda:0')

Validation DataLoader 0:  50%|█████     | 2/4 [00:03<00:03,  0.64it/s][Atensor(0.9548, device='cuda:0')
tensor(-0.2854, device='cuda:0')

Validation DataLoader 0:  75%|███████▌  | 3/4 [00:04<00:01,  0.64it/s][Atensor(0.6858, device='cuda:0')
tensor(-0.4541, device='cuda:0')

Validation DataLoader 0: 100%|██████████| 4/4 [00:05<00:00,  0.76it/s][A
==================================================
Stage: VAL
Predicted class distribution: 0s = 48, 1s = 59
Actual label distribution:    0s = 80, 1s = 27
Actual Imbalance Ratio (0:1): 2.96:1
==================================================
✅ Model is predicting both classes.
Saved test predictions and probabilities to validation_results_fold_final.xlsx

                                                                      [AEpoch 17: 100%|██████████| 7/7 [00:49<00:00,  0.14it/s, v_num=2qa0, train_loss_step=0.612, val_loss=0.701, train_loss_epoch=0.429]Epoch 17: 100%|██████████| 7/7 [00:49<00:00,  0.14it/s, v_num=2qa0, train_loss_step=0.612, val_loss=0.701, train_loss_epoch=0.487]Epoch 17:   0%|          | 0/7 [00:00<?, ?it/s, v_num=2qa0, train_loss_step=0.612, val_loss=0.701, train_loss_epoch=0.487]        Epoch 18:   0%|          | 0/7 [00:00<?, ?it/s, v_num=2qa0, train_loss_step=0.612, val_loss=0.701, train_loss_epoch=0.487]SUCCESS: vision_encoder.blocks.2.1.spatial_block.conv1.fn.dw.weight is Updating! Grad Norm: 0.103081
Epoch 18:  14%|█▍        | 1/7 [00:06<00:41,  0.14it/s, v_num=2qa0, train_loss_step=0.612, val_loss=0.701, train_loss_epoch=0.487]Epoch 18:  14%|█▍        | 1/7 [00:06<00:41,  0.14it/s, v_num=2qa0, train_loss_step=0.539, val_loss=0.701, train_loss_epoch=0.487]SUCCESS: vision_encoder.blocks.2.1.spatial_block.conv1.fn.dw.weight is Updating! Grad Norm: 0.101657
Epoch 18:  29%|██▊       | 2/7 [00:13<00:33,  0.15it/s, v_num=2qa0, train_loss_step=0.539, val_loss=0.701, train_loss_epoch=0.487]Epoch 18:  29%|██▊       | 2/7 [00:13<00:33,  0.15it/s, v_num=2qa0, train_loss_step=0.475, val_loss=0.701, train_loss_epoch=0.487]SUCCESS: vision_encoder.blocks.2.1.spatial_block.conv1.fn.dw.weight is Updating! Grad Norm: 0.069888
Epoch 18:  43%|████▎     | 3/7 [00:20<00:26,  0.15it/s, v_num=2qa0, train_loss_step=0.475, val_loss=0.701, train_loss_epoch=0.487]Epoch 18:  43%|████▎     | 3/7 [00:20<00:26,  0.15it/s, v_num=2qa0, train_loss_step=0.587, val_loss=0.701, train_loss_epoch=0.487]SUCCESS: vision_encoder.blocks.2.1.spatial_block.conv1.fn.dw.weight is Updating! Grad Norm: 0.075485
Epoch 18:  57%|█████▋    | 4/7 [00:26<00:19,  0.15it/s, v_num=2qa0, train_loss_step=0.587, val_loss=0.701, train_loss_epoch=0.487]Epoch 18:  57%|█████▋    | 4/7 [00:26<00:19,  0.15it/s, v_num=2qa0, train_loss_step=0.357, val_loss=0.701, train_loss_epoch=0.487]SUCCESS: vision_encoder.blocks.2.1.spatial_block.conv1.fn.dw.weight is Updating! Grad Norm: 0.114580
Epoch 18:  71%|███████▏  | 5/7 [00:33<00:13,  0.15it/s, v_num=2qa0, train_loss_step=0.357, val_loss=0.701, train_loss_epoch=0.487]Epoch 18:  71%|███████▏  | 5/7 [00:33<00:13,  0.15it/s, v_num=2qa0, train_loss_step=0.502, val_loss=0.701, train_loss_epoch=0.487]SUCCESS: vision_encoder.blocks.2.1.spatial_block.conv1.fn.dw.weight is Updating! Grad Norm: 0.101129
Epoch 18:  86%|████████▌ | 6/7 [00:39<00:06,  0.15it/s, v_num=2qa0, train_loss_step=0.502, val_loss=0.701, train_loss_epoch=0.487]Epoch 18:  86%|████████▌ | 6/7 [00:39<00:06,  0.15it/s, v_num=2qa0, train_loss_step=0.384, val_loss=0.701, train_loss_epoch=0.487]SUCCESS: vision_encoder.blocks.2.1.spatial_block.conv1.fn.dw.weight is Updating! Grad Norm: 0.094956
Epoch 18: 100%|██████████| 7/7 [00:43<00:00,  0.16it/s, v_num=2qa0, train_loss_step=0.384, val_loss=0.701, train_loss_epoch=0.487]Epoch 18: 100%|██████████| 7/7 [00:43<00:00,  0.16it/s, v_num=2qa0, train_loss_step=0.470, val_loss=0.701, train_loss_epoch=0.487]
Validation: |          | 0/? [00:00<?, ?it/s][A
Validation:   0%|          | 0/4 [00:00<?, ?it/s][A
Validation DataLoader 0:   0%|          | 0/4 [00:00<?, ?it/s][Atensor(0.8033, device='cuda:0')
tensor(-0.3927, device='cuda:0')

Validation DataLoader 0:  25%|██▌       | 1/4 [00:01<00:04,  0.65it/s][Atensor(1.0757, device='cuda:0')
tensor(-0.3576, device='cuda:0')

Validation DataLoader 0:  50%|█████     | 2/4 [00:03<00:03,  0.65it/s][Atensor(0.9990, device='cuda:0')
tensor(-0.3000, device='cuda:0')

Validation DataLoader 0:  75%|███████▌  | 3/4 [00:04<00:01,  0.64it/s][Atensor(0.7024, device='cuda:0')
tensor(-0.4682, device='cuda:0')

Validation DataLoader 0: 100%|██████████| 4/4 [00:05<00:00,  0.76it/s][A
==================================================
Stage: VAL
Predicted class distribution: 0s = 46, 1s = 61
Actual label distribution:    0s = 80, 1s = 27
Actual Imbalance Ratio (0:1): 2.96:1
==================================================
✅ Model is predicting both classes.
Saved test predictions and probabilities to validation_results_fold_final.xlsx

                                                                      [AEpoch 18: 100%|██████████| 7/7 [00:49<00:00,  0.14it/s, v_num=2qa0, train_loss_step=0.470, val_loss=0.697, train_loss_epoch=0.487]Epoch 18: 100%|██████████| 7/7 [00:49<00:00,  0.14it/s, v_num=2qa0, train_loss_step=0.470, val_loss=0.697, train_loss_epoch=0.474]Epoch 18:   0%|          | 0/7 [00:00<?, ?it/s, v_num=2qa0, train_loss_step=0.470, val_loss=0.697, train_loss_epoch=0.474]        Epoch 19:   0%|          | 0/7 [00:00<?, ?it/s, v_num=2qa0, train_loss_step=0.470, val_loss=0.697, train_loss_epoch=0.474]SUCCESS: vision_encoder.blocks.2.1.spatial_block.conv1.fn.dw.weight is Updating! Grad Norm: 0.085624
Epoch 19:  14%|█▍        | 1/7 [00:06<00:41,  0.14it/s, v_num=2qa0, train_loss_step=0.470, val_loss=0.697, train_loss_epoch=0.474]Epoch 19:  14%|█▍        | 1/7 [00:06<00:41,  0.14it/s, v_num=2qa0, train_loss_step=0.402, val_loss=0.697, train_loss_epoch=0.474]SUCCESS: vision_encoder.blocks.2.1.spatial_block.conv1.fn.dw.weight is Updating! Grad Norm: 0.077314
Epoch 19:  29%|██▊       | 2/7 [00:13<00:33,  0.15it/s, v_num=2qa0, train_loss_step=0.402, val_loss=0.697, train_loss_epoch=0.474]Epoch 19:  29%|██▊       | 2/7 [00:13<00:33,  0.15it/s, v_num=2qa0, train_loss_step=0.386, val_loss=0.697, train_loss_epoch=0.474]SUCCESS: vision_encoder.blocks.2.1.spatial_block.conv1.fn.dw.weight is Updating! Grad Norm: 0.091614
Epoch 19:  43%|████▎     | 3/7 [00:20<00:26,  0.15it/s, v_num=2qa0, train_loss_step=0.386, val_loss=0.697, train_loss_epoch=0.474]Epoch 19:  43%|████▎     | 3/7 [00:20<00:26,  0.15it/s, v_num=2qa0, train_loss_step=0.550, val_loss=0.697, train_loss_epoch=0.474]SUCCESS: vision_encoder.blocks.2.1.spatial_block.conv1.fn.dw.weight is Updating! Grad Norm: 0.100907
Epoch 19:  57%|█████▋    | 4/7 [00:26<00:19,  0.15it/s, v_num=2qa0, train_loss_step=0.550, val_loss=0.697, train_loss_epoch=0.474]Epoch 19:  57%|█████▋    | 4/7 [00:26<00:19,  0.15it/s, v_num=2qa0, train_loss_step=0.474, val_loss=0.697, train_loss_epoch=0.474]SUCCESS: vision_encoder.blocks.2.1.spatial_block.conv1.fn.dw.weight is Updating! Grad Norm: 0.071603
Epoch 19:  71%|███████▏  | 5/7 [00:33<00:13,  0.15it/s, v_num=2qa0, train_loss_step=0.474, val_loss=0.697, train_loss_epoch=0.474]Epoch 19:  71%|███████▏  | 5/7 [00:33<00:13,  0.15it/s, v_num=2qa0, train_loss_step=0.517, val_loss=0.697, train_loss_epoch=0.474]SUCCESS: vision_encoder.blocks.2.1.spatial_block.conv1.fn.dw.weight is Updating! Grad Norm: 0.083245
Epoch 19:  86%|████████▌ | 6/7 [00:39<00:06,  0.15it/s, v_num=2qa0, train_loss_step=0.517, val_loss=0.697, train_loss_epoch=0.474]Epoch 19:  86%|████████▌ | 6/7 [00:39<00:06,  0.15it/s, v_num=2qa0, train_loss_step=0.337, val_loss=0.697, train_loss_epoch=0.474]SUCCESS: vision_encoder.blocks.2.1.spatial_block.conv1.fn.dw.weight is Updating! Grad Norm: 0.111217
Epoch 19: 100%|██████████| 7/7 [00:43<00:00,  0.16it/s, v_num=2qa0, train_loss_step=0.337, val_loss=0.697, train_loss_epoch=0.474]Epoch 19: 100%|██████████| 7/7 [00:43<00:00,  0.16it/s, v_num=2qa0, train_loss_step=0.316, val_loss=0.697, train_loss_epoch=0.474]
Validation: |          | 0/? [00:00<?, ?it/s][A
Validation:   0%|          | 0/4 [00:00<?, ?it/s][A
Validation DataLoader 0:   0%|          | 0/4 [00:00<?, ?it/s][Atensor(0.8568, device='cuda:0')
tensor(-0.3998, device='cuda:0')

Validation DataLoader 0:  25%|██▌       | 1/4 [00:01<00:04,  0.65it/s][Atensor(1.1103, device='cuda:0')
tensor(-0.3664, device='cuda:0')

Validation DataLoader 0:  50%|█████     | 2/4 [00:03<00:03,  0.65it/s][Atensor(1.0428, device='cuda:0')
tensor(-0.3002, device='cuda:0')

Validation DataLoader 0:  75%|███████▌  | 3/4 [00:04<00:01,  0.64it/s][Atensor(0.7418, device='cuda:0')
tensor(-0.4659, device='cuda:0')

Validation DataLoader 0: 100%|██████████| 4/4 [00:05<00:00,  0.76it/s][A
==================================================
Stage: VAL
Predicted class distribution: 0s = 47, 1s = 60
Actual label distribution:    0s = 80, 1s = 27
Actual Imbalance Ratio (0:1): 2.96:1
==================================================
✅ Model is predicting both classes.
Saved test predictions and probabilities to validation_results_fold_final.xlsx

                                                                      [AEpoch 19: 100%|██████████| 7/7 [00:49<00:00,  0.14it/s, v_num=2qa0, train_loss_step=0.316, val_loss=0.691, train_loss_epoch=0.474]Epoch 19: 100%|██████████| 7/7 [00:49<00:00,  0.14it/s, v_num=2qa0, train_loss_step=0.316, val_loss=0.691, train_loss_epoch=0.432]Epoch 19:   0%|          | 0/7 [00:00<?, ?it/s, v_num=2qa0, train_loss_step=0.316, val_loss=0.691, train_loss_epoch=0.432]        Epoch 20:   0%|          | 0/7 [00:00<?, ?it/s, v_num=2qa0, train_loss_step=0.316, val_loss=0.691, train_loss_epoch=0.432]SUCCESS: vision_encoder.blocks.2.1.spatial_block.conv1.fn.dw.weight is Updating! Grad Norm: 0.090681
Epoch 20:  14%|█▍        | 1/7 [00:06<00:41,  0.14it/s, v_num=2qa0, train_loss_step=0.316, val_loss=0.691, train_loss_epoch=0.432]Epoch 20:  14%|█▍        | 1/7 [00:06<00:41,  0.14it/s, v_num=2qa0, train_loss_step=0.432, val_loss=0.691, train_loss_epoch=0.432]SUCCESS: vision_encoder.blocks.2.1.spatial_block.conv1.fn.dw.weight is Updating! Grad Norm: 0.086339
Epoch 20:  29%|██▊       | 2/7 [00:13<00:33,  0.15it/s, v_num=2qa0, train_loss_step=0.432, val_loss=0.691, train_loss_epoch=0.432]Epoch 20:  29%|██▊       | 2/7 [00:13<00:33,  0.15it/s, v_num=2qa0, train_loss_step=0.543, val_loss=0.691, train_loss_epoch=0.432]SUCCESS: vision_encoder.blocks.2.1.spatial_block.conv1.fn.dw.weight is Updating! Grad Norm: 0.139397
Epoch 20:  43%|████▎     | 3/7 [00:20<00:26,  0.15it/s, v_num=2qa0, train_loss_step=0.543, val_loss=0.691, train_loss_epoch=0.432]Epoch 20:  43%|████▎     | 3/7 [00:20<00:26,  0.15it/s, v_num=2qa0, train_loss_step=0.438, val_loss=0.691, train_loss_epoch=0.432]SUCCESS: vision_encoder.blocks.2.1.spatial_block.conv1.fn.dw.weight is Updating! Grad Norm: 0.118504
Epoch 20:  57%|█████▋    | 4/7 [00:26<00:19,  0.15it/s, v_num=2qa0, train_loss_step=0.438, val_loss=0.691, train_loss_epoch=0.432]Epoch 20:  57%|█████▋    | 4/7 [00:26<00:19,  0.15it/s, v_num=2qa0, train_loss_step=0.529, val_loss=0.691, train_loss_epoch=0.432]SUCCESS: vision_encoder.blocks.2.1.spatial_block.conv1.fn.dw.weight is Updating! Grad Norm: 0.136813
Epoch 20:  71%|███████▏  | 5/7 [00:33<00:13,  0.15it/s, v_num=2qa0, train_loss_step=0.529, val_loss=0.691, train_loss_epoch=0.432]Epoch 20:  71%|███████▏  | 5/7 [00:33<00:13,  0.15it/s, v_num=2qa0, train_loss_step=0.631, val_loss=0.691, train_loss_epoch=0.432]SUCCESS: vision_encoder.blocks.2.1.spatial_block.conv1.fn.dw.weight is Updating! Grad Norm: 0.075953
Epoch 20:  86%|████████▌ | 6/7 [00:39<00:06,  0.15it/s, v_num=2qa0, train_loss_step=0.631, val_loss=0.691, train_loss_epoch=0.432]Epoch 20:  86%|████████▌ | 6/7 [00:39<00:06,  0.15it/s, v_num=2qa0, train_loss_step=0.486, val_loss=0.691, train_loss_epoch=0.432]SUCCESS: vision_encoder.blocks.2.1.spatial_block.conv1.fn.dw.weight is Updating! Grad Norm: 0.118217
Epoch 20: 100%|██████████| 7/7 [00:43<00:00,  0.16it/s, v_num=2qa0, train_loss_step=0.486, val_loss=0.691, train_loss_epoch=0.432]Epoch 20: 100%|██████████| 7/7 [00:43<00:00,  0.16it/s, v_num=2qa0, train_loss_step=0.480, val_loss=0.691, train_loss_epoch=0.432]
Validation: |          | 0/? [00:00<?, ?it/s][A
Validation:   0%|          | 0/4 [00:00<?, ?it/s][A
Validation DataLoader 0:   0%|          | 0/4 [00:00<?, ?it/s][Atensor(0.9118, device='cuda:0')
tensor(-0.4186, device='cuda:0')

Validation DataLoader 0:  25%|██▌       | 1/4 [00:01<00:04,  0.65it/s][Atensor(1.1338, device='cuda:0')
tensor(-0.3732, device='cuda:0')

Validation DataLoader 0:  50%|█████     | 2/4 [00:03<00:03,  0.64it/s][Atensor(1.0614, device='cuda:0')
tensor(-0.3068, device='cuda:0')

Validation DataLoader 0:  75%|███████▌  | 3/4 [00:04<00:01,  0.64it/s][Atensor(0.7654, device='cuda:0')
tensor(-0.4672, device='cuda:0')

Validation DataLoader 0: 100%|██████████| 4/4 [00:05<00:00,  0.76it/s][A
==================================================
Stage: VAL
Predicted class distribution: 0s = 47, 1s = 60
Actual label distribution:    0s = 80, 1s = 27
Actual Imbalance Ratio (0:1): 2.96:1
==================================================
✅ Model is predicting both classes.
Saved test predictions and probabilities to validation_results_fold_final.xlsx

                                                                      [AEpoch 20: 100%|██████████| 7/7 [00:49<00:00,  0.14it/s, v_num=2qa0, train_loss_step=0.480, val_loss=0.691, train_loss_epoch=0.432]Epoch 20: 100%|██████████| 7/7 [00:49<00:00,  0.14it/s, v_num=2qa0, train_loss_step=0.480, val_loss=0.691, train_loss_epoch=0.507]Epoch 20:   0%|          | 0/7 [00:00<?, ?it/s, v_num=2qa0, train_loss_step=0.480, val_loss=0.691, train_loss_epoch=0.507]        Epoch 21:   0%|          | 0/7 [00:00<?, ?it/s, v_num=2qa0, train_loss_step=0.480, val_loss=0.691, train_loss_epoch=0.507]SUCCESS: vision_encoder.blocks.2.1.spatial_block.conv1.fn.dw.weight is Updating! Grad Norm: 0.277486
Epoch 21:  14%|█▍        | 1/7 [00:06<00:41,  0.14it/s, v_num=2qa0, train_loss_step=0.480, val_loss=0.691, train_loss_epoch=0.507]Epoch 21:  14%|█▍        | 1/7 [00:07<00:42,  0.14it/s, v_num=2qa0, train_loss_step=0.564, val_loss=0.691, train_loss_epoch=0.507]SUCCESS: vision_encoder.blocks.2.1.spatial_block.conv1.fn.dw.weight is Updating! Grad Norm: 0.074972
Epoch 21:  29%|██▊       | 2/7 [00:13<00:33,  0.15it/s, v_num=2qa0, train_loss_step=0.564, val_loss=0.691, train_loss_epoch=0.507]Epoch 21:  29%|██▊       | 2/7 [00:13<00:33,  0.15it/s, v_num=2qa0, train_loss_step=0.386, val_loss=0.691, train_loss_epoch=0.507]SUCCESS: vision_encoder.blocks.2.1.spatial_block.conv1.fn.dw.weight is Updating! Grad Norm: 0.082937
Epoch 21:  43%|████▎     | 3/7 [00:20<00:26,  0.15it/s, v_num=2qa0, train_loss_step=0.386, val_loss=0.691, train_loss_epoch=0.507]Epoch 21:  43%|████▎     | 3/7 [00:20<00:26,  0.15it/s, v_num=2qa0, train_loss_step=0.353, val_loss=0.691, train_loss_epoch=0.507]SUCCESS: vision_encoder.blocks.2.1.spatial_block.conv1.fn.dw.weight is Updating! Grad Norm: 0.096869
Epoch 21:  57%|█████▋    | 4/7 [00:26<00:19,  0.15it/s, v_num=2qa0, train_loss_step=0.353, val_loss=0.691, train_loss_epoch=0.507]Epoch 21:  57%|█████▋    | 4/7 [00:26<00:19,  0.15it/s, v_num=2qa0, train_loss_step=0.457, val_loss=0.691, train_loss_epoch=0.507]SUCCESS: vision_encoder.blocks.2.1.spatial_block.conv1.fn.dw.weight is Updating! Grad Norm: 0.076543
Epoch 21:  71%|███████▏  | 5/7 [00:33<00:13,  0.15it/s, v_num=2qa0, train_loss_step=0.457, val_loss=0.691, train_loss_epoch=0.507]Epoch 21:  71%|███████▏  | 5/7 [00:33<00:13,  0.15it/s, v_num=2qa0, train_loss_step=0.430, val_loss=0.691, train_loss_epoch=0.507]SUCCESS: vision_encoder.blocks.2.1.spatial_block.conv1.fn.dw.weight is Updating! Grad Norm: 0.127006
Epoch 21:  86%|████████▌ | 6/7 [00:39<00:06,  0.15it/s, v_num=2qa0, train_loss_step=0.430, val_loss=0.691, train_loss_epoch=0.507]Epoch 21:  86%|████████▌ | 6/7 [00:39<00:06,  0.15it/s, v_num=2qa0, train_loss_step=0.511, val_loss=0.691, train_loss_epoch=0.507]SUCCESS: vision_encoder.blocks.2.1.spatial_block.conv1.fn.dw.weight is Updating! Grad Norm: 0.128137
Epoch 21: 100%|██████████| 7/7 [00:43<00:00,  0.16it/s, v_num=2qa0, train_loss_step=0.511, val_loss=0.691, train_loss_epoch=0.507]Epoch 21: 100%|██████████| 7/7 [00:44<00:00,  0.16it/s, v_num=2qa0, train_loss_step=0.512, val_loss=0.691, train_loss_epoch=0.507]
Validation: |          | 0/? [00:00<?, ?it/s][A
Validation:   0%|          | 0/4 [00:00<?, ?it/s][A
Validation DataLoader 0:   0%|          | 0/4 [00:00<?, ?it/s][Atensor(0.9807, device='cuda:0')
tensor(-0.4260, device='cuda:0')

Validation DataLoader 0:  25%|██▌       | 1/4 [00:01<00:04,  0.65it/s][Atensor(1.1840, device='cuda:0')
tensor(-0.3809, device='cuda:0')

Validation DataLoader 0:  50%|█████     | 2/4 [00:03<00:03,  0.64it/s][Atensor(1.0944, device='cuda:0')
tensor(-0.3112, device='cuda:0')

Validation DataLoader 0:  75%|███████▌  | 3/4 [00:04<00:01,  0.64it/s][Atensor(0.8263, device='cuda:0')
tensor(-0.4722, device='cuda:0')

Validation DataLoader 0: 100%|██████████| 4/4 [00:05<00:00,  0.76it/s][A
==================================================
Stage: VAL
Predicted class distribution: 0s = 47, 1s = 60
Actual label distribution:    0s = 80, 1s = 27
Actual Imbalance Ratio (0:1): 2.96:1
==================================================
✅ Model is predicting both classes.
Saved test predictions and probabilities to validation_results_fold_final.xlsx

                                                                      [AEpoch 21: 100%|██████████| 7/7 [00:49<00:00,  0.14it/s, v_num=2qa0, train_loss_step=0.512, val_loss=0.685, train_loss_epoch=0.507]Epoch 21: 100%|██████████| 7/7 [00:49<00:00,  0.14it/s, v_num=2qa0, train_loss_step=0.512, val_loss=0.685, train_loss_epoch=0.456]Epoch 21:   0%|          | 0/7 [00:00<?, ?it/s, v_num=2qa0, train_loss_step=0.512, val_loss=0.685, train_loss_epoch=0.456]        Epoch 22:   0%|          | 0/7 [00:00<?, ?it/s, v_num=2qa0, train_loss_step=0.512, val_loss=0.685, train_loss_epoch=0.456]SUCCESS: vision_encoder.blocks.2.1.spatial_block.conv1.fn.dw.weight is Updating! Grad Norm: 0.129278
Epoch 22:  14%|█▍        | 1/7 [00:06<00:41,  0.14it/s, v_num=2qa0, train_loss_step=0.512, val_loss=0.685, train_loss_epoch=0.456]Epoch 22:  14%|█▍        | 1/7 [00:06<00:41,  0.14it/s, v_num=2qa0, train_loss_step=0.545, val_loss=0.685, train_loss_epoch=0.456]SUCCESS: vision_encoder.blocks.2.1.spatial_block.conv1.fn.dw.weight is Updating! Grad Norm: 0.137934
Epoch 22:  29%|██▊       | 2/7 [00:13<00:33,  0.15it/s, v_num=2qa0, train_loss_step=0.545, val_loss=0.685, train_loss_epoch=0.456]Epoch 22:  29%|██▊       | 2/7 [00:13<00:33,  0.15it/s, v_num=2qa0, train_loss_step=0.506, val_loss=0.685, train_loss_epoch=0.456]SUCCESS: vision_encoder.blocks.2.1.spatial_block.conv1.fn.dw.weight is Updating! Grad Norm: 0.144764
Epoch 22:  43%|████▎     | 3/7 [00:20<00:26,  0.15it/s, v_num=2qa0, train_loss_step=0.506, val_loss=0.685, train_loss_epoch=0.456]Epoch 22:  43%|████▎     | 3/7 [00:20<00:26,  0.15it/s, v_num=2qa0, train_loss_step=0.535, val_loss=0.685, train_loss_epoch=0.456]SUCCESS: vision_encoder.blocks.2.1.spatial_block.conv1.fn.dw.weight is Updating! Grad Norm: 0.077789
Epoch 22:  57%|█████▋    | 4/7 [00:26<00:19,  0.15it/s, v_num=2qa0, train_loss_step=0.535, val_loss=0.685, train_loss_epoch=0.456]Epoch 22:  57%|█████▋    | 4/7 [00:26<00:19,  0.15it/s, v_num=2qa0, train_loss_step=0.543, val_loss=0.685, train_loss_epoch=0.456]SUCCESS: vision_encoder.blocks.2.1.spatial_block.conv1.fn.dw.weight is Updating! Grad Norm: 0.063852
Epoch 22:  71%|███████▏  | 5/7 [00:33<00:13,  0.15it/s, v_num=2qa0, train_loss_step=0.543, val_loss=0.685, train_loss_epoch=0.456]Epoch 22:  71%|███████▏  | 5/7 [00:33<00:13,  0.15it/s, v_num=2qa0, train_loss_step=0.362, val_loss=0.685, train_loss_epoch=0.456]SUCCESS: vision_encoder.blocks.2.1.spatial_block.conv1.fn.dw.weight is Updating! Grad Norm: 0.089993
Epoch 22:  86%|████████▌ | 6/7 [00:39<00:06,  0.15it/s, v_num=2qa0, train_loss_step=0.362, val_loss=0.685, train_loss_epoch=0.456]Epoch 22:  86%|████████▌ | 6/7 [00:39<00:06,  0.15it/s, v_num=2qa0, train_loss_step=0.463, val_loss=0.685, train_loss_epoch=0.456]SUCCESS: vision_encoder.blocks.2.1.spatial_block.conv1.fn.dw.weight is Updating! Grad Norm: 0.084832
Epoch 22: 100%|██████████| 7/7 [00:43<00:00,  0.16it/s, v_num=2qa0, train_loss_step=0.463, val_loss=0.685, train_loss_epoch=0.456]Epoch 22: 100%|██████████| 7/7 [00:43<00:00,  0.16it/s, v_num=2qa0, train_loss_step=0.421, val_loss=0.685, train_loss_epoch=0.456]
Validation: |          | 0/? [00:00<?, ?it/s][A
Validation:   0%|          | 0/4 [00:00<?, ?it/s][A
Validation DataLoader 0:   0%|          | 0/4 [00:00<?, ?it/s][Atensor(1.0401, device='cuda:0')
tensor(-0.4280, device='cuda:0')

Validation DataLoader 0:  25%|██▌       | 1/4 [00:01<00:04,  0.65it/s][Atensor(1.2295, device='cuda:0')
tensor(-0.3716, device='cuda:0')

Validation DataLoader 0:  50%|█████     | 2/4 [00:03<00:03,  0.65it/s][Atensor(1.1240, device='cuda:0')
tensor(-0.3022, device='cuda:0')

Validation DataLoader 0:  75%|███████▌  | 3/4 [00:04<00:01,  0.64it/s][Atensor(0.8765, device='cuda:0')
tensor(-0.4600, device='cuda:0')

Validation DataLoader 0: 100%|██████████| 4/4 [00:05<00:00,  0.76it/s][A
==================================================
Stage: VAL
Predicted class distribution: 0s = 51, 1s = 56
Actual label distribution:    0s = 80, 1s = 27
Actual Imbalance Ratio (0:1): 2.96:1
==================================================
✅ Model is predicting both classes.
Saved test predictions and probabilities to validation_results_fold_final.xlsx

                                                                      [AEpoch 22: 100%|██████████| 7/7 [00:49<00:00,  0.14it/s, v_num=2qa0, train_loss_step=0.421, val_loss=0.674, train_loss_epoch=0.456]Epoch 22: 100%|██████████| 7/7 [00:49<00:00,  0.14it/s, v_num=2qa0, train_loss_step=0.421, val_loss=0.674, train_loss_epoch=0.485]Epoch 22: 100%|██████████| 7/7 [00:49<00:00,  0.14it/s, v_num=2qa0, train_loss_step=0.421, val_loss=0.674, train_loss_epoch=0.485]
Testing: |          | 0/? [00:00<?, ?it/s]Testing:   0%|          | 0/3 [00:00<?, ?it/s]Testing DataLoader 0:   0%|          | 0/3 [00:00<?, ?it/s]Testing DataLoader 0:  33%|███▎      | 1/3 [00:01<00:03,  0.66it/s]Testing DataLoader 0:  67%|██████▋   | 2/3 [00:03<00:01,  0.65it/s]Testing DataLoader 0: 100%|██████████| 3/3 [00:03<00:00,  0.77it/s]Saved test predictions and probabilities to test_results_fold_final.xlsx

==================================================
Stage: TEST
Predicted class distribution: 0s = 67, 1s = 13
Actual label distribution:    0s = 60, 1s = 20
Actual Imbalance Ratio (0:1): 3.00:1
==================================================
✅ Model is predicting both classes.
Testing DataLoader 0: 100%|██████████| 3/3 [00:04<00:00,  0.72it/s]
┏━━━━━━━━━━━━━━━━━━━━━━━━━━━┳━━━━━━━━━━━━━━━━━━━━━━━━━━━┓
┃        Test metric        ┃       DataLoader 0        ┃
┡━━━━━━━━━━━━━━━━━━━━━━━━━━━╇━━━━━━━━━━━━━━━━━━━━━━━━━━━┩
│        test_auroc         │    0.7453703880310059     │
│     test_balanced_acc     │    0.7250000238418579     │
│        test_cindex        │    0.6906747817993164     │
│       test_f1_score       │    0.6060606241226196     │
│         test_ibs          │    0.10326448082923889    │
│      test_precision       │    0.8099884986877441     │
│        test_recall        │    0.7250000238418579     │
└───────────────────────────┴───────────────────────────┘
Generating Risk Attribution Map for Fold 1...
