Starting job with config file: config.yaml
CUDA-enabled GPU/TPU is available.
[2026-01-07 13:17:04,013][MedImageInsight.ImageDataLoader.transforms.build][INFO] - => testing transformers: Compose(
    Resize(size=(480, 480), interpolation=bicubic, max_size=None, antialias=warn)
    ToTensor()
    Normalize(mean=[0.485, 0.456, 0.406], std=[0.229, 0.224, 0.225])
)
[2026-01-07 13:17:04,013][MedImageInsight.UniCLModel][INFO] - Create model with standard parameterization
Ignored unknown kwarg option special
Ignored unknown kwarg option special
Ignored unknown kwarg option special
Ignored unknown kwarg option special
Ignored unknown kwarg option special
Ignored unknown kwarg option special
[2026-01-07 13:17:05,688][MedImageInsight.LangEncoder.transformer][INFO] - => init weight of Linear/Conv2d from trunc norm
[2026-01-07 13:17:05,693][MedImageInsight.LangEncoder.transformer][INFO] - => init bias of Linear/Conv2d to zeros
[2026-01-07 13:17:05,693][MedImageInsight.LangEncoder.transformer][INFO] - => init weight of Linear/Conv2d from trunc norm
[2026-01-07 13:17:05,716][MedImageInsight.LangEncoder.transformer][INFO] - => init bias of Linear/Conv2d to zeros
[2026-01-07 13:17:05,716][MedImageInsight.LangEncoder.transformer][INFO] - => init weight of Linear/Conv2d from trunc norm
[2026-01-07 13:17:05,737][MedImageInsight.LangEncoder.transformer][INFO] - => init bias of Linear/Conv2d to zeros
[2026-01-07 13:17:05,737][MedImageInsight.LangEncoder.transformer][INFO] - => init weight of Linear/Conv2d from trunc norm
[2026-01-07 13:17:05,743][MedImageInsight.LangEncoder.transformer][INFO] - => init bias of Linear/Conv2d to zeros
[2026-01-07 13:17:05,744][MedImageInsight.LangEncoder.transformer][INFO] - => init weight of Linear/Conv2d from trunc norm
[2026-01-07 13:17:05,766][MedImageInsight.LangEncoder.transformer][INFO] - => init bias of Linear/Conv2d to zeros
[2026-01-07 13:17:05,766][MedImageInsight.LangEncoder.transformer][INFO] - => init weight of Linear/Conv2d from trunc norm
[2026-01-07 13:17:05,788][MedImageInsight.LangEncoder.transformer][INFO] - => init bias of Linear/Conv2d to zeros
[2026-01-07 13:17:05,788][MedImageInsight.LangEncoder.transformer][INFO] - => init weight of Linear/Conv2d from trunc norm
[2026-01-07 13:17:05,795][MedImageInsight.LangEncoder.transformer][INFO] - => init bias of Linear/Conv2d to zeros
[2026-01-07 13:17:05,795][MedImageInsight.LangEncoder.transformer][INFO] - => init weight of Linear/Conv2d from trunc norm
[2026-01-07 13:17:05,817][MedImageInsight.LangEncoder.transformer][INFO] - => init bias of Linear/Conv2d to zeros
[2026-01-07 13:17:05,817][MedImageInsight.LangEncoder.transformer][INFO] - => init weight of Linear/Conv2d from trunc norm
[2026-01-07 13:17:05,839][MedImageInsight.LangEncoder.transformer][INFO] - => init bias of Linear/Conv2d to zeros
[2026-01-07 13:17:05,839][MedImageInsight.LangEncoder.transformer][INFO] - => init weight of Linear/Conv2d from trunc norm
[2026-01-07 13:17:05,845][MedImageInsight.LangEncoder.transformer][INFO] - => init bias of Linear/Conv2d to zeros
[2026-01-07 13:17:05,845][MedImageInsight.LangEncoder.transformer][INFO] - => init weight of Linear/Conv2d from trunc norm
[2026-01-07 13:17:05,867][MedImageInsight.LangEncoder.transformer][INFO] - => init bias of Linear/Conv2d to zeros
[2026-01-07 13:17:05,868][MedImageInsight.LangEncoder.transformer][INFO] - => init weight of Linear/Conv2d from trunc norm
[2026-01-07 13:17:05,891][MedImageInsight.LangEncoder.transformer][INFO] - => init bias of Linear/Conv2d to zeros
[2026-01-07 13:17:05,891][MedImageInsight.LangEncoder.transformer][INFO] - => init weight of Linear/Conv2d from trunc norm
[2026-01-07 13:17:05,896][MedImageInsight.LangEncoder.transformer][INFO] - => init bias of Linear/Conv2d to zeros
[2026-01-07 13:17:05,897][MedImageInsight.LangEncoder.transformer][INFO] - => init weight of Linear/Conv2d from trunc norm
[2026-01-07 13:17:05,919][MedImageInsight.LangEncoder.transformer][INFO] - => init bias of Linear/Conv2d to zeros
[2026-01-07 13:17:05,920][MedImageInsight.LangEncoder.transformer][INFO] - => init weight of Linear/Conv2d from trunc norm
[2026-01-07 13:17:05,942][MedImageInsight.LangEncoder.transformer][INFO] - => init bias of Linear/Conv2d to zeros
[2026-01-07 13:17:05,942][MedImageInsight.LangEncoder.transformer][INFO] - => init weight of Linear/Conv2d from trunc norm
[2026-01-07 13:17:05,948][MedImageInsight.LangEncoder.transformer][INFO] - => init bias of Linear/Conv2d to zeros
[2026-01-07 13:17:05,948][MedImageInsight.LangEncoder.transformer][INFO] - => init weight of Linear/Conv2d from trunc norm
[2026-01-07 13:17:05,970][MedImageInsight.LangEncoder.transformer][INFO] - => init bias of Linear/Conv2d to zeros
[2026-01-07 13:17:05,970][MedImageInsight.LangEncoder.transformer][INFO] - => init weight of Linear/Conv2d from trunc norm
[2026-01-07 13:17:05,992][MedImageInsight.LangEncoder.transformer][INFO] - => init bias of Linear/Conv2d to zeros
[2026-01-07 13:17:05,992][MedImageInsight.LangEncoder.transformer][INFO] - => init weight of Linear/Conv2d from trunc norm
[2026-01-07 13:17:05,998][MedImageInsight.LangEncoder.transformer][INFO] - => init bias of Linear/Conv2d to zeros
[2026-01-07 13:17:05,998][MedImageInsight.LangEncoder.transformer][INFO] - => init weight of Linear/Conv2d from trunc norm
[2026-01-07 13:17:06,019][MedImageInsight.LangEncoder.transformer][INFO] - => init bias of Linear/Conv2d to zeros
[2026-01-07 13:17:06,020][MedImageInsight.LangEncoder.transformer][INFO] - => init weight of Linear/Conv2d from trunc norm
[2026-01-07 13:17:06,041][MedImageInsight.LangEncoder.transformer][INFO] - => init bias of Linear/Conv2d to zeros
[2026-01-07 13:17:06,041][MedImageInsight.LangEncoder.transformer][INFO] - => init weight of Linear/Conv2d from trunc norm
[2026-01-07 13:17:06,046][MedImageInsight.LangEncoder.transformer][INFO] - => init bias of Linear/Conv2d to zeros
[2026-01-07 13:17:06,046][MedImageInsight.LangEncoder.transformer][INFO] - => init weight of Linear/Conv2d from trunc norm
[2026-01-07 13:17:06,068][MedImageInsight.LangEncoder.transformer][INFO] - => init bias of Linear/Conv2d to zeros
[2026-01-07 13:17:06,068][MedImageInsight.LangEncoder.transformer][INFO] - => init weight of Linear/Conv2d from trunc norm
[2026-01-07 13:17:06,091][MedImageInsight.LangEncoder.transformer][INFO] - => init bias of Linear/Conv2d to zeros
[2026-01-07 13:17:06,091][MedImageInsight.LangEncoder.transformer][INFO] - => init weight of Linear/Conv2d from trunc norm
[2026-01-07 13:17:06,097][MedImageInsight.LangEncoder.transformer][INFO] - => init bias of Linear/Conv2d to zeros
[2026-01-07 13:17:06,097][MedImageInsight.LangEncoder.transformer][INFO] - => init weight of Linear/Conv2d from trunc norm
[2026-01-07 13:17:06,119][MedImageInsight.LangEncoder.transformer][INFO] - => init bias of Linear/Conv2d to zeros
[2026-01-07 13:17:06,119][MedImageInsight.LangEncoder.transformer][INFO] - => init weight of Linear/Conv2d from trunc norm
[2026-01-07 13:17:06,142][MedImageInsight.LangEncoder.transformer][INFO] - => init bias of Linear/Conv2d to zeros
[2026-01-07 13:17:06,142][MedImageInsight.LangEncoder.transformer][INFO] - => init weight of Linear/Conv2d from trunc norm
[2026-01-07 13:17:06,147][MedImageInsight.LangEncoder.transformer][INFO] - => init bias of Linear/Conv2d to zeros
[2026-01-07 13:17:06,147][MedImageInsight.LangEncoder.transformer][INFO] - => init weight of Linear/Conv2d from trunc norm
[2026-01-07 13:17:06,169][MedImageInsight.LangEncoder.transformer][INFO] - => init bias of Linear/Conv2d to zeros
[2026-01-07 13:17:06,170][MedImageInsight.LangEncoder.transformer][INFO] - => init weight of Linear/Conv2d from trunc norm
[2026-01-07 13:17:06,191][MedImageInsight.LangEncoder.transformer][INFO] - => init bias of Linear/Conv2d to zeros
[2026-01-07 13:17:06,191][MedImageInsight.LangEncoder.transformer][INFO] - => init weight of Linear/Conv2d from trunc norm
[2026-01-07 13:17:06,197][MedImageInsight.LangEncoder.transformer][INFO] - => init bias of Linear/Conv2d to zeros
[2026-01-07 13:17:06,197][MedImageInsight.LangEncoder.transformer][INFO] - => init weight of Linear/Conv2d from trunc norm
[2026-01-07 13:17:06,218][MedImageInsight.LangEncoder.transformer][INFO] - => init bias of Linear/Conv2d to zeros
[2026-01-07 13:17:06,219][MedImageInsight.LangEncoder.transformer][INFO] - => init weight of Linear/Conv2d from trunc norm
[2026-01-07 13:17:06,240][MedImageInsight.LangEncoder.transformer][INFO] - => init bias of Linear/Conv2d to zeros
[2026-01-07 13:17:06,241][MedImageInsight.LangEncoder.transformer][INFO] - => init weight of Linear/Conv2d from trunc norm
[2026-01-07 13:17:06,247][MedImageInsight.LangEncoder.transformer][INFO] - => init bias of Linear/Conv2d to zeros
[2026-01-07 13:17:06,247][MedImageInsight.LangEncoder.transformer][INFO] - => init weight of Linear/Conv2d from trunc norm
[2026-01-07 13:17:06,270][MedImageInsight.LangEncoder.transformer][INFO] - => init bias of Linear/Conv2d to zeros
[2026-01-07 13:17:06,270][MedImageInsight.LangEncoder.transformer][INFO] - => init weight of Linear/Conv2d from trunc norm
[2026-01-07 13:17:06,293][MedImageInsight.LangEncoder.transformer][INFO] - => init bias of Linear/Conv2d to zeros
[2026-01-07 13:17:06,293][MedImageInsight.LangEncoder.transformer][INFO] - => init weight of Linear/Conv2d from trunc norm
[2026-01-07 13:17:06,298][MedImageInsight.LangEncoder.transformer][INFO] - => init bias of Linear/Conv2d to zeros
[2026-01-07 13:17:06,298][MedImageInsight.LangEncoder.transformer][INFO] - => init weight of Linear/Conv2d from trunc norm
[2026-01-07 13:17:06,320][MedImageInsight.LangEncoder.transformer][INFO] - => init bias of Linear/Conv2d to zeros
[2026-01-07 13:17:06,320][MedImageInsight.LangEncoder.transformer][INFO] - => init weight of Linear/Conv2d from trunc norm
[2026-01-07 13:17:06,343][MedImageInsight.LangEncoder.transformer][INFO] - => init bias of Linear/Conv2d to zeros
[2026-01-07 13:17:06,344][MedImageInsight.LangEncoder.transformer][INFO] - => init weight of Linear/Conv2d from trunc norm
[2026-01-07 13:17:06,349][MedImageInsight.LangEncoder.transformer][INFO] - => init bias of Linear/Conv2d to zeros
[2026-01-07 13:17:06,349][MedImageInsight.LangEncoder.transformer][INFO] - => init weight of Linear/Conv2d from trunc norm
[2026-01-07 13:17:06,371][MedImageInsight.LangEncoder.transformer][INFO] - => init bias of Linear/Conv2d to zeros
[2026-01-07 13:17:06,371][MedImageInsight.LangEncoder.transformer][INFO] - => init weight of Linear/Conv2d from trunc norm
[2026-01-07 13:17:06,394][MedImageInsight.LangEncoder.transformer][INFO] - => init bias of Linear/Conv2d to zeros
[2026-01-07 13:17:06,394][MedImageInsight.LangEncoder.transformer][INFO] - => init weight of Linear/Conv2d from trunc norm
[2026-01-07 13:17:06,400][MedImageInsight.LangEncoder.transformer][INFO] - => init bias of Linear/Conv2d to zeros
[2026-01-07 13:17:06,400][MedImageInsight.LangEncoder.transformer][INFO] - => init weight of Linear/Conv2d from trunc norm
[2026-01-07 13:17:06,422][MedImageInsight.LangEncoder.transformer][INFO] - => init bias of Linear/Conv2d to zeros
[2026-01-07 13:17:06,423][MedImageInsight.LangEncoder.transformer][INFO] - => init weight of Linear/Conv2d from trunc norm
[2026-01-07 13:17:06,445][MedImageInsight.LangEncoder.transformer][INFO] - => init bias of Linear/Conv2d to zeros
[2026-01-07 13:17:06,445][MedImageInsight.LangEncoder.transformer][INFO] - => init weight of Linear/Conv2d from trunc norm
[2026-01-07 13:17:06,451][MedImageInsight.LangEncoder.transformer][INFO] - => init bias of Linear/Conv2d to zeros
[2026-01-07 13:17:06,451][MedImageInsight.LangEncoder.transformer][INFO] - => init weight of Linear/Conv2d from trunc norm
[2026-01-07 13:17:06,474][MedImageInsight.LangEncoder.transformer][INFO] - => init bias of Linear/Conv2d to zeros
[2026-01-07 13:17:06,474][MedImageInsight.LangEncoder.transformer][INFO] - => init weight of Linear/Conv2d from trunc norm
[2026-01-07 13:17:06,496][MedImageInsight.LangEncoder.transformer][INFO] - => init bias of Linear/Conv2d to zeros
[2026-01-07 13:17:06,497][MedImageInsight.ImageEncoder.davit_v1][INFO] - Create model with standard parameterization
[2026-01-07 13:17:06,499][MedImageInsight.ImageEncoder.davit_v1][INFO] - => Depth offset in stage 0: 0
[2026-01-07 13:17:06,514][MedImageInsight.ImageEncoder.davit_v1][INFO] - => Depth offset in stage 1: 2
[2026-01-07 13:17:06,573][MedImageInsight.ImageEncoder.davit_v1][INFO] - => Depth offset in stage 2: 4
[2026-01-07 13:17:07,880][MedImageInsight.ImageEncoder.davit_v1][INFO] - => Depth offset in stage 3: 22
[2026-01-07 13:17:08,400][MedImageInsight.ImageEncoder.davit_v1][INFO] - Custom init: original init
[2026-01-07 13:17:10,321][MedImageInsight.ImageEncoder.davit_v1][INFO] - Load model from pretrained checkpoint
[2026-01-07 13:17:10,323][MedImageInsight.UniCLModel][INFO] - Custom init: original init
[2026-01-07 13:17:10,553][MedImageInsight.UniCLModel][INFO] - => Loading pretrained model /nas-ctm01/homes/fmferreira/MedImageInsights/2024.09.27/vision_model/medimageinsigt-v1.0.0.pt
[2026-01-07 13:17:11,552][MedImageInsight.UniCLModel][INFO] - => init image_projection from /nas-ctm01/homes/fmferreira/MedImageInsights/2024.09.27/vision_model/medimageinsigt-v1.0.0.pt
[2026-01-07 13:17:11,552][MedImageInsight.UniCLModel][INFO] - => init lang_encoder.ln_final.bias from /nas-ctm01/homes/fmferreira/MedImageInsights/2024.09.27/vision_model/medimageinsigt-v1.0.0.pt
[2026-01-07 13:17:11,552][MedImageInsight.UniCLModel][INFO] - => init lang_encoder.ln_final.weight from /nas-ctm01/homes/fmferreira/MedImageInsights/2024.09.27/vision_model/medimageinsigt-v1.0.0.pt
[2026-01-07 13:17:11,552][MedImageInsight.UniCLModel][INFO] - => init lang_encoder.positional_embedding from /nas-ctm01/homes/fmferreira/MedImageInsights/2024.09.27/vision_model/medimageinsigt-v1.0.0.pt
[2026-01-07 13:17:11,552][MedImageInsight.UniCLModel][INFO] - => init lang_encoder.resblocks.0.attn.in_proj_bias from /nas-ctm01/homes/fmferreira/MedImageInsights/2024.09.27/vision_model/medimageinsigt-v1.0.0.pt
[2026-01-07 13:17:11,552][MedImageInsight.UniCLModel][INFO] - => init lang_encoder.resblocks.0.attn.in_proj_weight from /nas-ctm01/homes/fmferreira/MedImageInsights/2024.09.27/vision_model/medimageinsigt-v1.0.0.pt
[2026-01-07 13:17:11,552][MedImageInsight.UniCLModel][INFO] - => init lang_encoder.resblocks.0.attn.out_proj.bias from /nas-ctm01/homes/fmferreira/MedImageInsights/2024.09.27/vision_model/medimageinsigt-v1.0.0.pt
[2026-01-07 13:17:11,552][MedImageInsight.UniCLModel][INFO] - => init lang_encoder.resblocks.0.attn.out_proj.weight from /nas-ctm01/homes/fmferreira/MedImageInsights/2024.09.27/vision_model/medimageinsigt-v1.0.0.pt
[2026-01-07 13:17:11,552][MedImageInsight.UniCLModel][INFO] - => init lang_encoder.resblocks.0.ln_1.bias from /nas-ctm01/homes/fmferreira/MedImageInsights/2024.09.27/vision_model/medimageinsigt-v1.0.0.pt
[2026-01-07 13:17:11,552][MedImageInsight.UniCLModel][INFO] - => init lang_encoder.resblocks.0.ln_1.weight from /nas-ctm01/homes/fmferreira/MedImageInsights/2024.09.27/vision_model/medimageinsigt-v1.0.0.pt
[2026-01-07 13:17:11,552][MedImageInsight.UniCLModel][INFO] - => init lang_encoder.resblocks.0.ln_2.bias from /nas-ctm01/homes/fmferreira/MedImageInsights/2024.09.27/vision_model/medimageinsigt-v1.0.0.pt
[2026-01-07 13:17:11,552][MedImageInsight.UniCLModel][INFO] - => init lang_encoder.resblocks.0.ln_2.weight from /nas-ctm01/homes/fmferreira/MedImageInsights/2024.09.27/vision_model/medimageinsigt-v1.0.0.pt
[2026-01-07 13:17:11,552][MedImageInsight.UniCLModel][INFO] - => init lang_encoder.resblocks.0.mlp.c_fc.bias from /nas-ctm01/homes/fmferreira/MedImageInsights/2024.09.27/vision_model/medimageinsigt-v1.0.0.pt
[2026-01-07 13:17:11,552][MedImageInsight.UniCLModel][INFO] - => init lang_encoder.resblocks.0.mlp.c_fc.weight from /nas-ctm01/homes/fmferreira/MedImageInsights/2024.09.27/vision_model/medimageinsigt-v1.0.0.pt
[2026-01-07 13:17:11,552][MedImageInsight.UniCLModel][INFO] - => init lang_encoder.resblocks.0.mlp.c_proj.bias from /nas-ctm01/homes/fmferreira/MedImageInsights/2024.09.27/vision_model/medimageinsigt-v1.0.0.pt
[2026-01-07 13:17:11,552][MedImageInsight.UniCLModel][INFO] - => init lang_encoder.resblocks.0.mlp.c_proj.weight from /nas-ctm01/homes/fmferreira/MedImageInsights/2024.09.27/vision_model/medimageinsigt-v1.0.0.pt
[2026-01-07 13:17:11,552][MedImageInsight.UniCLModel][INFO] - => init lang_encoder.resblocks.1.attn.in_proj_bias from /nas-ctm01/homes/fmferreira/MedImageInsights/2024.09.27/vision_model/medimageinsigt-v1.0.0.pt
[2026-01-07 13:17:11,552][MedImageInsight.UniCLModel][INFO] - => init lang_encoder.resblocks.1.attn.in_proj_weight from /nas-ctm01/homes/fmferreira/MedImageInsights/2024.09.27/vision_model/medimageinsigt-v1.0.0.pt
[2026-01-07 13:17:11,552][MedImageInsight.UniCLModel][INFO] - => init lang_encoder.resblocks.1.attn.out_proj.bias from /nas-ctm01/homes/fmferreira/MedImageInsights/2024.09.27/vision_model/medimageinsigt-v1.0.0.pt
[2026-01-07 13:17:11,552][MedImageInsight.UniCLModel][INFO] - => init lang_encoder.resblocks.1.attn.out_proj.weight from /nas-ctm01/homes/fmferreira/MedImageInsights/2024.09.27/vision_model/medimageinsigt-v1.0.0.pt
[2026-01-07 13:17:11,552][MedImageInsight.UniCLModel][INFO] - => init lang_encoder.resblocks.1.ln_1.bias from /nas-ctm01/homes/fmferreira/MedImageInsights/2024.09.27/vision_model/medimageinsigt-v1.0.0.pt
[2026-01-07 13:17:11,552][MedImageInsight.UniCLModel][INFO] - => init lang_encoder.resblocks.1.ln_1.weight from /nas-ctm01/homes/fmferreira/MedImageInsights/2024.09.27/vision_model/medimageinsigt-v1.0.0.pt
[2026-01-07 13:17:11,552][MedImageInsight.UniCLModel][INFO] - => init lang_encoder.resblocks.1.ln_2.bias from /nas-ctm01/homes/fmferreira/MedImageInsights/2024.09.27/vision_model/medimageinsigt-v1.0.0.pt
[2026-01-07 13:17:11,552][MedImageInsight.UniCLModel][INFO] - => init lang_encoder.resblocks.1.ln_2.weight from /nas-ctm01/homes/fmferreira/MedImageInsights/2024.09.27/vision_model/medimageinsigt-v1.0.0.pt
[2026-01-07 13:17:11,552][MedImageInsight.UniCLModel][INFO] - => init lang_encoder.resblocks.1.mlp.c_fc.bias from /nas-ctm01/homes/fmferreira/MedImageInsights/2024.09.27/vision_model/medimageinsigt-v1.0.0.pt
[2026-01-07 13:17:11,552][MedImageInsight.UniCLModel][INFO] - => init lang_encoder.resblocks.1.mlp.c_fc.weight from /nas-ctm01/homes/fmferreira/MedImageInsights/2024.09.27/vision_model/medimageinsigt-v1.0.0.pt
[2026-01-07 13:17:11,552][MedImageInsight.UniCLModel][INFO] - => init lang_encoder.resblocks.1.mlp.c_proj.bias from /nas-ctm01/homes/fmferreira/MedImageInsights/2024.09.27/vision_model/medimageinsigt-v1.0.0.pt
[2026-01-07 13:17:11,552][MedImageInsight.UniCLModel][INFO] - => init lang_encoder.resblocks.1.mlp.c_proj.weight from /nas-ctm01/homes/fmferreira/MedImageInsights/2024.09.27/vision_model/medimageinsigt-v1.0.0.pt
[2026-01-07 13:17:11,553][MedImageInsight.UniCLModel][INFO] - => init lang_encoder.resblocks.10.attn.in_proj_bias from /nas-ctm01/homes/fmferreira/MedImageInsights/2024.09.27/vision_model/medimageinsigt-v1.0.0.pt
[2026-01-07 13:17:11,553][MedImageInsight.UniCLModel][INFO] - => init lang_encoder.resblocks.10.attn.in_proj_weight from /nas-ctm01/homes/fmferreira/MedImageInsights/2024.09.27/vision_model/medimageinsigt-v1.0.0.pt
[2026-01-07 13:17:11,553][MedImageInsight.UniCLModel][INFO] - => init lang_encoder.resblocks.10.attn.out_proj.bias from /nas-ctm01/homes/fmferreira/MedImageInsights/2024.09.27/vision_model/medimageinsigt-v1.0.0.pt
[2026-01-07 13:17:11,553][MedImageInsight.UniCLModel][INFO] - => init lang_encoder.resblocks.10.attn.out_proj.weight from /nas-ctm01/homes/fmferreira/MedImageInsights/2024.09.27/vision_model/medimageinsigt-v1.0.0.pt
[2026-01-07 13:17:11,553][MedImageInsight.UniCLModel][INFO] - => init lang_encoder.resblocks.10.ln_1.bias from /nas-ctm01/homes/fmferreira/MedImageInsights/2024.09.27/vision_model/medimageinsigt-v1.0.0.pt
[2026-01-07 13:17:11,553][MedImageInsight.UniCLModel][INFO] - => init lang_encoder.resblocks.10.ln_1.weight from /nas-ctm01/homes/fmferreira/MedImageInsights/2024.09.27/vision_model/medimageinsigt-v1.0.0.pt
[2026-01-07 13:17:11,553][MedImageInsight.UniCLModel][INFO] - => init lang_encoder.resblocks.10.ln_2.bias from /nas-ctm01/homes/fmferreira/MedImageInsights/2024.09.27/vision_model/medimageinsigt-v1.0.0.pt
[2026-01-07 13:17:11,553][MedImageInsight.UniCLModel][INFO] - => init lang_encoder.resblocks.10.ln_2.weight from /nas-ctm01/homes/fmferreira/MedImageInsights/2024.09.27/vision_model/medimageinsigt-v1.0.0.pt
[2026-01-07 13:17:11,553][MedImageInsight.UniCLModel][INFO] - => init lang_encoder.resblocks.10.mlp.c_fc.bias from /nas-ctm01/homes/fmferreira/MedImageInsights/2024.09.27/vision_model/medimageinsigt-v1.0.0.pt
[2026-01-07 13:17:11,553][MedImageInsight.UniCLModel][INFO] - => init lang_encoder.resblocks.10.mlp.c_fc.weight from /nas-ctm01/homes/fmferreira/MedImageInsights/2024.09.27/vision_model/medimageinsigt-v1.0.0.pt
[2026-01-07 13:17:11,553][MedImageInsight.UniCLModel][INFO] - => init lang_encoder.resblocks.10.mlp.c_proj.bias from /nas-ctm01/homes/fmferreira/MedImageInsights/2024.09.27/vision_model/medimageinsigt-v1.0.0.pt
[2026-01-07 13:17:11,553][MedImageInsight.UniCLModel][INFO] - => init lang_encoder.resblocks.10.mlp.c_proj.weight from /nas-ctm01/homes/fmferreira/MedImageInsights/2024.09.27/vision_model/medimageinsigt-v1.0.0.pt
[2026-01-07 13:17:11,553][MedImageInsight.UniCLModel][INFO] - => init lang_encoder.resblocks.11.attn.in_proj_bias from /nas-ctm01/homes/fmferreira/MedImageInsights/2024.09.27/vision_model/medimageinsigt-v1.0.0.pt
[2026-01-07 13:17:11,553][MedImageInsight.UniCLModel][INFO] - => init lang_encoder.resblocks.11.attn.in_proj_weight from /nas-ctm01/homes/fmferreira/MedImageInsights/2024.09.27/vision_model/medimageinsigt-v1.0.0.pt
[2026-01-07 13:17:11,553][MedImageInsight.UniCLModel][INFO] - => init lang_encoder.resblocks.11.attn.out_proj.bias from /nas-ctm01/homes/fmferreira/MedImageInsights/2024.09.27/vision_model/medimageinsigt-v1.0.0.pt
[2026-01-07 13:17:11,553][MedImageInsight.UniCLModel][INFO] - => init lang_encoder.resblocks.11.attn.out_proj.weight from /nas-ctm01/homes/fmferreira/MedImageInsights/2024.09.27/vision_model/medimageinsigt-v1.0.0.pt
[2026-01-07 13:17:11,553][MedImageInsight.UniCLModel][INFO] - => init lang_encoder.resblocks.11.ln_1.bias from /nas-ctm01/homes/fmferreira/MedImageInsights/2024.09.27/vision_model/medimageinsigt-v1.0.0.pt
[2026-01-07 13:17:11,553][MedImageInsight.UniCLModel][INFO] - => init lang_encoder.resblocks.11.ln_1.weight from /nas-ctm01/homes/fmferreira/MedImageInsights/2024.09.27/vision_model/medimageinsigt-v1.0.0.pt
[2026-01-07 13:17:11,553][MedImageInsight.UniCLModel][INFO] - => init lang_encoder.resblocks.11.ln_2.bias from /nas-ctm01/homes/fmferreira/MedImageInsights/2024.09.27/vision_model/medimageinsigt-v1.0.0.pt
[2026-01-07 13:17:11,553][MedImageInsight.UniCLModel][INFO] - => init lang_encoder.resblocks.11.ln_2.weight from /nas-ctm01/homes/fmferreira/MedImageInsights/2024.09.27/vision_model/medimageinsigt-v1.0.0.pt
[2026-01-07 13:17:11,553][MedImageInsight.UniCLModel][INFO] - => init lang_encoder.resblocks.11.mlp.c_fc.bias from /nas-ctm01/homes/fmferreira/MedImageInsights/2024.09.27/vision_model/medimageinsigt-v1.0.0.pt
[2026-01-07 13:17:11,553][MedImageInsight.UniCLModel][INFO] - => init lang_encoder.resblocks.11.mlp.c_fc.weight from /nas-ctm01/homes/fmferreira/MedImageInsights/2024.09.27/vision_model/medimageinsigt-v1.0.0.pt
[2026-01-07 13:17:11,553][MedImageInsight.UniCLModel][INFO] - => init lang_encoder.resblocks.11.mlp.c_proj.bias from /nas-ctm01/homes/fmferreira/MedImageInsights/2024.09.27/vision_model/medimageinsigt-v1.0.0.pt
[2026-01-07 13:17:11,553][MedImageInsight.UniCLModel][INFO] - => init lang_encoder.resblocks.11.mlp.c_proj.weight from /nas-ctm01/homes/fmferreira/MedImageInsights/2024.09.27/vision_model/medimageinsigt-v1.0.0.pt
[2026-01-07 13:17:11,553][MedImageInsight.UniCLModel][INFO] - => init lang_encoder.resblocks.12.attn.in_proj_bias from /nas-ctm01/homes/fmferreira/MedImageInsights/2024.09.27/vision_model/medimageinsigt-v1.0.0.pt
[2026-01-07 13:17:11,553][MedImageInsight.UniCLModel][INFO] - => init lang_encoder.resblocks.12.attn.in_proj_weight from /nas-ctm01/homes/fmferreira/MedImageInsights/2024.09.27/vision_model/medimageinsigt-v1.0.0.pt
[2026-01-07 13:17:11,553][MedImageInsight.UniCLModel][INFO] - => init lang_encoder.resblocks.12.attn.out_proj.bias from /nas-ctm01/homes/fmferreira/MedImageInsights/2024.09.27/vision_model/medimageinsigt-v1.0.0.pt
[2026-01-07 13:17:11,553][MedImageInsight.UniCLModel][INFO] - => init lang_encoder.resblocks.12.attn.out_proj.weight from /nas-ctm01/homes/fmferreira/MedImageInsights/2024.09.27/vision_model/medimageinsigt-v1.0.0.pt
[2026-01-07 13:17:11,553][MedImageInsight.UniCLModel][INFO] - => init lang_encoder.resblocks.12.ln_1.bias from /nas-ctm01/homes/fmferreira/MedImageInsights/2024.09.27/vision_model/medimageinsigt-v1.0.0.pt
[2026-01-07 13:17:11,553][MedImageInsight.UniCLModel][INFO] - => init lang_encoder.resblocks.12.ln_1.weight from /nas-ctm01/homes/fmferreira/MedImageInsights/2024.09.27/vision_model/medimageinsigt-v1.0.0.pt
[2026-01-07 13:17:11,553][MedImageInsight.UniCLModel][INFO] - => init lang_encoder.resblocks.12.ln_2.bias from /nas-ctm01/homes/fmferreira/MedImageInsights/2024.09.27/vision_model/medimageinsigt-v1.0.0.pt
[2026-01-07 13:17:11,553][MedImageInsight.UniCLModel][INFO] - => init lang_encoder.resblocks.12.ln_2.weight from /nas-ctm01/homes/fmferreira/MedImageInsights/2024.09.27/vision_model/medimageinsigt-v1.0.0.pt
[2026-01-07 13:17:11,554][MedImageInsight.UniCLModel][INFO] - => init lang_encoder.resblocks.12.mlp.c_fc.bias from /nas-ctm01/homes/fmferreira/MedImageInsights/2024.09.27/vision_model/medimageinsigt-v1.0.0.pt
[2026-01-07 13:17:11,554][MedImageInsight.UniCLModel][INFO] - => init lang_encoder.resblocks.12.mlp.c_fc.weight from /nas-ctm01/homes/fmferreira/MedImageInsights/2024.09.27/vision_model/medimageinsigt-v1.0.0.pt
[2026-01-07 13:17:11,554][MedImageInsight.UniCLModel][INFO] - => init lang_encoder.resblocks.12.mlp.c_proj.bias from /nas-ctm01/homes/fmferreira/MedImageInsights/2024.09.27/vision_model/medimageinsigt-v1.0.0.pt
[2026-01-07 13:17:11,554][MedImageInsight.UniCLModel][INFO] - => init lang_encoder.resblocks.12.mlp.c_proj.weight from /nas-ctm01/homes/fmferreira/MedImageInsights/2024.09.27/vision_model/medimageinsigt-v1.0.0.pt
[2026-01-07 13:17:11,554][MedImageInsight.UniCLModel][INFO] - => init lang_encoder.resblocks.13.attn.in_proj_bias from /nas-ctm01/homes/fmferreira/MedImageInsights/2024.09.27/vision_model/medimageinsigt-v1.0.0.pt
[2026-01-07 13:17:11,554][MedImageInsight.UniCLModel][INFO] - => init lang_encoder.resblocks.13.attn.in_proj_weight from /nas-ctm01/homes/fmferreira/MedImageInsights/2024.09.27/vision_model/medimageinsigt-v1.0.0.pt
[2026-01-07 13:17:11,554][MedImageInsight.UniCLModel][INFO] - => init lang_encoder.resblocks.13.attn.out_proj.bias from /nas-ctm01/homes/fmferreira/MedImageInsights/2024.09.27/vision_model/medimageinsigt-v1.0.0.pt
[2026-01-07 13:17:11,554][MedImageInsight.UniCLModel][INFO] - => init lang_encoder.resblocks.13.attn.out_proj.weight from /nas-ctm01/homes/fmferreira/MedImageInsights/2024.09.27/vision_model/medimageinsigt-v1.0.0.pt
[2026-01-07 13:17:11,554][MedImageInsight.UniCLModel][INFO] - => init lang_encoder.resblocks.13.ln_1.bias from /nas-ctm01/homes/fmferreira/MedImageInsights/2024.09.27/vision_model/medimageinsigt-v1.0.0.pt
[2026-01-07 13:17:11,554][MedImageInsight.UniCLModel][INFO] - => init lang_encoder.resblocks.13.ln_1.weight from /nas-ctm01/homes/fmferreira/MedImageInsights/2024.09.27/vision_model/medimageinsigt-v1.0.0.pt
[2026-01-07 13:17:11,554][MedImageInsight.UniCLModel][INFO] - => init lang_encoder.resblocks.13.ln_2.bias from /nas-ctm01/homes/fmferreira/MedImageInsights/2024.09.27/vision_model/medimageinsigt-v1.0.0.pt
[2026-01-07 13:17:11,554][MedImageInsight.UniCLModel][INFO] - => init lang_encoder.resblocks.13.ln_2.weight from /nas-ctm01/homes/fmferreira/MedImageInsights/2024.09.27/vision_model/medimageinsigt-v1.0.0.pt
[2026-01-07 13:17:11,554][MedImageInsight.UniCLModel][INFO] - => init lang_encoder.resblocks.13.mlp.c_fc.bias from /nas-ctm01/homes/fmferreira/MedImageInsights/2024.09.27/vision_model/medimageinsigt-v1.0.0.pt
[2026-01-07 13:17:11,554][MedImageInsight.UniCLModel][INFO] - => init lang_encoder.resblocks.13.mlp.c_fc.weight from /nas-ctm01/homes/fmferreira/MedImageInsights/2024.09.27/vision_model/medimageinsigt-v1.0.0.pt
[2026-01-07 13:17:11,554][MedImageInsight.UniCLModel][INFO] - => init lang_encoder.resblocks.13.mlp.c_proj.bias from /nas-ctm01/homes/fmferreira/MedImageInsights/2024.09.27/vision_model/medimageinsigt-v1.0.0.pt
[2026-01-07 13:17:11,554][MedImageInsight.UniCLModel][INFO] - => init lang_encoder.resblocks.13.mlp.c_proj.weight from /nas-ctm01/homes/fmferreira/MedImageInsights/2024.09.27/vision_model/medimageinsigt-v1.0.0.pt
[2026-01-07 13:17:11,554][MedImageInsight.UniCLModel][INFO] - => init lang_encoder.resblocks.14.attn.in_proj_bias from /nas-ctm01/homes/fmferreira/MedImageInsights/2024.09.27/vision_model/medimageinsigt-v1.0.0.pt
[2026-01-07 13:17:11,554][MedImageInsight.UniCLModel][INFO] - => init lang_encoder.resblocks.14.attn.in_proj_weight from /nas-ctm01/homes/fmferreira/MedImageInsights/2024.09.27/vision_model/medimageinsigt-v1.0.0.pt
[2026-01-07 13:17:11,554][MedImageInsight.UniCLModel][INFO] - => init lang_encoder.resblocks.14.attn.out_proj.bias from /nas-ctm01/homes/fmferreira/MedImageInsights/2024.09.27/vision_model/medimageinsigt-v1.0.0.pt
[2026-01-07 13:17:11,554][MedImageInsight.UniCLModel][INFO] - => init lang_encoder.resblocks.14.attn.out_proj.weight from /nas-ctm01/homes/fmferreira/MedImageInsights/2024.09.27/vision_model/medimageinsigt-v1.0.0.pt
[2026-01-07 13:17:11,554][MedImageInsight.UniCLModel][INFO] - => init lang_encoder.resblocks.14.ln_1.bias from /nas-ctm01/homes/fmferreira/MedImageInsights/2024.09.27/vision_model/medimageinsigt-v1.0.0.pt
[2026-01-07 13:17:11,554][MedImageInsight.UniCLModel][INFO] - => init lang_encoder.resblocks.14.ln_1.weight from /nas-ctm01/homes/fmferreira/MedImageInsights/2024.09.27/vision_model/medimageinsigt-v1.0.0.pt
[2026-01-07 13:17:11,554][MedImageInsight.UniCLModel][INFO] - => init lang_encoder.resblocks.14.ln_2.bias from /nas-ctm01/homes/fmferreira/MedImageInsights/2024.09.27/vision_model/medimageinsigt-v1.0.0.pt
[2026-01-07 13:17:11,554][MedImageInsight.UniCLModel][INFO] - => init lang_encoder.resblocks.14.ln_2.weight from /nas-ctm01/homes/fmferreira/MedImageInsights/2024.09.27/vision_model/medimageinsigt-v1.0.0.pt
[2026-01-07 13:17:11,554][MedImageInsight.UniCLModel][INFO] - => init lang_encoder.resblocks.14.mlp.c_fc.bias from /nas-ctm01/homes/fmferreira/MedImageInsights/2024.09.27/vision_model/medimageinsigt-v1.0.0.pt
[2026-01-07 13:17:11,554][MedImageInsight.UniCLModel][INFO] - => init lang_encoder.resblocks.14.mlp.c_fc.weight from /nas-ctm01/homes/fmferreira/MedImageInsights/2024.09.27/vision_model/medimageinsigt-v1.0.0.pt
[2026-01-07 13:17:11,554][MedImageInsight.UniCLModel][INFO] - => init lang_encoder.resblocks.14.mlp.c_proj.bias from /nas-ctm01/homes/fmferreira/MedImageInsights/2024.09.27/vision_model/medimageinsigt-v1.0.0.pt
[2026-01-07 13:17:11,554][MedImageInsight.UniCLModel][INFO] - => init lang_encoder.resblocks.14.mlp.c_proj.weight from /nas-ctm01/homes/fmferreira/MedImageInsights/2024.09.27/vision_model/medimageinsigt-v1.0.0.pt
[2026-01-07 13:17:11,554][MedImageInsight.UniCLModel][INFO] - => init lang_encoder.resblocks.15.attn.in_proj_bias from /nas-ctm01/homes/fmferreira/MedImageInsights/2024.09.27/vision_model/medimageinsigt-v1.0.0.pt
[2026-01-07 13:17:11,554][MedImageInsight.UniCLModel][INFO] - => init lang_encoder.resblocks.15.attn.in_proj_weight from /nas-ctm01/homes/fmferreira/MedImageInsights/2024.09.27/vision_model/medimageinsigt-v1.0.0.pt
[2026-01-07 13:17:11,554][MedImageInsight.UniCLModel][INFO] - => init lang_encoder.resblocks.15.attn.out_proj.bias from /nas-ctm01/homes/fmferreira/MedImageInsights/2024.09.27/vision_model/medimageinsigt-v1.0.0.pt
[2026-01-07 13:17:11,554][MedImageInsight.UniCLModel][INFO] - => init lang_encoder.resblocks.15.attn.out_proj.weight from /nas-ctm01/homes/fmferreira/MedImageInsights/2024.09.27/vision_model/medimageinsigt-v1.0.0.pt
[2026-01-07 13:17:11,554][MedImageInsight.UniCLModel][INFO] - => init lang_encoder.resblocks.15.ln_1.bias from /nas-ctm01/homes/fmferreira/MedImageInsights/2024.09.27/vision_model/medimageinsigt-v1.0.0.pt
[2026-01-07 13:17:11,554][MedImageInsight.UniCLModel][INFO] - => init lang_encoder.resblocks.15.ln_1.weight from /nas-ctm01/homes/fmferreira/MedImageInsights/2024.09.27/vision_model/medimageinsigt-v1.0.0.pt
[2026-01-07 13:17:11,555][MedImageInsight.UniCLModel][INFO] - => init lang_encoder.resblocks.15.ln_2.bias from /nas-ctm01/homes/fmferreira/MedImageInsights/2024.09.27/vision_model/medimageinsigt-v1.0.0.pt
[2026-01-07 13:17:11,555][MedImageInsight.UniCLModel][INFO] - => init lang_encoder.resblocks.15.ln_2.weight from /nas-ctm01/homes/fmferreira/MedImageInsights/2024.09.27/vision_model/medimageinsigt-v1.0.0.pt
[2026-01-07 13:17:11,555][MedImageInsight.UniCLModel][INFO] - => init lang_encoder.resblocks.15.mlp.c_fc.bias from /nas-ctm01/homes/fmferreira/MedImageInsights/2024.09.27/vision_model/medimageinsigt-v1.0.0.pt
[2026-01-07 13:17:11,555][MedImageInsight.UniCLModel][INFO] - => init lang_encoder.resblocks.15.mlp.c_fc.weight from /nas-ctm01/homes/fmferreira/MedImageInsights/2024.09.27/vision_model/medimageinsigt-v1.0.0.pt
[2026-01-07 13:17:11,555][MedImageInsight.UniCLModel][INFO] - => init lang_encoder.resblocks.15.mlp.c_proj.bias from /nas-ctm01/homes/fmferreira/MedImageInsights/2024.09.27/vision_model/medimageinsigt-v1.0.0.pt
[2026-01-07 13:17:11,555][MedImageInsight.UniCLModel][INFO] - => init lang_encoder.resblocks.15.mlp.c_proj.weight from /nas-ctm01/homes/fmferreira/MedImageInsights/2024.09.27/vision_model/medimageinsigt-v1.0.0.pt
[2026-01-07 13:17:11,555][MedImageInsight.UniCLModel][INFO] - => init lang_encoder.resblocks.2.attn.in_proj_bias from /nas-ctm01/homes/fmferreira/MedImageInsights/2024.09.27/vision_model/medimageinsigt-v1.0.0.pt
[2026-01-07 13:17:11,555][MedImageInsight.UniCLModel][INFO] - => init lang_encoder.resblocks.2.attn.in_proj_weight from /nas-ctm01/homes/fmferreira/MedImageInsights/2024.09.27/vision_model/medimageinsigt-v1.0.0.pt
[2026-01-07 13:17:11,555][MedImageInsight.UniCLModel][INFO] - => init lang_encoder.resblocks.2.attn.out_proj.bias from /nas-ctm01/homes/fmferreira/MedImageInsights/2024.09.27/vision_model/medimageinsigt-v1.0.0.pt
[2026-01-07 13:17:11,555][MedImageInsight.UniCLModel][INFO] - => init lang_encoder.resblocks.2.attn.out_proj.weight from /nas-ctm01/homes/fmferreira/MedImageInsights/2024.09.27/vision_model/medimageinsigt-v1.0.0.pt
[2026-01-07 13:17:11,555][MedImageInsight.UniCLModel][INFO] - => init lang_encoder.resblocks.2.ln_1.bias from /nas-ctm01/homes/fmferreira/MedImageInsights/2024.09.27/vision_model/medimageinsigt-v1.0.0.pt
[2026-01-07 13:17:11,555][MedImageInsight.UniCLModel][INFO] - => init lang_encoder.resblocks.2.ln_1.weight from /nas-ctm01/homes/fmferreira/MedImageInsights/2024.09.27/vision_model/medimageinsigt-v1.0.0.pt
[2026-01-07 13:17:11,555][MedImageInsight.UniCLModel][INFO] - => init lang_encoder.resblocks.2.ln_2.bias from /nas-ctm01/homes/fmferreira/MedImageInsights/2024.09.27/vision_model/medimageinsigt-v1.0.0.pt
[2026-01-07 13:17:11,555][MedImageInsight.UniCLModel][INFO] - => init lang_encoder.resblocks.2.ln_2.weight from /nas-ctm01/homes/fmferreira/MedImageInsights/2024.09.27/vision_model/medimageinsigt-v1.0.0.pt
[2026-01-07 13:17:11,555][MedImageInsight.UniCLModel][INFO] - => init lang_encoder.resblocks.2.mlp.c_fc.bias from /nas-ctm01/homes/fmferreira/MedImageInsights/2024.09.27/vision_model/medimageinsigt-v1.0.0.pt
[2026-01-07 13:17:11,555][MedImageInsight.UniCLModel][INFO] - => init lang_encoder.resblocks.2.mlp.c_fc.weight from /nas-ctm01/homes/fmferreira/MedImageInsights/2024.09.27/vision_model/medimageinsigt-v1.0.0.pt
[2026-01-07 13:17:11,555][MedImageInsight.UniCLModel][INFO] - => init lang_encoder.resblocks.2.mlp.c_proj.bias from /nas-ctm01/homes/fmferreira/MedImageInsights/2024.09.27/vision_model/medimageinsigt-v1.0.0.pt
[2026-01-07 13:17:11,555][MedImageInsight.UniCLModel][INFO] - => init lang_encoder.resblocks.2.mlp.c_proj.weight from /nas-ctm01/homes/fmferreira/MedImageInsights/2024.09.27/vision_model/medimageinsigt-v1.0.0.pt
[2026-01-07 13:17:11,555][MedImageInsight.UniCLModel][INFO] - => init lang_encoder.resblocks.3.attn.in_proj_bias from /nas-ctm01/homes/fmferreira/MedImageInsights/2024.09.27/vision_model/medimageinsigt-v1.0.0.pt
[2026-01-07 13:17:11,555][MedImageInsight.UniCLModel][INFO] - => init lang_encoder.resblocks.3.attn.in_proj_weight from /nas-ctm01/homes/fmferreira/MedImageInsights/2024.09.27/vision_model/medimageinsigt-v1.0.0.pt
[2026-01-07 13:17:11,555][MedImageInsight.UniCLModel][INFO] - => init lang_encoder.resblocks.3.attn.out_proj.bias from /nas-ctm01/homes/fmferreira/MedImageInsights/2024.09.27/vision_model/medimageinsigt-v1.0.0.pt
[2026-01-07 13:17:11,555][MedImageInsight.UniCLModel][INFO] - => init lang_encoder.resblocks.3.attn.out_proj.weight from /nas-ctm01/homes/fmferreira/MedImageInsights/2024.09.27/vision_model/medimageinsigt-v1.0.0.pt
[2026-01-07 13:17:11,555][MedImageInsight.UniCLModel][INFO] - => init lang_encoder.resblocks.3.ln_1.bias from /nas-ctm01/homes/fmferreira/MedImageInsights/2024.09.27/vision_model/medimageinsigt-v1.0.0.pt
[2026-01-07 13:17:11,555][MedImageInsight.UniCLModel][INFO] - => init lang_encoder.resblocks.3.ln_1.weight from /nas-ctm01/homes/fmferreira/MedImageInsights/2024.09.27/vision_model/medimageinsigt-v1.0.0.pt
[2026-01-07 13:17:11,555][MedImageInsight.UniCLModel][INFO] - => init lang_encoder.resblocks.3.ln_2.bias from /nas-ctm01/homes/fmferreira/MedImageInsights/2024.09.27/vision_model/medimageinsigt-v1.0.0.pt
[2026-01-07 13:17:11,555][MedImageInsight.UniCLModel][INFO] - => init lang_encoder.resblocks.3.ln_2.weight from /nas-ctm01/homes/fmferreira/MedImageInsights/2024.09.27/vision_model/medimageinsigt-v1.0.0.pt
[2026-01-07 13:17:11,555][MedImageInsight.UniCLModel][INFO] - => init lang_encoder.resblocks.3.mlp.c_fc.bias from /nas-ctm01/homes/fmferreira/MedImageInsights/2024.09.27/vision_model/medimageinsigt-v1.0.0.pt
[2026-01-07 13:17:11,555][MedImageInsight.UniCLModel][INFO] - => init lang_encoder.resblocks.3.mlp.c_fc.weight from /nas-ctm01/homes/fmferreira/MedImageInsights/2024.09.27/vision_model/medimageinsigt-v1.0.0.pt
[2026-01-07 13:17:11,555][MedImageInsight.UniCLModel][INFO] - => init lang_encoder.resblocks.3.mlp.c_proj.bias from /nas-ctm01/homes/fmferreira/MedImageInsights/2024.09.27/vision_model/medimageinsigt-v1.0.0.pt
[2026-01-07 13:17:11,555][MedImageInsight.UniCLModel][INFO] - => init lang_encoder.resblocks.3.mlp.c_proj.weight from /nas-ctm01/homes/fmferreira/MedImageInsights/2024.09.27/vision_model/medimageinsigt-v1.0.0.pt
[2026-01-07 13:17:11,555][MedImageInsight.UniCLModel][INFO] - => init lang_encoder.resblocks.4.attn.in_proj_bias from /nas-ctm01/homes/fmferreira/MedImageInsights/2024.09.27/vision_model/medimageinsigt-v1.0.0.pt
[2026-01-07 13:17:11,555][MedImageInsight.UniCLModel][INFO] - => init lang_encoder.resblocks.4.attn.in_proj_weight from /nas-ctm01/homes/fmferreira/MedImageInsights/2024.09.27/vision_model/medimageinsigt-v1.0.0.pt
[2026-01-07 13:17:11,555][MedImageInsight.UniCLModel][INFO] - => init lang_encoder.resblocks.4.attn.out_proj.bias from /nas-ctm01/homes/fmferreira/MedImageInsights/2024.09.27/vision_model/medimageinsigt-v1.0.0.pt
[2026-01-07 13:17:11,556][MedImageInsight.UniCLModel][INFO] - => init lang_encoder.resblocks.4.attn.out_proj.weight from /nas-ctm01/homes/fmferreira/MedImageInsights/2024.09.27/vision_model/medimageinsigt-v1.0.0.pt
[2026-01-07 13:17:11,556][MedImageInsight.UniCLModel][INFO] - => init lang_encoder.resblocks.4.ln_1.bias from /nas-ctm01/homes/fmferreira/MedImageInsights/2024.09.27/vision_model/medimageinsigt-v1.0.0.pt
[2026-01-07 13:17:11,556][MedImageInsight.UniCLModel][INFO] - => init lang_encoder.resblocks.4.ln_1.weight from /nas-ctm01/homes/fmferreira/MedImageInsights/2024.09.27/vision_model/medimageinsigt-v1.0.0.pt
[2026-01-07 13:17:11,556][MedImageInsight.UniCLModel][INFO] - => init lang_encoder.resblocks.4.ln_2.bias from /nas-ctm01/homes/fmferreira/MedImageInsights/2024.09.27/vision_model/medimageinsigt-v1.0.0.pt
[2026-01-07 13:17:11,556][MedImageInsight.UniCLModel][INFO] - => init lang_encoder.resblocks.4.ln_2.weight from /nas-ctm01/homes/fmferreira/MedImageInsights/2024.09.27/vision_model/medimageinsigt-v1.0.0.pt
[2026-01-07 13:17:11,556][MedImageInsight.UniCLModel][INFO] - => init lang_encoder.resblocks.4.mlp.c_fc.bias from /nas-ctm01/homes/fmferreira/MedImageInsights/2024.09.27/vision_model/medimageinsigt-v1.0.0.pt
[2026-01-07 13:17:11,556][MedImageInsight.UniCLModel][INFO] - => init lang_encoder.resblocks.4.mlp.c_fc.weight from /nas-ctm01/homes/fmferreira/MedImageInsights/2024.09.27/vision_model/medimageinsigt-v1.0.0.pt
[2026-01-07 13:17:11,556][MedImageInsight.UniCLModel][INFO] - => init lang_encoder.resblocks.4.mlp.c_proj.bias from /nas-ctm01/homes/fmferreira/MedImageInsights/2024.09.27/vision_model/medimageinsigt-v1.0.0.pt
[2026-01-07 13:17:11,556][MedImageInsight.UniCLModel][INFO] - => init lang_encoder.resblocks.4.mlp.c_proj.weight from /nas-ctm01/homes/fmferreira/MedImageInsights/2024.09.27/vision_model/medimageinsigt-v1.0.0.pt
[2026-01-07 13:17:11,556][MedImageInsight.UniCLModel][INFO] - => init lang_encoder.resblocks.5.attn.in_proj_bias from /nas-ctm01/homes/fmferreira/MedImageInsights/2024.09.27/vision_model/medimageinsigt-v1.0.0.pt
[2026-01-07 13:17:11,556][MedImageInsight.UniCLModel][INFO] - => init lang_encoder.resblocks.5.attn.in_proj_weight from /nas-ctm01/homes/fmferreira/MedImageInsights/2024.09.27/vision_model/medimageinsigt-v1.0.0.pt
[2026-01-07 13:17:11,556][MedImageInsight.UniCLModel][INFO] - => init lang_encoder.resblocks.5.attn.out_proj.bias from /nas-ctm01/homes/fmferreira/MedImageInsights/2024.09.27/vision_model/medimageinsigt-v1.0.0.pt
[2026-01-07 13:17:11,556][MedImageInsight.UniCLModel][INFO] - => init lang_encoder.resblocks.5.attn.out_proj.weight from /nas-ctm01/homes/fmferreira/MedImageInsights/2024.09.27/vision_model/medimageinsigt-v1.0.0.pt
[2026-01-07 13:17:11,556][MedImageInsight.UniCLModel][INFO] - => init lang_encoder.resblocks.5.ln_1.bias from /nas-ctm01/homes/fmferreira/MedImageInsights/2024.09.27/vision_model/medimageinsigt-v1.0.0.pt
[2026-01-07 13:17:11,556][MedImageInsight.UniCLModel][INFO] - => init lang_encoder.resblocks.5.ln_1.weight from /nas-ctm01/homes/fmferreira/MedImageInsights/2024.09.27/vision_model/medimageinsigt-v1.0.0.pt
[2026-01-07 13:17:11,556][MedImageInsight.UniCLModel][INFO] - => init lang_encoder.resblocks.5.ln_2.bias from /nas-ctm01/homes/fmferreira/MedImageInsights/2024.09.27/vision_model/medimageinsigt-v1.0.0.pt
[2026-01-07 13:17:11,556][MedImageInsight.UniCLModel][INFO] - => init lang_encoder.resblocks.5.ln_2.weight from /nas-ctm01/homes/fmferreira/MedImageInsights/2024.09.27/vision_model/medimageinsigt-v1.0.0.pt
[2026-01-07 13:17:11,556][MedImageInsight.UniCLModel][INFO] - => init lang_encoder.resblocks.5.mlp.c_fc.bias from /nas-ctm01/homes/fmferreira/MedImageInsights/2024.09.27/vision_model/medimageinsigt-v1.0.0.pt
[2026-01-07 13:17:11,556][MedImageInsight.UniCLModel][INFO] - => init lang_encoder.resblocks.5.mlp.c_fc.weight from /nas-ctm01/homes/fmferreira/MedImageInsights/2024.09.27/vision_model/medimageinsigt-v1.0.0.pt
[2026-01-07 13:17:11,556][MedImageInsight.UniCLModel][INFO] - => init lang_encoder.resblocks.5.mlp.c_proj.bias from /nas-ctm01/homes/fmferreira/MedImageInsights/2024.09.27/vision_model/medimageinsigt-v1.0.0.pt
[2026-01-07 13:17:11,556][MedImageInsight.UniCLModel][INFO] - => init lang_encoder.resblocks.5.mlp.c_proj.weight from /nas-ctm01/homes/fmferreira/MedImageInsights/2024.09.27/vision_model/medimageinsigt-v1.0.0.pt
[2026-01-07 13:17:11,556][MedImageInsight.UniCLModel][INFO] - => init lang_encoder.resblocks.6.attn.in_proj_bias from /nas-ctm01/homes/fmferreira/MedImageInsights/2024.09.27/vision_model/medimageinsigt-v1.0.0.pt
[2026-01-07 13:17:11,556][MedImageInsight.UniCLModel][INFO] - => init lang_encoder.resblocks.6.attn.in_proj_weight from /nas-ctm01/homes/fmferreira/MedImageInsights/2024.09.27/vision_model/medimageinsigt-v1.0.0.pt
[2026-01-07 13:17:11,556][MedImageInsight.UniCLModel][INFO] - => init lang_encoder.resblocks.6.attn.out_proj.bias from /nas-ctm01/homes/fmferreira/MedImageInsights/2024.09.27/vision_model/medimageinsigt-v1.0.0.pt
[2026-01-07 13:17:11,556][MedImageInsight.UniCLModel][INFO] - => init lang_encoder.resblocks.6.attn.out_proj.weight from /nas-ctm01/homes/fmferreira/MedImageInsights/2024.09.27/vision_model/medimageinsigt-v1.0.0.pt
[2026-01-07 13:17:11,556][MedImageInsight.UniCLModel][INFO] - => init lang_encoder.resblocks.6.ln_1.bias from /nas-ctm01/homes/fmferreira/MedImageInsights/2024.09.27/vision_model/medimageinsigt-v1.0.0.pt
[2026-01-07 13:17:11,556][MedImageInsight.UniCLModel][INFO] - => init lang_encoder.resblocks.6.ln_1.weight from /nas-ctm01/homes/fmferreira/MedImageInsights/2024.09.27/vision_model/medimageinsigt-v1.0.0.pt
[2026-01-07 13:17:11,556][MedImageInsight.UniCLModel][INFO] - => init lang_encoder.resblocks.6.ln_2.bias from /nas-ctm01/homes/fmferreira/MedImageInsights/2024.09.27/vision_model/medimageinsigt-v1.0.0.pt
[2026-01-07 13:17:11,556][MedImageInsight.UniCLModel][INFO] - => init lang_encoder.resblocks.6.ln_2.weight from /nas-ctm01/homes/fmferreira/MedImageInsights/2024.09.27/vision_model/medimageinsigt-v1.0.0.pt
[2026-01-07 13:17:11,556][MedImageInsight.UniCLModel][INFO] - => init lang_encoder.resblocks.6.mlp.c_fc.bias from /nas-ctm01/homes/fmferreira/MedImageInsights/2024.09.27/vision_model/medimageinsigt-v1.0.0.pt
[2026-01-07 13:17:11,556][MedImageInsight.UniCLModel][INFO] - => init lang_encoder.resblocks.6.mlp.c_fc.weight from /nas-ctm01/homes/fmferreira/MedImageInsights/2024.09.27/vision_model/medimageinsigt-v1.0.0.pt
[2026-01-07 13:17:11,556][MedImageInsight.UniCLModel][INFO] - => init lang_encoder.resblocks.6.mlp.c_proj.bias from /nas-ctm01/homes/fmferreira/MedImageInsights/2024.09.27/vision_model/medimageinsigt-v1.0.0.pt
[2026-01-07 13:17:11,557][MedImageInsight.UniCLModel][INFO] - => init lang_encoder.resblocks.6.mlp.c_proj.weight from /nas-ctm01/homes/fmferreira/MedImageInsights/2024.09.27/vision_model/medimageinsigt-v1.0.0.pt
[2026-01-07 13:17:11,557][MedImageInsight.UniCLModel][INFO] - => init lang_encoder.resblocks.7.attn.in_proj_bias from /nas-ctm01/homes/fmferreira/MedImageInsights/2024.09.27/vision_model/medimageinsigt-v1.0.0.pt
[2026-01-07 13:17:11,557][MedImageInsight.UniCLModel][INFO] - => init lang_encoder.resblocks.7.attn.in_proj_weight from /nas-ctm01/homes/fmferreira/MedImageInsights/2024.09.27/vision_model/medimageinsigt-v1.0.0.pt
[2026-01-07 13:17:11,557][MedImageInsight.UniCLModel][INFO] - => init lang_encoder.resblocks.7.attn.out_proj.bias from /nas-ctm01/homes/fmferreira/MedImageInsights/2024.09.27/vision_model/medimageinsigt-v1.0.0.pt
[2026-01-07 13:17:11,557][MedImageInsight.UniCLModel][INFO] - => init lang_encoder.resblocks.7.attn.out_proj.weight from /nas-ctm01/homes/fmferreira/MedImageInsights/2024.09.27/vision_model/medimageinsigt-v1.0.0.pt
[2026-01-07 13:17:11,557][MedImageInsight.UniCLModel][INFO] - => init lang_encoder.resblocks.7.ln_1.bias from /nas-ctm01/homes/fmferreira/MedImageInsights/2024.09.27/vision_model/medimageinsigt-v1.0.0.pt
[2026-01-07 13:17:11,557][MedImageInsight.UniCLModel][INFO] - => init lang_encoder.resblocks.7.ln_1.weight from /nas-ctm01/homes/fmferreira/MedImageInsights/2024.09.27/vision_model/medimageinsigt-v1.0.0.pt
[2026-01-07 13:17:11,557][MedImageInsight.UniCLModel][INFO] - => init lang_encoder.resblocks.7.ln_2.bias from /nas-ctm01/homes/fmferreira/MedImageInsights/2024.09.27/vision_model/medimageinsigt-v1.0.0.pt
[2026-01-07 13:17:11,557][MedImageInsight.UniCLModel][INFO] - => init lang_encoder.resblocks.7.ln_2.weight from /nas-ctm01/homes/fmferreira/MedImageInsights/2024.09.27/vision_model/medimageinsigt-v1.0.0.pt
[2026-01-07 13:17:11,557][MedImageInsight.UniCLModel][INFO] - => init lang_encoder.resblocks.7.mlp.c_fc.bias from /nas-ctm01/homes/fmferreira/MedImageInsights/2024.09.27/vision_model/medimageinsigt-v1.0.0.pt
[2026-01-07 13:17:11,557][MedImageInsight.UniCLModel][INFO] - => init lang_encoder.resblocks.7.mlp.c_fc.weight from /nas-ctm01/homes/fmferreira/MedImageInsights/2024.09.27/vision_model/medimageinsigt-v1.0.0.pt
[2026-01-07 13:17:11,557][MedImageInsight.UniCLModel][INFO] - => init lang_encoder.resblocks.7.mlp.c_proj.bias from /nas-ctm01/homes/fmferreira/MedImageInsights/2024.09.27/vision_model/medimageinsigt-v1.0.0.pt
[2026-01-07 13:17:11,557][MedImageInsight.UniCLModel][INFO] - => init lang_encoder.resblocks.7.mlp.c_proj.weight from /nas-ctm01/homes/fmferreira/MedImageInsights/2024.09.27/vision_model/medimageinsigt-v1.0.0.pt
[2026-01-07 13:17:11,557][MedImageInsight.UniCLModel][INFO] - => init lang_encoder.resblocks.8.attn.in_proj_bias from /nas-ctm01/homes/fmferreira/MedImageInsights/2024.09.27/vision_model/medimageinsigt-v1.0.0.pt
[2026-01-07 13:17:11,557][MedImageInsight.UniCLModel][INFO] - => init lang_encoder.resblocks.8.attn.in_proj_weight from /nas-ctm01/homes/fmferreira/MedImageInsights/2024.09.27/vision_model/medimageinsigt-v1.0.0.pt
[2026-01-07 13:17:11,557][MedImageInsight.UniCLModel][INFO] - => init lang_encoder.resblocks.8.attn.out_proj.bias from /nas-ctm01/homes/fmferreira/MedImageInsights/2024.09.27/vision_model/medimageinsigt-v1.0.0.pt
[2026-01-07 13:17:11,557][MedImageInsight.UniCLModel][INFO] - => init lang_encoder.resblocks.8.attn.out_proj.weight from /nas-ctm01/homes/fmferreira/MedImageInsights/2024.09.27/vision_model/medimageinsigt-v1.0.0.pt
[2026-01-07 13:17:11,557][MedImageInsight.UniCLModel][INFO] - => init lang_encoder.resblocks.8.ln_1.bias from /nas-ctm01/homes/fmferreira/MedImageInsights/2024.09.27/vision_model/medimageinsigt-v1.0.0.pt
[2026-01-07 13:17:11,557][MedImageInsight.UniCLModel][INFO] - => init lang_encoder.resblocks.8.ln_1.weight from /nas-ctm01/homes/fmferreira/MedImageInsights/2024.09.27/vision_model/medimageinsigt-v1.0.0.pt
[2026-01-07 13:17:11,557][MedImageInsight.UniCLModel][INFO] - => init lang_encoder.resblocks.8.ln_2.bias from /nas-ctm01/homes/fmferreira/MedImageInsights/2024.09.27/vision_model/medimageinsigt-v1.0.0.pt
[2026-01-07 13:17:11,557][MedImageInsight.UniCLModel][INFO] - => init lang_encoder.resblocks.8.ln_2.weight from /nas-ctm01/homes/fmferreira/MedImageInsights/2024.09.27/vision_model/medimageinsigt-v1.0.0.pt
[2026-01-07 13:17:11,557][MedImageInsight.UniCLModel][INFO] - => init lang_encoder.resblocks.8.mlp.c_fc.bias from /nas-ctm01/homes/fmferreira/MedImageInsights/2024.09.27/vision_model/medimageinsigt-v1.0.0.pt
[2026-01-07 13:17:11,557][MedImageInsight.UniCLModel][INFO] - => init lang_encoder.resblocks.8.mlp.c_fc.weight from /nas-ctm01/homes/fmferreira/MedImageInsights/2024.09.27/vision_model/medimageinsigt-v1.0.0.pt
[2026-01-07 13:17:11,557][MedImageInsight.UniCLModel][INFO] - => init lang_encoder.resblocks.8.mlp.c_proj.bias from /nas-ctm01/homes/fmferreira/MedImageInsights/2024.09.27/vision_model/medimageinsigt-v1.0.0.pt
[2026-01-07 13:17:11,557][MedImageInsight.UniCLModel][INFO] - => init lang_encoder.resblocks.8.mlp.c_proj.weight from /nas-ctm01/homes/fmferreira/MedImageInsights/2024.09.27/vision_model/medimageinsigt-v1.0.0.pt
[2026-01-07 13:17:11,557][MedImageInsight.UniCLModel][INFO] - => init lang_encoder.resblocks.9.attn.in_proj_bias from /nas-ctm01/homes/fmferreira/MedImageInsights/2024.09.27/vision_model/medimageinsigt-v1.0.0.pt
[2026-01-07 13:17:11,557][MedImageInsight.UniCLModel][INFO] - => init lang_encoder.resblocks.9.attn.in_proj_weight from /nas-ctm01/homes/fmferreira/MedImageInsights/2024.09.27/vision_model/medimageinsigt-v1.0.0.pt
[2026-01-07 13:17:11,557][MedImageInsight.UniCLModel][INFO] - => init lang_encoder.resblocks.9.attn.out_proj.bias from /nas-ctm01/homes/fmferreira/MedImageInsights/2024.09.27/vision_model/medimageinsigt-v1.0.0.pt
[2026-01-07 13:17:11,557][MedImageInsight.UniCLModel][INFO] - => init lang_encoder.resblocks.9.attn.out_proj.weight from /nas-ctm01/homes/fmferreira/MedImageInsights/2024.09.27/vision_model/medimageinsigt-v1.0.0.pt
[2026-01-07 13:17:11,557][MedImageInsight.UniCLModel][INFO] - => init lang_encoder.resblocks.9.ln_1.bias from /nas-ctm01/homes/fmferreira/MedImageInsights/2024.09.27/vision_model/medimageinsigt-v1.0.0.pt
[2026-01-07 13:17:11,557][MedImageInsight.UniCLModel][INFO] - => init lang_encoder.resblocks.9.ln_1.weight from /nas-ctm01/homes/fmferreira/MedImageInsights/2024.09.27/vision_model/medimageinsigt-v1.0.0.pt
[2026-01-07 13:17:11,557][MedImageInsight.UniCLModel][INFO] - => init lang_encoder.resblocks.9.ln_2.bias from /nas-ctm01/homes/fmferreira/MedImageInsights/2024.09.27/vision_model/medimageinsigt-v1.0.0.pt
[2026-01-07 13:17:11,557][MedImageInsight.UniCLModel][INFO] - => init lang_encoder.resblocks.9.ln_2.weight from /nas-ctm01/homes/fmferreira/MedImageInsights/2024.09.27/vision_model/medimageinsigt-v1.0.0.pt
[2026-01-07 13:17:11,558][MedImageInsight.UniCLModel][INFO] - => init lang_encoder.resblocks.9.mlp.c_fc.bias from /nas-ctm01/homes/fmferreira/MedImageInsights/2024.09.27/vision_model/medimageinsigt-v1.0.0.pt
[2026-01-07 13:17:11,558][MedImageInsight.UniCLModel][INFO] - => init lang_encoder.resblocks.9.mlp.c_fc.weight from /nas-ctm01/homes/fmferreira/MedImageInsights/2024.09.27/vision_model/medimageinsigt-v1.0.0.pt
[2026-01-07 13:17:11,558][MedImageInsight.UniCLModel][INFO] - => init lang_encoder.resblocks.9.mlp.c_proj.bias from /nas-ctm01/homes/fmferreira/MedImageInsights/2024.09.27/vision_model/medimageinsigt-v1.0.0.pt
[2026-01-07 13:17:11,558][MedImageInsight.UniCLModel][INFO] - => init lang_encoder.resblocks.9.mlp.c_proj.weight from /nas-ctm01/homes/fmferreira/MedImageInsights/2024.09.27/vision_model/medimageinsigt-v1.0.0.pt
[2026-01-07 13:17:11,558][MedImageInsight.UniCLModel][INFO] - => init lang_encoder.token_embedding.weight from /nas-ctm01/homes/fmferreira/MedImageInsights/2024.09.27/vision_model/medimageinsigt-v1.0.0.pt
[2026-01-07 13:17:11,558][MedImageInsight.UniCLModel][INFO] - => init lang_projection from /nas-ctm01/homes/fmferreira/MedImageInsights/2024.09.27/vision_model/medimageinsigt-v1.0.0.pt
[2026-01-07 13:17:11,558][MedImageInsight.UniCLModel][INFO] - => init logit_scale from /nas-ctm01/homes/fmferreira/MedImageInsights/2024.09.27/vision_model/medimageinsigt-v1.0.0.pt
[2026-01-07 13:17:11,561][MedImageInsight.ImageEncoder.davit_v1][INFO] - => init blocks.0.0.channel_block.channel_attn.fn.proj.bias from pretrained state dict
[2026-01-07 13:17:11,561][MedImageInsight.ImageEncoder.davit_v1][INFO] - => init blocks.0.0.channel_block.channel_attn.fn.proj.weight from pretrained state dict
[2026-01-07 13:17:11,561][MedImageInsight.ImageEncoder.davit_v1][INFO] - => init blocks.0.0.channel_block.channel_attn.fn.qkv.bias from pretrained state dict
[2026-01-07 13:17:11,561][MedImageInsight.ImageEncoder.davit_v1][INFO] - => init blocks.0.0.channel_block.channel_attn.fn.qkv.weight from pretrained state dict
[2026-01-07 13:17:11,561][MedImageInsight.ImageEncoder.davit_v1][INFO] - => init blocks.0.0.channel_block.channel_attn.norm.bias from pretrained state dict
[2026-01-07 13:17:11,561][MedImageInsight.ImageEncoder.davit_v1][INFO] - => init blocks.0.0.channel_block.channel_attn.norm.weight from pretrained state dict
[2026-01-07 13:17:11,561][MedImageInsight.ImageEncoder.davit_v1][INFO] - => init blocks.0.0.channel_block.conv1.fn.dw.bias from pretrained state dict
[2026-01-07 13:17:11,561][MedImageInsight.ImageEncoder.davit_v1][INFO] - => init blocks.0.0.channel_block.conv1.fn.dw.weight from pretrained state dict
[2026-01-07 13:17:11,561][MedImageInsight.ImageEncoder.davit_v1][INFO] - => init blocks.0.0.channel_block.conv2.fn.dw.bias from pretrained state dict
[2026-01-07 13:17:11,561][MedImageInsight.ImageEncoder.davit_v1][INFO] - => init blocks.0.0.channel_block.conv2.fn.dw.weight from pretrained state dict
[2026-01-07 13:17:11,561][MedImageInsight.ImageEncoder.davit_v1][INFO] - => init blocks.0.0.channel_block.ffn.fn.net.fc1.bias from pretrained state dict
[2026-01-07 13:17:11,561][MedImageInsight.ImageEncoder.davit_v1][INFO] - => init blocks.0.0.channel_block.ffn.fn.net.fc1.weight from pretrained state dict
[2026-01-07 13:17:11,561][MedImageInsight.ImageEncoder.davit_v1][INFO] - => init blocks.0.0.channel_block.ffn.fn.net.fc2.bias from pretrained state dict
[2026-01-07 13:17:11,561][MedImageInsight.ImageEncoder.davit_v1][INFO] - => init blocks.0.0.channel_block.ffn.fn.net.fc2.weight from pretrained state dict
[2026-01-07 13:17:11,561][MedImageInsight.ImageEncoder.davit_v1][INFO] - => init blocks.0.0.channel_block.ffn.norm.bias from pretrained state dict
[2026-01-07 13:17:11,561][MedImageInsight.ImageEncoder.davit_v1][INFO] - => init blocks.0.0.channel_block.ffn.norm.weight from pretrained state dict
[2026-01-07 13:17:11,561][MedImageInsight.ImageEncoder.davit_v1][INFO] - => init blocks.0.0.spatial_block.conv1.fn.dw.bias from pretrained state dict
[2026-01-07 13:17:11,561][MedImageInsight.ImageEncoder.davit_v1][INFO] - => init blocks.0.0.spatial_block.conv1.fn.dw.weight from pretrained state dict
[2026-01-07 13:17:11,561][MedImageInsight.ImageEncoder.davit_v1][INFO] - => init blocks.0.0.spatial_block.conv2.fn.dw.bias from pretrained state dict
[2026-01-07 13:17:11,561][MedImageInsight.ImageEncoder.davit_v1][INFO] - => init blocks.0.0.spatial_block.conv2.fn.dw.weight from pretrained state dict
[2026-01-07 13:17:11,561][MedImageInsight.ImageEncoder.davit_v1][INFO] - => init blocks.0.0.spatial_block.ffn.fn.net.fc1.bias from pretrained state dict
[2026-01-07 13:17:11,561][MedImageInsight.ImageEncoder.davit_v1][INFO] - => init blocks.0.0.spatial_block.ffn.fn.net.fc1.weight from pretrained state dict
[2026-01-07 13:17:11,561][MedImageInsight.ImageEncoder.davit_v1][INFO] - => init blocks.0.0.spatial_block.ffn.fn.net.fc2.bias from pretrained state dict
[2026-01-07 13:17:11,561][MedImageInsight.ImageEncoder.davit_v1][INFO] - => init blocks.0.0.spatial_block.ffn.fn.net.fc2.weight from pretrained state dict
[2026-01-07 13:17:11,561][MedImageInsight.ImageEncoder.davit_v1][INFO] - => init blocks.0.0.spatial_block.ffn.norm.bias from pretrained state dict
[2026-01-07 13:17:11,561][MedImageInsight.ImageEncoder.davit_v1][INFO] - => init blocks.0.0.spatial_block.ffn.norm.weight from pretrained state dict
[2026-01-07 13:17:11,562][MedImageInsight.ImageEncoder.davit_v1][INFO] - => init blocks.0.0.spatial_block.window_attn.fn.proj.bias from pretrained state dict
[2026-01-07 13:17:11,562][MedImageInsight.ImageEncoder.davit_v1][INFO] - => init blocks.0.0.spatial_block.window_attn.fn.proj.weight from pretrained state dict
[2026-01-07 13:17:11,562][MedImageInsight.ImageEncoder.davit_v1][INFO] - => init blocks.0.0.spatial_block.window_attn.fn.qkv.bias from pretrained state dict
[2026-01-07 13:17:11,562][MedImageInsight.ImageEncoder.davit_v1][INFO] - => init blocks.0.0.spatial_block.window_attn.fn.qkv.weight from pretrained state dict
[2026-01-07 13:17:11,562][MedImageInsight.ImageEncoder.davit_v1][INFO] - => init blocks.0.0.spatial_block.window_attn.norm.bias from pretrained state dict
[2026-01-07 13:17:11,562][MedImageInsight.ImageEncoder.davit_v1][INFO] - => init blocks.0.0.spatial_block.window_attn.norm.weight from pretrained state dict
[2026-01-07 13:17:11,562][MedImageInsight.ImageEncoder.davit_v1][INFO] - => init blocks.1.0.channel_block.channel_attn.fn.proj.bias from pretrained state dict
[2026-01-07 13:17:11,562][MedImageInsight.ImageEncoder.davit_v1][INFO] - => init blocks.1.0.channel_block.channel_attn.fn.proj.weight from pretrained state dict
[2026-01-07 13:17:11,562][MedImageInsight.ImageEncoder.davit_v1][INFO] - => init blocks.1.0.channel_block.channel_attn.fn.qkv.bias from pretrained state dict
[2026-01-07 13:17:11,562][MedImageInsight.ImageEncoder.davit_v1][INFO] - => init blocks.1.0.channel_block.channel_attn.fn.qkv.weight from pretrained state dict
[2026-01-07 13:17:11,562][MedImageInsight.ImageEncoder.davit_v1][INFO] - => init blocks.1.0.channel_block.channel_attn.norm.bias from pretrained state dict
[2026-01-07 13:17:11,562][MedImageInsight.ImageEncoder.davit_v1][INFO] - => init blocks.1.0.channel_block.channel_attn.norm.weight from pretrained state dict
[2026-01-07 13:17:11,562][MedImageInsight.ImageEncoder.davit_v1][INFO] - => init blocks.1.0.channel_block.conv1.fn.dw.bias from pretrained state dict
[2026-01-07 13:17:11,562][MedImageInsight.ImageEncoder.davit_v1][INFO] - => init blocks.1.0.channel_block.conv1.fn.dw.weight from pretrained state dict
[2026-01-07 13:17:11,562][MedImageInsight.ImageEncoder.davit_v1][INFO] - => init blocks.1.0.channel_block.conv2.fn.dw.bias from pretrained state dict
[2026-01-07 13:17:11,562][MedImageInsight.ImageEncoder.davit_v1][INFO] - => init blocks.1.0.channel_block.conv2.fn.dw.weight from pretrained state dict
[2026-01-07 13:17:11,562][MedImageInsight.ImageEncoder.davit_v1][INFO] - => init blocks.1.0.channel_block.ffn.fn.net.fc1.bias from pretrained state dict
[2026-01-07 13:17:11,562][MedImageInsight.ImageEncoder.davit_v1][INFO] - => init blocks.1.0.channel_block.ffn.fn.net.fc1.weight from pretrained state dict
[2026-01-07 13:17:11,562][MedImageInsight.ImageEncoder.davit_v1][INFO] - => init blocks.1.0.channel_block.ffn.fn.net.fc2.bias from pretrained state dict
[2026-01-07 13:17:11,562][MedImageInsight.ImageEncoder.davit_v1][INFO] - => init blocks.1.0.channel_block.ffn.fn.net.fc2.weight from pretrained state dict
[2026-01-07 13:17:11,562][MedImageInsight.ImageEncoder.davit_v1][INFO] - => init blocks.1.0.channel_block.ffn.norm.bias from pretrained state dict
[2026-01-07 13:17:11,562][MedImageInsight.ImageEncoder.davit_v1][INFO] - => init blocks.1.0.channel_block.ffn.norm.weight from pretrained state dict
[2026-01-07 13:17:11,562][MedImageInsight.ImageEncoder.davit_v1][INFO] - => init blocks.1.0.spatial_block.conv1.fn.dw.bias from pretrained state dict
[2026-01-07 13:17:11,562][MedImageInsight.ImageEncoder.davit_v1][INFO] - => init blocks.1.0.spatial_block.conv1.fn.dw.weight from pretrained state dict
[2026-01-07 13:17:11,562][MedImageInsight.ImageEncoder.davit_v1][INFO] - => init blocks.1.0.spatial_block.conv2.fn.dw.bias from pretrained state dict
[2026-01-07 13:17:11,562][MedImageInsight.ImageEncoder.davit_v1][INFO] - => init blocks.1.0.spatial_block.conv2.fn.dw.weight from pretrained state dict
[2026-01-07 13:17:11,562][MedImageInsight.ImageEncoder.davit_v1][INFO] - => init blocks.1.0.spatial_block.ffn.fn.net.fc1.bias from pretrained state dict
[2026-01-07 13:17:11,562][MedImageInsight.ImageEncoder.davit_v1][INFO] - => init blocks.1.0.spatial_block.ffn.fn.net.fc1.weight from pretrained state dict
[2026-01-07 13:17:11,562][MedImageInsight.ImageEncoder.davit_v1][INFO] - => init blocks.1.0.spatial_block.ffn.fn.net.fc2.bias from pretrained state dict
[2026-01-07 13:17:11,562][MedImageInsight.ImageEncoder.davit_v1][INFO] - => init blocks.1.0.spatial_block.ffn.fn.net.fc2.weight from pretrained state dict
[2026-01-07 13:17:11,562][MedImageInsight.ImageEncoder.davit_v1][INFO] - => init blocks.1.0.spatial_block.ffn.norm.bias from pretrained state dict
[2026-01-07 13:17:11,562][MedImageInsight.ImageEncoder.davit_v1][INFO] - => init blocks.1.0.spatial_block.ffn.norm.weight from pretrained state dict
[2026-01-07 13:17:11,562][MedImageInsight.ImageEncoder.davit_v1][INFO] - => init blocks.1.0.spatial_block.window_attn.fn.proj.bias from pretrained state dict
[2026-01-07 13:17:11,562][MedImageInsight.ImageEncoder.davit_v1][INFO] - => init blocks.1.0.spatial_block.window_attn.fn.proj.weight from pretrained state dict
[2026-01-07 13:17:11,562][MedImageInsight.ImageEncoder.davit_v1][INFO] - => init blocks.1.0.spatial_block.window_attn.fn.qkv.bias from pretrained state dict
[2026-01-07 13:17:11,563][MedImageInsight.ImageEncoder.davit_v1][INFO] - => init blocks.1.0.spatial_block.window_attn.fn.qkv.weight from pretrained state dict
[2026-01-07 13:17:11,563][MedImageInsight.ImageEncoder.davit_v1][INFO] - => init blocks.1.0.spatial_block.window_attn.norm.bias from pretrained state dict
[2026-01-07 13:17:11,563][MedImageInsight.ImageEncoder.davit_v1][INFO] - => init blocks.1.0.spatial_block.window_attn.norm.weight from pretrained state dict
[2026-01-07 13:17:11,563][MedImageInsight.ImageEncoder.davit_v1][INFO] - => init blocks.2.0.channel_block.channel_attn.fn.proj.bias from pretrained state dict
[2026-01-07 13:17:11,563][MedImageInsight.ImageEncoder.davit_v1][INFO] - => init blocks.2.0.channel_block.channel_attn.fn.proj.weight from pretrained state dict
[2026-01-07 13:17:11,563][MedImageInsight.ImageEncoder.davit_v1][INFO] - => init blocks.2.0.channel_block.channel_attn.fn.qkv.bias from pretrained state dict
[2026-01-07 13:17:11,563][MedImageInsight.ImageEncoder.davit_v1][INFO] - => init blocks.2.0.channel_block.channel_attn.fn.qkv.weight from pretrained state dict
[2026-01-07 13:17:11,563][MedImageInsight.ImageEncoder.davit_v1][INFO] - => init blocks.2.0.channel_block.channel_attn.norm.bias from pretrained state dict
[2026-01-07 13:17:11,563][MedImageInsight.ImageEncoder.davit_v1][INFO] - => init blocks.2.0.channel_block.channel_attn.norm.weight from pretrained state dict
[2026-01-07 13:17:11,563][MedImageInsight.ImageEncoder.davit_v1][INFO] - => init blocks.2.0.channel_block.conv1.fn.dw.bias from pretrained state dict
[2026-01-07 13:17:11,563][MedImageInsight.ImageEncoder.davit_v1][INFO] - => init blocks.2.0.channel_block.conv1.fn.dw.weight from pretrained state dict
[2026-01-07 13:17:11,563][MedImageInsight.ImageEncoder.davit_v1][INFO] - => init blocks.2.0.channel_block.conv2.fn.dw.bias from pretrained state dict
[2026-01-07 13:17:11,563][MedImageInsight.ImageEncoder.davit_v1][INFO] - => init blocks.2.0.channel_block.conv2.fn.dw.weight from pretrained state dict
[2026-01-07 13:17:11,563][MedImageInsight.ImageEncoder.davit_v1][INFO] - => init blocks.2.0.channel_block.ffn.fn.net.fc1.bias from pretrained state dict
[2026-01-07 13:17:11,563][MedImageInsight.ImageEncoder.davit_v1][INFO] - => init blocks.2.0.channel_block.ffn.fn.net.fc1.weight from pretrained state dict
[2026-01-07 13:17:11,563][MedImageInsight.ImageEncoder.davit_v1][INFO] - => init blocks.2.0.channel_block.ffn.fn.net.fc2.bias from pretrained state dict
[2026-01-07 13:17:11,563][MedImageInsight.ImageEncoder.davit_v1][INFO] - => init blocks.2.0.channel_block.ffn.fn.net.fc2.weight from pretrained state dict
[2026-01-07 13:17:11,563][MedImageInsight.ImageEncoder.davit_v1][INFO] - => init blocks.2.0.channel_block.ffn.norm.bias from pretrained state dict
[2026-01-07 13:17:11,563][MedImageInsight.ImageEncoder.davit_v1][INFO] - => init blocks.2.0.channel_block.ffn.norm.weight from pretrained state dict
[2026-01-07 13:17:11,563][MedImageInsight.ImageEncoder.davit_v1][INFO] - => init blocks.2.0.spatial_block.conv1.fn.dw.bias from pretrained state dict
[2026-01-07 13:17:11,563][MedImageInsight.ImageEncoder.davit_v1][INFO] - => init blocks.2.0.spatial_block.conv1.fn.dw.weight from pretrained state dict
[2026-01-07 13:17:11,563][MedImageInsight.ImageEncoder.davit_v1][INFO] - => init blocks.2.0.spatial_block.conv2.fn.dw.bias from pretrained state dict
[2026-01-07 13:17:11,563][MedImageInsight.ImageEncoder.davit_v1][INFO] - => init blocks.2.0.spatial_block.conv2.fn.dw.weight from pretrained state dict
[2026-01-07 13:17:11,563][MedImageInsight.ImageEncoder.davit_v1][INFO] - => init blocks.2.0.spatial_block.ffn.fn.net.fc1.bias from pretrained state dict
[2026-01-07 13:17:11,563][MedImageInsight.ImageEncoder.davit_v1][INFO] - => init blocks.2.0.spatial_block.ffn.fn.net.fc1.weight from pretrained state dict
[2026-01-07 13:17:11,563][MedImageInsight.ImageEncoder.davit_v1][INFO] - => init blocks.2.0.spatial_block.ffn.fn.net.fc2.bias from pretrained state dict
[2026-01-07 13:17:11,563][MedImageInsight.ImageEncoder.davit_v1][INFO] - => init blocks.2.0.spatial_block.ffn.fn.net.fc2.weight from pretrained state dict
[2026-01-07 13:17:11,563][MedImageInsight.ImageEncoder.davit_v1][INFO] - => init blocks.2.0.spatial_block.ffn.norm.bias from pretrained state dict
[2026-01-07 13:17:11,563][MedImageInsight.ImageEncoder.davit_v1][INFO] - => init blocks.2.0.spatial_block.ffn.norm.weight from pretrained state dict
[2026-01-07 13:17:11,563][MedImageInsight.ImageEncoder.davit_v1][INFO] - => init blocks.2.0.spatial_block.window_attn.fn.proj.bias from pretrained state dict
[2026-01-07 13:17:11,563][MedImageInsight.ImageEncoder.davit_v1][INFO] - => init blocks.2.0.spatial_block.window_attn.fn.proj.weight from pretrained state dict
[2026-01-07 13:17:11,563][MedImageInsight.ImageEncoder.davit_v1][INFO] - => init blocks.2.0.spatial_block.window_attn.fn.qkv.bias from pretrained state dict
[2026-01-07 13:17:11,563][MedImageInsight.ImageEncoder.davit_v1][INFO] - => init blocks.2.0.spatial_block.window_attn.fn.qkv.weight from pretrained state dict
[2026-01-07 13:17:11,563][MedImageInsight.ImageEncoder.davit_v1][INFO] - => init blocks.2.0.spatial_block.window_attn.norm.bias from pretrained state dict
[2026-01-07 13:17:11,563][MedImageInsight.ImageEncoder.davit_v1][INFO] - => init blocks.2.0.spatial_block.window_attn.norm.weight from pretrained state dict
[2026-01-07 13:17:11,564][MedImageInsight.ImageEncoder.davit_v1][INFO] - => init blocks.2.1.channel_block.channel_attn.fn.proj.bias from pretrained state dict
[2026-01-07 13:17:11,564][MedImageInsight.ImageEncoder.davit_v1][INFO] - => init blocks.2.1.channel_block.channel_attn.fn.proj.weight from pretrained state dict
[2026-01-07 13:17:11,564][MedImageInsight.ImageEncoder.davit_v1][INFO] - => init blocks.2.1.channel_block.channel_attn.fn.qkv.bias from pretrained state dict
[2026-01-07 13:17:11,564][MedImageInsight.ImageEncoder.davit_v1][INFO] - => init blocks.2.1.channel_block.channel_attn.fn.qkv.weight from pretrained state dict
[2026-01-07 13:17:11,564][MedImageInsight.ImageEncoder.davit_v1][INFO] - => init blocks.2.1.channel_block.channel_attn.norm.bias from pretrained state dict
[2026-01-07 13:17:11,564][MedImageInsight.ImageEncoder.davit_v1][INFO] - => init blocks.2.1.channel_block.channel_attn.norm.weight from pretrained state dict
[2026-01-07 13:17:11,564][MedImageInsight.ImageEncoder.davit_v1][INFO] - => init blocks.2.1.channel_block.conv1.fn.dw.bias from pretrained state dict
[2026-01-07 13:17:11,564][MedImageInsight.ImageEncoder.davit_v1][INFO] - => init blocks.2.1.channel_block.conv1.fn.dw.weight from pretrained state dict
[2026-01-07 13:17:11,564][MedImageInsight.ImageEncoder.davit_v1][INFO] - => init blocks.2.1.channel_block.conv2.fn.dw.bias from pretrained state dict
[2026-01-07 13:17:11,564][MedImageInsight.ImageEncoder.davit_v1][INFO] - => init blocks.2.1.channel_block.conv2.fn.dw.weight from pretrained state dict
[2026-01-07 13:17:11,564][MedImageInsight.ImageEncoder.davit_v1][INFO] - => init blocks.2.1.channel_block.ffn.fn.net.fc1.bias from pretrained state dict
[2026-01-07 13:17:11,564][MedImageInsight.ImageEncoder.davit_v1][INFO] - => init blocks.2.1.channel_block.ffn.fn.net.fc1.weight from pretrained state dict
[2026-01-07 13:17:11,564][MedImageInsight.ImageEncoder.davit_v1][INFO] - => init blocks.2.1.channel_block.ffn.fn.net.fc2.bias from pretrained state dict
[2026-01-07 13:17:11,564][MedImageInsight.ImageEncoder.davit_v1][INFO] - => init blocks.2.1.channel_block.ffn.fn.net.fc2.weight from pretrained state dict
[2026-01-07 13:17:11,564][MedImageInsight.ImageEncoder.davit_v1][INFO] - => init blocks.2.1.channel_block.ffn.norm.bias from pretrained state dict
[2026-01-07 13:17:11,564][MedImageInsight.ImageEncoder.davit_v1][INFO] - => init blocks.2.1.channel_block.ffn.norm.weight from pretrained state dict
[2026-01-07 13:17:11,564][MedImageInsight.ImageEncoder.davit_v1][INFO] - => init blocks.2.1.spatial_block.conv1.fn.dw.bias from pretrained state dict
[2026-01-07 13:17:11,564][MedImageInsight.ImageEncoder.davit_v1][INFO] - => init blocks.2.1.spatial_block.conv1.fn.dw.weight from pretrained state dict
[2026-01-07 13:17:11,564][MedImageInsight.ImageEncoder.davit_v1][INFO] - => init blocks.2.1.spatial_block.conv2.fn.dw.bias from pretrained state dict
[2026-01-07 13:17:11,564][MedImageInsight.ImageEncoder.davit_v1][INFO] - => init blocks.2.1.spatial_block.conv2.fn.dw.weight from pretrained state dict
[2026-01-07 13:17:11,564][MedImageInsight.ImageEncoder.davit_v1][INFO] - => init blocks.2.1.spatial_block.ffn.fn.net.fc1.bias from pretrained state dict
[2026-01-07 13:17:11,564][MedImageInsight.ImageEncoder.davit_v1][INFO] - => init blocks.2.1.spatial_block.ffn.fn.net.fc1.weight from pretrained state dict
[2026-01-07 13:17:11,564][MedImageInsight.ImageEncoder.davit_v1][INFO] - => init blocks.2.1.spatial_block.ffn.fn.net.fc2.bias from pretrained state dict
[2026-01-07 13:17:11,564][MedImageInsight.ImageEncoder.davit_v1][INFO] - => init blocks.2.1.spatial_block.ffn.fn.net.fc2.weight from pretrained state dict
[2026-01-07 13:17:11,564][MedImageInsight.ImageEncoder.davit_v1][INFO] - => init blocks.2.1.spatial_block.ffn.norm.bias from pretrained state dict
[2026-01-07 13:17:11,564][MedImageInsight.ImageEncoder.davit_v1][INFO] - => init blocks.2.1.spatial_block.ffn.norm.weight from pretrained state dict
[2026-01-07 13:17:11,564][MedImageInsight.ImageEncoder.davit_v1][INFO] - => init blocks.2.1.spatial_block.window_attn.fn.proj.bias from pretrained state dict
[2026-01-07 13:17:11,564][MedImageInsight.ImageEncoder.davit_v1][INFO] - => init blocks.2.1.spatial_block.window_attn.fn.proj.weight from pretrained state dict
[2026-01-07 13:17:11,564][MedImageInsight.ImageEncoder.davit_v1][INFO] - => init blocks.2.1.spatial_block.window_attn.fn.qkv.bias from pretrained state dict
[2026-01-07 13:17:11,564][MedImageInsight.ImageEncoder.davit_v1][INFO] - => init blocks.2.1.spatial_block.window_attn.fn.qkv.weight from pretrained state dict
[2026-01-07 13:17:11,564][MedImageInsight.ImageEncoder.davit_v1][INFO] - => init blocks.2.1.spatial_block.window_attn.norm.bias from pretrained state dict
[2026-01-07 13:17:11,564][MedImageInsight.ImageEncoder.davit_v1][INFO] - => init blocks.2.1.spatial_block.window_attn.norm.weight from pretrained state dict
[2026-01-07 13:17:11,564][MedImageInsight.ImageEncoder.davit_v1][INFO] - => init blocks.2.2.channel_block.channel_attn.fn.proj.bias from pretrained state dict
[2026-01-07 13:17:11,564][MedImageInsight.ImageEncoder.davit_v1][INFO] - => init blocks.2.2.channel_block.channel_attn.fn.proj.weight from pretrained state dict
[2026-01-07 13:17:11,564][MedImageInsight.ImageEncoder.davit_v1][INFO] - => init blocks.2.2.channel_block.channel_attn.fn.qkv.bias from pretrained state dict
[2026-01-07 13:17:11,565][MedImageInsight.ImageEncoder.davit_v1][INFO] - => init blocks.2.2.channel_block.channel_attn.fn.qkv.weight from pretrained state dict
[2026-01-07 13:17:11,565][MedImageInsight.ImageEncoder.davit_v1][INFO] - => init blocks.2.2.channel_block.channel_attn.norm.bias from pretrained state dict
[2026-01-07 13:17:11,565][MedImageInsight.ImageEncoder.davit_v1][INFO] - => init blocks.2.2.channel_block.channel_attn.norm.weight from pretrained state dict
[2026-01-07 13:17:11,565][MedImageInsight.ImageEncoder.davit_v1][INFO] - => init blocks.2.2.channel_block.conv1.fn.dw.bias from pretrained state dict
[2026-01-07 13:17:11,565][MedImageInsight.ImageEncoder.davit_v1][INFO] - => init blocks.2.2.channel_block.conv1.fn.dw.weight from pretrained state dict
[2026-01-07 13:17:11,565][MedImageInsight.ImageEncoder.davit_v1][INFO] - => init blocks.2.2.channel_block.conv2.fn.dw.bias from pretrained state dict
[2026-01-07 13:17:11,565][MedImageInsight.ImageEncoder.davit_v1][INFO] - => init blocks.2.2.channel_block.conv2.fn.dw.weight from pretrained state dict
[2026-01-07 13:17:11,565][MedImageInsight.ImageEncoder.davit_v1][INFO] - => init blocks.2.2.channel_block.ffn.fn.net.fc1.bias from pretrained state dict
[2026-01-07 13:17:11,565][MedImageInsight.ImageEncoder.davit_v1][INFO] - => init blocks.2.2.channel_block.ffn.fn.net.fc1.weight from pretrained state dict
[2026-01-07 13:17:11,565][MedImageInsight.ImageEncoder.davit_v1][INFO] - => init blocks.2.2.channel_block.ffn.fn.net.fc2.bias from pretrained state dict
[2026-01-07 13:17:11,565][MedImageInsight.ImageEncoder.davit_v1][INFO] - => init blocks.2.2.channel_block.ffn.fn.net.fc2.weight from pretrained state dict
[2026-01-07 13:17:11,565][MedImageInsight.ImageEncoder.davit_v1][INFO] - => init blocks.2.2.channel_block.ffn.norm.bias from pretrained state dict
[2026-01-07 13:17:11,565][MedImageInsight.ImageEncoder.davit_v1][INFO] - => init blocks.2.2.channel_block.ffn.norm.weight from pretrained state dict
[2026-01-07 13:17:11,565][MedImageInsight.ImageEncoder.davit_v1][INFO] - => init blocks.2.2.spatial_block.conv1.fn.dw.bias from pretrained state dict
[2026-01-07 13:17:11,565][MedImageInsight.ImageEncoder.davit_v1][INFO] - => init blocks.2.2.spatial_block.conv1.fn.dw.weight from pretrained state dict
[2026-01-07 13:17:11,565][MedImageInsight.ImageEncoder.davit_v1][INFO] - => init blocks.2.2.spatial_block.conv2.fn.dw.bias from pretrained state dict
[2026-01-07 13:17:11,565][MedImageInsight.ImageEncoder.davit_v1][INFO] - => init blocks.2.2.spatial_block.conv2.fn.dw.weight from pretrained state dict
[2026-01-07 13:17:11,565][MedImageInsight.ImageEncoder.davit_v1][INFO] - => init blocks.2.2.spatial_block.ffn.fn.net.fc1.bias from pretrained state dict
[2026-01-07 13:17:11,565][MedImageInsight.ImageEncoder.davit_v1][INFO] - => init blocks.2.2.spatial_block.ffn.fn.net.fc1.weight from pretrained state dict
[2026-01-07 13:17:11,565][MedImageInsight.ImageEncoder.davit_v1][INFO] - => init blocks.2.2.spatial_block.ffn.fn.net.fc2.bias from pretrained state dict
[2026-01-07 13:17:11,565][MedImageInsight.ImageEncoder.davit_v1][INFO] - => init blocks.2.2.spatial_block.ffn.fn.net.fc2.weight from pretrained state dict
[2026-01-07 13:17:11,565][MedImageInsight.ImageEncoder.davit_v1][INFO] - => init blocks.2.2.spatial_block.ffn.norm.bias from pretrained state dict
[2026-01-07 13:17:11,565][MedImageInsight.ImageEncoder.davit_v1][INFO] - => init blocks.2.2.spatial_block.ffn.norm.weight from pretrained state dict
[2026-01-07 13:17:11,565][MedImageInsight.ImageEncoder.davit_v1][INFO] - => init blocks.2.2.spatial_block.window_attn.fn.proj.bias from pretrained state dict
[2026-01-07 13:17:11,565][MedImageInsight.ImageEncoder.davit_v1][INFO] - => init blocks.2.2.spatial_block.window_attn.fn.proj.weight from pretrained state dict
[2026-01-07 13:17:11,565][MedImageInsight.ImageEncoder.davit_v1][INFO] - => init blocks.2.2.spatial_block.window_attn.fn.qkv.bias from pretrained state dict
[2026-01-07 13:17:11,565][MedImageInsight.ImageEncoder.davit_v1][INFO] - => init blocks.2.2.spatial_block.window_attn.fn.qkv.weight from pretrained state dict
[2026-01-07 13:17:11,565][MedImageInsight.ImageEncoder.davit_v1][INFO] - => init blocks.2.2.spatial_block.window_attn.norm.bias from pretrained state dict
[2026-01-07 13:17:11,565][MedImageInsight.ImageEncoder.davit_v1][INFO] - => init blocks.2.2.spatial_block.window_attn.norm.weight from pretrained state dict
[2026-01-07 13:17:11,565][MedImageInsight.ImageEncoder.davit_v1][INFO] - => init blocks.2.3.channel_block.channel_attn.fn.proj.bias from pretrained state dict
[2026-01-07 13:17:11,565][MedImageInsight.ImageEncoder.davit_v1][INFO] - => init blocks.2.3.channel_block.channel_attn.fn.proj.weight from pretrained state dict
[2026-01-07 13:17:11,565][MedImageInsight.ImageEncoder.davit_v1][INFO] - => init blocks.2.3.channel_block.channel_attn.fn.qkv.bias from pretrained state dict
[2026-01-07 13:17:11,565][MedImageInsight.ImageEncoder.davit_v1][INFO] - => init blocks.2.3.channel_block.channel_attn.fn.qkv.weight from pretrained state dict
[2026-01-07 13:17:11,565][MedImageInsight.ImageEncoder.davit_v1][INFO] - => init blocks.2.3.channel_block.channel_attn.norm.bias from pretrained state dict
[2026-01-07 13:17:11,565][MedImageInsight.ImageEncoder.davit_v1][INFO] - => init blocks.2.3.channel_block.channel_attn.norm.weight from pretrained state dict
[2026-01-07 13:17:11,566][MedImageInsight.ImageEncoder.davit_v1][INFO] - => init blocks.2.3.channel_block.conv1.fn.dw.bias from pretrained state dict
[2026-01-07 13:17:11,566][MedImageInsight.ImageEncoder.davit_v1][INFO] - => init blocks.2.3.channel_block.conv1.fn.dw.weight from pretrained state dict
[2026-01-07 13:17:11,566][MedImageInsight.ImageEncoder.davit_v1][INFO] - => init blocks.2.3.channel_block.conv2.fn.dw.bias from pretrained state dict
[2026-01-07 13:17:11,566][MedImageInsight.ImageEncoder.davit_v1][INFO] - => init blocks.2.3.channel_block.conv2.fn.dw.weight from pretrained state dict
[2026-01-07 13:17:11,566][MedImageInsight.ImageEncoder.davit_v1][INFO] - => init blocks.2.3.channel_block.ffn.fn.net.fc1.bias from pretrained state dict
[2026-01-07 13:17:11,566][MedImageInsight.ImageEncoder.davit_v1][INFO] - => init blocks.2.3.channel_block.ffn.fn.net.fc1.weight from pretrained state dict
[2026-01-07 13:17:11,566][MedImageInsight.ImageEncoder.davit_v1][INFO] - => init blocks.2.3.channel_block.ffn.fn.net.fc2.bias from pretrained state dict
[2026-01-07 13:17:11,566][MedImageInsight.ImageEncoder.davit_v1][INFO] - => init blocks.2.3.channel_block.ffn.fn.net.fc2.weight from pretrained state dict
[2026-01-07 13:17:11,566][MedImageInsight.ImageEncoder.davit_v1][INFO] - => init blocks.2.3.channel_block.ffn.norm.bias from pretrained state dict
[2026-01-07 13:17:11,566][MedImageInsight.ImageEncoder.davit_v1][INFO] - => init blocks.2.3.channel_block.ffn.norm.weight from pretrained state dict
[2026-01-07 13:17:11,566][MedImageInsight.ImageEncoder.davit_v1][INFO] - => init blocks.2.3.spatial_block.conv1.fn.dw.bias from pretrained state dict
[2026-01-07 13:17:11,566][MedImageInsight.ImageEncoder.davit_v1][INFO] - => init blocks.2.3.spatial_block.conv1.fn.dw.weight from pretrained state dict
[2026-01-07 13:17:11,566][MedImageInsight.ImageEncoder.davit_v1][INFO] - => init blocks.2.3.spatial_block.conv2.fn.dw.bias from pretrained state dict
[2026-01-07 13:17:11,566][MedImageInsight.ImageEncoder.davit_v1][INFO] - => init blocks.2.3.spatial_block.conv2.fn.dw.weight from pretrained state dict
[2026-01-07 13:17:11,566][MedImageInsight.ImageEncoder.davit_v1][INFO] - => init blocks.2.3.spatial_block.ffn.fn.net.fc1.bias from pretrained state dict
[2026-01-07 13:17:11,566][MedImageInsight.ImageEncoder.davit_v1][INFO] - => init blocks.2.3.spatial_block.ffn.fn.net.fc1.weight from pretrained state dict
[2026-01-07 13:17:11,566][MedImageInsight.ImageEncoder.davit_v1][INFO] - => init blocks.2.3.spatial_block.ffn.fn.net.fc2.bias from pretrained state dict
[2026-01-07 13:17:11,566][MedImageInsight.ImageEncoder.davit_v1][INFO] - => init blocks.2.3.spatial_block.ffn.fn.net.fc2.weight from pretrained state dict
[2026-01-07 13:17:11,566][MedImageInsight.ImageEncoder.davit_v1][INFO] - => init blocks.2.3.spatial_block.ffn.norm.bias from pretrained state dict
[2026-01-07 13:17:11,566][MedImageInsight.ImageEncoder.davit_v1][INFO] - => init blocks.2.3.spatial_block.ffn.norm.weight from pretrained state dict
[2026-01-07 13:17:11,566][MedImageInsight.ImageEncoder.davit_v1][INFO] - => init blocks.2.3.spatial_block.window_attn.fn.proj.bias from pretrained state dict
[2026-01-07 13:17:11,566][MedImageInsight.ImageEncoder.davit_v1][INFO] - => init blocks.2.3.spatial_block.window_attn.fn.proj.weight from pretrained state dict
[2026-01-07 13:17:11,566][MedImageInsight.ImageEncoder.davit_v1][INFO] - => init blocks.2.3.spatial_block.window_attn.fn.qkv.bias from pretrained state dict
[2026-01-07 13:17:11,566][MedImageInsight.ImageEncoder.davit_v1][INFO] - => init blocks.2.3.spatial_block.window_attn.fn.qkv.weight from pretrained state dict
[2026-01-07 13:17:11,566][MedImageInsight.ImageEncoder.davit_v1][INFO] - => init blocks.2.3.spatial_block.window_attn.norm.bias from pretrained state dict
[2026-01-07 13:17:11,566][MedImageInsight.ImageEncoder.davit_v1][INFO] - => init blocks.2.3.spatial_block.window_attn.norm.weight from pretrained state dict
[2026-01-07 13:17:11,566][MedImageInsight.ImageEncoder.davit_v1][INFO] - => init blocks.2.4.channel_block.channel_attn.fn.proj.bias from pretrained state dict
[2026-01-07 13:17:11,566][MedImageInsight.ImageEncoder.davit_v1][INFO] - => init blocks.2.4.channel_block.channel_attn.fn.proj.weight from pretrained state dict
[2026-01-07 13:17:11,566][MedImageInsight.ImageEncoder.davit_v1][INFO] - => init blocks.2.4.channel_block.channel_attn.fn.qkv.bias from pretrained state dict
[2026-01-07 13:17:11,566][MedImageInsight.ImageEncoder.davit_v1][INFO] - => init blocks.2.4.channel_block.channel_attn.fn.qkv.weight from pretrained state dict
[2026-01-07 13:17:11,566][MedImageInsight.ImageEncoder.davit_v1][INFO] - => init blocks.2.4.channel_block.channel_attn.norm.bias from pretrained state dict
[2026-01-07 13:17:11,566][MedImageInsight.ImageEncoder.davit_v1][INFO] - => init blocks.2.4.channel_block.channel_attn.norm.weight from pretrained state dict
[2026-01-07 13:17:11,566][MedImageInsight.ImageEncoder.davit_v1][INFO] - => init blocks.2.4.channel_block.conv1.fn.dw.bias from pretrained state dict
[2026-01-07 13:17:11,566][MedImageInsight.ImageEncoder.davit_v1][INFO] - => init blocks.2.4.channel_block.conv1.fn.dw.weight from pretrained state dict
[2026-01-07 13:17:11,566][MedImageInsight.ImageEncoder.davit_v1][INFO] - => init blocks.2.4.channel_block.conv2.fn.dw.bias from pretrained state dict
[2026-01-07 13:17:11,567][MedImageInsight.ImageEncoder.davit_v1][INFO] - => init blocks.2.4.channel_block.conv2.fn.dw.weight from pretrained state dict
[2026-01-07 13:17:11,567][MedImageInsight.ImageEncoder.davit_v1][INFO] - => init blocks.2.4.channel_block.ffn.fn.net.fc1.bias from pretrained state dict
[2026-01-07 13:17:11,567][MedImageInsight.ImageEncoder.davit_v1][INFO] - => init blocks.2.4.channel_block.ffn.fn.net.fc1.weight from pretrained state dict
[2026-01-07 13:17:11,567][MedImageInsight.ImageEncoder.davit_v1][INFO] - => init blocks.2.4.channel_block.ffn.fn.net.fc2.bias from pretrained state dict
[2026-01-07 13:17:11,567][MedImageInsight.ImageEncoder.davit_v1][INFO] - => init blocks.2.4.channel_block.ffn.fn.net.fc2.weight from pretrained state dict
[2026-01-07 13:17:11,567][MedImageInsight.ImageEncoder.davit_v1][INFO] - => init blocks.2.4.channel_block.ffn.norm.bias from pretrained state dict
[2026-01-07 13:17:11,567][MedImageInsight.ImageEncoder.davit_v1][INFO] - => init blocks.2.4.channel_block.ffn.norm.weight from pretrained state dict
[2026-01-07 13:17:11,567][MedImageInsight.ImageEncoder.davit_v1][INFO] - => init blocks.2.4.spatial_block.conv1.fn.dw.bias from pretrained state dict
[2026-01-07 13:17:11,567][MedImageInsight.ImageEncoder.davit_v1][INFO] - => init blocks.2.4.spatial_block.conv1.fn.dw.weight from pretrained state dict
[2026-01-07 13:17:11,567][MedImageInsight.ImageEncoder.davit_v1][INFO] - => init blocks.2.4.spatial_block.conv2.fn.dw.bias from pretrained state dict
[2026-01-07 13:17:11,567][MedImageInsight.ImageEncoder.davit_v1][INFO] - => init blocks.2.4.spatial_block.conv2.fn.dw.weight from pretrained state dict
[2026-01-07 13:17:11,567][MedImageInsight.ImageEncoder.davit_v1][INFO] - => init blocks.2.4.spatial_block.ffn.fn.net.fc1.bias from pretrained state dict
[2026-01-07 13:17:11,567][MedImageInsight.ImageEncoder.davit_v1][INFO] - => init blocks.2.4.spatial_block.ffn.fn.net.fc1.weight from pretrained state dict
[2026-01-07 13:17:11,567][MedImageInsight.ImageEncoder.davit_v1][INFO] - => init blocks.2.4.spatial_block.ffn.fn.net.fc2.bias from pretrained state dict
[2026-01-07 13:17:11,567][MedImageInsight.ImageEncoder.davit_v1][INFO] - => init blocks.2.4.spatial_block.ffn.fn.net.fc2.weight from pretrained state dict
[2026-01-07 13:17:11,567][MedImageInsight.ImageEncoder.davit_v1][INFO] - => init blocks.2.4.spatial_block.ffn.norm.bias from pretrained state dict
[2026-01-07 13:17:11,567][MedImageInsight.ImageEncoder.davit_v1][INFO] - => init blocks.2.4.spatial_block.ffn.norm.weight from pretrained state dict
[2026-01-07 13:17:11,567][MedImageInsight.ImageEncoder.davit_v1][INFO] - => init blocks.2.4.spatial_block.window_attn.fn.proj.bias from pretrained state dict
[2026-01-07 13:17:11,567][MedImageInsight.ImageEncoder.davit_v1][INFO] - => init blocks.2.4.spatial_block.window_attn.fn.proj.weight from pretrained state dict
[2026-01-07 13:17:11,567][MedImageInsight.ImageEncoder.davit_v1][INFO] - => init blocks.2.4.spatial_block.window_attn.fn.qkv.bias from pretrained state dict
[2026-01-07 13:17:11,567][MedImageInsight.ImageEncoder.davit_v1][INFO] - => init blocks.2.4.spatial_block.window_attn.fn.qkv.weight from pretrained state dict
[2026-01-07 13:17:11,567][MedImageInsight.ImageEncoder.davit_v1][INFO] - => init blocks.2.4.spatial_block.window_attn.norm.bias from pretrained state dict
[2026-01-07 13:17:11,567][MedImageInsight.ImageEncoder.davit_v1][INFO] - => init blocks.2.4.spatial_block.window_attn.norm.weight from pretrained state dict
[2026-01-07 13:17:11,567][MedImageInsight.ImageEncoder.davit_v1][INFO] - => init blocks.2.5.channel_block.channel_attn.fn.proj.bias from pretrained state dict
[2026-01-07 13:17:11,567][MedImageInsight.ImageEncoder.davit_v1][INFO] - => init blocks.2.5.channel_block.channel_attn.fn.proj.weight from pretrained state dict
[2026-01-07 13:17:11,567][MedImageInsight.ImageEncoder.davit_v1][INFO] - => init blocks.2.5.channel_block.channel_attn.fn.qkv.bias from pretrained state dict
[2026-01-07 13:17:11,567][MedImageInsight.ImageEncoder.davit_v1][INFO] - => init blocks.2.5.channel_block.channel_attn.fn.qkv.weight from pretrained state dict
[2026-01-07 13:17:11,567][MedImageInsight.ImageEncoder.davit_v1][INFO] - => init blocks.2.5.channel_block.channel_attn.norm.bias from pretrained state dict
[2026-01-07 13:17:11,567][MedImageInsight.ImageEncoder.davit_v1][INFO] - => init blocks.2.5.channel_block.channel_attn.norm.weight from pretrained state dict
[2026-01-07 13:17:11,567][MedImageInsight.ImageEncoder.davit_v1][INFO] - => init blocks.2.5.channel_block.conv1.fn.dw.bias from pretrained state dict
[2026-01-07 13:17:11,567][MedImageInsight.ImageEncoder.davit_v1][INFO] - => init blocks.2.5.channel_block.conv1.fn.dw.weight from pretrained state dict
[2026-01-07 13:17:11,567][MedImageInsight.ImageEncoder.davit_v1][INFO] - => init blocks.2.5.channel_block.conv2.fn.dw.bias from pretrained state dict
[2026-01-07 13:17:11,567][MedImageInsight.ImageEncoder.davit_v1][INFO] - => init blocks.2.5.channel_block.conv2.fn.dw.weight from pretrained state dict
[2026-01-07 13:17:11,567][MedImageInsight.ImageEncoder.davit_v1][INFO] - => init blocks.2.5.channel_block.ffn.fn.net.fc1.bias from pretrained state dict
[2026-01-07 13:17:11,567][MedImageInsight.ImageEncoder.davit_v1][INFO] - => init blocks.2.5.channel_block.ffn.fn.net.fc1.weight from pretrained state dict
[2026-01-07 13:17:11,568][MedImageInsight.ImageEncoder.davit_v1][INFO] - => init blocks.2.5.channel_block.ffn.fn.net.fc2.bias from pretrained state dict
[2026-01-07 13:17:11,568][MedImageInsight.ImageEncoder.davit_v1][INFO] - => init blocks.2.5.channel_block.ffn.fn.net.fc2.weight from pretrained state dict
[2026-01-07 13:17:11,568][MedImageInsight.ImageEncoder.davit_v1][INFO] - => init blocks.2.5.channel_block.ffn.norm.bias from pretrained state dict
[2026-01-07 13:17:11,568][MedImageInsight.ImageEncoder.davit_v1][INFO] - => init blocks.2.5.channel_block.ffn.norm.weight from pretrained state dict
[2026-01-07 13:17:11,568][MedImageInsight.ImageEncoder.davit_v1][INFO] - => init blocks.2.5.spatial_block.conv1.fn.dw.bias from pretrained state dict
[2026-01-07 13:17:11,568][MedImageInsight.ImageEncoder.davit_v1][INFO] - => init blocks.2.5.spatial_block.conv1.fn.dw.weight from pretrained state dict
[2026-01-07 13:17:11,568][MedImageInsight.ImageEncoder.davit_v1][INFO] - => init blocks.2.5.spatial_block.conv2.fn.dw.bias from pretrained state dict
[2026-01-07 13:17:11,568][MedImageInsight.ImageEncoder.davit_v1][INFO] - => init blocks.2.5.spatial_block.conv2.fn.dw.weight from pretrained state dict
[2026-01-07 13:17:11,568][MedImageInsight.ImageEncoder.davit_v1][INFO] - => init blocks.2.5.spatial_block.ffn.fn.net.fc1.bias from pretrained state dict
[2026-01-07 13:17:11,568][MedImageInsight.ImageEncoder.davit_v1][INFO] - => init blocks.2.5.spatial_block.ffn.fn.net.fc1.weight from pretrained state dict
[2026-01-07 13:17:11,568][MedImageInsight.ImageEncoder.davit_v1][INFO] - => init blocks.2.5.spatial_block.ffn.fn.net.fc2.bias from pretrained state dict
[2026-01-07 13:17:11,568][MedImageInsight.ImageEncoder.davit_v1][INFO] - => init blocks.2.5.spatial_block.ffn.fn.net.fc2.weight from pretrained state dict
[2026-01-07 13:17:11,568][MedImageInsight.ImageEncoder.davit_v1][INFO] - => init blocks.2.5.spatial_block.ffn.norm.bias from pretrained state dict
[2026-01-07 13:17:11,568][MedImageInsight.ImageEncoder.davit_v1][INFO] - => init blocks.2.5.spatial_block.ffn.norm.weight from pretrained state dict
[2026-01-07 13:17:11,568][MedImageInsight.ImageEncoder.davit_v1][INFO] - => init blocks.2.5.spatial_block.window_attn.fn.proj.bias from pretrained state dict
[2026-01-07 13:17:11,568][MedImageInsight.ImageEncoder.davit_v1][INFO] - => init blocks.2.5.spatial_block.window_attn.fn.proj.weight from pretrained state dict
[2026-01-07 13:17:11,568][MedImageInsight.ImageEncoder.davit_v1][INFO] - => init blocks.2.5.spatial_block.window_attn.fn.qkv.bias from pretrained state dict
[2026-01-07 13:17:11,568][MedImageInsight.ImageEncoder.davit_v1][INFO] - => init blocks.2.5.spatial_block.window_attn.fn.qkv.weight from pretrained state dict
[2026-01-07 13:17:11,568][MedImageInsight.ImageEncoder.davit_v1][INFO] - => init blocks.2.5.spatial_block.window_attn.norm.bias from pretrained state dict
[2026-01-07 13:17:11,568][MedImageInsight.ImageEncoder.davit_v1][INFO] - => init blocks.2.5.spatial_block.window_attn.norm.weight from pretrained state dict
[2026-01-07 13:17:11,568][MedImageInsight.ImageEncoder.davit_v1][INFO] - => init blocks.2.6.channel_block.channel_attn.fn.proj.bias from pretrained state dict
[2026-01-07 13:17:11,568][MedImageInsight.ImageEncoder.davit_v1][INFO] - => init blocks.2.6.channel_block.channel_attn.fn.proj.weight from pretrained state dict
[2026-01-07 13:17:11,568][MedImageInsight.ImageEncoder.davit_v1][INFO] - => init blocks.2.6.channel_block.channel_attn.fn.qkv.bias from pretrained state dict
[2026-01-07 13:17:11,568][MedImageInsight.ImageEncoder.davit_v1][INFO] - => init blocks.2.6.channel_block.channel_attn.fn.qkv.weight from pretrained state dict
[2026-01-07 13:17:11,568][MedImageInsight.ImageEncoder.davit_v1][INFO] - => init blocks.2.6.channel_block.channel_attn.norm.bias from pretrained state dict
[2026-01-07 13:17:11,568][MedImageInsight.ImageEncoder.davit_v1][INFO] - => init blocks.2.6.channel_block.channel_attn.norm.weight from pretrained state dict
[2026-01-07 13:17:11,568][MedImageInsight.ImageEncoder.davit_v1][INFO] - => init blocks.2.6.channel_block.conv1.fn.dw.bias from pretrained state dict
[2026-01-07 13:17:11,568][MedImageInsight.ImageEncoder.davit_v1][INFO] - => init blocks.2.6.channel_block.conv1.fn.dw.weight from pretrained state dict
[2026-01-07 13:17:11,568][MedImageInsight.ImageEncoder.davit_v1][INFO] - => init blocks.2.6.channel_block.conv2.fn.dw.bias from pretrained state dict
[2026-01-07 13:17:11,568][MedImageInsight.ImageEncoder.davit_v1][INFO] - => init blocks.2.6.channel_block.conv2.fn.dw.weight from pretrained state dict
[2026-01-07 13:17:11,568][MedImageInsight.ImageEncoder.davit_v1][INFO] - => init blocks.2.6.channel_block.ffn.fn.net.fc1.bias from pretrained state dict
[2026-01-07 13:17:11,568][MedImageInsight.ImageEncoder.davit_v1][INFO] - => init blocks.2.6.channel_block.ffn.fn.net.fc1.weight from pretrained state dict
[2026-01-07 13:17:11,568][MedImageInsight.ImageEncoder.davit_v1][INFO] - => init blocks.2.6.channel_block.ffn.fn.net.fc2.bias from pretrained state dict
[2026-01-07 13:17:11,568][MedImageInsight.ImageEncoder.davit_v1][INFO] - => init blocks.2.6.channel_block.ffn.fn.net.fc2.weight from pretrained state dict
[2026-01-07 13:17:11,568][MedImageInsight.ImageEncoder.davit_v1][INFO] - => init blocks.2.6.channel_block.ffn.norm.bias from pretrained state dict
[2026-01-07 13:17:11,568][MedImageInsight.ImageEncoder.davit_v1][INFO] - => init blocks.2.6.channel_block.ffn.norm.weight from pretrained state dict
[2026-01-07 13:17:11,569][MedImageInsight.ImageEncoder.davit_v1][INFO] - => init blocks.2.6.spatial_block.conv1.fn.dw.bias from pretrained state dict
[2026-01-07 13:17:11,569][MedImageInsight.ImageEncoder.davit_v1][INFO] - => init blocks.2.6.spatial_block.conv1.fn.dw.weight from pretrained state dict
[2026-01-07 13:17:11,569][MedImageInsight.ImageEncoder.davit_v1][INFO] - => init blocks.2.6.spatial_block.conv2.fn.dw.bias from pretrained state dict
[2026-01-07 13:17:11,569][MedImageInsight.ImageEncoder.davit_v1][INFO] - => init blocks.2.6.spatial_block.conv2.fn.dw.weight from pretrained state dict
[2026-01-07 13:17:11,569][MedImageInsight.ImageEncoder.davit_v1][INFO] - => init blocks.2.6.spatial_block.ffn.fn.net.fc1.bias from pretrained state dict
[2026-01-07 13:17:11,569][MedImageInsight.ImageEncoder.davit_v1][INFO] - => init blocks.2.6.spatial_block.ffn.fn.net.fc1.weight from pretrained state dict
[2026-01-07 13:17:11,569][MedImageInsight.ImageEncoder.davit_v1][INFO] - => init blocks.2.6.spatial_block.ffn.fn.net.fc2.bias from pretrained state dict
[2026-01-07 13:17:11,569][MedImageInsight.ImageEncoder.davit_v1][INFO] - => init blocks.2.6.spatial_block.ffn.fn.net.fc2.weight from pretrained state dict
[2026-01-07 13:17:11,569][MedImageInsight.ImageEncoder.davit_v1][INFO] - => init blocks.2.6.spatial_block.ffn.norm.bias from pretrained state dict
[2026-01-07 13:17:11,569][MedImageInsight.ImageEncoder.davit_v1][INFO] - => init blocks.2.6.spatial_block.ffn.norm.weight from pretrained state dict
[2026-01-07 13:17:11,569][MedImageInsight.ImageEncoder.davit_v1][INFO] - => init blocks.2.6.spatial_block.window_attn.fn.proj.bias from pretrained state dict
[2026-01-07 13:17:11,569][MedImageInsight.ImageEncoder.davit_v1][INFO] - => init blocks.2.6.spatial_block.window_attn.fn.proj.weight from pretrained state dict
[2026-01-07 13:17:11,569][MedImageInsight.ImageEncoder.davit_v1][INFO] - => init blocks.2.6.spatial_block.window_attn.fn.qkv.bias from pretrained state dict
[2026-01-07 13:17:11,569][MedImageInsight.ImageEncoder.davit_v1][INFO] - => init blocks.2.6.spatial_block.window_attn.fn.qkv.weight from pretrained state dict
[2026-01-07 13:17:11,569][MedImageInsight.ImageEncoder.davit_v1][INFO] - => init blocks.2.6.spatial_block.window_attn.norm.bias from pretrained state dict
[2026-01-07 13:17:11,569][MedImageInsight.ImageEncoder.davit_v1][INFO] - => init blocks.2.6.spatial_block.window_attn.norm.weight from pretrained state dict
[2026-01-07 13:17:11,569][MedImageInsight.ImageEncoder.davit_v1][INFO] - => init blocks.2.7.channel_block.channel_attn.fn.proj.bias from pretrained state dict
[2026-01-07 13:17:11,569][MedImageInsight.ImageEncoder.davit_v1][INFO] - => init blocks.2.7.channel_block.channel_attn.fn.proj.weight from pretrained state dict
[2026-01-07 13:17:11,569][MedImageInsight.ImageEncoder.davit_v1][INFO] - => init blocks.2.7.channel_block.channel_attn.fn.qkv.bias from pretrained state dict
[2026-01-07 13:17:11,569][MedImageInsight.ImageEncoder.davit_v1][INFO] - => init blocks.2.7.channel_block.channel_attn.fn.qkv.weight from pretrained state dict
[2026-01-07 13:17:11,569][MedImageInsight.ImageEncoder.davit_v1][INFO] - => init blocks.2.7.channel_block.channel_attn.norm.bias from pretrained state dict
[2026-01-07 13:17:11,569][MedImageInsight.ImageEncoder.davit_v1][INFO] - => init blocks.2.7.channel_block.channel_attn.norm.weight from pretrained state dict
[2026-01-07 13:17:11,569][MedImageInsight.ImageEncoder.davit_v1][INFO] - => init blocks.2.7.channel_block.conv1.fn.dw.bias from pretrained state dict
[2026-01-07 13:17:11,569][MedImageInsight.ImageEncoder.davit_v1][INFO] - => init blocks.2.7.channel_block.conv1.fn.dw.weight from pretrained state dict
[2026-01-07 13:17:11,569][MedImageInsight.ImageEncoder.davit_v1][INFO] - => init blocks.2.7.channel_block.conv2.fn.dw.bias from pretrained state dict
[2026-01-07 13:17:11,569][MedImageInsight.ImageEncoder.davit_v1][INFO] - => init blocks.2.7.channel_block.conv2.fn.dw.weight from pretrained state dict
[2026-01-07 13:17:11,569][MedImageInsight.ImageEncoder.davit_v1][INFO] - => init blocks.2.7.channel_block.ffn.fn.net.fc1.bias from pretrained state dict
[2026-01-07 13:17:11,569][MedImageInsight.ImageEncoder.davit_v1][INFO] - => init blocks.2.7.channel_block.ffn.fn.net.fc1.weight from pretrained state dict
[2026-01-07 13:17:11,569][MedImageInsight.ImageEncoder.davit_v1][INFO] - => init blocks.2.7.channel_block.ffn.fn.net.fc2.bias from pretrained state dict
[2026-01-07 13:17:11,569][MedImageInsight.ImageEncoder.davit_v1][INFO] - => init blocks.2.7.channel_block.ffn.fn.net.fc2.weight from pretrained state dict
[2026-01-07 13:17:11,569][MedImageInsight.ImageEncoder.davit_v1][INFO] - => init blocks.2.7.channel_block.ffn.norm.bias from pretrained state dict
[2026-01-07 13:17:11,569][MedImageInsight.ImageEncoder.davit_v1][INFO] - => init blocks.2.7.channel_block.ffn.norm.weight from pretrained state dict
[2026-01-07 13:17:11,569][MedImageInsight.ImageEncoder.davit_v1][INFO] - => init blocks.2.7.spatial_block.conv1.fn.dw.bias from pretrained state dict
[2026-01-07 13:17:11,569][MedImageInsight.ImageEncoder.davit_v1][INFO] - => init blocks.2.7.spatial_block.conv1.fn.dw.weight from pretrained state dict
[2026-01-07 13:17:11,569][MedImageInsight.ImageEncoder.davit_v1][INFO] - => init blocks.2.7.spatial_block.conv2.fn.dw.bias from pretrained state dict
[2026-01-07 13:17:11,570][MedImageInsight.ImageEncoder.davit_v1][INFO] - => init blocks.2.7.spatial_block.conv2.fn.dw.weight from pretrained state dict
[2026-01-07 13:17:11,570][MedImageInsight.ImageEncoder.davit_v1][INFO] - => init blocks.2.7.spatial_block.ffn.fn.net.fc1.bias from pretrained state dict
[2026-01-07 13:17:11,570][MedImageInsight.ImageEncoder.davit_v1][INFO] - => init blocks.2.7.spatial_block.ffn.fn.net.fc1.weight from pretrained state dict
[2026-01-07 13:17:11,570][MedImageInsight.ImageEncoder.davit_v1][INFO] - => init blocks.2.7.spatial_block.ffn.fn.net.fc2.bias from pretrained state dict
[2026-01-07 13:17:11,570][MedImageInsight.ImageEncoder.davit_v1][INFO] - => init blocks.2.7.spatial_block.ffn.fn.net.fc2.weight from pretrained state dict
[2026-01-07 13:17:11,570][MedImageInsight.ImageEncoder.davit_v1][INFO] - => init blocks.2.7.spatial_block.ffn.norm.bias from pretrained state dict
[2026-01-07 13:17:11,570][MedImageInsight.ImageEncoder.davit_v1][INFO] - => init blocks.2.7.spatial_block.ffn.norm.weight from pretrained state dict
[2026-01-07 13:17:11,570][MedImageInsight.ImageEncoder.davit_v1][INFO] - => init blocks.2.7.spatial_block.window_attn.fn.proj.bias from pretrained state dict
[2026-01-07 13:17:11,570][MedImageInsight.ImageEncoder.davit_v1][INFO] - => init blocks.2.7.spatial_block.window_attn.fn.proj.weight from pretrained state dict
[2026-01-07 13:17:11,570][MedImageInsight.ImageEncoder.davit_v1][INFO] - => init blocks.2.7.spatial_block.window_attn.fn.qkv.bias from pretrained state dict
[2026-01-07 13:17:11,570][MedImageInsight.ImageEncoder.davit_v1][INFO] - => init blocks.2.7.spatial_block.window_attn.fn.qkv.weight from pretrained state dict
[2026-01-07 13:17:11,570][MedImageInsight.ImageEncoder.davit_v1][INFO] - => init blocks.2.7.spatial_block.window_attn.norm.bias from pretrained state dict
[2026-01-07 13:17:11,570][MedImageInsight.ImageEncoder.davit_v1][INFO] - => init blocks.2.7.spatial_block.window_attn.norm.weight from pretrained state dict
[2026-01-07 13:17:11,570][MedImageInsight.ImageEncoder.davit_v1][INFO] - => init blocks.2.8.channel_block.channel_attn.fn.proj.bias from pretrained state dict
[2026-01-07 13:17:11,570][MedImageInsight.ImageEncoder.davit_v1][INFO] - => init blocks.2.8.channel_block.channel_attn.fn.proj.weight from pretrained state dict
[2026-01-07 13:17:11,570][MedImageInsight.ImageEncoder.davit_v1][INFO] - => init blocks.2.8.channel_block.channel_attn.fn.qkv.bias from pretrained state dict
[2026-01-07 13:17:11,570][MedImageInsight.ImageEncoder.davit_v1][INFO] - => init blocks.2.8.channel_block.channel_attn.fn.qkv.weight from pretrained state dict
[2026-01-07 13:17:11,570][MedImageInsight.ImageEncoder.davit_v1][INFO] - => init blocks.2.8.channel_block.channel_attn.norm.bias from pretrained state dict
[2026-01-07 13:17:11,570][MedImageInsight.ImageEncoder.davit_v1][INFO] - => init blocks.2.8.channel_block.channel_attn.norm.weight from pretrained state dict
[2026-01-07 13:17:11,570][MedImageInsight.ImageEncoder.davit_v1][INFO] - => init blocks.2.8.channel_block.conv1.fn.dw.bias from pretrained state dict
[2026-01-07 13:17:11,570][MedImageInsight.ImageEncoder.davit_v1][INFO] - => init blocks.2.8.channel_block.conv1.fn.dw.weight from pretrained state dict
[2026-01-07 13:17:11,570][MedImageInsight.ImageEncoder.davit_v1][INFO] - => init blocks.2.8.channel_block.conv2.fn.dw.bias from pretrained state dict
[2026-01-07 13:17:11,570][MedImageInsight.ImageEncoder.davit_v1][INFO] - => init blocks.2.8.channel_block.conv2.fn.dw.weight from pretrained state dict
[2026-01-07 13:17:11,570][MedImageInsight.ImageEncoder.davit_v1][INFO] - => init blocks.2.8.channel_block.ffn.fn.net.fc1.bias from pretrained state dict
[2026-01-07 13:17:11,570][MedImageInsight.ImageEncoder.davit_v1][INFO] - => init blocks.2.8.channel_block.ffn.fn.net.fc1.weight from pretrained state dict
[2026-01-07 13:17:11,570][MedImageInsight.ImageEncoder.davit_v1][INFO] - => init blocks.2.8.channel_block.ffn.fn.net.fc2.bias from pretrained state dict
[2026-01-07 13:17:11,570][MedImageInsight.ImageEncoder.davit_v1][INFO] - => init blocks.2.8.channel_block.ffn.fn.net.fc2.weight from pretrained state dict
[2026-01-07 13:17:11,570][MedImageInsight.ImageEncoder.davit_v1][INFO] - => init blocks.2.8.channel_block.ffn.norm.bias from pretrained state dict
[2026-01-07 13:17:11,570][MedImageInsight.ImageEncoder.davit_v1][INFO] - => init blocks.2.8.channel_block.ffn.norm.weight from pretrained state dict
[2026-01-07 13:17:11,570][MedImageInsight.ImageEncoder.davit_v1][INFO] - => init blocks.2.8.spatial_block.conv1.fn.dw.bias from pretrained state dict
[2026-01-07 13:17:11,570][MedImageInsight.ImageEncoder.davit_v1][INFO] - => init blocks.2.8.spatial_block.conv1.fn.dw.weight from pretrained state dict
[2026-01-07 13:17:11,570][MedImageInsight.ImageEncoder.davit_v1][INFO] - => init blocks.2.8.spatial_block.conv2.fn.dw.bias from pretrained state dict
[2026-01-07 13:17:11,570][MedImageInsight.ImageEncoder.davit_v1][INFO] - => init blocks.2.8.spatial_block.conv2.fn.dw.weight from pretrained state dict
[2026-01-07 13:17:11,570][MedImageInsight.ImageEncoder.davit_v1][INFO] - => init blocks.2.8.spatial_block.ffn.fn.net.fc1.bias from pretrained state dict
[2026-01-07 13:17:11,570][MedImageInsight.ImageEncoder.davit_v1][INFO] - => init blocks.2.8.spatial_block.ffn.fn.net.fc1.weight from pretrained state dict
[2026-01-07 13:17:11,571][MedImageInsight.ImageEncoder.davit_v1][INFO] - => init blocks.2.8.spatial_block.ffn.fn.net.fc2.bias from pretrained state dict
[2026-01-07 13:17:11,571][MedImageInsight.ImageEncoder.davit_v1][INFO] - => init blocks.2.8.spatial_block.ffn.fn.net.fc2.weight from pretrained state dict
[2026-01-07 13:17:11,571][MedImageInsight.ImageEncoder.davit_v1][INFO] - => init blocks.2.8.spatial_block.ffn.norm.bias from pretrained state dict
[2026-01-07 13:17:11,571][MedImageInsight.ImageEncoder.davit_v1][INFO] - => init blocks.2.8.spatial_block.ffn.norm.weight from pretrained state dict
[2026-01-07 13:17:11,571][MedImageInsight.ImageEncoder.davit_v1][INFO] - => init blocks.2.8.spatial_block.window_attn.fn.proj.bias from pretrained state dict
[2026-01-07 13:17:11,571][MedImageInsight.ImageEncoder.davit_v1][INFO] - => init blocks.2.8.spatial_block.window_attn.fn.proj.weight from pretrained state dict
[2026-01-07 13:17:11,571][MedImageInsight.ImageEncoder.davit_v1][INFO] - => init blocks.2.8.spatial_block.window_attn.fn.qkv.bias from pretrained state dict
[2026-01-07 13:17:11,571][MedImageInsight.ImageEncoder.davit_v1][INFO] - => init blocks.2.8.spatial_block.window_attn.fn.qkv.weight from pretrained state dict
[2026-01-07 13:17:11,571][MedImageInsight.ImageEncoder.davit_v1][INFO] - => init blocks.2.8.spatial_block.window_attn.norm.bias from pretrained state dict
[2026-01-07 13:17:11,571][MedImageInsight.ImageEncoder.davit_v1][INFO] - => init blocks.2.8.spatial_block.window_attn.norm.weight from pretrained state dict
[2026-01-07 13:17:11,571][MedImageInsight.ImageEncoder.davit_v1][INFO] - => init blocks.3.0.channel_block.channel_attn.fn.proj.bias from pretrained state dict
[2026-01-07 13:17:11,571][MedImageInsight.ImageEncoder.davit_v1][INFO] - => init blocks.3.0.channel_block.channel_attn.fn.proj.weight from pretrained state dict
[2026-01-07 13:17:11,571][MedImageInsight.ImageEncoder.davit_v1][INFO] - => init blocks.3.0.channel_block.channel_attn.fn.qkv.bias from pretrained state dict
[2026-01-07 13:17:11,571][MedImageInsight.ImageEncoder.davit_v1][INFO] - => init blocks.3.0.channel_block.channel_attn.fn.qkv.weight from pretrained state dict
[2026-01-07 13:17:11,571][MedImageInsight.ImageEncoder.davit_v1][INFO] - => init blocks.3.0.channel_block.channel_attn.norm.bias from pretrained state dict
[2026-01-07 13:17:11,571][MedImageInsight.ImageEncoder.davit_v1][INFO] - => init blocks.3.0.channel_block.channel_attn.norm.weight from pretrained state dict
[2026-01-07 13:17:11,571][MedImageInsight.ImageEncoder.davit_v1][INFO] - => init blocks.3.0.channel_block.conv1.fn.dw.bias from pretrained state dict
[2026-01-07 13:17:11,571][MedImageInsight.ImageEncoder.davit_v1][INFO] - => init blocks.3.0.channel_block.conv1.fn.dw.weight from pretrained state dict
[2026-01-07 13:17:11,571][MedImageInsight.ImageEncoder.davit_v1][INFO] - => init blocks.3.0.channel_block.conv2.fn.dw.bias from pretrained state dict
[2026-01-07 13:17:11,571][MedImageInsight.ImageEncoder.davit_v1][INFO] - => init blocks.3.0.channel_block.conv2.fn.dw.weight from pretrained state dict
[2026-01-07 13:17:11,571][MedImageInsight.ImageEncoder.davit_v1][INFO] - => init blocks.3.0.channel_block.ffn.fn.net.fc1.bias from pretrained state dict
[2026-01-07 13:17:11,571][MedImageInsight.ImageEncoder.davit_v1][INFO] - => init blocks.3.0.channel_block.ffn.fn.net.fc1.weight from pretrained state dict
[2026-01-07 13:17:11,571][MedImageInsight.ImageEncoder.davit_v1][INFO] - => init blocks.3.0.channel_block.ffn.fn.net.fc2.bias from pretrained state dict
[2026-01-07 13:17:11,571][MedImageInsight.ImageEncoder.davit_v1][INFO] - => init blocks.3.0.channel_block.ffn.fn.net.fc2.weight from pretrained state dict
[2026-01-07 13:17:11,571][MedImageInsight.ImageEncoder.davit_v1][INFO] - => init blocks.3.0.channel_block.ffn.norm.bias from pretrained state dict
[2026-01-07 13:17:11,571][MedImageInsight.ImageEncoder.davit_v1][INFO] - => init blocks.3.0.channel_block.ffn.norm.weight from pretrained state dict
[2026-01-07 13:17:11,571][MedImageInsight.ImageEncoder.davit_v1][INFO] - => init blocks.3.0.spatial_block.conv1.fn.dw.bias from pretrained state dict
[2026-01-07 13:17:11,571][MedImageInsight.ImageEncoder.davit_v1][INFO] - => init blocks.3.0.spatial_block.conv1.fn.dw.weight from pretrained state dict
[2026-01-07 13:17:11,571][MedImageInsight.ImageEncoder.davit_v1][INFO] - => init blocks.3.0.spatial_block.conv2.fn.dw.bias from pretrained state dict
[2026-01-07 13:17:11,571][MedImageInsight.ImageEncoder.davit_v1][INFO] - => init blocks.3.0.spatial_block.conv2.fn.dw.weight from pretrained state dict
[2026-01-07 13:17:11,571][MedImageInsight.ImageEncoder.davit_v1][INFO] - => init blocks.3.0.spatial_block.ffn.fn.net.fc1.bias from pretrained state dict
[2026-01-07 13:17:11,571][MedImageInsight.ImageEncoder.davit_v1][INFO] - => init blocks.3.0.spatial_block.ffn.fn.net.fc1.weight from pretrained state dict
[2026-01-07 13:17:11,571][MedImageInsight.ImageEncoder.davit_v1][INFO] - => init blocks.3.0.spatial_block.ffn.fn.net.fc2.bias from pretrained state dict
[2026-01-07 13:17:11,571][MedImageInsight.ImageEncoder.davit_v1][INFO] - => init blocks.3.0.spatial_block.ffn.fn.net.fc2.weight from pretrained state dict
[2026-01-07 13:17:11,571][MedImageInsight.ImageEncoder.davit_v1][INFO] - => init blocks.3.0.spatial_block.ffn.norm.bias from pretrained state dict
[2026-01-07 13:17:11,572][MedImageInsight.ImageEncoder.davit_v1][INFO] - => init blocks.3.0.spatial_block.ffn.norm.weight from pretrained state dict
[2026-01-07 13:17:11,572][MedImageInsight.ImageEncoder.davit_v1][INFO] - => init blocks.3.0.spatial_block.window_attn.fn.proj.bias from pretrained state dict
[2026-01-07 13:17:11,572][MedImageInsight.ImageEncoder.davit_v1][INFO] - => init blocks.3.0.spatial_block.window_attn.fn.proj.weight from pretrained state dict
[2026-01-07 13:17:11,572][MedImageInsight.ImageEncoder.davit_v1][INFO] - => init blocks.3.0.spatial_block.window_attn.fn.qkv.bias from pretrained state dict
[2026-01-07 13:17:11,572][MedImageInsight.ImageEncoder.davit_v1][INFO] - => init blocks.3.0.spatial_block.window_attn.fn.qkv.weight from pretrained state dict
[2026-01-07 13:17:11,572][MedImageInsight.ImageEncoder.davit_v1][INFO] - => init blocks.3.0.spatial_block.window_attn.norm.bias from pretrained state dict
[2026-01-07 13:17:11,572][MedImageInsight.ImageEncoder.davit_v1][INFO] - => init blocks.3.0.spatial_block.window_attn.norm.weight from pretrained state dict
[2026-01-07 13:17:11,572][MedImageInsight.ImageEncoder.davit_v1][INFO] - => init convs.0.norm.bias from pretrained state dict
[2026-01-07 13:17:11,572][MedImageInsight.ImageEncoder.davit_v1][INFO] - => init convs.0.norm.weight from pretrained state dict
[2026-01-07 13:17:11,572][MedImageInsight.ImageEncoder.davit_v1][INFO] - => init convs.0.proj.bias from pretrained state dict
[2026-01-07 13:17:11,572][MedImageInsight.ImageEncoder.davit_v1][INFO] - => init convs.0.proj.weight from pretrained state dict
[2026-01-07 13:17:11,572][MedImageInsight.ImageEncoder.davit_v1][INFO] - => init convs.1.norm.bias from pretrained state dict
[2026-01-07 13:17:11,572][MedImageInsight.ImageEncoder.davit_v1][INFO] - => init convs.1.norm.weight from pretrained state dict
[2026-01-07 13:17:11,572][MedImageInsight.ImageEncoder.davit_v1][INFO] - => init convs.1.proj.bias from pretrained state dict
[2026-01-07 13:17:11,572][MedImageInsight.ImageEncoder.davit_v1][INFO] - => init convs.1.proj.weight from pretrained state dict
[2026-01-07 13:17:11,572][MedImageInsight.ImageEncoder.davit_v1][INFO] - => init convs.2.norm.bias from pretrained state dict
[2026-01-07 13:17:11,572][MedImageInsight.ImageEncoder.davit_v1][INFO] - => init convs.2.norm.weight from pretrained state dict
[2026-01-07 13:17:11,572][MedImageInsight.ImageEncoder.davit_v1][INFO] - => init convs.2.proj.bias from pretrained state dict
[2026-01-07 13:17:11,572][MedImageInsight.ImageEncoder.davit_v1][INFO] - => init convs.2.proj.weight from pretrained state dict
[2026-01-07 13:17:11,572][MedImageInsight.ImageEncoder.davit_v1][INFO] - => init convs.3.norm.bias from pretrained state dict
[2026-01-07 13:17:11,572][MedImageInsight.ImageEncoder.davit_v1][INFO] - => init convs.3.norm.weight from pretrained state dict
[2026-01-07 13:17:11,572][MedImageInsight.ImageEncoder.davit_v1][INFO] - => init convs.3.proj.bias from pretrained state dict
[2026-01-07 13:17:11,572][MedImageInsight.ImageEncoder.davit_v1][INFO] - => init convs.3.proj.weight from pretrained state dict
[2026-01-07 13:17:11,572][MedImageInsight.ImageEncoder.davit_v1][INFO] - => init norms.bias from pretrained state dict
[2026-01-07 13:17:11,572][MedImageInsight.ImageEncoder.davit_v1][INFO] - => init norms.weight from pretrained state dict
Ignored unknown kwarg option special
Ignored unknown kwarg option special
Ignored unknown kwarg option special
Ignored unknown kwarg option special
Ignored unknown kwarg option special
Ignored unknown kwarg option special
Model loaded successfully on device: cuda
Index(['pid', 'study_yr', '5y', 'fup_days', 'reversed',
       'sct_slice_final_mapped'],
      dtype='object')
Index(['pid', 'study_yr', '5y', 'fup_days', 'reversed',
       'sct_slice_final_mapped', 'file_path'],
      dtype='object')
Index(['pid', 'study_yr', '5y', 'fup_days', 'reversed',
       'sct_slice_final_mapped', 'file_path'],
      dtype='object')
      pid  study_yr  label  fup_days reversed  sct_slice_num                                                                                                                 path
0  100012         1      0  0.879756     True          120.0  /nas-ctm01/datasets/public/medical_datasets/lung_ct_datasets/nlst/preprocessed_data/protocol_5/2d/lung/100012_1.npy
1  100147         1      0  0.854989    False          122.0  /nas-ctm01/datasets/public/medical_datasets/lung_ct_datasets/nlst/preprocessed_data/protocol_5/2d/lung/100147_1.npy
2  100158         2      0  0.794688     True          101.0  /nas-ctm01/datasets/public/medical_datasets/lung_ct_datasets/nlst/preprocessed_data/protocol_5/2d/lung/100158_2.npy
3  100242         0      0  0.932879     True          134.0  /nas-ctm01/datasets/public/medical_datasets/lung_ct_datasets/nlst/preprocessed_data/protocol_5/2d/lung/100242_0.npy
4  100280         1      0  0.910983     True           83.0  /nas-ctm01/datasets/public/medical_datasets/lung_ct_datasets/nlst/preprocessed_data/protocol_5/2d/lung/100280_1.npy

✅ Saved split assignments to 'clinical_metadata_with_splits.csv'

Using WeightedRandomSampler for train subset
Data Aug
Original shape: 213, New Shape: 320

Using WeightedRandomSampler for train subset
Data Aug
Original shape: 213, New Shape: 320

Using WeightedRandomSampler for train subset
Data Aug
Original shape: 214, New Shape: 320

✅ Set train dataloaders with 3 folds
  - Fold 1: 320 samples
    Label distribution: {0: 160, 1: 160}
    Batch label distribution: {0.0: 15, 1.0: 17}
    Batch label distribution: {0.0: 20, 1.0: 12}
    Batch label distribution: {0.0: 14, 1.0: 18}
    Batch label distribution: {0.0: 15, 1.0: 17}
    Batch label distribution: {0.0: 14, 1.0: 18}
    Batch label distribution: {0.0: 12, 1.0: 20}
    Batch label distribution: {0.0: 10, 1.0: 11}
  - Fold 2: 320 samples
    Label distribution: {0: 160, 1: 160}
    Batch label distribution: {0.0: 13, 1.0: 19}
    Batch label distribution: {0.0: 14, 1.0: 18}
    Batch label distribution: {0.0: 16, 1.0: 16}
    Batch label distribution: {0.0: 13, 1.0: 19}
    Batch label distribution: {0.0: 13, 1.0: 19}
    Batch label distribution: {0.0: 15, 1.0: 17}
    Batch label distribution: {0.0: 8, 1.0: 13}
  - Fold 3: 320 samples
    Label distribution: {0: 160, 1: 160}
    Batch label distribution: {0.0: 16, 1.0: 16}
    Batch label distribution: {0.0: 18, 1.0: 14}
    Batch label distribution: {0.0: 16, 1.0: 16}
    Batch label distribution: {0.0: 16, 1.0: 16}
    Batch label distribution: {0.0: 16, 1.0: 16}
    Batch label distribution: {0.0: 15, 1.0: 17}
    Batch label distribution: {0.0: 11, 1.0: 11}

Using WeightedRandomSampler for validation subset

Using WeightedRandomSampler for validation subset

Using WeightedRandomSampler for validation subset

✅ Set validation dataloaders with 3 folds
  - Fold 1: 107 samples
    Label distribution: {0: 80, 1: 27}
    Batch label distribution: {0.0: 24, 1.0: 8}
    Batch label distribution: {0.0: 27, 1.0: 5}
    Batch label distribution: {0.0: 23, 1.0: 9}
    Batch label distribution: {0.0: 6, 1.0: 5}
  - Fold 2: 107 samples
    Label distribution: {0: 80, 1: 27}
    Batch label distribution: {0.0: 25, 1.0: 7}
    Batch label distribution: {0.0: 23, 1.0: 9}
    Batch label distribution: {0.0: 23, 1.0: 9}
    Batch label distribution: {0.0: 9, 1.0: 2}
  - Fold 3: 106 samples
    Label distribution: {0: 80, 1: 26}
    Batch label distribution: {0.0: 26, 1.0: 6}
    Batch label distribution: {0.0: 26, 1.0: 6}
    Batch label distribution: {0.0: 19, 1.0: 13}
    Batch label distribution: {0.0: 9, 1.0: 1}

Using WeightedRandomSampler for test subset

Using WeightedRandomSampler for test subset

Using WeightedRandomSampler for test subset

✅ Set test dataloaders with 3 folds
  - Fold 1: 80 samples
    Label distribution: {0: 60, 1: 20}
    Batch label distribution: {0.0: 28, 1.0: 4}
    Batch label distribution: {0.0: 22, 1.0: 10}
    Batch label distribution: {0.0: 10, 1.0: 6}
  - Fold 2: 80 samples
    Label distribution: {0: 60, 1: 20}
    Batch label distribution: {0.0: 28, 1.0: 4}
    Batch label distribution: {0.0: 22, 1.0: 10}
    Batch label distribution: {0.0: 10, 1.0: 6}
  - Fold 3: 80 samples
    Label distribution: {0: 60, 1: 20}
    Batch label distribution: {0.0: 28, 1.0: 4}
    Batch label distribution: {0.0: 22, 1.0: 10}
    Batch label distribution: {0.0: 10, 1.0: 6}
Embedding dimension determined: 1024

====================== STARTING FOLD 1/3 ======================
Sanity Checking: |          | 0/? [00:00<?, ?it/s]Sanity Checking:   0%|          | 0/2 [00:00<?, ?it/s]Sanity Checking DataLoader 0:   0%|          | 0/2 [00:00<?, ?it/s]tensor(0.0262, device='cuda:0')
tensor(-0.0282, device='cuda:0')
Sanity Checking DataLoader 0:  50%|█████     | 1/2 [00:02<00:02,  0.37it/s]tensor(0.0268, device='cuda:0')
tensor(-0.0267, device='cuda:0')
Sanity Checking DataLoader 0: 100%|██████████| 2/2 [00:04<00:00,  0.40it/s]
==================================================
Stage: VAL
Predicted class distribution: 0s = 0, 1s = 64
Actual label distribution:    0s = 51, 1s = 13
Actual Imbalance Ratio (0:1): 3.92:1
==================================================
⚠️ Model is predicting only class 1 (minority class). It is ignoring the majority class!
                                                                           Training: |          | 0/? [00:00<?, ?it/s]Training:   0%|          | 0/7 [00:00<?, ?it/s]Epoch 0:   0%|          | 0/7 [00:00<?, ?it/s] 
[EPOCH 0] First Training Batch Info:
 - Image List Len: 32
 - Event Tensor Shape: torch.Size([32])
 - Time Tensor Shape: torch.Size([32])
event tensor:tensor([False, False,  True,  True,  True, False, False,  True,  True,  True,
        False,  True,  True,  True, False, False, False, False,  True,  True,
        False,  True, False,  True, False,  True,  True, False, False, False,
         True, False], device='cuda:0')
time tensor:tensor([0.7681, 0.9189, 0.4275, 0.4393, 0.5872, 0.9311, 0.7556, 0.4393, 0.1823,
        0.5147, 0.7681, 0.0323, 0.2940, 0.4196, 0.8094, 0.2330, 0.7889, 0.9106,
        0.4006, 0.1662, 0.8643, 0.1088, 0.8744, 0.4393, 0.8754, 0.2261, 0.5714,
        0.9311, 0.6960, 0.8643, 0.1296, 0.8816], device='cuda:0')
tensor(0.4968, device='cuda:0', grad_fn=<MaxBackward1>)
tensor(-0.3461, device='cuda:0', grad_fn=<MinBackward1>)
Epoch 0:  14%|█▍        | 1/7 [00:02<00:15,  0.39it/s]Epoch 0:  14%|█▍        | 1/7 [00:02<00:15,  0.39it/s, v_num=y94l]tensor(0.3834, device='cuda:0', grad_fn=<MaxBackward1>)
tensor(-0.2062, device='cuda:0', grad_fn=<MinBackward1>)
Epoch 0:  29%|██▊       | 2/7 [00:04<00:12,  0.41it/s, v_num=y94l]Epoch 0:  29%|██▊       | 2/7 [00:04<00:12,  0.41it/s, v_num=y94l]tensor(0.7663, device='cuda:0', grad_fn=<MaxBackward1>)
tensor(-0.3610, device='cuda:0', grad_fn=<MinBackward1>)
Epoch 0:  43%|████▎     | 3/7 [00:07<00:09,  0.42it/s, v_num=y94l]Epoch 0:  43%|████▎     | 3/7 [00:07<00:09,  0.42it/s, v_num=y94l]tensor(0.7997, device='cuda:0', grad_fn=<MaxBackward1>)
tensor(-0.3316, device='cuda:0', grad_fn=<MinBackward1>)
Epoch 0:  57%|█████▋    | 4/7 [00:09<00:07,  0.43it/s, v_num=y94l]Epoch 0:  57%|█████▋    | 4/7 [00:09<00:07,  0.43it/s, v_num=y94l]tensor(0.6244, device='cuda:0', grad_fn=<MaxBackward1>)
tensor(-0.5154, device='cuda:0', grad_fn=<MinBackward1>)
Epoch 0:  71%|███████▏  | 5/7 [00:11<00:04,  0.43it/s, v_num=y94l]Epoch 0:  71%|███████▏  | 5/7 [00:11<00:04,  0.43it/s, v_num=y94l]tensor(0.6268, device='cuda:0', grad_fn=<MaxBackward1>)
tensor(-0.3905, device='cuda:0', grad_fn=<MinBackward1>)
Epoch 0:  86%|████████▌ | 6/7 [00:13<00:02,  0.43it/s, v_num=y94l]Epoch 0:  86%|████████▌ | 6/7 [00:13<00:02,  0.43it/s, v_num=y94l]tensor(0.5760, device='cuda:0', grad_fn=<MaxBackward1>)
tensor(-0.2884, device='cuda:0', grad_fn=<MinBackward1>)
Epoch 0: 100%|██████████| 7/7 [00:15<00:00,  0.46it/s, v_num=y94l]Epoch 0: 100%|██████████| 7/7 [00:15<00:00,  0.46it/s, v_num=y94l]
Validation: |          | 0/? [00:00<?, ?it/s][A
Validation:   0%|          | 0/4 [00:00<?, ?it/s][A
Validation DataLoader 0:   0%|          | 0/4 [00:00<?, ?it/s][Atensor(0.0277, device='cuda:0')
tensor(-0.0284, device='cuda:0')

Validation DataLoader 0:  25%|██▌       | 1/4 [00:02<00:07,  0.41it/s][Atensor(0.0283, device='cuda:0')
tensor(-0.0266, device='cuda:0')

Validation DataLoader 0:  50%|█████     | 2/4 [00:04<00:04,  0.43it/s][Atensor(0.0280, device='cuda:0')
tensor(-0.0275, device='cuda:0')

Validation DataLoader 0:  75%|███████▌  | 3/4 [00:06<00:02,  0.43it/s][Atensor(0.0290, device='cuda:0')
tensor(-0.0268, device='cuda:0')

Validation DataLoader 0: 100%|██████████| 4/4 [00:07<00:00,  0.52it/s][A
==================================================
Stage: VAL
Predicted class distribution: 0s = 0, 1s = 107
Actual label distribution:    0s = 80, 1s = 27
Actual Imbalance Ratio (0:1): 2.96:1
==================================================
⚠️ Model is predicting only class 1 (minority class). It is ignoring the majority class!

                                                                      [AEpoch 0: 100%|██████████| 7/7 [00:23<00:00,  0.29it/s, v_num=y94l, val_loss=0.713]Epoch 0: 100%|██████████| 7/7 [00:23<00:00,  0.29it/s, v_num=y94l, val_loss=0.713]Epoch 0:   0%|          | 0/7 [00:00<?, ?it/s, v_num=y94l, val_loss=0.713]        Epoch 1:   0%|          | 0/7 [00:00<?, ?it/s, v_num=y94l, val_loss=0.713]tensor(0.6465, device='cuda:0', grad_fn=<MaxBackward1>)
tensor(-0.5251, device='cuda:0', grad_fn=<MinBackward1>)
Epoch 1:  14%|█▍        | 1/7 [00:03<00:18,  0.32it/s, v_num=y94l, val_loss=0.713]Epoch 1:  14%|█▍        | 1/7 [00:03<00:19,  0.32it/s, v_num=y94l, val_loss=0.713]tensor(0.3817, device='cuda:0', grad_fn=<MaxBackward1>)
tensor(-0.3209, device='cuda:0', grad_fn=<MinBackward1>)
Epoch 1:  29%|██▊       | 2/7 [00:05<00:13,  0.37it/s, v_num=y94l, val_loss=0.713]Epoch 1:  29%|██▊       | 2/7 [00:05<00:13,  0.37it/s, v_num=y94l, val_loss=0.713]tensor(0.4456, device='cuda:0', grad_fn=<MaxBackward1>)
tensor(-0.2496, device='cuda:0', grad_fn=<MinBackward1>)
Epoch 1:  43%|████▎     | 3/7 [00:07<00:10,  0.39it/s, v_num=y94l, val_loss=0.713]Epoch 1:  43%|████▎     | 3/7 [00:07<00:10,  0.39it/s, v_num=y94l, val_loss=0.713]tensor(0.5562, device='cuda:0', grad_fn=<MaxBackward1>)
tensor(-0.5461, device='cuda:0', grad_fn=<MinBackward1>)
Epoch 1:  57%|█████▋    | 4/7 [00:10<00:07,  0.40it/s, v_num=y94l, val_loss=0.713]Epoch 1:  57%|█████▋    | 4/7 [00:10<00:07,  0.40it/s, v_num=y94l, val_loss=0.713]tensor(0.5709, device='cuda:0', grad_fn=<MaxBackward1>)
tensor(-0.2386, device='cuda:0', grad_fn=<MinBackward1>)
Epoch 1:  71%|███████▏  | 5/7 [00:12<00:04,  0.41it/s, v_num=y94l, val_loss=0.713]Epoch 1:  71%|███████▏  | 5/7 [00:12<00:04,  0.41it/s, v_num=y94l, val_loss=0.713]tensor(0.4623, device='cuda:0', grad_fn=<MaxBackward1>)
tensor(-0.3645, device='cuda:0', grad_fn=<MinBackward1>)
Epoch 1:  86%|████████▌ | 6/7 [00:14<00:02,  0.41it/s, v_num=y94l, val_loss=0.713]Epoch 1:  86%|████████▌ | 6/7 [00:14<00:02,  0.41it/s, v_num=y94l, val_loss=0.713]tensor(0.6620, device='cuda:0', grad_fn=<MaxBackward1>)
tensor(-0.4393, device='cuda:0', grad_fn=<MinBackward1>)
Epoch 1: 100%|██████████| 7/7 [00:16<00:00,  0.44it/s, v_num=y94l, val_loss=0.713]Epoch 1: 100%|██████████| 7/7 [00:16<00:00,  0.44it/s, v_num=y94l, val_loss=0.713]
Validation: |          | 0/? [00:00<?, ?it/s][A
Validation:   0%|          | 0/4 [00:00<?, ?it/s][A
Validation DataLoader 0:   0%|          | 0/4 [00:00<?, ?it/s][Atensor(0.0293, device='cuda:0')
tensor(-0.0287, device='cuda:0')

Validation DataLoader 0:  25%|██▌       | 1/4 [00:02<00:07,  0.41it/s][Atensor(0.0305, device='cuda:0')
tensor(-0.0267, device='cuda:0')

Validation DataLoader 0:  50%|█████     | 2/4 [00:04<00:04,  0.42it/s][Atensor(0.0294, device='cuda:0')
tensor(-0.0285, device='cuda:0')

Validation DataLoader 0:  75%|███████▌  | 3/4 [00:06<00:02,  0.43it/s][Atensor(0.0304, device='cuda:0')
tensor(-0.0270, device='cuda:0')

Validation DataLoader 0: 100%|██████████| 4/4 [00:07<00:00,  0.52it/s][A
==================================================
Stage: VAL
Predicted class distribution: 0s = 0, 1s = 107
Actual label distribution:    0s = 80, 1s = 27
Actual Imbalance Ratio (0:1): 2.96:1
==================================================
⚠️ Model is predicting only class 1 (minority class). It is ignoring the majority class!

                                                                      [AEpoch 1: 100%|██████████| 7/7 [00:24<00:00,  0.29it/s, v_num=y94l, val_loss=0.713]Epoch 1: 100%|██████████| 7/7 [00:24<00:00,  0.29it/s, v_num=y94l, val_loss=0.713]Epoch 1:   0%|          | 0/7 [00:00<?, ?it/s, v_num=y94l, val_loss=0.713]        Epoch 2:   0%|          | 0/7 [00:00<?, ?it/s, v_num=y94l, val_loss=0.713]tensor(0.6757, device='cuda:0', grad_fn=<MaxBackward1>)
tensor(-0.3768, device='cuda:0', grad_fn=<MinBackward1>)
Epoch 2:  14%|█▍        | 1/7 [00:03<00:18,  0.32it/s, v_num=y94l, val_loss=0.713]Epoch 2:  14%|█▍        | 1/7 [00:03<00:18,  0.32it/s, v_num=y94l, val_loss=0.713]tensor(0.4712, device='cuda:0', grad_fn=<MaxBackward1>)
tensor(-0.2525, device='cuda:0', grad_fn=<MinBackward1>)
Epoch 2:  29%|██▊       | 2/7 [00:05<00:13,  0.37it/s, v_num=y94l, val_loss=0.713]Epoch 2:  29%|██▊       | 2/7 [00:05<00:13,  0.37it/s, v_num=y94l, val_loss=0.713]tensor(0.5263, device='cuda:0', grad_fn=<MaxBackward1>)
tensor(-0.3559, device='cuda:0', grad_fn=<MinBackward1>)
Epoch 2:  43%|████▎     | 3/7 [00:07<00:10,  0.39it/s, v_num=y94l, val_loss=0.713]Epoch 2:  43%|████▎     | 3/7 [00:07<00:10,  0.39it/s, v_num=y94l, val_loss=0.713]tensor(0.3816, device='cuda:0', grad_fn=<MaxBackward1>)
tensor(-0.2746, device='cuda:0', grad_fn=<MinBackward1>)
Epoch 2:  57%|█████▋    | 4/7 [00:09<00:07,  0.40it/s, v_num=y94l, val_loss=0.713]Epoch 2:  57%|█████▋    | 4/7 [00:09<00:07,  0.40it/s, v_num=y94l, val_loss=0.713]tensor(0.6295, device='cuda:0', grad_fn=<MaxBackward1>)
tensor(-0.4670, device='cuda:0', grad_fn=<MinBackward1>)
Epoch 2:  71%|███████▏  | 5/7 [00:12<00:04,  0.41it/s, v_num=y94l, val_loss=0.713]Epoch 2:  71%|███████▏  | 5/7 [00:12<00:04,  0.41it/s, v_num=y94l, val_loss=0.713]tensor(0.6261, device='cuda:0', grad_fn=<MaxBackward1>)
tensor(-0.4802, device='cuda:0', grad_fn=<MinBackward1>)
Epoch 2:  86%|████████▌ | 6/7 [00:14<00:02,  0.41it/s, v_num=y94l, val_loss=0.713]Epoch 2:  86%|████████▌ | 6/7 [00:14<00:02,  0.41it/s, v_num=y94l, val_loss=0.713]tensor(0.5564, device='cuda:0', grad_fn=<MaxBackward1>)
tensor(-0.5104, device='cuda:0', grad_fn=<MinBackward1>)
Epoch 2: 100%|██████████| 7/7 [00:16<00:00,  0.44it/s, v_num=y94l, val_loss=0.713]Epoch 2: 100%|██████████| 7/7 [00:16<00:00,  0.44it/s, v_num=y94l, val_loss=0.713]
Validation: |          | 0/? [00:00<?, ?it/s][A
Validation:   0%|          | 0/4 [00:00<?, ?it/s][A
Validation DataLoader 0:   0%|          | 0/4 [00:00<?, ?it/s][Atensor(0.0301, device='cuda:0')
tensor(-0.0284, device='cuda:0')

Validation DataLoader 0:  25%|██▌       | 1/4 [00:02<00:07,  0.41it/s][Atensor(0.0310, device='cuda:0')
tensor(-0.0268, device='cuda:0')

Validation DataLoader 0:  50%|█████     | 2/4 [00:04<00:04,  0.42it/s][Atensor(0.0304, device='cuda:0')
tensor(-0.0298, device='cuda:0')

Validation DataLoader 0:  75%|███████▌  | 3/4 [00:06<00:02,  0.43it/s][Atensor(0.0317, device='cuda:0')
tensor(-0.0267, device='cuda:0')

Validation DataLoader 0: 100%|██████████| 4/4 [00:07<00:00,  0.52it/s][A
==================================================
Stage: VAL
Predicted class distribution: 0s = 0, 1s = 107
Actual label distribution:    0s = 80, 1s = 27
Actual Imbalance Ratio (0:1): 2.96:1
==================================================
⚠️ Model is predicting only class 1 (minority class). It is ignoring the majority class!

                                                                      [AEpoch 2: 100%|██████████| 7/7 [00:24<00:00,  0.29it/s, v_num=y94l, val_loss=0.713]Epoch 2: 100%|██████████| 7/7 [00:24<00:00,  0.29it/s, v_num=y94l, val_loss=0.713]Epoch 2:   0%|          | 0/7 [00:00<?, ?it/s, v_num=y94l, val_loss=0.713]        Epoch 3:   0%|          | 0/7 [00:00<?, ?it/s, v_num=y94l, val_loss=0.713]tensor(0.5731, device='cuda:0', grad_fn=<MaxBackward1>)
tensor(-0.4583, device='cuda:0', grad_fn=<MinBackward1>)
Epoch 3:  14%|█▍        | 1/7 [00:03<00:18,  0.32it/s, v_num=y94l, val_loss=0.713]Epoch 3:  14%|█▍        | 1/7 [00:03<00:18,  0.32it/s, v_num=y94l, val_loss=0.713]tensor(0.5848, device='cuda:0', grad_fn=<MaxBackward1>)
tensor(-0.3296, device='cuda:0', grad_fn=<MinBackward1>)
Epoch 3:  29%|██▊       | 2/7 [00:05<00:13,  0.37it/s, v_num=y94l, val_loss=0.713]Epoch 3:  29%|██▊       | 2/7 [00:05<00:13,  0.37it/s, v_num=y94l, val_loss=0.713]tensor(0.7659, device='cuda:0', grad_fn=<MaxBackward1>)
tensor(-0.2855, device='cuda:0', grad_fn=<MinBackward1>)
Epoch 3:  43%|████▎     | 3/7 [00:07<00:10,  0.39it/s, v_num=y94l, val_loss=0.713]Epoch 3:  43%|████▎     | 3/7 [00:07<00:10,  0.39it/s, v_num=y94l, val_loss=0.713]tensor(0.5141, device='cuda:0', grad_fn=<MaxBackward1>)
tensor(-0.3524, device='cuda:0', grad_fn=<MinBackward1>)
Epoch 3:  57%|█████▋    | 4/7 [00:09<00:07,  0.40it/s, v_num=y94l, val_loss=0.713]Epoch 3:  57%|█████▋    | 4/7 [00:09<00:07,  0.40it/s, v_num=y94l, val_loss=0.713]tensor(0.5640, device='cuda:0', grad_fn=<MaxBackward1>)
tensor(-0.3534, device='cuda:0', grad_fn=<MinBackward1>)
Epoch 3:  71%|███████▏  | 5/7 [00:12<00:04,  0.41it/s, v_num=y94l, val_loss=0.713]Epoch 3:  71%|███████▏  | 5/7 [00:12<00:04,  0.41it/s, v_num=y94l, val_loss=0.713]tensor(0.5371, device='cuda:0', grad_fn=<MaxBackward1>)
tensor(-0.4578, device='cuda:0', grad_fn=<MinBackward1>)
Epoch 3:  86%|████████▌ | 6/7 [00:14<00:02,  0.41it/s, v_num=y94l, val_loss=0.713]Epoch 3:  86%|████████▌ | 6/7 [00:14<00:02,  0.41it/s, v_num=y94l, val_loss=0.713]tensor(0.6017, device='cuda:0', grad_fn=<MaxBackward1>)
tensor(-0.4903, device='cuda:0', grad_fn=<MinBackward1>)
Epoch 3: 100%|██████████| 7/7 [00:16<00:00,  0.44it/s, v_num=y94l, val_loss=0.713]Epoch 3: 100%|██████████| 7/7 [00:16<00:00,  0.44it/s, v_num=y94l, val_loss=0.713]
Validation: |          | 0/? [00:00<?, ?it/s][A
Validation:   0%|          | 0/4 [00:00<?, ?it/s][A
Validation DataLoader 0:   0%|          | 0/4 [00:00<?, ?it/s][Atensor(0.0318, device='cuda:0')
tensor(-0.0290, device='cuda:0')

Validation DataLoader 0:  25%|██▌       | 1/4 [00:02<00:07,  0.41it/s][Atensor(0.0313, device='cuda:0')
tensor(-0.0270, device='cuda:0')

Validation DataLoader 0:  50%|█████     | 2/4 [00:04<00:04,  0.42it/s][Atensor(0.0324, device='cuda:0')
tensor(-0.0333, device='cuda:0')

Validation DataLoader 0:  75%|███████▌  | 3/4 [00:06<00:02,  0.43it/s][Atensor(0.0347, device='cuda:0')
tensor(-0.0272, device='cuda:0')

Validation DataLoader 0: 100%|██████████| 4/4 [00:07<00:00,  0.52it/s][A
==================================================
Stage: VAL
Predicted class distribution: 0s = 0, 1s = 107
Actual label distribution:    0s = 80, 1s = 27
Actual Imbalance Ratio (0:1): 2.96:1
==================================================
⚠️ Model is predicting only class 1 (minority class). It is ignoring the majority class!

                                                                      [AEpoch 3: 100%|██████████| 7/7 [00:24<00:00,  0.29it/s, v_num=y94l, val_loss=0.713]Epoch 3: 100%|██████████| 7/7 [00:24<00:00,  0.29it/s, v_num=y94l, val_loss=0.713]Epoch 3:   0%|          | 0/7 [00:00<?, ?it/s, v_num=y94l, val_loss=0.713]        Epoch 4:   0%|          | 0/7 [00:00<?, ?it/s, v_num=y94l, val_loss=0.713]tensor(0.6577, device='cuda:0', grad_fn=<MaxBackward1>)
tensor(-0.2660, device='cuda:0', grad_fn=<MinBackward1>)
Epoch 4:  14%|█▍        | 1/7 [00:03<00:19,  0.32it/s, v_num=y94l, val_loss=0.713]Epoch 4:  14%|█▍        | 1/7 [00:03<00:19,  0.32it/s, v_num=y94l, val_loss=0.713]tensor(0.5402, device='cuda:0', grad_fn=<MaxBackward1>)
tensor(-0.2686, device='cuda:0', grad_fn=<MinBackward1>)
Epoch 4:  29%|██▊       | 2/7 [00:05<00:13,  0.37it/s, v_num=y94l, val_loss=0.713]Epoch 4:  29%|██▊       | 2/7 [00:05<00:13,  0.37it/s, v_num=y94l, val_loss=0.713]tensor(0.6377, device='cuda:0', grad_fn=<MaxBackward1>)
tensor(-0.3233, device='cuda:0', grad_fn=<MinBackward1>)
Epoch 4:  43%|████▎     | 3/7 [00:07<00:10,  0.39it/s, v_num=y94l, val_loss=0.713]Epoch 4:  43%|████▎     | 3/7 [00:07<00:10,  0.39it/s, v_num=y94l, val_loss=0.713]tensor(0.8326, device='cuda:0', grad_fn=<MaxBackward1>)
tensor(-0.4196, device='cuda:0', grad_fn=<MinBackward1>)
Epoch 4:  57%|█████▋    | 4/7 [00:10<00:07,  0.40it/s, v_num=y94l, val_loss=0.713]Epoch 4:  57%|█████▋    | 4/7 [00:10<00:07,  0.40it/s, v_num=y94l, val_loss=0.713]tensor(0.7201, device='cuda:0', grad_fn=<MaxBackward1>)
tensor(-0.2971, device='cuda:0', grad_fn=<MinBackward1>)
Epoch 4:  71%|███████▏  | 5/7 [00:12<00:04,  0.41it/s, v_num=y94l, val_loss=0.713]Epoch 4:  71%|███████▏  | 5/7 [00:12<00:04,  0.41it/s, v_num=y94l, val_loss=0.713]tensor(0.4376, device='cuda:0', grad_fn=<MaxBackward1>)
tensor(-0.2994, device='cuda:0', grad_fn=<MinBackward1>)
Epoch 4:  86%|████████▌ | 6/7 [00:14<00:02,  0.41it/s, v_num=y94l, val_loss=0.713]Epoch 4:  86%|████████▌ | 6/7 [00:14<00:02,  0.41it/s, v_num=y94l, val_loss=0.713]tensor(0.4341, device='cuda:0', grad_fn=<MaxBackward1>)
tensor(-0.2652, device='cuda:0', grad_fn=<MinBackward1>)
Epoch 4: 100%|██████████| 7/7 [00:16<00:00,  0.43it/s, v_num=y94l, val_loss=0.713]Epoch 4: 100%|██████████| 7/7 [00:16<00:00,  0.43it/s, v_num=y94l, val_loss=0.713]
Validation: |          | 0/? [00:00<?, ?it/s][A
Validation:   0%|          | 0/4 [00:00<?, ?it/s][A
Validation DataLoader 0:   0%|          | 0/4 [00:00<?, ?it/s][Atensor(0.0353, device='cuda:0')
tensor(-0.0307, device='cuda:0')

Validation DataLoader 0:  25%|██▌       | 1/4 [00:02<00:07,  0.40it/s][Atensor(0.0348, device='cuda:0')
tensor(-0.0266, device='cuda:0')

Validation DataLoader 0:  50%|█████     | 2/4 [00:04<00:04,  0.42it/s][Atensor(0.0385, device='cuda:0')
tensor(-0.0365, device='cuda:0')

Validation DataLoader 0:  75%|███████▌  | 3/4 [00:06<00:02,  0.43it/s][Atensor(0.0398, device='cuda:0')
tensor(-0.0283, device='cuda:0')

Validation DataLoader 0: 100%|██████████| 4/4 [00:07<00:00,  0.52it/s][A
==================================================
Stage: VAL
Predicted class distribution: 0s = 0, 1s = 107
Actual label distribution:    0s = 80, 1s = 27
Actual Imbalance Ratio (0:1): 2.96:1
==================================================
⚠️ Model is predicting only class 1 (minority class). It is ignoring the majority class!

                                                                      [AEpoch 4: 100%|██████████| 7/7 [00:24<00:00,  0.29it/s, v_num=y94l, val_loss=0.712]Epoch 4: 100%|██████████| 7/7 [00:24<00:00,  0.29it/s, v_num=y94l, val_loss=0.712]Epoch 4:   0%|          | 0/7 [00:00<?, ?it/s, v_num=y94l, val_loss=0.712]        Epoch 5:   0%|          | 0/7 [00:00<?, ?it/s, v_num=y94l, val_loss=0.712]tensor(0.4956, device='cuda:0', grad_fn=<MaxBackward1>)
tensor(-0.2573, device='cuda:0', grad_fn=<MinBackward1>)
Epoch 5:  14%|█▍        | 1/7 [00:03<00:19,  0.31it/s, v_num=y94l, val_loss=0.712]Epoch 5:  14%|█▍        | 1/7 [00:03<00:19,  0.31it/s, v_num=y94l, val_loss=0.712]tensor(0.5844, device='cuda:0', grad_fn=<MaxBackward1>)
tensor(-0.2854, device='cuda:0', grad_fn=<MinBackward1>)
Epoch 5:  29%|██▊       | 2/7 [00:05<00:13,  0.37it/s, v_num=y94l, val_loss=0.712]Epoch 5:  29%|██▊       | 2/7 [00:05<00:13,  0.37it/s, v_num=y94l, val_loss=0.712]tensor(0.8220, device='cuda:0', grad_fn=<MaxBackward1>)
tensor(-0.5057, device='cuda:0', grad_fn=<MinBackward1>)
Epoch 5:  43%|████▎     | 3/7 [00:07<00:10,  0.39it/s, v_num=y94l, val_loss=0.712]Epoch 5:  43%|████▎     | 3/7 [00:07<00:10,  0.39it/s, v_num=y94l, val_loss=0.712]tensor(0.7962, device='cuda:0', grad_fn=<MaxBackward1>)
tensor(-0.5736, device='cuda:0', grad_fn=<MinBackward1>)
Epoch 5:  57%|█████▋    | 4/7 [00:10<00:07,  0.40it/s, v_num=y94l, val_loss=0.712]Epoch 5:  57%|█████▋    | 4/7 [00:10<00:07,  0.40it/s, v_num=y94l, val_loss=0.712]tensor(0.6854, device='cuda:0', grad_fn=<MaxBackward1>)
tensor(-0.4754, device='cuda:0', grad_fn=<MinBackward1>)
Epoch 5:  71%|███████▏  | 5/7 [00:12<00:04,  0.41it/s, v_num=y94l, val_loss=0.712]Epoch 5:  71%|███████▏  | 5/7 [00:12<00:04,  0.41it/s, v_num=y94l, val_loss=0.712]tensor(0.5788, device='cuda:0', grad_fn=<MaxBackward1>)
tensor(-0.6280, device='cuda:0', grad_fn=<MinBackward1>)
Epoch 5:  86%|████████▌ | 6/7 [00:14<00:02,  0.41it/s, v_num=y94l, val_loss=0.712]Epoch 5:  86%|████████▌ | 6/7 [00:14<00:02,  0.41it/s, v_num=y94l, val_loss=0.712]tensor(0.2714, device='cuda:0', grad_fn=<MaxBackward1>)
tensor(-0.3296, device='cuda:0', grad_fn=<MinBackward1>)
Epoch 5: 100%|██████████| 7/7 [00:16<00:00,  0.43it/s, v_num=y94l, val_loss=0.712]Epoch 5: 100%|██████████| 7/7 [00:16<00:00,  0.43it/s, v_num=y94l, val_loss=0.712]
Validation: |          | 0/? [00:00<?, ?it/s][A
Validation:   0%|          | 0/4 [00:00<?, ?it/s][A
Validation DataLoader 0:   0%|          | 0/4 [00:00<?, ?it/s][Atensor(0.0399, device='cuda:0')
tensor(-0.0334, device='cuda:0')

Validation DataLoader 0:  25%|██▌       | 1/4 [00:02<00:07,  0.41it/s][Atensor(0.0409, device='cuda:0')
tensor(-0.0280, device='cuda:0')

Validation DataLoader 0:  50%|█████     | 2/4 [00:04<00:04,  0.42it/s][Atensor(0.0483, device='cuda:0')
tensor(-0.0420, device='cuda:0')

Validation DataLoader 0:  75%|███████▌  | 3/4 [00:06<00:02,  0.43it/s][Atensor(0.0470, device='cuda:0')
tensor(-0.0283, device='cuda:0')

Validation DataLoader 0: 100%|██████████| 4/4 [00:07<00:00,  0.52it/s][A
==================================================
Stage: VAL
Predicted class distribution: 0s = 0, 1s = 107
Actual label distribution:    0s = 80, 1s = 27
Actual Imbalance Ratio (0:1): 2.96:1
==================================================
⚠️ Model is predicting only class 1 (minority class). It is ignoring the majority class!

                                                                      [AEpoch 5: 100%|██████████| 7/7 [00:24<00:00,  0.28it/s, v_num=y94l, val_loss=0.711]Epoch 5: 100%|██████████| 7/7 [00:24<00:00,  0.28it/s, v_num=y94l, val_loss=0.711]Epoch 5:   0%|          | 0/7 [00:00<?, ?it/s, v_num=y94l, val_loss=0.711]        Epoch 6:   0%|          | 0/7 [00:00<?, ?it/s, v_num=y94l, val_loss=0.711]tensor(0.5258, device='cuda:0', grad_fn=<MaxBackward1>)
tensor(-0.3407, device='cuda:0', grad_fn=<MinBackward1>)
Epoch 6:  14%|█▍        | 1/7 [00:03<00:19,  0.31it/s, v_num=y94l, val_loss=0.711]Epoch 6:  14%|█▍        | 1/7 [00:03<00:19,  0.31it/s, v_num=y94l, val_loss=0.711]tensor(0.4958, device='cuda:0', grad_fn=<MaxBackward1>)
tensor(-0.3882, device='cuda:0', grad_fn=<MinBackward1>)
Epoch 6:  29%|██▊       | 2/7 [00:05<00:13,  0.36it/s, v_num=y94l, val_loss=0.711]Epoch 6:  29%|██▊       | 2/7 [00:05<00:13,  0.36it/s, v_num=y94l, val_loss=0.711]tensor(0.7417, device='cuda:0', grad_fn=<MaxBackward1>)
tensor(-0.2835, device='cuda:0', grad_fn=<MinBackward1>)
Epoch 6:  43%|████▎     | 3/7 [00:07<00:10,  0.38it/s, v_num=y94l, val_loss=0.711]Epoch 6:  43%|████▎     | 3/7 [00:07<00:10,  0.38it/s, v_num=y94l, val_loss=0.711]tensor(0.5445, device='cuda:0', grad_fn=<MaxBackward1>)
tensor(-0.4571, device='cuda:0', grad_fn=<MinBackward1>)
Epoch 6:  57%|█████▋    | 4/7 [00:10<00:07,  0.40it/s, v_num=y94l, val_loss=0.711]Epoch 6:  57%|█████▋    | 4/7 [00:10<00:07,  0.40it/s, v_num=y94l, val_loss=0.711]tensor(0.8667, device='cuda:0', grad_fn=<MaxBackward1>)
tensor(-0.2230, device='cuda:0', grad_fn=<MinBackward1>)
Epoch 6:  71%|███████▏  | 5/7 [00:12<00:04,  0.40it/s, v_num=y94l, val_loss=0.711]Epoch 6:  71%|███████▏  | 5/7 [00:12<00:04,  0.40it/s, v_num=y94l, val_loss=0.711]tensor(0.7008, device='cuda:0', grad_fn=<MaxBackward1>)
tensor(-0.3097, device='cuda:0', grad_fn=<MinBackward1>)
Epoch 6:  86%|████████▌ | 6/7 [00:14<00:02,  0.41it/s, v_num=y94l, val_loss=0.711]Epoch 6:  86%|████████▌ | 6/7 [00:14<00:02,  0.41it/s, v_num=y94l, val_loss=0.711]tensor(0.8294, device='cuda:0', grad_fn=<MaxBackward1>)
tensor(-0.5328, device='cuda:0', grad_fn=<MinBackward1>)
Epoch 6: 100%|██████████| 7/7 [00:16<00:00,  0.43it/s, v_num=y94l, val_loss=0.711]Epoch 6: 100%|██████████| 7/7 [00:16<00:00,  0.43it/s, v_num=y94l, val_loss=0.711]
Validation: |          | 0/? [00:00<?, ?it/s][A
Validation:   0%|          | 0/4 [00:00<?, ?it/s][A
Validation DataLoader 0:   0%|          | 0/4 [00:00<?, ?it/s][Atensor(0.0583, device='cuda:0')
tensor(-0.0345, device='cuda:0')

Validation DataLoader 0:  25%|██▌       | 1/4 [00:02<00:07,  0.41it/s][Atensor(0.0492, device='cuda:0')
tensor(-0.0303, device='cuda:0')

Validation DataLoader 0:  50%|█████     | 2/4 [00:04<00:04,  0.43it/s][Atensor(0.0657, device='cuda:0')
tensor(-0.0474, device='cuda:0')

Validation DataLoader 0:  75%|███████▌  | 3/4 [00:06<00:02,  0.43it/s][Atensor(0.0537, device='cuda:0')
tensor(-0.0276, device='cuda:0')

Validation DataLoader 0: 100%|██████████| 4/4 [00:07<00:00,  0.52it/s][A
==================================================
Stage: VAL
Predicted class distribution: 0s = 0, 1s = 107
Actual label distribution:    0s = 80, 1s = 27
Actual Imbalance Ratio (0:1): 2.96:1
==================================================
⚠️ Model is predicting only class 1 (minority class). It is ignoring the majority class!

                                                                      [AEpoch 6: 100%|██████████| 7/7 [00:24<00:00,  0.28it/s, v_num=y94l, val_loss=0.708]Epoch 6: 100%|██████████| 7/7 [00:24<00:00,  0.28it/s, v_num=y94l, val_loss=0.708]Epoch 6:   0%|          | 0/7 [00:00<?, ?it/s, v_num=y94l, val_loss=0.708]        Epoch 7:   0%|          | 0/7 [00:00<?, ?it/s, v_num=y94l, val_loss=0.708]tensor(0.4898, device='cuda:0', grad_fn=<MaxBackward1>)
tensor(-0.3432, device='cuda:0', grad_fn=<MinBackward1>)
Epoch 7:  14%|█▍        | 1/7 [00:03<00:19,  0.31it/s, v_num=y94l, val_loss=0.708]Epoch 7:  14%|█▍        | 1/7 [00:03<00:19,  0.31it/s, v_num=y94l, val_loss=0.708]tensor(0.5532, device='cuda:0', grad_fn=<MaxBackward1>)
tensor(-0.5136, device='cuda:0', grad_fn=<MinBackward1>)
Epoch 7:  29%|██▊       | 2/7 [00:05<00:13,  0.36it/s, v_num=y94l, val_loss=0.708]Epoch 7:  29%|██▊       | 2/7 [00:05<00:13,  0.36it/s, v_num=y94l, val_loss=0.708]tensor(0.6992, device='cuda:0', grad_fn=<MaxBackward1>)
tensor(-0.4251, device='cuda:0', grad_fn=<MinBackward1>)
Epoch 7:  43%|████▎     | 3/7 [00:07<00:10,  0.39it/s, v_num=y94l, val_loss=0.708]Epoch 7:  43%|████▎     | 3/7 [00:07<00:10,  0.39it/s, v_num=y94l, val_loss=0.708]tensor(0.5973, device='cuda:0', grad_fn=<MaxBackward1>)
tensor(-0.5056, device='cuda:0', grad_fn=<MinBackward1>)
Epoch 7:  57%|█████▋    | 4/7 [00:10<00:07,  0.40it/s, v_num=y94l, val_loss=0.708]Epoch 7:  57%|█████▋    | 4/7 [00:10<00:07,  0.40it/s, v_num=y94l, val_loss=0.708]tensor(0.5833, device='cuda:0', grad_fn=<MaxBackward1>)
tensor(-0.3289, device='cuda:0', grad_fn=<MinBackward1>)
Epoch 7:  71%|███████▏  | 5/7 [00:12<00:04,  0.41it/s, v_num=y94l, val_loss=0.708]Epoch 7:  71%|███████▏  | 5/7 [00:12<00:04,  0.41it/s, v_num=y94l, val_loss=0.708]tensor(0.5170, device='cuda:0', grad_fn=<MaxBackward1>)
tensor(-0.3305, device='cuda:0', grad_fn=<MinBackward1>)
Epoch 7:  86%|████████▌ | 6/7 [00:14<00:02,  0.41it/s, v_num=y94l, val_loss=0.708]Epoch 7:  86%|████████▌ | 6/7 [00:14<00:02,  0.41it/s, v_num=y94l, val_loss=0.708]tensor(0.6375, device='cuda:0', grad_fn=<MaxBackward1>)
tensor(-0.2527, device='cuda:0', grad_fn=<MinBackward1>)
Epoch 7: 100%|██████████| 7/7 [00:16<00:00,  0.43it/s, v_num=y94l, val_loss=0.708]Epoch 7: 100%|██████████| 7/7 [00:16<00:00,  0.43it/s, v_num=y94l, val_loss=0.708]
Validation: |          | 0/? [00:00<?, ?it/s][A
Validation:   0%|          | 0/4 [00:00<?, ?it/s][A
Validation DataLoader 0:   0%|          | 0/4 [00:00<?, ?it/s][Atensor(0.0916, device='cuda:0')
tensor(-0.0377, device='cuda:0')

Validation DataLoader 0:  25%|██▌       | 1/4 [00:02<00:07,  0.41it/s][Atensor(0.0688, device='cuda:0')
tensor(-0.0312, device='cuda:0')

Validation DataLoader 0:  50%|█████     | 2/4 [00:04<00:04,  0.42it/s][Atensor(0.0964, device='cuda:0')
tensor(-0.0521, device='cuda:0')

Validation DataLoader 0:  75%|███████▌  | 3/4 [00:06<00:02,  0.43it/s][Atensor(0.0743, device='cuda:0')
tensor(-0.0243, device='cuda:0')

Validation DataLoader 0: 100%|██████████| 4/4 [00:07<00:00,  0.52it/s][A
==================================================
Stage: VAL
Predicted class distribution: 0s = 0, 1s = 107
Actual label distribution:    0s = 80, 1s = 27
Actual Imbalance Ratio (0:1): 2.96:1
==================================================
⚠️ Model is predicting only class 1 (minority class). It is ignoring the majority class!

                                                                      [AEpoch 7: 100%|██████████| 7/7 [00:24<00:00,  0.28it/s, v_num=y94l, val_loss=0.703]Epoch 7: 100%|██████████| 7/7 [00:24<00:00,  0.28it/s, v_num=y94l, val_loss=0.703]Epoch 7:   0%|          | 0/7 [00:00<?, ?it/s, v_num=y94l, val_loss=0.703]        Epoch 8:   0%|          | 0/7 [00:00<?, ?it/s, v_num=y94l, val_loss=0.703]tensor(0.6336, device='cuda:0', grad_fn=<MaxBackward1>)
tensor(-0.5241, device='cuda:0', grad_fn=<MinBackward1>)
Epoch 8:  14%|█▍        | 1/7 [00:03<00:18,  0.32it/s, v_num=y94l, val_loss=0.703]Epoch 8:  14%|█▍        | 1/7 [00:03<00:18,  0.32it/s, v_num=y94l, val_loss=0.703]tensor(0.6852, device='cuda:0', grad_fn=<MaxBackward1>)
tensor(-0.3152, device='cuda:0', grad_fn=<MinBackward1>)
Epoch 8:  29%|██▊       | 2/7 [00:05<00:13,  0.37it/s, v_num=y94l, val_loss=0.703]Epoch 8:  29%|██▊       | 2/7 [00:05<00:13,  0.37it/s, v_num=y94l, val_loss=0.703]tensor(0.4515, device='cuda:0', grad_fn=<MaxBackward1>)
tensor(-0.4055, device='cuda:0', grad_fn=<MinBackward1>)
Epoch 8:  43%|████▎     | 3/7 [00:07<00:10,  0.39it/s, v_num=y94l, val_loss=0.703]Epoch 8:  43%|████▎     | 3/7 [00:07<00:10,  0.39it/s, v_num=y94l, val_loss=0.703]tensor(0.4439, device='cuda:0', grad_fn=<MaxBackward1>)
tensor(-0.2897, device='cuda:0', grad_fn=<MinBackward1>)
Epoch 8:  57%|█████▋    | 4/7 [00:10<00:07,  0.40it/s, v_num=y94l, val_loss=0.703]Epoch 8:  57%|█████▋    | 4/7 [00:10<00:07,  0.40it/s, v_num=y94l, val_loss=0.703]tensor(0.4492, device='cuda:0', grad_fn=<MaxBackward1>)
tensor(-0.3489, device='cuda:0', grad_fn=<MinBackward1>)
Epoch 8:  71%|███████▏  | 5/7 [00:12<00:04,  0.40it/s, v_num=y94l, val_loss=0.703]Epoch 8:  71%|███████▏  | 5/7 [00:12<00:04,  0.40it/s, v_num=y94l, val_loss=0.703]tensor(0.7705, device='cuda:0', grad_fn=<MaxBackward1>)
tensor(-0.4674, device='cuda:0', grad_fn=<MinBackward1>)
Epoch 8:  86%|████████▌ | 6/7 [00:14<00:02,  0.41it/s, v_num=y94l, val_loss=0.703]Epoch 8:  86%|████████▌ | 6/7 [00:14<00:02,  0.41it/s, v_num=y94l, val_loss=0.703]tensor(0.5997, device='cuda:0', grad_fn=<MaxBackward1>)
tensor(-0.4967, device='cuda:0', grad_fn=<MinBackward1>)
Epoch 8: 100%|██████████| 7/7 [00:16<00:00,  0.43it/s, v_num=y94l, val_loss=0.703]Epoch 8: 100%|██████████| 7/7 [00:16<00:00,  0.43it/s, v_num=y94l, val_loss=0.703]
Validation: |          | 0/? [00:00<?, ?it/s][A
Validation:   0%|          | 0/4 [00:00<?, ?it/s][A
Validation DataLoader 0:   0%|          | 0/4 [00:00<?, ?it/s][Atensor(0.1320, device='cuda:0')
tensor(-0.0422, device='cuda:0')

Validation DataLoader 0:  25%|██▌       | 1/4 [00:02<00:07,  0.41it/s][Atensor(0.1050, device='cuda:0')
tensor(-0.0351, device='cuda:0')

Validation DataLoader 0:  50%|█████     | 2/4 [00:04<00:04,  0.42it/s][Atensor(0.1309, device='cuda:0')
tensor(-0.0577, device='cuda:0')

Validation DataLoader 0:  75%|███████▌  | 3/4 [00:06<00:02,  0.43it/s][Atensor(0.1006, device='cuda:0')
tensor(-0.0560, device='cuda:0')

Validation DataLoader 0: 100%|██████████| 4/4 [00:07<00:00,  0.52it/s][A
==================================================
Stage: VAL
Predicted class distribution: 0s = 0, 1s = 107
Actual label distribution:    0s = 80, 1s = 27
Actual Imbalance Ratio (0:1): 2.96:1
==================================================
⚠️ Model is predicting only class 1 (minority class). It is ignoring the majority class!

                                                                      [AEpoch 8: 100%|██████████| 7/7 [00:24<00:00,  0.28it/s, v_num=y94l, val_loss=0.698]Epoch 8: 100%|██████████| 7/7 [00:24<00:00,  0.28it/s, v_num=y94l, val_loss=0.698]Epoch 8:   0%|          | 0/7 [00:00<?, ?it/s, v_num=y94l, val_loss=0.698]        Epoch 9:   0%|          | 0/7 [00:00<?, ?it/s, v_num=y94l, val_loss=0.698]tensor(0.4210, device='cuda:0', grad_fn=<MaxBackward1>)
tensor(-0.4590, device='cuda:0', grad_fn=<MinBackward1>)
Epoch 9:  14%|█▍        | 1/7 [00:03<00:18,  0.32it/s, v_num=y94l, val_loss=0.698]Epoch 9:  14%|█▍        | 1/7 [00:03<00:18,  0.32it/s, v_num=y94l, val_loss=0.698]tensor(0.6447, device='cuda:0', grad_fn=<MaxBackward1>)
tensor(-0.3005, device='cuda:0', grad_fn=<MinBackward1>)
Epoch 9:  29%|██▊       | 2/7 [00:05<00:13,  0.37it/s, v_num=y94l, val_loss=0.698]Epoch 9:  29%|██▊       | 2/7 [00:05<00:13,  0.37it/s, v_num=y94l, val_loss=0.698]tensor(0.4649, device='cuda:0', grad_fn=<MaxBackward1>)
tensor(-0.5115, device='cuda:0', grad_fn=<MinBackward1>)
Epoch 9:  43%|████▎     | 3/7 [00:07<00:10,  0.39it/s, v_num=y94l, val_loss=0.698]Epoch 9:  43%|████▎     | 3/7 [00:07<00:10,  0.39it/s, v_num=y94l, val_loss=0.698]tensor(0.5482, device='cuda:0', grad_fn=<MaxBackward1>)
tensor(-0.3366, device='cuda:0', grad_fn=<MinBackward1>)
Epoch 9:  57%|█████▋    | 4/7 [00:10<00:07,  0.40it/s, v_num=y94l, val_loss=0.698]Epoch 9:  57%|█████▋    | 4/7 [00:10<00:07,  0.40it/s, v_num=y94l, val_loss=0.698]tensor(0.5376, device='cuda:0', grad_fn=<MaxBackward1>)
tensor(-0.4051, device='cuda:0', grad_fn=<MinBackward1>)
Epoch 9:  71%|███████▏  | 5/7 [00:12<00:04,  0.41it/s, v_num=y94l, val_loss=0.698]Epoch 9:  71%|███████▏  | 5/7 [00:12<00:04,  0.41it/s, v_num=y94l, val_loss=0.698]tensor(1.0653, device='cuda:0', grad_fn=<MaxBackward1>)
tensor(-0.3842, device='cuda:0', grad_fn=<MinBackward1>)
Epoch 9:  86%|████████▌ | 6/7 [00:14<00:02,  0.41it/s, v_num=y94l, val_loss=0.698]Epoch 9:  86%|████████▌ | 6/7 [00:14<00:02,  0.41it/s, v_num=y94l, val_loss=0.698]tensor(0.6293, device='cuda:0', grad_fn=<MaxBackward1>)
tensor(-0.2764, device='cuda:0', grad_fn=<MinBackward1>)
Epoch 9: 100%|██████████| 7/7 [00:16<00:00,  0.44it/s, v_num=y94l, val_loss=0.698]Epoch 9: 100%|██████████| 7/7 [00:16<00:00,  0.44it/s, v_num=y94l, val_loss=0.698]
Validation: |          | 0/? [00:00<?, ?it/s][A
Validation:   0%|          | 0/4 [00:00<?, ?it/s][A
Validation DataLoader 0:   0%|          | 0/4 [00:00<?, ?it/s][Atensor(0.1720, device='cuda:0')
tensor(-0.0688, device='cuda:0')

Validation DataLoader 0:  25%|██▌       | 1/4 [00:02<00:07,  0.40it/s][Atensor(0.1483, device='cuda:0')
tensor(-0.0668, device='cuda:0')

Validation DataLoader 0:  50%|█████     | 2/4 [00:04<00:04,  0.42it/s][Atensor(0.1730, device='cuda:0')
tensor(-0.0830, device='cuda:0')

Validation DataLoader 0:  75%|███████▌  | 3/4 [00:06<00:02,  0.43it/s][Atensor(0.1309, device='cuda:0')
tensor(-0.1010, device='cuda:0')

Validation DataLoader 0: 100%|██████████| 4/4 [00:07<00:00,  0.52it/s][A
==================================================
Stage: VAL
Predicted class distribution: 0s = 0, 1s = 107
Actual label distribution:    0s = 80, 1s = 27
Actual Imbalance Ratio (0:1): 2.96:1
==================================================
⚠️ Model is predicting only class 1 (minority class). It is ignoring the majority class!

                                                                      [AEpoch 9: 100%|██████████| 7/7 [00:24<00:00,  0.29it/s, v_num=y94l, val_loss=0.692]Epoch 9: 100%|██████████| 7/7 [00:24<00:00,  0.29it/s, v_num=y94l, val_loss=0.692]Epoch 9:   0%|          | 0/7 [00:00<?, ?it/s, v_num=y94l, val_loss=0.692]        Epoch 10:   0%|          | 0/7 [00:00<?, ?it/s, v_num=y94l, val_loss=0.692]tensor(0.4883, device='cuda:0', grad_fn=<MaxBackward1>)
tensor(-0.3545, device='cuda:0', grad_fn=<MinBackward1>)
Epoch 10:  14%|█▍        | 1/7 [00:03<00:18,  0.32it/s, v_num=y94l, val_loss=0.692]Epoch 10:  14%|█▍        | 1/7 [00:03<00:18,  0.32it/s, v_num=y94l, val_loss=0.692]tensor(1.3412, device='cuda:0', grad_fn=<MaxBackward1>)
tensor(-0.4819, device='cuda:0', grad_fn=<MinBackward1>)
Epoch 10:  29%|██▊       | 2/7 [00:05<00:13,  0.37it/s, v_num=y94l, val_loss=0.692]Epoch 10:  29%|██▊       | 2/7 [00:05<00:13,  0.37it/s, v_num=y94l, val_loss=0.692]tensor(0.5461, device='cuda:0', grad_fn=<MaxBackward1>)
tensor(-0.2993, device='cuda:0', grad_fn=<MinBackward1>)
Epoch 10:  43%|████▎     | 3/7 [00:07<00:10,  0.39it/s, v_num=y94l, val_loss=0.692]Epoch 10:  43%|████▎     | 3/7 [00:07<00:10,  0.39it/s, v_num=y94l, val_loss=0.692]tensor(0.6602, device='cuda:0', grad_fn=<MaxBackward1>)
tensor(-0.4052, device='cuda:0', grad_fn=<MinBackward1>)
Epoch 10:  57%|█████▋    | 4/7 [00:09<00:07,  0.40it/s, v_num=y94l, val_loss=0.692]Epoch 10:  57%|█████▋    | 4/7 [00:10<00:07,  0.40it/s, v_num=y94l, val_loss=0.692]tensor(0.6790, device='cuda:0', grad_fn=<MaxBackward1>)
tensor(-0.3056, device='cuda:0', grad_fn=<MinBackward1>)
Epoch 10:  71%|███████▏  | 5/7 [00:12<00:04,  0.41it/s, v_num=y94l, val_loss=0.692]Epoch 10:  71%|███████▏  | 5/7 [00:12<00:04,  0.41it/s, v_num=y94l, val_loss=0.692]tensor(0.6067, device='cuda:0', grad_fn=<MaxBackward1>)
tensor(-0.3571, device='cuda:0', grad_fn=<MinBackward1>)
Epoch 10:  86%|████████▌ | 6/7 [00:14<00:02,  0.41it/s, v_num=y94l, val_loss=0.692]Epoch 10:  86%|████████▌ | 6/7 [00:14<00:02,  0.41it/s, v_num=y94l, val_loss=0.692]tensor(0.4207, device='cuda:0', grad_fn=<MaxBackward1>)
tensor(-0.3482, device='cuda:0', grad_fn=<MinBackward1>)
Epoch 10: 100%|██████████| 7/7 [00:16<00:00,  0.44it/s, v_num=y94l, val_loss=0.692]Epoch 10: 100%|██████████| 7/7 [00:16<00:00,  0.44it/s, v_num=y94l, val_loss=0.692]
Validation: |          | 0/? [00:00<?, ?it/s][A
Validation:   0%|          | 0/4 [00:00<?, ?it/s][A
Validation DataLoader 0:   0%|          | 0/4 [00:00<?, ?it/s][Atensor(0.2249, device='cuda:0')
tensor(-0.0979, device='cuda:0')

Validation DataLoader 0:  25%|██▌       | 1/4 [00:02<00:07,  0.41it/s][Atensor(0.2208, device='cuda:0')
tensor(-0.0977, device='cuda:0')

Validation DataLoader 0:  50%|█████     | 2/4 [00:04<00:04,  0.42it/s][Atensor(0.2398, device='cuda:0')
tensor(-0.1199, device='cuda:0')

Validation DataLoader 0:  75%|███████▌  | 3/4 [00:06<00:02,  0.43it/s][Atensor(0.1766, device='cuda:0')
tensor(-0.1478, device='cuda:0')

Validation DataLoader 0: 100%|██████████| 4/4 [00:07<00:00,  0.52it/s][A
==================================================
Stage: VAL
Predicted class distribution: 0s = 3, 1s = 104
Actual label distribution:    0s = 80, 1s = 27
Actual Imbalance Ratio (0:1): 2.96:1
==================================================
✅ Model is predicting both classes.

                                                                      [AEpoch 10: 100%|██████████| 7/7 [00:24<00:00,  0.28it/s, v_num=y94l, val_loss=0.681]Epoch 10: 100%|██████████| 7/7 [00:24<00:00,  0.28it/s, v_num=y94l, val_loss=0.681]Epoch 10:   0%|          | 0/7 [00:00<?, ?it/s, v_num=y94l, val_loss=0.681]        Epoch 11:   0%|          | 0/7 [00:00<?, ?it/s, v_num=y94l, val_loss=0.681]tensor(0.6945, device='cuda:0', grad_fn=<MaxBackward1>)
tensor(-0.5707, device='cuda:0', grad_fn=<MinBackward1>)
Epoch 11:  14%|█▍        | 1/7 [00:03<00:18,  0.32it/s, v_num=y94l, val_loss=0.681]Epoch 11:  14%|█▍        | 1/7 [00:03<00:18,  0.32it/s, v_num=y94l, val_loss=0.681]tensor(0.7237, device='cuda:0', grad_fn=<MaxBackward1>)
tensor(-0.5512, device='cuda:0', grad_fn=<MinBackward1>)
Epoch 11:  29%|██▊       | 2/7 [00:05<00:13,  0.37it/s, v_num=y94l, val_loss=0.681]Epoch 11:  29%|██▊       | 2/7 [00:05<00:13,  0.37it/s, v_num=y94l, val_loss=0.681]tensor(0.8100, device='cuda:0', grad_fn=<MaxBackward1>)
tensor(-0.3988, device='cuda:0', grad_fn=<MinBackward1>)
Epoch 11:  43%|████▎     | 3/7 [00:07<00:10,  0.39it/s, v_num=y94l, val_loss=0.681]Epoch 11:  43%|████▎     | 3/7 [00:07<00:10,  0.39it/s, v_num=y94l, val_loss=0.681]tensor(0.5214, device='cuda:0', grad_fn=<MaxBackward1>)
tensor(-0.4399, device='cuda:0', grad_fn=<MinBackward1>)
Epoch 11:  57%|█████▋    | 4/7 [00:09<00:07,  0.40it/s, v_num=y94l, val_loss=0.681]Epoch 11:  57%|█████▋    | 4/7 [00:09<00:07,  0.40it/s, v_num=y94l, val_loss=0.681]tensor(0.6833, device='cuda:0', grad_fn=<MaxBackward1>)
tensor(-0.2796, device='cuda:0', grad_fn=<MinBackward1>)
Epoch 11:  71%|███████▏  | 5/7 [00:12<00:04,  0.41it/s, v_num=y94l, val_loss=0.681]Epoch 11:  71%|███████▏  | 5/7 [00:12<00:04,  0.41it/s, v_num=y94l, val_loss=0.681]tensor(0.6094, device='cuda:0', grad_fn=<MaxBackward1>)
tensor(-0.4559, device='cuda:0', grad_fn=<MinBackward1>)
Epoch 11:  86%|████████▌ | 6/7 [00:14<00:02,  0.41it/s, v_num=y94l, val_loss=0.681]Epoch 11:  86%|████████▌ | 6/7 [00:14<00:02,  0.41it/s, v_num=y94l, val_loss=0.681]tensor(0.8703, device='cuda:0', grad_fn=<MaxBackward1>)
tensor(-0.2328, device='cuda:0', grad_fn=<MinBackward1>)
Epoch 11: 100%|██████████| 7/7 [00:16<00:00,  0.44it/s, v_num=y94l, val_loss=0.681]Epoch 11: 100%|██████████| 7/7 [00:16<00:00,  0.44it/s, v_num=y94l, val_loss=0.681]
Validation: |          | 0/? [00:00<?, ?it/s][A
Validation:   0%|          | 0/4 [00:00<?, ?it/s][A
Validation DataLoader 0:   0%|          | 0/4 [00:00<?, ?it/s][Atensor(0.3038, device='cuda:0')
tensor(-0.1243, device='cuda:0')

Validation DataLoader 0:  25%|██▌       | 1/4 [00:02<00:07,  0.41it/s][Atensor(0.2996, device='cuda:0')
tensor(-0.1257, device='cuda:0')

Validation DataLoader 0:  50%|█████     | 2/4 [00:04<00:04,  0.42it/s][Atensor(0.3167, device='cuda:0')
tensor(-0.1563, device='cuda:0')

Validation DataLoader 0:  75%|███████▌  | 3/4 [00:06<00:02,  0.43it/s][Atensor(0.2470, device='cuda:0')
tensor(-0.1925, device='cuda:0')

Validation DataLoader 0: 100%|██████████| 4/4 [00:07<00:00,  0.52it/s][A
==================================================
Stage: VAL
Predicted class distribution: 0s = 9, 1s = 98
Actual label distribution:    0s = 80, 1s = 27
Actual Imbalance Ratio (0:1): 2.96:1
==================================================
✅ Model is predicting both classes.

                                                                      [AEpoch 11: 100%|██████████| 7/7 [00:24<00:00,  0.29it/s, v_num=y94l, val_loss=0.665]Epoch 11: 100%|██████████| 7/7 [00:24<00:00,  0.29it/s, v_num=y94l, val_loss=0.665]Epoch 11:   0%|          | 0/7 [00:00<?, ?it/s, v_num=y94l, val_loss=0.665]        Epoch 12:   0%|          | 0/7 [00:00<?, ?it/s, v_num=y94l, val_loss=0.665]tensor(0.7099, device='cuda:0', grad_fn=<MaxBackward1>)
tensor(-0.2593, device='cuda:0', grad_fn=<MinBackward1>)
Epoch 12:  14%|█▍        | 1/7 [00:03<00:18,  0.32it/s, v_num=y94l, val_loss=0.665]Epoch 12:  14%|█▍        | 1/7 [00:03<00:18,  0.32it/s, v_num=y94l, val_loss=0.665]tensor(0.6028, device='cuda:0', grad_fn=<MaxBackward1>)
tensor(-0.2260, device='cuda:0', grad_fn=<MinBackward1>)
Epoch 12:  29%|██▊       | 2/7 [00:05<00:13,  0.37it/s, v_num=y94l, val_loss=0.665]Epoch 12:  29%|██▊       | 2/7 [00:05<00:13,  0.37it/s, v_num=y94l, val_loss=0.665]tensor(0.6992, device='cuda:0', grad_fn=<MaxBackward1>)
tensor(-0.3761, device='cuda:0', grad_fn=<MinBackward1>)
Epoch 12:  43%|████▎     | 3/7 [00:07<00:10,  0.39it/s, v_num=y94l, val_loss=0.665]Epoch 12:  43%|████▎     | 3/7 [00:07<00:10,  0.39it/s, v_num=y94l, val_loss=0.665]tensor(0.8073, device='cuda:0', grad_fn=<MaxBackward1>)
tensor(-0.2392, device='cuda:0', grad_fn=<MinBackward1>)
Epoch 12:  57%|█████▋    | 4/7 [00:09<00:07,  0.40it/s, v_num=y94l, val_loss=0.665]Epoch 12:  57%|█████▋    | 4/7 [00:09<00:07,  0.40it/s, v_num=y94l, val_loss=0.665]tensor(0.5542, device='cuda:0', grad_fn=<MaxBackward1>)
tensor(-0.3974, device='cuda:0', grad_fn=<MinBackward1>)
Epoch 12:  71%|███████▏  | 5/7 [00:12<00:04,  0.41it/s, v_num=y94l, val_loss=0.665]Epoch 12:  71%|███████▏  | 5/7 [00:12<00:04,  0.41it/s, v_num=y94l, val_loss=0.665]tensor(0.9237, device='cuda:0', grad_fn=<MaxBackward1>)
tensor(-0.3510, device='cuda:0', grad_fn=<MinBackward1>)
Epoch 12:  86%|████████▌ | 6/7 [00:14<00:02,  0.41it/s, v_num=y94l, val_loss=0.665]Epoch 12:  86%|████████▌ | 6/7 [00:14<00:02,  0.41it/s, v_num=y94l, val_loss=0.665]tensor(0.4340, device='cuda:0', grad_fn=<MaxBackward1>)
tensor(-0.2771, device='cuda:0', grad_fn=<MinBackward1>)
Epoch 12: 100%|██████████| 7/7 [00:16<00:00,  0.44it/s, v_num=y94l, val_loss=0.665]Epoch 12: 100%|██████████| 7/7 [00:16<00:00,  0.44it/s, v_num=y94l, val_loss=0.665]
Validation: |          | 0/? [00:00<?, ?it/s][A
Validation:   0%|          | 0/4 [00:00<?, ?it/s][A
Validation DataLoader 0:   0%|          | 0/4 [00:00<?, ?it/s][Atensor(0.3855, device='cuda:0')
tensor(-0.1399, device='cuda:0')

Validation DataLoader 0:  25%|██▌       | 1/4 [00:02<00:07,  0.40it/s][Atensor(0.3732, device='cuda:0')
tensor(-0.1441, device='cuda:0')

Validation DataLoader 0:  50%|█████     | 2/4 [00:04<00:04,  0.42it/s][Atensor(0.3933, device='cuda:0')
tensor(-0.1905, device='cuda:0')

Validation DataLoader 0:  75%|███████▌  | 3/4 [00:06<00:02,  0.43it/s][Atensor(0.3258, device='cuda:0')
tensor(-0.2095, device='cuda:0')

Validation DataLoader 0: 100%|██████████| 4/4 [00:07<00:00,  0.51it/s][A
==================================================
Stage: VAL
Predicted class distribution: 0s = 23, 1s = 84
Actual label distribution:    0s = 80, 1s = 27
Actual Imbalance Ratio (0:1): 2.96:1
==================================================
✅ Model is predicting both classes.

                                                                      [AEpoch 12: 100%|██████████| 7/7 [00:24<00:00,  0.29it/s, v_num=y94l, val_loss=0.647]Epoch 12: 100%|██████████| 7/7 [00:24<00:00,  0.29it/s, v_num=y94l, val_loss=0.647]Epoch 12:   0%|          | 0/7 [00:00<?, ?it/s, v_num=y94l, val_loss=0.647]        Epoch 13:   0%|          | 0/7 [00:00<?, ?it/s, v_num=y94l, val_loss=0.647]tensor(0.7844, device='cuda:0', grad_fn=<MaxBackward1>)
tensor(-0.7232, device='cuda:0', grad_fn=<MinBackward1>)
Epoch 13:  14%|█▍        | 1/7 [00:03<00:18,  0.32it/s, v_num=y94l, val_loss=0.647]Epoch 13:  14%|█▍        | 1/7 [00:03<00:18,  0.32it/s, v_num=y94l, val_loss=0.647]tensor(0.4711, device='cuda:0', grad_fn=<MaxBackward1>)
tensor(-0.3873, device='cuda:0', grad_fn=<MinBackward1>)
Epoch 13:  29%|██▊       | 2/7 [00:05<00:13,  0.37it/s, v_num=y94l, val_loss=0.647]Epoch 13:  29%|██▊       | 2/7 [00:05<00:13,  0.37it/s, v_num=y94l, val_loss=0.647]tensor(0.6718, device='cuda:0', grad_fn=<MaxBackward1>)
tensor(-0.4553, device='cuda:0', grad_fn=<MinBackward1>)
Epoch 13:  43%|████▎     | 3/7 [00:07<00:10,  0.39it/s, v_num=y94l, val_loss=0.647]Epoch 13:  43%|████▎     | 3/7 [00:07<00:10,  0.39it/s, v_num=y94l, val_loss=0.647]tensor(0.6030, device='cuda:0', grad_fn=<MaxBackward1>)
tensor(-0.3266, device='cuda:0', grad_fn=<MinBackward1>)
Epoch 13:  57%|█████▋    | 4/7 [00:09<00:07,  0.40it/s, v_num=y94l, val_loss=0.647]Epoch 13:  57%|█████▋    | 4/7 [00:09<00:07,  0.40it/s, v_num=y94l, val_loss=0.647]tensor(0.6644, device='cuda:0', grad_fn=<MaxBackward1>)
tensor(-0.3475, device='cuda:0', grad_fn=<MinBackward1>)
Epoch 13:  71%|███████▏  | 5/7 [00:12<00:04,  0.41it/s, v_num=y94l, val_loss=0.647]Epoch 13:  71%|███████▏  | 5/7 [00:12<00:04,  0.41it/s, v_num=y94l, val_loss=0.647]tensor(0.7538, device='cuda:0', grad_fn=<MaxBackward1>)
tensor(-0.3008, device='cuda:0', grad_fn=<MinBackward1>)
Epoch 13:  86%|████████▌ | 6/7 [00:14<00:02,  0.41it/s, v_num=y94l, val_loss=0.647]Epoch 13:  86%|████████▌ | 6/7 [00:14<00:02,  0.41it/s, v_num=y94l, val_loss=0.647]tensor(0.5910, device='cuda:0', grad_fn=<MaxBackward1>)
tensor(-0.3580, device='cuda:0', grad_fn=<MinBackward1>)
Epoch 13: 100%|██████████| 7/7 [00:16<00:00,  0.44it/s, v_num=y94l, val_loss=0.647]Epoch 13: 100%|██████████| 7/7 [00:16<00:00,  0.44it/s, v_num=y94l, val_loss=0.647]
Validation: |          | 0/? [00:00<?, ?it/s][A
Validation:   0%|          | 0/4 [00:00<?, ?it/s][A
Validation DataLoader 0:   0%|          | 0/4 [00:00<?, ?it/s][Atensor(0.4681, device='cuda:0')
tensor(-0.1649, device='cuda:0')

Validation DataLoader 0:  25%|██▌       | 1/4 [00:02<00:07,  0.41it/s][Atensor(0.4525, device='cuda:0')
tensor(-0.1512, device='cuda:0')

Validation DataLoader 0:  50%|█████     | 2/4 [00:04<00:04,  0.42it/s][Atensor(0.4619, device='cuda:0')
tensor(-0.2176, device='cuda:0')

Validation DataLoader 0:  75%|███████▌  | 3/4 [00:06<00:02,  0.43it/s][Atensor(0.4011, device='cuda:0')
tensor(-0.2259, device='cuda:0')

Validation DataLoader 0: 100%|██████████| 4/4 [00:07<00:00,  0.51it/s][A
==================================================
Stage: VAL
Predicted class distribution: 0s = 33, 1s = 74
Actual label distribution:    0s = 80, 1s = 27
Actual Imbalance Ratio (0:1): 2.96:1
==================================================
✅ Model is predicting both classes.

                                                                      [AEpoch 13: 100%|██████████| 7/7 [00:24<00:00,  0.29it/s, v_num=y94l, val_loss=0.629]Epoch 13: 100%|██████████| 7/7 [00:24<00:00,  0.29it/s, v_num=y94l, val_loss=0.629]Epoch 13:   0%|          | 0/7 [00:00<?, ?it/s, v_num=y94l, val_loss=0.629]        Epoch 14:   0%|          | 0/7 [00:00<?, ?it/s, v_num=y94l, val_loss=0.629]tensor(1.0364, device='cuda:0', grad_fn=<MaxBackward1>)
tensor(-0.4438, device='cuda:0', grad_fn=<MinBackward1>)
Epoch 14:  14%|█▍        | 1/7 [00:03<00:18,  0.32it/s, v_num=y94l, val_loss=0.629]Epoch 14:  14%|█▍        | 1/7 [00:03<00:18,  0.32it/s, v_num=y94l, val_loss=0.629]tensor(1.0314, device='cuda:0', grad_fn=<MaxBackward1>)
tensor(-0.3418, device='cuda:0', grad_fn=<MinBackward1>)
Epoch 14:  29%|██▊       | 2/7 [00:05<00:13,  0.37it/s, v_num=y94l, val_loss=0.629]Epoch 14:  29%|██▊       | 2/7 [00:05<00:13,  0.37it/s, v_num=y94l, val_loss=0.629]tensor(0.9663, device='cuda:0', grad_fn=<MaxBackward1>)
tensor(-0.6419, device='cuda:0', grad_fn=<MinBackward1>)
Epoch 14:  43%|████▎     | 3/7 [00:07<00:10,  0.39it/s, v_num=y94l, val_loss=0.629]Epoch 14:  43%|████▎     | 3/7 [00:07<00:10,  0.39it/s, v_num=y94l, val_loss=0.629]tensor(0.9308, device='cuda:0', grad_fn=<MaxBackward1>)
tensor(-0.2470, device='cuda:0', grad_fn=<MinBackward1>)
Epoch 14:  57%|█████▋    | 4/7 [00:10<00:07,  0.40it/s, v_num=y94l, val_loss=0.629]Epoch 14:  57%|█████▋    | 4/7 [00:10<00:07,  0.40it/s, v_num=y94l, val_loss=0.629]tensor(0.7529, device='cuda:0', grad_fn=<MaxBackward1>)
tensor(-0.4043, device='cuda:0', grad_fn=<MinBackward1>)
Epoch 14:  71%|███████▏  | 5/7 [00:12<00:04,  0.41it/s, v_num=y94l, val_loss=0.629]Epoch 14:  71%|███████▏  | 5/7 [00:12<00:04,  0.41it/s, v_num=y94l, val_loss=0.629]tensor(0.8029, device='cuda:0', grad_fn=<MaxBackward1>)
tensor(-0.3523, device='cuda:0', grad_fn=<MinBackward1>)
Epoch 14:  86%|████████▌ | 6/7 [00:14<00:02,  0.41it/s, v_num=y94l, val_loss=0.629]Epoch 14:  86%|████████▌ | 6/7 [00:14<00:02,  0.41it/s, v_num=y94l, val_loss=0.629]tensor(0.8145, device='cuda:0', grad_fn=<MaxBackward1>)
tensor(-0.3585, device='cuda:0', grad_fn=<MinBackward1>)
Epoch 14: 100%|██████████| 7/7 [00:16<00:00,  0.43it/s, v_num=y94l, val_loss=0.629]Epoch 14: 100%|██████████| 7/7 [00:16<00:00,  0.43it/s, v_num=y94l, val_loss=0.629]
Validation: |          | 0/? [00:00<?, ?it/s][A
Validation:   0%|          | 0/4 [00:00<?, ?it/s][A
Validation DataLoader 0:   0%|          | 0/4 [00:00<?, ?it/s][Atensor(0.5132, device='cuda:0')
tensor(-0.1763, device='cuda:0')

Validation DataLoader 0:  25%|██▌       | 1/4 [00:02<00:07,  0.40it/s][Atensor(0.5020, device='cuda:0')
tensor(-0.1483, device='cuda:0')

Validation DataLoader 0:  50%|█████     | 2/4 [00:04<00:04,  0.42it/s][Atensor(0.5126, device='cuda:0')
tensor(-0.2273, device='cuda:0')

Validation DataLoader 0:  75%|███████▌  | 3/4 [00:07<00:02,  0.43it/s][Atensor(0.4362, device='cuda:0')
tensor(-0.2325, device='cuda:0')

Validation DataLoader 0: 100%|██████████| 4/4 [00:07<00:00,  0.51it/s][A
==================================================
Stage: VAL
Predicted class distribution: 0s = 44, 1s = 63
Actual label distribution:    0s = 80, 1s = 27
Actual Imbalance Ratio (0:1): 2.96:1
==================================================
✅ Model is predicting both classes.

                                                                      [AEpoch 14: 100%|██████████| 7/7 [00:24<00:00,  0.28it/s, v_num=y94l, val_loss=0.619]Epoch 14: 100%|██████████| 7/7 [00:24<00:00,  0.28it/s, v_num=y94l, val_loss=0.619]Epoch 14:   0%|          | 0/7 [00:00<?, ?it/s, v_num=y94l, val_loss=0.619]        Epoch 15:   0%|          | 0/7 [00:00<?, ?it/s, v_num=y94l, val_loss=0.619]tensor(0.9163, device='cuda:0', grad_fn=<MaxBackward1>)
tensor(-0.5845, device='cuda:0', grad_fn=<MinBackward1>)
Epoch 15:  14%|█▍        | 1/7 [00:03<00:18,  0.32it/s, v_num=y94l, val_loss=0.619]Epoch 15:  14%|█▍        | 1/7 [00:03<00:18,  0.32it/s, v_num=y94l, val_loss=0.619]tensor(1.2058, device='cuda:0', grad_fn=<MaxBackward1>)
tensor(-0.4028, device='cuda:0', grad_fn=<MinBackward1>)
Epoch 15:  29%|██▊       | 2/7 [00:05<00:13,  0.37it/s, v_num=y94l, val_loss=0.619]Epoch 15:  29%|██▊       | 2/7 [00:05<00:13,  0.37it/s, v_num=y94l, val_loss=0.619]tensor(0.7516, device='cuda:0', grad_fn=<MaxBackward1>)
tensor(-0.3964, device='cuda:0', grad_fn=<MinBackward1>)
Epoch 15:  43%|████▎     | 3/7 [00:07<00:10,  0.39it/s, v_num=y94l, val_loss=0.619]Epoch 15:  43%|████▎     | 3/7 [00:07<00:10,  0.39it/s, v_num=y94l, val_loss=0.619]tensor(0.7669, device='cuda:0', grad_fn=<MaxBackward1>)
tensor(-0.3800, device='cuda:0', grad_fn=<MinBackward1>)
Epoch 15:  57%|█████▋    | 4/7 [00:09<00:07,  0.40it/s, v_num=y94l, val_loss=0.619]Epoch 15:  57%|█████▋    | 4/7 [00:09<00:07,  0.40it/s, v_num=y94l, val_loss=0.619]tensor(0.6101, device='cuda:0', grad_fn=<MaxBackward1>)
tensor(-0.5346, device='cuda:0', grad_fn=<MinBackward1>)
Epoch 15:  71%|███████▏  | 5/7 [00:12<00:04,  0.41it/s, v_num=y94l, val_loss=0.619]Epoch 15:  71%|███████▏  | 5/7 [00:12<00:04,  0.41it/s, v_num=y94l, val_loss=0.619]tensor(1.3055, device='cuda:0', grad_fn=<MaxBackward1>)
tensor(-0.8448, device='cuda:0', grad_fn=<MinBackward1>)
Epoch 15:  86%|████████▌ | 6/7 [00:14<00:02,  0.41it/s, v_num=y94l, val_loss=0.619]Epoch 15:  86%|████████▌ | 6/7 [00:14<00:02,  0.41it/s, v_num=y94l, val_loss=0.619]tensor(0.6912, device='cuda:0', grad_fn=<MaxBackward1>)
tensor(-0.5781, device='cuda:0', grad_fn=<MinBackward1>)
Epoch 15: 100%|██████████| 7/7 [00:16<00:00,  0.44it/s, v_num=y94l, val_loss=0.619]Epoch 15: 100%|██████████| 7/7 [00:16<00:00,  0.44it/s, v_num=y94l, val_loss=0.619]
Validation: |          | 0/? [00:00<?, ?it/s][A
Validation:   0%|          | 0/4 [00:00<?, ?it/s][A
Validation DataLoader 0:   0%|          | 0/4 [00:00<?, ?it/s][Atensor(0.5081, device='cuda:0')
tensor(-0.1960, device='cuda:0')

Validation DataLoader 0:  25%|██▌       | 1/4 [00:02<00:07,  0.40it/s][Atensor(0.5298, device='cuda:0')
tensor(-0.1578, device='cuda:0')

Validation DataLoader 0:  50%|█████     | 2/4 [00:04<00:04,  0.42it/s][Atensor(0.5323, device='cuda:0')
tensor(-0.2411, device='cuda:0')

Validation DataLoader 0:  75%|███████▌  | 3/4 [00:06<00:02,  0.43it/s][Atensor(0.4298, device='cuda:0')
tensor(-0.2465, device='cuda:0')

Validation DataLoader 0: 100%|██████████| 4/4 [00:07<00:00,  0.52it/s][A
==================================================
Stage: VAL
Predicted class distribution: 0s = 45, 1s = 62
Actual label distribution:    0s = 80, 1s = 27
Actual Imbalance Ratio (0:1): 2.96:1
==================================================
✅ Model is predicting both classes.

                                                                      [AEpoch 15: 100%|██████████| 7/7 [00:24<00:00,  0.28it/s, v_num=y94l, val_loss=0.617]Epoch 15: 100%|██████████| 7/7 [00:24<00:00,  0.28it/s, v_num=y94l, val_loss=0.617]Epoch 15:   0%|          | 0/7 [00:00<?, ?it/s, v_num=y94l, val_loss=0.617]        Epoch 16:   0%|          | 0/7 [00:00<?, ?it/s, v_num=y94l, val_loss=0.617]tensor(0.8384, device='cuda:0', grad_fn=<MaxBackward1>)
tensor(-0.4882, device='cuda:0', grad_fn=<MinBackward1>)
Epoch 16:  14%|█▍        | 1/7 [00:03<00:19,  0.31it/s, v_num=y94l, val_loss=0.617]Epoch 16:  14%|█▍        | 1/7 [00:03<00:19,  0.31it/s, v_num=y94l, val_loss=0.617]tensor(0.7489, device='cuda:0', grad_fn=<MaxBackward1>)
tensor(-0.4484, device='cuda:0', grad_fn=<MinBackward1>)
Epoch 16:  29%|██▊       | 2/7 [00:05<00:13,  0.36it/s, v_num=y94l, val_loss=0.617]Epoch 16:  29%|██▊       | 2/7 [00:05<00:13,  0.36it/s, v_num=y94l, val_loss=0.617]tensor(0.8602, device='cuda:0', grad_fn=<MaxBackward1>)
tensor(-1.0634, device='cuda:0', grad_fn=<MinBackward1>)
Epoch 16:  43%|████▎     | 3/7 [00:07<00:10,  0.39it/s, v_num=y94l, val_loss=0.617]Epoch 16:  43%|████▎     | 3/7 [00:07<00:10,  0.39it/s, v_num=y94l, val_loss=0.617]tensor(1.0621, device='cuda:0', grad_fn=<MaxBackward1>)
tensor(-0.5377, device='cuda:0', grad_fn=<MinBackward1>)
Epoch 16:  57%|█████▋    | 4/7 [00:10<00:07,  0.40it/s, v_num=y94l, val_loss=0.617]Epoch 16:  57%|█████▋    | 4/7 [00:10<00:07,  0.40it/s, v_num=y94l, val_loss=0.617]tensor(0.6163, device='cuda:0', grad_fn=<MaxBackward1>)
tensor(-0.4253, device='cuda:0', grad_fn=<MinBackward1>)
Epoch 16:  71%|███████▏  | 5/7 [00:12<00:04,  0.41it/s, v_num=y94l, val_loss=0.617]Epoch 16:  71%|███████▏  | 5/7 [00:12<00:04,  0.41it/s, v_num=y94l, val_loss=0.617]tensor(0.8722, device='cuda:0', grad_fn=<MaxBackward1>)
tensor(-0.6056, device='cuda:0', grad_fn=<MinBackward1>)
Epoch 16:  86%|████████▌ | 6/7 [00:14<00:02,  0.41it/s, v_num=y94l, val_loss=0.617]Epoch 16:  86%|████████▌ | 6/7 [00:14<00:02,  0.41it/s, v_num=y94l, val_loss=0.617]tensor(0.7376, device='cuda:0', grad_fn=<MaxBackward1>)
tensor(-0.4403, device='cuda:0', grad_fn=<MinBackward1>)
Epoch 16: 100%|██████████| 7/7 [00:16<00:00,  0.43it/s, v_num=y94l, val_loss=0.617]Epoch 16: 100%|██████████| 7/7 [00:16<00:00,  0.43it/s, v_num=y94l, val_loss=0.617]
Validation: |          | 0/? [00:00<?, ?it/s][A
Validation:   0%|          | 0/4 [00:00<?, ?it/s][A
Validation DataLoader 0:   0%|          | 0/4 [00:00<?, ?it/s][Atensor(0.5085, device='cuda:0')
tensor(-0.2234, device='cuda:0')

Validation DataLoader 0:  25%|██▌       | 1/4 [00:02<00:07,  0.41it/s][Atensor(0.5503, device='cuda:0')
tensor(-0.1846, device='cuda:0')

Validation DataLoader 0:  50%|█████     | 2/4 [00:04<00:04,  0.42it/s][Atensor(0.5552, device='cuda:0')
tensor(-0.2723, device='cuda:0')

Validation DataLoader 0:  75%|███████▌  | 3/4 [00:06<00:02,  0.43it/s][Atensor(0.4243, device='cuda:0')
tensor(-0.2737, device='cuda:0')

Validation DataLoader 0: 100%|██████████| 4/4 [00:07<00:00,  0.52it/s][A
==================================================
Stage: VAL
Predicted class distribution: 0s = 51, 1s = 56
Actual label distribution:    0s = 80, 1s = 27
Actual Imbalance Ratio (0:1): 2.96:1
==================================================
✅ Model is predicting both classes.

                                                                      [AEpoch 16: 100%|██████████| 7/7 [00:24<00:00,  0.29it/s, v_num=y94l, val_loss=0.615]Epoch 16: 100%|██████████| 7/7 [00:24<00:00,  0.29it/s, v_num=y94l, val_loss=0.615]Epoch 16:   0%|          | 0/7 [00:00<?, ?it/s, v_num=y94l, val_loss=0.615]        Epoch 17:   0%|          | 0/7 [00:00<?, ?it/s, v_num=y94l, val_loss=0.615]tensor(0.7233, device='cuda:0', grad_fn=<MaxBackward1>)
tensor(-0.6993, device='cuda:0', grad_fn=<MinBackward1>)
Epoch 17:  14%|█▍        | 1/7 [00:03<00:18,  0.32it/s, v_num=y94l, val_loss=0.615]Epoch 17:  14%|█▍        | 1/7 [00:03<00:18,  0.32it/s, v_num=y94l, val_loss=0.615]tensor(0.6986, device='cuda:0', grad_fn=<MaxBackward1>)
tensor(-0.8935, device='cuda:0', grad_fn=<MinBackward1>)
Epoch 17:  29%|██▊       | 2/7 [00:05<00:13,  0.37it/s, v_num=y94l, val_loss=0.615]Epoch 17:  29%|██▊       | 2/7 [00:05<00:13,  0.37it/s, v_num=y94l, val_loss=0.615]tensor(0.7446, device='cuda:0', grad_fn=<MaxBackward1>)
tensor(-0.3028, device='cuda:0', grad_fn=<MinBackward1>)
Epoch 17:  43%|████▎     | 3/7 [00:07<00:10,  0.39it/s, v_num=y94l, val_loss=0.615]Epoch 17:  43%|████▎     | 3/7 [00:07<00:10,  0.39it/s, v_num=y94l, val_loss=0.615]tensor(0.8579, device='cuda:0', grad_fn=<MaxBackward1>)
tensor(-0.7116, device='cuda:0', grad_fn=<MinBackward1>)
Epoch 17:  57%|█████▋    | 4/7 [00:10<00:07,  0.40it/s, v_num=y94l, val_loss=0.615]Epoch 17:  57%|█████▋    | 4/7 [00:10<00:07,  0.40it/s, v_num=y94l, val_loss=0.615]tensor(0.9066, device='cuda:0', grad_fn=<MaxBackward1>)
tensor(-0.6100, device='cuda:0', grad_fn=<MinBackward1>)
Epoch 17:  71%|███████▏  | 5/7 [00:12<00:04,  0.41it/s, v_num=y94l, val_loss=0.615]Epoch 17:  71%|███████▏  | 5/7 [00:12<00:04,  0.41it/s, v_num=y94l, val_loss=0.615]tensor(0.5072, device='cuda:0', grad_fn=<MaxBackward1>)
tensor(-0.4117, device='cuda:0', grad_fn=<MinBackward1>)
Epoch 17:  86%|████████▌ | 6/7 [00:14<00:02,  0.41it/s, v_num=y94l, val_loss=0.615]Epoch 17:  86%|████████▌ | 6/7 [00:14<00:02,  0.41it/s, v_num=y94l, val_loss=0.615]tensor(0.6468, device='cuda:0', grad_fn=<MaxBackward1>)
tensor(-0.5784, device='cuda:0', grad_fn=<MinBackward1>)
Epoch 17: 100%|██████████| 7/7 [00:16<00:00,  0.43it/s, v_num=y94l, val_loss=0.615]Epoch 17: 100%|██████████| 7/7 [00:16<00:00,  0.43it/s, v_num=y94l, val_loss=0.615]
Validation: |          | 0/? [00:00<?, ?it/s][A
Validation:   0%|          | 0/4 [00:00<?, ?it/s][A
Validation DataLoader 0:   0%|          | 0/4 [00:00<?, ?it/s][Atensor(0.5048, device='cuda:0')
tensor(-0.2311, device='cuda:0')

Validation DataLoader 0:  25%|██▌       | 1/4 [00:02<00:07,  0.41it/s][Atensor(0.5566, device='cuda:0')
tensor(-0.2002, device='cuda:0')

Validation DataLoader 0:  50%|█████     | 2/4 [00:04<00:04,  0.42it/s][Atensor(0.5658, device='cuda:0')
tensor(-0.2888, device='cuda:0')

Validation DataLoader 0:  75%|███████▌  | 3/4 [00:06<00:02,  0.43it/s][Atensor(0.4197, device='cuda:0')
tensor(-0.2801, device='cuda:0')

Validation DataLoader 0: 100%|██████████| 4/4 [00:07<00:00,  0.52it/s][A
==================================================
Stage: VAL
Predicted class distribution: 0s = 48, 1s = 59
Actual label distribution:    0s = 80, 1s = 27
Actual Imbalance Ratio (0:1): 2.96:1
==================================================
✅ Model is predicting both classes.

                                                                      [AEpoch 17: 100%|██████████| 7/7 [00:24<00:00,  0.29it/s, v_num=y94l, val_loss=0.616]Epoch 17: 100%|██████████| 7/7 [00:24<00:00,  0.29it/s, v_num=y94l, val_loss=0.616]Epoch 17:   0%|          | 0/7 [00:00<?, ?it/s, v_num=y94l, val_loss=0.616]        Epoch 18:   0%|          | 0/7 [00:00<?, ?it/s, v_num=y94l, val_loss=0.616]tensor(0.6618, device='cuda:0', grad_fn=<MaxBackward1>)
tensor(-0.7453, device='cuda:0', grad_fn=<MinBackward1>)
Epoch 18:  14%|█▍        | 1/7 [00:03<00:18,  0.32it/s, v_num=y94l, val_loss=0.616]Epoch 18:  14%|█▍        | 1/7 [00:03<00:18,  0.32it/s, v_num=y94l, val_loss=0.616]tensor(0.7209, device='cuda:0', grad_fn=<MaxBackward1>)
tensor(-0.3992, device='cuda:0', grad_fn=<MinBackward1>)
Epoch 18:  29%|██▊       | 2/7 [00:05<00:13,  0.37it/s, v_num=y94l, val_loss=0.616]Epoch 18:  29%|██▊       | 2/7 [00:05<00:13,  0.37it/s, v_num=y94l, val_loss=0.616]tensor(0.6289, device='cuda:0', grad_fn=<MaxBackward1>)
tensor(-0.4999, device='cuda:0', grad_fn=<MinBackward1>)
Epoch 18:  43%|████▎     | 3/7 [00:07<00:10,  0.39it/s, v_num=y94l, val_loss=0.616]Epoch 18:  43%|████▎     | 3/7 [00:07<00:10,  0.39it/s, v_num=y94l, val_loss=0.616]tensor(0.7525, device='cuda:0', grad_fn=<MaxBackward1>)
tensor(-0.4875, device='cuda:0', grad_fn=<MinBackward1>)
Epoch 18:  57%|█████▋    | 4/7 [00:09<00:07,  0.40it/s, v_num=y94l, val_loss=0.616]Epoch 18:  57%|█████▋    | 4/7 [00:09<00:07,  0.40it/s, v_num=y94l, val_loss=0.616]tensor(0.6605, device='cuda:0', grad_fn=<MaxBackward1>)
tensor(-0.5382, device='cuda:0', grad_fn=<MinBackward1>)
Epoch 18:  71%|███████▏  | 5/7 [00:12<00:04,  0.41it/s, v_num=y94l, val_loss=0.616]Epoch 18:  71%|███████▏  | 5/7 [00:12<00:04,  0.41it/s, v_num=y94l, val_loss=0.616]tensor(1.6998, device='cuda:0', grad_fn=<MaxBackward1>)
tensor(-0.5695, device='cuda:0', grad_fn=<MinBackward1>)
Epoch 18:  86%|████████▌ | 6/7 [00:14<00:02,  0.41it/s, v_num=y94l, val_loss=0.616]Epoch 18:  86%|████████▌ | 6/7 [00:14<00:02,  0.41it/s, v_num=y94l, val_loss=0.616]tensor(0.9178, device='cuda:0', grad_fn=<MaxBackward1>)
tensor(-0.4752, device='cuda:0', grad_fn=<MinBackward1>)
Epoch 18: 100%|██████████| 7/7 [00:16<00:00,  0.44it/s, v_num=y94l, val_loss=0.616]Epoch 18: 100%|██████████| 7/7 [00:16<00:00,  0.44it/s, v_num=y94l, val_loss=0.616]
Validation: |          | 0/? [00:00<?, ?it/s][A
Validation:   0%|          | 0/4 [00:00<?, ?it/s][A
Validation DataLoader 0:   0%|          | 0/4 [00:00<?, ?it/s][Atensor(0.5530, device='cuda:0')
tensor(-0.2389, device='cuda:0')

Validation DataLoader 0:  25%|██▌       | 1/4 [00:02<00:07,  0.41it/s][Atensor(0.5723, device='cuda:0')
tensor(-0.2079, device='cuda:0')

Validation DataLoader 0:  50%|█████     | 2/4 [00:04<00:04,  0.42it/s][Atensor(0.5959, device='cuda:0')
tensor(-0.2860, device='cuda:0')

Validation DataLoader 0:  75%|███████▌  | 3/4 [00:06<00:02,  0.43it/s][Atensor(0.4515, device='cuda:0')
tensor(-0.2752, device='cuda:0')

Validation DataLoader 0: 100%|██████████| 4/4 [00:07<00:00,  0.52it/s][A
==================================================
Stage: VAL
Predicted class distribution: 0s = 55, 1s = 52
Actual label distribution:    0s = 80, 1s = 27
Actual Imbalance Ratio (0:1): 2.96:1
==================================================
✅ Model is predicting both classes.

                                                                      [AEpoch 18: 100%|██████████| 7/7 [00:24<00:00,  0.29it/s, v_num=y94l, val_loss=0.609]Epoch 18: 100%|██████████| 7/7 [00:24<00:00,  0.29it/s, v_num=y94l, val_loss=0.609]Epoch 18:   0%|          | 0/7 [00:00<?, ?it/s, v_num=y94l, val_loss=0.609]        Epoch 19:   0%|          | 0/7 [00:00<?, ?it/s, v_num=y94l, val_loss=0.609]tensor(0.9124, device='cuda:0', grad_fn=<MaxBackward1>)
tensor(-0.6209, device='cuda:0', grad_fn=<MinBackward1>)
Epoch 19:  14%|█▍        | 1/7 [00:03<00:18,  0.32it/s, v_num=y94l, val_loss=0.609]Epoch 19:  14%|█▍        | 1/7 [00:03<00:18,  0.32it/s, v_num=y94l, val_loss=0.609]tensor(0.8545, device='cuda:0', grad_fn=<MaxBackward1>)
tensor(-0.4338, device='cuda:0', grad_fn=<MinBackward1>)
Epoch 19:  29%|██▊       | 2/7 [00:05<00:13,  0.37it/s, v_num=y94l, val_loss=0.609]Epoch 19:  29%|██▊       | 2/7 [00:05<00:13,  0.37it/s, v_num=y94l, val_loss=0.609]tensor(0.8235, device='cuda:0', grad_fn=<MaxBackward1>)
tensor(-0.4615, device='cuda:0', grad_fn=<MinBackward1>)
Epoch 19:  43%|████▎     | 3/7 [00:07<00:10,  0.39it/s, v_num=y94l, val_loss=0.609]Epoch 19:  43%|████▎     | 3/7 [00:07<00:10,  0.39it/s, v_num=y94l, val_loss=0.609]tensor(1.1337, device='cuda:0', grad_fn=<MaxBackward1>)
tensor(-0.8015, device='cuda:0', grad_fn=<MinBackward1>)
Epoch 19:  57%|█████▋    | 4/7 [00:09<00:07,  0.40it/s, v_num=y94l, val_loss=0.609]Epoch 19:  57%|█████▋    | 4/7 [00:09<00:07,  0.40it/s, v_num=y94l, val_loss=0.609]tensor(1.2449, device='cuda:0', grad_fn=<MaxBackward1>)
tensor(-0.4811, device='cuda:0', grad_fn=<MinBackward1>)
Epoch 19:  71%|███████▏  | 5/7 [00:12<00:04,  0.41it/s, v_num=y94l, val_loss=0.609]Epoch 19:  71%|███████▏  | 5/7 [00:12<00:04,  0.41it/s, v_num=y94l, val_loss=0.609]tensor(0.6192, device='cuda:0', grad_fn=<MaxBackward1>)
tensor(-0.4866, device='cuda:0', grad_fn=<MinBackward1>)
Epoch 19:  86%|████████▌ | 6/7 [00:14<00:02,  0.41it/s, v_num=y94l, val_loss=0.609]Epoch 19:  86%|████████▌ | 6/7 [00:14<00:02,  0.41it/s, v_num=y94l, val_loss=0.609]tensor(0.5920, device='cuda:0', grad_fn=<MaxBackward1>)
tensor(-0.4990, device='cuda:0', grad_fn=<MinBackward1>)
Epoch 19: 100%|██████████| 7/7 [00:16<00:00,  0.44it/s, v_num=y94l, val_loss=0.609]Epoch 19: 100%|██████████| 7/7 [00:16<00:00,  0.44it/s, v_num=y94l, val_loss=0.609]
Validation: |          | 0/? [00:00<?, ?it/s][A
Validation:   0%|          | 0/4 [00:00<?, ?it/s][A
Validation DataLoader 0:   0%|          | 0/4 [00:00<?, ?it/s][Atensor(0.5572, device='cuda:0')
tensor(-0.2589, device='cuda:0')

Validation DataLoader 0:  25%|██▌       | 1/4 [00:02<00:07,  0.41it/s][Atensor(0.5803, device='cuda:0')
tensor(-0.2434, device='cuda:0')

Validation DataLoader 0:  50%|█████     | 2/4 [00:04<00:04,  0.42it/s][Atensor(0.6134, device='cuda:0')
tensor(-0.3041, device='cuda:0')

Validation DataLoader 0:  75%|███████▌  | 3/4 [00:06<00:02,  0.43it/s][Atensor(0.4520, device='cuda:0')
tensor(-0.2994, device='cuda:0')

Validation DataLoader 0: 100%|██████████| 4/4 [00:07<00:00,  0.52it/s][A
==================================================
Stage: VAL
Predicted class distribution: 0s = 54, 1s = 53
Actual label distribution:    0s = 80, 1s = 27
Actual Imbalance Ratio (0:1): 2.96:1
==================================================
✅ Model is predicting both classes.

                                                                      [AEpoch 19: 100%|██████████| 7/7 [00:24<00:00,  0.29it/s, v_num=y94l, val_loss=0.612]Epoch 19: 100%|██████████| 7/7 [00:24<00:00,  0.29it/s, v_num=y94l, val_loss=0.612]Epoch 19:   0%|          | 0/7 [00:00<?, ?it/s, v_num=y94l, val_loss=0.612]        Epoch 20:   0%|          | 0/7 [00:00<?, ?it/s, v_num=y94l, val_loss=0.612]tensor(0.7171, device='cuda:0', grad_fn=<MaxBackward1>)
tensor(-0.4873, device='cuda:0', grad_fn=<MinBackward1>)
Epoch 20:  14%|█▍        | 1/7 [00:03<00:19,  0.31it/s, v_num=y94l, val_loss=0.612]Epoch 20:  14%|█▍        | 1/7 [00:03<00:19,  0.31it/s, v_num=y94l, val_loss=0.612]tensor(0.7240, device='cuda:0', grad_fn=<MaxBackward1>)
tensor(-0.6263, device='cuda:0', grad_fn=<MinBackward1>)
Epoch 20:  29%|██▊       | 2/7 [00:05<00:13,  0.36it/s, v_num=y94l, val_loss=0.612]Epoch 20:  29%|██▊       | 2/7 [00:05<00:13,  0.36it/s, v_num=y94l, val_loss=0.612]tensor(0.6938, device='cuda:0', grad_fn=<MaxBackward1>)
tensor(-0.4832, device='cuda:0', grad_fn=<MinBackward1>)
Epoch 20:  43%|████▎     | 3/7 [00:07<00:10,  0.39it/s, v_num=y94l, val_loss=0.612]Epoch 20:  43%|████▎     | 3/7 [00:07<00:10,  0.39it/s, v_num=y94l, val_loss=0.612]tensor(1.0050, device='cuda:0', grad_fn=<MaxBackward1>)
tensor(-0.3779, device='cuda:0', grad_fn=<MinBackward1>)
Epoch 20:  57%|█████▋    | 4/7 [00:10<00:07,  0.40it/s, v_num=y94l, val_loss=0.612]Epoch 20:  57%|█████▋    | 4/7 [00:10<00:07,  0.40it/s, v_num=y94l, val_loss=0.612]tensor(0.9592, device='cuda:0', grad_fn=<MaxBackward1>)
tensor(-0.8068, device='cuda:0', grad_fn=<MinBackward1>)
Epoch 20:  71%|███████▏  | 5/7 [00:12<00:04,  0.41it/s, v_num=y94l, val_loss=0.612]Epoch 20:  71%|███████▏  | 5/7 [00:12<00:04,  0.41it/s, v_num=y94l, val_loss=0.612]tensor(0.9215, device='cuda:0', grad_fn=<MaxBackward1>)
tensor(-0.5550, device='cuda:0', grad_fn=<MinBackward1>)
Epoch 20:  86%|████████▌ | 6/7 [00:14<00:02,  0.41it/s, v_num=y94l, val_loss=0.612]Epoch 20:  86%|████████▌ | 6/7 [00:14<00:02,  0.41it/s, v_num=y94l, val_loss=0.612]tensor(0.5851, device='cuda:0', grad_fn=<MaxBackward1>)
tensor(-0.4347, device='cuda:0', grad_fn=<MinBackward1>)
Epoch 20: 100%|██████████| 7/7 [00:16<00:00,  0.44it/s, v_num=y94l, val_loss=0.612]Epoch 20: 100%|██████████| 7/7 [00:16<00:00,  0.44it/s, v_num=y94l, val_loss=0.612]
Validation: |          | 0/? [00:00<?, ?it/s][A
Validation:   0%|          | 0/4 [00:00<?, ?it/s][A
Validation DataLoader 0:   0%|          | 0/4 [00:00<?, ?it/s][Atensor(0.5948, device='cuda:0')
tensor(-0.2619, device='cuda:0')

Validation DataLoader 0:  25%|██▌       | 1/4 [00:02<00:07,  0.41it/s][Atensor(0.6180, device='cuda:0')
tensor(-0.2705, device='cuda:0')

Validation DataLoader 0:  50%|█████     | 2/4 [00:04<00:04,  0.42it/s][Atensor(0.6494, device='cuda:0')
tensor(-0.3083, device='cuda:0')

Validation DataLoader 0:  75%|███████▌  | 3/4 [00:06<00:02,  0.43it/s][Atensor(0.4741, device='cuda:0')
tensor(-0.3255, device='cuda:0')

Validation DataLoader 0: 100%|██████████| 4/4 [00:07<00:00,  0.52it/s][A
==================================================
Stage: VAL
Predicted class distribution: 0s = 57, 1s = 50
Actual label distribution:    0s = 80, 1s = 27
Actual Imbalance Ratio (0:1): 2.96:1
==================================================
✅ Model is predicting both classes.

                                                                      [AEpoch 20: 100%|██████████| 7/7 [00:24<00:00,  0.28it/s, v_num=y94l, val_loss=0.605]Epoch 20: 100%|██████████| 7/7 [00:24<00:00,  0.28it/s, v_num=y94l, val_loss=0.605]Epoch 20:   0%|          | 0/7 [00:00<?, ?it/s, v_num=y94l, val_loss=0.605]        Epoch 21:   0%|          | 0/7 [00:00<?, ?it/s, v_num=y94l, val_loss=0.605]tensor(0.8862, device='cuda:0', grad_fn=<MaxBackward1>)
tensor(-0.6161, device='cuda:0', grad_fn=<MinBackward1>)
Epoch 21:  14%|█▍        | 1/7 [00:03<00:18,  0.32it/s, v_num=y94l, val_loss=0.605]Epoch 21:  14%|█▍        | 1/7 [00:03<00:18,  0.32it/s, v_num=y94l, val_loss=0.605]tensor(0.8836, device='cuda:0', grad_fn=<MaxBackward1>)
tensor(-0.6775, device='cuda:0', grad_fn=<MinBackward1>)
Epoch 21:  29%|██▊       | 2/7 [00:05<00:13,  0.37it/s, v_num=y94l, val_loss=0.605]Epoch 21:  29%|██▊       | 2/7 [00:05<00:13,  0.37it/s, v_num=y94l, val_loss=0.605]tensor(1.2319, device='cuda:0', grad_fn=<MaxBackward1>)
tensor(-0.6961, device='cuda:0', grad_fn=<MinBackward1>)
Epoch 21:  43%|████▎     | 3/7 [00:07<00:10,  0.39it/s, v_num=y94l, val_loss=0.605]Epoch 21:  43%|████▎     | 3/7 [00:07<00:10,  0.39it/s, v_num=y94l, val_loss=0.605]tensor(0.7419, device='cuda:0', grad_fn=<MaxBackward1>)
tensor(-0.6810, device='cuda:0', grad_fn=<MinBackward1>)
Epoch 21:  57%|█████▋    | 4/7 [00:10<00:07,  0.40it/s, v_num=y94l, val_loss=0.605]Epoch 21:  57%|█████▋    | 4/7 [00:10<00:07,  0.40it/s, v_num=y94l, val_loss=0.605]tensor(1.0843, device='cuda:0', grad_fn=<MaxBackward1>)
tensor(-0.7292, device='cuda:0', grad_fn=<MinBackward1>)
Epoch 21:  71%|███████▏  | 5/7 [00:12<00:04,  0.41it/s, v_num=y94l, val_loss=0.605]Epoch 21:  71%|███████▏  | 5/7 [00:12<00:04,  0.41it/s, v_num=y94l, val_loss=0.605]tensor(1.2731, device='cuda:0', grad_fn=<MaxBackward1>)
tensor(-0.5362, device='cuda:0', grad_fn=<MinBackward1>)
Epoch 21:  86%|████████▌ | 6/7 [00:14<00:02,  0.41it/s, v_num=y94l, val_loss=0.605]Epoch 21:  86%|████████▌ | 6/7 [00:14<00:02,  0.41it/s, v_num=y94l, val_loss=0.605]tensor(0.5983, device='cuda:0', grad_fn=<MaxBackward1>)
tensor(-0.6062, device='cuda:0', grad_fn=<MinBackward1>)
Epoch 21: 100%|██████████| 7/7 [00:16<00:00,  0.44it/s, v_num=y94l, val_loss=0.605]Epoch 21: 100%|██████████| 7/7 [00:16<00:00,  0.44it/s, v_num=y94l, val_loss=0.605]
Validation: |          | 0/? [00:00<?, ?it/s][A
Validation:   0%|          | 0/4 [00:00<?, ?it/s][A
Validation DataLoader 0:   0%|          | 0/4 [00:00<?, ?it/s][Atensor(0.6217, device='cuda:0')
tensor(-0.2667, device='cuda:0')

Validation DataLoader 0:  25%|██▌       | 1/4 [00:02<00:07,  0.40it/s][Atensor(0.6602, device='cuda:0')
tensor(-0.2889, device='cuda:0')

Validation DataLoader 0:  50%|█████     | 2/4 [00:04<00:04,  0.42it/s][Atensor(0.6782, device='cuda:0')
tensor(-0.3043, device='cuda:0')

Validation DataLoader 0:  75%|███████▌  | 3/4 [00:07<00:02,  0.43it/s][Atensor(0.4929, device='cuda:0')
tensor(-0.3476, device='cuda:0')

Validation DataLoader 0: 100%|██████████| 4/4 [00:07<00:00,  0.51it/s][A
==================================================
Stage: VAL
Predicted class distribution: 0s = 59, 1s = 48
Actual label distribution:    0s = 80, 1s = 27
Actual Imbalance Ratio (0:1): 2.96:1
==================================================
✅ Model is predicting both classes.

                                                                      [AEpoch 21: 100%|██████████| 7/7 [00:24<00:00,  0.29it/s, v_num=y94l, val_loss=0.595]Epoch 21: 100%|██████████| 7/7 [00:24<00:00,  0.29it/s, v_num=y94l, val_loss=0.595]Epoch 21:   0%|          | 0/7 [00:00<?, ?it/s, v_num=y94l, val_loss=0.595]        Epoch 22:   0%|          | 0/7 [00:00<?, ?it/s, v_num=y94l, val_loss=0.595]tensor(1.1798, device='cuda:0', grad_fn=<MaxBackward1>)
tensor(-0.6678, device='cuda:0', grad_fn=<MinBackward1>)
Epoch 22:  14%|█▍        | 1/7 [00:03<00:18,  0.32it/s, v_num=y94l, val_loss=0.595]Epoch 22:  14%|█▍        | 1/7 [00:03<00:18,  0.32it/s, v_num=y94l, val_loss=0.595]tensor(1.0995, device='cuda:0', grad_fn=<MaxBackward1>)
tensor(-0.4699, device='cuda:0', grad_fn=<MinBackward1>)
Epoch 22:  29%|██▊       | 2/7 [00:05<00:13,  0.37it/s, v_num=y94l, val_loss=0.595]Epoch 22:  29%|██▊       | 2/7 [00:05<00:13,  0.37it/s, v_num=y94l, val_loss=0.595]tensor(1.0277, device='cuda:0', grad_fn=<MaxBackward1>)
tensor(-0.3298, device='cuda:0', grad_fn=<MinBackward1>)
Epoch 22:  43%|████▎     | 3/7 [00:07<00:10,  0.39it/s, v_num=y94l, val_loss=0.595]Epoch 22:  43%|████▎     | 3/7 [00:07<00:10,  0.39it/s, v_num=y94l, val_loss=0.595]tensor(0.8628, device='cuda:0', grad_fn=<MaxBackward1>)
tensor(-0.5994, device='cuda:0', grad_fn=<MinBackward1>)
Epoch 22:  57%|█████▋    | 4/7 [00:10<00:07,  0.40it/s, v_num=y94l, val_loss=0.595]Epoch 22:  57%|█████▋    | 4/7 [00:10<00:07,  0.40it/s, v_num=y94l, val_loss=0.595]tensor(0.8509, device='cuda:0', grad_fn=<MaxBackward1>)
tensor(-0.7301, device='cuda:0', grad_fn=<MinBackward1>)
Epoch 22:  71%|███████▏  | 5/7 [00:12<00:04,  0.41it/s, v_num=y94l, val_loss=0.595]Epoch 22:  71%|███████▏  | 5/7 [00:12<00:04,  0.41it/s, v_num=y94l, val_loss=0.595]tensor(0.8305, device='cuda:0', grad_fn=<MaxBackward1>)
tensor(-0.6124, device='cuda:0', grad_fn=<MinBackward1>)
Epoch 22:  86%|████████▌ | 6/7 [00:14<00:02,  0.41it/s, v_num=y94l, val_loss=0.595]Epoch 22:  86%|████████▌ | 6/7 [00:14<00:02,  0.41it/s, v_num=y94l, val_loss=0.595]tensor(1.2701, device='cuda:0', grad_fn=<MaxBackward1>)
tensor(-1.4796, device='cuda:0', grad_fn=<MinBackward1>)
Epoch 22: 100%|██████████| 7/7 [00:16<00:00,  0.44it/s, v_num=y94l, val_loss=0.595]Epoch 22: 100%|██████████| 7/7 [00:16<00:00,  0.44it/s, v_num=y94l, val_loss=0.595]
Validation: |          | 0/? [00:00<?, ?it/s][A
Validation:   0%|          | 0/4 [00:00<?, ?it/s][A
Validation DataLoader 0:   0%|          | 0/4 [00:00<?, ?it/s][Atensor(0.6257, device='cuda:0')
tensor(-0.2986, device='cuda:0')

Validation DataLoader 0:  25%|██▌       | 1/4 [00:02<00:07,  0.40it/s][Atensor(0.6605, device='cuda:0')
tensor(-0.3169, device='cuda:0')

Validation DataLoader 0:  50%|█████     | 2/4 [00:04<00:04,  0.42it/s][Atensor(0.7066, device='cuda:0')
tensor(-0.3218, device='cuda:0')

Validation DataLoader 0:  75%|███████▌  | 3/4 [00:06<00:02,  0.43it/s][Atensor(0.5157, device='cuda:0')
tensor(-0.3849, device='cuda:0')

Validation DataLoader 0: 100%|██████████| 4/4 [00:07<00:00,  0.52it/s][A
==================================================
Stage: VAL
Predicted class distribution: 0s = 60, 1s = 47
Actual label distribution:    0s = 80, 1s = 27
Actual Imbalance Ratio (0:1): 2.96:1
==================================================
✅ Model is predicting both classes.

                                                                      [AEpoch 22: 100%|██████████| 7/7 [00:24<00:00,  0.29it/s, v_num=y94l, val_loss=0.592]Epoch 22: 100%|██████████| 7/7 [00:24<00:00,  0.29it/s, v_num=y94l, val_loss=0.592]Epoch 22:   0%|          | 0/7 [00:00<?, ?it/s, v_num=y94l, val_loss=0.592]        Epoch 23:   0%|          | 0/7 [00:00<?, ?it/s, v_num=y94l, val_loss=0.592]tensor(1.0149, device='cuda:0', grad_fn=<MaxBackward1>)
tensor(-0.6923, device='cuda:0', grad_fn=<MinBackward1>)
Epoch 23:  14%|█▍        | 1/7 [00:03<00:19,  0.32it/s, v_num=y94l, val_loss=0.592]Epoch 23:  14%|█▍        | 1/7 [00:03<00:19,  0.32it/s, v_num=y94l, val_loss=0.592]tensor(1.0461, device='cuda:0', grad_fn=<MaxBackward1>)
tensor(-0.5575, device='cuda:0', grad_fn=<MinBackward1>)
Epoch 23:  29%|██▊       | 2/7 [00:05<00:13,  0.37it/s, v_num=y94l, val_loss=0.592]Epoch 23:  29%|██▊       | 2/7 [00:05<00:13,  0.37it/s, v_num=y94l, val_loss=0.592]tensor(0.9366, device='cuda:0', grad_fn=<MaxBackward1>)
tensor(-0.5720, device='cuda:0', grad_fn=<MinBackward1>)
Epoch 23:  43%|████▎     | 3/7 [00:07<00:10,  0.39it/s, v_num=y94l, val_loss=0.592]Epoch 23:  43%|████▎     | 3/7 [00:07<00:10,  0.39it/s, v_num=y94l, val_loss=0.592]tensor(0.9238, device='cuda:0', grad_fn=<MaxBackward1>)
tensor(-0.3746, device='cuda:0', grad_fn=<MinBackward1>)
Epoch 23:  57%|█████▋    | 4/7 [00:10<00:07,  0.40it/s, v_num=y94l, val_loss=0.592]Epoch 23:  57%|█████▋    | 4/7 [00:10<00:07,  0.40it/s, v_num=y94l, val_loss=0.592]tensor(1.1631, device='cuda:0', grad_fn=<MaxBackward1>)
tensor(-0.5392, device='cuda:0', grad_fn=<MinBackward1>)
Epoch 23:  71%|███████▏  | 5/7 [00:12<00:04,  0.41it/s, v_num=y94l, val_loss=0.592]Epoch 23:  71%|███████▏  | 5/7 [00:12<00:04,  0.41it/s, v_num=y94l, val_loss=0.592]tensor(0.9123, device='cuda:0', grad_fn=<MaxBackward1>)
tensor(-0.5848, device='cuda:0', grad_fn=<MinBackward1>)
Epoch 23:  86%|████████▌ | 6/7 [00:14<00:02,  0.41it/s, v_num=y94l, val_loss=0.592]Epoch 23:  86%|████████▌ | 6/7 [00:14<00:02,  0.41it/s, v_num=y94l, val_loss=0.592]tensor(0.8036, device='cuda:0', grad_fn=<MaxBackward1>)
tensor(-0.4357, device='cuda:0', grad_fn=<MinBackward1>)
Epoch 23: 100%|██████████| 7/7 [00:16<00:00,  0.44it/s, v_num=y94l, val_loss=0.592]Epoch 23: 100%|██████████| 7/7 [00:16<00:00,  0.44it/s, v_num=y94l, val_loss=0.592]
Validation: |          | 0/? [00:00<?, ?it/s][A
Validation:   0%|          | 0/4 [00:00<?, ?it/s][A
Validation DataLoader 0:   0%|          | 0/4 [00:00<?, ?it/s][Atensor(0.6467, device='cuda:0')
tensor(-0.2990, device='cuda:0')

Validation DataLoader 0:  25%|██▌       | 1/4 [00:02<00:07,  0.41it/s][Atensor(0.7653, device='cuda:0')
tensor(-0.3097, device='cuda:0')

Validation DataLoader 0:  50%|█████     | 2/4 [00:04<00:04,  0.42it/s][Atensor(0.7323, device='cuda:0')
tensor(-0.2927, device='cuda:0')

Validation DataLoader 0:  75%|███████▌  | 3/4 [00:06<00:02,  0.43it/s][Atensor(0.5899, device='cuda:0')
tensor(-0.3810, device='cuda:0')

Validation DataLoader 0: 100%|██████████| 4/4 [00:07<00:00,  0.52it/s][A
==================================================
Stage: VAL
Predicted class distribution: 0s = 62, 1s = 45
Actual label distribution:    0s = 80, 1s = 27
Actual Imbalance Ratio (0:1): 2.96:1
==================================================
✅ Model is predicting both classes.

                                                                      [AEpoch 23: 100%|██████████| 7/7 [00:24<00:00,  0.29it/s, v_num=y94l, val_loss=0.580]Epoch 23: 100%|██████████| 7/7 [00:24<00:00,  0.29it/s, v_num=y94l, val_loss=0.580]Epoch 23:   0%|          | 0/7 [00:00<?, ?it/s, v_num=y94l, val_loss=0.580]        Epoch 24:   0%|          | 0/7 [00:00<?, ?it/s, v_num=y94l, val_loss=0.580]tensor(1.8317, device='cuda:0', grad_fn=<MaxBackward1>)
tensor(-0.4790, device='cuda:0', grad_fn=<MinBackward1>)
Epoch 24:  14%|█▍        | 1/7 [00:03<00:18,  0.32it/s, v_num=y94l, val_loss=0.580]Epoch 24:  14%|█▍        | 1/7 [00:03<00:18,  0.32it/s, v_num=y94l, val_loss=0.580]tensor(1.2271, device='cuda:0', grad_fn=<MaxBackward1>)
tensor(-0.4324, device='cuda:0', grad_fn=<MinBackward1>)
Epoch 24:  29%|██▊       | 2/7 [00:05<00:13,  0.37it/s, v_num=y94l, val_loss=0.580]Epoch 24:  29%|██▊       | 2/7 [00:05<00:13,  0.37it/s, v_num=y94l, val_loss=0.580]tensor(0.9992, device='cuda:0', grad_fn=<MaxBackward1>)
tensor(-0.7506, device='cuda:0', grad_fn=<MinBackward1>)
Epoch 24:  43%|████▎     | 3/7 [00:07<00:10,  0.39it/s, v_num=y94l, val_loss=0.580]Epoch 24:  43%|████▎     | 3/7 [00:07<00:10,  0.39it/s, v_num=y94l, val_loss=0.580]tensor(1.0853, device='cuda:0', grad_fn=<MaxBackward1>)
tensor(-0.7245, device='cuda:0', grad_fn=<MinBackward1>)
Epoch 24:  57%|█████▋    | 4/7 [00:09<00:07,  0.40it/s, v_num=y94l, val_loss=0.580]Epoch 24:  57%|█████▋    | 4/7 [00:09<00:07,  0.40it/s, v_num=y94l, val_loss=0.580]tensor(0.7453, device='cuda:0', grad_fn=<MaxBackward1>)
tensor(-0.7227, device='cuda:0', grad_fn=<MinBackward1>)
Epoch 24:  71%|███████▏  | 5/7 [00:12<00:04,  0.41it/s, v_num=y94l, val_loss=0.580]Epoch 24:  71%|███████▏  | 5/7 [00:12<00:04,  0.41it/s, v_num=y94l, val_loss=0.580]tensor(0.8566, device='cuda:0', grad_fn=<MaxBackward1>)
tensor(-0.4786, device='cuda:0', grad_fn=<MinBackward1>)
Epoch 24:  86%|████████▌ | 6/7 [00:14<00:02,  0.41it/s, v_num=y94l, val_loss=0.580]Epoch 24:  86%|████████▌ | 6/7 [00:14<00:02,  0.41it/s, v_num=y94l, val_loss=0.580]tensor(1.0632, device='cuda:0', grad_fn=<MaxBackward1>)
tensor(-0.7160, device='cuda:0', grad_fn=<MinBackward1>)
Epoch 24: 100%|██████████| 7/7 [00:16<00:00,  0.44it/s, v_num=y94l, val_loss=0.580]Epoch 24: 100%|██████████| 7/7 [00:16<00:00,  0.44it/s, v_num=y94l, val_loss=0.580]
Validation: |          | 0/? [00:00<?, ?it/s][A
Validation:   0%|          | 0/4 [00:00<?, ?it/s][A
Validation DataLoader 0:   0%|          | 0/4 [00:00<?, ?it/s][Atensor(0.6872, device='cuda:0')
tensor(-0.3180, device='cuda:0')

Validation DataLoader 0:  25%|██▌       | 1/4 [00:02<00:07,  0.41it/s][Atensor(0.8191, device='cuda:0')
tensor(-0.2825, device='cuda:0')

Validation DataLoader 0:  50%|█████     | 2/4 [00:04<00:04,  0.43it/s][Atensor(0.7731, device='cuda:0')
tensor(-0.2798, device='cuda:0')

Validation DataLoader 0:  75%|███████▌  | 3/4 [00:06<00:02,  0.43it/s][Atensor(0.6375, device='cuda:0')
tensor(-0.3684, device='cuda:0')

Validation DataLoader 0: 100%|██████████| 4/4 [00:07<00:00,  0.52it/s][A
==================================================
Stage: VAL
Predicted class distribution: 0s = 63, 1s = 44
Actual label distribution:    0s = 80, 1s = 27
Actual Imbalance Ratio (0:1): 2.96:1
==================================================
✅ Model is predicting both classes.

                                                                      [AEpoch 24: 100%|██████████| 7/7 [00:24<00:00,  0.29it/s, v_num=y94l, val_loss=0.569]Epoch 24: 100%|██████████| 7/7 [00:24<00:00,  0.29it/s, v_num=y94l, val_loss=0.569]Epoch 24:   0%|          | 0/7 [00:00<?, ?it/s, v_num=y94l, val_loss=0.569]        Epoch 25:   0%|          | 0/7 [00:00<?, ?it/s, v_num=y94l, val_loss=0.569]tensor(0.8283, device='cuda:0', grad_fn=<MaxBackward1>)
tensor(-0.5971, device='cuda:0', grad_fn=<MinBackward1>)
Epoch 25:  14%|█▍        | 1/7 [00:03<00:18,  0.32it/s, v_num=y94l, val_loss=0.569]Epoch 25:  14%|█▍        | 1/7 [00:03<00:18,  0.32it/s, v_num=y94l, val_loss=0.569]tensor(1.2403, device='cuda:0', grad_fn=<MaxBackward1>)
tensor(-0.5245, device='cuda:0', grad_fn=<MinBackward1>)
Epoch 25:  29%|██▊       | 2/7 [00:05<00:13,  0.37it/s, v_num=y94l, val_loss=0.569]Epoch 25:  29%|██▊       | 2/7 [00:05<00:13,  0.37it/s, v_num=y94l, val_loss=0.569]tensor(1.1434, device='cuda:0', grad_fn=<MaxBackward1>)
tensor(-0.4621, device='cuda:0', grad_fn=<MinBackward1>)
Epoch 25:  43%|████▎     | 3/7 [00:07<00:10,  0.39it/s, v_num=y94l, val_loss=0.569]Epoch 25:  43%|████▎     | 3/7 [00:07<00:10,  0.39it/s, v_num=y94l, val_loss=0.569]tensor(1.0943, device='cuda:0', grad_fn=<MaxBackward1>)
tensor(-0.8400, device='cuda:0', grad_fn=<MinBackward1>)
Epoch 25:  57%|█████▋    | 4/7 [00:10<00:07,  0.40it/s, v_num=y94l, val_loss=0.569]Epoch 25:  57%|█████▋    | 4/7 [00:10<00:07,  0.40it/s, v_num=y94l, val_loss=0.569]tensor(0.9187, device='cuda:0', grad_fn=<MaxBackward1>)
tensor(-0.3890, device='cuda:0', grad_fn=<MinBackward1>)
Epoch 25:  71%|███████▏  | 5/7 [00:12<00:04,  0.41it/s, v_num=y94l, val_loss=0.569]Epoch 25:  71%|███████▏  | 5/7 [00:12<00:04,  0.41it/s, v_num=y94l, val_loss=0.569]tensor(1.0629, device='cuda:0', grad_fn=<MaxBackward1>)
tensor(-0.9765, device='cuda:0', grad_fn=<MinBackward1>)
Epoch 25:  86%|████████▌ | 6/7 [00:14<00:02,  0.41it/s, v_num=y94l, val_loss=0.569]Epoch 25:  86%|████████▌ | 6/7 [00:14<00:02,  0.41it/s, v_num=y94l, val_loss=0.569]tensor(0.7134, device='cuda:0', grad_fn=<MaxBackward1>)
tensor(-0.3451, device='cuda:0', grad_fn=<MinBackward1>)
Epoch 25: 100%|██████████| 7/7 [00:16<00:00,  0.44it/s, v_num=y94l, val_loss=0.569]Epoch 25: 100%|██████████| 7/7 [00:16<00:00,  0.44it/s, v_num=y94l, val_loss=0.569]
Validation: |          | 0/? [00:00<?, ?it/s][A
Validation:   0%|          | 0/4 [00:00<?, ?it/s][A
Validation DataLoader 0:   0%|          | 0/4 [00:00<?, ?it/s][Atensor(0.7271, device='cuda:0')
tensor(-0.3270, device='cuda:0')

Validation DataLoader 0:  25%|██▌       | 1/4 [00:02<00:07,  0.40it/s][Atensor(0.8584, device='cuda:0')
tensor(-0.2586, device='cuda:0')

Validation DataLoader 0:  50%|█████     | 2/4 [00:04<00:04,  0.42it/s][Atensor(0.7965, device='cuda:0')
tensor(-0.2854, device='cuda:0')

Validation DataLoader 0:  75%|███████▌  | 3/4 [00:06<00:02,  0.43it/s][Atensor(0.6934, device='cuda:0')
tensor(-0.3487, device='cuda:0')

Validation DataLoader 0: 100%|██████████| 4/4 [00:07<00:00,  0.52it/s][A
==================================================
Stage: VAL
Predicted class distribution: 0s = 69, 1s = 38
Actual label distribution:    0s = 80, 1s = 27
Actual Imbalance Ratio (0:1): 2.96:1
==================================================
✅ Model is predicting both classes.

                                                                      [AEpoch 25: 100%|██████████| 7/7 [00:24<00:00,  0.28it/s, v_num=y94l, val_loss=0.559]Epoch 25: 100%|██████████| 7/7 [00:24<00:00,  0.28it/s, v_num=y94l, val_loss=0.559]Epoch 25:   0%|          | 0/7 [00:00<?, ?it/s, v_num=y94l, val_loss=0.559]        Epoch 26:   0%|          | 0/7 [00:00<?, ?it/s, v_num=y94l, val_loss=0.559]tensor(1.3651, device='cuda:0', grad_fn=<MaxBackward1>)
tensor(-0.6091, device='cuda:0', grad_fn=<MinBackward1>)
Epoch 26:  14%|█▍        | 1/7 [00:03<00:19,  0.31it/s, v_num=y94l, val_loss=0.559]Epoch 26:  14%|█▍        | 1/7 [00:03<00:19,  0.31it/s, v_num=y94l, val_loss=0.559]tensor(1.0796, device='cuda:0', grad_fn=<MaxBackward1>)
tensor(-0.4255, device='cuda:0', grad_fn=<MinBackward1>)
Epoch 26:  29%|██▊       | 2/7 [00:05<00:13,  0.36it/s, v_num=y94l, val_loss=0.559]Epoch 26:  29%|██▊       | 2/7 [00:05<00:13,  0.36it/s, v_num=y94l, val_loss=0.559]tensor(0.7437, device='cuda:0', grad_fn=<MaxBackward1>)
tensor(-0.4598, device='cuda:0', grad_fn=<MinBackward1>)
Epoch 26:  43%|████▎     | 3/7 [00:07<00:10,  0.38it/s, v_num=y94l, val_loss=0.559]Epoch 26:  43%|████▎     | 3/7 [00:07<00:10,  0.38it/s, v_num=y94l, val_loss=0.559]tensor(0.9327, device='cuda:0', grad_fn=<MaxBackward1>)
tensor(-0.6126, device='cuda:0', grad_fn=<MinBackward1>)
Epoch 26:  57%|█████▋    | 4/7 [00:10<00:07,  0.40it/s, v_num=y94l, val_loss=0.559]Epoch 26:  57%|█████▋    | 4/7 [00:10<00:07,  0.40it/s, v_num=y94l, val_loss=0.559]tensor(0.8599, device='cuda:0', grad_fn=<MaxBackward1>)
tensor(-0.7908, device='cuda:0', grad_fn=<MinBackward1>)
Epoch 26:  71%|███████▏  | 5/7 [00:12<00:04,  0.40it/s, v_num=y94l, val_loss=0.559]Epoch 26:  71%|███████▏  | 5/7 [00:12<00:04,  0.40it/s, v_num=y94l, val_loss=0.559]tensor(0.7985, device='cuda:0', grad_fn=<MaxBackward1>)
tensor(-0.5297, device='cuda:0', grad_fn=<MinBackward1>)
Epoch 26:  86%|████████▌ | 6/7 [00:14<00:02,  0.41it/s, v_num=y94l, val_loss=0.559]Epoch 26:  86%|████████▌ | 6/7 [00:14<00:02,  0.41it/s, v_num=y94l, val_loss=0.559]tensor(1.1406, device='cuda:0', grad_fn=<MaxBackward1>)
tensor(-0.5073, device='cuda:0', grad_fn=<MinBackward1>)
Epoch 26: 100%|██████████| 7/7 [00:16<00:00,  0.43it/s, v_num=y94l, val_loss=0.559]Epoch 26: 100%|██████████| 7/7 [00:16<00:00,  0.43it/s, v_num=y94l, val_loss=0.559]
Validation: |          | 0/? [00:00<?, ?it/s][A
Validation:   0%|          | 0/4 [00:00<?, ?it/s][A
Validation DataLoader 0:   0%|          | 0/4 [00:00<?, ?it/s][Atensor(0.7013, device='cuda:0')
tensor(-0.3618, device='cuda:0')

Validation DataLoader 0:  25%|██▌       | 1/4 [00:02<00:07,  0.41it/s][Atensor(0.8790, device='cuda:0')
tensor(-0.2883, device='cuda:0')

Validation DataLoader 0:  50%|█████     | 2/4 [00:04<00:04,  0.42it/s][Atensor(0.7986, device='cuda:0')
tensor(-0.3239, device='cuda:0')

Validation DataLoader 0:  75%|███████▌  | 3/4 [00:06<00:02,  0.43it/s][Atensor(0.6990, device='cuda:0')
tensor(-0.3792, device='cuda:0')

Validation DataLoader 0: 100%|██████████| 4/4 [00:07<00:00,  0.52it/s][A
==================================================
Stage: VAL
Predicted class distribution: 0s = 64, 1s = 43
Actual label distribution:    0s = 80, 1s = 27
Actual Imbalance Ratio (0:1): 2.96:1
==================================================
✅ Model is predicting both classes.

                                                                      [AEpoch 26: 100%|██████████| 7/7 [00:24<00:00,  0.28it/s, v_num=y94l, val_loss=0.566]Epoch 26: 100%|██████████| 7/7 [00:24<00:00,  0.28it/s, v_num=y94l, val_loss=0.566]Epoch 26:   0%|          | 0/7 [00:00<?, ?it/s, v_num=y94l, val_loss=0.566]        Epoch 27:   0%|          | 0/7 [00:00<?, ?it/s, v_num=y94l, val_loss=0.566]tensor(0.8077, device='cuda:0', grad_fn=<MaxBackward1>)
tensor(-0.7242, device='cuda:0', grad_fn=<MinBackward1>)
Epoch 27:  14%|█▍        | 1/7 [00:03<00:18,  0.32it/s, v_num=y94l, val_loss=0.566]Epoch 27:  14%|█▍        | 1/7 [00:03<00:18,  0.32it/s, v_num=y94l, val_loss=0.566]tensor(1.0047, device='cuda:0', grad_fn=<MaxBackward1>)
tensor(-0.9303, device='cuda:0', grad_fn=<MinBackward1>)
Epoch 27:  29%|██▊       | 2/7 [00:05<00:13,  0.37it/s, v_num=y94l, val_loss=0.566]Epoch 27:  29%|██▊       | 2/7 [00:05<00:13,  0.37it/s, v_num=y94l, val_loss=0.566]tensor(0.9820, device='cuda:0', grad_fn=<MaxBackward1>)
tensor(-0.5007, device='cuda:0', grad_fn=<MinBackward1>)
Epoch 27:  43%|████▎     | 3/7 [00:07<00:10,  0.39it/s, v_num=y94l, val_loss=0.566]Epoch 27:  43%|████▎     | 3/7 [00:07<00:10,  0.39it/s, v_num=y94l, val_loss=0.566]tensor(0.9338, device='cuda:0', grad_fn=<MaxBackward1>)
tensor(-0.9809, device='cuda:0', grad_fn=<MinBackward1>)
Epoch 27:  57%|█████▋    | 4/7 [00:10<00:07,  0.40it/s, v_num=y94l, val_loss=0.566]Epoch 27:  57%|█████▋    | 4/7 [00:10<00:07,  0.40it/s, v_num=y94l, val_loss=0.566]tensor(1.7982, device='cuda:0', grad_fn=<MaxBackward1>)
tensor(-0.8754, device='cuda:0', grad_fn=<MinBackward1>)
Epoch 27:  71%|███████▏  | 5/7 [00:12<00:04,  0.41it/s, v_num=y94l, val_loss=0.566]Epoch 27:  71%|███████▏  | 5/7 [00:12<00:04,  0.41it/s, v_num=y94l, val_loss=0.566]tensor(1.8453, device='cuda:0', grad_fn=<MaxBackward1>)
tensor(-0.6346, device='cuda:0', grad_fn=<MinBackward1>)
Epoch 27:  86%|████████▌ | 6/7 [00:14<00:02,  0.41it/s, v_num=y94l, val_loss=0.566]Epoch 27:  86%|████████▌ | 6/7 [00:14<00:02,  0.41it/s, v_num=y94l, val_loss=0.566]tensor(0.8060, device='cuda:0', grad_fn=<MaxBackward1>)
tensor(-0.7612, device='cuda:0', grad_fn=<MinBackward1>)
Epoch 27: 100%|██████████| 7/7 [00:16<00:00,  0.44it/s, v_num=y94l, val_loss=0.566]Epoch 27: 100%|██████████| 7/7 [00:16<00:00,  0.44it/s, v_num=y94l, val_loss=0.566]
Validation: |          | 0/? [00:00<?, ?it/s][A
Validation:   0%|          | 0/4 [00:00<?, ?it/s][A
Validation DataLoader 0:   0%|          | 0/4 [00:00<?, ?it/s][Atensor(0.6881, device='cuda:0')
tensor(-0.3852, device='cuda:0')

Validation DataLoader 0:  25%|██▌       | 1/4 [00:02<00:07,  0.41it/s][Atensor(0.8948, device='cuda:0')
tensor(-0.3429, device='cuda:0')

Validation DataLoader 0:  50%|█████     | 2/4 [00:04<00:04,  0.43it/s][Atensor(0.8096, device='cuda:0')
tensor(-0.3488, device='cuda:0')

Validation DataLoader 0:  75%|███████▌  | 3/4 [00:06<00:02,  0.43it/s][Atensor(0.7097, device='cuda:0')
tensor(-0.4131, device='cuda:0')

Validation DataLoader 0: 100%|██████████| 4/4 [00:07<00:00,  0.52it/s][A
==================================================
Stage: VAL
Predicted class distribution: 0s = 62, 1s = 45
Actual label distribution:    0s = 80, 1s = 27
Actual Imbalance Ratio (0:1): 2.96:1
==================================================
✅ Model is predicting both classes.

                                                                      [AEpoch 27: 100%|██████████| 7/7 [00:24<00:00,  0.29it/s, v_num=y94l, val_loss=0.570]Epoch 27: 100%|██████████| 7/7 [00:24<00:00,  0.29it/s, v_num=y94l, val_loss=0.570]Epoch 27:   0%|          | 0/7 [00:00<?, ?it/s, v_num=y94l, val_loss=0.570]        Epoch 28:   0%|          | 0/7 [00:00<?, ?it/s, v_num=y94l, val_loss=0.570]tensor(0.6009, device='cuda:0', grad_fn=<MaxBackward1>)
tensor(-0.7730, device='cuda:0', grad_fn=<MinBackward1>)
Epoch 28:  14%|█▍        | 1/7 [00:03<00:18,  0.32it/s, v_num=y94l, val_loss=0.570]Epoch 28:  14%|█▍        | 1/7 [00:03<00:18,  0.32it/s, v_num=y94l, val_loss=0.570]tensor(1.0661, device='cuda:0', grad_fn=<MaxBackward1>)
tensor(-0.6967, device='cuda:0', grad_fn=<MinBackward1>)
Epoch 28:  29%|██▊       | 2/7 [00:05<00:13,  0.37it/s, v_num=y94l, val_loss=0.570]Epoch 28:  29%|██▊       | 2/7 [00:05<00:13,  0.37it/s, v_num=y94l, val_loss=0.570]tensor(0.9738, device='cuda:0', grad_fn=<MaxBackward1>)
tensor(-0.5467, device='cuda:0', grad_fn=<MinBackward1>)
Epoch 28:  43%|████▎     | 3/7 [00:07<00:10,  0.39it/s, v_num=y94l, val_loss=0.570]Epoch 28:  43%|████▎     | 3/7 [00:07<00:10,  0.39it/s, v_num=y94l, val_loss=0.570]tensor(1.2231, device='cuda:0', grad_fn=<MaxBackward1>)
tensor(-0.4473, device='cuda:0', grad_fn=<MinBackward1>)
Epoch 28:  57%|█████▋    | 4/7 [00:09<00:07,  0.40it/s, v_num=y94l, val_loss=0.570]Epoch 28:  57%|█████▋    | 4/7 [00:09<00:07,  0.40it/s, v_num=y94l, val_loss=0.570]tensor(0.7715, device='cuda:0', grad_fn=<MaxBackward1>)
tensor(-0.7232, device='cuda:0', grad_fn=<MinBackward1>)
Epoch 28:  71%|███████▏  | 5/7 [00:12<00:04,  0.41it/s, v_num=y94l, val_loss=0.570]Epoch 28:  71%|███████▏  | 5/7 [00:12<00:04,  0.41it/s, v_num=y94l, val_loss=0.570]tensor(1.2904, device='cuda:0', grad_fn=<MaxBackward1>)
tensor(-0.7863, device='cuda:0', grad_fn=<MinBackward1>)
Epoch 28:  86%|████████▌ | 6/7 [00:14<00:02,  0.41it/s, v_num=y94l, val_loss=0.570]Epoch 28:  86%|████████▌ | 6/7 [00:14<00:02,  0.41it/s, v_num=y94l, val_loss=0.570]tensor(0.6583, device='cuda:0', grad_fn=<MaxBackward1>)
tensor(-0.4203, device='cuda:0', grad_fn=<MinBackward1>)
Epoch 28: 100%|██████████| 7/7 [00:16<00:00,  0.44it/s, v_num=y94l, val_loss=0.570]Epoch 28: 100%|██████████| 7/7 [00:16<00:00,  0.44it/s, v_num=y94l, val_loss=0.570]
Validation: |          | 0/? [00:00<?, ?it/s][A
Validation:   0%|          | 0/4 [00:00<?, ?it/s][A
Validation DataLoader 0:   0%|          | 0/4 [00:00<?, ?it/s][Atensor(0.7062, device='cuda:0')
tensor(-0.4381, device='cuda:0')

Validation DataLoader 0:  25%|██▌       | 1/4 [00:02<00:07,  0.41it/s][Atensor(0.8844, device='cuda:0')
tensor(-0.3411, device='cuda:0')

Validation DataLoader 0:  50%|█████     | 2/4 [00:04<00:04,  0.42it/s][Atensor(0.8500, device='cuda:0')
tensor(-0.3844, device='cuda:0')

Validation DataLoader 0:  75%|███████▌  | 3/4 [00:06<00:02,  0.43it/s][Atensor(0.7216, device='cuda:0')
tensor(-0.4635, device='cuda:0')

Validation DataLoader 0: 100%|██████████| 4/4 [00:07<00:00,  0.52it/s][A
==================================================
Stage: VAL
Predicted class distribution: 0s = 62, 1s = 45
Actual label distribution:    0s = 80, 1s = 27
Actual Imbalance Ratio (0:1): 2.96:1
==================================================
✅ Model is predicting both classes.

                                                                      [AEpoch 28: 100%|██████████| 7/7 [00:24<00:00,  0.29it/s, v_num=y94l, val_loss=0.570]Epoch 28: 100%|██████████| 7/7 [00:24<00:00,  0.29it/s, v_num=y94l, val_loss=0.570]Epoch 28:   0%|          | 0/7 [00:00<?, ?it/s, v_num=y94l, val_loss=0.570]        Epoch 29:   0%|          | 0/7 [00:00<?, ?it/s, v_num=y94l, val_loss=0.570]tensor(0.6932, device='cuda:0', grad_fn=<MaxBackward1>)
tensor(-0.7543, device='cuda:0', grad_fn=<MinBackward1>)
Epoch 29:  14%|█▍        | 1/7 [00:03<00:18,  0.32it/s, v_num=y94l, val_loss=0.570]Epoch 29:  14%|█▍        | 1/7 [00:03<00:18,  0.32it/s, v_num=y94l, val_loss=0.570]tensor(0.8078, device='cuda:0', grad_fn=<MaxBackward1>)
tensor(-0.7533, device='cuda:0', grad_fn=<MinBackward1>)
Epoch 29:  29%|██▊       | 2/7 [00:05<00:13,  0.37it/s, v_num=y94l, val_loss=0.570]Epoch 29:  29%|██▊       | 2/7 [00:05<00:13,  0.37it/s, v_num=y94l, val_loss=0.570]tensor(0.9663, device='cuda:0', grad_fn=<MaxBackward1>)
tensor(-0.8864, device='cuda:0', grad_fn=<MinBackward1>)
Epoch 29:  43%|████▎     | 3/7 [00:07<00:10,  0.39it/s, v_num=y94l, val_loss=0.570]Epoch 29:  43%|████▎     | 3/7 [00:07<00:10,  0.39it/s, v_num=y94l, val_loss=0.570]tensor(1.6192, device='cuda:0', grad_fn=<MaxBackward1>)
tensor(-0.8882, device='cuda:0', grad_fn=<MinBackward1>)
Epoch 29:  57%|█████▋    | 4/7 [00:09<00:07,  0.40it/s, v_num=y94l, val_loss=0.570]Epoch 29:  57%|█████▋    | 4/7 [00:09<00:07,  0.40it/s, v_num=y94l, val_loss=0.570]tensor(1.1606, device='cuda:0', grad_fn=<MaxBackward1>)
tensor(-0.5982, device='cuda:0', grad_fn=<MinBackward1>)
Epoch 29:  71%|███████▏  | 5/7 [00:12<00:04,  0.41it/s, v_num=y94l, val_loss=0.570]Epoch 29:  71%|███████▏  | 5/7 [00:12<00:04,  0.41it/s, v_num=y94l, val_loss=0.570]tensor(1.3988, device='cuda:0', grad_fn=<MaxBackward1>)
tensor(-0.8803, device='cuda:0', grad_fn=<MinBackward1>)
Epoch 29:  86%|████████▌ | 6/7 [00:14<00:02,  0.41it/s, v_num=y94l, val_loss=0.570]Epoch 29:  86%|████████▌ | 6/7 [00:14<00:02,  0.41it/s, v_num=y94l, val_loss=0.570]tensor(0.7359, device='cuda:0', grad_fn=<MaxBackward1>)
tensor(-0.6437, device='cuda:0', grad_fn=<MinBackward1>)
Epoch 29: 100%|██████████| 7/7 [00:16<00:00,  0.44it/s, v_num=y94l, val_loss=0.570]Epoch 29: 100%|██████████| 7/7 [00:16<00:00,  0.44it/s, v_num=y94l, val_loss=0.570]
Validation: |          | 0/? [00:00<?, ?it/s][A
Validation:   0%|          | 0/4 [00:00<?, ?it/s][A
Validation DataLoader 0:   0%|          | 0/4 [00:00<?, ?it/s][Atensor(0.7539, device='cuda:0')
tensor(-0.4460, device='cuda:0')

Validation DataLoader 0:  25%|██▌       | 1/4 [00:02<00:07,  0.41it/s][Atensor(0.8970, device='cuda:0')
tensor(-0.3259, device='cuda:0')

Validation DataLoader 0:  50%|█████     | 2/4 [00:04<00:04,  0.42it/s][Atensor(0.9089, device='cuda:0')
tensor(-0.3892, device='cuda:0')

Validation DataLoader 0:  75%|███████▌  | 3/4 [00:06<00:02,  0.43it/s][Atensor(0.7601, device='cuda:0')
tensor(-0.4428, device='cuda:0')

Validation DataLoader 0: 100%|██████████| 4/4 [00:07<00:00,  0.51it/s][A
==================================================
Stage: VAL
Predicted class distribution: 0s = 64, 1s = 43
Actual label distribution:    0s = 80, 1s = 27
Actual Imbalance Ratio (0:1): 2.96:1
==================================================
✅ Model is predicting both classes.

                                                                      [AEpoch 29: 100%|██████████| 7/7 [00:24<00:00,  0.29it/s, v_num=y94l, val_loss=0.556]Epoch 29: 100%|██████████| 7/7 [00:24<00:00,  0.29it/s, v_num=y94l, val_loss=0.556]Epoch 29:   0%|          | 0/7 [00:00<?, ?it/s, v_num=y94l, val_loss=0.556]        Epoch 30:   0%|          | 0/7 [00:00<?, ?it/s, v_num=y94l, val_loss=0.556]tensor(0.8210, device='cuda:0', grad_fn=<MaxBackward1>)
tensor(-0.6056, device='cuda:0', grad_fn=<MinBackward1>)
Epoch 30:  14%|█▍        | 1/7 [00:03<00:18,  0.32it/s, v_num=y94l, val_loss=0.556]Epoch 30:  14%|█▍        | 1/7 [00:03<00:18,  0.32it/s, v_num=y94l, val_loss=0.556]tensor(1.1115, device='cuda:0', grad_fn=<MaxBackward1>)
tensor(-1.0353, device='cuda:0', grad_fn=<MinBackward1>)
Epoch 30:  29%|██▊       | 2/7 [00:05<00:13,  0.37it/s, v_num=y94l, val_loss=0.556]Epoch 30:  29%|██▊       | 2/7 [00:05<00:13,  0.37it/s, v_num=y94l, val_loss=0.556]tensor(0.8533, device='cuda:0', grad_fn=<MaxBackward1>)
tensor(-1.1678, device='cuda:0', grad_fn=<MinBackward1>)
Epoch 30:  43%|████▎     | 3/7 [00:07<00:10,  0.39it/s, v_num=y94l, val_loss=0.556]Epoch 30:  43%|████▎     | 3/7 [00:07<00:10,  0.39it/s, v_num=y94l, val_loss=0.556]tensor(1.1495, device='cuda:0', grad_fn=<MaxBackward1>)
tensor(-0.6517, device='cuda:0', grad_fn=<MinBackward1>)
Epoch 30:  57%|█████▋    | 4/7 [00:10<00:07,  0.40it/s, v_num=y94l, val_loss=0.556]Epoch 30:  57%|█████▋    | 4/7 [00:10<00:07,  0.40it/s, v_num=y94l, val_loss=0.556]tensor(1.0162, device='cuda:0', grad_fn=<MaxBackward1>)
tensor(-0.8861, device='cuda:0', grad_fn=<MinBackward1>)
Epoch 30:  71%|███████▏  | 5/7 [00:12<00:04,  0.41it/s, v_num=y94l, val_loss=0.556]Epoch 30:  71%|███████▏  | 5/7 [00:12<00:04,  0.41it/s, v_num=y94l, val_loss=0.556]tensor(1.0806, device='cuda:0', grad_fn=<MaxBackward1>)
tensor(-1.0330, device='cuda:0', grad_fn=<MinBackward1>)
Epoch 30:  86%|████████▌ | 6/7 [00:14<00:02,  0.41it/s, v_num=y94l, val_loss=0.556]Epoch 30:  86%|████████▌ | 6/7 [00:14<00:02,  0.41it/s, v_num=y94l, val_loss=0.556]tensor(1.8496, device='cuda:0', grad_fn=<MaxBackward1>)
tensor(-0.4650, device='cuda:0', grad_fn=<MinBackward1>)
Epoch 30: 100%|██████████| 7/7 [00:16<00:00,  0.44it/s, v_num=y94l, val_loss=0.556]Epoch 30: 100%|██████████| 7/7 [00:16<00:00,  0.44it/s, v_num=y94l, val_loss=0.556]
Validation: |          | 0/? [00:00<?, ?it/s][A
Validation:   0%|          | 0/4 [00:00<?, ?it/s][A
Validation DataLoader 0:   0%|          | 0/4 [00:00<?, ?it/s][Atensor(0.7623, device='cuda:0')
tensor(-0.4509, device='cuda:0')

Validation DataLoader 0:  25%|██▌       | 1/4 [00:02<00:07,  0.41it/s][Atensor(0.8578, device='cuda:0')
tensor(-0.3016, device='cuda:0')

Validation DataLoader 0:  50%|█████     | 2/4 [00:04<00:04,  0.42it/s][Atensor(0.9103, device='cuda:0')
tensor(-0.4329, device='cuda:0')

Validation DataLoader 0:  75%|███████▌  | 3/4 [00:06<00:02,  0.43it/s][Atensor(0.7371, device='cuda:0')
tensor(-0.4257, device='cuda:0')

Validation DataLoader 0: 100%|██████████| 4/4 [00:07<00:00,  0.52it/s][A
==================================================
Stage: VAL
Predicted class distribution: 0s = 64, 1s = 43
Actual label distribution:    0s = 80, 1s = 27
Actual Imbalance Ratio (0:1): 2.96:1
==================================================
✅ Model is predicting both classes.

                                                                      [AEpoch 30: 100%|██████████| 7/7 [00:24<00:00,  0.28it/s, v_num=y94l, val_loss=0.559]Epoch 30: 100%|██████████| 7/7 [00:24<00:00,  0.28it/s, v_num=y94l, val_loss=0.559]Epoch 30:   0%|          | 0/7 [00:00<?, ?it/s, v_num=y94l, val_loss=0.559]        Epoch 31:   0%|          | 0/7 [00:00<?, ?it/s, v_num=y94l, val_loss=0.559]tensor(1.1931, device='cuda:0', grad_fn=<MaxBackward1>)
tensor(-0.5182, device='cuda:0', grad_fn=<MinBackward1>)
Epoch 31:  14%|█▍        | 1/7 [00:03<00:21,  0.28it/s, v_num=y94l, val_loss=0.559]Epoch 31:  14%|█▍        | 1/7 [00:03<00:21,  0.28it/s, v_num=y94l, val_loss=0.559]tensor(0.8646, device='cuda:0', grad_fn=<MaxBackward1>)
tensor(-0.6821, device='cuda:0', grad_fn=<MinBackward1>)
Epoch 31:  29%|██▊       | 2/7 [00:05<00:14,  0.34it/s, v_num=y94l, val_loss=0.559]Epoch 31:  29%|██▊       | 2/7 [00:05<00:14,  0.34it/s, v_num=y94l, val_loss=0.559]tensor(1.4907, device='cuda:0', grad_fn=<MaxBackward1>)
tensor(-1.1770, device='cuda:0', grad_fn=<MinBackward1>)
Epoch 31:  43%|████▎     | 3/7 [00:08<00:10,  0.37it/s, v_num=y94l, val_loss=0.559]Epoch 31:  43%|████▎     | 3/7 [00:08<00:10,  0.37it/s, v_num=y94l, val_loss=0.559]tensor(1.1651, device='cuda:0', grad_fn=<MaxBackward1>)
tensor(-0.5645, device='cuda:0', grad_fn=<MinBackward1>)
Epoch 31:  57%|█████▋    | 4/7 [00:10<00:07,  0.39it/s, v_num=y94l, val_loss=0.559]Epoch 31:  57%|█████▋    | 4/7 [00:10<00:07,  0.39it/s, v_num=y94l, val_loss=0.559]tensor(1.2767, device='cuda:0', grad_fn=<MaxBackward1>)
tensor(-0.7296, device='cuda:0', grad_fn=<MinBackward1>)
Epoch 31:  71%|███████▏  | 5/7 [00:12<00:05,  0.40it/s, v_num=y94l, val_loss=0.559]Epoch 31:  71%|███████▏  | 5/7 [00:12<00:05,  0.40it/s, v_num=y94l, val_loss=0.559]tensor(0.8914, device='cuda:0', grad_fn=<MaxBackward1>)
tensor(-0.5304, device='cuda:0', grad_fn=<MinBackward1>)
Epoch 31:  86%|████████▌ | 6/7 [00:14<00:02,  0.40it/s, v_num=y94l, val_loss=0.559]Epoch 31:  86%|████████▌ | 6/7 [00:14<00:02,  0.40it/s, v_num=y94l, val_loss=0.559]tensor(1.1275, device='cuda:0', grad_fn=<MaxBackward1>)
tensor(-0.5154, device='cuda:0', grad_fn=<MinBackward1>)
Epoch 31: 100%|██████████| 7/7 [00:16<00:00,  0.43it/s, v_num=y94l, val_loss=0.559]Epoch 31: 100%|██████████| 7/7 [00:16<00:00,  0.43it/s, v_num=y94l, val_loss=0.559]
Validation: |          | 0/? [00:00<?, ?it/s][A
Validation:   0%|          | 0/4 [00:00<?, ?it/s][A
Validation DataLoader 0:   0%|          | 0/4 [00:00<?, ?it/s][Atensor(0.7622, device='cuda:0')
tensor(-0.4769, device='cuda:0')

Validation DataLoader 0:  25%|██▌       | 1/4 [00:02<00:07,  0.41it/s][Atensor(0.8280, device='cuda:0')
tensor(-0.3142, device='cuda:0')

Validation DataLoader 0:  50%|█████     | 2/4 [00:04<00:04,  0.43it/s][Atensor(0.9339, device='cuda:0')
tensor(-0.4615, device='cuda:0')

Validation DataLoader 0:  75%|███████▌  | 3/4 [00:06<00:02,  0.43it/s][Atensor(0.7323, device='cuda:0')
tensor(-0.4327, device='cuda:0')

Validation DataLoader 0: 100%|██████████| 4/4 [00:07<00:00,  0.52it/s][A
==================================================
Stage: VAL
Predicted class distribution: 0s = 61, 1s = 46
Actual label distribution:    0s = 80, 1s = 27
Actual Imbalance Ratio (0:1): 2.96:1
==================================================
✅ Model is predicting both classes.

                                                                      [AEpoch 31: 100%|██████████| 7/7 [00:25<00:00,  0.28it/s, v_num=y94l, val_loss=0.563]Epoch 31: 100%|██████████| 7/7 [00:25<00:00,  0.28it/s, v_num=y94l, val_loss=0.563]Epoch 31:   0%|          | 0/7 [00:00<?, ?it/s, v_num=y94l, val_loss=0.563]        Epoch 32:   0%|          | 0/7 [00:00<?, ?it/s, v_num=y94l, val_loss=0.563]tensor(0.9842, device='cuda:0', grad_fn=<MaxBackward1>)
tensor(-0.9333, device='cuda:0', grad_fn=<MinBackward1>)
Epoch 32:  14%|█▍        | 1/7 [00:03<00:21,  0.28it/s, v_num=y94l, val_loss=0.563]Epoch 32:  14%|█▍        | 1/7 [00:03<00:21,  0.28it/s, v_num=y94l, val_loss=0.563]tensor(1.4298, device='cuda:0', grad_fn=<MaxBackward1>)
tensor(-0.8484, device='cuda:0', grad_fn=<MinBackward1>)
Epoch 32:  29%|██▊       | 2/7 [00:05<00:14,  0.34it/s, v_num=y94l, val_loss=0.563]Epoch 32:  29%|██▊       | 2/7 [00:05<00:14,  0.34it/s, v_num=y94l, val_loss=0.563]tensor(1.4442, device='cuda:0', grad_fn=<MaxBackward1>)
tensor(-0.7367, device='cuda:0', grad_fn=<MinBackward1>)
Epoch 32:  43%|████▎     | 3/7 [00:08<00:10,  0.37it/s, v_num=y94l, val_loss=0.563]Epoch 32:  43%|████▎     | 3/7 [00:08<00:10,  0.37it/s, v_num=y94l, val_loss=0.563]tensor(0.8450, device='cuda:0', grad_fn=<MaxBackward1>)
tensor(-0.9763, device='cuda:0', grad_fn=<MinBackward1>)
Epoch 32:  57%|█████▋    | 4/7 [00:10<00:07,  0.39it/s, v_num=y94l, val_loss=0.563]Epoch 32:  57%|█████▋    | 4/7 [00:10<00:07,  0.39it/s, v_num=y94l, val_loss=0.563]tensor(1.0510, device='cuda:0', grad_fn=<MaxBackward1>)
tensor(-0.9109, device='cuda:0', grad_fn=<MinBackward1>)
Epoch 32:  71%|███████▏  | 5/7 [00:12<00:05,  0.40it/s, v_num=y94l, val_loss=0.563]Epoch 32:  71%|███████▏  | 5/7 [00:12<00:05,  0.40it/s, v_num=y94l, val_loss=0.563]tensor(1.0203, device='cuda:0', grad_fn=<MaxBackward1>)
tensor(-1.0412, device='cuda:0', grad_fn=<MinBackward1>)
Epoch 32:  86%|████████▌ | 6/7 [00:14<00:02,  0.40it/s, v_num=y94l, val_loss=0.563]Epoch 32:  86%|████████▌ | 6/7 [00:14<00:02,  0.40it/s, v_num=y94l, val_loss=0.563]tensor(1.7191, device='cuda:0', grad_fn=<MaxBackward1>)
tensor(-1.1667, device='cuda:0', grad_fn=<MinBackward1>)
Epoch 32: 100%|██████████| 7/7 [00:16<00:00,  0.43it/s, v_num=y94l, val_loss=0.563]Epoch 32: 100%|██████████| 7/7 [00:16<00:00,  0.43it/s, v_num=y94l, val_loss=0.563]
Validation: |          | 0/? [00:00<?, ?it/s][A
Validation:   0%|          | 0/4 [00:00<?, ?it/s][A
Validation DataLoader 0:   0%|          | 0/4 [00:00<?, ?it/s][Atensor(0.8209, device='cuda:0')
tensor(-0.4800, device='cuda:0')

Validation DataLoader 0:  25%|██▌       | 1/4 [00:02<00:07,  0.41it/s][Atensor(0.8914, device='cuda:0')
tensor(-0.3395, device='cuda:0')

Validation DataLoader 0:  50%|█████     | 2/4 [00:04<00:04,  0.43it/s][Atensor(0.9955, device='cuda:0')
tensor(-0.4794, device='cuda:0')

Validation DataLoader 0:  75%|███████▌  | 3/4 [00:06<00:02,  0.43it/s][Atensor(0.7841, device='cuda:0')
tensor(-0.4214, device='cuda:0')

Validation DataLoader 0: 100%|██████████| 4/4 [00:07<00:00,  0.52it/s][A
==================================================
Stage: VAL
Predicted class distribution: 0s = 68, 1s = 39
Actual label distribution:    0s = 80, 1s = 27
Actual Imbalance Ratio (0:1): 2.96:1
==================================================
✅ Model is predicting both classes.

                                                                      [AEpoch 32: 100%|██████████| 7/7 [00:25<00:00,  0.28it/s, v_num=y94l, val_loss=0.551]Epoch 32: 100%|██████████| 7/7 [00:25<00:00,  0.28it/s, v_num=y94l, val_loss=0.551]Epoch 32:   0%|          | 0/7 [00:00<?, ?it/s, v_num=y94l, val_loss=0.551]        Epoch 33:   0%|          | 0/7 [00:00<?, ?it/s, v_num=y94l, val_loss=0.551]tensor(0.8437, device='cuda:0', grad_fn=<MaxBackward1>)
tensor(-0.8435, device='cuda:0', grad_fn=<MinBackward1>)
Epoch 33:  14%|█▍        | 1/7 [00:03<00:21,  0.28it/s, v_num=y94l, val_loss=0.551]Epoch 33:  14%|█▍        | 1/7 [00:03<00:21,  0.28it/s, v_num=y94l, val_loss=0.551]tensor(1.0165, device='cuda:0', grad_fn=<MaxBackward1>)
tensor(-0.7951, device='cuda:0', grad_fn=<MinBackward1>)
Epoch 33:  29%|██▊       | 2/7 [00:05<00:14,  0.34it/s, v_num=y94l, val_loss=0.551]Epoch 33:  29%|██▊       | 2/7 [00:05<00:14,  0.34it/s, v_num=y94l, val_loss=0.551]tensor(0.9964, device='cuda:0', grad_fn=<MaxBackward1>)
tensor(-0.6748, device='cuda:0', grad_fn=<MinBackward1>)
Epoch 33:  43%|████▎     | 3/7 [00:08<00:10,  0.37it/s, v_num=y94l, val_loss=0.551]Epoch 33:  43%|████▎     | 3/7 [00:08<00:10,  0.37it/s, v_num=y94l, val_loss=0.551]tensor(0.7021, device='cuda:0', grad_fn=<MaxBackward1>)
tensor(-0.9558, device='cuda:0', grad_fn=<MinBackward1>)
Epoch 33:  57%|█████▋    | 4/7 [00:10<00:07,  0.38it/s, v_num=y94l, val_loss=0.551]Epoch 33:  57%|█████▋    | 4/7 [00:10<00:07,  0.38it/s, v_num=y94l, val_loss=0.551]tensor(0.9353, device='cuda:0', grad_fn=<MaxBackward1>)
tensor(-0.9792, device='cuda:0', grad_fn=<MinBackward1>)
Epoch 33:  71%|███████▏  | 5/7 [00:12<00:05,  0.39it/s, v_num=y94l, val_loss=0.551]Epoch 33:  71%|███████▏  | 5/7 [00:12<00:05,  0.39it/s, v_num=y94l, val_loss=0.551]tensor(1.2653, device='cuda:0', grad_fn=<MaxBackward1>)
tensor(-0.8144, device='cuda:0', grad_fn=<MinBackward1>)
Epoch 33:  86%|████████▌ | 6/7 [00:14<00:02,  0.40it/s, v_num=y94l, val_loss=0.551]Epoch 33:  86%|████████▌ | 6/7 [00:14<00:02,  0.40it/s, v_num=y94l, val_loss=0.551]tensor(1.0576, device='cuda:0', grad_fn=<MaxBackward1>)
tensor(-1.3070, device='cuda:0', grad_fn=<MinBackward1>)
Epoch 33: 100%|██████████| 7/7 [00:16<00:00,  0.43it/s, v_num=y94l, val_loss=0.551]Epoch 33: 100%|██████████| 7/7 [00:16<00:00,  0.43it/s, v_num=y94l, val_loss=0.551]
Validation: |          | 0/? [00:00<?, ?it/s][A
Validation:   0%|          | 0/4 [00:00<?, ?it/s][A
Validation DataLoader 0:   0%|          | 0/4 [00:00<?, ?it/s][Atensor(0.8364, device='cuda:0')
tensor(-0.4950, device='cuda:0')

Validation DataLoader 0:  25%|██▌       | 1/4 [00:02<00:07,  0.41it/s][Atensor(0.9875, device='cuda:0')
tensor(-0.3383, device='cuda:0')

Validation DataLoader 0:  50%|█████     | 2/4 [00:04<00:04,  0.43it/s][Atensor(1.0410, device='cuda:0')
tensor(-0.4905, device='cuda:0')

Validation DataLoader 0:  75%|███████▌  | 3/4 [00:06<00:02,  0.43it/s][Atensor(0.8418, device='cuda:0')
tensor(-0.4406, device='cuda:0')

Validation DataLoader 0: 100%|██████████| 4/4 [00:07<00:00,  0.52it/s][A
==================================================
Stage: VAL
Predicted class distribution: 0s = 70, 1s = 37
Actual label distribution:    0s = 80, 1s = 27
Actual Imbalance Ratio (0:1): 2.96:1
==================================================
✅ Model is predicting both classes.

                                                                      [AEpoch 33: 100%|██████████| 7/7 [00:25<00:00,  0.28it/s, v_num=y94l, val_loss=0.541]Epoch 33: 100%|██████████| 7/7 [00:25<00:00,  0.28it/s, v_num=y94l, val_loss=0.541]Epoch 33:   0%|          | 0/7 [00:00<?, ?it/s, v_num=y94l, val_loss=0.541]        Epoch 34:   0%|          | 0/7 [00:00<?, ?it/s, v_num=y94l, val_loss=0.541]tensor(1.5545, device='cuda:0', grad_fn=<MaxBackward1>)
tensor(-0.6624, device='cuda:0', grad_fn=<MinBackward1>)
Epoch 34:  14%|█▍        | 1/7 [00:03<00:21,  0.28it/s, v_num=y94l, val_loss=0.541]Epoch 34:  14%|█▍        | 1/7 [00:03<00:21,  0.28it/s, v_num=y94l, val_loss=0.541]tensor(1.1973, device='cuda:0', grad_fn=<MaxBackward1>)
tensor(-0.8573, device='cuda:0', grad_fn=<MinBackward1>)
Epoch 34:  29%|██▊       | 2/7 [00:05<00:14,  0.34it/s, v_num=y94l, val_loss=0.541]Epoch 34:  29%|██▊       | 2/7 [00:05<00:14,  0.34it/s, v_num=y94l, val_loss=0.541]tensor(1.2853, device='cuda:0', grad_fn=<MaxBackward1>)
tensor(-0.7947, device='cuda:0', grad_fn=<MinBackward1>)
Epoch 34:  43%|████▎     | 3/7 [00:08<00:10,  0.37it/s, v_num=y94l, val_loss=0.541]Epoch 34:  43%|████▎     | 3/7 [00:08<00:10,  0.37it/s, v_num=y94l, val_loss=0.541]tensor(1.4481, device='cuda:0', grad_fn=<MaxBackward1>)
tensor(-1.1087, device='cuda:0', grad_fn=<MinBackward1>)
Epoch 34:  57%|█████▋    | 4/7 [00:10<00:07,  0.39it/s, v_num=y94l, val_loss=0.541]Epoch 34:  57%|█████▋    | 4/7 [00:10<00:07,  0.39it/s, v_num=y94l, val_loss=0.541]tensor(1.9316, device='cuda:0', grad_fn=<MaxBackward1>)
tensor(-0.9219, device='cuda:0', grad_fn=<MinBackward1>)
Epoch 34:  71%|███████▏  | 5/7 [00:12<00:05,  0.40it/s, v_num=y94l, val_loss=0.541]Epoch 34:  71%|███████▏  | 5/7 [00:12<00:05,  0.40it/s, v_num=y94l, val_loss=0.541]tensor(1.0920, device='cuda:0', grad_fn=<MaxBackward1>)
tensor(-1.0616, device='cuda:0', grad_fn=<MinBackward1>)
Epoch 34:  86%|████████▌ | 6/7 [00:14<00:02,  0.40it/s, v_num=y94l, val_loss=0.541]Epoch 34:  86%|████████▌ | 6/7 [00:14<00:02,  0.40it/s, v_num=y94l, val_loss=0.541]tensor(0.8904, device='cuda:0', grad_fn=<MaxBackward1>)
tensor(-1.4192, device='cuda:0', grad_fn=<MinBackward1>)
Epoch 34: 100%|██████████| 7/7 [00:16<00:00,  0.43it/s, v_num=y94l, val_loss=0.541]Epoch 34: 100%|██████████| 7/7 [00:16<00:00,  0.43it/s, v_num=y94l, val_loss=0.541]
Validation: |          | 0/? [00:00<?, ?it/s][A
Validation:   0%|          | 0/4 [00:00<?, ?it/s][A
Validation DataLoader 0:   0%|          | 0/4 [00:00<?, ?it/s][Atensor(0.8445, device='cuda:0')
tensor(-0.5259, device='cuda:0')

Validation DataLoader 0:  25%|██▌       | 1/4 [00:02<00:07,  0.40it/s][Atensor(1.0575, device='cuda:0')
tensor(-0.3232, device='cuda:0')

Validation DataLoader 0:  50%|█████     | 2/4 [00:04<00:04,  0.42it/s][Atensor(1.0535, device='cuda:0')
tensor(-0.5146, device='cuda:0')

Validation DataLoader 0:  75%|███████▌  | 3/4 [00:06<00:02,  0.43it/s][Atensor(0.8771, device='cuda:0')
tensor(-0.4566, device='cuda:0')

Validation DataLoader 0: 100%|██████████| 4/4 [00:07<00:00,  0.52it/s][A
==================================================
Stage: VAL
Predicted class distribution: 0s = 71, 1s = 36
Actual label distribution:    0s = 80, 1s = 27
Actual Imbalance Ratio (0:1): 2.96:1
==================================================
✅ Model is predicting both classes.

                                                                      [AEpoch 34: 100%|██████████| 7/7 [00:25<00:00,  0.28it/s, v_num=y94l, val_loss=0.538]Epoch 34: 100%|██████████| 7/7 [00:25<00:00,  0.28it/s, v_num=y94l, val_loss=0.538]Epoch 34:   0%|          | 0/7 [00:00<?, ?it/s, v_num=y94l, val_loss=0.538]        Epoch 35:   0%|          | 0/7 [00:00<?, ?it/s, v_num=y94l, val_loss=0.538]tensor(1.0949, device='cuda:0', grad_fn=<MaxBackward1>)
tensor(-0.7193, device='cuda:0', grad_fn=<MinBackward1>)
Epoch 35:  14%|█▍        | 1/7 [00:03<00:21,  0.28it/s, v_num=y94l, val_loss=0.538]Epoch 35:  14%|█▍        | 1/7 [00:03<00:21,  0.28it/s, v_num=y94l, val_loss=0.538]tensor(1.4244, device='cuda:0', grad_fn=<MaxBackward1>)
tensor(-0.6362, device='cuda:0', grad_fn=<MinBackward1>)
Epoch 35:  29%|██▊       | 2/7 [00:05<00:14,  0.34it/s, v_num=y94l, val_loss=0.538]Epoch 35:  29%|██▊       | 2/7 [00:05<00:14,  0.34it/s, v_num=y94l, val_loss=0.538]tensor(1.1253, device='cuda:0', grad_fn=<MaxBackward1>)
tensor(-0.6613, device='cuda:0', grad_fn=<MinBackward1>)
Epoch 35:  43%|████▎     | 3/7 [00:08<00:10,  0.37it/s, v_num=y94l, val_loss=0.538]Epoch 35:  43%|████▎     | 3/7 [00:08<00:10,  0.37it/s, v_num=y94l, val_loss=0.538]tensor(1.0114, device='cuda:0', grad_fn=<MaxBackward1>)
tensor(-0.6689, device='cuda:0', grad_fn=<MinBackward1>)
Epoch 35:  57%|█████▋    | 4/7 [00:10<00:07,  0.39it/s, v_num=y94l, val_loss=0.538]Epoch 35:  57%|█████▋    | 4/7 [00:10<00:07,  0.39it/s, v_num=y94l, val_loss=0.538]tensor(1.0657, device='cuda:0', grad_fn=<MaxBackward1>)
tensor(-0.5285, device='cuda:0', grad_fn=<MinBackward1>)
Epoch 35:  71%|███████▏  | 5/7 [00:12<00:05,  0.40it/s, v_num=y94l, val_loss=0.538]Epoch 35:  71%|███████▏  | 5/7 [00:12<00:05,  0.40it/s, v_num=y94l, val_loss=0.538]tensor(0.7315, device='cuda:0', grad_fn=<MaxBackward1>)
tensor(-0.7226, device='cuda:0', grad_fn=<MinBackward1>)
Epoch 35:  86%|████████▌ | 6/7 [00:14<00:02,  0.40it/s, v_num=y94l, val_loss=0.538]Epoch 35:  86%|████████▌ | 6/7 [00:14<00:02,  0.40it/s, v_num=y94l, val_loss=0.538]tensor(0.9845, device='cuda:0', grad_fn=<MaxBackward1>)
tensor(-0.5270, device='cuda:0', grad_fn=<MinBackward1>)
Epoch 35: 100%|██████████| 7/7 [00:16<00:00,  0.43it/s, v_num=y94l, val_loss=0.538]Epoch 35: 100%|██████████| 7/7 [00:16<00:00,  0.43it/s, v_num=y94l, val_loss=0.538]
Validation: |          | 0/? [00:00<?, ?it/s][A
Validation:   0%|          | 0/4 [00:00<?, ?it/s][A
Validation DataLoader 0:   0%|          | 0/4 [00:00<?, ?it/s][Atensor(0.8711, device='cuda:0')
tensor(-0.5617, device='cuda:0')

Validation DataLoader 0:  25%|██▌       | 1/4 [00:02<00:06,  0.43it/s][Atensor(1.1536, device='cuda:0')
tensor(-0.2639, device='cuda:0')

Validation DataLoader 0:  50%|█████     | 2/4 [00:04<00:04,  0.44it/s][Atensor(1.0825, device='cuda:0')
tensor(-0.5117, device='cuda:0')

Validation DataLoader 0:  75%|███████▌  | 3/4 [00:06<00:02,  0.44it/s][Atensor(0.9140, device='cuda:0')
tensor(-0.4747, device='cuda:0')

Validation DataLoader 0: 100%|██████████| 4/4 [00:07<00:00,  0.53it/s][A
==================================================
Stage: VAL
Predicted class distribution: 0s = 71, 1s = 36
Actual label distribution:    0s = 80, 1s = 27
Actual Imbalance Ratio (0:1): 2.96:1
==================================================
✅ Model is predicting both classes.

                                                                      [AEpoch 35: 100%|██████████| 7/7 [00:24<00:00,  0.28it/s, v_num=y94l, val_loss=0.531]Epoch 35: 100%|██████████| 7/7 [00:24<00:00,  0.28it/s, v_num=y94l, val_loss=0.531]Epoch 35:   0%|          | 0/7 [00:00<?, ?it/s, v_num=y94l, val_loss=0.531]        Epoch 36:   0%|          | 0/7 [00:00<?, ?it/s, v_num=y94l, val_loss=0.531]tensor(1.1014, device='cuda:0', grad_fn=<MaxBackward1>)
tensor(-0.5978, device='cuda:0', grad_fn=<MinBackward1>)
Epoch 36:  14%|█▍        | 1/7 [00:03<00:19,  0.31it/s, v_num=y94l, val_loss=0.531]Epoch 36:  14%|█▍        | 1/7 [00:03<00:19,  0.31it/s, v_num=y94l, val_loss=0.531]tensor(1.1171, device='cuda:0', grad_fn=<MaxBackward1>)
tensor(-1.1465, device='cuda:0', grad_fn=<MinBackward1>)
Epoch 36:  29%|██▊       | 2/7 [00:05<00:13,  0.37it/s, v_num=y94l, val_loss=0.531]Epoch 36:  29%|██▊       | 2/7 [00:05<00:13,  0.37it/s, v_num=y94l, val_loss=0.531]tensor(1.7840, device='cuda:0', grad_fn=<MaxBackward1>)
tensor(-0.7525, device='cuda:0', grad_fn=<MinBackward1>)
Epoch 36:  43%|████▎     | 3/7 [00:07<00:10,  0.39it/s, v_num=y94l, val_loss=0.531]Epoch 36:  43%|████▎     | 3/7 [00:07<00:10,  0.39it/s, v_num=y94l, val_loss=0.531]tensor(0.9982, device='cuda:0', grad_fn=<MaxBackward1>)
tensor(-0.6733, device='cuda:0', grad_fn=<MinBackward1>)
Epoch 36:  57%|█████▋    | 4/7 [00:10<00:07,  0.40it/s, v_num=y94l, val_loss=0.531]Epoch 36:  57%|█████▋    | 4/7 [00:10<00:07,  0.40it/s, v_num=y94l, val_loss=0.531]tensor(0.9707, device='cuda:0', grad_fn=<MaxBackward1>)
tensor(-1.2789, device='cuda:0', grad_fn=<MinBackward1>)
Epoch 36:  71%|███████▏  | 5/7 [00:12<00:04,  0.41it/s, v_num=y94l, val_loss=0.531]Epoch 36:  71%|███████▏  | 5/7 [00:12<00:04,  0.41it/s, v_num=y94l, val_loss=0.531]tensor(1.0359, device='cuda:0', grad_fn=<MaxBackward1>)
tensor(-0.8888, device='cuda:0', grad_fn=<MinBackward1>)
Epoch 36:  86%|████████▌ | 6/7 [00:14<00:02,  0.41it/s, v_num=y94l, val_loss=0.531]Epoch 36:  86%|████████▌ | 6/7 [00:14<00:02,  0.41it/s, v_num=y94l, val_loss=0.531]tensor(1.1051, device='cuda:0', grad_fn=<MaxBackward1>)
tensor(-0.7146, device='cuda:0', grad_fn=<MinBackward1>)
Epoch 36: 100%|██████████| 7/7 [00:16<00:00,  0.44it/s, v_num=y94l, val_loss=0.531]Epoch 36: 100%|██████████| 7/7 [00:16<00:00,  0.44it/s, v_num=y94l, val_loss=0.531]
Validation: |          | 0/? [00:00<?, ?it/s][A
Validation:   0%|          | 0/4 [00:00<?, ?it/s][A
Validation DataLoader 0:   0%|          | 0/4 [00:00<?, ?it/s][Atensor(0.8731, device='cuda:0')
tensor(-0.6136, device='cuda:0')

Validation DataLoader 0:  25%|██▌       | 1/4 [00:02<00:07,  0.40it/s][Atensor(1.1912, device='cuda:0')
tensor(-0.3038, device='cuda:0')

Validation DataLoader 0:  50%|█████     | 2/4 [00:04<00:04,  0.42it/s][Atensor(1.0755, device='cuda:0')
tensor(-0.5528, device='cuda:0')

Validation DataLoader 0:  75%|███████▌  | 3/4 [00:06<00:02,  0.43it/s][Atensor(0.9145, device='cuda:0')
tensor(-0.5184, device='cuda:0')

Validation DataLoader 0: 100%|██████████| 4/4 [00:07<00:00,  0.52it/s][A
==================================================
Stage: VAL
Predicted class distribution: 0s = 68, 1s = 39
Actual label distribution:    0s = 80, 1s = 27
Actual Imbalance Ratio (0:1): 2.96:1
==================================================
✅ Model is predicting both classes.

                                                                      [AEpoch 36: 100%|██████████| 7/7 [00:24<00:00,  0.29it/s, v_num=y94l, val_loss=0.541]Epoch 36: 100%|██████████| 7/7 [00:24<00:00,  0.29it/s, v_num=y94l, val_loss=0.541]Epoch 36:   0%|          | 0/7 [00:00<?, ?it/s, v_num=y94l, val_loss=0.541]        Epoch 37:   0%|          | 0/7 [00:00<?, ?it/s, v_num=y94l, val_loss=0.541]tensor(1.1019, device='cuda:0', grad_fn=<MaxBackward1>)
tensor(-0.7067, device='cuda:0', grad_fn=<MinBackward1>)
Epoch 37:  14%|█▍        | 1/7 [00:03<00:18,  0.32it/s, v_num=y94l, val_loss=0.541]Epoch 37:  14%|█▍        | 1/7 [00:03<00:18,  0.32it/s, v_num=y94l, val_loss=0.541]tensor(2.0667, device='cuda:0', grad_fn=<MaxBackward1>)
tensor(-0.3003, device='cuda:0', grad_fn=<MinBackward1>)
Epoch 37:  29%|██▊       | 2/7 [00:05<00:13,  0.36it/s, v_num=y94l, val_loss=0.541]Epoch 37:  29%|██▊       | 2/7 [00:05<00:13,  0.36it/s, v_num=y94l, val_loss=0.541]tensor(1.0363, device='cuda:0', grad_fn=<MaxBackward1>)
tensor(-1.2011, device='cuda:0', grad_fn=<MinBackward1>)
Epoch 37:  43%|████▎     | 3/7 [00:07<00:10,  0.39it/s, v_num=y94l, val_loss=0.541]Epoch 37:  43%|████▎     | 3/7 [00:07<00:10,  0.39it/s, v_num=y94l, val_loss=0.541]tensor(1.0238, device='cuda:0', grad_fn=<MaxBackward1>)
tensor(-1.4011, device='cuda:0', grad_fn=<MinBackward1>)
Epoch 37:  57%|█████▋    | 4/7 [00:10<00:07,  0.40it/s, v_num=y94l, val_loss=0.541]Epoch 37:  57%|█████▋    | 4/7 [00:10<00:07,  0.40it/s, v_num=y94l, val_loss=0.541]tensor(1.0021, device='cuda:0', grad_fn=<MaxBackward1>)
tensor(-1.1707, device='cuda:0', grad_fn=<MinBackward1>)
Epoch 37:  71%|███████▏  | 5/7 [00:12<00:04,  0.41it/s, v_num=y94l, val_loss=0.541]Epoch 37:  71%|███████▏  | 5/7 [00:12<00:04,  0.41it/s, v_num=y94l, val_loss=0.541]tensor(1.1094, device='cuda:0', grad_fn=<MaxBackward1>)
tensor(-0.8022, device='cuda:0', grad_fn=<MinBackward1>)
Epoch 37:  86%|████████▌ | 6/7 [00:14<00:02,  0.41it/s, v_num=y94l, val_loss=0.541]Epoch 37:  86%|████████▌ | 6/7 [00:14<00:02,  0.41it/s, v_num=y94l, val_loss=0.541]tensor(1.2731, device='cuda:0', grad_fn=<MaxBackward1>)
tensor(-0.5179, device='cuda:0', grad_fn=<MinBackward1>)
Epoch 37: 100%|██████████| 7/7 [00:16<00:00,  0.44it/s, v_num=y94l, val_loss=0.541]Epoch 37: 100%|██████████| 7/7 [00:16<00:00,  0.44it/s, v_num=y94l, val_loss=0.541]
Validation: |          | 0/? [00:00<?, ?it/s][A
Validation:   0%|          | 0/4 [00:00<?, ?it/s][A
Validation DataLoader 0:   0%|          | 0/4 [00:00<?, ?it/s][Atensor(0.9347, device='cuda:0')
tensor(-0.6227, device='cuda:0')

Validation DataLoader 0:  25%|██▌       | 1/4 [00:02<00:07,  0.40it/s][Atensor(1.2955, device='cuda:0')
tensor(-0.3163, device='cuda:0')

Validation DataLoader 0:  50%|█████     | 2/4 [00:04<00:04,  0.42it/s][Atensor(1.1500, device='cuda:0')
tensor(-0.5559, device='cuda:0')

Validation DataLoader 0:  75%|███████▌  | 3/4 [00:06<00:02,  0.43it/s][Atensor(0.9751, device='cuda:0')
tensor(-0.5094, device='cuda:0')

Validation DataLoader 0: 100%|██████████| 4/4 [00:07<00:00,  0.51it/s][A
==================================================
Stage: VAL
Predicted class distribution: 0s = 71, 1s = 36
Actual label distribution:    0s = 80, 1s = 27
Actual Imbalance Ratio (0:1): 2.96:1
==================================================
✅ Model is predicting both classes.

                                                                      [AEpoch 37: 100%|██████████| 7/7 [00:24<00:00,  0.29it/s, v_num=y94l, val_loss=0.524]Epoch 37: 100%|██████████| 7/7 [00:24<00:00,  0.29it/s, v_num=y94l, val_loss=0.524]Epoch 37:   0%|          | 0/7 [00:00<?, ?it/s, v_num=y94l, val_loss=0.524]        Epoch 38:   0%|          | 0/7 [00:00<?, ?it/s, v_num=y94l, val_loss=0.524]tensor(1.0687, device='cuda:0', grad_fn=<MaxBackward1>)
tensor(-1.7313, device='cuda:0', grad_fn=<MinBackward1>)
Epoch 38:  14%|█▍        | 1/7 [00:03<00:18,  0.32it/s, v_num=y94l, val_loss=0.524]Epoch 38:  14%|█▍        | 1/7 [00:03<00:18,  0.32it/s, v_num=y94l, val_loss=0.524]tensor(0.9140, device='cuda:0', grad_fn=<MaxBackward1>)
tensor(-0.7197, device='cuda:0', grad_fn=<MinBackward1>)
Epoch 38:  29%|██▊       | 2/7 [00:05<00:13,  0.37it/s, v_num=y94l, val_loss=0.524]Epoch 38:  29%|██▊       | 2/7 [00:05<00:13,  0.37it/s, v_num=y94l, val_loss=0.524]tensor(1.1251, device='cuda:0', grad_fn=<MaxBackward1>)
tensor(-0.7084, device='cuda:0', grad_fn=<MinBackward1>)
Epoch 38:  43%|████▎     | 3/7 [00:07<00:10,  0.39it/s, v_num=y94l, val_loss=0.524]Epoch 38:  43%|████▎     | 3/7 [00:07<00:10,  0.39it/s, v_num=y94l, val_loss=0.524]tensor(2.2501, device='cuda:0', grad_fn=<MaxBackward1>)
tensor(-1.1470, device='cuda:0', grad_fn=<MinBackward1>)
Epoch 38:  57%|█████▋    | 4/7 [00:09<00:07,  0.40it/s, v_num=y94l, val_loss=0.524]Epoch 38:  57%|█████▋    | 4/7 [00:09<00:07,  0.40it/s, v_num=y94l, val_loss=0.524]tensor(1.4739, device='cuda:0', grad_fn=<MaxBackward1>)
tensor(-1.1432, device='cuda:0', grad_fn=<MinBackward1>)
Epoch 38:  71%|███████▏  | 5/7 [00:12<00:04,  0.41it/s, v_num=y94l, val_loss=0.524]Epoch 38:  71%|███████▏  | 5/7 [00:12<00:04,  0.41it/s, v_num=y94l, val_loss=0.524]tensor(1.0434, device='cuda:0', grad_fn=<MaxBackward1>)
tensor(-1.6040, device='cuda:0', grad_fn=<MinBackward1>)
Epoch 38:  86%|████████▌ | 6/7 [00:14<00:02,  0.41it/s, v_num=y94l, val_loss=0.524]Epoch 38:  86%|████████▌ | 6/7 [00:14<00:02,  0.41it/s, v_num=y94l, val_loss=0.524]tensor(2.1070, device='cuda:0', grad_fn=<MaxBackward1>)
tensor(-0.8127, device='cuda:0', grad_fn=<MinBackward1>)
Epoch 38: 100%|██████████| 7/7 [00:16<00:00,  0.44it/s, v_num=y94l, val_loss=0.524]Epoch 38: 100%|██████████| 7/7 [00:16<00:00,  0.44it/s, v_num=y94l, val_loss=0.524]
Validation: |          | 0/? [00:00<?, ?it/s][A
Validation:   0%|          | 0/4 [00:00<?, ?it/s][A
Validation DataLoader 0:   0%|          | 0/4 [00:00<?, ?it/s][Atensor(0.9462, device='cuda:0')
tensor(-0.6108, device='cuda:0')

Validation DataLoader 0:  25%|██▌       | 1/4 [00:02<00:07,  0.40it/s][Atensor(1.3173, device='cuda:0')
tensor(-0.3335, device='cuda:0')

Validation DataLoader 0:  50%|█████     | 2/4 [00:04<00:04,  0.42it/s][Atensor(1.1439, device='cuda:0')
tensor(-0.5261, device='cuda:0')

Validation DataLoader 0:  75%|███████▌  | 3/4 [00:06<00:02,  0.43it/s][Atensor(0.9889, device='cuda:0')
tensor(-0.4658, device='cuda:0')

Validation DataLoader 0: 100%|██████████| 4/4 [00:07<00:00,  0.52it/s][A
==================================================
Stage: VAL
Predicted class distribution: 0s = 73, 1s = 34
Actual label distribution:    0s = 80, 1s = 27
Actual Imbalance Ratio (0:1): 2.96:1
==================================================
✅ Model is predicting both classes.

                                                                      [AEpoch 38: 100%|██████████| 7/7 [00:24<00:00,  0.29it/s, v_num=y94l, val_loss=0.520]Epoch 38: 100%|██████████| 7/7 [00:24<00:00,  0.29it/s, v_num=y94l, val_loss=0.520]Epoch 38:   0%|          | 0/7 [00:00<?, ?it/s, v_num=y94l, val_loss=0.520]        Epoch 39:   0%|          | 0/7 [00:00<?, ?it/s, v_num=y94l, val_loss=0.520]tensor(1.0759, device='cuda:0', grad_fn=<MaxBackward1>)
tensor(-1.0920, device='cuda:0', grad_fn=<MinBackward1>)
Epoch 39:  14%|█▍        | 1/7 [00:03<00:18,  0.32it/s, v_num=y94l, val_loss=0.520]Epoch 39:  14%|█▍        | 1/7 [00:03<00:18,  0.32it/s, v_num=y94l, val_loss=0.520]tensor(1.0319, device='cuda:0', grad_fn=<MaxBackward1>)
tensor(-1.0367, device='cuda:0', grad_fn=<MinBackward1>)
Epoch 39:  29%|██▊       | 2/7 [00:05<00:13,  0.37it/s, v_num=y94l, val_loss=0.520]Epoch 39:  29%|██▊       | 2/7 [00:05<00:13,  0.37it/s, v_num=y94l, val_loss=0.520]tensor(1.0035, device='cuda:0', grad_fn=<MaxBackward1>)
tensor(-0.5007, device='cuda:0', grad_fn=<MinBackward1>)
Epoch 39:  43%|████▎     | 3/7 [00:07<00:10,  0.39it/s, v_num=y94l, val_loss=0.520]Epoch 39:  43%|████▎     | 3/7 [00:07<00:10,  0.39it/s, v_num=y94l, val_loss=0.520]tensor(1.2487, device='cuda:0', grad_fn=<MaxBackward1>)
tensor(-0.8214, device='cuda:0', grad_fn=<MinBackward1>)
Epoch 39:  57%|█████▋    | 4/7 [00:09<00:07,  0.40it/s, v_num=y94l, val_loss=0.520]Epoch 39:  57%|█████▋    | 4/7 [00:09<00:07,  0.40it/s, v_num=y94l, val_loss=0.520]tensor(1.6941, device='cuda:0', grad_fn=<MaxBackward1>)
tensor(-0.4832, device='cuda:0', grad_fn=<MinBackward1>)
Epoch 39:  71%|███████▏  | 5/7 [00:12<00:04,  0.41it/s, v_num=y94l, val_loss=0.520]Epoch 39:  71%|███████▏  | 5/7 [00:12<00:04,  0.41it/s, v_num=y94l, val_loss=0.520]tensor(1.3982, device='cuda:0', grad_fn=<MaxBackward1>)
tensor(-1.0925, device='cuda:0', grad_fn=<MinBackward1>)
Epoch 39:  86%|████████▌ | 6/7 [00:14<00:02,  0.41it/s, v_num=y94l, val_loss=0.520]Epoch 39:  86%|████████▌ | 6/7 [00:14<00:02,  0.41it/s, v_num=y94l, val_loss=0.520]tensor(1.3352, device='cuda:0', grad_fn=<MaxBackward1>)
tensor(-1.6150, device='cuda:0', grad_fn=<MinBackward1>)
Epoch 39: 100%|██████████| 7/7 [00:16<00:00,  0.44it/s, v_num=y94l, val_loss=0.520]Epoch 39: 100%|██████████| 7/7 [00:16<00:00,  0.44it/s, v_num=y94l, val_loss=0.520]
Validation: |          | 0/? [00:00<?, ?it/s][A
Validation:   0%|          | 0/4 [00:00<?, ?it/s][A
Validation DataLoader 0:   0%|          | 0/4 [00:00<?, ?it/s][Atensor(0.9994, device='cuda:0')
tensor(-0.6523, device='cuda:0')

Validation DataLoader 0:  25%|██▌       | 1/4 [00:02<00:07,  0.41it/s][Atensor(1.3613, device='cuda:0')
tensor(-0.3833, device='cuda:0')

Validation DataLoader 0:  50%|█████     | 2/4 [00:04<00:04,  0.42it/s][Atensor(1.1558, device='cuda:0')
tensor(-0.5662, device='cuda:0')

Validation DataLoader 0:  75%|███████▌  | 3/4 [00:06<00:02,  0.43it/s][Atensor(1.0093, device='cuda:0')
tensor(-0.4702, device='cuda:0')

Validation DataLoader 0: 100%|██████████| 4/4 [00:07<00:00,  0.52it/s][A
==================================================
Stage: VAL
Predicted class distribution: 0s = 73, 1s = 34
Actual label distribution:    0s = 80, 1s = 27
Actual Imbalance Ratio (0:1): 2.96:1
==================================================
✅ Model is predicting both classes.

                                                                      [AEpoch 39: 100%|██████████| 7/7 [00:24<00:00,  0.29it/s, v_num=y94l, val_loss=0.515]Epoch 39: 100%|██████████| 7/7 [00:24<00:00,  0.29it/s, v_num=y94l, val_loss=0.515]Epoch 39:   0%|          | 0/7 [00:00<?, ?it/s, v_num=y94l, val_loss=0.515]        Epoch 40:   0%|          | 0/7 [00:00<?, ?it/s, v_num=y94l, val_loss=0.515]tensor(0.8151, device='cuda:0', grad_fn=<MaxBackward1>)
tensor(-0.4998, device='cuda:0', grad_fn=<MinBackward1>)
Epoch 40:  14%|█▍        | 1/7 [00:03<00:19,  0.31it/s, v_num=y94l, val_loss=0.515]Epoch 40:  14%|█▍        | 1/7 [00:03<00:19,  0.31it/s, v_num=y94l, val_loss=0.515]tensor(1.2956, device='cuda:0', grad_fn=<MaxBackward1>)
tensor(-0.7944, device='cuda:0', grad_fn=<MinBackward1>)
Epoch 40:  29%|██▊       | 2/7 [00:05<00:13,  0.36it/s, v_num=y94l, val_loss=0.515]Epoch 40:  29%|██▊       | 2/7 [00:05<00:13,  0.36it/s, v_num=y94l, val_loss=0.515]tensor(2.1889, device='cuda:0', grad_fn=<MaxBackward1>)
tensor(-1.6684, device='cuda:0', grad_fn=<MinBackward1>)
Epoch 40:  43%|████▎     | 3/7 [00:07<00:10,  0.38it/s, v_num=y94l, val_loss=0.515]Epoch 40:  43%|████▎     | 3/7 [00:07<00:10,  0.38it/s, v_num=y94l, val_loss=0.515]tensor(1.3793, device='cuda:0', grad_fn=<MaxBackward1>)
tensor(-1.0879, device='cuda:0', grad_fn=<MinBackward1>)
Epoch 40:  57%|█████▋    | 4/7 [00:10<00:07,  0.40it/s, v_num=y94l, val_loss=0.515]Epoch 40:  57%|█████▋    | 4/7 [00:10<00:07,  0.40it/s, v_num=y94l, val_loss=0.515]tensor(1.9533, device='cuda:0', grad_fn=<MaxBackward1>)
tensor(-0.8745, device='cuda:0', grad_fn=<MinBackward1>)
Epoch 40:  71%|███████▏  | 5/7 [00:12<00:04,  0.40it/s, v_num=y94l, val_loss=0.515]Epoch 40:  71%|███████▏  | 5/7 [00:12<00:04,  0.40it/s, v_num=y94l, val_loss=0.515]tensor(1.7222, device='cuda:0', grad_fn=<MaxBackward1>)
tensor(-1.1383, device='cuda:0', grad_fn=<MinBackward1>)
Epoch 40:  86%|████████▌ | 6/7 [00:14<00:02,  0.41it/s, v_num=y94l, val_loss=0.515]Epoch 40:  86%|████████▌ | 6/7 [00:14<00:02,  0.41it/s, v_num=y94l, val_loss=0.515]tensor(1.2132, device='cuda:0', grad_fn=<MaxBackward1>)
tensor(-0.8077, device='cuda:0', grad_fn=<MinBackward1>)
Epoch 40: 100%|██████████| 7/7 [00:16<00:00,  0.43it/s, v_num=y94l, val_loss=0.515]Epoch 40: 100%|██████████| 7/7 [00:16<00:00,  0.43it/s, v_num=y94l, val_loss=0.515]
Validation: |          | 0/? [00:00<?, ?it/s][A
Validation:   0%|          | 0/4 [00:00<?, ?it/s][A
Validation DataLoader 0:   0%|          | 0/4 [00:00<?, ?it/s][Atensor(1.0028, device='cuda:0')
tensor(-0.6771, device='cuda:0')

Validation DataLoader 0:  25%|██▌       | 1/4 [00:02<00:07,  0.41it/s][Atensor(1.3015, device='cuda:0')
tensor(-0.4337, device='cuda:0')

Validation DataLoader 0:  50%|█████     | 2/4 [00:04<00:04,  0.42it/s][Atensor(1.1538, device='cuda:0')
tensor(-0.6047, device='cuda:0')

Validation DataLoader 0:  75%|███████▌  | 3/4 [00:06<00:02,  0.43it/s][Atensor(0.9564, device='cuda:0')
tensor(-0.4848, device='cuda:0')

Validation DataLoader 0: 100%|██████████| 4/4 [00:07<00:00,  0.52it/s][A
==================================================
Stage: VAL
Predicted class distribution: 0s = 73, 1s = 34
Actual label distribution:    0s = 80, 1s = 27
Actual Imbalance Ratio (0:1): 2.96:1
==================================================
✅ Model is predicting both classes.

                                                                      [AEpoch 40: 100%|██████████| 7/7 [00:24<00:00,  0.28it/s, v_num=y94l, val_loss=0.521]Epoch 40: 100%|██████████| 7/7 [00:24<00:00,  0.28it/s, v_num=y94l, val_loss=0.521]Epoch 40:   0%|          | 0/7 [00:00<?, ?it/s, v_num=y94l, val_loss=0.521]        Epoch 41:   0%|          | 0/7 [00:00<?, ?it/s, v_num=y94l, val_loss=0.521]tensor(1.6387, device='cuda:0', grad_fn=<MaxBackward1>)
tensor(-1.9706, device='cuda:0', grad_fn=<MinBackward1>)
Epoch 41:  14%|█▍        | 1/7 [00:03<00:19,  0.31it/s, v_num=y94l, val_loss=0.521]Epoch 41:  14%|█▍        | 1/7 [00:03<00:19,  0.31it/s, v_num=y94l, val_loss=0.521]tensor(2.2301, device='cuda:0', grad_fn=<MaxBackward1>)
tensor(-0.7291, device='cuda:0', grad_fn=<MinBackward1>)
Epoch 41:  29%|██▊       | 2/7 [00:05<00:13,  0.36it/s, v_num=y94l, val_loss=0.521]Epoch 41:  29%|██▊       | 2/7 [00:05<00:13,  0.36it/s, v_num=y94l, val_loss=0.521]tensor(1.2061, device='cuda:0', grad_fn=<MaxBackward1>)
tensor(-0.7641, device='cuda:0', grad_fn=<MinBackward1>)
Epoch 41:  43%|████▎     | 3/7 [00:07<00:10,  0.39it/s, v_num=y94l, val_loss=0.521]Epoch 41:  43%|████▎     | 3/7 [00:07<00:10,  0.39it/s, v_num=y94l, val_loss=0.521]tensor(1.2614, device='cuda:0', grad_fn=<MaxBackward1>)
tensor(-0.6611, device='cuda:0', grad_fn=<MinBackward1>)
Epoch 41:  57%|█████▋    | 4/7 [00:10<00:07,  0.40it/s, v_num=y94l, val_loss=0.521]Epoch 41:  57%|█████▋    | 4/7 [00:10<00:07,  0.40it/s, v_num=y94l, val_loss=0.521]tensor(1.3981, device='cuda:0', grad_fn=<MaxBackward1>)
tensor(-0.9043, device='cuda:0', grad_fn=<MinBackward1>)
Epoch 41:  71%|███████▏  | 5/7 [00:12<00:04,  0.40it/s, v_num=y94l, val_loss=0.521]Epoch 41:  71%|███████▏  | 5/7 [00:12<00:04,  0.40it/s, v_num=y94l, val_loss=0.521]tensor(1.3737, device='cuda:0', grad_fn=<MaxBackward1>)
tensor(-1.0796, device='cuda:0', grad_fn=<MinBackward1>)
Epoch 41:  86%|████████▌ | 6/7 [00:14<00:02,  0.41it/s, v_num=y94l, val_loss=0.521]Epoch 41:  86%|████████▌ | 6/7 [00:14<00:02,  0.41it/s, v_num=y94l, val_loss=0.521]tensor(0.8879, device='cuda:0', grad_fn=<MaxBackward1>)
tensor(-0.8759, device='cuda:0', grad_fn=<MinBackward1>)
Epoch 41: 100%|██████████| 7/7 [00:16<00:00,  0.43it/s, v_num=y94l, val_loss=0.521]Epoch 41: 100%|██████████| 7/7 [00:16<00:00,  0.43it/s, v_num=y94l, val_loss=0.521]
Validation: |          | 0/? [00:00<?, ?it/s][A
Validation:   0%|          | 0/4 [00:00<?, ?it/s][A
Validation DataLoader 0:   0%|          | 0/4 [00:00<?, ?it/s][Atensor(0.9970, device='cuda:0')
tensor(-0.7066, device='cuda:0')

Validation DataLoader 0:  25%|██▌       | 1/4 [00:02<00:07,  0.41it/s][Atensor(1.2790, device='cuda:0')
tensor(-0.4861, device='cuda:0')

Validation DataLoader 0:  50%|█████     | 2/4 [00:04<00:04,  0.42it/s][Atensor(1.1516, device='cuda:0')
tensor(-0.6593, device='cuda:0')

Validation DataLoader 0:  75%|███████▌  | 3/4 [00:06<00:02,  0.43it/s][Atensor(0.9393, device='cuda:0')
tensor(-0.4972, device='cuda:0')

Validation DataLoader 0: 100%|██████████| 4/4 [00:07<00:00,  0.52it/s][A
==================================================
Stage: VAL
Predicted class distribution: 0s = 70, 1s = 37
Actual label distribution:    0s = 80, 1s = 27
Actual Imbalance Ratio (0:1): 2.96:1
==================================================
✅ Model is predicting both classes.

                                                                      [AEpoch 41: 100%|██████████| 7/7 [00:24<00:00,  0.28it/s, v_num=y94l, val_loss=0.528]Epoch 41: 100%|██████████| 7/7 [00:24<00:00,  0.28it/s, v_num=y94l, val_loss=0.528]Epoch 41:   0%|          | 0/7 [00:00<?, ?it/s, v_num=y94l, val_loss=0.528]        Epoch 42:   0%|          | 0/7 [00:00<?, ?it/s, v_num=y94l, val_loss=0.528]tensor(1.2128, device='cuda:0', grad_fn=<MaxBackward1>)
tensor(-1.0463, device='cuda:0', grad_fn=<MinBackward1>)
Epoch 42:  14%|█▍        | 1/7 [00:03<00:19,  0.31it/s, v_num=y94l, val_loss=0.528]Epoch 42:  14%|█▍        | 1/7 [00:03<00:19,  0.31it/s, v_num=y94l, val_loss=0.528]tensor(1.1486, device='cuda:0', grad_fn=<MaxBackward1>)
tensor(-0.9132, device='cuda:0', grad_fn=<MinBackward1>)
Epoch 42:  29%|██▊       | 2/7 [00:05<00:13,  0.36it/s, v_num=y94l, val_loss=0.528]Epoch 42:  29%|██▊       | 2/7 [00:05<00:13,  0.36it/s, v_num=y94l, val_loss=0.528]tensor(1.2152, device='cuda:0', grad_fn=<MaxBackward1>)
tensor(-1.1494, device='cuda:0', grad_fn=<MinBackward1>)
Epoch 42:  43%|████▎     | 3/7 [00:07<00:10,  0.39it/s, v_num=y94l, val_loss=0.528]Epoch 42:  43%|████▎     | 3/7 [00:07<00:10,  0.39it/s, v_num=y94l, val_loss=0.528]tensor(1.0682, device='cuda:0', grad_fn=<MaxBackward1>)
tensor(-0.7710, device='cuda:0', grad_fn=<MinBackward1>)
Epoch 42:  57%|█████▋    | 4/7 [00:10<00:07,  0.40it/s, v_num=y94l, val_loss=0.528]Epoch 42:  57%|█████▋    | 4/7 [00:10<00:07,  0.40it/s, v_num=y94l, val_loss=0.528]tensor(1.5872, device='cuda:0', grad_fn=<MaxBackward1>)
tensor(-0.7667, device='cuda:0', grad_fn=<MinBackward1>)
Epoch 42:  71%|███████▏  | 5/7 [00:12<00:04,  0.41it/s, v_num=y94l, val_loss=0.528]Epoch 42:  71%|███████▏  | 5/7 [00:12<00:04,  0.41it/s, v_num=y94l, val_loss=0.528]tensor(1.2120, device='cuda:0', grad_fn=<MaxBackward1>)
tensor(-0.6323, device='cuda:0', grad_fn=<MinBackward1>)
Epoch 42:  86%|████████▌ | 6/7 [00:14<00:02,  0.41it/s, v_num=y94l, val_loss=0.528]Epoch 42:  86%|████████▌ | 6/7 [00:14<00:02,  0.41it/s, v_num=y94l, val_loss=0.528]tensor(1.8202, device='cuda:0', grad_fn=<MaxBackward1>)
tensor(-0.8044, device='cuda:0', grad_fn=<MinBackward1>)
Epoch 42: 100%|██████████| 7/7 [00:16<00:00,  0.43it/s, v_num=y94l, val_loss=0.528]Epoch 42: 100%|██████████| 7/7 [00:16<00:00,  0.43it/s, v_num=y94l, val_loss=0.528]
Validation: |          | 0/? [00:00<?, ?it/s][A
Validation:   0%|          | 0/4 [00:00<?, ?it/s][A
Validation DataLoader 0:   0%|          | 0/4 [00:00<?, ?it/s][Atensor(0.9725, device='cuda:0')
tensor(-0.7367, device='cuda:0')

Validation DataLoader 0:  25%|██▌       | 1/4 [00:02<00:07,  0.41it/s][Atensor(1.2621, device='cuda:0')
tensor(-0.5090, device='cuda:0')

Validation DataLoader 0:  50%|█████     | 2/4 [00:04<00:04,  0.43it/s][Atensor(1.1423, device='cuda:0')
tensor(-0.7122, device='cuda:0')

Validation DataLoader 0:  75%|███████▌  | 3/4 [00:06<00:02,  0.43it/s][Atensor(0.9392, device='cuda:0')
tensor(-0.5191, device='cuda:0')

Validation DataLoader 0: 100%|██████████| 4/4 [00:07<00:00,  0.52it/s][A
==================================================
Stage: VAL
Predicted class distribution: 0s = 67, 1s = 40
Actual label distribution:    0s = 80, 1s = 27
Actual Imbalance Ratio (0:1): 2.96:1
==================================================
✅ Model is predicting both classes.

                                                                      [AEpoch 42: 100%|██████████| 7/7 [00:24<00:00,  0.29it/s, v_num=y94l, val_loss=0.537]Epoch 42: 100%|██████████| 7/7 [00:24<00:00,  0.29it/s, v_num=y94l, val_loss=0.537]Epoch 42:   0%|          | 0/7 [00:00<?, ?it/s, v_num=y94l, val_loss=0.537]        Epoch 43:   0%|          | 0/7 [00:00<?, ?it/s, v_num=y94l, val_loss=0.537]tensor(0.9804, device='cuda:0', grad_fn=<MaxBackward1>)
tensor(-0.8913, device='cuda:0', grad_fn=<MinBackward1>)
Epoch 43:  14%|█▍        | 1/7 [00:03<00:19,  0.32it/s, v_num=y94l, val_loss=0.537]Epoch 43:  14%|█▍        | 1/7 [00:03<00:19,  0.31it/s, v_num=y94l, val_loss=0.537]tensor(0.9641, device='cuda:0', grad_fn=<MaxBackward1>)
tensor(-0.6793, device='cuda:0', grad_fn=<MinBackward1>)
Epoch 43:  29%|██▊       | 2/7 [00:05<00:13,  0.37it/s, v_num=y94l, val_loss=0.537]Epoch 43:  29%|██▊       | 2/7 [00:05<00:13,  0.37it/s, v_num=y94l, val_loss=0.537]tensor(1.7022, device='cuda:0', grad_fn=<MaxBackward1>)
tensor(-0.9097, device='cuda:0', grad_fn=<MinBackward1>)
Epoch 43:  43%|████▎     | 3/7 [00:07<00:10,  0.39it/s, v_num=y94l, val_loss=0.537]Epoch 43:  43%|████▎     | 3/7 [00:07<00:10,  0.39it/s, v_num=y94l, val_loss=0.537]tensor(2.3084, device='cuda:0', grad_fn=<MaxBackward1>)
tensor(-1.4018, device='cuda:0', grad_fn=<MinBackward1>)
Epoch 43:  57%|█████▋    | 4/7 [00:10<00:07,  0.40it/s, v_num=y94l, val_loss=0.537]Epoch 43:  57%|█████▋    | 4/7 [00:10<00:07,  0.40it/s, v_num=y94l, val_loss=0.537]tensor(2.3393, device='cuda:0', grad_fn=<MaxBackward1>)
tensor(-1.0104, device='cuda:0', grad_fn=<MinBackward1>)
Epoch 43:  71%|███████▏  | 5/7 [00:12<00:04,  0.41it/s, v_num=y94l, val_loss=0.537]Epoch 43:  71%|███████▏  | 5/7 [00:12<00:04,  0.41it/s, v_num=y94l, val_loss=0.537]tensor(1.1197, device='cuda:0', grad_fn=<MaxBackward1>)
tensor(-1.2928, device='cuda:0', grad_fn=<MinBackward1>)
Epoch 43:  86%|████████▌ | 6/7 [00:14<00:02,  0.41it/s, v_num=y94l, val_loss=0.537]Epoch 43:  86%|████████▌ | 6/7 [00:14<00:02,  0.41it/s, v_num=y94l, val_loss=0.537]tensor(1.2257, device='cuda:0', grad_fn=<MaxBackward1>)
tensor(-1.1307, device='cuda:0', grad_fn=<MinBackward1>)
Epoch 43: 100%|██████████| 7/7 [00:16<00:00,  0.43it/s, v_num=y94l, val_loss=0.537]Epoch 43: 100%|██████████| 7/7 [00:16<00:00,  0.43it/s, v_num=y94l, val_loss=0.537]
Validation: |          | 0/? [00:00<?, ?it/s][A
Validation:   0%|          | 0/4 [00:00<?, ?it/s][A
Validation DataLoader 0:   0%|          | 0/4 [00:00<?, ?it/s][Atensor(0.9761, device='cuda:0')
tensor(-0.7064, device='cuda:0')

Validation DataLoader 0:  25%|██▌       | 1/4 [00:02<00:07,  0.41it/s][Atensor(1.3057, device='cuda:0')
tensor(-0.5027, device='cuda:0')

Validation DataLoader 0:  50%|█████     | 2/4 [00:04<00:04,  0.42it/s][Atensor(1.1809, device='cuda:0')
tensor(-0.7129, device='cuda:0')

Validation DataLoader 0:  75%|███████▌  | 3/4 [00:06<00:02,  0.43it/s][Atensor(0.9985, device='cuda:0')
tensor(-0.4825, device='cuda:0')

Validation DataLoader 0: 100%|██████████| 4/4 [00:07<00:00,  0.52it/s][A
==================================================
Stage: VAL
Predicted class distribution: 0s = 71, 1s = 36
Actual label distribution:    0s = 80, 1s = 27
Actual Imbalance Ratio (0:1): 2.96:1
==================================================
✅ Model is predicting both classes.

                                                                      [AEpoch 43: 100%|██████████| 7/7 [00:24<00:00,  0.29it/s, v_num=y94l, val_loss=0.525]Epoch 43: 100%|██████████| 7/7 [00:24<00:00,  0.29it/s, v_num=y94l, val_loss=0.525]Epoch 43:   0%|          | 0/7 [00:00<?, ?it/s, v_num=y94l, val_loss=0.525]        Epoch 44:   0%|          | 0/7 [00:00<?, ?it/s, v_num=y94l, val_loss=0.525]tensor(0.8706, device='cuda:0', grad_fn=<MaxBackward1>)
tensor(-1.1220, device='cuda:0', grad_fn=<MinBackward1>)
Epoch 44:  14%|█▍        | 1/7 [00:03<00:19,  0.31it/s, v_num=y94l, val_loss=0.525]Epoch 44:  14%|█▍        | 1/7 [00:03<00:19,  0.31it/s, v_num=y94l, val_loss=0.525]tensor(1.5160, device='cuda:0', grad_fn=<MaxBackward1>)
tensor(-1.1476, device='cuda:0', grad_fn=<MinBackward1>)
Epoch 44:  29%|██▊       | 2/7 [00:05<00:13,  0.37it/s, v_num=y94l, val_loss=0.525]Epoch 44:  29%|██▊       | 2/7 [00:05<00:13,  0.37it/s, v_num=y94l, val_loss=0.525]tensor(1.7821, device='cuda:0', grad_fn=<MaxBackward1>)
tensor(-0.8218, device='cuda:0', grad_fn=<MinBackward1>)
Epoch 44:  43%|████▎     | 3/7 [00:07<00:10,  0.39it/s, v_num=y94l, val_loss=0.525]Epoch 44:  43%|████▎     | 3/7 [00:07<00:10,  0.39it/s, v_num=y94l, val_loss=0.525]tensor(1.5157, device='cuda:0', grad_fn=<MaxBackward1>)
tensor(-1.1992, device='cuda:0', grad_fn=<MinBackward1>)
Epoch 44:  57%|█████▋    | 4/7 [00:10<00:07,  0.40it/s, v_num=y94l, val_loss=0.525]Epoch 44:  57%|█████▋    | 4/7 [00:10<00:07,  0.40it/s, v_num=y94l, val_loss=0.525]tensor(1.9612, device='cuda:0', grad_fn=<MaxBackward1>)
tensor(-0.7566, device='cuda:0', grad_fn=<MinBackward1>)
Epoch 44:  71%|███████▏  | 5/7 [00:12<00:04,  0.41it/s, v_num=y94l, val_loss=0.525]Epoch 44:  71%|███████▏  | 5/7 [00:12<00:04,  0.41it/s, v_num=y94l, val_loss=0.525]tensor(0.9298, device='cuda:0', grad_fn=<MaxBackward1>)
tensor(-0.9789, device='cuda:0', grad_fn=<MinBackward1>)
Epoch 44:  86%|████████▌ | 6/7 [00:14<00:02,  0.41it/s, v_num=y94l, val_loss=0.525]Epoch 44:  86%|████████▌ | 6/7 [00:14<00:02,  0.41it/s, v_num=y94l, val_loss=0.525]tensor(1.0807, device='cuda:0', grad_fn=<MaxBackward1>)
tensor(-0.7168, device='cuda:0', grad_fn=<MinBackward1>)
Epoch 44: 100%|██████████| 7/7 [00:16<00:00,  0.43it/s, v_num=y94l, val_loss=0.525]Epoch 44: 100%|██████████| 7/7 [00:16<00:00,  0.43it/s, v_num=y94l, val_loss=0.525]
Validation: |          | 0/? [00:00<?, ?it/s][A
Validation:   0%|          | 0/4 [00:00<?, ?it/s][A
Validation DataLoader 0:   0%|          | 0/4 [00:00<?, ?it/s][Atensor(0.9903, device='cuda:0')
tensor(-0.7367, device='cuda:0')

Validation DataLoader 0:  25%|██▌       | 1/4 [00:02<00:06,  0.43it/s][Atensor(1.3581, device='cuda:0')
tensor(-0.4960, device='cuda:0')

Validation DataLoader 0:  50%|█████     | 2/4 [00:04<00:04,  0.44it/s][Atensor(1.2160, device='cuda:0')
tensor(-0.7407, device='cuda:0')

Validation DataLoader 0:  75%|███████▌  | 3/4 [00:06<00:02,  0.44it/s][Atensor(1.0287, device='cuda:0')
tensor(-0.5024, device='cuda:0')

Validation DataLoader 0: 100%|██████████| 4/4 [00:07<00:00,  0.53it/s][A
==================================================
Stage: VAL
Predicted class distribution: 0s = 71, 1s = 36
Actual label distribution:    0s = 80, 1s = 27
Actual Imbalance Ratio (0:1): 2.96:1
==================================================
✅ Model is predicting both classes.

                                                                      [AEpoch 44: 100%|██████████| 7/7 [00:24<00:00,  0.29it/s, v_num=y94l, val_loss=0.523]Epoch 44: 100%|██████████| 7/7 [00:24<00:00,  0.29it/s, v_num=y94l, val_loss=0.523]Epoch 44:   0%|          | 0/7 [00:00<?, ?it/s, v_num=y94l, val_loss=0.523]        Epoch 45:   0%|          | 0/7 [00:00<?, ?it/s, v_num=y94l, val_loss=0.523]tensor(1.5732, device='cuda:0', grad_fn=<MaxBackward1>)
tensor(-0.6623, device='cuda:0', grad_fn=<MinBackward1>)
Epoch 45:  14%|█▍        | 1/7 [00:03<00:18,  0.32it/s, v_num=y94l, val_loss=0.523]Epoch 45:  14%|█▍        | 1/7 [00:03<00:18,  0.32it/s, v_num=y94l, val_loss=0.523]tensor(1.4675, device='cuda:0', grad_fn=<MaxBackward1>)
tensor(-1.4449, device='cuda:0', grad_fn=<MinBackward1>)
Epoch 45:  29%|██▊       | 2/7 [00:05<00:13,  0.37it/s, v_num=y94l, val_loss=0.523]Epoch 45:  29%|██▊       | 2/7 [00:05<00:13,  0.37it/s, v_num=y94l, val_loss=0.523]tensor(1.1290, device='cuda:0', grad_fn=<MaxBackward1>)
tensor(-0.7547, device='cuda:0', grad_fn=<MinBackward1>)
Epoch 45:  43%|████▎     | 3/7 [00:07<00:10,  0.39it/s, v_num=y94l, val_loss=0.523]Epoch 45:  43%|████▎     | 3/7 [00:07<00:10,  0.39it/s, v_num=y94l, val_loss=0.523]tensor(1.3679, device='cuda:0', grad_fn=<MaxBackward1>)
tensor(-1.1156, device='cuda:0', grad_fn=<MinBackward1>)
Epoch 45:  57%|█████▋    | 4/7 [00:09<00:07,  0.40it/s, v_num=y94l, val_loss=0.523]Epoch 45:  57%|█████▋    | 4/7 [00:09<00:07,  0.40it/s, v_num=y94l, val_loss=0.523]tensor(1.7957, device='cuda:0', grad_fn=<MaxBackward1>)
tensor(-0.9965, device='cuda:0', grad_fn=<MinBackward1>)
Epoch 45:  71%|███████▏  | 5/7 [00:12<00:04,  0.41it/s, v_num=y94l, val_loss=0.523]Epoch 45:  71%|███████▏  | 5/7 [00:12<00:04,  0.41it/s, v_num=y94l, val_loss=0.523]tensor(1.8022, device='cuda:0', grad_fn=<MaxBackward1>)
tensor(-0.6982, device='cuda:0', grad_fn=<MinBackward1>)
Epoch 45:  86%|████████▌ | 6/7 [00:14<00:02,  0.41it/s, v_num=y94l, val_loss=0.523]Epoch 45:  86%|████████▌ | 6/7 [00:14<00:02,  0.41it/s, v_num=y94l, val_loss=0.523]tensor(1.5000, device='cuda:0', grad_fn=<MaxBackward1>)
tensor(-0.9370, device='cuda:0', grad_fn=<MinBackward1>)
Epoch 45: 100%|██████████| 7/7 [00:16<00:00,  0.44it/s, v_num=y94l, val_loss=0.523]Epoch 45: 100%|██████████| 7/7 [00:16<00:00,  0.44it/s, v_num=y94l, val_loss=0.523]
Validation: |          | 0/? [00:00<?, ?it/s][A
Validation:   0%|          | 0/4 [00:00<?, ?it/s][A
Validation DataLoader 0:   0%|          | 0/4 [00:00<?, ?it/s][Atensor(0.9802, device='cuda:0')
tensor(-0.7613, device='cuda:0')

Validation DataLoader 0:  25%|██▌       | 1/4 [00:02<00:07,  0.41it/s][Atensor(1.4066, device='cuda:0')
tensor(-0.4985, device='cuda:0')

Validation DataLoader 0:  50%|█████     | 2/4 [00:04<00:04,  0.42it/s][Atensor(1.2400, device='cuda:0')
tensor(-0.7976, device='cuda:0')

Validation DataLoader 0:  75%|███████▌  | 3/4 [00:06<00:02,  0.43it/s][Atensor(1.0896, device='cuda:0')
tensor(-0.5290, device='cuda:0')

Validation DataLoader 0: 100%|██████████| 4/4 [00:07<00:00,  0.52it/s][A
==================================================
Stage: VAL
Predicted class distribution: 0s = 65, 1s = 42
Actual label distribution:    0s = 80, 1s = 27
Actual Imbalance Ratio (0:1): 2.96:1
==================================================
✅ Model is predicting both classes.

                                                                      [AEpoch 45: 100%|██████████| 7/7 [00:24<00:00,  0.28it/s, v_num=y94l, val_loss=0.526]Epoch 45: 100%|██████████| 7/7 [00:24<00:00,  0.28it/s, v_num=y94l, val_loss=0.526]Epoch 45:   0%|          | 0/7 [00:00<?, ?it/s, v_num=y94l, val_loss=0.526]        Epoch 46:   0%|          | 0/7 [00:00<?, ?it/s, v_num=y94l, val_loss=0.526]tensor(1.3364, device='cuda:0', grad_fn=<MaxBackward1>)
tensor(-0.7661, device='cuda:0', grad_fn=<MinBackward1>)
Epoch 46:  14%|█▍        | 1/7 [00:03<00:18,  0.32it/s, v_num=y94l, val_loss=0.526]Epoch 46:  14%|█▍        | 1/7 [00:03<00:18,  0.32it/s, v_num=y94l, val_loss=0.526]tensor(1.3182, device='cuda:0', grad_fn=<MaxBackward1>)
tensor(-0.5884, device='cuda:0', grad_fn=<MinBackward1>)
Epoch 46:  29%|██▊       | 2/7 [00:05<00:13,  0.37it/s, v_num=y94l, val_loss=0.526]Epoch 46:  29%|██▊       | 2/7 [00:05<00:13,  0.37it/s, v_num=y94l, val_loss=0.526]tensor(1.3786, device='cuda:0', grad_fn=<MaxBackward1>)
tensor(-1.5879, device='cuda:0', grad_fn=<MinBackward1>)
Epoch 46:  43%|████▎     | 3/7 [00:07<00:10,  0.39it/s, v_num=y94l, val_loss=0.526]Epoch 46:  43%|████▎     | 3/7 [00:07<00:10,  0.39it/s, v_num=y94l, val_loss=0.526]tensor(1.8550, device='cuda:0', grad_fn=<MaxBackward1>)
tensor(-0.8914, device='cuda:0', grad_fn=<MinBackward1>)
Epoch 46:  57%|█████▋    | 4/7 [00:09<00:07,  0.40it/s, v_num=y94l, val_loss=0.526]Epoch 46:  57%|█████▋    | 4/7 [00:09<00:07,  0.40it/s, v_num=y94l, val_loss=0.526]tensor(1.4440, device='cuda:0', grad_fn=<MaxBackward1>)
tensor(-1.4717, device='cuda:0', grad_fn=<MinBackward1>)
Epoch 46:  71%|███████▏  | 5/7 [00:12<00:04,  0.41it/s, v_num=y94l, val_loss=0.526]Epoch 46:  71%|███████▏  | 5/7 [00:12<00:04,  0.41it/s, v_num=y94l, val_loss=0.526]tensor(1.1416, device='cuda:0', grad_fn=<MaxBackward1>)
tensor(-0.6154, device='cuda:0', grad_fn=<MinBackward1>)
Epoch 46:  86%|████████▌ | 6/7 [00:14<00:02,  0.41it/s, v_num=y94l, val_loss=0.526]Epoch 46:  86%|████████▌ | 6/7 [00:14<00:02,  0.41it/s, v_num=y94l, val_loss=0.526]tensor(1.4276, device='cuda:0', grad_fn=<MaxBackward1>)
tensor(-1.1636, device='cuda:0', grad_fn=<MinBackward1>)
Epoch 46: 100%|██████████| 7/7 [00:16<00:00,  0.44it/s, v_num=y94l, val_loss=0.526]Epoch 46: 100%|██████████| 7/7 [00:16<00:00,  0.44it/s, v_num=y94l, val_loss=0.526]
Validation: |          | 0/? [00:00<?, ?it/s][A
Validation:   0%|          | 0/4 [00:00<?, ?it/s][A
Validation DataLoader 0:   0%|          | 0/4 [00:00<?, ?it/s][Atensor(1.0228, device='cuda:0')
tensor(-0.7537, device='cuda:0')

Validation DataLoader 0:  25%|██▌       | 1/4 [00:02<00:07,  0.41it/s][Atensor(1.4288, device='cuda:0')
tensor(-0.4780, device='cuda:0')

Validation DataLoader 0:  50%|█████     | 2/4 [00:04<00:04,  0.42it/s][Atensor(1.2961, device='cuda:0')
tensor(-0.7947, device='cuda:0')

Validation DataLoader 0:  75%|███████▌  | 3/4 [00:06<00:02,  0.43it/s][Atensor(1.1105, device='cuda:0')
tensor(-0.5163, device='cuda:0')

Validation DataLoader 0: 100%|██████████| 4/4 [00:07<00:00,  0.52it/s][A
==================================================
Stage: VAL
Predicted class distribution: 0s = 72, 1s = 35
Actual label distribution:    0s = 80, 1s = 27
Actual Imbalance Ratio (0:1): 2.96:1
==================================================
✅ Model is predicting both classes.

                                                                      [AEpoch 46: 100%|██████████| 7/7 [00:24<00:00,  0.29it/s, v_num=y94l, val_loss=0.512]Epoch 46: 100%|██████████| 7/7 [00:24<00:00,  0.29it/s, v_num=y94l, val_loss=0.512]Epoch 46:   0%|          | 0/7 [00:00<?, ?it/s, v_num=y94l, val_loss=0.512]        Epoch 47:   0%|          | 0/7 [00:00<?, ?it/s, v_num=y94l, val_loss=0.512]tensor(1.5754, device='cuda:0', grad_fn=<MaxBackward1>)
tensor(-0.9945, device='cuda:0', grad_fn=<MinBackward1>)
Epoch 47:  14%|█▍        | 1/7 [00:03<00:18,  0.32it/s, v_num=y94l, val_loss=0.512]Epoch 47:  14%|█▍        | 1/7 [00:03<00:18,  0.32it/s, v_num=y94l, val_loss=0.512]tensor(1.5456, device='cuda:0', grad_fn=<MaxBackward1>)
tensor(-0.5901, device='cuda:0', grad_fn=<MinBackward1>)
Epoch 47:  29%|██▊       | 2/7 [00:05<00:13,  0.37it/s, v_num=y94l, val_loss=0.512]Epoch 47:  29%|██▊       | 2/7 [00:05<00:13,  0.37it/s, v_num=y94l, val_loss=0.512]tensor(1.3047, device='cuda:0', grad_fn=<MaxBackward1>)
tensor(-1.4729, device='cuda:0', grad_fn=<MinBackward1>)
Epoch 47:  43%|████▎     | 3/7 [00:07<00:10,  0.39it/s, v_num=y94l, val_loss=0.512]Epoch 47:  43%|████▎     | 3/7 [00:07<00:10,  0.39it/s, v_num=y94l, val_loss=0.512]tensor(1.2686, device='cuda:0', grad_fn=<MaxBackward1>)
tensor(-0.5100, device='cuda:0', grad_fn=<MinBackward1>)
Epoch 47:  57%|█████▋    | 4/7 [00:09<00:07,  0.40it/s, v_num=y94l, val_loss=0.512]Epoch 47:  57%|█████▋    | 4/7 [00:09<00:07,  0.40it/s, v_num=y94l, val_loss=0.512]tensor(1.8519, device='cuda:0', grad_fn=<MaxBackward1>)
tensor(-1.0345, device='cuda:0', grad_fn=<MinBackward1>)
Epoch 47:  71%|███████▏  | 5/7 [00:12<00:04,  0.41it/s, v_num=y94l, val_loss=0.512]Epoch 47:  71%|███████▏  | 5/7 [00:12<00:04,  0.41it/s, v_num=y94l, val_loss=0.512]tensor(1.2851, device='cuda:0', grad_fn=<MaxBackward1>)
tensor(-0.9437, device='cuda:0', grad_fn=<MinBackward1>)
Epoch 47:  86%|████████▌ | 6/7 [00:14<00:02,  0.41it/s, v_num=y94l, val_loss=0.512]Epoch 47:  86%|████████▌ | 6/7 [00:14<00:02,  0.41it/s, v_num=y94l, val_loss=0.512]tensor(1.2769, device='cuda:0', grad_fn=<MaxBackward1>)
tensor(-0.9345, device='cuda:0', grad_fn=<MinBackward1>)
Epoch 47: 100%|██████████| 7/7 [00:16<00:00,  0.44it/s, v_num=y94l, val_loss=0.512]Epoch 47: 100%|██████████| 7/7 [00:16<00:00,  0.44it/s, v_num=y94l, val_loss=0.512]
Validation: |          | 0/? [00:00<?, ?it/s][A
Validation:   0%|          | 0/4 [00:00<?, ?it/s][A
Validation DataLoader 0:   0%|          | 0/4 [00:00<?, ?it/s][Atensor(1.0406, device='cuda:0')
tensor(-0.7677, device='cuda:0')

Validation DataLoader 0:  25%|██▌       | 1/4 [00:02<00:07,  0.41it/s][Atensor(1.4771, device='cuda:0')
tensor(-0.4639, device='cuda:0')

Validation DataLoader 0:  50%|█████     | 2/4 [00:04<00:04,  0.42it/s][Atensor(1.3145, device='cuda:0')
tensor(-0.7914, device='cuda:0')

Validation DataLoader 0:  75%|███████▌  | 3/4 [00:06<00:02,  0.43it/s][Atensor(1.1279, device='cuda:0')
tensor(-0.5341, device='cuda:0')

Validation DataLoader 0: 100%|██████████| 4/4 [00:07<00:00,  0.52it/s][A
==================================================
Stage: VAL
Predicted class distribution: 0s = 72, 1s = 35
Actual label distribution:    0s = 80, 1s = 27
Actual Imbalance Ratio (0:1): 2.96:1
==================================================
✅ Model is predicting both classes.

                                                                      [AEpoch 47: 100%|██████████| 7/7 [00:24<00:00,  0.29it/s, v_num=y94l, val_loss=0.504]Epoch 47: 100%|██████████| 7/7 [00:24<00:00,  0.29it/s, v_num=y94l, val_loss=0.504]Epoch 47:   0%|          | 0/7 [00:00<?, ?it/s, v_num=y94l, val_loss=0.504]        Epoch 48:   0%|          | 0/7 [00:00<?, ?it/s, v_num=y94l, val_loss=0.504]tensor(1.4043, device='cuda:0', grad_fn=<MaxBackward1>)
tensor(-0.9539, device='cuda:0', grad_fn=<MinBackward1>)
Epoch 48:  14%|█▍        | 1/7 [00:03<00:19,  0.31it/s, v_num=y94l, val_loss=0.504]Epoch 48:  14%|█▍        | 1/7 [00:03<00:19,  0.31it/s, v_num=y94l, val_loss=0.504]tensor(1.7143, device='cuda:0', grad_fn=<MaxBackward1>)
tensor(-1.4947, device='cuda:0', grad_fn=<MinBackward1>)
Epoch 48:  29%|██▊       | 2/7 [00:05<00:13,  0.37it/s, v_num=y94l, val_loss=0.504]Epoch 48:  29%|██▊       | 2/7 [00:05<00:13,  0.37it/s, v_num=y94l, val_loss=0.504]tensor(1.3864, device='cuda:0', grad_fn=<MaxBackward1>)
tensor(-0.8374, device='cuda:0', grad_fn=<MinBackward1>)
Epoch 48:  43%|████▎     | 3/7 [00:07<00:10,  0.39it/s, v_num=y94l, val_loss=0.504]Epoch 48:  43%|████▎     | 3/7 [00:07<00:10,  0.39it/s, v_num=y94l, val_loss=0.504]tensor(1.4431, device='cuda:0', grad_fn=<MaxBackward1>)
tensor(-0.8017, device='cuda:0', grad_fn=<MinBackward1>)
Epoch 48:  57%|█████▋    | 4/7 [00:10<00:07,  0.40it/s, v_num=y94l, val_loss=0.504]Epoch 48:  57%|█████▋    | 4/7 [00:10<00:07,  0.40it/s, v_num=y94l, val_loss=0.504]tensor(1.0366, device='cuda:0', grad_fn=<MaxBackward1>)
tensor(-1.0719, device='cuda:0', grad_fn=<MinBackward1>)
Epoch 48:  71%|███████▏  | 5/7 [00:12<00:04,  0.41it/s, v_num=y94l, val_loss=0.504]Epoch 48:  71%|███████▏  | 5/7 [00:12<00:04,  0.41it/s, v_num=y94l, val_loss=0.504]tensor(1.5572, device='cuda:0', grad_fn=<MaxBackward1>)
tensor(-0.7579, device='cuda:0', grad_fn=<MinBackward1>)
Epoch 48:  86%|████████▌ | 6/7 [00:14<00:02,  0.41it/s, v_num=y94l, val_loss=0.504]Epoch 48:  86%|████████▌ | 6/7 [00:14<00:02,  0.41it/s, v_num=y94l, val_loss=0.504]tensor(1.1579, device='cuda:0', grad_fn=<MaxBackward1>)
tensor(-1.4140, device='cuda:0', grad_fn=<MinBackward1>)
Epoch 48: 100%|██████████| 7/7 [00:16<00:00,  0.44it/s, v_num=y94l, val_loss=0.504]Epoch 48: 100%|██████████| 7/7 [00:16<00:00,  0.44it/s, v_num=y94l, val_loss=0.504]
Validation: |          | 0/? [00:00<?, ?it/s][A
Validation:   0%|          | 0/4 [00:00<?, ?it/s][A
Validation DataLoader 0:   0%|          | 0/4 [00:00<?, ?it/s][Atensor(0.9868, device='cuda:0')
tensor(-0.8209, device='cuda:0')

Validation DataLoader 0:  25%|██▌       | 1/4 [00:02<00:07,  0.40it/s][Atensor(1.5112, device='cuda:0')
tensor(-0.5173, device='cuda:0')

Validation DataLoader 0:  50%|█████     | 2/4 [00:04<00:04,  0.42it/s][Atensor(1.2963, device='cuda:0')
tensor(-0.8392, device='cuda:0')

Validation DataLoader 0:  75%|███████▌  | 3/4 [00:06<00:02,  0.43it/s][Atensor(1.1259, device='cuda:0')
tensor(-0.5724, device='cuda:0')

Validation DataLoader 0: 100%|██████████| 4/4 [00:07<00:00,  0.52it/s][A
==================================================
Stage: VAL
Predicted class distribution: 0s = 70, 1s = 37
Actual label distribution:    0s = 80, 1s = 27
Actual Imbalance Ratio (0:1): 2.96:1
==================================================
✅ Model is predicting both classes.

                                                                      [AEpoch 48: 100%|██████████| 7/7 [00:24<00:00,  0.29it/s, v_num=y94l, val_loss=0.513]Epoch 48: 100%|██████████| 7/7 [00:24<00:00,  0.29it/s, v_num=y94l, val_loss=0.513]Epoch 48:   0%|          | 0/7 [00:00<?, ?it/s, v_num=y94l, val_loss=0.513]        Epoch 49:   0%|          | 0/7 [00:00<?, ?it/s, v_num=y94l, val_loss=0.513]tensor(1.2119, device='cuda:0', grad_fn=<MaxBackward1>)
tensor(-1.0855, device='cuda:0', grad_fn=<MinBackward1>)
Epoch 49:  14%|█▍        | 1/7 [00:03<00:19,  0.31it/s, v_num=y94l, val_loss=0.513]Epoch 49:  14%|█▍        | 1/7 [00:03<00:19,  0.31it/s, v_num=y94l, val_loss=0.513]tensor(1.8195, device='cuda:0', grad_fn=<MaxBackward1>)
tensor(-1.6199, device='cuda:0', grad_fn=<MinBackward1>)
Epoch 49:  29%|██▊       | 2/7 [00:05<00:13,  0.37it/s, v_num=y94l, val_loss=0.513]Epoch 49:  29%|██▊       | 2/7 [00:05<00:13,  0.37it/s, v_num=y94l, val_loss=0.513]tensor(1.5304, device='cuda:0', grad_fn=<MaxBackward1>)
tensor(-1.1982, device='cuda:0', grad_fn=<MinBackward1>)
Epoch 49:  43%|████▎     | 3/7 [00:07<00:10,  0.39it/s, v_num=y94l, val_loss=0.513]Epoch 49:  43%|████▎     | 3/7 [00:07<00:10,  0.39it/s, v_num=y94l, val_loss=0.513]tensor(1.2516, device='cuda:0', grad_fn=<MaxBackward1>)
tensor(-0.9303, device='cuda:0', grad_fn=<MinBackward1>)
Epoch 49:  57%|█████▋    | 4/7 [00:10<00:07,  0.40it/s, v_num=y94l, val_loss=0.513]Epoch 49:  57%|█████▋    | 4/7 [00:10<00:07,  0.40it/s, v_num=y94l, val_loss=0.513]tensor(1.5888, device='cuda:0', grad_fn=<MaxBackward1>)
tensor(-1.3017, device='cuda:0', grad_fn=<MinBackward1>)
Epoch 49:  71%|███████▏  | 5/7 [00:12<00:04,  0.41it/s, v_num=y94l, val_loss=0.513]Epoch 49:  71%|███████▏  | 5/7 [00:12<00:04,  0.41it/s, v_num=y94l, val_loss=0.513]tensor(1.5037, device='cuda:0', grad_fn=<MaxBackward1>)
tensor(-1.1179, device='cuda:0', grad_fn=<MinBackward1>)
Epoch 49:  86%|████████▌ | 6/7 [00:14<00:02,  0.41it/s, v_num=y94l, val_loss=0.513]Epoch 49:  86%|████████▌ | 6/7 [00:14<00:02,  0.41it/s, v_num=y94l, val_loss=0.513]tensor(0.9697, device='cuda:0', grad_fn=<MaxBackward1>)
tensor(-0.3401, device='cuda:0', grad_fn=<MinBackward1>)
Epoch 49: 100%|██████████| 7/7 [00:16<00:00,  0.43it/s, v_num=y94l, val_loss=0.513]Epoch 49: 100%|██████████| 7/7 [00:16<00:00,  0.43it/s, v_num=y94l, val_loss=0.513]
Validation: |          | 0/? [00:00<?, ?it/s][A
Validation:   0%|          | 0/4 [00:00<?, ?it/s][A
Validation DataLoader 0:   0%|          | 0/4 [00:00<?, ?it/s][Atensor(1.0173, device='cuda:0')
tensor(-0.7182, device='cuda:0')

Validation DataLoader 0:  25%|██▌       | 1/4 [00:02<00:07,  0.41it/s][Atensor(1.5781, device='cuda:0')
tensor(-0.4550, device='cuda:0')

Validation DataLoader 0:  50%|█████     | 2/4 [00:04<00:04,  0.42it/s][Atensor(1.4016, device='cuda:0')
tensor(-0.7255, device='cuda:0')

Validation DataLoader 0:  75%|███████▌  | 3/4 [00:06<00:02,  0.43it/s][Atensor(1.1686, device='cuda:0')
tensor(-0.5548, device='cuda:0')

Validation DataLoader 0: 100%|██████████| 4/4 [00:07<00:00,  0.52it/s][A
==================================================
Stage: VAL
Predicted class distribution: 0s = 72, 1s = 35
Actual label distribution:    0s = 80, 1s = 27
Actual Imbalance Ratio (0:1): 2.96:1
==================================================
✅ Model is predicting both classes.

                                                                      [AEpoch 49: 100%|██████████| 7/7 [00:24<00:00,  0.29it/s, v_num=y94l, val_loss=0.485]Epoch 49: 100%|██████████| 7/7 [00:24<00:00,  0.29it/s, v_num=y94l, val_loss=0.485]Epoch 49:   0%|          | 0/7 [00:00<?, ?it/s, v_num=y94l, val_loss=0.485]        Epoch 50:   0%|          | 0/7 [00:00<?, ?it/s, v_num=y94l, val_loss=0.485]tensor(1.1168, device='cuda:0', grad_fn=<MaxBackward1>)
tensor(-0.8025, device='cuda:0', grad_fn=<MinBackward1>)
Epoch 50:  14%|█▍        | 1/7 [00:03<00:19,  0.31it/s, v_num=y94l, val_loss=0.485]Epoch 50:  14%|█▍        | 1/7 [00:03<00:19,  0.31it/s, v_num=y94l, val_loss=0.485]tensor(1.3535, device='cuda:0', grad_fn=<MaxBackward1>)
tensor(-1.7785, device='cuda:0', grad_fn=<MinBackward1>)
Epoch 50:  29%|██▊       | 2/7 [00:05<00:13,  0.36it/s, v_num=y94l, val_loss=0.485]Epoch 50:  29%|██▊       | 2/7 [00:05<00:13,  0.36it/s, v_num=y94l, val_loss=0.485]tensor(1.1088, device='cuda:0', grad_fn=<MaxBackward1>)
tensor(-0.7544, device='cuda:0', grad_fn=<MinBackward1>)
Epoch 50:  43%|████▎     | 3/7 [00:07<00:10,  0.38it/s, v_num=y94l, val_loss=0.485]Epoch 50:  43%|████▎     | 3/7 [00:07<00:10,  0.38it/s, v_num=y94l, val_loss=0.485]tensor(1.3946, device='cuda:0', grad_fn=<MaxBackward1>)
tensor(-1.2666, device='cuda:0', grad_fn=<MinBackward1>)
Epoch 50:  57%|█████▋    | 4/7 [00:10<00:07,  0.40it/s, v_num=y94l, val_loss=0.485]Epoch 50:  57%|█████▋    | 4/7 [00:10<00:07,  0.40it/s, v_num=y94l, val_loss=0.485]tensor(1.5550, device='cuda:0', grad_fn=<MaxBackward1>)
tensor(-1.4617, device='cuda:0', grad_fn=<MinBackward1>)
Epoch 50:  71%|███████▏  | 5/7 [00:12<00:04,  0.40it/s, v_num=y94l, val_loss=0.485]Epoch 50:  71%|███████▏  | 5/7 [00:12<00:04,  0.40it/s, v_num=y94l, val_loss=0.485]tensor(1.1704, device='cuda:0', grad_fn=<MaxBackward1>)
tensor(-0.8198, device='cuda:0', grad_fn=<MinBackward1>)
Epoch 50:  86%|████████▌ | 6/7 [00:14<00:02,  0.41it/s, v_num=y94l, val_loss=0.485]Epoch 50:  86%|████████▌ | 6/7 [00:14<00:02,  0.41it/s, v_num=y94l, val_loss=0.485]tensor(1.3454, device='cuda:0', grad_fn=<MaxBackward1>)
tensor(-0.9651, device='cuda:0', grad_fn=<MinBackward1>)
Epoch 50: 100%|██████████| 7/7 [00:16<00:00,  0.43it/s, v_num=y94l, val_loss=0.485]Epoch 50: 100%|██████████| 7/7 [00:16<00:00,  0.43it/s, v_num=y94l, val_loss=0.485]
Validation: |          | 0/? [00:00<?, ?it/s][A
Validation:   0%|          | 0/4 [00:00<?, ?it/s][A
Validation DataLoader 0:   0%|          | 0/4 [00:00<?, ?it/s][Atensor(1.0328, device='cuda:0')
tensor(-0.6692, device='cuda:0')

Validation DataLoader 0:  25%|██▌       | 1/4 [00:02<00:07,  0.41it/s][Atensor(1.6283, device='cuda:0')
tensor(-0.4560, device='cuda:0')

Validation DataLoader 0:  50%|█████     | 2/4 [00:04<00:04,  0.43it/s][Atensor(1.4356, device='cuda:0')
tensor(-0.6784, device='cuda:0')

Validation DataLoader 0:  75%|███████▌  | 3/4 [00:06<00:02,  0.43it/s][Atensor(1.2270, device='cuda:0')
tensor(-0.5296, device='cuda:0')

Validation DataLoader 0: 100%|██████████| 4/4 [00:07<00:00,  0.52it/s][A
==================================================
Stage: VAL
Predicted class distribution: 0s = 74, 1s = 33
Actual label distribution:    0s = 80, 1s = 27
Actual Imbalance Ratio (0:1): 2.96:1
==================================================
✅ Model is predicting both classes.

                                                                      [AEpoch 50: 100%|██████████| 7/7 [00:24<00:00,  0.28it/s, v_num=y94l, val_loss=0.475]Epoch 50: 100%|██████████| 7/7 [00:24<00:00,  0.28it/s, v_num=y94l, val_loss=0.475]Epoch 50:   0%|          | 0/7 [00:00<?, ?it/s, v_num=y94l, val_loss=0.475]        Epoch 51:   0%|          | 0/7 [00:00<?, ?it/s, v_num=y94l, val_loss=0.475]tensor(1.4174, device='cuda:0', grad_fn=<MaxBackward1>)
tensor(-1.1226, device='cuda:0', grad_fn=<MinBackward1>)
Epoch 51:  14%|█▍        | 1/7 [00:03<00:19,  0.31it/s, v_num=y94l, val_loss=0.475]Epoch 51:  14%|█▍        | 1/7 [00:03<00:19,  0.31it/s, v_num=y94l, val_loss=0.475]tensor(1.9853, device='cuda:0', grad_fn=<MaxBackward1>)
tensor(-0.8197, device='cuda:0', grad_fn=<MinBackward1>)
Epoch 51:  29%|██▊       | 2/7 [00:05<00:13,  0.36it/s, v_num=y94l, val_loss=0.475]Epoch 51:  29%|██▊       | 2/7 [00:05<00:13,  0.36it/s, v_num=y94l, val_loss=0.475]tensor(1.4359, device='cuda:0', grad_fn=<MaxBackward1>)
tensor(-0.9836, device='cuda:0', grad_fn=<MinBackward1>)
Epoch 51:  43%|████▎     | 3/7 [00:07<00:10,  0.38it/s, v_num=y94l, val_loss=0.475]Epoch 51:  43%|████▎     | 3/7 [00:07<00:10,  0.38it/s, v_num=y94l, val_loss=0.475]tensor(1.5081, device='cuda:0', grad_fn=<MaxBackward1>)
tensor(-1.2171, device='cuda:0', grad_fn=<MinBackward1>)
Epoch 51:  57%|█████▋    | 4/7 [00:10<00:07,  0.40it/s, v_num=y94l, val_loss=0.475]Epoch 51:  57%|█████▋    | 4/7 [00:10<00:07,  0.40it/s, v_num=y94l, val_loss=0.475]tensor(1.1228, device='cuda:0', grad_fn=<MaxBackward1>)
tensor(-1.8421, device='cuda:0', grad_fn=<MinBackward1>)
Epoch 51:  71%|███████▏  | 5/7 [00:12<00:04,  0.41it/s, v_num=y94l, val_loss=0.475]Epoch 51:  71%|███████▏  | 5/7 [00:12<00:04,  0.41it/s, v_num=y94l, val_loss=0.475]tensor(1.1248, device='cuda:0', grad_fn=<MaxBackward1>)
tensor(-1.2288, device='cuda:0', grad_fn=<MinBackward1>)
Epoch 51:  86%|████████▌ | 6/7 [00:14<00:02,  0.41it/s, v_num=y94l, val_loss=0.475]Epoch 51:  86%|████████▌ | 6/7 [00:14<00:02,  0.41it/s, v_num=y94l, val_loss=0.475]tensor(1.3152, device='cuda:0', grad_fn=<MaxBackward1>)
tensor(-1.3791, device='cuda:0', grad_fn=<MinBackward1>)
Epoch 51: 100%|██████████| 7/7 [00:16<00:00,  0.43it/s, v_num=y94l, val_loss=0.475]Epoch 51: 100%|██████████| 7/7 [00:16<00:00,  0.43it/s, v_num=y94l, val_loss=0.475]
Validation: |          | 0/? [00:00<?, ?it/s][A
Validation:   0%|          | 0/4 [00:00<?, ?it/s][A
Validation DataLoader 0:   0%|          | 0/4 [00:00<?, ?it/s][AEpoch 51: 100%|██████████| 7/7 [00:21<00:00,  0.32it/s, v_num=y94l, val_loss=0.475]

                                                              [A