Starting job with config: config_ws.yaml
CUDA-enabled GPU/TPU is available.
[2026-03-02 18:03:59,484][MedImageInsight.ImageDataLoader.transforms.build][INFO] - => testing transformers: Compose(
    Resize(size=(480, 480), interpolation=bicubic, max_size=None, antialias=warn)
    ToTensor()
    Normalize(mean=[0.485, 0.456, 0.406], std=[0.229, 0.224, 0.225])
)
[2026-03-02 18:03:59,484][MedImageInsight.UniCLModel][INFO] - Create model with standard parameterization
Ignored unknown kwarg option special
Ignored unknown kwarg option special
Ignored unknown kwarg option special
Ignored unknown kwarg option special
Ignored unknown kwarg option special
Ignored unknown kwarg option special
[2026-03-02 18:04:02,819][MedImageInsight.LangEncoder.transformer][INFO] - => init weight of Linear/Conv2d from trunc norm
[2026-03-02 18:04:03,011][MedImageInsight.LangEncoder.transformer][INFO] - => init bias of Linear/Conv2d to zeros
[2026-03-02 18:04:03,011][MedImageInsight.LangEncoder.transformer][INFO] - => init weight of Linear/Conv2d from trunc norm
[2026-03-02 18:04:03,122][MedImageInsight.LangEncoder.transformer][INFO] - => init bias of Linear/Conv2d to zeros
[2026-03-02 18:04:03,122][MedImageInsight.LangEncoder.transformer][INFO] - => init weight of Linear/Conv2d from trunc norm
[2026-03-02 18:04:03,300][MedImageInsight.LangEncoder.transformer][INFO] - => init bias of Linear/Conv2d to zeros
[2026-03-02 18:04:03,304][MedImageInsight.LangEncoder.transformer][INFO] - => init weight of Linear/Conv2d from trunc norm
[2026-03-02 18:04:03,415][MedImageInsight.LangEncoder.transformer][INFO] - => init bias of Linear/Conv2d to zeros
[2026-03-02 18:04:03,415][MedImageInsight.LangEncoder.transformer][INFO] - => init weight of Linear/Conv2d from trunc norm
[2026-03-02 18:04:03,522][MedImageInsight.LangEncoder.transformer][INFO] - => init bias of Linear/Conv2d to zeros
[2026-03-02 18:04:03,522][MedImageInsight.LangEncoder.transformer][INFO] - => init weight of Linear/Conv2d from trunc norm
[2026-03-02 18:04:03,696][MedImageInsight.LangEncoder.transformer][INFO] - => init bias of Linear/Conv2d to zeros
[2026-03-02 18:04:03,696][MedImageInsight.LangEncoder.transformer][INFO] - => init weight of Linear/Conv2d from trunc norm
[2026-03-02 18:04:03,803][MedImageInsight.LangEncoder.transformer][INFO] - => init bias of Linear/Conv2d to zeros
[2026-03-02 18:04:03,803][MedImageInsight.LangEncoder.transformer][INFO] - => init weight of Linear/Conv2d from trunc norm
[2026-03-02 18:04:03,919][MedImageInsight.LangEncoder.transformer][INFO] - => init bias of Linear/Conv2d to zeros
[2026-03-02 18:04:03,919][MedImageInsight.LangEncoder.transformer][INFO] - => init weight of Linear/Conv2d from trunc norm
[2026-03-02 18:04:04,101][MedImageInsight.LangEncoder.transformer][INFO] - => init bias of Linear/Conv2d to zeros
[2026-03-02 18:04:04,101][MedImageInsight.LangEncoder.transformer][INFO] - => init weight of Linear/Conv2d from trunc norm
[2026-03-02 18:04:04,214][MedImageInsight.LangEncoder.transformer][INFO] - => init bias of Linear/Conv2d to zeros
[2026-03-02 18:04:04,214][MedImageInsight.LangEncoder.transformer][INFO] - => init weight of Linear/Conv2d from trunc norm
[2026-03-02 18:04:04,404][MedImageInsight.LangEncoder.transformer][INFO] - => init bias of Linear/Conv2d to zeros
[2026-03-02 18:04:04,404][MedImageInsight.LangEncoder.transformer][INFO] - => init weight of Linear/Conv2d from trunc norm
[2026-03-02 18:04:04,513][MedImageInsight.LangEncoder.transformer][INFO] - => init bias of Linear/Conv2d to zeros
[2026-03-02 18:04:04,513][MedImageInsight.LangEncoder.transformer][INFO] - => init weight of Linear/Conv2d from trunc norm
[2026-03-02 18:04:04,614][MedImageInsight.LangEncoder.transformer][INFO] - => init bias of Linear/Conv2d to zeros
[2026-03-02 18:04:04,614][MedImageInsight.LangEncoder.transformer][INFO] - => init weight of Linear/Conv2d from trunc norm
[2026-03-02 18:04:04,736][MedImageInsight.LangEncoder.transformer][INFO] - => init bias of Linear/Conv2d to zeros
[2026-03-02 18:04:04,736][MedImageInsight.LangEncoder.transformer][INFO] - => init weight of Linear/Conv2d from trunc norm
[2026-03-02 18:04:04,903][MedImageInsight.LangEncoder.transformer][INFO] - => init bias of Linear/Conv2d to zeros
[2026-03-02 18:04:04,903][MedImageInsight.LangEncoder.transformer][INFO] - => init weight of Linear/Conv2d from trunc norm
[2026-03-02 18:04:05,032][MedImageInsight.LangEncoder.transformer][INFO] - => init bias of Linear/Conv2d to zeros
[2026-03-02 18:04:05,032][MedImageInsight.LangEncoder.transformer][INFO] - => init weight of Linear/Conv2d from trunc norm
[2026-03-02 18:04:05,193][MedImageInsight.LangEncoder.transformer][INFO] - => init bias of Linear/Conv2d to zeros
[2026-03-02 18:04:05,193][MedImageInsight.LangEncoder.transformer][INFO] - => init weight of Linear/Conv2d from trunc norm
[2026-03-02 18:04:05,304][MedImageInsight.LangEncoder.transformer][INFO] - => init bias of Linear/Conv2d to zeros
[2026-03-02 18:04:05,304][MedImageInsight.LangEncoder.transformer][INFO] - => init weight of Linear/Conv2d from trunc norm
[2026-03-02 18:04:05,406][MedImageInsight.LangEncoder.transformer][INFO] - => init bias of Linear/Conv2d to zeros
[2026-03-02 18:04:05,406][MedImageInsight.LangEncoder.transformer][INFO] - => init weight of Linear/Conv2d from trunc norm
[2026-03-02 18:04:05,513][MedImageInsight.LangEncoder.transformer][INFO] - => init bias of Linear/Conv2d to zeros
[2026-03-02 18:04:05,513][MedImageInsight.LangEncoder.transformer][INFO] - => init weight of Linear/Conv2d from trunc norm
[2026-03-02 18:04:05,697][MedImageInsight.LangEncoder.transformer][INFO] - => init bias of Linear/Conv2d to zeros
[2026-03-02 18:04:05,697][MedImageInsight.LangEncoder.transformer][INFO] - => init weight of Linear/Conv2d from trunc norm
[2026-03-02 18:04:05,806][MedImageInsight.LangEncoder.transformer][INFO] - => init bias of Linear/Conv2d to zeros
[2026-03-02 18:04:05,806][MedImageInsight.LangEncoder.transformer][INFO] - => init weight of Linear/Conv2d from trunc norm
[2026-03-02 18:04:05,915][MedImageInsight.LangEncoder.transformer][INFO] - => init bias of Linear/Conv2d to zeros
[2026-03-02 18:04:05,915][MedImageInsight.LangEncoder.transformer][INFO] - => init weight of Linear/Conv2d from trunc norm
[2026-03-02 18:04:06,128][MedImageInsight.LangEncoder.transformer][INFO] - => init bias of Linear/Conv2d to zeros
[2026-03-02 18:04:06,128][MedImageInsight.LangEncoder.transformer][INFO] - => init weight of Linear/Conv2d from trunc norm
[2026-03-02 18:04:06,241][MedImageInsight.LangEncoder.transformer][INFO] - => init bias of Linear/Conv2d to zeros
[2026-03-02 18:04:06,241][MedImageInsight.LangEncoder.transformer][INFO] - => init weight of Linear/Conv2d from trunc norm
[2026-03-02 18:04:06,407][MedImageInsight.LangEncoder.transformer][INFO] - => init bias of Linear/Conv2d to zeros
[2026-03-02 18:04:06,407][MedImageInsight.LangEncoder.transformer][INFO] - => init weight of Linear/Conv2d from trunc norm
[2026-03-02 18:04:06,541][MedImageInsight.LangEncoder.transformer][INFO] - => init bias of Linear/Conv2d to zeros
[2026-03-02 18:04:06,541][MedImageInsight.LangEncoder.transformer][INFO] - => init weight of Linear/Conv2d from trunc norm
[2026-03-02 18:04:06,718][MedImageInsight.LangEncoder.transformer][INFO] - => init bias of Linear/Conv2d to zeros
[2026-03-02 18:04:06,718][MedImageInsight.LangEncoder.transformer][INFO] - => init weight of Linear/Conv2d from trunc norm
[2026-03-02 18:04:06,834][MedImageInsight.LangEncoder.transformer][INFO] - => init bias of Linear/Conv2d to zeros
[2026-03-02 18:04:06,835][MedImageInsight.LangEncoder.transformer][INFO] - => init weight of Linear/Conv2d from trunc norm
[2026-03-02 18:04:07,029][MedImageInsight.LangEncoder.transformer][INFO] - => init bias of Linear/Conv2d to zeros
[2026-03-02 18:04:07,029][MedImageInsight.LangEncoder.transformer][INFO] - => init weight of Linear/Conv2d from trunc norm
[2026-03-02 18:04:07,115][MedImageInsight.LangEncoder.transformer][INFO] - => init bias of Linear/Conv2d to zeros
[2026-03-02 18:04:07,115][MedImageInsight.LangEncoder.transformer][INFO] - => init weight of Linear/Conv2d from trunc norm
[2026-03-02 18:04:07,301][MedImageInsight.LangEncoder.transformer][INFO] - => init bias of Linear/Conv2d to zeros
[2026-03-02 18:04:07,301][MedImageInsight.LangEncoder.transformer][INFO] - => init weight of Linear/Conv2d from trunc norm
[2026-03-02 18:04:07,406][MedImageInsight.LangEncoder.transformer][INFO] - => init bias of Linear/Conv2d to zeros
[2026-03-02 18:04:07,406][MedImageInsight.LangEncoder.transformer][INFO] - => init weight of Linear/Conv2d from trunc norm
[2026-03-02 18:04:07,535][MedImageInsight.LangEncoder.transformer][INFO] - => init bias of Linear/Conv2d to zeros
[2026-03-02 18:04:07,535][MedImageInsight.LangEncoder.transformer][INFO] - => init weight of Linear/Conv2d from trunc norm
[2026-03-02 18:04:07,704][MedImageInsight.LangEncoder.transformer][INFO] - => init bias of Linear/Conv2d to zeros
[2026-03-02 18:04:07,704][MedImageInsight.LangEncoder.transformer][INFO] - => init weight of Linear/Conv2d from trunc norm
[2026-03-02 18:04:07,814][MedImageInsight.LangEncoder.transformer][INFO] - => init bias of Linear/Conv2d to zeros
[2026-03-02 18:04:07,814][MedImageInsight.LangEncoder.transformer][INFO] - => init weight of Linear/Conv2d from trunc norm
[2026-03-02 18:04:07,926][MedImageInsight.LangEncoder.transformer][INFO] - => init bias of Linear/Conv2d to zeros
[2026-03-02 18:04:07,926][MedImageInsight.LangEncoder.transformer][INFO] - => init weight of Linear/Conv2d from trunc norm
[2026-03-02 18:04:08,097][MedImageInsight.LangEncoder.transformer][INFO] - => init bias of Linear/Conv2d to zeros
[2026-03-02 18:04:08,097][MedImageInsight.LangEncoder.transformer][INFO] - => init weight of Linear/Conv2d from trunc norm
[2026-03-02 18:04:08,227][MedImageInsight.LangEncoder.transformer][INFO] - => init bias of Linear/Conv2d to zeros
[2026-03-02 18:04:08,227][MedImageInsight.LangEncoder.transformer][INFO] - => init weight of Linear/Conv2d from trunc norm
[2026-03-02 18:04:08,341][MedImageInsight.LangEncoder.transformer][INFO] - => init bias of Linear/Conv2d to zeros
[2026-03-02 18:04:08,341][MedImageInsight.LangEncoder.transformer][INFO] - => init weight of Linear/Conv2d from trunc norm
[2026-03-02 18:04:08,520][MedImageInsight.LangEncoder.transformer][INFO] - => init bias of Linear/Conv2d to zeros
[2026-03-02 18:04:08,520][MedImageInsight.LangEncoder.transformer][INFO] - => init weight of Linear/Conv2d from trunc norm
[2026-03-02 18:04:08,711][MedImageInsight.LangEncoder.transformer][INFO] - => init bias of Linear/Conv2d to zeros
[2026-03-02 18:04:08,711][MedImageInsight.LangEncoder.transformer][INFO] - => init weight of Linear/Conv2d from trunc norm
[2026-03-02 18:04:08,817][MedImageInsight.LangEncoder.transformer][INFO] - => init bias of Linear/Conv2d to zeros
[2026-03-02 18:04:08,817][MedImageInsight.LangEncoder.transformer][INFO] - => init weight of Linear/Conv2d from trunc norm
[2026-03-02 18:04:08,996][MedImageInsight.LangEncoder.transformer][INFO] - => init bias of Linear/Conv2d to zeros
[2026-03-02 18:04:08,996][MedImageInsight.LangEncoder.transformer][INFO] - => init weight of Linear/Conv2d from trunc norm
[2026-03-02 18:04:09,125][MedImageInsight.LangEncoder.transformer][INFO] - => init bias of Linear/Conv2d to zeros
[2026-03-02 18:04:09,125][MedImageInsight.LangEncoder.transformer][INFO] - => init weight of Linear/Conv2d from trunc norm
[2026-03-02 18:04:09,298][MedImageInsight.LangEncoder.transformer][INFO] - => init bias of Linear/Conv2d to zeros
[2026-03-02 18:04:09,298][MedImageInsight.LangEncoder.transformer][INFO] - => init weight of Linear/Conv2d from trunc norm
[2026-03-02 18:04:09,408][MedImageInsight.LangEncoder.transformer][INFO] - => init bias of Linear/Conv2d to zeros
[2026-03-02 18:04:09,408][MedImageInsight.LangEncoder.transformer][INFO] - => init weight of Linear/Conv2d from trunc norm
[2026-03-02 18:04:09,515][MedImageInsight.LangEncoder.transformer][INFO] - => init bias of Linear/Conv2d to zeros
[2026-03-02 18:04:09,597][MedImageInsight.ImageEncoder.davit_v1][INFO] - Create model with standard parameterization
[2026-03-02 18:04:09,606][MedImageInsight.ImageEncoder.davit_v1][INFO] - => Depth offset in stage 0: 0
[2026-03-02 18:04:09,898][MedImageInsight.ImageEncoder.davit_v1][INFO] - => Depth offset in stage 1: 2
[2026-03-02 18:04:10,209][MedImageInsight.ImageEncoder.davit_v1][INFO] - => Depth offset in stage 2: 4
[2026-03-02 18:04:13,557][MedImageInsight.ImageEncoder.davit_v1][INFO] - => Depth offset in stage 3: 22
[2026-03-02 18:04:14,068][MedImageInsight.ImageEncoder.davit_v1][INFO] - Custom init: original init
[2026-03-02 18:04:27,216][MedImageInsight.ImageEncoder.davit_v1][INFO] - Load model from pretrained checkpoint
[2026-03-02 18:04:27,303][MedImageInsight.UniCLModel][INFO] - Custom init: original init
[2026-03-02 18:04:34,296][MedImageInsight.UniCLModel][INFO] - => Loading pretrained model /nas-ctm01/homes/fmferreira/MedImageInsights/2024.09.27/vision_model/medimageinsigt-v1.0.0.pt
[2026-03-02 18:04:34,982][MedImageInsight.UniCLModel][INFO] - => init image_projection from /nas-ctm01/homes/fmferreira/MedImageInsights/2024.09.27/vision_model/medimageinsigt-v1.0.0.pt
[2026-03-02 18:04:34,982][MedImageInsight.UniCLModel][INFO] - => init lang_encoder.ln_final.bias from /nas-ctm01/homes/fmferreira/MedImageInsights/2024.09.27/vision_model/medimageinsigt-v1.0.0.pt
[2026-03-02 18:04:34,982][MedImageInsight.UniCLModel][INFO] - => init lang_encoder.ln_final.weight from /nas-ctm01/homes/fmferreira/MedImageInsights/2024.09.27/vision_model/medimageinsigt-v1.0.0.pt
[2026-03-02 18:04:34,982][MedImageInsight.UniCLModel][INFO] - => init lang_encoder.positional_embedding from /nas-ctm01/homes/fmferreira/MedImageInsights/2024.09.27/vision_model/medimageinsigt-v1.0.0.pt
[2026-03-02 18:04:34,982][MedImageInsight.UniCLModel][INFO] - => init lang_encoder.resblocks.0.attn.in_proj_bias from /nas-ctm01/homes/fmferreira/MedImageInsights/2024.09.27/vision_model/medimageinsigt-v1.0.0.pt
[2026-03-02 18:04:34,982][MedImageInsight.UniCLModel][INFO] - => init lang_encoder.resblocks.0.attn.in_proj_weight from /nas-ctm01/homes/fmferreira/MedImageInsights/2024.09.27/vision_model/medimageinsigt-v1.0.0.pt
[2026-03-02 18:04:34,982][MedImageInsight.UniCLModel][INFO] - => init lang_encoder.resblocks.0.attn.out_proj.bias from /nas-ctm01/homes/fmferreira/MedImageInsights/2024.09.27/vision_model/medimageinsigt-v1.0.0.pt
[2026-03-02 18:04:34,982][MedImageInsight.UniCLModel][INFO] - => init lang_encoder.resblocks.0.attn.out_proj.weight from /nas-ctm01/homes/fmferreira/MedImageInsights/2024.09.27/vision_model/medimageinsigt-v1.0.0.pt
[2026-03-02 18:04:34,982][MedImageInsight.UniCLModel][INFO] - => init lang_encoder.resblocks.0.ln_1.bias from /nas-ctm01/homes/fmferreira/MedImageInsights/2024.09.27/vision_model/medimageinsigt-v1.0.0.pt
[2026-03-02 18:04:34,982][MedImageInsight.UniCLModel][INFO] - => init lang_encoder.resblocks.0.ln_1.weight from /nas-ctm01/homes/fmferreira/MedImageInsights/2024.09.27/vision_model/medimageinsigt-v1.0.0.pt
[2026-03-02 18:04:34,982][MedImageInsight.UniCLModel][INFO] - => init lang_encoder.resblocks.0.ln_2.bias from /nas-ctm01/homes/fmferreira/MedImageInsights/2024.09.27/vision_model/medimageinsigt-v1.0.0.pt
[2026-03-02 18:04:34,982][MedImageInsight.UniCLModel][INFO] - => init lang_encoder.resblocks.0.ln_2.weight from /nas-ctm01/homes/fmferreira/MedImageInsights/2024.09.27/vision_model/medimageinsigt-v1.0.0.pt
[2026-03-02 18:04:34,982][MedImageInsight.UniCLModel][INFO] - => init lang_encoder.resblocks.0.mlp.c_fc.bias from /nas-ctm01/homes/fmferreira/MedImageInsights/2024.09.27/vision_model/medimageinsigt-v1.0.0.pt
[2026-03-02 18:04:34,983][MedImageInsight.UniCLModel][INFO] - => init lang_encoder.resblocks.0.mlp.c_fc.weight from /nas-ctm01/homes/fmferreira/MedImageInsights/2024.09.27/vision_model/medimageinsigt-v1.0.0.pt
[2026-03-02 18:04:34,983][MedImageInsight.UniCLModel][INFO] - => init lang_encoder.resblocks.0.mlp.c_proj.bias from /nas-ctm01/homes/fmferreira/MedImageInsights/2024.09.27/vision_model/medimageinsigt-v1.0.0.pt
[2026-03-02 18:04:34,983][MedImageInsight.UniCLModel][INFO] - => init lang_encoder.resblocks.0.mlp.c_proj.weight from /nas-ctm01/homes/fmferreira/MedImageInsights/2024.09.27/vision_model/medimageinsigt-v1.0.0.pt
[2026-03-02 18:04:34,983][MedImageInsight.UniCLModel][INFO] - => init lang_encoder.resblocks.1.attn.in_proj_bias from /nas-ctm01/homes/fmferreira/MedImageInsights/2024.09.27/vision_model/medimageinsigt-v1.0.0.pt
[2026-03-02 18:04:34,983][MedImageInsight.UniCLModel][INFO] - => init lang_encoder.resblocks.1.attn.in_proj_weight from /nas-ctm01/homes/fmferreira/MedImageInsights/2024.09.27/vision_model/medimageinsigt-v1.0.0.pt
[2026-03-02 18:04:34,983][MedImageInsight.UniCLModel][INFO] - => init lang_encoder.resblocks.1.attn.out_proj.bias from /nas-ctm01/homes/fmferreira/MedImageInsights/2024.09.27/vision_model/medimageinsigt-v1.0.0.pt
[2026-03-02 18:04:34,983][MedImageInsight.UniCLModel][INFO] - => init lang_encoder.resblocks.1.attn.out_proj.weight from /nas-ctm01/homes/fmferreira/MedImageInsights/2024.09.27/vision_model/medimageinsigt-v1.0.0.pt
[2026-03-02 18:04:34,983][MedImageInsight.UniCLModel][INFO] - => init lang_encoder.resblocks.1.ln_1.bias from /nas-ctm01/homes/fmferreira/MedImageInsights/2024.09.27/vision_model/medimageinsigt-v1.0.0.pt
[2026-03-02 18:04:34,983][MedImageInsight.UniCLModel][INFO] - => init lang_encoder.resblocks.1.ln_1.weight from /nas-ctm01/homes/fmferreira/MedImageInsights/2024.09.27/vision_model/medimageinsigt-v1.0.0.pt
[2026-03-02 18:04:34,983][MedImageInsight.UniCLModel][INFO] - => init lang_encoder.resblocks.1.ln_2.bias from /nas-ctm01/homes/fmferreira/MedImageInsights/2024.09.27/vision_model/medimageinsigt-v1.0.0.pt
[2026-03-02 18:04:34,983][MedImageInsight.UniCLModel][INFO] - => init lang_encoder.resblocks.1.ln_2.weight from /nas-ctm01/homes/fmferreira/MedImageInsights/2024.09.27/vision_model/medimageinsigt-v1.0.0.pt
[2026-03-02 18:04:34,983][MedImageInsight.UniCLModel][INFO] - => init lang_encoder.resblocks.1.mlp.c_fc.bias from /nas-ctm01/homes/fmferreira/MedImageInsights/2024.09.27/vision_model/medimageinsigt-v1.0.0.pt
[2026-03-02 18:04:34,983][MedImageInsight.UniCLModel][INFO] - => init lang_encoder.resblocks.1.mlp.c_fc.weight from /nas-ctm01/homes/fmferreira/MedImageInsights/2024.09.27/vision_model/medimageinsigt-v1.0.0.pt
[2026-03-02 18:04:34,983][MedImageInsight.UniCLModel][INFO] - => init lang_encoder.resblocks.1.mlp.c_proj.bias from /nas-ctm01/homes/fmferreira/MedImageInsights/2024.09.27/vision_model/medimageinsigt-v1.0.0.pt
[2026-03-02 18:04:34,983][MedImageInsight.UniCLModel][INFO] - => init lang_encoder.resblocks.1.mlp.c_proj.weight from /nas-ctm01/homes/fmferreira/MedImageInsights/2024.09.27/vision_model/medimageinsigt-v1.0.0.pt
[2026-03-02 18:04:34,983][MedImageInsight.UniCLModel][INFO] - => init lang_encoder.resblocks.10.attn.in_proj_bias from /nas-ctm01/homes/fmferreira/MedImageInsights/2024.09.27/vision_model/medimageinsigt-v1.0.0.pt
[2026-03-02 18:04:34,983][MedImageInsight.UniCLModel][INFO] - => init lang_encoder.resblocks.10.attn.in_proj_weight from /nas-ctm01/homes/fmferreira/MedImageInsights/2024.09.27/vision_model/medimageinsigt-v1.0.0.pt
[2026-03-02 18:04:34,983][MedImageInsight.UniCLModel][INFO] - => init lang_encoder.resblocks.10.attn.out_proj.bias from /nas-ctm01/homes/fmferreira/MedImageInsights/2024.09.27/vision_model/medimageinsigt-v1.0.0.pt
[2026-03-02 18:04:34,983][MedImageInsight.UniCLModel][INFO] - => init lang_encoder.resblocks.10.attn.out_proj.weight from /nas-ctm01/homes/fmferreira/MedImageInsights/2024.09.27/vision_model/medimageinsigt-v1.0.0.pt
[2026-03-02 18:04:34,983][MedImageInsight.UniCLModel][INFO] - => init lang_encoder.resblocks.10.ln_1.bias from /nas-ctm01/homes/fmferreira/MedImageInsights/2024.09.27/vision_model/medimageinsigt-v1.0.0.pt
[2026-03-02 18:04:34,983][MedImageInsight.UniCLModel][INFO] - => init lang_encoder.resblocks.10.ln_1.weight from /nas-ctm01/homes/fmferreira/MedImageInsights/2024.09.27/vision_model/medimageinsigt-v1.0.0.pt
[2026-03-02 18:04:34,983][MedImageInsight.UniCLModel][INFO] - => init lang_encoder.resblocks.10.ln_2.bias from /nas-ctm01/homes/fmferreira/MedImageInsights/2024.09.27/vision_model/medimageinsigt-v1.0.0.pt
[2026-03-02 18:04:34,983][MedImageInsight.UniCLModel][INFO] - => init lang_encoder.resblocks.10.ln_2.weight from /nas-ctm01/homes/fmferreira/MedImageInsights/2024.09.27/vision_model/medimageinsigt-v1.0.0.pt
[2026-03-02 18:04:34,983][MedImageInsight.UniCLModel][INFO] - => init lang_encoder.resblocks.10.mlp.c_fc.bias from /nas-ctm01/homes/fmferreira/MedImageInsights/2024.09.27/vision_model/medimageinsigt-v1.0.0.pt
[2026-03-02 18:04:34,983][MedImageInsight.UniCLModel][INFO] - => init lang_encoder.resblocks.10.mlp.c_fc.weight from /nas-ctm01/homes/fmferreira/MedImageInsights/2024.09.27/vision_model/medimageinsigt-v1.0.0.pt
[2026-03-02 18:04:34,983][MedImageInsight.UniCLModel][INFO] - => init lang_encoder.resblocks.10.mlp.c_proj.bias from /nas-ctm01/homes/fmferreira/MedImageInsights/2024.09.27/vision_model/medimageinsigt-v1.0.0.pt
[2026-03-02 18:04:34,983][MedImageInsight.UniCLModel][INFO] - => init lang_encoder.resblocks.10.mlp.c_proj.weight from /nas-ctm01/homes/fmferreira/MedImageInsights/2024.09.27/vision_model/medimageinsigt-v1.0.0.pt
[2026-03-02 18:04:34,983][MedImageInsight.UniCLModel][INFO] - => init lang_encoder.resblocks.11.attn.in_proj_bias from /nas-ctm01/homes/fmferreira/MedImageInsights/2024.09.27/vision_model/medimageinsigt-v1.0.0.pt
[2026-03-02 18:04:34,983][MedImageInsight.UniCLModel][INFO] - => init lang_encoder.resblocks.11.attn.in_proj_weight from /nas-ctm01/homes/fmferreira/MedImageInsights/2024.09.27/vision_model/medimageinsigt-v1.0.0.pt
[2026-03-02 18:04:34,983][MedImageInsight.UniCLModel][INFO] - => init lang_encoder.resblocks.11.attn.out_proj.bias from /nas-ctm01/homes/fmferreira/MedImageInsights/2024.09.27/vision_model/medimageinsigt-v1.0.0.pt
[2026-03-02 18:04:34,983][MedImageInsight.UniCLModel][INFO] - => init lang_encoder.resblocks.11.attn.out_proj.weight from /nas-ctm01/homes/fmferreira/MedImageInsights/2024.09.27/vision_model/medimageinsigt-v1.0.0.pt
[2026-03-02 18:04:34,983][MedImageInsight.UniCLModel][INFO] - => init lang_encoder.resblocks.11.ln_1.bias from /nas-ctm01/homes/fmferreira/MedImageInsights/2024.09.27/vision_model/medimageinsigt-v1.0.0.pt
[2026-03-02 18:04:34,983][MedImageInsight.UniCLModel][INFO] - => init lang_encoder.resblocks.11.ln_1.weight from /nas-ctm01/homes/fmferreira/MedImageInsights/2024.09.27/vision_model/medimageinsigt-v1.0.0.pt
[2026-03-02 18:04:34,983][MedImageInsight.UniCLModel][INFO] - => init lang_encoder.resblocks.11.ln_2.bias from /nas-ctm01/homes/fmferreira/MedImageInsights/2024.09.27/vision_model/medimageinsigt-v1.0.0.pt
[2026-03-02 18:04:34,983][MedImageInsight.UniCLModel][INFO] - => init lang_encoder.resblocks.11.ln_2.weight from /nas-ctm01/homes/fmferreira/MedImageInsights/2024.09.27/vision_model/medimageinsigt-v1.0.0.pt
[2026-03-02 18:04:34,983][MedImageInsight.UniCLModel][INFO] - => init lang_encoder.resblocks.11.mlp.c_fc.bias from /nas-ctm01/homes/fmferreira/MedImageInsights/2024.09.27/vision_model/medimageinsigt-v1.0.0.pt
[2026-03-02 18:04:34,983][MedImageInsight.UniCLModel][INFO] - => init lang_encoder.resblocks.11.mlp.c_fc.weight from /nas-ctm01/homes/fmferreira/MedImageInsights/2024.09.27/vision_model/medimageinsigt-v1.0.0.pt
[2026-03-02 18:04:34,983][MedImageInsight.UniCLModel][INFO] - => init lang_encoder.resblocks.11.mlp.c_proj.bias from /nas-ctm01/homes/fmferreira/MedImageInsights/2024.09.27/vision_model/medimageinsigt-v1.0.0.pt
[2026-03-02 18:04:34,983][MedImageInsight.UniCLModel][INFO] - => init lang_encoder.resblocks.11.mlp.c_proj.weight from /nas-ctm01/homes/fmferreira/MedImageInsights/2024.09.27/vision_model/medimageinsigt-v1.0.0.pt
[2026-03-02 18:04:34,983][MedImageInsight.UniCLModel][INFO] - => init lang_encoder.resblocks.12.attn.in_proj_bias from /nas-ctm01/homes/fmferreira/MedImageInsights/2024.09.27/vision_model/medimageinsigt-v1.0.0.pt
[2026-03-02 18:04:34,983][MedImageInsight.UniCLModel][INFO] - => init lang_encoder.resblocks.12.attn.in_proj_weight from /nas-ctm01/homes/fmferreira/MedImageInsights/2024.09.27/vision_model/medimageinsigt-v1.0.0.pt
[2026-03-02 18:04:34,983][MedImageInsight.UniCLModel][INFO] - => init lang_encoder.resblocks.12.attn.out_proj.bias from /nas-ctm01/homes/fmferreira/MedImageInsights/2024.09.27/vision_model/medimageinsigt-v1.0.0.pt
[2026-03-02 18:04:34,983][MedImageInsight.UniCLModel][INFO] - => init lang_encoder.resblocks.12.attn.out_proj.weight from /nas-ctm01/homes/fmferreira/MedImageInsights/2024.09.27/vision_model/medimageinsigt-v1.0.0.pt
[2026-03-02 18:04:34,983][MedImageInsight.UniCLModel][INFO] - => init lang_encoder.resblocks.12.ln_1.bias from /nas-ctm01/homes/fmferreira/MedImageInsights/2024.09.27/vision_model/medimageinsigt-v1.0.0.pt
[2026-03-02 18:04:34,983][MedImageInsight.UniCLModel][INFO] - => init lang_encoder.resblocks.12.ln_1.weight from /nas-ctm01/homes/fmferreira/MedImageInsights/2024.09.27/vision_model/medimageinsigt-v1.0.0.pt
[2026-03-02 18:04:34,983][MedImageInsight.UniCLModel][INFO] - => init lang_encoder.resblocks.12.ln_2.bias from /nas-ctm01/homes/fmferreira/MedImageInsights/2024.09.27/vision_model/medimageinsigt-v1.0.0.pt
[2026-03-02 18:04:34,983][MedImageInsight.UniCLModel][INFO] - => init lang_encoder.resblocks.12.ln_2.weight from /nas-ctm01/homes/fmferreira/MedImageInsights/2024.09.27/vision_model/medimageinsigt-v1.0.0.pt
[2026-03-02 18:04:34,983][MedImageInsight.UniCLModel][INFO] - => init lang_encoder.resblocks.12.mlp.c_fc.bias from /nas-ctm01/homes/fmferreira/MedImageInsights/2024.09.27/vision_model/medimageinsigt-v1.0.0.pt
[2026-03-02 18:04:34,983][MedImageInsight.UniCLModel][INFO] - => init lang_encoder.resblocks.12.mlp.c_fc.weight from /nas-ctm01/homes/fmferreira/MedImageInsights/2024.09.27/vision_model/medimageinsigt-v1.0.0.pt
[2026-03-02 18:04:34,983][MedImageInsight.UniCLModel][INFO] - => init lang_encoder.resblocks.12.mlp.c_proj.bias from /nas-ctm01/homes/fmferreira/MedImageInsights/2024.09.27/vision_model/medimageinsigt-v1.0.0.pt
[2026-03-02 18:04:34,983][MedImageInsight.UniCLModel][INFO] - => init lang_encoder.resblocks.12.mlp.c_proj.weight from /nas-ctm01/homes/fmferreira/MedImageInsights/2024.09.27/vision_model/medimageinsigt-v1.0.0.pt
[2026-03-02 18:04:34,983][MedImageInsight.UniCLModel][INFO] - => init lang_encoder.resblocks.13.attn.in_proj_bias from /nas-ctm01/homes/fmferreira/MedImageInsights/2024.09.27/vision_model/medimageinsigt-v1.0.0.pt
[2026-03-02 18:04:34,983][MedImageInsight.UniCLModel][INFO] - => init lang_encoder.resblocks.13.attn.in_proj_weight from /nas-ctm01/homes/fmferreira/MedImageInsights/2024.09.27/vision_model/medimageinsigt-v1.0.0.pt
[2026-03-02 18:04:34,983][MedImageInsight.UniCLModel][INFO] - => init lang_encoder.resblocks.13.attn.out_proj.bias from /nas-ctm01/homes/fmferreira/MedImageInsights/2024.09.27/vision_model/medimageinsigt-v1.0.0.pt
[2026-03-02 18:04:34,984][MedImageInsight.UniCLModel][INFO] - => init lang_encoder.resblocks.13.attn.out_proj.weight from /nas-ctm01/homes/fmferreira/MedImageInsights/2024.09.27/vision_model/medimageinsigt-v1.0.0.pt
[2026-03-02 18:04:34,984][MedImageInsight.UniCLModel][INFO] - => init lang_encoder.resblocks.13.ln_1.bias from /nas-ctm01/homes/fmferreira/MedImageInsights/2024.09.27/vision_model/medimageinsigt-v1.0.0.pt
[2026-03-02 18:04:34,984][MedImageInsight.UniCLModel][INFO] - => init lang_encoder.resblocks.13.ln_1.weight from /nas-ctm01/homes/fmferreira/MedImageInsights/2024.09.27/vision_model/medimageinsigt-v1.0.0.pt
[2026-03-02 18:04:34,984][MedImageInsight.UniCLModel][INFO] - => init lang_encoder.resblocks.13.ln_2.bias from /nas-ctm01/homes/fmferreira/MedImageInsights/2024.09.27/vision_model/medimageinsigt-v1.0.0.pt
[2026-03-02 18:04:34,984][MedImageInsight.UniCLModel][INFO] - => init lang_encoder.resblocks.13.ln_2.weight from /nas-ctm01/homes/fmferreira/MedImageInsights/2024.09.27/vision_model/medimageinsigt-v1.0.0.pt
[2026-03-02 18:04:34,984][MedImageInsight.UniCLModel][INFO] - => init lang_encoder.resblocks.13.mlp.c_fc.bias from /nas-ctm01/homes/fmferreira/MedImageInsights/2024.09.27/vision_model/medimageinsigt-v1.0.0.pt
[2026-03-02 18:04:34,984][MedImageInsight.UniCLModel][INFO] - => init lang_encoder.resblocks.13.mlp.c_fc.weight from /nas-ctm01/homes/fmferreira/MedImageInsights/2024.09.27/vision_model/medimageinsigt-v1.0.0.pt
[2026-03-02 18:04:34,984][MedImageInsight.UniCLModel][INFO] - => init lang_encoder.resblocks.13.mlp.c_proj.bias from /nas-ctm01/homes/fmferreira/MedImageInsights/2024.09.27/vision_model/medimageinsigt-v1.0.0.pt
[2026-03-02 18:04:34,984][MedImageInsight.UniCLModel][INFO] - => init lang_encoder.resblocks.13.mlp.c_proj.weight from /nas-ctm01/homes/fmferreira/MedImageInsights/2024.09.27/vision_model/medimageinsigt-v1.0.0.pt
[2026-03-02 18:04:34,984][MedImageInsight.UniCLModel][INFO] - => init lang_encoder.resblocks.14.attn.in_proj_bias from /nas-ctm01/homes/fmferreira/MedImageInsights/2024.09.27/vision_model/medimageinsigt-v1.0.0.pt
[2026-03-02 18:04:34,984][MedImageInsight.UniCLModel][INFO] - => init lang_encoder.resblocks.14.attn.in_proj_weight from /nas-ctm01/homes/fmferreira/MedImageInsights/2024.09.27/vision_model/medimageinsigt-v1.0.0.pt
[2026-03-02 18:04:34,984][MedImageInsight.UniCLModel][INFO] - => init lang_encoder.resblocks.14.attn.out_proj.bias from /nas-ctm01/homes/fmferreira/MedImageInsights/2024.09.27/vision_model/medimageinsigt-v1.0.0.pt
[2026-03-02 18:04:34,984][MedImageInsight.UniCLModel][INFO] - => init lang_encoder.resblocks.14.attn.out_proj.weight from /nas-ctm01/homes/fmferreira/MedImageInsights/2024.09.27/vision_model/medimageinsigt-v1.0.0.pt
[2026-03-02 18:04:34,984][MedImageInsight.UniCLModel][INFO] - => init lang_encoder.resblocks.14.ln_1.bias from /nas-ctm01/homes/fmferreira/MedImageInsights/2024.09.27/vision_model/medimageinsigt-v1.0.0.pt
[2026-03-02 18:04:34,984][MedImageInsight.UniCLModel][INFO] - => init lang_encoder.resblocks.14.ln_1.weight from /nas-ctm01/homes/fmferreira/MedImageInsights/2024.09.27/vision_model/medimageinsigt-v1.0.0.pt
[2026-03-02 18:04:34,984][MedImageInsight.UniCLModel][INFO] - => init lang_encoder.resblocks.14.ln_2.bias from /nas-ctm01/homes/fmferreira/MedImageInsights/2024.09.27/vision_model/medimageinsigt-v1.0.0.pt
[2026-03-02 18:04:34,984][MedImageInsight.UniCLModel][INFO] - => init lang_encoder.resblocks.14.ln_2.weight from /nas-ctm01/homes/fmferreira/MedImageInsights/2024.09.27/vision_model/medimageinsigt-v1.0.0.pt
[2026-03-02 18:04:34,984][MedImageInsight.UniCLModel][INFO] - => init lang_encoder.resblocks.14.mlp.c_fc.bias from /nas-ctm01/homes/fmferreira/MedImageInsights/2024.09.27/vision_model/medimageinsigt-v1.0.0.pt
[2026-03-02 18:04:34,984][MedImageInsight.UniCLModel][INFO] - => init lang_encoder.resblocks.14.mlp.c_fc.weight from /nas-ctm01/homes/fmferreira/MedImageInsights/2024.09.27/vision_model/medimageinsigt-v1.0.0.pt
[2026-03-02 18:04:34,984][MedImageInsight.UniCLModel][INFO] - => init lang_encoder.resblocks.14.mlp.c_proj.bias from /nas-ctm01/homes/fmferreira/MedImageInsights/2024.09.27/vision_model/medimageinsigt-v1.0.0.pt
[2026-03-02 18:04:34,984][MedImageInsight.UniCLModel][INFO] - => init lang_encoder.resblocks.14.mlp.c_proj.weight from /nas-ctm01/homes/fmferreira/MedImageInsights/2024.09.27/vision_model/medimageinsigt-v1.0.0.pt
[2026-03-02 18:04:34,984][MedImageInsight.UniCLModel][INFO] - => init lang_encoder.resblocks.15.attn.in_proj_bias from /nas-ctm01/homes/fmferreira/MedImageInsights/2024.09.27/vision_model/medimageinsigt-v1.0.0.pt
[2026-03-02 18:04:34,984][MedImageInsight.UniCLModel][INFO] - => init lang_encoder.resblocks.15.attn.in_proj_weight from /nas-ctm01/homes/fmferreira/MedImageInsights/2024.09.27/vision_model/medimageinsigt-v1.0.0.pt
[2026-03-02 18:04:34,984][MedImageInsight.UniCLModel][INFO] - => init lang_encoder.resblocks.15.attn.out_proj.bias from /nas-ctm01/homes/fmferreira/MedImageInsights/2024.09.27/vision_model/medimageinsigt-v1.0.0.pt
[2026-03-02 18:04:34,984][MedImageInsight.UniCLModel][INFO] - => init lang_encoder.resblocks.15.attn.out_proj.weight from /nas-ctm01/homes/fmferreira/MedImageInsights/2024.09.27/vision_model/medimageinsigt-v1.0.0.pt
[2026-03-02 18:04:34,984][MedImageInsight.UniCLModel][INFO] - => init lang_encoder.resblocks.15.ln_1.bias from /nas-ctm01/homes/fmferreira/MedImageInsights/2024.09.27/vision_model/medimageinsigt-v1.0.0.pt
[2026-03-02 18:04:34,984][MedImageInsight.UniCLModel][INFO] - => init lang_encoder.resblocks.15.ln_1.weight from /nas-ctm01/homes/fmferreira/MedImageInsights/2024.09.27/vision_model/medimageinsigt-v1.0.0.pt
[2026-03-02 18:04:34,984][MedImageInsight.UniCLModel][INFO] - => init lang_encoder.resblocks.15.ln_2.bias from /nas-ctm01/homes/fmferreira/MedImageInsights/2024.09.27/vision_model/medimageinsigt-v1.0.0.pt
[2026-03-02 18:04:34,984][MedImageInsight.UniCLModel][INFO] - => init lang_encoder.resblocks.15.ln_2.weight from /nas-ctm01/homes/fmferreira/MedImageInsights/2024.09.27/vision_model/medimageinsigt-v1.0.0.pt
[2026-03-02 18:04:34,984][MedImageInsight.UniCLModel][INFO] - => init lang_encoder.resblocks.15.mlp.c_fc.bias from /nas-ctm01/homes/fmferreira/MedImageInsights/2024.09.27/vision_model/medimageinsigt-v1.0.0.pt
[2026-03-02 18:04:34,984][MedImageInsight.UniCLModel][INFO] - => init lang_encoder.resblocks.15.mlp.c_fc.weight from /nas-ctm01/homes/fmferreira/MedImageInsights/2024.09.27/vision_model/medimageinsigt-v1.0.0.pt
[2026-03-02 18:04:34,984][MedImageInsight.UniCLModel][INFO] - => init lang_encoder.resblocks.15.mlp.c_proj.bias from /nas-ctm01/homes/fmferreira/MedImageInsights/2024.09.27/vision_model/medimageinsigt-v1.0.0.pt
[2026-03-02 18:04:34,984][MedImageInsight.UniCLModel][INFO] - => init lang_encoder.resblocks.15.mlp.c_proj.weight from /nas-ctm01/homes/fmferreira/MedImageInsights/2024.09.27/vision_model/medimageinsigt-v1.0.0.pt
[2026-03-02 18:04:34,984][MedImageInsight.UniCLModel][INFO] - => init lang_encoder.resblocks.2.attn.in_proj_bias from /nas-ctm01/homes/fmferreira/MedImageInsights/2024.09.27/vision_model/medimageinsigt-v1.0.0.pt
[2026-03-02 18:04:34,984][MedImageInsight.UniCLModel][INFO] - => init lang_encoder.resblocks.2.attn.in_proj_weight from /nas-ctm01/homes/fmferreira/MedImageInsights/2024.09.27/vision_model/medimageinsigt-v1.0.0.pt
[2026-03-02 18:04:34,984][MedImageInsight.UniCLModel][INFO] - => init lang_encoder.resblocks.2.attn.out_proj.bias from /nas-ctm01/homes/fmferreira/MedImageInsights/2024.09.27/vision_model/medimageinsigt-v1.0.0.pt
[2026-03-02 18:04:34,984][MedImageInsight.UniCLModel][INFO] - => init lang_encoder.resblocks.2.attn.out_proj.weight from /nas-ctm01/homes/fmferreira/MedImageInsights/2024.09.27/vision_model/medimageinsigt-v1.0.0.pt
[2026-03-02 18:04:34,984][MedImageInsight.UniCLModel][INFO] - => init lang_encoder.resblocks.2.ln_1.bias from /nas-ctm01/homes/fmferreira/MedImageInsights/2024.09.27/vision_model/medimageinsigt-v1.0.0.pt
[2026-03-02 18:04:34,984][MedImageInsight.UniCLModel][INFO] - => init lang_encoder.resblocks.2.ln_1.weight from /nas-ctm01/homes/fmferreira/MedImageInsights/2024.09.27/vision_model/medimageinsigt-v1.0.0.pt
[2026-03-02 18:04:34,984][MedImageInsight.UniCLModel][INFO] - => init lang_encoder.resblocks.2.ln_2.bias from /nas-ctm01/homes/fmferreira/MedImageInsights/2024.09.27/vision_model/medimageinsigt-v1.0.0.pt
[2026-03-02 18:04:34,984][MedImageInsight.UniCLModel][INFO] - => init lang_encoder.resblocks.2.ln_2.weight from /nas-ctm01/homes/fmferreira/MedImageInsights/2024.09.27/vision_model/medimageinsigt-v1.0.0.pt
[2026-03-02 18:04:34,984][MedImageInsight.UniCLModel][INFO] - => init lang_encoder.resblocks.2.mlp.c_fc.bias from /nas-ctm01/homes/fmferreira/MedImageInsights/2024.09.27/vision_model/medimageinsigt-v1.0.0.pt
[2026-03-02 18:04:34,984][MedImageInsight.UniCLModel][INFO] - => init lang_encoder.resblocks.2.mlp.c_fc.weight from /nas-ctm01/homes/fmferreira/MedImageInsights/2024.09.27/vision_model/medimageinsigt-v1.0.0.pt
[2026-03-02 18:04:34,984][MedImageInsight.UniCLModel][INFO] - => init lang_encoder.resblocks.2.mlp.c_proj.bias from /nas-ctm01/homes/fmferreira/MedImageInsights/2024.09.27/vision_model/medimageinsigt-v1.0.0.pt
[2026-03-02 18:04:34,984][MedImageInsight.UniCLModel][INFO] - => init lang_encoder.resblocks.2.mlp.c_proj.weight from /nas-ctm01/homes/fmferreira/MedImageInsights/2024.09.27/vision_model/medimageinsigt-v1.0.0.pt
[2026-03-02 18:04:34,984][MedImageInsight.UniCLModel][INFO] - => init lang_encoder.resblocks.3.attn.in_proj_bias from /nas-ctm01/homes/fmferreira/MedImageInsights/2024.09.27/vision_model/medimageinsigt-v1.0.0.pt
[2026-03-02 18:04:34,984][MedImageInsight.UniCLModel][INFO] - => init lang_encoder.resblocks.3.attn.in_proj_weight from /nas-ctm01/homes/fmferreira/MedImageInsights/2024.09.27/vision_model/medimageinsigt-v1.0.0.pt
[2026-03-02 18:04:34,984][MedImageInsight.UniCLModel][INFO] - => init lang_encoder.resblocks.3.attn.out_proj.bias from /nas-ctm01/homes/fmferreira/MedImageInsights/2024.09.27/vision_model/medimageinsigt-v1.0.0.pt
[2026-03-02 18:04:34,984][MedImageInsight.UniCLModel][INFO] - => init lang_encoder.resblocks.3.attn.out_proj.weight from /nas-ctm01/homes/fmferreira/MedImageInsights/2024.09.27/vision_model/medimageinsigt-v1.0.0.pt
[2026-03-02 18:04:34,984][MedImageInsight.UniCLModel][INFO] - => init lang_encoder.resblocks.3.ln_1.bias from /nas-ctm01/homes/fmferreira/MedImageInsights/2024.09.27/vision_model/medimageinsigt-v1.0.0.pt
[2026-03-02 18:04:34,984][MedImageInsight.UniCLModel][INFO] - => init lang_encoder.resblocks.3.ln_1.weight from /nas-ctm01/homes/fmferreira/MedImageInsights/2024.09.27/vision_model/medimageinsigt-v1.0.0.pt
[2026-03-02 18:04:34,984][MedImageInsight.UniCLModel][INFO] - => init lang_encoder.resblocks.3.ln_2.bias from /nas-ctm01/homes/fmferreira/MedImageInsights/2024.09.27/vision_model/medimageinsigt-v1.0.0.pt
[2026-03-02 18:04:34,984][MedImageInsight.UniCLModel][INFO] - => init lang_encoder.resblocks.3.ln_2.weight from /nas-ctm01/homes/fmferreira/MedImageInsights/2024.09.27/vision_model/medimageinsigt-v1.0.0.pt
[2026-03-02 18:04:34,984][MedImageInsight.UniCLModel][INFO] - => init lang_encoder.resblocks.3.mlp.c_fc.bias from /nas-ctm01/homes/fmferreira/MedImageInsights/2024.09.27/vision_model/medimageinsigt-v1.0.0.pt
[2026-03-02 18:04:34,984][MedImageInsight.UniCLModel][INFO] - => init lang_encoder.resblocks.3.mlp.c_fc.weight from /nas-ctm01/homes/fmferreira/MedImageInsights/2024.09.27/vision_model/medimageinsigt-v1.0.0.pt
[2026-03-02 18:04:34,984][MedImageInsight.UniCLModel][INFO] - => init lang_encoder.resblocks.3.mlp.c_proj.bias from /nas-ctm01/homes/fmferreira/MedImageInsights/2024.09.27/vision_model/medimageinsigt-v1.0.0.pt
[2026-03-02 18:04:34,985][MedImageInsight.UniCLModel][INFO] - => init lang_encoder.resblocks.3.mlp.c_proj.weight from /nas-ctm01/homes/fmferreira/MedImageInsights/2024.09.27/vision_model/medimageinsigt-v1.0.0.pt
[2026-03-02 18:04:34,985][MedImageInsight.UniCLModel][INFO] - => init lang_encoder.resblocks.4.attn.in_proj_bias from /nas-ctm01/homes/fmferreira/MedImageInsights/2024.09.27/vision_model/medimageinsigt-v1.0.0.pt
[2026-03-02 18:04:34,985][MedImageInsight.UniCLModel][INFO] - => init lang_encoder.resblocks.4.attn.in_proj_weight from /nas-ctm01/homes/fmferreira/MedImageInsights/2024.09.27/vision_model/medimageinsigt-v1.0.0.pt
[2026-03-02 18:04:34,985][MedImageInsight.UniCLModel][INFO] - => init lang_encoder.resblocks.4.attn.out_proj.bias from /nas-ctm01/homes/fmferreira/MedImageInsights/2024.09.27/vision_model/medimageinsigt-v1.0.0.pt
[2026-03-02 18:04:34,985][MedImageInsight.UniCLModel][INFO] - => init lang_encoder.resblocks.4.attn.out_proj.weight from /nas-ctm01/homes/fmferreira/MedImageInsights/2024.09.27/vision_model/medimageinsigt-v1.0.0.pt
[2026-03-02 18:04:34,985][MedImageInsight.UniCLModel][INFO] - => init lang_encoder.resblocks.4.ln_1.bias from /nas-ctm01/homes/fmferreira/MedImageInsights/2024.09.27/vision_model/medimageinsigt-v1.0.0.pt
[2026-03-02 18:04:34,985][MedImageInsight.UniCLModel][INFO] - => init lang_encoder.resblocks.4.ln_1.weight from /nas-ctm01/homes/fmferreira/MedImageInsights/2024.09.27/vision_model/medimageinsigt-v1.0.0.pt
[2026-03-02 18:04:34,985][MedImageInsight.UniCLModel][INFO] - => init lang_encoder.resblocks.4.ln_2.bias from /nas-ctm01/homes/fmferreira/MedImageInsights/2024.09.27/vision_model/medimageinsigt-v1.0.0.pt
[2026-03-02 18:04:34,985][MedImageInsight.UniCLModel][INFO] - => init lang_encoder.resblocks.4.ln_2.weight from /nas-ctm01/homes/fmferreira/MedImageInsights/2024.09.27/vision_model/medimageinsigt-v1.0.0.pt
[2026-03-02 18:04:34,985][MedImageInsight.UniCLModel][INFO] - => init lang_encoder.resblocks.4.mlp.c_fc.bias from /nas-ctm01/homes/fmferreira/MedImageInsights/2024.09.27/vision_model/medimageinsigt-v1.0.0.pt
[2026-03-02 18:04:34,985][MedImageInsight.UniCLModel][INFO] - => init lang_encoder.resblocks.4.mlp.c_fc.weight from /nas-ctm01/homes/fmferreira/MedImageInsights/2024.09.27/vision_model/medimageinsigt-v1.0.0.pt
[2026-03-02 18:04:34,985][MedImageInsight.UniCLModel][INFO] - => init lang_encoder.resblocks.4.mlp.c_proj.bias from /nas-ctm01/homes/fmferreira/MedImageInsights/2024.09.27/vision_model/medimageinsigt-v1.0.0.pt
[2026-03-02 18:04:34,985][MedImageInsight.UniCLModel][INFO] - => init lang_encoder.resblocks.4.mlp.c_proj.weight from /nas-ctm01/homes/fmferreira/MedImageInsights/2024.09.27/vision_model/medimageinsigt-v1.0.0.pt
[2026-03-02 18:04:34,985][MedImageInsight.UniCLModel][INFO] - => init lang_encoder.resblocks.5.attn.in_proj_bias from /nas-ctm01/homes/fmferreira/MedImageInsights/2024.09.27/vision_model/medimageinsigt-v1.0.0.pt
[2026-03-02 18:04:34,985][MedImageInsight.UniCLModel][INFO] - => init lang_encoder.resblocks.5.attn.in_proj_weight from /nas-ctm01/homes/fmferreira/MedImageInsights/2024.09.27/vision_model/medimageinsigt-v1.0.0.pt
[2026-03-02 18:04:34,985][MedImageInsight.UniCLModel][INFO] - => init lang_encoder.resblocks.5.attn.out_proj.bias from /nas-ctm01/homes/fmferreira/MedImageInsights/2024.09.27/vision_model/medimageinsigt-v1.0.0.pt
[2026-03-02 18:04:34,985][MedImageInsight.UniCLModel][INFO] - => init lang_encoder.resblocks.5.attn.out_proj.weight from /nas-ctm01/homes/fmferreira/MedImageInsights/2024.09.27/vision_model/medimageinsigt-v1.0.0.pt
[2026-03-02 18:04:34,985][MedImageInsight.UniCLModel][INFO] - => init lang_encoder.resblocks.5.ln_1.bias from /nas-ctm01/homes/fmferreira/MedImageInsights/2024.09.27/vision_model/medimageinsigt-v1.0.0.pt
[2026-03-02 18:04:34,985][MedImageInsight.UniCLModel][INFO] - => init lang_encoder.resblocks.5.ln_1.weight from /nas-ctm01/homes/fmferreira/MedImageInsights/2024.09.27/vision_model/medimageinsigt-v1.0.0.pt
[2026-03-02 18:04:34,985][MedImageInsight.UniCLModel][INFO] - => init lang_encoder.resblocks.5.ln_2.bias from /nas-ctm01/homes/fmferreira/MedImageInsights/2024.09.27/vision_model/medimageinsigt-v1.0.0.pt
[2026-03-02 18:04:34,985][MedImageInsight.UniCLModel][INFO] - => init lang_encoder.resblocks.5.ln_2.weight from /nas-ctm01/homes/fmferreira/MedImageInsights/2024.09.27/vision_model/medimageinsigt-v1.0.0.pt
[2026-03-02 18:04:34,985][MedImageInsight.UniCLModel][INFO] - => init lang_encoder.resblocks.5.mlp.c_fc.bias from /nas-ctm01/homes/fmferreira/MedImageInsights/2024.09.27/vision_model/medimageinsigt-v1.0.0.pt
[2026-03-02 18:04:34,985][MedImageInsight.UniCLModel][INFO] - => init lang_encoder.resblocks.5.mlp.c_fc.weight from /nas-ctm01/homes/fmferreira/MedImageInsights/2024.09.27/vision_model/medimageinsigt-v1.0.0.pt
[2026-03-02 18:04:34,985][MedImageInsight.UniCLModel][INFO] - => init lang_encoder.resblocks.5.mlp.c_proj.bias from /nas-ctm01/homes/fmferreira/MedImageInsights/2024.09.27/vision_model/medimageinsigt-v1.0.0.pt
[2026-03-02 18:04:34,985][MedImageInsight.UniCLModel][INFO] - => init lang_encoder.resblocks.5.mlp.c_proj.weight from /nas-ctm01/homes/fmferreira/MedImageInsights/2024.09.27/vision_model/medimageinsigt-v1.0.0.pt
[2026-03-02 18:04:34,985][MedImageInsight.UniCLModel][INFO] - => init lang_encoder.resblocks.6.attn.in_proj_bias from /nas-ctm01/homes/fmferreira/MedImageInsights/2024.09.27/vision_model/medimageinsigt-v1.0.0.pt
[2026-03-02 18:04:34,985][MedImageInsight.UniCLModel][INFO] - => init lang_encoder.resblocks.6.attn.in_proj_weight from /nas-ctm01/homes/fmferreira/MedImageInsights/2024.09.27/vision_model/medimageinsigt-v1.0.0.pt
[2026-03-02 18:04:34,985][MedImageInsight.UniCLModel][INFO] - => init lang_encoder.resblocks.6.attn.out_proj.bias from /nas-ctm01/homes/fmferreira/MedImageInsights/2024.09.27/vision_model/medimageinsigt-v1.0.0.pt
[2026-03-02 18:04:34,985][MedImageInsight.UniCLModel][INFO] - => init lang_encoder.resblocks.6.attn.out_proj.weight from /nas-ctm01/homes/fmferreira/MedImageInsights/2024.09.27/vision_model/medimageinsigt-v1.0.0.pt
[2026-03-02 18:04:34,985][MedImageInsight.UniCLModel][INFO] - => init lang_encoder.resblocks.6.ln_1.bias from /nas-ctm01/homes/fmferreira/MedImageInsights/2024.09.27/vision_model/medimageinsigt-v1.0.0.pt
[2026-03-02 18:04:34,985][MedImageInsight.UniCLModel][INFO] - => init lang_encoder.resblocks.6.ln_1.weight from /nas-ctm01/homes/fmferreira/MedImageInsights/2024.09.27/vision_model/medimageinsigt-v1.0.0.pt
[2026-03-02 18:04:34,985][MedImageInsight.UniCLModel][INFO] - => init lang_encoder.resblocks.6.ln_2.bias from /nas-ctm01/homes/fmferreira/MedImageInsights/2024.09.27/vision_model/medimageinsigt-v1.0.0.pt
[2026-03-02 18:04:34,985][MedImageInsight.UniCLModel][INFO] - => init lang_encoder.resblocks.6.ln_2.weight from /nas-ctm01/homes/fmferreira/MedImageInsights/2024.09.27/vision_model/medimageinsigt-v1.0.0.pt
[2026-03-02 18:04:34,985][MedImageInsight.UniCLModel][INFO] - => init lang_encoder.resblocks.6.mlp.c_fc.bias from /nas-ctm01/homes/fmferreira/MedImageInsights/2024.09.27/vision_model/medimageinsigt-v1.0.0.pt
[2026-03-02 18:04:34,985][MedImageInsight.UniCLModel][INFO] - => init lang_encoder.resblocks.6.mlp.c_fc.weight from /nas-ctm01/homes/fmferreira/MedImageInsights/2024.09.27/vision_model/medimageinsigt-v1.0.0.pt
[2026-03-02 18:04:34,985][MedImageInsight.UniCLModel][INFO] - => init lang_encoder.resblocks.6.mlp.c_proj.bias from /nas-ctm01/homes/fmferreira/MedImageInsights/2024.09.27/vision_model/medimageinsigt-v1.0.0.pt
[2026-03-02 18:04:34,985][MedImageInsight.UniCLModel][INFO] - => init lang_encoder.resblocks.6.mlp.c_proj.weight from /nas-ctm01/homes/fmferreira/MedImageInsights/2024.09.27/vision_model/medimageinsigt-v1.0.0.pt
[2026-03-02 18:04:34,985][MedImageInsight.UniCLModel][INFO] - => init lang_encoder.resblocks.7.attn.in_proj_bias from /nas-ctm01/homes/fmferreira/MedImageInsights/2024.09.27/vision_model/medimageinsigt-v1.0.0.pt
[2026-03-02 18:04:34,985][MedImageInsight.UniCLModel][INFO] - => init lang_encoder.resblocks.7.attn.in_proj_weight from /nas-ctm01/homes/fmferreira/MedImageInsights/2024.09.27/vision_model/medimageinsigt-v1.0.0.pt
[2026-03-02 18:04:34,985][MedImageInsight.UniCLModel][INFO] - => init lang_encoder.resblocks.7.attn.out_proj.bias from /nas-ctm01/homes/fmferreira/MedImageInsights/2024.09.27/vision_model/medimageinsigt-v1.0.0.pt
[2026-03-02 18:04:34,985][MedImageInsight.UniCLModel][INFO] - => init lang_encoder.resblocks.7.attn.out_proj.weight from /nas-ctm01/homes/fmferreira/MedImageInsights/2024.09.27/vision_model/medimageinsigt-v1.0.0.pt
[2026-03-02 18:04:34,985][MedImageInsight.UniCLModel][INFO] - => init lang_encoder.resblocks.7.ln_1.bias from /nas-ctm01/homes/fmferreira/MedImageInsights/2024.09.27/vision_model/medimageinsigt-v1.0.0.pt
[2026-03-02 18:04:34,985][MedImageInsight.UniCLModel][INFO] - => init lang_encoder.resblocks.7.ln_1.weight from /nas-ctm01/homes/fmferreira/MedImageInsights/2024.09.27/vision_model/medimageinsigt-v1.0.0.pt
[2026-03-02 18:04:34,985][MedImageInsight.UniCLModel][INFO] - => init lang_encoder.resblocks.7.ln_2.bias from /nas-ctm01/homes/fmferreira/MedImageInsights/2024.09.27/vision_model/medimageinsigt-v1.0.0.pt
[2026-03-02 18:04:34,985][MedImageInsight.UniCLModel][INFO] - => init lang_encoder.resblocks.7.ln_2.weight from /nas-ctm01/homes/fmferreira/MedImageInsights/2024.09.27/vision_model/medimageinsigt-v1.0.0.pt
[2026-03-02 18:04:34,985][MedImageInsight.UniCLModel][INFO] - => init lang_encoder.resblocks.7.mlp.c_fc.bias from /nas-ctm01/homes/fmferreira/MedImageInsights/2024.09.27/vision_model/medimageinsigt-v1.0.0.pt
[2026-03-02 18:04:34,985][MedImageInsight.UniCLModel][INFO] - => init lang_encoder.resblocks.7.mlp.c_fc.weight from /nas-ctm01/homes/fmferreira/MedImageInsights/2024.09.27/vision_model/medimageinsigt-v1.0.0.pt
[2026-03-02 18:04:34,985][MedImageInsight.UniCLModel][INFO] - => init lang_encoder.resblocks.7.mlp.c_proj.bias from /nas-ctm01/homes/fmferreira/MedImageInsights/2024.09.27/vision_model/medimageinsigt-v1.0.0.pt
[2026-03-02 18:04:34,985][MedImageInsight.UniCLModel][INFO] - => init lang_encoder.resblocks.7.mlp.c_proj.weight from /nas-ctm01/homes/fmferreira/MedImageInsights/2024.09.27/vision_model/medimageinsigt-v1.0.0.pt
[2026-03-02 18:04:34,985][MedImageInsight.UniCLModel][INFO] - => init lang_encoder.resblocks.8.attn.in_proj_bias from /nas-ctm01/homes/fmferreira/MedImageInsights/2024.09.27/vision_model/medimageinsigt-v1.0.0.pt
[2026-03-02 18:04:34,985][MedImageInsight.UniCLModel][INFO] - => init lang_encoder.resblocks.8.attn.in_proj_weight from /nas-ctm01/homes/fmferreira/MedImageInsights/2024.09.27/vision_model/medimageinsigt-v1.0.0.pt
[2026-03-02 18:04:34,985][MedImageInsight.UniCLModel][INFO] - => init lang_encoder.resblocks.8.attn.out_proj.bias from /nas-ctm01/homes/fmferreira/MedImageInsights/2024.09.27/vision_model/medimageinsigt-v1.0.0.pt
[2026-03-02 18:04:34,985][MedImageInsight.UniCLModel][INFO] - => init lang_encoder.resblocks.8.attn.out_proj.weight from /nas-ctm01/homes/fmferreira/MedImageInsights/2024.09.27/vision_model/medimageinsigt-v1.0.0.pt
[2026-03-02 18:04:34,985][MedImageInsight.UniCLModel][INFO] - => init lang_encoder.resblocks.8.ln_1.bias from /nas-ctm01/homes/fmferreira/MedImageInsights/2024.09.27/vision_model/medimageinsigt-v1.0.0.pt
[2026-03-02 18:04:34,985][MedImageInsight.UniCLModel][INFO] - => init lang_encoder.resblocks.8.ln_1.weight from /nas-ctm01/homes/fmferreira/MedImageInsights/2024.09.27/vision_model/medimageinsigt-v1.0.0.pt
[2026-03-02 18:04:34,986][MedImageInsight.UniCLModel][INFO] - => init lang_encoder.resblocks.8.ln_2.bias from /nas-ctm01/homes/fmferreira/MedImageInsights/2024.09.27/vision_model/medimageinsigt-v1.0.0.pt
[2026-03-02 18:04:34,986][MedImageInsight.UniCLModel][INFO] - => init lang_encoder.resblocks.8.ln_2.weight from /nas-ctm01/homes/fmferreira/MedImageInsights/2024.09.27/vision_model/medimageinsigt-v1.0.0.pt
[2026-03-02 18:04:34,986][MedImageInsight.UniCLModel][INFO] - => init lang_encoder.resblocks.8.mlp.c_fc.bias from /nas-ctm01/homes/fmferreira/MedImageInsights/2024.09.27/vision_model/medimageinsigt-v1.0.0.pt
[2026-03-02 18:04:34,986][MedImageInsight.UniCLModel][INFO] - => init lang_encoder.resblocks.8.mlp.c_fc.weight from /nas-ctm01/homes/fmferreira/MedImageInsights/2024.09.27/vision_model/medimageinsigt-v1.0.0.pt
[2026-03-02 18:04:34,986][MedImageInsight.UniCLModel][INFO] - => init lang_encoder.resblocks.8.mlp.c_proj.bias from /nas-ctm01/homes/fmferreira/MedImageInsights/2024.09.27/vision_model/medimageinsigt-v1.0.0.pt
[2026-03-02 18:04:34,986][MedImageInsight.UniCLModel][INFO] - => init lang_encoder.resblocks.8.mlp.c_proj.weight from /nas-ctm01/homes/fmferreira/MedImageInsights/2024.09.27/vision_model/medimageinsigt-v1.0.0.pt
[2026-03-02 18:04:34,986][MedImageInsight.UniCLModel][INFO] - => init lang_encoder.resblocks.9.attn.in_proj_bias from /nas-ctm01/homes/fmferreira/MedImageInsights/2024.09.27/vision_model/medimageinsigt-v1.0.0.pt
[2026-03-02 18:04:34,986][MedImageInsight.UniCLModel][INFO] - => init lang_encoder.resblocks.9.attn.in_proj_weight from /nas-ctm01/homes/fmferreira/MedImageInsights/2024.09.27/vision_model/medimageinsigt-v1.0.0.pt
[2026-03-02 18:04:34,986][MedImageInsight.UniCLModel][INFO] - => init lang_encoder.resblocks.9.attn.out_proj.bias from /nas-ctm01/homes/fmferreira/MedImageInsights/2024.09.27/vision_model/medimageinsigt-v1.0.0.pt
[2026-03-02 18:04:34,986][MedImageInsight.UniCLModel][INFO] - => init lang_encoder.resblocks.9.attn.out_proj.weight from /nas-ctm01/homes/fmferreira/MedImageInsights/2024.09.27/vision_model/medimageinsigt-v1.0.0.pt
[2026-03-02 18:04:34,986][MedImageInsight.UniCLModel][INFO] - => init lang_encoder.resblocks.9.ln_1.bias from /nas-ctm01/homes/fmferreira/MedImageInsights/2024.09.27/vision_model/medimageinsigt-v1.0.0.pt
[2026-03-02 18:04:34,986][MedImageInsight.UniCLModel][INFO] - => init lang_encoder.resblocks.9.ln_1.weight from /nas-ctm01/homes/fmferreira/MedImageInsights/2024.09.27/vision_model/medimageinsigt-v1.0.0.pt
[2026-03-02 18:04:34,986][MedImageInsight.UniCLModel][INFO] - => init lang_encoder.resblocks.9.ln_2.bias from /nas-ctm01/homes/fmferreira/MedImageInsights/2024.09.27/vision_model/medimageinsigt-v1.0.0.pt
[2026-03-02 18:04:34,986][MedImageInsight.UniCLModel][INFO] - => init lang_encoder.resblocks.9.ln_2.weight from /nas-ctm01/homes/fmferreira/MedImageInsights/2024.09.27/vision_model/medimageinsigt-v1.0.0.pt
[2026-03-02 18:04:34,986][MedImageInsight.UniCLModel][INFO] - => init lang_encoder.resblocks.9.mlp.c_fc.bias from /nas-ctm01/homes/fmferreira/MedImageInsights/2024.09.27/vision_model/medimageinsigt-v1.0.0.pt
[2026-03-02 18:04:34,986][MedImageInsight.UniCLModel][INFO] - => init lang_encoder.resblocks.9.mlp.c_fc.weight from /nas-ctm01/homes/fmferreira/MedImageInsights/2024.09.27/vision_model/medimageinsigt-v1.0.0.pt
[2026-03-02 18:04:34,986][MedImageInsight.UniCLModel][INFO] - => init lang_encoder.resblocks.9.mlp.c_proj.bias from /nas-ctm01/homes/fmferreira/MedImageInsights/2024.09.27/vision_model/medimageinsigt-v1.0.0.pt
[2026-03-02 18:04:34,986][MedImageInsight.UniCLModel][INFO] - => init lang_encoder.resblocks.9.mlp.c_proj.weight from /nas-ctm01/homes/fmferreira/MedImageInsights/2024.09.27/vision_model/medimageinsigt-v1.0.0.pt
[2026-03-02 18:04:34,986][MedImageInsight.UniCLModel][INFO] - => init lang_encoder.token_embedding.weight from /nas-ctm01/homes/fmferreira/MedImageInsights/2024.09.27/vision_model/medimageinsigt-v1.0.0.pt
[2026-03-02 18:04:34,986][MedImageInsight.UniCLModel][INFO] - => init lang_projection from /nas-ctm01/homes/fmferreira/MedImageInsights/2024.09.27/vision_model/medimageinsigt-v1.0.0.pt
[2026-03-02 18:04:34,986][MedImageInsight.UniCLModel][INFO] - => init logit_scale from /nas-ctm01/homes/fmferreira/MedImageInsights/2024.09.27/vision_model/medimageinsigt-v1.0.0.pt
[2026-03-02 18:04:34,988][MedImageInsight.ImageEncoder.davit_v1][INFO] - => init blocks.0.0.channel_block.channel_attn.fn.proj.bias from pretrained state dict
[2026-03-02 18:04:34,988][MedImageInsight.ImageEncoder.davit_v1][INFO] - => init blocks.0.0.channel_block.channel_attn.fn.proj.weight from pretrained state dict
[2026-03-02 18:04:34,988][MedImageInsight.ImageEncoder.davit_v1][INFO] - => init blocks.0.0.channel_block.channel_attn.fn.qkv.bias from pretrained state dict
[2026-03-02 18:04:34,988][MedImageInsight.ImageEncoder.davit_v1][INFO] - => init blocks.0.0.channel_block.channel_attn.fn.qkv.weight from pretrained state dict
[2026-03-02 18:04:34,988][MedImageInsight.ImageEncoder.davit_v1][INFO] - => init blocks.0.0.channel_block.channel_attn.norm.bias from pretrained state dict
[2026-03-02 18:04:34,989][MedImageInsight.ImageEncoder.davit_v1][INFO] - => init blocks.0.0.channel_block.channel_attn.norm.weight from pretrained state dict
[2026-03-02 18:04:34,989][MedImageInsight.ImageEncoder.davit_v1][INFO] - => init blocks.0.0.channel_block.conv1.fn.dw.bias from pretrained state dict
[2026-03-02 18:04:34,989][MedImageInsight.ImageEncoder.davit_v1][INFO] - => init blocks.0.0.channel_block.conv1.fn.dw.weight from pretrained state dict
[2026-03-02 18:04:34,989][MedImageInsight.ImageEncoder.davit_v1][INFO] - => init blocks.0.0.channel_block.conv2.fn.dw.bias from pretrained state dict
[2026-03-02 18:04:34,989][MedImageInsight.ImageEncoder.davit_v1][INFO] - => init blocks.0.0.channel_block.conv2.fn.dw.weight from pretrained state dict
[2026-03-02 18:04:34,989][MedImageInsight.ImageEncoder.davit_v1][INFO] - => init blocks.0.0.channel_block.ffn.fn.net.fc1.bias from pretrained state dict
[2026-03-02 18:04:34,989][MedImageInsight.ImageEncoder.davit_v1][INFO] - => init blocks.0.0.channel_block.ffn.fn.net.fc1.weight from pretrained state dict
[2026-03-02 18:04:34,989][MedImageInsight.ImageEncoder.davit_v1][INFO] - => init blocks.0.0.channel_block.ffn.fn.net.fc2.bias from pretrained state dict
[2026-03-02 18:04:34,989][MedImageInsight.ImageEncoder.davit_v1][INFO] - => init blocks.0.0.channel_block.ffn.fn.net.fc2.weight from pretrained state dict
[2026-03-02 18:04:34,989][MedImageInsight.ImageEncoder.davit_v1][INFO] - => init blocks.0.0.channel_block.ffn.norm.bias from pretrained state dict
[2026-03-02 18:04:34,989][MedImageInsight.ImageEncoder.davit_v1][INFO] - => init blocks.0.0.channel_block.ffn.norm.weight from pretrained state dict
[2026-03-02 18:04:34,989][MedImageInsight.ImageEncoder.davit_v1][INFO] - => init blocks.0.0.spatial_block.conv1.fn.dw.bias from pretrained state dict
[2026-03-02 18:04:34,989][MedImageInsight.ImageEncoder.davit_v1][INFO] - => init blocks.0.0.spatial_block.conv1.fn.dw.weight from pretrained state dict
[2026-03-02 18:04:34,989][MedImageInsight.ImageEncoder.davit_v1][INFO] - => init blocks.0.0.spatial_block.conv2.fn.dw.bias from pretrained state dict
[2026-03-02 18:04:34,989][MedImageInsight.ImageEncoder.davit_v1][INFO] - => init blocks.0.0.spatial_block.conv2.fn.dw.weight from pretrained state dict
[2026-03-02 18:04:34,989][MedImageInsight.ImageEncoder.davit_v1][INFO] - => init blocks.0.0.spatial_block.ffn.fn.net.fc1.bias from pretrained state dict
[2026-03-02 18:04:34,989][MedImageInsight.ImageEncoder.davit_v1][INFO] - => init blocks.0.0.spatial_block.ffn.fn.net.fc1.weight from pretrained state dict
[2026-03-02 18:04:34,989][MedImageInsight.ImageEncoder.davit_v1][INFO] - => init blocks.0.0.spatial_block.ffn.fn.net.fc2.bias from pretrained state dict
[2026-03-02 18:04:34,989][MedImageInsight.ImageEncoder.davit_v1][INFO] - => init blocks.0.0.spatial_block.ffn.fn.net.fc2.weight from pretrained state dict
[2026-03-02 18:04:34,989][MedImageInsight.ImageEncoder.davit_v1][INFO] - => init blocks.0.0.spatial_block.ffn.norm.bias from pretrained state dict
[2026-03-02 18:04:34,989][MedImageInsight.ImageEncoder.davit_v1][INFO] - => init blocks.0.0.spatial_block.ffn.norm.weight from pretrained state dict
[2026-03-02 18:04:34,989][MedImageInsight.ImageEncoder.davit_v1][INFO] - => init blocks.0.0.spatial_block.window_attn.fn.proj.bias from pretrained state dict
[2026-03-02 18:04:34,989][MedImageInsight.ImageEncoder.davit_v1][INFO] - => init blocks.0.0.spatial_block.window_attn.fn.proj.weight from pretrained state dict
[2026-03-02 18:04:34,989][MedImageInsight.ImageEncoder.davit_v1][INFO] - => init blocks.0.0.spatial_block.window_attn.fn.qkv.bias from pretrained state dict
[2026-03-02 18:04:34,989][MedImageInsight.ImageEncoder.davit_v1][INFO] - => init blocks.0.0.spatial_block.window_attn.fn.qkv.weight from pretrained state dict
[2026-03-02 18:04:34,989][MedImageInsight.ImageEncoder.davit_v1][INFO] - => init blocks.0.0.spatial_block.window_attn.norm.bias from pretrained state dict
[2026-03-02 18:04:34,989][MedImageInsight.ImageEncoder.davit_v1][INFO] - => init blocks.0.0.spatial_block.window_attn.norm.weight from pretrained state dict
[2026-03-02 18:04:34,989][MedImageInsight.ImageEncoder.davit_v1][INFO] - => init blocks.1.0.channel_block.channel_attn.fn.proj.bias from pretrained state dict
[2026-03-02 18:04:34,989][MedImageInsight.ImageEncoder.davit_v1][INFO] - => init blocks.1.0.channel_block.channel_attn.fn.proj.weight from pretrained state dict
[2026-03-02 18:04:34,989][MedImageInsight.ImageEncoder.davit_v1][INFO] - => init blocks.1.0.channel_block.channel_attn.fn.qkv.bias from pretrained state dict
[2026-03-02 18:04:34,989][MedImageInsight.ImageEncoder.davit_v1][INFO] - => init blocks.1.0.channel_block.channel_attn.fn.qkv.weight from pretrained state dict
[2026-03-02 18:04:34,989][MedImageInsight.ImageEncoder.davit_v1][INFO] - => init blocks.1.0.channel_block.channel_attn.norm.bias from pretrained state dict
[2026-03-02 18:04:34,989][MedImageInsight.ImageEncoder.davit_v1][INFO] - => init blocks.1.0.channel_block.channel_attn.norm.weight from pretrained state dict
[2026-03-02 18:04:34,989][MedImageInsight.ImageEncoder.davit_v1][INFO] - => init blocks.1.0.channel_block.conv1.fn.dw.bias from pretrained state dict
[2026-03-02 18:04:34,989][MedImageInsight.ImageEncoder.davit_v1][INFO] - => init blocks.1.0.channel_block.conv1.fn.dw.weight from pretrained state dict
[2026-03-02 18:04:34,989][MedImageInsight.ImageEncoder.davit_v1][INFO] - => init blocks.1.0.channel_block.conv2.fn.dw.bias from pretrained state dict
[2026-03-02 18:04:34,989][MedImageInsight.ImageEncoder.davit_v1][INFO] - => init blocks.1.0.channel_block.conv2.fn.dw.weight from pretrained state dict
[2026-03-02 18:04:34,989][MedImageInsight.ImageEncoder.davit_v1][INFO] - => init blocks.1.0.channel_block.ffn.fn.net.fc1.bias from pretrained state dict
[2026-03-02 18:04:34,989][MedImageInsight.ImageEncoder.davit_v1][INFO] - => init blocks.1.0.channel_block.ffn.fn.net.fc1.weight from pretrained state dict
[2026-03-02 18:04:34,989][MedImageInsight.ImageEncoder.davit_v1][INFO] - => init blocks.1.0.channel_block.ffn.fn.net.fc2.bias from pretrained state dict
[2026-03-02 18:04:34,989][MedImageInsight.ImageEncoder.davit_v1][INFO] - => init blocks.1.0.channel_block.ffn.fn.net.fc2.weight from pretrained state dict
[2026-03-02 18:04:34,989][MedImageInsight.ImageEncoder.davit_v1][INFO] - => init blocks.1.0.channel_block.ffn.norm.bias from pretrained state dict
[2026-03-02 18:04:34,989][MedImageInsight.ImageEncoder.davit_v1][INFO] - => init blocks.1.0.channel_block.ffn.norm.weight from pretrained state dict
[2026-03-02 18:04:34,989][MedImageInsight.ImageEncoder.davit_v1][INFO] - => init blocks.1.0.spatial_block.conv1.fn.dw.bias from pretrained state dict
[2026-03-02 18:04:34,989][MedImageInsight.ImageEncoder.davit_v1][INFO] - => init blocks.1.0.spatial_block.conv1.fn.dw.weight from pretrained state dict
[2026-03-02 18:04:34,989][MedImageInsight.ImageEncoder.davit_v1][INFO] - => init blocks.1.0.spatial_block.conv2.fn.dw.bias from pretrained state dict
[2026-03-02 18:04:34,989][MedImageInsight.ImageEncoder.davit_v1][INFO] - => init blocks.1.0.spatial_block.conv2.fn.dw.weight from pretrained state dict
[2026-03-02 18:04:34,989][MedImageInsight.ImageEncoder.davit_v1][INFO] - => init blocks.1.0.spatial_block.ffn.fn.net.fc1.bias from pretrained state dict
[2026-03-02 18:04:34,989][MedImageInsight.ImageEncoder.davit_v1][INFO] - => init blocks.1.0.spatial_block.ffn.fn.net.fc1.weight from pretrained state dict
[2026-03-02 18:04:34,989][MedImageInsight.ImageEncoder.davit_v1][INFO] - => init blocks.1.0.spatial_block.ffn.fn.net.fc2.bias from pretrained state dict
[2026-03-02 18:04:34,989][MedImageInsight.ImageEncoder.davit_v1][INFO] - => init blocks.1.0.spatial_block.ffn.fn.net.fc2.weight from pretrained state dict
[2026-03-02 18:04:34,989][MedImageInsight.ImageEncoder.davit_v1][INFO] - => init blocks.1.0.spatial_block.ffn.norm.bias from pretrained state dict
[2026-03-02 18:04:34,989][MedImageInsight.ImageEncoder.davit_v1][INFO] - => init blocks.1.0.spatial_block.ffn.norm.weight from pretrained state dict
[2026-03-02 18:04:34,989][MedImageInsight.ImageEncoder.davit_v1][INFO] - => init blocks.1.0.spatial_block.window_attn.fn.proj.bias from pretrained state dict
[2026-03-02 18:04:34,989][MedImageInsight.ImageEncoder.davit_v1][INFO] - => init blocks.1.0.spatial_block.window_attn.fn.proj.weight from pretrained state dict
[2026-03-02 18:04:34,989][MedImageInsight.ImageEncoder.davit_v1][INFO] - => init blocks.1.0.spatial_block.window_attn.fn.qkv.bias from pretrained state dict
[2026-03-02 18:04:34,989][MedImageInsight.ImageEncoder.davit_v1][INFO] - => init blocks.1.0.spatial_block.window_attn.fn.qkv.weight from pretrained state dict
[2026-03-02 18:04:34,990][MedImageInsight.ImageEncoder.davit_v1][INFO] - => init blocks.1.0.spatial_block.window_attn.norm.bias from pretrained state dict
[2026-03-02 18:04:34,990][MedImageInsight.ImageEncoder.davit_v1][INFO] - => init blocks.1.0.spatial_block.window_attn.norm.weight from pretrained state dict
[2026-03-02 18:04:34,990][MedImageInsight.ImageEncoder.davit_v1][INFO] - => init blocks.2.0.channel_block.channel_attn.fn.proj.bias from pretrained state dict
[2026-03-02 18:04:34,990][MedImageInsight.ImageEncoder.davit_v1][INFO] - => init blocks.2.0.channel_block.channel_attn.fn.proj.weight from pretrained state dict
[2026-03-02 18:04:34,990][MedImageInsight.ImageEncoder.davit_v1][INFO] - => init blocks.2.0.channel_block.channel_attn.fn.qkv.bias from pretrained state dict
[2026-03-02 18:04:34,990][MedImageInsight.ImageEncoder.davit_v1][INFO] - => init blocks.2.0.channel_block.channel_attn.fn.qkv.weight from pretrained state dict
[2026-03-02 18:04:34,990][MedImageInsight.ImageEncoder.davit_v1][INFO] - => init blocks.2.0.channel_block.channel_attn.norm.bias from pretrained state dict
[2026-03-02 18:04:34,990][MedImageInsight.ImageEncoder.davit_v1][INFO] - => init blocks.2.0.channel_block.channel_attn.norm.weight from pretrained state dict
[2026-03-02 18:04:34,990][MedImageInsight.ImageEncoder.davit_v1][INFO] - => init blocks.2.0.channel_block.conv1.fn.dw.bias from pretrained state dict
[2026-03-02 18:04:34,990][MedImageInsight.ImageEncoder.davit_v1][INFO] - => init blocks.2.0.channel_block.conv1.fn.dw.weight from pretrained state dict
[2026-03-02 18:04:34,990][MedImageInsight.ImageEncoder.davit_v1][INFO] - => init blocks.2.0.channel_block.conv2.fn.dw.bias from pretrained state dict
[2026-03-02 18:04:34,990][MedImageInsight.ImageEncoder.davit_v1][INFO] - => init blocks.2.0.channel_block.conv2.fn.dw.weight from pretrained state dict
[2026-03-02 18:04:34,990][MedImageInsight.ImageEncoder.davit_v1][INFO] - => init blocks.2.0.channel_block.ffn.fn.net.fc1.bias from pretrained state dict
[2026-03-02 18:04:34,990][MedImageInsight.ImageEncoder.davit_v1][INFO] - => init blocks.2.0.channel_block.ffn.fn.net.fc1.weight from pretrained state dict
[2026-03-02 18:04:34,990][MedImageInsight.ImageEncoder.davit_v1][INFO] - => init blocks.2.0.channel_block.ffn.fn.net.fc2.bias from pretrained state dict
[2026-03-02 18:04:34,990][MedImageInsight.ImageEncoder.davit_v1][INFO] - => init blocks.2.0.channel_block.ffn.fn.net.fc2.weight from pretrained state dict
[2026-03-02 18:04:34,990][MedImageInsight.ImageEncoder.davit_v1][INFO] - => init blocks.2.0.channel_block.ffn.norm.bias from pretrained state dict
[2026-03-02 18:04:34,990][MedImageInsight.ImageEncoder.davit_v1][INFO] - => init blocks.2.0.channel_block.ffn.norm.weight from pretrained state dict
[2026-03-02 18:04:34,990][MedImageInsight.ImageEncoder.davit_v1][INFO] - => init blocks.2.0.spatial_block.conv1.fn.dw.bias from pretrained state dict
[2026-03-02 18:04:34,990][MedImageInsight.ImageEncoder.davit_v1][INFO] - => init blocks.2.0.spatial_block.conv1.fn.dw.weight from pretrained state dict
[2026-03-02 18:04:34,990][MedImageInsight.ImageEncoder.davit_v1][INFO] - => init blocks.2.0.spatial_block.conv2.fn.dw.bias from pretrained state dict
[2026-03-02 18:04:34,990][MedImageInsight.ImageEncoder.davit_v1][INFO] - => init blocks.2.0.spatial_block.conv2.fn.dw.weight from pretrained state dict
[2026-03-02 18:04:34,990][MedImageInsight.ImageEncoder.davit_v1][INFO] - => init blocks.2.0.spatial_block.ffn.fn.net.fc1.bias from pretrained state dict
[2026-03-02 18:04:34,990][MedImageInsight.ImageEncoder.davit_v1][INFO] - => init blocks.2.0.spatial_block.ffn.fn.net.fc1.weight from pretrained state dict
[2026-03-02 18:04:34,990][MedImageInsight.ImageEncoder.davit_v1][INFO] - => init blocks.2.0.spatial_block.ffn.fn.net.fc2.bias from pretrained state dict
[2026-03-02 18:04:34,990][MedImageInsight.ImageEncoder.davit_v1][INFO] - => init blocks.2.0.spatial_block.ffn.fn.net.fc2.weight from pretrained state dict
[2026-03-02 18:04:34,990][MedImageInsight.ImageEncoder.davit_v1][INFO] - => init blocks.2.0.spatial_block.ffn.norm.bias from pretrained state dict
[2026-03-02 18:04:34,990][MedImageInsight.ImageEncoder.davit_v1][INFO] - => init blocks.2.0.spatial_block.ffn.norm.weight from pretrained state dict
[2026-03-02 18:04:34,990][MedImageInsight.ImageEncoder.davit_v1][INFO] - => init blocks.2.0.spatial_block.window_attn.fn.proj.bias from pretrained state dict
[2026-03-02 18:04:34,990][MedImageInsight.ImageEncoder.davit_v1][INFO] - => init blocks.2.0.spatial_block.window_attn.fn.proj.weight from pretrained state dict
[2026-03-02 18:04:34,990][MedImageInsight.ImageEncoder.davit_v1][INFO] - => init blocks.2.0.spatial_block.window_attn.fn.qkv.bias from pretrained state dict
[2026-03-02 18:04:34,990][MedImageInsight.ImageEncoder.davit_v1][INFO] - => init blocks.2.0.spatial_block.window_attn.fn.qkv.weight from pretrained state dict
[2026-03-02 18:04:34,990][MedImageInsight.ImageEncoder.davit_v1][INFO] - => init blocks.2.0.spatial_block.window_attn.norm.bias from pretrained state dict
[2026-03-02 18:04:34,990][MedImageInsight.ImageEncoder.davit_v1][INFO] - => init blocks.2.0.spatial_block.window_attn.norm.weight from pretrained state dict
[2026-03-02 18:04:34,990][MedImageInsight.ImageEncoder.davit_v1][INFO] - => init blocks.2.1.channel_block.channel_attn.fn.proj.bias from pretrained state dict
[2026-03-02 18:04:34,990][MedImageInsight.ImageEncoder.davit_v1][INFO] - => init blocks.2.1.channel_block.channel_attn.fn.proj.weight from pretrained state dict
[2026-03-02 18:04:34,990][MedImageInsight.ImageEncoder.davit_v1][INFO] - => init blocks.2.1.channel_block.channel_attn.fn.qkv.bias from pretrained state dict
[2026-03-02 18:04:34,990][MedImageInsight.ImageEncoder.davit_v1][INFO] - => init blocks.2.1.channel_block.channel_attn.fn.qkv.weight from pretrained state dict
[2026-03-02 18:04:34,990][MedImageInsight.ImageEncoder.davit_v1][INFO] - => init blocks.2.1.channel_block.channel_attn.norm.bias from pretrained state dict
[2026-03-02 18:04:34,990][MedImageInsight.ImageEncoder.davit_v1][INFO] - => init blocks.2.1.channel_block.channel_attn.norm.weight from pretrained state dict
[2026-03-02 18:04:34,990][MedImageInsight.ImageEncoder.davit_v1][INFO] - => init blocks.2.1.channel_block.conv1.fn.dw.bias from pretrained state dict
[2026-03-02 18:04:34,990][MedImageInsight.ImageEncoder.davit_v1][INFO] - => init blocks.2.1.channel_block.conv1.fn.dw.weight from pretrained state dict
[2026-03-02 18:04:34,990][MedImageInsight.ImageEncoder.davit_v1][INFO] - => init blocks.2.1.channel_block.conv2.fn.dw.bias from pretrained state dict
[2026-03-02 18:04:34,990][MedImageInsight.ImageEncoder.davit_v1][INFO] - => init blocks.2.1.channel_block.conv2.fn.dw.weight from pretrained state dict
[2026-03-02 18:04:34,990][MedImageInsight.ImageEncoder.davit_v1][INFO] - => init blocks.2.1.channel_block.ffn.fn.net.fc1.bias from pretrained state dict
[2026-03-02 18:04:34,990][MedImageInsight.ImageEncoder.davit_v1][INFO] - => init blocks.2.1.channel_block.ffn.fn.net.fc1.weight from pretrained state dict
[2026-03-02 18:04:34,990][MedImageInsight.ImageEncoder.davit_v1][INFO] - => init blocks.2.1.channel_block.ffn.fn.net.fc2.bias from pretrained state dict
[2026-03-02 18:04:34,990][MedImageInsight.ImageEncoder.davit_v1][INFO] - => init blocks.2.1.channel_block.ffn.fn.net.fc2.weight from pretrained state dict
[2026-03-02 18:04:34,990][MedImageInsight.ImageEncoder.davit_v1][INFO] - => init blocks.2.1.channel_block.ffn.norm.bias from pretrained state dict
[2026-03-02 18:04:34,990][MedImageInsight.ImageEncoder.davit_v1][INFO] - => init blocks.2.1.channel_block.ffn.norm.weight from pretrained state dict
[2026-03-02 18:04:34,990][MedImageInsight.ImageEncoder.davit_v1][INFO] - => init blocks.2.1.spatial_block.conv1.fn.dw.bias from pretrained state dict
[2026-03-02 18:04:34,990][MedImageInsight.ImageEncoder.davit_v1][INFO] - => init blocks.2.1.spatial_block.conv1.fn.dw.weight from pretrained state dict
[2026-03-02 18:04:34,990][MedImageInsight.ImageEncoder.davit_v1][INFO] - => init blocks.2.1.spatial_block.conv2.fn.dw.bias from pretrained state dict
[2026-03-02 18:04:34,990][MedImageInsight.ImageEncoder.davit_v1][INFO] - => init blocks.2.1.spatial_block.conv2.fn.dw.weight from pretrained state dict
[2026-03-02 18:04:34,990][MedImageInsight.ImageEncoder.davit_v1][INFO] - => init blocks.2.1.spatial_block.ffn.fn.net.fc1.bias from pretrained state dict
[2026-03-02 18:04:34,990][MedImageInsight.ImageEncoder.davit_v1][INFO] - => init blocks.2.1.spatial_block.ffn.fn.net.fc1.weight from pretrained state dict
[2026-03-02 18:04:34,990][MedImageInsight.ImageEncoder.davit_v1][INFO] - => init blocks.2.1.spatial_block.ffn.fn.net.fc2.bias from pretrained state dict
[2026-03-02 18:04:34,990][MedImageInsight.ImageEncoder.davit_v1][INFO] - => init blocks.2.1.spatial_block.ffn.fn.net.fc2.weight from pretrained state dict
[2026-03-02 18:04:34,991][MedImageInsight.ImageEncoder.davit_v1][INFO] - => init blocks.2.1.spatial_block.ffn.norm.bias from pretrained state dict
[2026-03-02 18:04:34,991][MedImageInsight.ImageEncoder.davit_v1][INFO] - => init blocks.2.1.spatial_block.ffn.norm.weight from pretrained state dict
[2026-03-02 18:04:34,991][MedImageInsight.ImageEncoder.davit_v1][INFO] - => init blocks.2.1.spatial_block.window_attn.fn.proj.bias from pretrained state dict
[2026-03-02 18:04:34,991][MedImageInsight.ImageEncoder.davit_v1][INFO] - => init blocks.2.1.spatial_block.window_attn.fn.proj.weight from pretrained state dict
[2026-03-02 18:04:34,991][MedImageInsight.ImageEncoder.davit_v1][INFO] - => init blocks.2.1.spatial_block.window_attn.fn.qkv.bias from pretrained state dict
[2026-03-02 18:04:34,991][MedImageInsight.ImageEncoder.davit_v1][INFO] - => init blocks.2.1.spatial_block.window_attn.fn.qkv.weight from pretrained state dict
[2026-03-02 18:04:34,991][MedImageInsight.ImageEncoder.davit_v1][INFO] - => init blocks.2.1.spatial_block.window_attn.norm.bias from pretrained state dict
[2026-03-02 18:04:34,991][MedImageInsight.ImageEncoder.davit_v1][INFO] - => init blocks.2.1.spatial_block.window_attn.norm.weight from pretrained state dict
[2026-03-02 18:04:34,991][MedImageInsight.ImageEncoder.davit_v1][INFO] - => init blocks.2.2.channel_block.channel_attn.fn.proj.bias from pretrained state dict
[2026-03-02 18:04:34,991][MedImageInsight.ImageEncoder.davit_v1][INFO] - => init blocks.2.2.channel_block.channel_attn.fn.proj.weight from pretrained state dict
[2026-03-02 18:04:34,991][MedImageInsight.ImageEncoder.davit_v1][INFO] - => init blocks.2.2.channel_block.channel_attn.fn.qkv.bias from pretrained state dict
[2026-03-02 18:04:34,991][MedImageInsight.ImageEncoder.davit_v1][INFO] - => init blocks.2.2.channel_block.channel_attn.fn.qkv.weight from pretrained state dict
[2026-03-02 18:04:34,991][MedImageInsight.ImageEncoder.davit_v1][INFO] - => init blocks.2.2.channel_block.channel_attn.norm.bias from pretrained state dict
[2026-03-02 18:04:34,991][MedImageInsight.ImageEncoder.davit_v1][INFO] - => init blocks.2.2.channel_block.channel_attn.norm.weight from pretrained state dict
[2026-03-02 18:04:34,991][MedImageInsight.ImageEncoder.davit_v1][INFO] - => init blocks.2.2.channel_block.conv1.fn.dw.bias from pretrained state dict
[2026-03-02 18:04:34,991][MedImageInsight.ImageEncoder.davit_v1][INFO] - => init blocks.2.2.channel_block.conv1.fn.dw.weight from pretrained state dict
[2026-03-02 18:04:34,991][MedImageInsight.ImageEncoder.davit_v1][INFO] - => init blocks.2.2.channel_block.conv2.fn.dw.bias from pretrained state dict
[2026-03-02 18:04:34,991][MedImageInsight.ImageEncoder.davit_v1][INFO] - => init blocks.2.2.channel_block.conv2.fn.dw.weight from pretrained state dict
[2026-03-02 18:04:34,991][MedImageInsight.ImageEncoder.davit_v1][INFO] - => init blocks.2.2.channel_block.ffn.fn.net.fc1.bias from pretrained state dict
[2026-03-02 18:04:34,991][MedImageInsight.ImageEncoder.davit_v1][INFO] - => init blocks.2.2.channel_block.ffn.fn.net.fc1.weight from pretrained state dict
[2026-03-02 18:04:34,991][MedImageInsight.ImageEncoder.davit_v1][INFO] - => init blocks.2.2.channel_block.ffn.fn.net.fc2.bias from pretrained state dict
[2026-03-02 18:04:34,991][MedImageInsight.ImageEncoder.davit_v1][INFO] - => init blocks.2.2.channel_block.ffn.fn.net.fc2.weight from pretrained state dict
[2026-03-02 18:04:34,991][MedImageInsight.ImageEncoder.davit_v1][INFO] - => init blocks.2.2.channel_block.ffn.norm.bias from pretrained state dict
[2026-03-02 18:04:34,991][MedImageInsight.ImageEncoder.davit_v1][INFO] - => init blocks.2.2.channel_block.ffn.norm.weight from pretrained state dict
[2026-03-02 18:04:34,991][MedImageInsight.ImageEncoder.davit_v1][INFO] - => init blocks.2.2.spatial_block.conv1.fn.dw.bias from pretrained state dict
[2026-03-02 18:04:34,991][MedImageInsight.ImageEncoder.davit_v1][INFO] - => init blocks.2.2.spatial_block.conv1.fn.dw.weight from pretrained state dict
[2026-03-02 18:04:34,991][MedImageInsight.ImageEncoder.davit_v1][INFO] - => init blocks.2.2.spatial_block.conv2.fn.dw.bias from pretrained state dict
[2026-03-02 18:04:34,991][MedImageInsight.ImageEncoder.davit_v1][INFO] - => init blocks.2.2.spatial_block.conv2.fn.dw.weight from pretrained state dict
[2026-03-02 18:04:34,991][MedImageInsight.ImageEncoder.davit_v1][INFO] - => init blocks.2.2.spatial_block.ffn.fn.net.fc1.bias from pretrained state dict
[2026-03-02 18:04:34,991][MedImageInsight.ImageEncoder.davit_v1][INFO] - => init blocks.2.2.spatial_block.ffn.fn.net.fc1.weight from pretrained state dict
[2026-03-02 18:04:34,991][MedImageInsight.ImageEncoder.davit_v1][INFO] - => init blocks.2.2.spatial_block.ffn.fn.net.fc2.bias from pretrained state dict
[2026-03-02 18:04:34,991][MedImageInsight.ImageEncoder.davit_v1][INFO] - => init blocks.2.2.spatial_block.ffn.fn.net.fc2.weight from pretrained state dict
[2026-03-02 18:04:34,991][MedImageInsight.ImageEncoder.davit_v1][INFO] - => init blocks.2.2.spatial_block.ffn.norm.bias from pretrained state dict
[2026-03-02 18:04:34,991][MedImageInsight.ImageEncoder.davit_v1][INFO] - => init blocks.2.2.spatial_block.ffn.norm.weight from pretrained state dict
[2026-03-02 18:04:34,991][MedImageInsight.ImageEncoder.davit_v1][INFO] - => init blocks.2.2.spatial_block.window_attn.fn.proj.bias from pretrained state dict
[2026-03-02 18:04:34,991][MedImageInsight.ImageEncoder.davit_v1][INFO] - => init blocks.2.2.spatial_block.window_attn.fn.proj.weight from pretrained state dict
[2026-03-02 18:04:34,991][MedImageInsight.ImageEncoder.davit_v1][INFO] - => init blocks.2.2.spatial_block.window_attn.fn.qkv.bias from pretrained state dict
[2026-03-02 18:04:34,991][MedImageInsight.ImageEncoder.davit_v1][INFO] - => init blocks.2.2.spatial_block.window_attn.fn.qkv.weight from pretrained state dict
[2026-03-02 18:04:34,991][MedImageInsight.ImageEncoder.davit_v1][INFO] - => init blocks.2.2.spatial_block.window_attn.norm.bias from pretrained state dict
[2026-03-02 18:04:34,991][MedImageInsight.ImageEncoder.davit_v1][INFO] - => init blocks.2.2.spatial_block.window_attn.norm.weight from pretrained state dict
[2026-03-02 18:04:34,991][MedImageInsight.ImageEncoder.davit_v1][INFO] - => init blocks.2.3.channel_block.channel_attn.fn.proj.bias from pretrained state dict
[2026-03-02 18:04:34,991][MedImageInsight.ImageEncoder.davit_v1][INFO] - => init blocks.2.3.channel_block.channel_attn.fn.proj.weight from pretrained state dict
[2026-03-02 18:04:34,991][MedImageInsight.ImageEncoder.davit_v1][INFO] - => init blocks.2.3.channel_block.channel_attn.fn.qkv.bias from pretrained state dict
[2026-03-02 18:04:34,991][MedImageInsight.ImageEncoder.davit_v1][INFO] - => init blocks.2.3.channel_block.channel_attn.fn.qkv.weight from pretrained state dict
[2026-03-02 18:04:34,991][MedImageInsight.ImageEncoder.davit_v1][INFO] - => init blocks.2.3.channel_block.channel_attn.norm.bias from pretrained state dict
[2026-03-02 18:04:34,991][MedImageInsight.ImageEncoder.davit_v1][INFO] - => init blocks.2.3.channel_block.channel_attn.norm.weight from pretrained state dict
[2026-03-02 18:04:34,991][MedImageInsight.ImageEncoder.davit_v1][INFO] - => init blocks.2.3.channel_block.conv1.fn.dw.bias from pretrained state dict
[2026-03-02 18:04:34,991][MedImageInsight.ImageEncoder.davit_v1][INFO] - => init blocks.2.3.channel_block.conv1.fn.dw.weight from pretrained state dict
[2026-03-02 18:04:34,991][MedImageInsight.ImageEncoder.davit_v1][INFO] - => init blocks.2.3.channel_block.conv2.fn.dw.bias from pretrained state dict
[2026-03-02 18:04:34,991][MedImageInsight.ImageEncoder.davit_v1][INFO] - => init blocks.2.3.channel_block.conv2.fn.dw.weight from pretrained state dict
[2026-03-02 18:04:34,991][MedImageInsight.ImageEncoder.davit_v1][INFO] - => init blocks.2.3.channel_block.ffn.fn.net.fc1.bias from pretrained state dict
[2026-03-02 18:04:34,991][MedImageInsight.ImageEncoder.davit_v1][INFO] - => init blocks.2.3.channel_block.ffn.fn.net.fc1.weight from pretrained state dict
[2026-03-02 18:04:34,991][MedImageInsight.ImageEncoder.davit_v1][INFO] - => init blocks.2.3.channel_block.ffn.fn.net.fc2.bias from pretrained state dict
[2026-03-02 18:04:34,991][MedImageInsight.ImageEncoder.davit_v1][INFO] - => init blocks.2.3.channel_block.ffn.fn.net.fc2.weight from pretrained state dict
[2026-03-02 18:04:34,991][MedImageInsight.ImageEncoder.davit_v1][INFO] - => init blocks.2.3.channel_block.ffn.norm.bias from pretrained state dict
[2026-03-02 18:04:34,991][MedImageInsight.ImageEncoder.davit_v1][INFO] - => init blocks.2.3.channel_block.ffn.norm.weight from pretrained state dict
[2026-03-02 18:04:34,991][MedImageInsight.ImageEncoder.davit_v1][INFO] - => init blocks.2.3.spatial_block.conv1.fn.dw.bias from pretrained state dict
[2026-03-02 18:04:34,991][MedImageInsight.ImageEncoder.davit_v1][INFO] - => init blocks.2.3.spatial_block.conv1.fn.dw.weight from pretrained state dict
[2026-03-02 18:04:34,992][MedImageInsight.ImageEncoder.davit_v1][INFO] - => init blocks.2.3.spatial_block.conv2.fn.dw.bias from pretrained state dict
[2026-03-02 18:04:34,992][MedImageInsight.ImageEncoder.davit_v1][INFO] - => init blocks.2.3.spatial_block.conv2.fn.dw.weight from pretrained state dict
[2026-03-02 18:04:34,992][MedImageInsight.ImageEncoder.davit_v1][INFO] - => init blocks.2.3.spatial_block.ffn.fn.net.fc1.bias from pretrained state dict
[2026-03-02 18:04:34,992][MedImageInsight.ImageEncoder.davit_v1][INFO] - => init blocks.2.3.spatial_block.ffn.fn.net.fc1.weight from pretrained state dict
[2026-03-02 18:04:34,992][MedImageInsight.ImageEncoder.davit_v1][INFO] - => init blocks.2.3.spatial_block.ffn.fn.net.fc2.bias from pretrained state dict
[2026-03-02 18:04:34,992][MedImageInsight.ImageEncoder.davit_v1][INFO] - => init blocks.2.3.spatial_block.ffn.fn.net.fc2.weight from pretrained state dict
[2026-03-02 18:04:34,992][MedImageInsight.ImageEncoder.davit_v1][INFO] - => init blocks.2.3.spatial_block.ffn.norm.bias from pretrained state dict
[2026-03-02 18:04:34,992][MedImageInsight.ImageEncoder.davit_v1][INFO] - => init blocks.2.3.spatial_block.ffn.norm.weight from pretrained state dict
[2026-03-02 18:04:34,992][MedImageInsight.ImageEncoder.davit_v1][INFO] - => init blocks.2.3.spatial_block.window_attn.fn.proj.bias from pretrained state dict
[2026-03-02 18:04:34,992][MedImageInsight.ImageEncoder.davit_v1][INFO] - => init blocks.2.3.spatial_block.window_attn.fn.proj.weight from pretrained state dict
[2026-03-02 18:04:34,992][MedImageInsight.ImageEncoder.davit_v1][INFO] - => init blocks.2.3.spatial_block.window_attn.fn.qkv.bias from pretrained state dict
[2026-03-02 18:04:34,992][MedImageInsight.ImageEncoder.davit_v1][INFO] - => init blocks.2.3.spatial_block.window_attn.fn.qkv.weight from pretrained state dict
[2026-03-02 18:04:34,992][MedImageInsight.ImageEncoder.davit_v1][INFO] - => init blocks.2.3.spatial_block.window_attn.norm.bias from pretrained state dict
[2026-03-02 18:04:34,992][MedImageInsight.ImageEncoder.davit_v1][INFO] - => init blocks.2.3.spatial_block.window_attn.norm.weight from pretrained state dict
[2026-03-02 18:04:34,992][MedImageInsight.ImageEncoder.davit_v1][INFO] - => init blocks.2.4.channel_block.channel_attn.fn.proj.bias from pretrained state dict
[2026-03-02 18:04:34,992][MedImageInsight.ImageEncoder.davit_v1][INFO] - => init blocks.2.4.channel_block.channel_attn.fn.proj.weight from pretrained state dict
[2026-03-02 18:04:34,992][MedImageInsight.ImageEncoder.davit_v1][INFO] - => init blocks.2.4.channel_block.channel_attn.fn.qkv.bias from pretrained state dict
[2026-03-02 18:04:34,992][MedImageInsight.ImageEncoder.davit_v1][INFO] - => init blocks.2.4.channel_block.channel_attn.fn.qkv.weight from pretrained state dict
[2026-03-02 18:04:34,992][MedImageInsight.ImageEncoder.davit_v1][INFO] - => init blocks.2.4.channel_block.channel_attn.norm.bias from pretrained state dict
[2026-03-02 18:04:34,992][MedImageInsight.ImageEncoder.davit_v1][INFO] - => init blocks.2.4.channel_block.channel_attn.norm.weight from pretrained state dict
[2026-03-02 18:04:34,992][MedImageInsight.ImageEncoder.davit_v1][INFO] - => init blocks.2.4.channel_block.conv1.fn.dw.bias from pretrained state dict
[2026-03-02 18:04:34,992][MedImageInsight.ImageEncoder.davit_v1][INFO] - => init blocks.2.4.channel_block.conv1.fn.dw.weight from pretrained state dict
[2026-03-02 18:04:34,992][MedImageInsight.ImageEncoder.davit_v1][INFO] - => init blocks.2.4.channel_block.conv2.fn.dw.bias from pretrained state dict
[2026-03-02 18:04:34,992][MedImageInsight.ImageEncoder.davit_v1][INFO] - => init blocks.2.4.channel_block.conv2.fn.dw.weight from pretrained state dict
[2026-03-02 18:04:34,992][MedImageInsight.ImageEncoder.davit_v1][INFO] - => init blocks.2.4.channel_block.ffn.fn.net.fc1.bias from pretrained state dict
[2026-03-02 18:04:34,992][MedImageInsight.ImageEncoder.davit_v1][INFO] - => init blocks.2.4.channel_block.ffn.fn.net.fc1.weight from pretrained state dict
[2026-03-02 18:04:34,992][MedImageInsight.ImageEncoder.davit_v1][INFO] - => init blocks.2.4.channel_block.ffn.fn.net.fc2.bias from pretrained state dict
[2026-03-02 18:04:34,992][MedImageInsight.ImageEncoder.davit_v1][INFO] - => init blocks.2.4.channel_block.ffn.fn.net.fc2.weight from pretrained state dict
[2026-03-02 18:04:34,992][MedImageInsight.ImageEncoder.davit_v1][INFO] - => init blocks.2.4.channel_block.ffn.norm.bias from pretrained state dict
[2026-03-02 18:04:34,992][MedImageInsight.ImageEncoder.davit_v1][INFO] - => init blocks.2.4.channel_block.ffn.norm.weight from pretrained state dict
[2026-03-02 18:04:34,992][MedImageInsight.ImageEncoder.davit_v1][INFO] - => init blocks.2.4.spatial_block.conv1.fn.dw.bias from pretrained state dict
[2026-03-02 18:04:34,992][MedImageInsight.ImageEncoder.davit_v1][INFO] - => init blocks.2.4.spatial_block.conv1.fn.dw.weight from pretrained state dict
[2026-03-02 18:04:34,992][MedImageInsight.ImageEncoder.davit_v1][INFO] - => init blocks.2.4.spatial_block.conv2.fn.dw.bias from pretrained state dict
[2026-03-02 18:04:34,992][MedImageInsight.ImageEncoder.davit_v1][INFO] - => init blocks.2.4.spatial_block.conv2.fn.dw.weight from pretrained state dict
[2026-03-02 18:04:34,992][MedImageInsight.ImageEncoder.davit_v1][INFO] - => init blocks.2.4.spatial_block.ffn.fn.net.fc1.bias from pretrained state dict
[2026-03-02 18:04:34,992][MedImageInsight.ImageEncoder.davit_v1][INFO] - => init blocks.2.4.spatial_block.ffn.fn.net.fc1.weight from pretrained state dict
[2026-03-02 18:04:34,992][MedImageInsight.ImageEncoder.davit_v1][INFO] - => init blocks.2.4.spatial_block.ffn.fn.net.fc2.bias from pretrained state dict
[2026-03-02 18:04:34,992][MedImageInsight.ImageEncoder.davit_v1][INFO] - => init blocks.2.4.spatial_block.ffn.fn.net.fc2.weight from pretrained state dict
[2026-03-02 18:04:34,992][MedImageInsight.ImageEncoder.davit_v1][INFO] - => init blocks.2.4.spatial_block.ffn.norm.bias from pretrained state dict
[2026-03-02 18:04:34,992][MedImageInsight.ImageEncoder.davit_v1][INFO] - => init blocks.2.4.spatial_block.ffn.norm.weight from pretrained state dict
[2026-03-02 18:04:34,992][MedImageInsight.ImageEncoder.davit_v1][INFO] - => init blocks.2.4.spatial_block.window_attn.fn.proj.bias from pretrained state dict
[2026-03-02 18:04:34,992][MedImageInsight.ImageEncoder.davit_v1][INFO] - => init blocks.2.4.spatial_block.window_attn.fn.proj.weight from pretrained state dict
[2026-03-02 18:04:34,992][MedImageInsight.ImageEncoder.davit_v1][INFO] - => init blocks.2.4.spatial_block.window_attn.fn.qkv.bias from pretrained state dict
[2026-03-02 18:04:34,992][MedImageInsight.ImageEncoder.davit_v1][INFO] - => init blocks.2.4.spatial_block.window_attn.fn.qkv.weight from pretrained state dict
[2026-03-02 18:04:34,992][MedImageInsight.ImageEncoder.davit_v1][INFO] - => init blocks.2.4.spatial_block.window_attn.norm.bias from pretrained state dict
[2026-03-02 18:04:34,992][MedImageInsight.ImageEncoder.davit_v1][INFO] - => init blocks.2.4.spatial_block.window_attn.norm.weight from pretrained state dict
[2026-03-02 18:04:34,992][MedImageInsight.ImageEncoder.davit_v1][INFO] - => init blocks.2.5.channel_block.channel_attn.fn.proj.bias from pretrained state dict
[2026-03-02 18:04:34,992][MedImageInsight.ImageEncoder.davit_v1][INFO] - => init blocks.2.5.channel_block.channel_attn.fn.proj.weight from pretrained state dict
[2026-03-02 18:04:34,992][MedImageInsight.ImageEncoder.davit_v1][INFO] - => init blocks.2.5.channel_block.channel_attn.fn.qkv.bias from pretrained state dict
[2026-03-02 18:04:34,992][MedImageInsight.ImageEncoder.davit_v1][INFO] - => init blocks.2.5.channel_block.channel_attn.fn.qkv.weight from pretrained state dict
[2026-03-02 18:04:34,992][MedImageInsight.ImageEncoder.davit_v1][INFO] - => init blocks.2.5.channel_block.channel_attn.norm.bias from pretrained state dict
[2026-03-02 18:04:34,992][MedImageInsight.ImageEncoder.davit_v1][INFO] - => init blocks.2.5.channel_block.channel_attn.norm.weight from pretrained state dict
[2026-03-02 18:04:34,992][MedImageInsight.ImageEncoder.davit_v1][INFO] - => init blocks.2.5.channel_block.conv1.fn.dw.bias from pretrained state dict
[2026-03-02 18:04:34,992][MedImageInsight.ImageEncoder.davit_v1][INFO] - => init blocks.2.5.channel_block.conv1.fn.dw.weight from pretrained state dict
[2026-03-02 18:04:34,992][MedImageInsight.ImageEncoder.davit_v1][INFO] - => init blocks.2.5.channel_block.conv2.fn.dw.bias from pretrained state dict
[2026-03-02 18:04:34,992][MedImageInsight.ImageEncoder.davit_v1][INFO] - => init blocks.2.5.channel_block.conv2.fn.dw.weight from pretrained state dict
[2026-03-02 18:04:34,992][MedImageInsight.ImageEncoder.davit_v1][INFO] - => init blocks.2.5.channel_block.ffn.fn.net.fc1.bias from pretrained state dict
[2026-03-02 18:04:34,992][MedImageInsight.ImageEncoder.davit_v1][INFO] - => init blocks.2.5.channel_block.ffn.fn.net.fc1.weight from pretrained state dict
[2026-03-02 18:04:34,993][MedImageInsight.ImageEncoder.davit_v1][INFO] - => init blocks.2.5.channel_block.ffn.fn.net.fc2.bias from pretrained state dict
[2026-03-02 18:04:34,993][MedImageInsight.ImageEncoder.davit_v1][INFO] - => init blocks.2.5.channel_block.ffn.fn.net.fc2.weight from pretrained state dict
[2026-03-02 18:04:34,993][MedImageInsight.ImageEncoder.davit_v1][INFO] - => init blocks.2.5.channel_block.ffn.norm.bias from pretrained state dict
[2026-03-02 18:04:34,993][MedImageInsight.ImageEncoder.davit_v1][INFO] - => init blocks.2.5.channel_block.ffn.norm.weight from pretrained state dict
[2026-03-02 18:04:34,993][MedImageInsight.ImageEncoder.davit_v1][INFO] - => init blocks.2.5.spatial_block.conv1.fn.dw.bias from pretrained state dict
[2026-03-02 18:04:34,993][MedImageInsight.ImageEncoder.davit_v1][INFO] - => init blocks.2.5.spatial_block.conv1.fn.dw.weight from pretrained state dict
[2026-03-02 18:04:34,993][MedImageInsight.ImageEncoder.davit_v1][INFO] - => init blocks.2.5.spatial_block.conv2.fn.dw.bias from pretrained state dict
[2026-03-02 18:04:34,993][MedImageInsight.ImageEncoder.davit_v1][INFO] - => init blocks.2.5.spatial_block.conv2.fn.dw.weight from pretrained state dict
[2026-03-02 18:04:34,993][MedImageInsight.ImageEncoder.davit_v1][INFO] - => init blocks.2.5.spatial_block.ffn.fn.net.fc1.bias from pretrained state dict
[2026-03-02 18:04:34,993][MedImageInsight.ImageEncoder.davit_v1][INFO] - => init blocks.2.5.spatial_block.ffn.fn.net.fc1.weight from pretrained state dict
[2026-03-02 18:04:34,993][MedImageInsight.ImageEncoder.davit_v1][INFO] - => init blocks.2.5.spatial_block.ffn.fn.net.fc2.bias from pretrained state dict
[2026-03-02 18:04:34,993][MedImageInsight.ImageEncoder.davit_v1][INFO] - => init blocks.2.5.spatial_block.ffn.fn.net.fc2.weight from pretrained state dict
[2026-03-02 18:04:34,993][MedImageInsight.ImageEncoder.davit_v1][INFO] - => init blocks.2.5.spatial_block.ffn.norm.bias from pretrained state dict
[2026-03-02 18:04:34,993][MedImageInsight.ImageEncoder.davit_v1][INFO] - => init blocks.2.5.spatial_block.ffn.norm.weight from pretrained state dict
[2026-03-02 18:04:34,993][MedImageInsight.ImageEncoder.davit_v1][INFO] - => init blocks.2.5.spatial_block.window_attn.fn.proj.bias from pretrained state dict
[2026-03-02 18:04:34,993][MedImageInsight.ImageEncoder.davit_v1][INFO] - => init blocks.2.5.spatial_block.window_attn.fn.proj.weight from pretrained state dict
[2026-03-02 18:04:34,993][MedImageInsight.ImageEncoder.davit_v1][INFO] - => init blocks.2.5.spatial_block.window_attn.fn.qkv.bias from pretrained state dict
[2026-03-02 18:04:34,993][MedImageInsight.ImageEncoder.davit_v1][INFO] - => init blocks.2.5.spatial_block.window_attn.fn.qkv.weight from pretrained state dict
[2026-03-02 18:04:34,993][MedImageInsight.ImageEncoder.davit_v1][INFO] - => init blocks.2.5.spatial_block.window_attn.norm.bias from pretrained state dict
[2026-03-02 18:04:34,993][MedImageInsight.ImageEncoder.davit_v1][INFO] - => init blocks.2.5.spatial_block.window_attn.norm.weight from pretrained state dict
[2026-03-02 18:04:34,993][MedImageInsight.ImageEncoder.davit_v1][INFO] - => init blocks.2.6.channel_block.channel_attn.fn.proj.bias from pretrained state dict
[2026-03-02 18:04:34,993][MedImageInsight.ImageEncoder.davit_v1][INFO] - => init blocks.2.6.channel_block.channel_attn.fn.proj.weight from pretrained state dict
[2026-03-02 18:04:34,993][MedImageInsight.ImageEncoder.davit_v1][INFO] - => init blocks.2.6.channel_block.channel_attn.fn.qkv.bias from pretrained state dict
[2026-03-02 18:04:34,993][MedImageInsight.ImageEncoder.davit_v1][INFO] - => init blocks.2.6.channel_block.channel_attn.fn.qkv.weight from pretrained state dict
[2026-03-02 18:04:34,993][MedImageInsight.ImageEncoder.davit_v1][INFO] - => init blocks.2.6.channel_block.channel_attn.norm.bias from pretrained state dict
[2026-03-02 18:04:34,993][MedImageInsight.ImageEncoder.davit_v1][INFO] - => init blocks.2.6.channel_block.channel_attn.norm.weight from pretrained state dict
[2026-03-02 18:04:34,993][MedImageInsight.ImageEncoder.davit_v1][INFO] - => init blocks.2.6.channel_block.conv1.fn.dw.bias from pretrained state dict
[2026-03-02 18:04:34,993][MedImageInsight.ImageEncoder.davit_v1][INFO] - => init blocks.2.6.channel_block.conv1.fn.dw.weight from pretrained state dict
[2026-03-02 18:04:34,993][MedImageInsight.ImageEncoder.davit_v1][INFO] - => init blocks.2.6.channel_block.conv2.fn.dw.bias from pretrained state dict
[2026-03-02 18:04:34,993][MedImageInsight.ImageEncoder.davit_v1][INFO] - => init blocks.2.6.channel_block.conv2.fn.dw.weight from pretrained state dict
[2026-03-02 18:04:34,993][MedImageInsight.ImageEncoder.davit_v1][INFO] - => init blocks.2.6.channel_block.ffn.fn.net.fc1.bias from pretrained state dict
[2026-03-02 18:04:34,993][MedImageInsight.ImageEncoder.davit_v1][INFO] - => init blocks.2.6.channel_block.ffn.fn.net.fc1.weight from pretrained state dict
[2026-03-02 18:04:34,993][MedImageInsight.ImageEncoder.davit_v1][INFO] - => init blocks.2.6.channel_block.ffn.fn.net.fc2.bias from pretrained state dict
[2026-03-02 18:04:34,993][MedImageInsight.ImageEncoder.davit_v1][INFO] - => init blocks.2.6.channel_block.ffn.fn.net.fc2.weight from pretrained state dict
[2026-03-02 18:04:34,993][MedImageInsight.ImageEncoder.davit_v1][INFO] - => init blocks.2.6.channel_block.ffn.norm.bias from pretrained state dict
[2026-03-02 18:04:34,993][MedImageInsight.ImageEncoder.davit_v1][INFO] - => init blocks.2.6.channel_block.ffn.norm.weight from pretrained state dict
[2026-03-02 18:04:34,993][MedImageInsight.ImageEncoder.davit_v1][INFO] - => init blocks.2.6.spatial_block.conv1.fn.dw.bias from pretrained state dict
[2026-03-02 18:04:34,993][MedImageInsight.ImageEncoder.davit_v1][INFO] - => init blocks.2.6.spatial_block.conv1.fn.dw.weight from pretrained state dict
[2026-03-02 18:04:34,993][MedImageInsight.ImageEncoder.davit_v1][INFO] - => init blocks.2.6.spatial_block.conv2.fn.dw.bias from pretrained state dict
[2026-03-02 18:04:34,993][MedImageInsight.ImageEncoder.davit_v1][INFO] - => init blocks.2.6.spatial_block.conv2.fn.dw.weight from pretrained state dict
[2026-03-02 18:04:34,993][MedImageInsight.ImageEncoder.davit_v1][INFO] - => init blocks.2.6.spatial_block.ffn.fn.net.fc1.bias from pretrained state dict
[2026-03-02 18:04:34,993][MedImageInsight.ImageEncoder.davit_v1][INFO] - => init blocks.2.6.spatial_block.ffn.fn.net.fc1.weight from pretrained state dict
[2026-03-02 18:04:34,993][MedImageInsight.ImageEncoder.davit_v1][INFO] - => init blocks.2.6.spatial_block.ffn.fn.net.fc2.bias from pretrained state dict
[2026-03-02 18:04:34,993][MedImageInsight.ImageEncoder.davit_v1][INFO] - => init blocks.2.6.spatial_block.ffn.fn.net.fc2.weight from pretrained state dict
[2026-03-02 18:04:34,993][MedImageInsight.ImageEncoder.davit_v1][INFO] - => init blocks.2.6.spatial_block.ffn.norm.bias from pretrained state dict
[2026-03-02 18:04:34,993][MedImageInsight.ImageEncoder.davit_v1][INFO] - => init blocks.2.6.spatial_block.ffn.norm.weight from pretrained state dict
[2026-03-02 18:04:34,993][MedImageInsight.ImageEncoder.davit_v1][INFO] - => init blocks.2.6.spatial_block.window_attn.fn.proj.bias from pretrained state dict
[2026-03-02 18:04:34,993][MedImageInsight.ImageEncoder.davit_v1][INFO] - => init blocks.2.6.spatial_block.window_attn.fn.proj.weight from pretrained state dict
[2026-03-02 18:04:34,993][MedImageInsight.ImageEncoder.davit_v1][INFO] - => init blocks.2.6.spatial_block.window_attn.fn.qkv.bias from pretrained state dict
[2026-03-02 18:04:34,993][MedImageInsight.ImageEncoder.davit_v1][INFO] - => init blocks.2.6.spatial_block.window_attn.fn.qkv.weight from pretrained state dict
[2026-03-02 18:04:34,993][MedImageInsight.ImageEncoder.davit_v1][INFO] - => init blocks.2.6.spatial_block.window_attn.norm.bias from pretrained state dict
[2026-03-02 18:04:34,993][MedImageInsight.ImageEncoder.davit_v1][INFO] - => init blocks.2.6.spatial_block.window_attn.norm.weight from pretrained state dict
[2026-03-02 18:04:34,993][MedImageInsight.ImageEncoder.davit_v1][INFO] - => init blocks.2.7.channel_block.channel_attn.fn.proj.bias from pretrained state dict
[2026-03-02 18:04:34,993][MedImageInsight.ImageEncoder.davit_v1][INFO] - => init blocks.2.7.channel_block.channel_attn.fn.proj.weight from pretrained state dict
[2026-03-02 18:04:34,993][MedImageInsight.ImageEncoder.davit_v1][INFO] - => init blocks.2.7.channel_block.channel_attn.fn.qkv.bias from pretrained state dict
[2026-03-02 18:04:34,993][MedImageInsight.ImageEncoder.davit_v1][INFO] - => init blocks.2.7.channel_block.channel_attn.fn.qkv.weight from pretrained state dict
[2026-03-02 18:04:34,993][MedImageInsight.ImageEncoder.davit_v1][INFO] - => init blocks.2.7.channel_block.channel_attn.norm.bias from pretrained state dict
[2026-03-02 18:04:34,993][MedImageInsight.ImageEncoder.davit_v1][INFO] - => init blocks.2.7.channel_block.channel_attn.norm.weight from pretrained state dict
[2026-03-02 18:04:34,994][MedImageInsight.ImageEncoder.davit_v1][INFO] - => init blocks.2.7.channel_block.conv1.fn.dw.bias from pretrained state dict
[2026-03-02 18:04:34,994][MedImageInsight.ImageEncoder.davit_v1][INFO] - => init blocks.2.7.channel_block.conv1.fn.dw.weight from pretrained state dict
[2026-03-02 18:04:34,994][MedImageInsight.ImageEncoder.davit_v1][INFO] - => init blocks.2.7.channel_block.conv2.fn.dw.bias from pretrained state dict
[2026-03-02 18:04:34,994][MedImageInsight.ImageEncoder.davit_v1][INFO] - => init blocks.2.7.channel_block.conv2.fn.dw.weight from pretrained state dict
[2026-03-02 18:04:34,994][MedImageInsight.ImageEncoder.davit_v1][INFO] - => init blocks.2.7.channel_block.ffn.fn.net.fc1.bias from pretrained state dict
[2026-03-02 18:04:34,994][MedImageInsight.ImageEncoder.davit_v1][INFO] - => init blocks.2.7.channel_block.ffn.fn.net.fc1.weight from pretrained state dict
[2026-03-02 18:04:34,994][MedImageInsight.ImageEncoder.davit_v1][INFO] - => init blocks.2.7.channel_block.ffn.fn.net.fc2.bias from pretrained state dict
[2026-03-02 18:04:34,994][MedImageInsight.ImageEncoder.davit_v1][INFO] - => init blocks.2.7.channel_block.ffn.fn.net.fc2.weight from pretrained state dict
[2026-03-02 18:04:34,994][MedImageInsight.ImageEncoder.davit_v1][INFO] - => init blocks.2.7.channel_block.ffn.norm.bias from pretrained state dict
[2026-03-02 18:04:34,994][MedImageInsight.ImageEncoder.davit_v1][INFO] - => init blocks.2.7.channel_block.ffn.norm.weight from pretrained state dict
[2026-03-02 18:04:34,994][MedImageInsight.ImageEncoder.davit_v1][INFO] - => init blocks.2.7.spatial_block.conv1.fn.dw.bias from pretrained state dict
[2026-03-02 18:04:34,994][MedImageInsight.ImageEncoder.davit_v1][INFO] - => init blocks.2.7.spatial_block.conv1.fn.dw.weight from pretrained state dict
[2026-03-02 18:04:34,994][MedImageInsight.ImageEncoder.davit_v1][INFO] - => init blocks.2.7.spatial_block.conv2.fn.dw.bias from pretrained state dict
[2026-03-02 18:04:34,994][MedImageInsight.ImageEncoder.davit_v1][INFO] - => init blocks.2.7.spatial_block.conv2.fn.dw.weight from pretrained state dict
[2026-03-02 18:04:34,994][MedImageInsight.ImageEncoder.davit_v1][INFO] - => init blocks.2.7.spatial_block.ffn.fn.net.fc1.bias from pretrained state dict
[2026-03-02 18:04:34,994][MedImageInsight.ImageEncoder.davit_v1][INFO] - => init blocks.2.7.spatial_block.ffn.fn.net.fc1.weight from pretrained state dict
[2026-03-02 18:04:34,994][MedImageInsight.ImageEncoder.davit_v1][INFO] - => init blocks.2.7.spatial_block.ffn.fn.net.fc2.bias from pretrained state dict
[2026-03-02 18:04:34,994][MedImageInsight.ImageEncoder.davit_v1][INFO] - => init blocks.2.7.spatial_block.ffn.fn.net.fc2.weight from pretrained state dict
[2026-03-02 18:04:34,994][MedImageInsight.ImageEncoder.davit_v1][INFO] - => init blocks.2.7.spatial_block.ffn.norm.bias from pretrained state dict
[2026-03-02 18:04:34,994][MedImageInsight.ImageEncoder.davit_v1][INFO] - => init blocks.2.7.spatial_block.ffn.norm.weight from pretrained state dict
[2026-03-02 18:04:34,994][MedImageInsight.ImageEncoder.davit_v1][INFO] - => init blocks.2.7.spatial_block.window_attn.fn.proj.bias from pretrained state dict
[2026-03-02 18:04:34,994][MedImageInsight.ImageEncoder.davit_v1][INFO] - => init blocks.2.7.spatial_block.window_attn.fn.proj.weight from pretrained state dict
[2026-03-02 18:04:34,994][MedImageInsight.ImageEncoder.davit_v1][INFO] - => init blocks.2.7.spatial_block.window_attn.fn.qkv.bias from pretrained state dict
[2026-03-02 18:04:34,994][MedImageInsight.ImageEncoder.davit_v1][INFO] - => init blocks.2.7.spatial_block.window_attn.fn.qkv.weight from pretrained state dict
[2026-03-02 18:04:34,994][MedImageInsight.ImageEncoder.davit_v1][INFO] - => init blocks.2.7.spatial_block.window_attn.norm.bias from pretrained state dict
[2026-03-02 18:04:34,994][MedImageInsight.ImageEncoder.davit_v1][INFO] - => init blocks.2.7.spatial_block.window_attn.norm.weight from pretrained state dict
[2026-03-02 18:04:34,994][MedImageInsight.ImageEncoder.davit_v1][INFO] - => init blocks.2.8.channel_block.channel_attn.fn.proj.bias from pretrained state dict
[2026-03-02 18:04:34,994][MedImageInsight.ImageEncoder.davit_v1][INFO] - => init blocks.2.8.channel_block.channel_attn.fn.proj.weight from pretrained state dict
[2026-03-02 18:04:34,994][MedImageInsight.ImageEncoder.davit_v1][INFO] - => init blocks.2.8.channel_block.channel_attn.fn.qkv.bias from pretrained state dict
[2026-03-02 18:04:34,994][MedImageInsight.ImageEncoder.davit_v1][INFO] - => init blocks.2.8.channel_block.channel_attn.fn.qkv.weight from pretrained state dict
[2026-03-02 18:04:34,994][MedImageInsight.ImageEncoder.davit_v1][INFO] - => init blocks.2.8.channel_block.channel_attn.norm.bias from pretrained state dict
[2026-03-02 18:04:34,994][MedImageInsight.ImageEncoder.davit_v1][INFO] - => init blocks.2.8.channel_block.channel_attn.norm.weight from pretrained state dict
[2026-03-02 18:04:34,994][MedImageInsight.ImageEncoder.davit_v1][INFO] - => init blocks.2.8.channel_block.conv1.fn.dw.bias from pretrained state dict
[2026-03-02 18:04:34,994][MedImageInsight.ImageEncoder.davit_v1][INFO] - => init blocks.2.8.channel_block.conv1.fn.dw.weight from pretrained state dict
[2026-03-02 18:04:34,994][MedImageInsight.ImageEncoder.davit_v1][INFO] - => init blocks.2.8.channel_block.conv2.fn.dw.bias from pretrained state dict
[2026-03-02 18:04:34,994][MedImageInsight.ImageEncoder.davit_v1][INFO] - => init blocks.2.8.channel_block.conv2.fn.dw.weight from pretrained state dict
[2026-03-02 18:04:34,994][MedImageInsight.ImageEncoder.davit_v1][INFO] - => init blocks.2.8.channel_block.ffn.fn.net.fc1.bias from pretrained state dict
[2026-03-02 18:04:34,994][MedImageInsight.ImageEncoder.davit_v1][INFO] - => init blocks.2.8.channel_block.ffn.fn.net.fc1.weight from pretrained state dict
[2026-03-02 18:04:34,994][MedImageInsight.ImageEncoder.davit_v1][INFO] - => init blocks.2.8.channel_block.ffn.fn.net.fc2.bias from pretrained state dict
[2026-03-02 18:04:34,994][MedImageInsight.ImageEncoder.davit_v1][INFO] - => init blocks.2.8.channel_block.ffn.fn.net.fc2.weight from pretrained state dict
[2026-03-02 18:04:34,994][MedImageInsight.ImageEncoder.davit_v1][INFO] - => init blocks.2.8.channel_block.ffn.norm.bias from pretrained state dict
[2026-03-02 18:04:34,994][MedImageInsight.ImageEncoder.davit_v1][INFO] - => init blocks.2.8.channel_block.ffn.norm.weight from pretrained state dict
[2026-03-02 18:04:34,994][MedImageInsight.ImageEncoder.davit_v1][INFO] - => init blocks.2.8.spatial_block.conv1.fn.dw.bias from pretrained state dict
[2026-03-02 18:04:34,994][MedImageInsight.ImageEncoder.davit_v1][INFO] - => init blocks.2.8.spatial_block.conv1.fn.dw.weight from pretrained state dict
[2026-03-02 18:04:34,994][MedImageInsight.ImageEncoder.davit_v1][INFO] - => init blocks.2.8.spatial_block.conv2.fn.dw.bias from pretrained state dict
[2026-03-02 18:04:34,994][MedImageInsight.ImageEncoder.davit_v1][INFO] - => init blocks.2.8.spatial_block.conv2.fn.dw.weight from pretrained state dict
[2026-03-02 18:04:34,994][MedImageInsight.ImageEncoder.davit_v1][INFO] - => init blocks.2.8.spatial_block.ffn.fn.net.fc1.bias from pretrained state dict
[2026-03-02 18:04:34,994][MedImageInsight.ImageEncoder.davit_v1][INFO] - => init blocks.2.8.spatial_block.ffn.fn.net.fc1.weight from pretrained state dict
[2026-03-02 18:04:34,994][MedImageInsight.ImageEncoder.davit_v1][INFO] - => init blocks.2.8.spatial_block.ffn.fn.net.fc2.bias from pretrained state dict
[2026-03-02 18:04:34,994][MedImageInsight.ImageEncoder.davit_v1][INFO] - => init blocks.2.8.spatial_block.ffn.fn.net.fc2.weight from pretrained state dict
[2026-03-02 18:04:34,994][MedImageInsight.ImageEncoder.davit_v1][INFO] - => init blocks.2.8.spatial_block.ffn.norm.bias from pretrained state dict
[2026-03-02 18:04:34,994][MedImageInsight.ImageEncoder.davit_v1][INFO] - => init blocks.2.8.spatial_block.ffn.norm.weight from pretrained state dict
[2026-03-02 18:04:34,994][MedImageInsight.ImageEncoder.davit_v1][INFO] - => init blocks.2.8.spatial_block.window_attn.fn.proj.bias from pretrained state dict
[2026-03-02 18:04:34,994][MedImageInsight.ImageEncoder.davit_v1][INFO] - => init blocks.2.8.spatial_block.window_attn.fn.proj.weight from pretrained state dict
[2026-03-02 18:04:34,994][MedImageInsight.ImageEncoder.davit_v1][INFO] - => init blocks.2.8.spatial_block.window_attn.fn.qkv.bias from pretrained state dict
[2026-03-02 18:04:34,994][MedImageInsight.ImageEncoder.davit_v1][INFO] - => init blocks.2.8.spatial_block.window_attn.fn.qkv.weight from pretrained state dict
[2026-03-02 18:04:34,994][MedImageInsight.ImageEncoder.davit_v1][INFO] - => init blocks.2.8.spatial_block.window_attn.norm.bias from pretrained state dict
[2026-03-02 18:04:34,994][MedImageInsight.ImageEncoder.davit_v1][INFO] - => init blocks.2.8.spatial_block.window_attn.norm.weight from pretrained state dict
[2026-03-02 18:04:34,995][MedImageInsight.ImageEncoder.davit_v1][INFO] - => init blocks.3.0.channel_block.channel_attn.fn.proj.bias from pretrained state dict
[2026-03-02 18:04:34,995][MedImageInsight.ImageEncoder.davit_v1][INFO] - => init blocks.3.0.channel_block.channel_attn.fn.proj.weight from pretrained state dict
[2026-03-02 18:04:34,995][MedImageInsight.ImageEncoder.davit_v1][INFO] - => init blocks.3.0.channel_block.channel_attn.fn.qkv.bias from pretrained state dict
[2026-03-02 18:04:34,995][MedImageInsight.ImageEncoder.davit_v1][INFO] - => init blocks.3.0.channel_block.channel_attn.fn.qkv.weight from pretrained state dict
[2026-03-02 18:04:34,995][MedImageInsight.ImageEncoder.davit_v1][INFO] - => init blocks.3.0.channel_block.channel_attn.norm.bias from pretrained state dict
[2026-03-02 18:04:34,995][MedImageInsight.ImageEncoder.davit_v1][INFO] - => init blocks.3.0.channel_block.channel_attn.norm.weight from pretrained state dict
[2026-03-02 18:04:34,995][MedImageInsight.ImageEncoder.davit_v1][INFO] - => init blocks.3.0.channel_block.conv1.fn.dw.bias from pretrained state dict
[2026-03-02 18:04:34,995][MedImageInsight.ImageEncoder.davit_v1][INFO] - => init blocks.3.0.channel_block.conv1.fn.dw.weight from pretrained state dict
[2026-03-02 18:04:34,995][MedImageInsight.ImageEncoder.davit_v1][INFO] - => init blocks.3.0.channel_block.conv2.fn.dw.bias from pretrained state dict
[2026-03-02 18:04:34,995][MedImageInsight.ImageEncoder.davit_v1][INFO] - => init blocks.3.0.channel_block.conv2.fn.dw.weight from pretrained state dict
[2026-03-02 18:04:34,995][MedImageInsight.ImageEncoder.davit_v1][INFO] - => init blocks.3.0.channel_block.ffn.fn.net.fc1.bias from pretrained state dict
[2026-03-02 18:04:34,995][MedImageInsight.ImageEncoder.davit_v1][INFO] - => init blocks.3.0.channel_block.ffn.fn.net.fc1.weight from pretrained state dict
[2026-03-02 18:04:34,995][MedImageInsight.ImageEncoder.davit_v1][INFO] - => init blocks.3.0.channel_block.ffn.fn.net.fc2.bias from pretrained state dict
[2026-03-02 18:04:34,995][MedImageInsight.ImageEncoder.davit_v1][INFO] - => init blocks.3.0.channel_block.ffn.fn.net.fc2.weight from pretrained state dict
[2026-03-02 18:04:34,995][MedImageInsight.ImageEncoder.davit_v1][INFO] - => init blocks.3.0.channel_block.ffn.norm.bias from pretrained state dict
[2026-03-02 18:04:34,995][MedImageInsight.ImageEncoder.davit_v1][INFO] - => init blocks.3.0.channel_block.ffn.norm.weight from pretrained state dict
[2026-03-02 18:04:34,995][MedImageInsight.ImageEncoder.davit_v1][INFO] - => init blocks.3.0.spatial_block.conv1.fn.dw.bias from pretrained state dict
[2026-03-02 18:04:34,995][MedImageInsight.ImageEncoder.davit_v1][INFO] - => init blocks.3.0.spatial_block.conv1.fn.dw.weight from pretrained state dict
[2026-03-02 18:04:34,995][MedImageInsight.ImageEncoder.davit_v1][INFO] - => init blocks.3.0.spatial_block.conv2.fn.dw.bias from pretrained state dict
[2026-03-02 18:04:34,995][MedImageInsight.ImageEncoder.davit_v1][INFO] - => init blocks.3.0.spatial_block.conv2.fn.dw.weight from pretrained state dict
[2026-03-02 18:04:34,995][MedImageInsight.ImageEncoder.davit_v1][INFO] - => init blocks.3.0.spatial_block.ffn.fn.net.fc1.bias from pretrained state dict
[2026-03-02 18:04:34,995][MedImageInsight.ImageEncoder.davit_v1][INFO] - => init blocks.3.0.spatial_block.ffn.fn.net.fc1.weight from pretrained state dict
[2026-03-02 18:04:34,995][MedImageInsight.ImageEncoder.davit_v1][INFO] - => init blocks.3.0.spatial_block.ffn.fn.net.fc2.bias from pretrained state dict
[2026-03-02 18:04:34,995][MedImageInsight.ImageEncoder.davit_v1][INFO] - => init blocks.3.0.spatial_block.ffn.fn.net.fc2.weight from pretrained state dict
[2026-03-02 18:04:34,995][MedImageInsight.ImageEncoder.davit_v1][INFO] - => init blocks.3.0.spatial_block.ffn.norm.bias from pretrained state dict
[2026-03-02 18:04:34,995][MedImageInsight.ImageEncoder.davit_v1][INFO] - => init blocks.3.0.spatial_block.ffn.norm.weight from pretrained state dict
[2026-03-02 18:04:34,995][MedImageInsight.ImageEncoder.davit_v1][INFO] - => init blocks.3.0.spatial_block.window_attn.fn.proj.bias from pretrained state dict
[2026-03-02 18:04:34,995][MedImageInsight.ImageEncoder.davit_v1][INFO] - => init blocks.3.0.spatial_block.window_attn.fn.proj.weight from pretrained state dict
[2026-03-02 18:04:34,995][MedImageInsight.ImageEncoder.davit_v1][INFO] - => init blocks.3.0.spatial_block.window_attn.fn.qkv.bias from pretrained state dict
[2026-03-02 18:04:34,995][MedImageInsight.ImageEncoder.davit_v1][INFO] - => init blocks.3.0.spatial_block.window_attn.fn.qkv.weight from pretrained state dict
[2026-03-02 18:04:34,995][MedImageInsight.ImageEncoder.davit_v1][INFO] - => init blocks.3.0.spatial_block.window_attn.norm.bias from pretrained state dict
[2026-03-02 18:04:34,995][MedImageInsight.ImageEncoder.davit_v1][INFO] - => init blocks.3.0.spatial_block.window_attn.norm.weight from pretrained state dict
[2026-03-02 18:04:34,995][MedImageInsight.ImageEncoder.davit_v1][INFO] - => init convs.0.norm.bias from pretrained state dict
[2026-03-02 18:04:34,995][MedImageInsight.ImageEncoder.davit_v1][INFO] - => init convs.0.norm.weight from pretrained state dict
[2026-03-02 18:04:34,995][MedImageInsight.ImageEncoder.davit_v1][INFO] - => init convs.0.proj.bias from pretrained state dict
[2026-03-02 18:04:34,995][MedImageInsight.ImageEncoder.davit_v1][INFO] - => init convs.0.proj.weight from pretrained state dict
[2026-03-02 18:04:34,995][MedImageInsight.ImageEncoder.davit_v1][INFO] - => init convs.1.norm.bias from pretrained state dict
[2026-03-02 18:04:34,995][MedImageInsight.ImageEncoder.davit_v1][INFO] - => init convs.1.norm.weight from pretrained state dict
[2026-03-02 18:04:34,995][MedImageInsight.ImageEncoder.davit_v1][INFO] - => init convs.1.proj.bias from pretrained state dict
[2026-03-02 18:04:34,995][MedImageInsight.ImageEncoder.davit_v1][INFO] - => init convs.1.proj.weight from pretrained state dict
[2026-03-02 18:04:34,995][MedImageInsight.ImageEncoder.davit_v1][INFO] - => init convs.2.norm.bias from pretrained state dict
[2026-03-02 18:04:34,995][MedImageInsight.ImageEncoder.davit_v1][INFO] - => init convs.2.norm.weight from pretrained state dict
[2026-03-02 18:04:34,995][MedImageInsight.ImageEncoder.davit_v1][INFO] - => init convs.2.proj.bias from pretrained state dict
[2026-03-02 18:04:34,995][MedImageInsight.ImageEncoder.davit_v1][INFO] - => init convs.2.proj.weight from pretrained state dict
[2026-03-02 18:04:34,995][MedImageInsight.ImageEncoder.davit_v1][INFO] - => init convs.3.norm.bias from pretrained state dict
[2026-03-02 18:04:34,995][MedImageInsight.ImageEncoder.davit_v1][INFO] - => init convs.3.norm.weight from pretrained state dict
[2026-03-02 18:04:34,995][MedImageInsight.ImageEncoder.davit_v1][INFO] - => init convs.3.proj.bias from pretrained state dict
[2026-03-02 18:04:34,995][MedImageInsight.ImageEncoder.davit_v1][INFO] - => init convs.3.proj.weight from pretrained state dict
[2026-03-02 18:04:34,995][MedImageInsight.ImageEncoder.davit_v1][INFO] - => init norms.bias from pretrained state dict
[2026-03-02 18:04:34,995][MedImageInsight.ImageEncoder.davit_v1][INFO] - => init norms.weight from pretrained state dict
Ignored unknown kwarg option special
Ignored unknown kwarg option special
Ignored unknown kwarg option special
Ignored unknown kwarg option special
Ignored unknown kwarg option special
Ignored unknown kwarg option special
Model loaded successfully on device: cuda
Index(['pid', 'study_yr', '5y', 'fup_days', 'reversed',
       'sct_slice_final_mapped'],
      dtype='object')
<class 'numpy.int64'>
<class 'numpy.int64'>
Index(['pid', 'study_yr', '5y', 'fup_days', 'reversed',
       'sct_slice_final_mapped', 'file_path', 'preclinical', 'afterdiagnosis',
       'full_information'],
      dtype='object')
Index(['pid', 'study_yr', '5y', 'fup_days', 'reversed',
       'sct_slice_final_mapped', 'file_path', 'preclinical', 'afterdiagnosis',
       'full_information'],
      dtype='object')

✅ Saved split assignments to 'clinical_metadata_with_splits.csv'

Using regular DataLoader for train subset
Data Aug
Original shape: 213, New Shape: 320

Using regular DataLoader for train subset
Data Aug
Original shape: 213, New Shape: 320

Using regular DataLoader for train subset
Data Aug
Original shape: 214, New Shape: 320

✅ Set train dataloaders with 3 folds
  - Fold 1: 320 samples
    Label distribution: {0: 160, 1: 160}
    Batch label distribution: {0.0: 13, 1.0: 19}
    Batch label distribution: {0.0: 18, 1.0: 14}
    Batch label distribution: {0.0: 19, 1.0: 13}
    Batch label distribution: {0.0: 15, 1.0: 17}
    Batch label distribution: {0.0: 14, 1.0: 18}
    Batch label distribution: {0.0: 13, 1.0: 19}
    Batch label distribution: {0.0: 14, 1.0: 18}
    Batch label distribution: {0.0: 15, 1.0: 17}
    Batch label distribution: {0.0: 21, 1.0: 11}
    Batch label distribution: {0.0: 18, 1.0: 14}
  - Fold 2: 320 samples
    Label distribution: {0: 160, 1: 160}
    Batch label distribution: {0.0: 13, 1.0: 19}
    Batch label distribution: {0.0: 16, 1.0: 16}
    Batch label distribution: {0.0: 18, 1.0: 14}
    Batch label distribution: {0.0: 16, 1.0: 16}
    Batch label distribution: {0.0: 16, 1.0: 16}
    Batch label distribution: {0.0: 19, 1.0: 13}
    Batch label distribution: {0.0: 19, 1.0: 13}
    Batch label distribution: {0.0: 14, 1.0: 18}
    Batch label distribution: {0.0: 13, 1.0: 19}
    Batch label distribution: {0.0: 16, 1.0: 16}
  - Fold 3: 320 samples
    Label distribution: {0: 160, 1: 160}
    Batch label distribution: {0.0: 18, 1.0: 14}
    Batch label distribution: {0.0: 11, 1.0: 21}
    Batch label distribution: {0.0: 20, 1.0: 12}
    Batch label distribution: {0.0: 18, 1.0: 14}
    Batch label distribution: {0.0: 15, 1.0: 17}
    Batch label distribution: {0.0: 17, 1.0: 15}
    Batch label distribution: {0.0: 15, 1.0: 17}
    Batch label distribution: {0.0: 15, 1.0: 17}
    Batch label distribution: {0.0: 15, 1.0: 17}
    Batch label distribution: {0.0: 16, 1.0: 16}

Using regular DataLoader for validation subset

Using regular DataLoader for validation subset

Using regular DataLoader for validation subset

✅ Set validation dataloaders with 3 folds
  - Fold 1: 107 samples
    Label distribution: {0: 80, 1: 27}
    Batch label distribution: {0.0: 24, 1.0: 8}
    Batch label distribution: {0.0: 27, 1.0: 5}
    Batch label distribution: {0.0: 23, 1.0: 9}
    Batch label distribution: {0.0: 6, 1.0: 5}
  - Fold 2: 107 samples
    Label distribution: {0: 80, 1: 27}
    Batch label distribution: {0.0: 25, 1.0: 7}
    Batch label distribution: {0.0: 23, 1.0: 9}
    Batch label distribution: {0.0: 23, 1.0: 9}
    Batch label distribution: {0.0: 9, 1.0: 2}
  - Fold 3: 106 samples
    Label distribution: {0: 80, 1: 26}
    Batch label distribution: {0.0: 26, 1.0: 6}
    Batch label distribution: {0.0: 26, 1.0: 6}
    Batch label distribution: {0.0: 19, 1.0: 13}
    Batch label distribution: {0.0: 9, 1.0: 1}

Using regular DataLoader for test subset

Using regular DataLoader for test subset

Using regular DataLoader for test subset

✅ Set test dataloaders with 3 folds
  - Fold 1: 80 samples
    Label distribution: {0: 60, 1: 20}
    Batch label distribution: {0.0: 28, 1.0: 4}
    Batch label distribution: {0.0: 22, 1.0: 10}
    Batch label distribution: {0.0: 10, 1.0: 6}
  - Fold 2: 80 samples
    Label distribution: {0: 60, 1: 20}
    Batch label distribution: {0.0: 28, 1.0: 4}
    Batch label distribution: {0.0: 22, 1.0: 10}
    Batch label distribution: {0.0: 10, 1.0: 6}
  - Fold 3: 80 samples
    Label distribution: {0: 60, 1: 20}
    Batch label distribution: {0.0: 28, 1.0: 4}
    Batch label distribution: {0.0: 22, 1.0: 10}
    Batch label distribution: {0.0: 10, 1.0: 6}
Embedding dimension determined: 1024

====================== STARTING FOLD 1/3 ======================
The model has 252,364,290 trainable parameters.
┏━━━┳━━━━━━━━━━━━━━━━┳━━━━━━━━━━━━━━━━━━┳━━━━━━━━┳━━━━━━━┳━━━━━━━┓
┃   ┃ Name           ┃ Type             ┃ Params ┃ Mode  ┃ FLOPs ┃
┡━━━╇━━━━━━━━━━━━━━━━╇━━━━━━━━━━━━━━━━━━╇━━━━━━━━╇━━━━━━━╇━━━━━━━┩
│ 0 │ survival_head  │ Sequential       │  150 K │ train │     0 │
│ 1 │ vision_encoder │ DaViT            │  360 M │ eval  │     0 │
│ 2 │ text_encoder   │ Transformer      │  252 M │ eval  │     0 │
│ 3 │ f1score        │ BinaryF1Score    │      0 │ train │     0 │
│ 4 │ stats_metric   │ BinaryStatScores │      0 │ train │     0 │
└───┴────────────────┴──────────────────┴────────┴───────┴───────┘
Trainable params: 252 M                                                         
Non-trainable params: 360 M                                                     
Total params: 613 M                                                             
Total estimated model params size (MB): 2.5 K                                   
Modules in train mode: 11                                                       
Modules in eval mode: 690                                                       
Total FLOPs: 0                                                                  
shape xtorch.Size([32, 2])
tensor(0.1304, device='cuda:0')
tensor(-0.0087, device='cuda:0')
shape xtorch.Size([32, 2])
tensor(0.1304, device='cuda:0')
tensor(-0.0087, device='cuda:0')
shape PREDS: torch.Size([64, 2])
shape time: torch.Size([64])
shape log_hz: torch.Size([64, 64])
shape log_hz_t: torch.Size([64])

==================================================
Stage: VAL
Predicted class distribution: 0s = 0, 1s = 64
Actual label distribution:    0s = 51, 1s = 13
Actual Imbalance Ratio (0:1): 3.92:1
==================================================
⚠️ Model is predicting only class 1 (minority class). It is ignoring the majority class!
DEBUG SHAPES: time=(64,), log_hz=(64,), events=(64,)
Cindex TorchSurv: 0.35663339495658875
Cindex Lifelines: 0.3723252496433666
Saved test predictions and probabilities to validation_results_fold_final.csv

[DEBUG] Multimodal Text Example (Batch): 'Patient is 0.4456521739130434 years old. Patient has a 0.4285714285714285 diploma.  Height of 0.55 cm. Patient weights 0.2127272727272727 kg. Patient has a history of 0.0765 pack years Patient smokes 0.15 cigarettes a day. Patient smoked for a total of 0.51 years. Patient has a lesion size of 0.1036685288640596 mm. History of previous disease. Patient has BMI of 0.104488892656429. Patient smokes ciggaretes. Patient lives with a smoker. Patient works with exposure to smokers. Patient has the main cancer located in the left lower lobe. Patient has the main cancer located in the left upper lobe. Patient worked in chemical environment. Patient worked in farm environment. Patient worked in fire fighting environment. Patient has diabetes. Patient has Hypertension. Family history of cancer. Patient has work related cancer. Male. White. brother and sister have lung cancer. '
WARNING: vision_encoder.blocks.2.1.spatial_block.conv1.fn.dw.weight has NO gradient.

[DEBUG] Multimodal Text Example (Batch): 'Patient is 0.5869565217391305 years old. Patient has a 0.4285714285714285 diploma.  Height of 0.675 cm. Patient weights 0.2727272727272727 kg. Patient has a history of 0.04875 pack years Patient smokes 0.125 cigarettes a day. Patient smoked for a total of 0.39 years. Patient has a lesion size of 0.0833333333333333 mm. History of previous disease. Patient has BMI of 0.1092522791555895. Patient smokes cigar. Patient smokes pipe. Patient works with exposure to smokers. Patient has the main cancer located in the left upper lobe. Patient worked in coal environment. Patient worked in farm environment. Patient worked in welding environment. Patient has diabetes. Patient has heart disease. Patient has work related cancer. Male. White. '
WARNING: vision_encoder.blocks.2.1.spatial_block.conv1.fn.dw.weight has NO gradient.

[DEBUG] Multimodal Text Example (Batch): 'Patient is 0.5217391304347826 years old. Patient has a 0.4285714285714285 diploma.  Height of 0.5 cm. Patient weights 0.16 kg. Patient has a history of 0.098 pack years Patient smokes 0.2 cigarettes a day. Patient smoked for a total of 0.49 years. Patient has a lesion size of 0.0333333333333333 mm. History of previous disease. Patient has BMI of 0.0887998696712107. Patient lives with a smoker. Patient works with exposure to smokers. Patient has the main cancer located in the right upper lobe. Patient has chronic bronchitis. Patient has COPD. Patient has emphysema. Patient has heart disease. Patient has Hypertension. Patient has pneumonia. Family history of cancer. Female. White. father have lung cancer. '
WARNING: vision_encoder.blocks.2.1.spatial_block.conv1.fn.dw.weight has NO gradient.

[DEBUG] Multimodal Text Example (Batch): 'Patient is 0.5978260869565217 years old. Patient has a 0.7142857142857143 diploma.  Height of 0.525 cm. Patient weights 0.2272727272727272 kg. Patient has a history of 0.112 pack years Patient smokes 0.2 cigarettes a day. Patient smoked for a total of 0.56 years. Patient has a lesion size of 0.0566666666666666 mm. History of previous disease. Patient has BMI of 0.1147623097877857. Patient lives with a smoker. Patient works with exposure to smokers. Patient has the main cancer located in the right lower lobe. Patient has adult asthma. Family history of cancer. Female. White. sister have lung cancer. '
WARNING: vision_encoder.blocks.2.1.spatial_block.conv1.fn.dw.weight has NO gradient.

[DEBUG] Multimodal Text Example (Batch): 'Patient is 0.5434782608695652 years old. Patient has a 0.7142857142857143 diploma.  Height of 0.55 cm. Patient weights 0.14 kg. Patient has a history of 0.03975 pack years Patient smokes 0.075 cigarettes a day. Patient smoked for a total of 0.53 years. Patient has a lesion size of 0.1433333333333333 mm. History of previous disease. Patient has BMI of 0.0736914424049347. Patient smokes ciggaretes. Patient lives with a smoker. Patient works with exposure to smokers. Patient has the main cancer located in the Mediastinum. Patient has the main cancer located in the right upper lobe. Female. White. '
WARNING: vision_encoder.blocks.2.1.spatial_block.conv1.fn.dw.weight has NO gradient.

[DEBUG] Multimodal Text Example (Batch): 'Patient is 0.532608695652174 years old. Patient has a 0.5714285714285714 diploma.  Height of 0.525 cm. Patient weights 0.1472727272727272 kg. Patient has a history of 0.0405 pack years Patient smokes 0.09 cigarettes a day. Patient smoked for a total of 0.45 years. Patient has a lesion size of 0.0833333333333333 mm. History of previous disease. Patient has BMI of 0.0798507557021903. Patient smokes ciggaretes. Patient lives with a smoker. Patient has the main cancer located in the left lower lobe. Female. White. '
WARNING: vision_encoder.blocks.2.1.spatial_block.conv1.fn.dw.weight has NO gradient.

[DEBUG] Multimodal Text Example (Batch): 'Patient is 0.4021739130434782 years old. Patient has a 0.8571428571428571 diploma.  Height of 0.625 cm. Patient weights 0.1818181818181818 kg. Patient has a history of 0.082 pack years Patient smokes 0.2 cigarettes a day. Patient smoked for a total of 0.41 years. Patient has a lesion size of 0.1633333333333333 mm. History of previous disease. Patient has BMI of 0.0817129211566632. Patient smokes ciggaretes. Patient lives with a smoker. Patient works with exposure to smokers. Patient has the main cancer located in the right upper lobe. Patient worked in farm environment. Patient worked in flour environment. Patient has Hypertension. Patient has pneumonia. Family history of cancer. Patient has work related cancer. Male. White. father have lung cancer. '
WARNING: vision_encoder.blocks.2.1.spatial_block.conv1.fn.dw.weight has NO gradient.

[DEBUG] Multimodal Text Example (Batch): 'Patient is 0.4891304347826087 years old. Patient has a 0.4285714285714285 diploma.  Height of 0.625 cm. Patient weights 0.2 kg. Patient has a history of 0.138 pack years Patient smokes 0.3 cigarettes a day. Patient smoked for a total of 0.46 years. Patient has a lesion size of 0.0466666666666666 mm. History of previous disease. Patient has BMI of 0.0887664800433447. Patient lives with a smoker. Patient works with exposure to smokers. Patient has the main cancer located in the left upper lobe. Patient worked in asbestos environment. Patient worked in painting environment. Patient worked in sandblasting environment. Patient worked in welding environment. Patient has chronic bronchitis. Patient has emphysema. Patient has heart disease. Patient has Hypertension. Patient has pneumonia. Patient has work related cancer. Male. White. '
WARNING: vision_encoder.blocks.2.1.spatial_block.conv1.fn.dw.weight has NO gradient.

[DEBUG] Multimodal Text Example (Batch): 'Patient is 0.5978260869565217 years old. Patient has a 0.8571428571428571 diploma.  Height of 0.475 cm. Patient weights 0.1636363636363636 kg. Patient has a history of 0.0375 pack years Patient smokes 0.075 cigarettes a day. Patient smoked for a total of 0.5 years. Patient has a lesion size of 0.0566666666666666 mm. History of previous disease. Patient has BMI of 0.0940428727261553. Patient smokes ciggaretes. Patient lives with a smoker. Patient works with exposure to smokers. Patient has the main cancer located in the left upper lobe. Patient has COPD. Patient has diabetes. Patient has Hypertension. Patient diagnosed with breast cancer. History of previous cancer. Female. White. '
WARNING: vision_encoder.blocks.2.1.spatial_block.conv1.fn.dw.weight has NO gradient.

[DEBUG] Multimodal Text Example (Batch): 'Patient is 0.5434782608695652 years old. Patient has a 0.7142857142857143 diploma.  Height of 0.55 cm. Patient weights 0.2145454545454545 kg. Patient has a history of 0.084 pack years Patient smokes 0.28 cigarettes a day. Patient smoked for a total of 0.3 years. Patient has a lesion size of 0.0933333333333333 mm. History of previous disease. Patient has BMI of 0.1052588289127164. Patient smokes ciggaretes. Patient lives with a smoker. Patient works with exposure to smokers. Patient has the main cancer located in the right upper lobe. Patient worked in farm environment. Patient has adult asthma. Patient has COPD. Patient has pneumonia. Patient has work related cancer. Female. White. '
WARNING: vision_encoder.blocks.2.1.spatial_block.conv1.fn.dw.weight has NO gradient.
shape xtorch.Size([32, 2])
tensor(0.1136, device='cuda:0')
tensor(0.0288, device='cuda:0')
shape xtorch.Size([32, 2])
tensor(0.1142, device='cuda:0')
tensor(0.0316, device='cuda:0')
shape xtorch.Size([32, 2])
tensor(0.1149, device='cuda:0')
tensor(0.0295, device='cuda:0')
shape xtorch.Size([11, 2])
tensor(0.1149, device='cuda:0')
tensor(0.0329, device='cuda:0')
shape PREDS: torch.Size([107, 2])
shape time: torch.Size([107])
shape log_hz: torch.Size([107, 107])
shape log_hz_t: torch.Size([107])

==================================================
Stage: VAL
Predicted class distribution: 0s = 0, 1s = 107
Actual label distribution:    0s = 80, 1s = 27
Actual Imbalance Ratio (0:1): 2.96:1
==================================================
⚠️ Model is predicting only class 1 (minority class). It is ignoring the majority class!
DEBUG SHAPES: time=(107,), log_hz=(107,), events=(107,)
Cindex TorchSurv: 0.5008257627487183
Cindex Lifelines: 0.5136251032204789
Saved test predictions and probabilities to validation_results_fold_final.csv

[DEBUG] Multimodal Text Example (Batch): 'Patient is 0.5543478260869565 years old. Patient has a 0.0 diploma.  Height of 0.65 cm. Patient weights 0.2254545454545454 kg. Patient has a history of 0.0477 pack years Patient smokes 0.09 cigarettes a day. Patient smoked for a total of 0.53 years. Patient has a lesion size of 0.03 mm. History of previous disease. Patient has BMI of 0.0952085719128709. Patient smokes ciggaretes. Patient lives with a smoker. Patient works with exposure to smokers. Patient has the main cancer located in the right upper lobe. Male. White. '
WARNING: vision_encoder.blocks.2.1.spatial_block.conv1.fn.dw.weight has NO gradient.

[DEBUG] Multimodal Text Example (Batch): 'Patient is 0.4565217391304347 years old. Patient has a 0.8571428571428571 diploma.  Height of 0.65 cm. Patient weights 0.2327272727272727 kg. Patient has a history of 0.084 pack years Patient smokes 0.2 cigarettes a day. Patient smoked for a total of 0.42 years. Patient has a lesion size of 0.0866666666666666 mm. History of previous disease. Patient has BMI of 0.0979510784429038. Patient smokes cigar. Patient smokes ciggaretes. Patient smokes pipe. Patient lives with a smoker. Patient works with exposure to smokers. Patient has the main cancer located in the left upper lobe. Male. White. '
WARNING: vision_encoder.blocks.2.1.spatial_block.conv1.fn.dw.weight has NO gradient.

[DEBUG] Multimodal Text Example (Batch): 'Patient is 0.4782608695652174 years old. Patient has a 0.5714285714285714 diploma.  Height of 0.5 cm. Patient weights 0.209090909090909 kg. Patient has a history of 0.093 pack years Patient smokes 0.3 cigarettes a day. Patient smoked for a total of 0.31 years. Patient has a lesion size of 0.0466666666666666 mm. History of previous disease. Patient has BMI of 0.1108871085045353. Patient lives with a smoker. Patient works with exposure to smokers. Patient has the main cancer located in the right lower lobe. Patient worked in butchering environment. Patient worked in welding environment. Patient has adult asthma. Patient has Hypertension. Family history of cancer. Patient has work related cancer. Male. White. father have lung cancer. '
WARNING: vision_encoder.blocks.2.1.spatial_block.conv1.fn.dw.weight has NO gradient.

[DEBUG] Multimodal Text Example (Batch): 'Patient is 0.4782608695652174 years old. Patient has a 1.0 diploma.  Height of 0.65 cm. Patient weights 0.2636363636363636 kg. Patient has a history of 0.0525 pack years Patient smokes 0.15 cigarettes a day. Patient smoked for a total of 0.35 years. Patient has a lesion size of 0.0333333333333333 mm. History of previous disease. Patient has BMI of 0.1096067311955436. Patient smokes pipe. Patient lives with a smoker. Patient works with exposure to smokers. Patient has the main cancer located in the left upper lobe. Male. White. '
WARNING: vision_encoder.blocks.2.1.spatial_block.conv1.fn.dw.weight has NO gradient.

[DEBUG] Multimodal Text Example (Batch): 'Patient is 0.4239130434782608 years old. Patient has a 0.5714285714285714 diploma.  Height of 0.55 cm. Patient weights 0.1909090909090909 kg. Patient has a history of 0.0615 pack years Patient smokes 0.15 cigarettes a day. Patient smoked for a total of 0.41 years. Patient has a lesion size of 0.1166666666666666 mm. History of previous disease. Patient has BMI of 0.0952496575809807. Patient smokes cigar. Patient smokes ciggaretes. Patient smokes pipe. Patient lives with a smoker. Patient works with exposure to smokers. Patient has the main cancer located in the left lower lobe. Patient has emphysema. Patient has Hypertension. Male. White. '
WARNING: vision_encoder.blocks.2.1.spatial_block.conv1.fn.dw.weight has NO gradient.

[DEBUG] Multimodal Text Example (Batch): 'Patient is 0.5434782608695652 years old. Patient has a 0.7142857142857143 diploma.  Height of 0.425 cm. Patient weights 0.1527272727272727 kg. Patient has a history of 0.0375 pack years Patient smokes 0.075 cigarettes a day. Patient smoked for a total of 0.5 years. Patient has a lesion size of 0.04 mm. History of previous disease. Patient has BMI of 0.0963925442298818. Patient smokes ciggaretes. Patient lives with a smoker. Patient works with exposure to smokers. Patient has the main cancer located in the left lower lobe. Patient worked in flour environment. Patient has diabetes. Patient has Hypertension. Family history of cancer. Patient has work related cancer. Female. White. brother and mother have lung cancer. '
WARNING: vision_encoder.blocks.2.1.spatial_block.conv1.fn.dw.weight has NO gradient.

[DEBUG] Multimodal Text Example (Batch): 'Patient is 0.5869565217391305 years old. Patient has a 0.8571428571428571 diploma.  Height of 0.7 cm. Patient weights 0.1909090909090909 kg. Patient has a history of 0.054 pack years Patient smokes 0.1 cigarettes a day. Patient smoked for a total of 0.54 years. Patient has a lesion size of 0.0333333333333333 mm. History of previous disease. Patient has BMI of 0.0764383044999873. Patient smokes ciggaretes. Patient lives with a smoker. Patient works with exposure to smokers. Patient has the main cancer located in the right upper lobe. Patient has Hypertension. Male. White. '
WARNING: vision_encoder.blocks.2.1.spatial_block.conv1.fn.dw.weight has NO gradient.

[DEBUG] Multimodal Text Example (Batch): 'Patient is 0.5869565217391305 years old. Patient has a 0.4285714285714285 diploma.  Height of 0.65 cm. Patient weights 0.2909090909090909 kg. Patient has a history of 0.032 pack years Patient smokes 0.1 cigarettes a day. Patient smoked for a total of 0.32 years. Patient has a lesion size of 0.0633333333333333 mm. History of previous disease. Patient has BMI of 0.1198911306831669. Patient works with exposure to smokers. Patient has the main cancer located in the right upper lobe. Patient worked in asbestos environment. Patient worked in fire fighting environment. Patient worked in steel milling environment. Patient has asbestosis. Patient has bronchiectasis. Patient has diabetes. Patient has Hypertension. Family history of cancer. Patient has work related cancer. Male. White. father have lung cancer. '
WARNING: vision_encoder.blocks.2.1.spatial_block.conv1.fn.dw.weight has NO gradient.

[DEBUG] Multimodal Text Example (Batch): 'Patient is 0.5217391304347826 years old. Patient has a 0.7142857142857143 diploma.  Height of 0.55 cm. Patient weights 0.2254545454545454 kg. Patient has a history of 0.041 pack years Patient smokes 0.1 cigarettes a day. Patient smoked for a total of 0.41 years. Patient has a lesion size of 0.09 mm. History of previous disease. Patient has BMI of 0.1098784464504405. Patient smokes cigar. Patient smokes pipe. Patient works with exposure to smokers. Patient has the main cancer located in the left upper lobe. Patient worked in chemical environment. Patient has heart disease. Patient has Hypertension. Patient has work related cancer. Male. White. '
WARNING: vision_encoder.blocks.2.1.spatial_block.conv1.fn.dw.weight has NO gradient.

[DEBUG] Multimodal Text Example (Batch): 'Patient is 0.4456521739130434 years old. Patient has a 0.4285714285714285 diploma.  Height of 0.675 cm. Patient weights 0.3272727272727272 kg. Patient has a history of 0.072 pack years Patient smokes 0.2 cigarettes a day. Patient smoked for a total of 0.36 years. Patient has a lesion size of 0.09 mm. History of previous disease. Patient has BMI of 0.1292536903504619. Patient lives with a smoker. Patient works with exposure to smokers. Patient has the main cancer located in the left upper lobe. Patient worked in welding environment. Patient has childhood asthma. Patient has work related cancer. Male. White. '
WARNING: vision_encoder.blocks.2.1.spatial_block.conv1.fn.dw.weight has NO gradient.
shape xtorch.Size([32, 2])
tensor(0.1217, device='cuda:0')
tensor(0.0379, device='cuda:0')
shape xtorch.Size([32, 2])
tensor(0.1213, device='cuda:0')
tensor(0.0375, device='cuda:0')
shape xtorch.Size([32, 2])
tensor(0.1221, device='cuda:0')
tensor(0.0315, device='cuda:0')
shape xtorch.Size([11, 2])
tensor(0.1175, device='cuda:0')
tensor(0.0390, device='cuda:0')
shape PREDS: torch.Size([107, 2])
shape time: torch.Size([107])
shape log_hz: torch.Size([107, 107])
shape log_hz_t: torch.Size([107])

==================================================
Stage: VAL
Predicted class distribution: 0s = 0, 1s = 107
Actual label distribution:    0s = 80, 1s = 27
Actual Imbalance Ratio (0:1): 2.96:1
==================================================
⚠️ Model is predicting only class 1 (minority class). It is ignoring the majority class!
DEBUG SHAPES: time=(107,), log_hz=(107,), events=(107,)
Cindex TorchSurv: 0.5004128813743591
Cindex Lifelines: 0.5144508670520231
Saved test predictions and probabilities to validation_results_fold_final.csv

[DEBUG] Multimodal Text Example (Batch): 'Patient is 0.5 years old. Patient has a 1.0 diploma.  Height of 0.7 cm. Patient weights 0.2454545454545454 kg. Patient has a history of 0.0925 pack years Patient smokes 0.25 cigarettes a day. Patient smoked for a total of 0.37 years. Patient has a lesion size of 0.15 mm. History of previous disease. Patient has BMI of 0.0958954851406738. Patient lives with a smoker. Patient works with exposure to smokers. Patient has the main cancer located in the right upper lobe. Patient has heart disease. Patient has Hypertension. Male. White. '
WARNING: vision_encoder.blocks.2.1.spatial_block.conv1.fn.dw.weight has NO gradient.

[DEBUG] Multimodal Text Example (Batch): 'Patient is 0.5108695652173914 years old. Patient has a 0.4285714285714285 diploma.  Height of 0.725 cm. Patient weights 0.2945454545454545 kg. Patient has a history of 0.144 pack years Patient smokes 0.3 cigarettes a day. Patient smoked for a total of 0.48 years. Patient has a lesion size of 0.0166666666666666 mm. History of previous disease. Patient has BMI of 0.1097159106008663. Patient lives with a smoker. Patient works with exposure to smokers. Patient has the main cancer located in the right upper lobe. Patient worked in painting environment. Patient worked in welding environment. Patient has chronic bronchitis. Patient has heart disease. Patient has Hypertension. Patient has pneumonia. Patient has work related cancer. Male. White. '
WARNING: vision_encoder.blocks.2.1.spatial_block.conv1.fn.dw.weight has NO gradient.

[DEBUG] Multimodal Text Example (Batch): 'Patient is 0.5108695652173914 years old. Patient has a 0.4285714285714285 diploma.  Height of 0.675 cm. Patient weights 0.2181818181818181 kg. Patient has a history of 0.052 pack years Patient smokes 0.1 cigarettes a day. Patient smoked for a total of 0.52 years. Patient has a lesion size of 0.06 mm. History of previous disease. Patient has BMI of 0.0892508679607172. Patient smokes ciggaretes. Patient lives with a smoker. Patient has the main cancer located in the right lower lobe. Male. African-American. '
WARNING: vision_encoder.blocks.2.1.spatial_block.conv1.fn.dw.weight has NO gradient.

[DEBUG] Multimodal Text Example (Batch): 'Patient is 0.4130434782608695 years old. Patient has a 0.8571428571428571 diploma.  Height of 0.6 cm. Patient weights 0.1818181818181818 kg. Patient has a history of 0.054 pack years Patient smokes 0.15 cigarettes a day. Patient smoked for a total of 0.36 years. Patient has a lesion size of 0.1133333333333333 mm. History of previous disease. Patient has BMI of 0.0848019088228533. Patient smokes ciggaretes. Patient lives with a smoker. Patient works with exposure to smokers. Patient has the main cancer located in the right upper lobe. Patient worked in chemical environment. Patient worked in cotton environment. Patient worked in farm environment. Patient has pneumonia. Family history of cancer. Patient has work related cancer. Male. African-American. brother have lung cancer. '
WARNING: vision_encoder.blocks.2.1.spatial_block.conv1.fn.dw.weight has NO gradient.

[DEBUG] Multimodal Text Example (Batch): 'Patient is 0.5 years old. Patient has a 0.5714285714285714 diploma.  Height of 0.675 cm. Patient weights 0.3181818181818182 kg. Patient has a history of 0.075 pack years Patient smokes 0.15 cigarettes a day. Patient smoked for a total of 0.5 years. Patient has a lesion size of 0.0466666666666666 mm. History of previous disease. Patient has BMI of 0.1259201218179831. Patient smokes pipe. Patient lives with a smoker. Patient has the main cancer located in the left upper lobe. Patient worked in welding environment. Patient has heart disease. Patient has Hypertension. Family history of cancer. Patient has work related cancer. Male. White. sister have lung cancer. '
WARNING: vision_encoder.blocks.2.1.spatial_block.conv1.fn.dw.weight has NO gradient.

[DEBUG] Multimodal Text Example (Batch): 'Patient is 0.4456521739130434 years old. Patient has a 0.4285714285714285 diploma.  Height of 0.675 cm. Patient weights 0.3272727272727272 kg. Patient has a history of 0.072 pack years Patient smokes 0.2 cigarettes a day. Patient smoked for a total of 0.36 years. Patient has a lesion size of 0.09 mm. History of previous disease. Patient has BMI of 0.1292536903504619. Patient lives with a smoker. Patient works with exposure to smokers. Patient has the main cancer located in the left upper lobe. Patient worked in welding environment. Patient has childhood asthma. Patient has work related cancer. Male. White. '
WARNING: vision_encoder.blocks.2.1.spatial_block.conv1.fn.dw.weight has NO gradient.

[DEBUG] Multimodal Text Example (Batch): 'Patient is 0.5 years old. Patient has a 0.5714285714285714 diploma.  Height of 0.7 cm. Patient weights 0.3272727272727272 kg. Patient has a history of 0.082 pack years Patient smokes 0.2 cigarettes a day. Patient smoked for a total of 0.41 years. Patient has a lesion size of 0.0333333333333333 mm. History of previous disease. Patient has BMI of 0.1250812561017036. Patient smokes ciggaretes. Patient lives with a smoker. Patient works with exposure to smokers. Patient has the main cancer located in the left upper lobe. Patient worked in asbestos environment. Patient worked in chemical environment. Patient worked in steel milling environment. Patient worked in welding environment. Patient has emphysema. Patient has heart disease. Patient has Stroke history. Patient has work related cancer. Male. White. '
WARNING: vision_encoder.blocks.2.1.spatial_block.conv1.fn.dw.weight has NO gradient.

[DEBUG] Multimodal Text Example (Batch): 'Patient is 0.4021739130434782 years old. Patient has a 0.4285714285714285 diploma.  Height of 0.6 cm. Patient weights 0.2545454545454545 kg. Patient has a history of 0.043 pack years Patient smokes 0.1 cigarettes a day. Patient smoked for a total of 0.43 years. Patient has a lesion size of 0.05 mm. History of previous disease. Patient has BMI of 0.1138398744138967. Patient smokes cigar. Patient smokes ciggaretes. Patient smokes pipe. Patient lives with a smoker. Patient works with exposure to smokers. Patient has the main cancer located in the right upper lobe. Patient worked in farm environment. Patient worked in painting environment. Patient worked in sandblasting environment. Patient has work related cancer. Male. White. '
WARNING: vision_encoder.blocks.2.1.spatial_block.conv1.fn.dw.weight has NO gradient.

[DEBUG] Multimodal Text Example (Batch): 'Patient is 0.6086956521739131 years old. Patient has a 0.2857142857142857 diploma.  Height of 0.7 cm. Patient weights 0.2981818181818181 kg. Patient has a history of 0.055 pack years Patient smokes 0.1 cigarettes a day. Patient smoked for a total of 0.55 years. Patient has a lesion size of 0.09 mm. History of previous disease. Patient has BMI of 0.1147040930933374. Patient lives with a smoker. Patient works with exposure to smokers. Patient has the main cancer located in the left upper lobe. Patient worked in fire fighting environment. Patient has diabetes. Patient has heart disease. Family history of cancer. Patient has work related cancer. Male. White. father have lung cancer. '
WARNING: vision_encoder.blocks.2.1.spatial_block.conv1.fn.dw.weight has NO gradient.

[DEBUG] Multimodal Text Example (Batch): 'Patient is 0.5434782608695652 years old. Patient has a 0.4285714285714285 diploma.  Height of 0.625 cm. Patient weights 0.2727272727272727 kg. Patient has a history of 0.0825 pack years Patient smokes 0.15 cigarettes a day. Patient smoked for a total of 0.55 years. Patient has a lesion size of 0.0966666666666666 mm. History of previous disease. Patient has BMI of 0.1169807155900708. Patient smokes ciggaretes. Patient lives with a smoker. Patient works with exposure to smokers. Patient has the main cancer located in the right upper lobe. Patient worked in welding environment. Patient has emphysema. Patient has pneumonia. Patient has work related cancer. Male. White. '
WARNING: vision_encoder.blocks.2.1.spatial_block.conv1.fn.dw.weight has NO gradient.
shape xtorch.Size([32, 2])
tensor(0.0955, device='cuda:0')
tensor(0.0034, device='cuda:0')
shape xtorch.Size([32, 2])
tensor(0.0970, device='cuda:0')
tensor(0.0051, device='cuda:0')
shape xtorch.Size([32, 2])
tensor(0.0944, device='cuda:0')
tensor(-0.0086, device='cuda:0')
shape xtorch.Size([11, 2])
tensor(0.0894, device='cuda:0')
tensor(0.0118, device='cuda:0')
shape PREDS: torch.Size([107, 2])
shape time: torch.Size([107])
shape log_hz: torch.Size([107, 107])
shape log_hz_t: torch.Size([107])

==================================================
Stage: VAL
Predicted class distribution: 0s = 0, 1s = 107
Actual label distribution:    0s = 80, 1s = 27
Actual Imbalance Ratio (0:1): 2.96:1
==================================================
⚠️ Model is predicting only class 1 (minority class). It is ignoring the majority class!
DEBUG SHAPES: time=(107,), log_hz=(107,), events=(107,)
Cindex TorchSurv: 0.5412881970405579
Cindex Lifelines: 0.5350949628406276
Saved test predictions and probabilities to validation_results_fold_final.csv

[DEBUG] Multimodal Text Example (Batch): 'Patient is 0.5 years old. Patient has a 0.4285714285714285 diploma.  Height of 0.7 cm. Patient weights 0.2727272727272727 kg. Patient has a history of 0.04 pack years Patient smokes 0.1 cigarettes a day. Patient smoked for a total of 0.4 years. Patient has a lesion size of 0.0266666666666666 mm. History of previous disease. Patient has BMI of 0.1056240754610171. Patient smokes ciggaretes. Patient lives with a smoker. Patient works with exposure to smokers. Patient has the main cancer located in the left upper lobe. Patient worked in painting environment. Patient worked in sandblasting environment. Patient has heart disease. Patient has tuberculosis. Patient has work related cancer. Male. White. '
WARNING: vision_encoder.blocks.2.1.spatial_block.conv1.fn.dw.weight has NO gradient.

[DEBUG] Multimodal Text Example (Batch): 'Patient is 0.4021739130434782 years old. Patient has a 0.4285714285714285 diploma.  Height of 0.6 cm. Patient weights 0.2545454545454545 kg. Patient has a history of 0.043 pack years Patient smokes 0.1 cigarettes a day. Patient smoked for a total of 0.43 years. Patient has a lesion size of 0.05 mm. History of previous disease. Patient has BMI of 0.1138398744138967. Patient smokes cigar. Patient smokes ciggaretes. Patient smokes pipe. Patient lives with a smoker. Patient works with exposure to smokers. Patient has the main cancer located in the right upper lobe. Patient worked in farm environment. Patient worked in painting environment. Patient worked in sandblasting environment. Patient has work related cancer. Male. White. '
WARNING: vision_encoder.blocks.2.1.spatial_block.conv1.fn.dw.weight has NO gradient.

[DEBUG] Multimodal Text Example (Batch): 'Patient is 0.4565217391304347 years old. Patient has a 0.5714285714285714 diploma.  Height of 0.425 cm. Patient weights 0.1763636363636363 kg. Patient has a history of 0.047 pack years Patient smokes 0.1 cigarettes a day. Patient smoked for a total of 0.47 years. Patient has a lesion size of 0.04 mm. History of previous disease. Patient has BMI of 0.108081194101932. Patient lives with a smoker. Patient works with exposure to smokers. Patient has the main cancer located in the left lower lobe. Patient has diabetes. Patient has heart disease. Patient has pneumonia. Patient diagnosed with cervical cancer. History of previous cancer. Female. White. '
WARNING: vision_encoder.blocks.2.1.spatial_block.conv1.fn.dw.weight has NO gradient.

[DEBUG] Multimodal Text Example (Batch): 'Patient is 0.4130434782608695 years old. Patient has a 0.4285714285714285 diploma.  Height of 0.525 cm. Patient weights 0.1563636363636363 kg. Patient has a history of 0.035 pack years Patient smokes 0.1 cigarettes a day. Patient smoked for a total of 0.35 years. Patient has a lesion size of 0.1166666666666666 mm. History of previous disease. Patient has BMI of 0.0838179777573716. Patient smokes ciggaretes. Patient lives with a smoker. Patient works with exposure to smokers. Patient has the main cancer located in the left lower lobe. Patient worked in chemical environment. Family history of cancer. Patient has work related cancer. Female. White. sister have lung cancer. '
WARNING: vision_encoder.blocks.2.1.spatial_block.conv1.fn.dw.weight has NO gradient.

[DEBUG] Multimodal Text Example (Batch): 'Patient is 0.4130434782608695 years old. Patient has a 0.8571428571428571 diploma.  Height of 0.475 cm. Patient weights 0.2181818181818181 kg. Patient has a history of 0.045 pack years Patient smokes 0.1 cigarettes a day. Patient smoked for a total of 0.45 years. Patient has a lesion size of 0.0633333333333333 mm. History of previous disease. Patient has BMI of 0.1193571587696656. Patient lives with a smoker. Patient works with exposure to smokers. Patient has the main cancer located in the right lower lobe. Patient has pneumonia. Female. White. '
WARNING: vision_encoder.blocks.2.1.spatial_block.conv1.fn.dw.weight has NO gradient.

[DEBUG] Multimodal Text Example (Batch): 'Patient is 0.4239130434782608 years old. Patient has a 0.8571428571428571 diploma.  Height of 0.625 cm. Patient weights 0.2818181818181818 kg. Patient has a history of 0.05 pack years Patient smokes 0.2 cigarettes a day. Patient smoked for a total of 0.25 years. Patient has a lesion size of 0.1266666666666666 mm. History of previous disease. Patient has BMI of 0.1205074950334116. Patient smokes pipe. Patient lives with a smoker. Patient works with exposure to smokers. Patient has the main cancer located in the left lower lobe. Patient worked in baking environment. Patient worked in farm environment. Patient worked in welding environment. Patient has work related cancer. Male. White. '
WARNING: vision_encoder.blocks.2.1.spatial_block.conv1.fn.dw.weight has NO gradient.

[DEBUG] Multimodal Text Example (Batch): 'Patient is 0.4021739130434782 years old. Patient has a 0.5714285714285714 diploma.  Height of 0.575 cm. Patient weights 0.1818181818181818 kg. Patient has a history of 0.0925 pack years Patient smokes 0.25 cigarettes a day. Patient smoked for a total of 0.37 years. Patient has a lesion size of 0.0366666666666666 mm. History of previous disease. Patient has BMI of 0.0880281750041678. Patient smokes ciggaretes. Patient lives with a smoker. Patient works with exposure to smokers. Patient has the main cancer located in the left lower lobe. Patient worked in baking environment. Patient has work related cancer. Female. White. '
WARNING: vision_encoder.blocks.2.1.spatial_block.conv1.fn.dw.weight has NO gradient.

[DEBUG] Multimodal Text Example (Batch): 'Patient is 0.5108695652173914 years old. Patient has a 0.4285714285714285 diploma.  Height of 0.725 cm. Patient weights 0.2945454545454545 kg. Patient has a history of 0.144 pack years Patient smokes 0.3 cigarettes a day. Patient smoked for a total of 0.48 years. Patient has a lesion size of 0.0166666666666666 mm. History of previous disease. Patient has BMI of 0.1097159106008663. Patient lives with a smoker. Patient works with exposure to smokers. Patient has the main cancer located in the right upper lobe. Patient worked in painting environment. Patient worked in welding environment. Patient has chronic bronchitis. Patient has heart disease. Patient has Hypertension. Patient has pneumonia. Patient has work related cancer. Male. White. '
WARNING: vision_encoder.blocks.2.1.spatial_block.conv1.fn.dw.weight has NO gradient.

[DEBUG] Multimodal Text Example (Batch): 'Patient is 0.4673913043478261 years old. Patient has a 0.7142857142857143 diploma.  Height of 0.525 cm. Patient weights 0.2381818181818182 kg. Patient has a history of 0.043 pack years Patient smokes 0.1 cigarettes a day. Patient smoked for a total of 0.43 years. Patient has a lesion size of 0.0266666666666666 mm. History of previous disease. Patient has BMI of 0.1195229762540033. Patient smokes ciggaretes. Patient lives with a smoker. Patient has the main cancer located in the right upper lobe. Patient has Stroke history. Family history of cancer. Female. White. father have lung cancer. '
WARNING: vision_encoder.blocks.2.1.spatial_block.conv1.fn.dw.weight has NO gradient.

[DEBUG] Multimodal Text Example (Batch): 'Patient is 0.4021739130434782 years old. Patient has a 0.7142857142857143 diploma.  Height of 0.65 cm. Patient weights 0.2327272727272727 kg. Patient has a history of 0.09 pack years Patient smokes 0.2 cigarettes a day. Patient smoked for a total of 0.45 years. Patient has a lesion size of 0.2 mm. History of previous disease. Patient has BMI of 0.0979510784429038. Patient smokes ciggaretes. Patient lives with a smoker. Patient works with exposure to smokers. Patient has the main cancer located in the left upper lobe. Patient worked in painting environment. Family history of cancer. Patient has work related cancer. Male. White. mother have lung cancer. '
WARNING: vision_encoder.blocks.2.1.spatial_block.conv1.fn.dw.weight has NO gradient.
shape xtorch.Size([32, 2])
tensor(0.9375, device='cuda:0')
tensor(0.0879, device='cuda:0')
shape xtorch.Size([32, 2])
tensor(0.9395, device='cuda:0')
tensor(0.0977, device='cuda:0')
shape xtorch.Size([32, 2])
tensor(0.9712, device='cuda:0')
tensor(0.0833, device='cuda:0')
shape xtorch.Size([11, 2])
tensor(0.8679, device='cuda:0')
tensor(0.1214, device='cuda:0')
shape PREDS: torch.Size([107, 2])
shape time: torch.Size([107])
shape log_hz: torch.Size([107, 107])
shape log_hz_t: torch.Size([107])

==================================================
Stage: VAL
Predicted class distribution: 0s = 107, 1s = 0
Actual label distribution:    0s = 80, 1s = 27
Actual Imbalance Ratio (0:1): 2.96:1
==================================================
⚠️ Model is predicting only class 0 (majority class). It is ignoring the minority class!
DEBUG SHAPES: time=(107,), log_hz=(107,), events=(107,)
Cindex TorchSurv: 0.4814203083515167
Cindex Lifelines: 0.49421965317919075
Saved test predictions and probabilities to validation_results_fold_final.csv

[DEBUG] Multimodal Text Example (Batch): 'Patient is 0.4456521739130434 years old. Patient has a 0.4285714285714285 diploma.  Height of 0.55 cm. Patient weights 0.2127272727272727 kg. Patient has a history of 0.0765 pack years Patient smokes 0.15 cigarettes a day. Patient smoked for a total of 0.51 years. Patient has a lesion size of 0.1036685288640596 mm. History of previous disease. Patient has BMI of 0.104488892656429. Patient smokes ciggaretes. Patient lives with a smoker. Patient works with exposure to smokers. Patient has the main cancer located in the left lower lobe. Patient has the main cancer located in the left upper lobe. Patient worked in chemical environment. Patient worked in farm environment. Patient worked in fire fighting environment. Patient has diabetes. Patient has Hypertension. Family history of cancer. Patient has work related cancer. Male. White. brother and sister have lung cancer. '
WARNING: vision_encoder.blocks.2.1.spatial_block.conv1.fn.dw.weight has NO gradient.

[DEBUG] Multimodal Text Example (Batch): 'Patient is 0.4891304347826087 years old. Patient has a 0.7142857142857143 diploma.  Height of 0.525 cm. Patient weights 0.2 kg. Patient has a history of 0.046 pack years Patient smokes 0.1 cigarettes a day. Patient smoked for a total of 0.46 years. Patient has a lesion size of 0.22 mm. History of previous disease. Patient has BMI of 0.1028606436222419. Patient lives with a smoker. Patient works with exposure to smokers. Patient has the main cancer located in the Carina. Patient has the main cancer located in the right main stem bronchus. Patient has the main cancer located in the right upper lobe. Patient has adult asthma. Patient has chronic bronchitis. Patient has diabetes. Patient has Hypertension. Female. African-American. '
WARNING: vision_encoder.blocks.2.1.spatial_block.conv1.fn.dw.weight has NO gradient.

[DEBUG] Multimodal Text Example (Batch): 'Patient is 0.4891304347826087 years old. Patient has a 0.7142857142857143 diploma.  Height of 0.525 cm. Patient weights 0.2 kg. Patient has a history of 0.046 pack years Patient smokes 0.1 cigarettes a day. Patient smoked for a total of 0.46 years. Patient has a lesion size of 0.22 mm. History of previous disease. Patient has BMI of 0.1028606436222419. Patient lives with a smoker. Patient works with exposure to smokers. Patient has the main cancer located in the Carina. Patient has the main cancer located in the right main stem bronchus. Patient has the main cancer located in the right upper lobe. Patient has adult asthma. Patient has chronic bronchitis. Patient has diabetes. Patient has Hypertension. Female. African-American. '
WARNING: vision_encoder.blocks.2.1.spatial_block.conv1.fn.dw.weight has NO gradient.

[DEBUG] Multimodal Text Example (Batch): 'Patient is 0.4782608695652174 years old. Patient has a 0.4285714285714285 diploma.  Height of 0.475 cm. Patient weights 0.1545454545454545 kg. Patient has a history of 0.10575 pack years Patient smokes 0.225 cigarettes a day. Patient smoked for a total of 0.47 years. Patient has a lesion size of 0.06 mm. History of previous disease. Patient has BMI of 0.0898238250522369. Patient smokes cigar. Patient smokes ciggaretes. Patient smokes pipe. Patient lives with a smoker. Patient works with exposure to smokers. Patient has the main cancer located in the right upper lobe. Patient worked in asbestos environment. Patient worked in farm environment. Patient has bronchiectasis. Patient has COPD. Patient has Hypertension. Patient has work related cancer. Female. White. '
WARNING: vision_encoder.blocks.2.1.spatial_block.conv1.fn.dw.weight has NO gradient.

[DEBUG] Multimodal Text Example (Batch): 'Patient is 0.4130434782608695 years old. Patient has a 0.8571428571428571 diploma.  Height of 0.6 cm. Patient weights 0.1818181818181818 kg. Patient has a history of 0.054 pack years Patient smokes 0.15 cigarettes a day. Patient smoked for a total of 0.36 years. Patient has a lesion size of 0.1133333333333333 mm. History of previous disease. Patient has BMI of 0.0848019088228533. Patient smokes ciggaretes. Patient lives with a smoker. Patient works with exposure to smokers. Patient has the main cancer located in the right upper lobe. Patient worked in chemical environment. Patient worked in cotton environment. Patient worked in farm environment. Patient has pneumonia. Family history of cancer. Patient has work related cancer. Male. African-American. brother have lung cancer. '
WARNING: vision_encoder.blocks.2.1.spatial_block.conv1.fn.dw.weight has NO gradient.

[DEBUG] Multimodal Text Example (Batch): 'Patient is 0.5434782608695652 years old. Patient has a 0.7142857142857143 diploma.  Height of 0.55 cm. Patient weights 0.14 kg. Patient has a history of 0.03975 pack years Patient smokes 0.075 cigarettes a day. Patient smoked for a total of 0.53 years. Patient has a lesion size of 0.1433333333333333 mm. History of previous disease. Patient has BMI of 0.0736914424049347. Patient smokes ciggaretes. Patient lives with a smoker. Patient works with exposure to smokers. Patient has the main cancer located in the Mediastinum. Patient has the main cancer located in the right upper lobe. Female. White. '
WARNING: vision_encoder.blocks.2.1.spatial_block.conv1.fn.dw.weight has NO gradient.

[DEBUG] Multimodal Text Example (Batch): 'Patient is 0.4456521739130434 years old. Patient has a 0.4285714285714285 diploma.  Height of 0.55 cm. Patient weights 0.2127272727272727 kg. Patient has a history of 0.0765 pack years Patient smokes 0.15 cigarettes a day. Patient smoked for a total of 0.51 years. Patient has a lesion size of 0.1036685288640596 mm. History of previous disease. Patient has BMI of 0.104488892656429. Patient smokes ciggaretes. Patient lives with a smoker. Patient works with exposure to smokers. Patient has the main cancer located in the left lower lobe. Patient has the main cancer located in the left upper lobe. Patient worked in chemical environment. Patient worked in farm environment. Patient worked in fire fighting environment. Patient has diabetes. Patient has Hypertension. Family history of cancer. Patient has work related cancer. Male. White. brother and sister have lung cancer. '
WARNING: vision_encoder.blocks.2.1.spatial_block.conv1.fn.dw.weight has NO gradient.

[DEBUG] Multimodal Text Example (Batch): 'Patient is 0.5217391304347826 years old. Patient has a 1.0 diploma.  Height of 0.45 cm. Patient weights 0.2381818181818182 kg. Patient has a history of 0.0561 pack years Patient smokes 0.165 cigarettes a day. Patient smoked for a total of 0.34 years. Patient has a lesion size of 0.1666666666666666 mm. History of previous disease. Patient has BMI of 0.133526100632904. Patient lives with a smoker. Patient works with exposure to smokers. Patient has the main cancer located in the left upper lobe. Patient has pneumonia. Female. White. '
WARNING: vision_encoder.blocks.2.1.spatial_block.conv1.fn.dw.weight has NO gradient.

[DEBUG] Multimodal Text Example (Batch): 'Patient is 0.5217391304347826 years old. Patient has a 0.7142857142857143 diploma.  Height of 0.375 cm. Patient weights 0.2272727272727272 kg. Patient has a history of 0.048 pack years Patient smokes 0.1 cigarettes a day. Patient smoked for a total of 0.48 years. Patient has a lesion size of 0.1833333333333333 mm. History of previous disease. Patient has BMI of 0.1439213918933683. Patient smokes ciggaretes. Patient lives with a smoker. Patient works with exposure to smokers. Patient has the main cancer located in the right lower lobe. Patient has chronic bronchitis. Patient has pneumonia. Patient diagnosed with breast cancer. History of previous cancer. Family history of cancer. Female. African-American. father and mother have lung cancer. '
WARNING: vision_encoder.blocks.2.1.spatial_block.conv1.fn.dw.weight has NO gradient.

[DEBUG] Multimodal Text Example (Batch): 'Patient is 0.5108695652173914 years old. Patient has a 0.8571428571428571 diploma.  Height of 0.75 cm. Patient weights 0.4181818181818181 kg. Patient has a history of 0.04 pack years Patient smokes 0.1 cigarettes a day. Patient smoked for a total of 0.4 years. Patient has a lesion size of 0.0666666666666666 mm. History of previous disease. Patient has BMI of 0.1479536763902545. Patient smokes ciggaretes. Patient smokes pipe. Patient lives with a smoker. Patient works with exposure to smokers. Patient has the main cancer located in the right middle lobe. Male. White. '
WARNING: vision_encoder.blocks.2.1.spatial_block.conv1.fn.dw.weight has NO gradient.
shape xtorch.Size([32, 2])
tensor(0.2593, device='cuda:0')
tensor(-0.4556, device='cuda:0')
shape xtorch.Size([32, 2])
tensor(0.4038, device='cuda:0')
tensor(-0.5046, device='cuda:0')
shape xtorch.Size([32, 2])
tensor(0.1841, device='cuda:0')
tensor(-0.4338, device='cuda:0')
shape xtorch.Size([11, 2])
tensor(0.3348, device='cuda:0')
tensor(-0.4633, device='cuda:0')
shape PREDS: torch.Size([107, 2])
shape time: torch.Size([107])
shape log_hz: torch.Size([107, 107])
shape log_hz_t: torch.Size([107])

==================================================
Stage: VAL
Predicted class distribution: 0s = 5, 1s = 102
Actual label distribution:    0s = 80, 1s = 27
Actual Imbalance Ratio (0:1): 2.96:1
==================================================
✅ Model is predicting both classes.
DEBUG SHAPES: time=(107,), log_hz=(107,), events=(107,)
Cindex TorchSurv: 0.5074318647384644
Cindex Lifelines: 0.5301403798513625
Saved test predictions and probabilities to validation_results_fold_final.csv

[DEBUG] Multimodal Text Example (Batch): 'Patient is 0.4021739130434782 years old. Patient has a 0.4285714285714285 diploma.  Height of 0.6 cm. Patient weights 0.2545454545454545 kg. Patient has a history of 0.043 pack years Patient smokes 0.1 cigarettes a day. Patient smoked for a total of 0.43 years. Patient has a lesion size of 0.05 mm. History of previous disease. Patient has BMI of 0.1138398744138967. Patient smokes cigar. Patient smokes ciggaretes. Patient smokes pipe. Patient lives with a smoker. Patient works with exposure to smokers. Patient has the main cancer located in the right upper lobe. Patient worked in farm environment. Patient worked in painting environment. Patient worked in sandblasting environment. Patient has work related cancer. Male. White. '
WARNING: vision_encoder.blocks.2.1.spatial_block.conv1.fn.dw.weight has NO gradient.

[DEBUG] Multimodal Text Example (Batch): 'Patient is 0.4673913043478261 years old. Patient has a 0.5714285714285714 diploma.  Height of 0.525 cm. Patient weights 0.2654545454545454 kg. Patient has a history of 0.1075 pack years Patient smokes 0.25 cigarettes a day. Patient smoked for a total of 0.43 years. Patient has a lesion size of 0.0933333333333333 mm. History of previous disease. Patient has BMI of 0.1314246424195472. Patient lives with a smoker. Patient works with exposure to smokers. Patient has the main cancer located in the left upper lobe. Family history of cancer. Male. White. brother and mother have lung cancer. '
WARNING: vision_encoder.blocks.2.1.spatial_block.conv1.fn.dw.weight has NO gradient.

[DEBUG] Multimodal Text Example (Batch): 'Patient is 0.5434782608695652 years old. Patient has a 0.4285714285714285 diploma.  Height of 0.65 cm. Patient weights 0.2454545454545454 kg. Patient has a history of 0.052 pack years Patient smokes 0.1 cigarettes a day. Patient smoked for a total of 0.52 years. Patient has a lesion size of 0.0433333333333333 mm. History of previous disease. Patient has BMI of 0.1027504648704614. Patient smokes ciggaretes. Patient lives with a smoker. Patient works with exposure to smokers. Patient has the main cancer located in the right upper lobe. Male. White. '
WARNING: vision_encoder.blocks.2.1.spatial_block.conv1.fn.dw.weight has NO gradient.

[DEBUG] Multimodal Text Example (Batch): 'Patient is 0.5217391304347826 years old. Patient has a 0.4285714285714285 diploma.  Height of 0.675 cm. Patient weights 0.2272727272727272 kg. Patient has a history of 0.0765 pack years Patient smokes 0.15 cigarettes a day. Patient smoked for a total of 0.51 years. Patient has a lesion size of 0.0766666666666666 mm. History of previous disease. Patient has BMI of 0.0925844364931958. Patient smokes cigar. Patient smokes ciggaretes. Patient lives with a smoker. Patient works with exposure to smokers. Patient has the main cancer located in the right upper lobe. Patient has emphysema. Family history of cancer. Male. White. mother have lung cancer. '
WARNING: vision_encoder.blocks.2.1.spatial_block.conv1.fn.dw.weight has NO gradient.

[DEBUG] Multimodal Text Example (Batch): 'Patient is 0.5434782608695652 years old. Patient has a 0.7142857142857143 diploma.  Height of 0.55 cm. Patient weights 0.2145454545454545 kg. Patient has a history of 0.084 pack years Patient smokes 0.28 cigarettes a day. Patient smoked for a total of 0.3 years. Patient has a lesion size of 0.0933333333333333 mm. History of previous disease. Patient has BMI of 0.1052588289127164. Patient smokes ciggaretes. Patient lives with a smoker. Patient works with exposure to smokers. Patient has the main cancer located in the right upper lobe. Patient worked in farm environment. Patient has adult asthma. Patient has COPD. Patient has pneumonia. Patient has work related cancer. Female. White. '
WARNING: vision_encoder.blocks.2.1.spatial_block.conv1.fn.dw.weight has NO gradient.

[DEBUG] Multimodal Text Example (Batch): 'Patient is 0.5217391304347826 years old. Patient has a 1.0 diploma.  Height of 0.45 cm. Patient weights 0.2381818181818182 kg. Patient has a history of 0.0561 pack years Patient smokes 0.165 cigarettes a day. Patient smoked for a total of 0.34 years. Patient has a lesion size of 0.1666666666666666 mm. History of previous disease. Patient has BMI of 0.133526100632904. Patient lives with a smoker. Patient works with exposure to smokers. Patient has the main cancer located in the left upper lobe. Patient has pneumonia. Female. White. '
WARNING: vision_encoder.blocks.2.1.spatial_block.conv1.fn.dw.weight has NO gradient.

[DEBUG] Multimodal Text Example (Batch): 'Patient is 0.5760869565217391 years old. Patient has a 0.7142857142857143 diploma.  Height of 0.375 cm. Patient weights 0.0818181818181818 kg. Patient has a history of 0.058 pack years Patient smokes 0.1 cigarettes a day. Patient smoked for a total of 0.58 years. Patient has a lesion size of 0.0533333333333333 mm. History of previous disease. Patient has BMI of 0.0671159729050584. Patient smokes ciggaretes. Patient lives with a smoker. Patient works with exposure to smokers. Patient has the main cancer located in the right upper lobe. Patient has emphysema. Patient has heart disease. Patient has Hypertension. Patient has Stroke history. Family history of cancer. Female. American Indian. brother and father and mother and sister have lung cancer. '
WARNING: vision_encoder.blocks.2.1.spatial_block.conv1.fn.dw.weight has NO gradient.

[DEBUG] Multimodal Text Example (Batch): 'Patient is 0.5434782608695652 years old. Patient has a 0.7142857142857143 diploma.  Height of 0.55 cm. Patient weights 0.14 kg. Patient has a history of 0.03975 pack years Patient smokes 0.075 cigarettes a day. Patient smoked for a total of 0.53 years. Patient has a lesion size of 0.1433333333333333 mm. History of previous disease. Patient has BMI of 0.0736914424049347. Patient smokes ciggaretes. Patient lives with a smoker. Patient works with exposure to smokers. Patient has the main cancer located in the Mediastinum. Patient has the main cancer located in the right upper lobe. Female. White. '
WARNING: vision_encoder.blocks.2.1.spatial_block.conv1.fn.dw.weight has NO gradient.

[DEBUG] Multimodal Text Example (Batch): 'Patient is 0.5543478260869565 years old. Patient has a 0.4285714285714285 diploma.  Height of 0.65 cm. Patient weights 0.24 kg. Patient has a history of 0.043 pack years Patient smokes 0.1 cigarettes a day. Patient smoked for a total of 0.43 years. Patient has a lesion size of 0.0566666666666666 mm. History of previous disease. Patient has BMI of 0.1006935849729367. Patient smokes pipe. Patient lives with a smoker. Patient has the main cancer located in the right upper lobe. Patient worked in butchering environment. Patient worked in steel milling environment. Patient has diabetes. Patient has work related cancer. Male. White. '
WARNING: vision_encoder.blocks.2.1.spatial_block.conv1.fn.dw.weight has NO gradient.

[DEBUG] Multimodal Text Example (Batch): 'Patient is 0.5978260869565217 years old. Patient has a 0.4285714285714285 diploma.  Height of 0.75 cm. Patient weights 0.2727272727272727 kg. Patient has a history of 0.084 pack years Patient smokes 0.15 cigarettes a day. Patient smoked for a total of 0.56 years. Patient has a lesion size of 0.04 mm. History of previous disease. Patient has BMI of 0.0987982082377362. Patient smokes ciggaretes. Patient lives with a smoker. Patient works with exposure to smokers. Patient has the main cancer located in the left lower lobe. Male. White. '
WARNING: vision_encoder.blocks.2.1.spatial_block.conv1.fn.dw.weight has NO gradient.
shape xtorch.Size([32, 2])
tensor(2.0417, device='cuda:0')
tensor(0.0076, device='cuda:0')
shape xtorch.Size([32, 2])
tensor(2.3050, device='cuda:0')
tensor(-0.1031, device='cuda:0')
shape xtorch.Size([32, 2])
tensor(1.1709, device='cuda:0')
tensor(0.0514, device='cuda:0')
shape xtorch.Size([11, 2])
tensor(2.2886, device='cuda:0')
tensor(-0.0316, device='cuda:0')
shape PREDS: torch.Size([107, 2])
shape time: torch.Size([107])
shape log_hz: torch.Size([107, 107])
shape log_hz_t: torch.Size([107])

==================================================
Stage: VAL
Predicted class distribution: 0s = 100, 1s = 7
Actual label distribution:    0s = 80, 1s = 27
Actual Imbalance Ratio (0:1): 2.96:1
==================================================
✅ Model is predicting both classes.
DEBUG SHAPES: time=(107,), log_hz=(107,), events=(107,)
Cindex TorchSurv: 0.5218827128410339
Cindex Lifelines: 0.5227085053674649
Saved test predictions and probabilities to validation_results_fold_final.csv

[DEBUG] Multimodal Text Example (Batch): 'Patient is 0.4782608695652174 years old. Patient has a 0.2857142857142857 diploma.  Height of 0.575 cm. Patient weights 0.1745454545454545 kg. Patient has a history of 0.042 pack years Patient smokes 0.1 cigarettes a day. Patient smoked for a total of 0.42 years. Patient has a lesion size of 0.0333333333333333 mm. History of previous disease. Patient has BMI of 0.0850383446802284. Patient smokes ciggaretes. Patient lives with a smoker. Patient works with exposure to smokers. Patient has the main cancer located in the right upper lobe. Female. White. '
WARNING: vision_encoder.blocks.2.1.spatial_block.conv1.fn.dw.weight has NO gradient.

[DEBUG] Multimodal Text Example (Batch): 'Patient is 0.5434782608695652 years old. Patient has a 0.4285714285714285 diploma.  Height of 0.65 cm. Patient weights 0.2454545454545454 kg. Patient has a history of 0.052 pack years Patient smokes 0.1 cigarettes a day. Patient smoked for a total of 0.52 years. Patient has a lesion size of 0.0433333333333333 mm. History of previous disease. Patient has BMI of 0.1027504648704614. Patient smokes ciggaretes. Patient lives with a smoker. Patient works with exposure to smokers. Patient has the main cancer located in the right upper lobe. Male. White. '
WARNING: vision_encoder.blocks.2.1.spatial_block.conv1.fn.dw.weight has NO gradient.

[DEBUG] Multimodal Text Example (Batch): 'Patient is 0.532608695652174 years old. Patient has a 0.5714285714285714 diploma.  Height of 0.525 cm. Patient weights 0.1472727272727272 kg. Patient has a history of 0.0405 pack years Patient smokes 0.09 cigarettes a day. Patient smoked for a total of 0.45 years. Patient has a lesion size of 0.0833333333333333 mm. History of previous disease. Patient has BMI of 0.0798507557021903. Patient smokes ciggaretes. Patient lives with a smoker. Patient has the main cancer located in the left lower lobe. Female. White. '
WARNING: vision_encoder.blocks.2.1.spatial_block.conv1.fn.dw.weight has NO gradient.

[DEBUG] Multimodal Text Example (Batch): 'Patient is 0.5543478260869565 years old. Patient has a 0.7142857142857143 diploma.  Height of 0.575 cm. Patient weights 0.2472727272727272 kg. Patient has a history of 0.0525 pack years Patient smokes 0.15 cigarettes a day. Patient smoked for a total of 0.35 years. Patient has a lesion size of 0.0333333333333333 mm. History of previous disease. Patient has BMI of 0.1149366479196224. Patient smokes pipe. Patient lives with a smoker. Patient works with exposure to smokers. Patient has the main cancer located in the left upper lobe. Patient worked in farm environment. Patient has heart disease. Patient has pneumonia. Patient has work related cancer. Male. White. '
WARNING: vision_encoder.blocks.2.1.spatial_block.conv1.fn.dw.weight has NO gradient.

[DEBUG] Multimodal Text Example (Batch): 'Patient is 0.4456521739130434 years old. Patient has a 0.7142857142857143 diploma.  Height of 0.675 cm. Patient weights 0.3181818181818182 kg. Patient has a history of 0.039 pack years Patient smokes 0.1 cigarettes a day. Patient smoked for a total of 0.39 years. Patient has a lesion size of 0.1133333333333333 mm. History of previous disease. Patient has BMI of 0.1259201218179831. Patient smokes ciggaretes. Patient smokes pipe. Patient lives with a smoker. Patient works with exposure to smokers. Patient has the main cancer located in the right upper lobe. Patient has emphysema. Male. White. '
WARNING: vision_encoder.blocks.2.1.spatial_block.conv1.fn.dw.weight has NO gradient.

[DEBUG] Multimodal Text Example (Batch): 'Patient is 0.5217391304347826 years old. Patient has a 0.7142857142857143 diploma.  Height of 0.575 cm. Patient weights 0.3636363636363636 kg. Patient has a history of 0.078 pack years Patient smokes 0.15 cigarettes a day. Patient smoked for a total of 0.52 years. Patient has a lesion size of 0.0666666666666666 mm. History of previous disease. Patient has BMI of 0.1627739331026528. Patient smokes ciggaretes. Patient lives with a smoker. Patient works with exposure to smokers. Patient has the main cancer located in the left lower lobe. Patient has Hypertension. Patient has pneumonia. Family history of cancer. Female. White. father have lung cancer. '
WARNING: vision_encoder.blocks.2.1.spatial_block.conv1.fn.dw.weight has NO gradient.

[DEBUG] Multimodal Text Example (Batch): 'Patient is 0.4130434782608695 years old. Patient has a 0.8571428571428571 diploma.  Height of 0.475 cm. Patient weights 0.2181818181818181 kg. Patient has a history of 0.045 pack years Patient smokes 0.1 cigarettes a day. Patient smoked for a total of 0.45 years. Patient has a lesion size of 0.0633333333333333 mm. History of previous disease. Patient has BMI of 0.1193571587696656. Patient lives with a smoker. Patient works with exposure to smokers. Patient has the main cancer located in the right lower lobe. Patient has pneumonia. Female. White. '
WARNING: vision_encoder.blocks.2.1.spatial_block.conv1.fn.dw.weight has NO gradient.

[DEBUG] Multimodal Text Example (Batch): 'Patient is 0.5108695652173914 years old. Patient has a 0.8571428571428571 diploma.  Height of 0.75 cm. Patient weights 0.4181818181818181 kg. Patient has a history of 0.04 pack years Patient smokes 0.1 cigarettes a day. Patient smoked for a total of 0.4 years. Patient has a lesion size of 0.0666666666666666 mm. History of previous disease. Patient has BMI of 0.1479536763902545. Patient smokes ciggaretes. Patient smokes pipe. Patient lives with a smoker. Patient works with exposure to smokers. Patient has the main cancer located in the right middle lobe. Male. White. '
WARNING: vision_encoder.blocks.2.1.spatial_block.conv1.fn.dw.weight has NO gradient.

[DEBUG] Multimodal Text Example (Batch): 'Patient is 0.5869565217391305 years old. Patient has a 0.4285714285714285 diploma.  Height of 0.65 cm. Patient weights 0.2909090909090909 kg. Patient has a history of 0.032 pack years Patient smokes 0.1 cigarettes a day. Patient smoked for a total of 0.32 years. Patient has a lesion size of 0.0633333333333333 mm. History of previous disease. Patient has BMI of 0.1198911306831669. Patient works with exposure to smokers. Patient has the main cancer located in the right upper lobe. Patient worked in asbestos environment. Patient worked in fire fighting environment. Patient worked in steel milling environment. Patient has asbestosis. Patient has bronchiectasis. Patient has diabetes. Patient has Hypertension. Family history of cancer. Patient has work related cancer. Male. White. father have lung cancer. '
WARNING: vision_encoder.blocks.2.1.spatial_block.conv1.fn.dw.weight has NO gradient.

[DEBUG] Multimodal Text Example (Batch): 'Patient is 0.4130434782608695 years old. Patient has a 0.4285714285714285 diploma.  Height of 0.525 cm. Patient weights 0.1563636363636363 kg. Patient has a history of 0.035 pack years Patient smokes 0.1 cigarettes a day. Patient smoked for a total of 0.35 years. Patient has a lesion size of 0.1166666666666666 mm. History of previous disease. Patient has BMI of 0.0838179777573716. Patient smokes ciggaretes. Patient lives with a smoker. Patient works with exposure to smokers. Patient has the main cancer located in the left lower lobe. Patient worked in chemical environment. Family history of cancer. Patient has work related cancer. Female. White. sister have lung cancer. '
WARNING: vision_encoder.blocks.2.1.spatial_block.conv1.fn.dw.weight has NO gradient.
shape xtorch.Size([32, 2])
tensor(2.2674, device='cuda:0')
tensor(-0.1219, device='cuda:0')
shape xtorch.Size([32, 2])
tensor(2.5676, device='cuda:0')
tensor(-0.0370, device='cuda:0')
shape xtorch.Size([32, 2])
tensor(1.1447, device='cuda:0')
tensor(-0.2905, device='cuda:0')
shape xtorch.Size([11, 2])
tensor(2.5581, device='cuda:0')
tensor(-0.0353, device='cuda:0')
shape PREDS: torch.Size([107, 2])
shape time: torch.Size([107])
shape log_hz: torch.Size([107, 107])
shape log_hz_t: torch.Size([107])

==================================================
Stage: VAL
Predicted class distribution: 0s = 88, 1s = 19
Actual label distribution:    0s = 80, 1s = 27
Actual Imbalance Ratio (0:1): 2.96:1
==================================================
✅ Model is predicting both classes.
DEBUG SHAPES: time=(107,), log_hz=(107,), events=(107,)
Cindex TorchSurv: 0.5255987048149109
Cindex Lifelines: 0.5272502064409579
Saved test predictions and probabilities to validation_results_fold_final.csv

[DEBUG] Multimodal Text Example (Batch): 'Patient is 0.4021739130434782 years old. Patient has a 0.8571428571428571 diploma.  Height of 0.625 cm. Patient weights 0.1818181818181818 kg. Patient has a history of 0.082 pack years Patient smokes 0.2 cigarettes a day. Patient smoked for a total of 0.41 years. Patient has a lesion size of 0.1633333333333333 mm. History of previous disease. Patient has BMI of 0.0817129211566632. Patient smokes ciggaretes. Patient lives with a smoker. Patient works with exposure to smokers. Patient has the main cancer located in the right upper lobe. Patient worked in farm environment. Patient worked in flour environment. Patient has Hypertension. Patient has pneumonia. Family history of cancer. Patient has work related cancer. Male. White. father have lung cancer. '
WARNING: vision_encoder.blocks.2.1.spatial_block.conv1.fn.dw.weight has NO gradient.

[DEBUG] Multimodal Text Example (Batch): 'Patient is 0.4673913043478261 years old. Patient has a 0.4285714285714285 diploma.  Height of 0.425 cm. Patient weights 0.2218181818181818 kg. Patient has a history of 0.045 pack years Patient smokes 0.15 cigarettes a day. Patient smoked for a total of 0.3 years. Patient has a lesion size of 0.0833333333333333 mm. History of previous disease. Patient has BMI of 0.130559366932798. Patient lives with a smoker. Patient works with exposure to smokers. Patient has the main cancer located in the right upper lobe. Patient has Hypertension. Female. White. '
WARNING: vision_encoder.blocks.2.1.spatial_block.conv1.fn.dw.weight has NO gradient.

[DEBUG] Multimodal Text Example (Batch): 'Patient is 0.5 years old. Patient has a 0.5714285714285714 diploma.  Height of 0.625 cm. Patient weights 0.2818181818181818 kg. Patient has a history of 0.1 pack years Patient smokes 0.2 cigarettes a day. Patient smoked for a total of 0.5 years. Patient has a lesion size of 0.0233333333333333 mm. History of previous disease. Patient has BMI of 0.1205074950334116. Patient smokes cigar. Patient smokes ciggaretes. Patient lives with a smoker. Patient works with exposure to smokers. Patient has the main cancer located in the right upper lobe. Patient worked in chemical environment. Patient has Hypertension. Patient has work related cancer. Male. White. '
WARNING: vision_encoder.blocks.2.1.spatial_block.conv1.fn.dw.weight has NO gradient.

[DEBUG] Multimodal Text Example (Batch): 'Patient is 0.5434782608695652 years old. Patient has a 0.7142857142857143 diploma.  Height of 0.55 cm. Patient weights 0.1381818181818181 kg. Patient has a history of 0.05 pack years Patient smokes 0.1 cigarettes a day. Patient smoked for a total of 0.5 years. Patient has a lesion size of 0.0333333333333333 mm. History of previous disease. Patient has BMI of 0.0729215061486474. Patient lives with a smoker. Patient works with exposure to smokers. Patient has the main cancer located in the left lower lobe. Patient has Hypertension. Patient has pneumonia. Patient diagnosed with breast cancer. History of previous cancer. Female. White. '
WARNING: vision_encoder.blocks.2.1.spatial_block.conv1.fn.dw.weight has NO gradient.

[DEBUG] Multimodal Text Example (Batch): 'Patient is 0.4239130434782608 years old. Patient has a 0.4285714285714285 diploma.  Height of 0.5 cm. Patient weights 0.2727272727272727 kg. Patient has a history of 0.088 pack years Patient smokes 0.2 cigarettes a day. Patient smoked for a total of 0.44 years. Patient has a lesion size of 0.08 mm. History of previous disease. Patient has BMI of 0.1395187143995857. Patient smokes ciggaretes. Patient works with exposure to smokers. Patient has the main cancer located in the left upper lobe. Patient has Hypertension. Female. White. '
WARNING: vision_encoder.blocks.2.1.spatial_block.conv1.fn.dw.weight has NO gradient.

[DEBUG] Multimodal Text Example (Batch): 'Patient is 0.4456521739130434 years old. Patient has a 0.4285714285714285 diploma.  Height of 0.675 cm. Patient weights 0.3272727272727272 kg. Patient has a history of 0.072 pack years Patient smokes 0.2 cigarettes a day. Patient smoked for a total of 0.36 years. Patient has a lesion size of 0.09 mm. History of previous disease. Patient has BMI of 0.1292536903504619. Patient lives with a smoker. Patient works with exposure to smokers. Patient has the main cancer located in the left upper lobe. Patient worked in welding environment. Patient has childhood asthma. Patient has work related cancer. Male. White. '
WARNING: vision_encoder.blocks.2.1.spatial_block.conv1.fn.dw.weight has NO gradient.

[DEBUG] Multimodal Text Example (Batch): 'Patient is 0.5652173913043478 years old. Patient has a 0.4285714285714285 diploma.  Height of 0.6 cm. Patient weights 0.1727272727272727 kg. Patient has a history of 0.112 pack years Patient smokes 0.2 cigarettes a day. Patient smoked for a total of 0.56 years. Patient has a lesion size of 0.1 mm. History of previous disease. Patient has BMI of 0.0811721631239729. Patient smokes ciggaretes. Patient lives with a smoker. Patient works with exposure to smokers. Patient has the main cancer located in the left upper lobe. Patient has diabetes. Patient has emphysema. Patient has Hypertension. Patient has pneumonia. Family history of cancer. Female. Native Hawaiian. brother have lung cancer. '
WARNING: vision_encoder.blocks.2.1.spatial_block.conv1.fn.dw.weight has NO gradient.

[DEBUG] Multimodal Text Example (Batch): 'Patient is 0.4130434782608695 years old. Patient has a 0.7142857142857143 diploma.  Height of 0.55 cm. Patient weights 0.2 kg. Patient has a history of 0.086 pack years Patient smokes 0.2 cigarettes a day. Patient smoked for a total of 0.43 years. Patient has a lesion size of 0.1036685288640596 mm. History of previous disease. Patient has BMI of 0.0990993388624175. Patient smokes cigar. Patient smokes ciggaretes. Patient lives with a smoker. Patient works with exposure to smokers. Patient has the main cancer located in the right upper lobe. Patient has Hypertension. Patient has pneumonia. Female. White. '
WARNING: vision_encoder.blocks.2.1.spatial_block.conv1.fn.dw.weight has NO gradient.

[DEBUG] Multimodal Text Example (Batch): 'Patient is 0.4347826086956521 years old. Patient has a 0.4285714285714285 diploma.  Height of 0.525 cm. Patient weights 0.289090909090909 kg. Patient has a history of 0.034 pack years Patient smokes 0.1 cigarettes a day. Patient smoked for a total of 0.34 years. Patient has a lesion size of 0.03 mm. History of previous disease. Patient has BMI of 0.1417394197630185. Patient lives with a smoker. Patient works with exposure to smokers. Patient has the main cancer located in the right upper lobe. Family history of cancer. Female. White. mother have lung cancer. '
WARNING: vision_encoder.blocks.2.1.spatial_block.conv1.fn.dw.weight has NO gradient.

[DEBUG] Multimodal Text Example (Batch): 'Patient is 0.4130434782608695 years old. Patient has a 0.7142857142857143 diploma.  Height of 0.5 cm. Patient weights 0.1618181818181818 kg. Patient has a history of 0.057 pack years Patient smokes 0.15 cigarettes a day. Patient smoked for a total of 0.38 years. Patient has a lesion size of 0.05 mm. History of previous disease. Patient has BMI of 0.0896179155539264. Patient smokes ciggaretes. Patient lives with a smoker. Patient works with exposure to smokers. Patient has the main cancer located in the right upper lobe. Family history of cancer. Female. White. mother have lung cancer. '
WARNING: vision_encoder.blocks.2.1.spatial_block.conv1.fn.dw.weight has NO gradient.
shape xtorch.Size([32, 2])
tensor(2.8814, device='cuda:0')
tensor(-0.4168, device='cuda:0')
shape xtorch.Size([32, 2])
tensor(3.2838, device='cuda:0')
tensor(-0.2396, device='cuda:0')
shape xtorch.Size([32, 2])
tensor(1.4714, device='cuda:0')
tensor(-0.4887, device='cuda:0')
shape xtorch.Size([11, 2])
tensor(3.1507, device='cuda:0')
tensor(-0.2161, device='cuda:0')
shape PREDS: torch.Size([107, 2])
shape time: torch.Size([107])
shape log_hz: torch.Size([107, 107])
shape log_hz_t: torch.Size([107])

==================================================
Stage: VAL
Predicted class distribution: 0s = 92, 1s = 15
Actual label distribution:    0s = 80, 1s = 27
Actual Imbalance Ratio (0:1): 2.96:1
==================================================
✅ Model is predicting both classes.
DEBUG SHAPES: time=(107,), log_hz=(107,), events=(107,)
Cindex TorchSurv: 0.5255987048149109
Cindex Lifelines: 0.5268373245251858
Saved test predictions and probabilities to validation_results_fold_final.csv

[DEBUG] Multimodal Text Example (Batch): 'Patient is 0.5434782608695652 years old. Patient has a 0.7142857142857143 diploma.  Height of 0.65 cm. Patient weights 0.2454545454545454 kg. Patient has a history of 0.072 pack years Patient smokes 0.15 cigarettes a day. Patient smoked for a total of 0.48 years. Patient has a lesion size of 0.0666666666666666 mm. History of previous disease. Patient has BMI of 0.1027504648704614. Patient smokes ciggaretes. Patient smokes pipe. Patient lives with a smoker. Patient works with exposure to smokers. Patient has the main cancer located in the right upper lobe. Patient has heart disease. Male. White. '
WARNING: vision_encoder.blocks.2.1.spatial_block.conv1.fn.dw.weight has NO gradient.

[DEBUG] Multimodal Text Example (Batch): 'Patient is 0.4891304347826087 years old. Patient has a 0.8571428571428571 diploma.  Height of 0.675 cm. Patient weights 0.2945454545454545 kg. Patient has a history of 0.03 pack years Patient smokes 0.2 cigarettes a day. Patient smoked for a total of 0.15 years. Patient has a lesion size of 0.0266666666666666 mm. History of previous disease. Patient has BMI of 0.1172528436335385. Patient lives with a smoker. Patient works with exposure to smokers. Patient has the main cancer located in the right upper lobe. Patient worked in farm environment. Patient has chronic bronchitis. Patient has COPD. Patient has emphysema. Patient has Hypertension. Patient has pneumonia. Patient has work related cancer. Male. White. '
WARNING: vision_encoder.blocks.2.1.spatial_block.conv1.fn.dw.weight has NO gradient.

[DEBUG] Multimodal Text Example (Batch): 'Patient is 0.4673913043478261 years old. Patient has a 0.5714285714285714 diploma.  Height of 0.7 cm. Patient weights 0.3090909090909091 kg. Patient has a history of 0.1075 pack years Patient smokes 0.25 cigarettes a day. Patient smoked for a total of 0.43 years. Patient has a lesion size of 0.15 mm. History of previous disease. Patient has BMI of 0.1185955292214747. Patient smokes cigar. Patient smokes pipe. Patient works with exposure to smokers. Patient has the main cancer located in the right lower lobe. Patient worked in chemical environment. Patient worked in farm environment. Patient worked in painting environment. Family history of cancer. Patient has work related cancer. Male. White. mother have lung cancer. '
WARNING: vision_encoder.blocks.2.1.spatial_block.conv1.fn.dw.weight has NO gradient.

[DEBUG] Multimodal Text Example (Batch): 'Patient is 0.5 years old. Patient has a 1.0 diploma.  Height of 0.675 cm. Patient weights 0.3072727272727272 kg. Patient has a history of 0.0495 pack years Patient smokes 0.15 cigarettes a day. Patient smoked for a total of 0.33 years. Patient has a lesion size of 0.05 mm. History of previous disease. Patient has BMI of 0.1219198395790086. Patient smokes cigar. Patient smokes pipe. Patient works with exposure to smokers. Patient has the main cancer located in the right upper lobe. Patient has heart disease. Male. White. '
WARNING: vision_encoder.blocks.2.1.spatial_block.conv1.fn.dw.weight has NO gradient.

[DEBUG] Multimodal Text Example (Batch): 'Patient is 0.4130434782608695 years old. Patient has a 0.7142857142857143 diploma.  Height of 0.5 cm. Patient weights 0.2 kg. Patient has a history of 0.043 pack years Patient smokes 0.1 cigarettes a day. Patient smoked for a total of 0.43 years. Patient has a lesion size of 0.04 mm. History of previous disease. Patient has BMI of 0.1067968790909566. Patient smokes ciggaretes. Patient lives with a smoker. Patient works with exposure to smokers. Patient has the main cancer located in the right lower lobe. Female. White. '
WARNING: vision_encoder.blocks.2.1.spatial_block.conv1.fn.dw.weight has NO gradient.

[DEBUG] Multimodal Text Example (Batch): 'Patient is 0.5217391304347826 years old. Patient has a 1.0 diploma.  Height of 0.45 cm. Patient weights 0.2381818181818182 kg. Patient has a history of 0.0561 pack years Patient smokes 0.165 cigarettes a day. Patient smoked for a total of 0.34 years. Patient has a lesion size of 0.1666666666666666 mm. History of previous disease. Patient has BMI of 0.133526100632904. Patient lives with a smoker. Patient works with exposure to smokers. Patient has the main cancer located in the left upper lobe. Patient has pneumonia. Female. White. '
WARNING: vision_encoder.blocks.2.1.spatial_block.conv1.fn.dw.weight has NO gradient.

[DEBUG] Multimodal Text Example (Batch): 'Patient is 0.4239130434782608 years old. Patient has a 0.5714285714285714 diploma.  Height of 0.55 cm. Patient weights 0.1909090909090909 kg. Patient has a history of 0.0615 pack years Patient smokes 0.15 cigarettes a day. Patient smoked for a total of 0.41 years. Patient has a lesion size of 0.1166666666666666 mm. History of previous disease. Patient has BMI of 0.0952496575809807. Patient smokes cigar. Patient smokes ciggaretes. Patient smokes pipe. Patient lives with a smoker. Patient works with exposure to smokers. Patient has the main cancer located in the left lower lobe. Patient has emphysema. Patient has Hypertension. Male. White. '
WARNING: vision_encoder.blocks.2.1.spatial_block.conv1.fn.dw.weight has NO gradient.

[DEBUG] Multimodal Text Example (Batch): 'Patient is 0.4130434782608695 years old. Patient has a 0.0 diploma.  Height of 0.5 cm. Patient weights 0.3509090909090909 kg. Patient has a history of 0.06125 pack years Patient smokes 0.175 cigarettes a day. Patient smoked for a total of 0.35 years. Patient has a lesion size of 0.06 mm. History of previous disease. Patient has BMI of 0.1746946873563619. Patient lives with a smoker. Patient works with exposure to smokers. Patient has the main cancer located in the left lower lobe. Female. White. '
WARNING: vision_encoder.blocks.2.1.spatial_block.conv1.fn.dw.weight has NO gradient.

[DEBUG] Multimodal Text Example (Batch): 'Patient is 0.5869565217391305 years old. Patient has a 0.4285714285714285 diploma.  Height of 0.675 cm. Patient weights 0.2727272727272727 kg. Patient has a history of 0.04875 pack years Patient smokes 0.125 cigarettes a day. Patient smoked for a total of 0.39 years. Patient has a lesion size of 0.0833333333333333 mm. History of previous disease. Patient has BMI of 0.1092522791555895. Patient smokes cigar. Patient smokes pipe. Patient works with exposure to smokers. Patient has the main cancer located in the left upper lobe. Patient worked in coal environment. Patient worked in farm environment. Patient worked in welding environment. Patient has diabetes. Patient has heart disease. Patient has work related cancer. Male. White. '
WARNING: vision_encoder.blocks.2.1.spatial_block.conv1.fn.dw.weight has NO gradient.

[DEBUG] Multimodal Text Example (Batch): 'Patient is 0.4021739130434782 years old. Patient has a 0.7142857142857143 diploma.  Height of 0.525 cm. Patient weights 0.1945454545454545 kg. Patient has a history of 0.08 pack years Patient smokes 0.2 cigarettes a day. Patient smoked for a total of 0.4 years. Patient has a lesion size of 0.0433333333333333 mm. History of previous disease. Patient has BMI of 0.1004803103891331. Patient smokes ciggaretes. Patient lives with a smoker. Patient works with exposure to smokers. Patient has the main cancer located in the right upper lobe. Female. White. '
WARNING: vision_encoder.blocks.2.1.spatial_block.conv1.fn.dw.weight has NO gradient.
shape xtorch.Size([32, 2])
tensor(4.6903, device='cuda:0')
tensor(-0.0314, device='cuda:0')
shape xtorch.Size([32, 2])
tensor(4.9114, device='cuda:0')
tensor(-0.1572, device='cuda:0')
shape xtorch.Size([32, 2])
tensor(3.4515, device='cuda:0')
tensor(-0.1411, device='cuda:0')
shape xtorch.Size([11, 2])
tensor(4.8084, device='cuda:0')
tensor(-0.1529, device='cuda:0')
shape PREDS: torch.Size([107, 2])
shape time: torch.Size([107])
shape log_hz: torch.Size([107, 107])
shape log_hz_t: torch.Size([107])

==================================================
Stage: VAL
Predicted class distribution: 0s = 97, 1s = 10
Actual label distribution:    0s = 80, 1s = 27
Actual Imbalance Ratio (0:1): 2.96:1
==================================================
✅ Model is predicting both classes.
DEBUG SHAPES: time=(107,), log_hz=(107,), events=(107,)
Cindex TorchSurv: 0.5214698314666748
Cindex Lifelines: 0.5194054500412882
Saved test predictions and probabilities to validation_results_fold_final.csv

[DEBUG] Multimodal Text Example (Batch): 'Patient is 0.4673913043478261 years old. Patient has a 0.4285714285714285 diploma.  Height of 0.425 cm. Patient weights 0.2218181818181818 kg. Patient has a history of 0.045 pack years Patient smokes 0.15 cigarettes a day. Patient smoked for a total of 0.3 years. Patient has a lesion size of 0.0833333333333333 mm. History of previous disease. Patient has BMI of 0.130559366932798. Patient lives with a smoker. Patient works with exposure to smokers. Patient has the main cancer located in the right upper lobe. Patient has Hypertension. Female. White. '
WARNING: vision_encoder.blocks.2.1.spatial_block.conv1.fn.dw.weight has NO gradient.

[DEBUG] Multimodal Text Example (Batch): 'Patient is 0.5869565217391305 years old. Patient has a 0.4285714285714285 diploma.  Height of 0.65 cm. Patient weights 0.2909090909090909 kg. Patient has a history of 0.032 pack years Patient smokes 0.1 cigarettes a day. Patient smoked for a total of 0.32 years. Patient has a lesion size of 0.0633333333333333 mm. History of previous disease. Patient has BMI of 0.1198911306831669. Patient works with exposure to smokers. Patient has the main cancer located in the right upper lobe. Patient worked in asbestos environment. Patient worked in fire fighting environment. Patient worked in steel milling environment. Patient has asbestosis. Patient has bronchiectasis. Patient has diabetes. Patient has Hypertension. Family history of cancer. Patient has work related cancer. Male. White. father have lung cancer. '
WARNING: vision_encoder.blocks.2.1.spatial_block.conv1.fn.dw.weight has NO gradient.

[DEBUG] Multimodal Text Example (Batch): 'Patient is 0.4347826086956521 years old. Patient has a 0.8571428571428571 diploma.  Height of 0.5 cm. Patient weights 0.18 kg. Patient has a history of 0.049 pack years Patient smokes 0.1 cigarettes a day. Patient smoked for a total of 0.49 years. Patient has a lesion size of 0.05 mm. History of previous disease. Patient has BMI of 0.0977983743810837. Patient smokes cigar. Patient smokes ciggaretes. Patient smokes pipe. Patient lives with a smoker. Patient works with exposure to smokers. Patient has the main cancer located in the right lower lobe. Patient worked in chemical environment. Patient worked in steel milling environment. Patient worked in welding environment. Patient has heart disease. Patient has Hypertension. Patient has work related cancer. Male. African-American. '
WARNING: vision_encoder.blocks.2.1.spatial_block.conv1.fn.dw.weight has NO gradient.

[DEBUG] Multimodal Text Example (Batch): 'Patient is 0.4130434782608695 years old. Patient has a 0.8571428571428571 diploma.  Height of 0.475 cm. Patient weights 0.2181818181818181 kg. Patient has a history of 0.045 pack years Patient smokes 0.1 cigarettes a day. Patient smoked for a total of 0.45 years. Patient has a lesion size of 0.0633333333333333 mm. History of previous disease. Patient has BMI of 0.1193571587696656. Patient lives with a smoker. Patient works with exposure to smokers. Patient has the main cancer located in the right lower lobe. Patient has pneumonia. Female. White. '
WARNING: vision_encoder.blocks.2.1.spatial_block.conv1.fn.dw.weight has NO gradient.

[DEBUG] Multimodal Text Example (Batch): 'Patient is 0.4021739130434782 years old. Patient has a 0.4285714285714285 diploma.  Height of 0.6 cm. Patient weights 0.2545454545454545 kg. Patient has a history of 0.043 pack years Patient smokes 0.1 cigarettes a day. Patient smoked for a total of 0.43 years. Patient has a lesion size of 0.05 mm. History of previous disease. Patient has BMI of 0.1138398744138967. Patient smokes cigar. Patient smokes ciggaretes. Patient smokes pipe. Patient lives with a smoker. Patient works with exposure to smokers. Patient has the main cancer located in the right upper lobe. Patient worked in farm environment. Patient worked in painting environment. Patient worked in sandblasting environment. Patient has work related cancer. Male. White. '
WARNING: vision_encoder.blocks.2.1.spatial_block.conv1.fn.dw.weight has NO gradient.

[DEBUG] Multimodal Text Example (Batch): 'Patient is 0.5652173913043478 years old. Patient has a 0.1428571428571428 diploma.  Height of 0.375 cm. Patient weights 0.0927272727272727 kg. Patient has a history of 0.055 pack years Patient smokes 0.1 cigarettes a day. Patient smoked for a total of 0.55 years. Patient has a lesion size of 0.0833333333333333 mm. History of previous disease. Patient has BMI of 0.0728763793291817. Patient smokes ciggaretes. Patient lives with a smoker. Patient works with exposure to smokers. Patient has the main cancer located in the right lower lobe. Patient has adult asthma. Patient has chronic bronchitis. Patient has emphysema. Patient has heart disease. Patient has pneumonia. Female. White. '
WARNING: vision_encoder.blocks.2.1.spatial_block.conv1.fn.dw.weight has NO gradient.

[DEBUG] Multimodal Text Example (Batch): 'Patient is 0.4891304347826087 years old. Patient has a 0.4285714285714285 diploma.  Height of 0.425 cm. Patient weights 0.1963636363636363 kg. Patient has a history of 0.0675 pack years Patient smokes 0.15 cigarettes a day. Patient smoked for a total of 0.45 years. Patient has a lesion size of 0.0466666666666666 mm. History of previous disease. Patient has BMI of 0.117971590147513. Patient smokes ciggaretes. Patient lives with a smoker. Patient has the main cancer located in the Lingula. Family history of cancer. Female. White. brother and father have lung cancer. '
WARNING: vision_encoder.blocks.2.1.spatial_block.conv1.fn.dw.weight has NO gradient.

[DEBUG] Multimodal Text Example (Batch): 'Patient is 0.4565217391304347 years old. Patient has a 0.8571428571428571 diploma.  Height of 0.65 cm. Patient weights 0.2327272727272727 kg. Patient has a history of 0.084 pack years Patient smokes 0.2 cigarettes a day. Patient smoked for a total of 0.42 years. Patient has a lesion size of 0.0866666666666666 mm. History of previous disease. Patient has BMI of 0.0979510784429038. Patient smokes cigar. Patient smokes ciggaretes. Patient smokes pipe. Patient lives with a smoker. Patient works with exposure to smokers. Patient has the main cancer located in the left upper lobe. Male. White. '
WARNING: vision_encoder.blocks.2.1.spatial_block.conv1.fn.dw.weight has NO gradient.

[DEBUG] Multimodal Text Example (Batch): 'Patient is 0.4130434782608695 years old. Patient has a 0.7142857142857143 diploma.  Height of 0.55 cm. Patient weights 0.2 kg. Patient has a history of 0.086 pack years Patient smokes 0.2 cigarettes a day. Patient smoked for a total of 0.43 years. Patient has a lesion size of 0.1036685288640596 mm. History of previous disease. Patient has BMI of 0.0990993388624175. Patient smokes cigar. Patient smokes ciggaretes. Patient lives with a smoker. Patient works with exposure to smokers. Patient has the main cancer located in the right upper lobe. Patient has Hypertension. Patient has pneumonia. Female. White. '
WARNING: vision_encoder.blocks.2.1.spatial_block.conv1.fn.dw.weight has NO gradient.

[DEBUG] Multimodal Text Example (Batch): 'Patient is 0.5 years old. Patient has a 0.4285714285714285 diploma.  Height of 0.55 cm. Patient weights 0.1909090909090909 kg. Patient has a history of 0.069 pack years Patient smokes 0.15 cigarettes a day. Patient smoked for a total of 0.46 years. Patient has a lesion size of 0.1333333333333333 mm. History of previous disease. Patient has BMI of 0.0952496575809807. Patient lives with a smoker. Patient works with exposure to smokers. Patient has the main cancer located in the right lower lobe. Patient worked in asbestos environment. Patient worked in chemical environment. Patient worked in farm environment. Patient worked in hard rock mining environment. Patient has adult asthma. Patient has bronchiectasis. Patient has chronic bronchitis. Patient has emphysema. Patient has pneumonia. Patient has tuberculosis. Patient has work related cancer. Male. White. '
WARNING: vision_encoder.blocks.2.1.spatial_block.conv1.fn.dw.weight has NO gradient.
shape xtorch.Size([32, 2])
tensor(4.2824, device='cuda:0')
tensor(0.4768, device='cuda:0')
shape xtorch.Size([32, 2])
tensor(4.4302, device='cuda:0')
tensor(0.2513, device='cuda:0')
shape xtorch.Size([32, 2])
tensor(3.3897, device='cuda:0')
tensor(0.3739, device='cuda:0')
shape xtorch.Size([11, 2])
tensor(4.4344, device='cuda:0')
tensor(0.3472, device='cuda:0')
shape PREDS: torch.Size([107, 2])
shape time: torch.Size([107])
shape log_hz: torch.Size([107, 107])
shape log_hz_t: torch.Size([107])

==================================================
Stage: VAL
Predicted class distribution: 0s = 107, 1s = 0
Actual label distribution:    0s = 80, 1s = 27
Actual Imbalance Ratio (0:1): 2.96:1
==================================================
⚠️ Model is predicting only class 0 (majority class). It is ignoring the minority class!
DEBUG SHAPES: time=(107,), log_hz=(107,), events=(107,)
Cindex TorchSurv: 0.5470685362815857
Cindex Lifelines: 0.546242774566474
Saved test predictions and probabilities to validation_results_fold_final.csv

[DEBUG] Multimodal Text Example (Batch): 'Patient is 0.4130434782608695 years old. Patient has a 0.8571428571428571 diploma.  Height of 0.6 cm. Patient weights 0.1818181818181818 kg. Patient has a history of 0.054 pack years Patient smokes 0.15 cigarettes a day. Patient smoked for a total of 0.36 years. Patient has a lesion size of 0.1133333333333333 mm. History of previous disease. Patient has BMI of 0.0848019088228533. Patient smokes ciggaretes. Patient lives with a smoker. Patient works with exposure to smokers. Patient has the main cancer located in the right upper lobe. Patient worked in chemical environment. Patient worked in cotton environment. Patient worked in farm environment. Patient has pneumonia. Family history of cancer. Patient has work related cancer. Male. African-American. brother have lung cancer. '
WARNING: vision_encoder.blocks.2.1.spatial_block.conv1.fn.dw.weight has NO gradient.

[DEBUG] Multimodal Text Example (Batch): 'Patient is 0.532608695652174 years old. Patient has a 0.7142857142857143 diploma.  Height of 0.475 cm. Patient weights 0.1709090909090909 kg. Patient has a history of 0.0555 pack years Patient smokes 0.15 cigarettes a day. Patient smoked for a total of 0.37 years. Patient has a lesion size of 0.0466666666666666 mm. History of previous disease. Patient has BMI of 0.09741811086529. Patient lives with a smoker. Patient works with exposure to smokers. Patient has the main cancer located in the right upper lobe. Patient has COPD. Patient has Hypertension. Female. White. '
WARNING: vision_encoder.blocks.2.1.spatial_block.conv1.fn.dw.weight has NO gradient.

[DEBUG] Multimodal Text Example (Batch): 'Patient is 0.5 years old. Patient has a 0.2857142857142857 diploma.  Height of 0.475 cm. Patient weights 0.3018181818181818 kg. Patient has a history of 0.04 pack years Patient smokes 0.1 cigarettes a day. Patient smoked for a total of 0.4 years. Patient has a lesion size of 0.0666666666666666 mm. History of previous disease. Patient has BMI of 0.1581723973697148. Patient smokes ciggaretes. Patient lives with a smoker. Patient has the main cancer located in the right upper lobe. Patient worked in sandblasting environment. Patient worked in welding environment. Patient has Hypertension. Patient has pneumonia. Patient has work related cancer. Female. African-American. '
WARNING: vision_encoder.blocks.2.1.spatial_block.conv1.fn.dw.weight has NO gradient.

[DEBUG] Multimodal Text Example (Batch): 'Patient is 0.4021739130434782 years old. Patient has a 0.4285714285714285 diploma.  Height of 0.475 cm. Patient weights 0.2545454545454545 kg. Patient has a history of 0.04375 pack years Patient smokes 0.125 cigarettes a day. Patient smoked for a total of 0.35 years. Patient has a lesion size of 0.0333333333333333 mm. History of previous disease. Patient has BMI of 0.1362333494653392. Patient works with exposure to smokers. Patient has the main cancer located in the left lower lobe. Female. White. '
WARNING: vision_encoder.blocks.2.1.spatial_block.conv1.fn.dw.weight has NO gradient.

[DEBUG] Multimodal Text Example (Batch): 'Patient is 0.5978260869565217 years old. Patient has a 0.7142857142857143 diploma.  Height of 0.525 cm. Patient weights 0.2272727272727272 kg. Patient has a history of 0.112 pack years Patient smokes 0.2 cigarettes a day. Patient smoked for a total of 0.56 years. Patient has a lesion size of 0.0566666666666666 mm. History of previous disease. Patient has BMI of 0.1147623097877857. Patient lives with a smoker. Patient works with exposure to smokers. Patient has the main cancer located in the right lower lobe. Patient has adult asthma. Family history of cancer. Female. White. sister have lung cancer. '
WARNING: vision_encoder.blocks.2.1.spatial_block.conv1.fn.dw.weight has NO gradient.

[DEBUG] Multimodal Text Example (Batch): 'Patient is 0.5108695652173914 years old. Patient has a 0.7142857142857143 diploma.  Height of 0.625 cm. Patient weights 0.2327272727272727 kg. Patient has a history of 0.078 pack years Patient smokes 0.15 cigarettes a day. Patient smoked for a total of 0.52 years. Patient has a lesion size of 0.0766666666666666 mm. History of previous disease. Patient has BMI of 0.1014628860393714. Patient smokes ciggaretes. Patient lives with a smoker. Patient has the main cancer located in the right middle lobe. Patient has chronic bronchitis. Patient has Hypertension. Male. African-American. '
WARNING: vision_encoder.blocks.2.1.spatial_block.conv1.fn.dw.weight has NO gradient.

[DEBUG] Multimodal Text Example (Batch): 'Patient is 0.4456521739130434 years old. Patient has a 0.7142857142857143 diploma.  Height of 0.675 cm. Patient weights 0.3181818181818182 kg. Patient has a history of 0.039 pack years Patient smokes 0.1 cigarettes a day. Patient smoked for a total of 0.39 years. Patient has a lesion size of 0.1133333333333333 mm. History of previous disease. Patient has BMI of 0.1259201218179831. Patient smokes ciggaretes. Patient smokes pipe. Patient lives with a smoker. Patient works with exposure to smokers. Patient has the main cancer located in the right upper lobe. Patient has emphysema. Male. White. '
WARNING: vision_encoder.blocks.2.1.spatial_block.conv1.fn.dw.weight has NO gradient.

[DEBUG] Multimodal Text Example (Batch): 'Patient is 0.5108695652173914 years old. Patient has a 0.7142857142857143 diploma.  Height of 0.425 cm. Patient weights 0.2454545454545454 kg. Patient has a history of 0.03375 pack years Patient smokes 0.075 cigarettes a day. Patient smoked for a total of 0.45 years. Patient has a lesion size of 0.0333333333333333 mm. History of previous disease. Patient has BMI of 0.1422480168048482. Patient smokes ciggaretes. Patient lives with a smoker. Patient works with exposure to smokers. Patient has the main cancer located in the right lower lobe. Patient has pneumonia. Patient has tuberculosis. Family history of cancer. Female. African-American. sister have lung cancer. '
WARNING: vision_encoder.blocks.2.1.spatial_block.conv1.fn.dw.weight has NO gradient.

[DEBUG] Multimodal Text Example (Batch): 'Patient is 0.5652173913043478 years old. Patient has a 0.5714285714285714 diploma.  Height of 0.575 cm. Patient weights 0.18 kg. Patient has a history of 0.11 pack years Patient smokes 0.2 cigarettes a day. Patient smoked for a total of 0.55 years. Patient has a lesion size of 0.0933333333333333 mm. History of previous disease. Patient has BMI of 0.087280717423183. Patient smokes ciggaretes. Patient lives with a smoker. Patient works with exposure to smokers. Patient has the main cancer located in the right lower lobe. Family history of cancer. Female. White. father have lung cancer. '
WARNING: vision_encoder.blocks.2.1.spatial_block.conv1.fn.dw.weight has NO gradient.

[DEBUG] Multimodal Text Example (Batch): 'Patient is 0.5652173913043478 years old. Patient has a 0.5714285714285714 diploma.  Height of 0.575 cm. Patient weights 0.1818181818181818 kg. Patient has a history of 0.05015 pack years Patient smokes 0.085 cigarettes a day. Patient smoked for a total of 0.59 years. Patient has a lesion size of 0.1 mm. History of previous disease. Patient has BMI of 0.0880281750041678. Patient smokes cigar. Patient smokes ciggaretes. Patient smokes pipe. Patient works with exposure to smokers. Patient has the main cancer located in the right lower lobe. Patient worked in chemical environment. Patient worked in farm environment. Patient has diabetes. Patient has Hypertension. Family history of cancer. Patient has work related cancer. Male. White. brother have lung cancer. '
WARNING: vision_encoder.blocks.2.1.spatial_block.conv1.fn.dw.weight has NO gradient.
shape xtorch.Size([32, 2])
tensor(3.1743, device='cuda:0')
tensor(-0.3000, device='cuda:0')
shape xtorch.Size([32, 2])
tensor(3.5229, device='cuda:0')
tensor(-0.1601, device='cuda:0')
shape xtorch.Size([32, 2])
tensor(1.3916, device='cuda:0')
tensor(-0.3241, device='cuda:0')
shape xtorch.Size([11, 2])
tensor(3.3691, device='cuda:0')
tensor(-0.0958, device='cuda:0')
shape PREDS: torch.Size([107, 2])
shape time: torch.Size([107])
shape log_hz: torch.Size([107, 107])
shape log_hz_t: torch.Size([107])

==================================================
Stage: VAL
Predicted class distribution: 0s = 87, 1s = 20
Actual label distribution:    0s = 80, 1s = 27
Actual Imbalance Ratio (0:1): 2.96:1
==================================================
✅ Model is predicting both classes.
DEBUG SHAPES: time=(107,), log_hz=(107,), events=(107,)
Cindex TorchSurv: 0.5020644068717957
Cindex Lifelines: 0.5061932287365813
Saved test predictions and probabilities to validation_results_fold_final.csv

[DEBUG] Multimodal Text Example (Batch): 'Patient is 0.5434782608695652 years old. Patient has a 0.4285714285714285 diploma.  Height of 0.525 cm. Patient weights 0.209090909090909 kg. Patient has a history of 0.038 pack years Patient smokes 0.1 cigarettes a day. Patient smoked for a total of 0.38 years. Patient has a lesion size of 0.0566666666666666 mm. History of previous disease. Patient has BMI of 0.1068278656774231. Patient lives with a smoker. Patient works with exposure to smokers. Patient has the main cancer located in the left upper lobe. Patient has adult asthma. Patient has COPD. Patient has emphysema. Family history of cancer. Male. White. sister have lung cancer. '
WARNING: vision_encoder.blocks.2.1.spatial_block.conv1.fn.dw.weight has NO gradient.

[DEBUG] Multimodal Text Example (Batch): 'Patient is 0.5434782608695652 years old. Patient has a 0.4285714285714285 diploma.  Height of 0.525 cm. Patient weights 0.2909090909090909 kg. Patient has a history of 0.0765 pack years Patient smokes 0.15 cigarettes a day. Patient smoked for a total of 0.51 years. Patient has a lesion size of 0.0333333333333333 mm. History of previous disease. Patient has BMI of 0.1425328641740548. Patient smokes ciggaretes. Patient lives with a smoker. Patient works with exposure to smokers. Patient has the main cancer located in the left upper lobe. Patient has adult asthma. Patient has emphysema. Family history of cancer. Female. More than one race. brother and mother have lung cancer. '
WARNING: vision_encoder.blocks.2.1.spatial_block.conv1.fn.dw.weight has NO gradient.

[DEBUG] Multimodal Text Example (Batch): 'Patient is 0.5 years old. Patient has a 0.5714285714285714 diploma.  Height of 0.5 cm. Patient weights 0.2297513368983957 kg. Patient has a history of 0.03 pack years Patient smokes 0.075 cigarettes a day. Patient smoked for a total of 0.4 years. Patient has a lesion size of 0.2833333333333333 mm. History of previous disease. Patient has BMI of 0.1201827563512182. Patient lives with a smoker. Patient works with exposure to smokers. Patient has the main cancer located in the right Hilum. Patient has the main cancer located in the right middle lobe. Patient has the main cancer located in the right upper lobe. Patient has chronic bronchitis. Patient has pneumonia. Female. White. '
WARNING: vision_encoder.blocks.2.1.spatial_block.conv1.fn.dw.weight has NO gradient.

[DEBUG] Multimodal Text Example (Batch): 'Patient is 0.5108695652173914 years old. Patient has a 0.8571428571428571 diploma.  Height of 0.75 cm. Patient weights 0.4181818181818181 kg. Patient has a history of 0.04 pack years Patient smokes 0.1 cigarettes a day. Patient smoked for a total of 0.4 years. Patient has a lesion size of 0.0666666666666666 mm. History of previous disease. Patient has BMI of 0.1479536763902545. Patient smokes ciggaretes. Patient smokes pipe. Patient lives with a smoker. Patient works with exposure to smokers. Patient has the main cancer located in the right middle lobe. Male. White. '
WARNING: vision_encoder.blocks.2.1.spatial_block.conv1.fn.dw.weight has NO gradient.

[DEBUG] Multimodal Text Example (Batch): 'Patient is 0.4239130434782608 years old. Patient has a 0.4285714285714285 diploma.  Height of 0.5 cm. Patient weights 0.2727272727272727 kg. Patient has a history of 0.088 pack years Patient smokes 0.2 cigarettes a day. Patient smoked for a total of 0.44 years. Patient has a lesion size of 0.08 mm. History of previous disease. Patient has BMI of 0.1395187143995857. Patient smokes ciggaretes. Patient works with exposure to smokers. Patient has the main cancer located in the left upper lobe. Patient has Hypertension. Female. White. '
WARNING: vision_encoder.blocks.2.1.spatial_block.conv1.fn.dw.weight has NO gradient.

[DEBUG] Multimodal Text Example (Batch): 'Patient is 0.4239130434782608 years old. Patient has a 0.8571428571428571 diploma.  Height of 0.625 cm. Patient weights 0.2818181818181818 kg. Patient has a history of 0.05 pack years Patient smokes 0.2 cigarettes a day. Patient smoked for a total of 0.25 years. Patient has a lesion size of 0.1266666666666666 mm. History of previous disease. Patient has BMI of 0.1205074950334116. Patient smokes pipe. Patient lives with a smoker. Patient works with exposure to smokers. Patient has the main cancer located in the left lower lobe. Patient worked in baking environment. Patient worked in farm environment. Patient worked in welding environment. Patient has work related cancer. Male. White. '
WARNING: vision_encoder.blocks.2.1.spatial_block.conv1.fn.dw.weight has NO gradient.

[DEBUG] Multimodal Text Example (Batch): 'Patient is 0.5869565217391305 years old. Patient has a 0.5714285714285714 diploma.  Height of 0.65 cm. Patient weights 0.2272727272727272 kg. Patient has a history of 0.056 pack years Patient smokes 0.1 cigarettes a day. Patient smoked for a total of 0.56 years. Patient has a lesion size of 0.2 mm. History of previous disease. Patient has BMI of 0.0958941985453792. Patient smokes ciggaretes. Patient lives with a smoker. Patient works with exposure to smokers. Patient has the main cancer located in the left lower lobe. Patient worked in farm environment. Patient worked in steel milling environment. Patient worked in painting environment. Patient has COPD. Patient has pneumonia. Patient has work related cancer. Male. White. '
WARNING: vision_encoder.blocks.2.1.spatial_block.conv1.fn.dw.weight has NO gradient.

[DEBUG] Multimodal Text Example (Batch): 'Patient is 0.5434782608695652 years old. Patient has a 0.7142857142857143 diploma.  Height of 0.55 cm. Patient weights 0.14 kg. Patient has a history of 0.03975 pack years Patient smokes 0.075 cigarettes a day. Patient smoked for a total of 0.53 years. Patient has a lesion size of 0.1433333333333333 mm. History of previous disease. Patient has BMI of 0.0736914424049347. Patient smokes ciggaretes. Patient lives with a smoker. Patient works with exposure to smokers. Patient has the main cancer located in the Mediastinum. Patient has the main cancer located in the right upper lobe. Female. White. '
WARNING: vision_encoder.blocks.2.1.spatial_block.conv1.fn.dw.weight has NO gradient.

[DEBUG] Multimodal Text Example (Batch): 'Patient is 0.532608695652174 years old. Patient has a 0.5714285714285714 diploma.  Height of 0.425 cm. Patient weights 0.0981818181818181 kg. Patient has a history of 0.0765 pack years Patient smokes 0.15 cigarettes a day. Patient smoked for a total of 0.51 years. Patient has a lesion size of 0.0433333333333333 mm. History of previous disease. Patient has BMI of 0.0694187368328427. Patient smokes ciggaretes. Patient lives with a smoker. Patient works with exposure to smokers. Patient has the main cancer located in the left upper lobe. Patient has chronic bronchitis. Patient has COPD. Patient has Hypertension. Family history of cancer. Female. White. brother and sister have lung cancer. '
WARNING: vision_encoder.blocks.2.1.spatial_block.conv1.fn.dw.weight has NO gradient.

[DEBUG] Multimodal Text Example (Batch): 'Patient is 0.5217391304347826 years old. Patient has a 0.2857142857142857 diploma.  Height of 0.575 cm. Patient weights 0.1454545454545454 kg. Patient has a history of 0.053 pack years Patient smokes 0.1 cigarettes a day. Patient smoked for a total of 0.53 years. Patient has a lesion size of 0.0766666666666666 mm. History of previous disease. Patient has BMI of 0.0730790233844709. Patient smokes ciggaretes. Patient lives with a smoker. Patient works with exposure to smokers. Patient has the main cancer located in the left upper lobe. Patient has tuberculosis. Male. Asian. '
WARNING: vision_encoder.blocks.2.1.spatial_block.conv1.fn.dw.weight has NO gradient.
shape xtorch.Size([32, 2])
tensor(1.8325, device='cuda:0')
tensor(-0.8895, device='cuda:0')
shape xtorch.Size([32, 2])
tensor(2.4676, device='cuda:0')
tensor(-0.9290, device='cuda:0')
shape xtorch.Size([32, 2])
tensor(1.0025, device='cuda:0')
tensor(-1.2991, device='cuda:0')
shape xtorch.Size([11, 2])
tensor(2.4108, device='cuda:0')
tensor(-0.8697, device='cuda:0')
shape PREDS: torch.Size([107, 2])
shape time: torch.Size([107])
shape log_hz: torch.Size([107, 107])
shape log_hz_t: torch.Size([107])

==================================================
Stage: VAL
Predicted class distribution: 0s = 22, 1s = 85
Actual label distribution:    0s = 80, 1s = 27
Actual Imbalance Ratio (0:1): 2.96:1
==================================================
✅ Model is predicting both classes.
DEBUG SHAPES: time=(107,), log_hz=(107,), events=(107,)
Cindex TorchSurv: 0.5408753156661987
Cindex Lifelines: 0.5598678777869529
Saved test predictions and probabilities to validation_results_fold_final.csv

[DEBUG] Multimodal Text Example (Batch): 'Patient is 0.4021739130434782 years old. Patient has a 0.4285714285714285 diploma.  Height of 0.6 cm. Patient weights 0.2545454545454545 kg. Patient has a history of 0.043 pack years Patient smokes 0.1 cigarettes a day. Patient smoked for a total of 0.43 years. Patient has a lesion size of 0.05 mm. History of previous disease. Patient has BMI of 0.1138398744138967. Patient smokes cigar. Patient smokes ciggaretes. Patient smokes pipe. Patient lives with a smoker. Patient works with exposure to smokers. Patient has the main cancer located in the right upper lobe. Patient worked in farm environment. Patient worked in painting environment. Patient worked in sandblasting environment. Patient has work related cancer. Male. White. '
WARNING: vision_encoder.blocks.2.1.spatial_block.conv1.fn.dw.weight has NO gradient.

[DEBUG] Multimodal Text Example (Batch): 'Patient is 0.5 years old. Patient has a 0.5714285714285714 diploma.  Height of 0.7 cm. Patient weights 0.3272727272727272 kg. Patient has a history of 0.082 pack years Patient smokes 0.2 cigarettes a day. Patient smoked for a total of 0.41 years. Patient has a lesion size of 0.0333333333333333 mm. History of previous disease. Patient has BMI of 0.1250812561017036. Patient smokes ciggaretes. Patient lives with a smoker. Patient works with exposure to smokers. Patient has the main cancer located in the left upper lobe. Patient worked in asbestos environment. Patient worked in chemical environment. Patient worked in steel milling environment. Patient worked in welding environment. Patient has emphysema. Patient has heart disease. Patient has Stroke history. Patient has work related cancer. Male. White. '
WARNING: vision_encoder.blocks.2.1.spatial_block.conv1.fn.dw.weight has NO gradient.

[DEBUG] Multimodal Text Example (Batch): 'Patient is 0.4347826086956521 years old. Patient has a 0.5714285714285714 diploma.  Height of 0.475 cm. Patient weights 0.1763636363636363 kg. Patient has a history of 0.04875 pack years Patient smokes 0.125 cigarettes a day. Patient smoked for a total of 0.39 years. Patient has a lesion size of 0.0966666666666666 mm. History of previous disease. Patient has BMI of 0.0999495394696411. Patient lives with a smoker. Patient works with exposure to smokers. Patient has the main cancer located in the right upper lobe. Patient has bronchiectasis. Patient has pneumonia. Family history of cancer. Female. White. mother have lung cancer. '
WARNING: vision_encoder.blocks.2.1.spatial_block.conv1.fn.dw.weight has NO gradient.

[DEBUG] Multimodal Text Example (Batch): 'Patient is 0.4347826086956521 years old. Patient has a 0.4285714285714285 diploma.  Height of 0.425 cm. Patient weights 0.2818181818181818 kg. Patient has a history of 0.043 pack years Patient smokes 0.1 cigarettes a day. Patient smoked for a total of 0.43 years. Patient has a lesion size of 0.0833333333333333 mm. History of previous disease. Patient has BMI of 0.160230555069541. Patient smokes ciggaretes. Patient lives with a smoker. Patient has the main cancer located in the right lower lobe. Patient has diabetes. Patient has heart disease. Patient has Hypertension. Female. White. '
WARNING: vision_encoder.blocks.2.1.spatial_block.conv1.fn.dw.weight has NO gradient.

[DEBUG] Multimodal Text Example (Batch): 'Patient is 0.5760869565217391 years old. Patient has a 0.7142857142857143 diploma.  Height of 0.375 cm. Patient weights 0.0818181818181818 kg. Patient has a history of 0.058 pack years Patient smokes 0.1 cigarettes a day. Patient smoked for a total of 0.58 years. Patient has a lesion size of 0.0533333333333333 mm. History of previous disease. Patient has BMI of 0.0671159729050584. Patient smokes ciggaretes. Patient lives with a smoker. Patient works with exposure to smokers. Patient has the main cancer located in the right upper lobe. Patient has emphysema. Patient has heart disease. Patient has Hypertension. Patient has Stroke history. Family history of cancer. Female. American Indian. brother and father and mother and sister have lung cancer. '
WARNING: vision_encoder.blocks.2.1.spatial_block.conv1.fn.dw.weight has NO gradient.

[DEBUG] Multimodal Text Example (Batch): 'Patient is 0.4782608695652174 years old. Patient has a 0.4285714285714285 diploma.  Height of 0.65 cm. Patient weights 0.1636363636363636 kg. Patient has a history of 0.094 pack years Patient smokes 0.2 cigarettes a day. Patient smoked for a total of 0.47 years. Patient has a lesion size of 0.0733333333333333 mm. History of previous disease. Patient has BMI of 0.0718972664075914. Patient smokes cigar. Patient smokes ciggaretes. Patient smokes pipe. Patient lives with a smoker. Patient works with exposure to smokers. Patient has the main cancer located in the right upper lobe. Patient worked in steel milling environment. Patient worked in welding environment. Patient has pneumonia. Family history of cancer. Patient has work related cancer. Male. White. brother have lung cancer. '
WARNING: vision_encoder.blocks.2.1.spatial_block.conv1.fn.dw.weight has NO gradient.

[DEBUG] Multimodal Text Example (Batch): 'Patient is 0.5108695652173914 years old. Patient has a 0.7142857142857143 diploma.  Height of 0.475 cm. Patient weights 0.1181818181818181 kg. Patient has a history of 0.072 pack years Patient smokes 0.15 cigarettes a day. Patient smoked for a total of 0.48 years. Patient has a lesion size of 0.0266666666666666 mm. History of previous disease. Patient has BMI of 0.0729476343565634. Patient smokes ciggaretes. Patient lives with a smoker. Patient works with exposure to smokers. Patient has the main cancer located in the right upper lobe. Female. White. '
WARNING: vision_encoder.blocks.2.1.spatial_block.conv1.fn.dw.weight has NO gradient.

[DEBUG] Multimodal Text Example (Batch): 'Patient is 0.5434782608695652 years old. Patient has a 0.4285714285714285 diploma.  Height of 0.525 cm. Patient weights 0.1818181818181818 kg. Patient has a history of 0.058 pack years Patient smokes 0.1 cigarettes a day. Patient smoked for a total of 0.58 years. Patient has a lesion size of 0.1366666666666666 mm. History of previous disease. Patient has BMI of 0.0949261995118793. Patient smokes ciggaretes. Patient lives with a smoker. Patient works with exposure to smokers. Patient has the main cancer located in the right lower lobe. Patient worked in farm environment. Patient worked in fire fighting environment. Patient worked in painting environment. Patient has heart disease. Patient has Hypertension. Patient has work related cancer. Male. White. '
WARNING: vision_encoder.blocks.2.1.spatial_block.conv1.fn.dw.weight has NO gradient.

[DEBUG] Multimodal Text Example (Batch): 'Patient is 0.4456521739130434 years old. Patient has a 0.7142857142857143 diploma.  Height of 0.65 cm. Patient weights 0.3090909090909091 kg. Patient has a history of 0.2 pack years Patient smokes 0.5 cigarettes a day. Patient smoked for a total of 0.4 years. Patient has a lesion size of 0.0833333333333333 mm. History of previous disease. Patient has BMI of 0.1267473970082491. Patient lives with a smoker. Patient works with exposure to smokers. Patient has the main cancer located in the right upper lobe. Male. White. '
WARNING: vision_encoder.blocks.2.1.spatial_block.conv1.fn.dw.weight has NO gradient.

[DEBUG] Multimodal Text Example (Batch): 'Patient is 0.4130434782608695 years old. Patient has a 0.4285714285714285 diploma.  Height of 0.525 cm. Patient weights 0.1563636363636363 kg. Patient has a history of 0.035 pack years Patient smokes 0.1 cigarettes a day. Patient smoked for a total of 0.35 years. Patient has a lesion size of 0.1166666666666666 mm. History of previous disease. Patient has BMI of 0.0838179777573716. Patient smokes ciggaretes. Patient lives with a smoker. Patient works with exposure to smokers. Patient has the main cancer located in the left lower lobe. Patient worked in chemical environment. Family history of cancer. Patient has work related cancer. Female. White. sister have lung cancer. '
WARNING: vision_encoder.blocks.2.1.spatial_block.conv1.fn.dw.weight has NO gradient.
shape xtorch.Size([32, 2])
tensor(1.7294, device='cuda:0')
tensor(-0.7774, device='cuda:0')
shape xtorch.Size([32, 2])
tensor(2.7576, device='cuda:0')
tensor(-0.8024, device='cuda:0')
shape xtorch.Size([32, 2])
tensor(0.8795, device='cuda:0')
tensor(-0.8987, device='cuda:0')
shape xtorch.Size([11, 2])
tensor(2.4038, device='cuda:0')
tensor(-0.8444, device='cuda:0')
shape PREDS: torch.Size([107, 2])
shape time: torch.Size([107])
shape log_hz: torch.Size([107, 107])
shape log_hz_t: torch.Size([107])

==================================================
Stage: VAL
Predicted class distribution: 0s = 16, 1s = 91
Actual label distribution:    0s = 80, 1s = 27
Actual Imbalance Ratio (0:1): 2.96:1
==================================================
✅ Model is predicting both classes.
DEBUG SHAPES: time=(107,), log_hz=(107,), events=(107,)
Cindex TorchSurv: 0.5169281363487244
Cindex Lifelines: 0.5780346820809249
Saved test predictions and probabilities to validation_results_fold_final.csv

[DEBUG] Multimodal Text Example (Batch): 'Patient is 0.4673913043478261 years old. Patient has a 0.7142857142857143 diploma.  Height of 0.7 cm. Patient weights 0.3127272727272727 kg. Patient has a history of 0.0675 pack years Patient smokes 0.15 cigarettes a day. Patient smoked for a total of 0.45 years. Patient has a lesion size of 0.0333333333333333 mm. History of previous disease. Patient has BMI of 0.1198926745975205. Patient has the main cancer located in the right upper lobe. Patient has Hypertension. Male. White. '
WARNING: vision_encoder.blocks.2.1.spatial_block.conv1.fn.dw.weight has NO gradient.

[DEBUG] Multimodal Text Example (Batch): 'Patient is 0.4130434782608695 years old. Patient has a 0.8571428571428571 diploma.  Height of 0.65 cm. Patient weights 0.3181818181818182 kg. Patient has a history of 0.035 pack years Patient smokes 0.1 cigarettes a day. Patient smoked for a total of 0.35 years. Patient has a lesion size of 0.0333333333333333 mm. History of previous disease. Patient has BMI of 0.1301755301707902. Patient smokes ciggaretes. Patient lives with a smoker. Patient works with exposure to smokers. Patient has the main cancer located in the right upper lobe. Patient has diabetes. Male. White. '
WARNING: vision_encoder.blocks.2.1.spatial_block.conv1.fn.dw.weight has NO gradient.

[DEBUG] Multimodal Text Example (Batch): 'Patient is 0.4891304347826087 years old. Patient has a 1.0 diploma.  Height of 0.55 cm. Patient weights 0.209090909090909 kg. Patient has a history of 0.0425 pack years Patient smokes 0.125 cigarettes a day. Patient smoked for a total of 0.34 years. Patient has a lesion size of 0.0466666666666666 mm. History of previous disease. Patient has BMI of 0.1029490201438543. Patient smokes pipe. Patient lives with a smoker. Patient works with exposure to smokers. Patient has the main cancer located in the left upper lobe. Male. White. '
WARNING: vision_encoder.blocks.2.1.spatial_block.conv1.fn.dw.weight has NO gradient.

[DEBUG] Multimodal Text Example (Batch): 'Patient is 0.4130434782608695 years old. Patient has a 0.7142857142857143 diploma.  Height of 0.5 cm. Patient weights 0.1618181818181818 kg. Patient has a history of 0.057 pack years Patient smokes 0.15 cigarettes a day. Patient smoked for a total of 0.38 years. Patient has a lesion size of 0.05 mm. History of previous disease. Patient has BMI of 0.0896179155539264. Patient smokes ciggaretes. Patient lives with a smoker. Patient works with exposure to smokers. Patient has the main cancer located in the right upper lobe. Family history of cancer. Female. White. mother have lung cancer. '
WARNING: vision_encoder.blocks.2.1.spatial_block.conv1.fn.dw.weight has NO gradient.

[DEBUG] Multimodal Text Example (Batch): 'Patient is 0.5543478260869565 years old. Patient has a 0.2857142857142857 diploma.  Height of 0.675 cm. Patient weights 0.1909090909090909 kg. Patient has a history of 0.05 pack years Patient smokes 0.1 cigarettes a day. Patient smoked for a total of 0.5 years. Patient has a lesion size of 0.05 mm. History of previous disease. Patient has BMI of 0.079250162363281. Patient smokes cigar. Patient smokes ciggaretes. Patient smokes pipe. Patient lives with a smoker. Patient has the main cancer located in the right middle lobe. Patient worked in steel milling environment. Patient has chronic bronchitis. Patient has work related cancer. Male. White. '
WARNING: vision_encoder.blocks.2.1.spatial_block.conv1.fn.dw.weight has NO gradient.

[DEBUG] Multimodal Text Example (Batch): 'Patient is 0.5 years old. Patient has a 0.4285714285714285 diploma.  Height of 0.6 cm. Patient weights 0.2181818181818181 kg. Patient has a history of 0.088 pack years Patient smokes 0.2 cigarettes a day. Patient smoked for a total of 0.44 years. Patient has a lesion size of 0.0366666666666666 mm. History of previous disease. Patient has BMI of 0.099320891618375. Patient smokes ciggaretes. Patient lives with a smoker. Patient has the main cancer located in the right upper lobe. Patient worked in fire fighting environment. Patient has heart disease. Patient diagnosed with oral cancer. History of previous cancer. Family history of cancer. Patient has work related cancer. Male. White. brother have lung cancer. '
WARNING: vision_encoder.blocks.2.1.spatial_block.conv1.fn.dw.weight has NO gradient.

[DEBUG] Multimodal Text Example (Batch): 'Patient is 0.4673913043478261 years old. Patient has a 0.7142857142857143 diploma.  Height of 0.675 cm. Patient weights 0.2818181818181818 kg. Patient has a history of 0.0705 pack years Patient smokes 0.15 cigarettes a day. Patient smoked for a total of 0.47 years. Patient has a lesion size of 0.03 mm. History of previous disease. Patient has BMI of 0.1125858476880682. Patient smokes ciggaretes. Patient lives with a smoker. Patient works with exposure to smokers. Patient has the main cancer located in the right middle lobe. Patient has chronic bronchitis. Patient has COPD. Patient has emphysema. Patient has heart disease. Patient has Hypertension. Male. White. '
WARNING: vision_encoder.blocks.2.1.spatial_block.conv1.fn.dw.weight has NO gradient.

[DEBUG] Multimodal Text Example (Batch): 'Patient is 0.5434782608695652 years old. Patient has a 0.4285714285714285 diploma.  Height of 0.55 cm. Patient weights 0.1727272727272727 kg. Patient has a history of 0.078 pack years Patient smokes 0.15 cigarettes a day. Patient smoked for a total of 0.52 years. Patient has a lesion size of 0.1666666666666666 mm. History of previous disease. Patient has BMI of 0.0875502950181071. Patient lives with a smoker. Patient works with exposure to smokers. Patient has the main cancer located in the left upper lobe. Patient has Hypertension. Patient has Stroke history. Female. White. '
WARNING: vision_encoder.blocks.2.1.spatial_block.conv1.fn.dw.weight has NO gradient.

[DEBUG] Multimodal Text Example (Batch): 'Patient is 0.4782608695652174 years old. Patient has a 0.5714285714285714 diploma.  Height of 0.5 cm. Patient weights 0.209090909090909 kg. Patient has a history of 0.093 pack years Patient smokes 0.3 cigarettes a day. Patient smoked for a total of 0.31 years. Patient has a lesion size of 0.0466666666666666 mm. History of previous disease. Patient has BMI of 0.1108871085045353. Patient lives with a smoker. Patient works with exposure to smokers. Patient has the main cancer located in the right lower lobe. Patient worked in butchering environment. Patient worked in welding environment. Patient has adult asthma. Patient has Hypertension. Family history of cancer. Patient has work related cancer. Male. White. father have lung cancer. '
WARNING: vision_encoder.blocks.2.1.spatial_block.conv1.fn.dw.weight has NO gradient.

[DEBUG] Multimodal Text Example (Batch): 'Patient is 0.5 years old. Patient has a 0.5714285714285714 diploma.  Height of 0.575 cm. Patient weights 0.1909090909090909 kg. Patient has a history of 0.1125 pack years Patient smokes 0.225 cigarettes a day. Patient smoked for a total of 0.5 years. Patient has a lesion size of 0.1036685288640596 mm. History of previous disease. Patient has BMI of 0.0917654629090921. Patient smokes cigar. Patient smokes ciggaretes. Patient smokes pipe. Patient lives with a smoker. Patient has the main cancer located in the right Hilum. Patient has the main cancer located in the right upper lobe. Patient worked in welding environment. Patient has work related cancer. Male. White. '
WARNING: vision_encoder.blocks.2.1.spatial_block.conv1.fn.dw.weight has NO gradient.
shape xtorch.Size([32, 2])
tensor(3.3689, device='cuda:0')
tensor(-0.3452, device='cuda:0')
shape xtorch.Size([32, 2])
tensor(4.1564, device='cuda:0')
tensor(-0.5307, device='cuda:0')
shape xtorch.Size([32, 2])
tensor(3.3492, device='cuda:0')
tensor(-0.6166, device='cuda:0')
shape xtorch.Size([11, 2])
tensor(3.4287, device='cuda:0')
tensor(-0.3720, device='cuda:0')
shape PREDS: torch.Size([107, 2])
shape time: torch.Size([107])
shape log_hz: torch.Size([107, 107])
shape log_hz_t: torch.Size([107])

==================================================
Stage: VAL
Predicted class distribution: 0s = 73, 1s = 34
Actual label distribution:    0s = 80, 1s = 27
Actual Imbalance Ratio (0:1): 2.96:1
==================================================
✅ Model is predicting both classes.
DEBUG SHAPES: time=(107,), log_hz=(107,), events=(107,)
Cindex TorchSurv: 0.5379851460456848
Cindex Lifelines: 0.5342691990090834
Saved test predictions and probabilities to validation_results_fold_final.csv

[DEBUG] Multimodal Text Example (Batch): 'Patient is 0.4239130434782608 years old. Patient has a 0.5714285714285714 diploma.  Height of 0.525 cm. Patient weights 0.2145454545454545 kg. Patient has a history of 0.035 pack years Patient smokes 0.1 cigarettes a day. Patient smoked for a total of 0.35 years. Patient has a lesion size of 0.05 mm. History of previous disease. Patient has BMI of 0.1092081989105319. Patient lives with a smoker. Patient works with exposure to smokers. Patient has the main cancer located in the right middle lobe. Patient has bronchiectasis. Patient has heart disease. Patient has Hypertension. Patient has pneumonia. Male. White. '
WARNING: vision_encoder.blocks.2.1.spatial_block.conv1.fn.dw.weight has NO gradient.

[DEBUG] Multimodal Text Example (Batch): 'Patient is 0.4673913043478261 years old. Patient has a 0.5714285714285714 diploma.  Height of 0.525 cm. Patient weights 0.2654545454545454 kg. Patient has a history of 0.1075 pack years Patient smokes 0.25 cigarettes a day. Patient smoked for a total of 0.43 years. Patient has a lesion size of 0.0933333333333333 mm. History of previous disease. Patient has BMI of 0.1314246424195472. Patient lives with a smoker. Patient works with exposure to smokers. Patient has the main cancer located in the left upper lobe. Family history of cancer. Male. White. brother and mother have lung cancer. '
WARNING: vision_encoder.blocks.2.1.spatial_block.conv1.fn.dw.weight has NO gradient.

[DEBUG] Multimodal Text Example (Batch): 'Patient is 0.4782608695652174 years old. Patient has a 0.7142857142857143 diploma.  Height of 0.525 cm. Patient weights 0.1963636363636363 kg. Patient has a history of 0.054 pack years Patient smokes 0.15 cigarettes a day. Patient smoked for a total of 0.36 years. Patient has a lesion size of 0.1033333333333333 mm. History of previous disease. Patient has BMI of 0.1012737548001693. Patient lives with a smoker. Patient works with exposure to smokers. Patient has the main cancer located in the left lower lobe. Patient has pneumonia. Female. African-American. '
WARNING: vision_encoder.blocks.2.1.spatial_block.conv1.fn.dw.weight has NO gradient.

[DEBUG] Multimodal Text Example (Batch): 'Patient is 0.4891304347826087 years old. Patient has a 0.2857142857142857 diploma.  Height of 0.525 cm. Patient weights 0.1672727272727272 kg. Patient has a history of 0.043 pack years Patient smokes 0.1 cigarettes a day. Patient smoked for a total of 0.43 years. Patient has a lesion size of 0.3 mm. History of previous disease. Patient has BMI of 0.0885786442235892. Patient smokes ciggaretes. Patient lives with a smoker. Patient works with exposure to smokers. Patient has the main cancer located in the right upper lobe. Patient has Hypertension. Female. White. '
WARNING: vision_encoder.blocks.2.1.spatial_block.conv1.fn.dw.weight has NO gradient.

[DEBUG] Multimodal Text Example (Batch): 'Patient is 0.5869565217391305 years old. Patient has a 0.5714285714285714 diploma.  Height of 0.65 cm. Patient weights 0.2272727272727272 kg. Patient has a history of 0.056 pack years Patient smokes 0.1 cigarettes a day. Patient smoked for a total of 0.56 years. Patient has a lesion size of 0.2 mm. History of previous disease. Patient has BMI of 0.0958941985453792. Patient smokes ciggaretes. Patient lives with a smoker. Patient works with exposure to smokers. Patient has the main cancer located in the left lower lobe. Patient worked in farm environment. Patient worked in steel milling environment. Patient worked in painting environment. Patient has COPD. Patient has pneumonia. Patient has work related cancer. Male. White. '
WARNING: vision_encoder.blocks.2.1.spatial_block.conv1.fn.dw.weight has NO gradient.

[DEBUG] Multimodal Text Example (Batch): 'Patient is 0.4891304347826087 years old. Patient has a 0.7142857142857143 diploma.  Height of 0.525 cm. Patient weights 0.2 kg. Patient has a history of 0.046 pack years Patient smokes 0.1 cigarettes a day. Patient smoked for a total of 0.46 years. Patient has a lesion size of 0.22 mm. History of previous disease. Patient has BMI of 0.1028606436222419. Patient lives with a smoker. Patient works with exposure to smokers. Patient has the main cancer located in the Carina. Patient has the main cancer located in the right main stem bronchus. Patient has the main cancer located in the right upper lobe. Patient has adult asthma. Patient has chronic bronchitis. Patient has diabetes. Patient has Hypertension. Female. African-American. '
WARNING: vision_encoder.blocks.2.1.spatial_block.conv1.fn.dw.weight has NO gradient.

[DEBUG] Multimodal Text Example (Batch): 'Patient is 0.5869565217391305 years old. Patient has a 0.4285714285714285 diploma.  Height of 0.65 cm. Patient weights 0.2909090909090909 kg. Patient has a history of 0.032 pack years Patient smokes 0.1 cigarettes a day. Patient smoked for a total of 0.32 years. Patient has a lesion size of 0.0633333333333333 mm. History of previous disease. Patient has BMI of 0.1198911306831669. Patient works with exposure to smokers. Patient has the main cancer located in the right upper lobe. Patient worked in asbestos environment. Patient worked in fire fighting environment. Patient worked in steel milling environment. Patient has asbestosis. Patient has bronchiectasis. Patient has diabetes. Patient has Hypertension. Family history of cancer. Patient has work related cancer. Male. White. father have lung cancer. '
WARNING: vision_encoder.blocks.2.1.spatial_block.conv1.fn.dw.weight has NO gradient.

[DEBUG] Multimodal Text Example (Batch): 'Patient is 0.4130434782608695 years old. Patient has a 0.4285714285714285 diploma.  Height of 0.575 cm. Patient weights 0.16 kg. Patient has a history of 0.033 pack years Patient smokes 0.1 cigarettes a day. Patient smoked for a total of 0.33 years. Patient has a lesion size of 0.0633333333333333 mm. History of previous disease. Patient has BMI of 0.0790586840323497. Patient lives with a smoker. Patient works with exposure to smokers. Patient has the main cancer located in the right upper lobe. Patient worked in steel milling environment. Patient has work related cancer. Female. White. '
WARNING: vision_encoder.blocks.2.1.spatial_block.conv1.fn.dw.weight has NO gradient.

[DEBUG] Multimodal Text Example (Batch): 'Patient is 0.5 years old. Patient has a 0.7142857142857143 diploma.  Height of 0.5 cm. Patient weights 0.1636363636363636 kg. Patient has a history of 0.045 pack years Patient smokes 0.1 cigarettes a day. Patient smoked for a total of 0.45 years. Patient has a lesion size of 0.05 mm. History of previous disease. Patient has BMI of 0.0904359614366421. Patient smokes ciggaretes. Patient lives with a smoker. Patient works with exposure to smokers. Patient has the main cancer located in the right upper lobe. Female. White. '
WARNING: vision_encoder.blocks.2.1.spatial_block.conv1.fn.dw.weight has NO gradient.

[DEBUG] Multimodal Text Example (Batch): 'Patient is 0.4239130434782608 years old. Patient has a 0.7142857142857143 diploma.  Height of 0.65 cm. Patient weights 0.2654545454545454 kg. Patient has a history of 0.072 pack years Patient smokes 0.225 cigarettes a day. Patient smoked for a total of 0.32 years. Patient has a lesion size of 0.2666666666666666 mm. History of previous disease. Patient has BMI of 0.1102923578280518. Patient smokes cigar. Patient lives with a smoker. Patient works with exposure to smokers. Patient has the main cancer located in the left upper lobe. Patient worked in asbestos environment. Patient worked in sandblasting environment. Patient has diabetes. Patient has Hypertension. Patient has work related cancer. Male. White. '
WARNING: vision_encoder.blocks.2.1.spatial_block.conv1.fn.dw.weight has NO gradient.
shape xtorch.Size([32, 2])
tensor(3.7625, device='cuda:0')
tensor(-0.3861, device='cuda:0')
shape xtorch.Size([32, 2])
tensor(5.1367, device='cuda:0')
tensor(-0.5001, device='cuda:0')
shape xtorch.Size([32, 2])
tensor(3.7936, device='cuda:0')
tensor(-0.6521, device='cuda:0')
shape xtorch.Size([11, 2])
tensor(2.9829, device='cuda:0')
tensor(-0.4448, device='cuda:0')
shape PREDS: torch.Size([107, 2])
shape time: torch.Size([107])
shape log_hz: torch.Size([107, 107])
shape log_hz_t: torch.Size([107])

==================================================
Stage: VAL
Predicted class distribution: 0s = 84, 1s = 23
Actual label distribution:    0s = 80, 1s = 27
Actual Imbalance Ratio (0:1): 2.96:1
==================================================
✅ Model is predicting both classes.
DEBUG SHAPES: time=(107,), log_hz=(107,), events=(107,)
Cindex TorchSurv: 0.5359207391738892
Cindex Lifelines: 0.5383980181668043
Saved test predictions and probabilities to validation_results_fold_final.csv

[DEBUG] Multimodal Text Example (Batch): 'Patient is 0.4782608695652174 years old. Patient has a 0.4285714285714285 diploma.  Height of 0.65 cm. Patient weights 0.1636363636363636 kg. Patient has a history of 0.094 pack years Patient smokes 0.2 cigarettes a day. Patient smoked for a total of 0.47 years. Patient has a lesion size of 0.0733333333333333 mm. History of previous disease. Patient has BMI of 0.0718972664075914. Patient smokes cigar. Patient smokes ciggaretes. Patient smokes pipe. Patient lives with a smoker. Patient works with exposure to smokers. Patient has the main cancer located in the right upper lobe. Patient worked in steel milling environment. Patient worked in welding environment. Patient has pneumonia. Family history of cancer. Patient has work related cancer. Male. White. brother have lung cancer. '
WARNING: vision_encoder.blocks.2.1.spatial_block.conv1.fn.dw.weight has NO gradient.

[DEBUG] Multimodal Text Example (Batch): 'Patient is 0.4021739130434782 years old. Patient has a 0.7142857142857143 diploma.  Height of 0.525 cm. Patient weights 0.1945454545454545 kg. Patient has a history of 0.08 pack years Patient smokes 0.2 cigarettes a day. Patient smoked for a total of 0.4 years. Patient has a lesion size of 0.0433333333333333 mm. History of previous disease. Patient has BMI of 0.1004803103891331. Patient smokes ciggaretes. Patient lives with a smoker. Patient works with exposure to smokers. Patient has the main cancer located in the right upper lobe. Female. White. '
WARNING: vision_encoder.blocks.2.1.spatial_block.conv1.fn.dw.weight has NO gradient.

[DEBUG] Multimodal Text Example (Batch): 'Patient is 0.4673913043478261 years old. Patient has a 0.7142857142857143 diploma.  Height of 0.45 cm. Patient weights 0.1672727272727272 kg. Patient has a history of 0.075 pack years Patient smokes 0.15 cigarettes a day. Patient smoked for a total of 0.5 years. Patient has a lesion size of 0.0333333333333333 mm. History of previous disease. Patient has BMI of 0.0995645208081411. Patient smokes ciggaretes. Patient smokes pipe. Patient lives with a smoker. Patient works with exposure to smokers. Patient has the main cancer located in the left upper lobe. Patient has heart disease. Patient has Hypertension. Family history of cancer. Female. White. father have lung cancer. '
WARNING: vision_encoder.blocks.2.1.spatial_block.conv1.fn.dw.weight has NO gradient.

[DEBUG] Multimodal Text Example (Batch): 'Patient is 0.5869565217391305 years old. Patient has a 0.2857142857142857 diploma.  Height of 0.55 cm. Patient weights 0.1818181818181818 kg. Patient has a history of 0.0855 pack years Patient smokes 0.15 cigarettes a day. Patient smoked for a total of 0.57 years. Patient has a lesion size of 0.0833333333333333 mm. History of previous disease. Patient has BMI of 0.0913999762995439. Patient smokes ciggaretes. Patient lives with a smoker. Patient works with exposure to smokers. Patient has the main cancer located in the right upper lobe. Patient has Hypertension. Male. Asian. '
WARNING: vision_encoder.blocks.2.1.spatial_block.conv1.fn.dw.weight has NO gradient.

[DEBUG] Multimodal Text Example (Batch): 'Patient is 0.5108695652173914 years old. Patient has a 0.7142857142857143 diploma.  Height of 0.625 cm. Patient weights 0.2327272727272727 kg. Patient has a history of 0.078 pack years Patient smokes 0.15 cigarettes a day. Patient smoked for a total of 0.52 years. Patient has a lesion size of 0.0766666666666666 mm. History of previous disease. Patient has BMI of 0.1014628860393714. Patient smokes ciggaretes. Patient lives with a smoker. Patient has the main cancer located in the right middle lobe. Patient has chronic bronchitis. Patient has Hypertension. Male. African-American. '
WARNING: vision_encoder.blocks.2.1.spatial_block.conv1.fn.dw.weight has NO gradient.

[DEBUG] Multimodal Text Example (Batch): 'Patient is 0.4456521739130434 years old. Patient has a 0.7142857142857143 diploma.  Height of 0.675 cm. Patient weights 0.3181818181818182 kg. Patient has a history of 0.039 pack years Patient smokes 0.1 cigarettes a day. Patient smoked for a total of 0.39 years. Patient has a lesion size of 0.1133333333333333 mm. History of previous disease. Patient has BMI of 0.1259201218179831. Patient smokes ciggaretes. Patient smokes pipe. Patient lives with a smoker. Patient works with exposure to smokers. Patient has the main cancer located in the right upper lobe. Patient has emphysema. Male. White. '
WARNING: vision_encoder.blocks.2.1.spatial_block.conv1.fn.dw.weight has NO gradient.

[DEBUG] Multimodal Text Example (Batch): 'Patient is 0.5217391304347826 years old. Patient has a 0.7142857142857143 diploma.  Height of 0.575 cm. Patient weights 0.209090909090909 kg. Patient has a history of 0.05 pack years Patient smokes 0.1 cigarettes a day. Patient smoked for a total of 0.5 years. Patient has a lesion size of 0.13 mm. History of previous disease. Patient has BMI of 0.0992400387189406. Patient smokes ciggaretes. Patient lives with a smoker. Patient works with exposure to smokers. Patient has the main cancer located in the right upper lobe. Patient worked in welding environment. Family history of cancer. Patient has work related cancer. Male. White. father have lung cancer. '
WARNING: vision_encoder.blocks.2.1.spatial_block.conv1.fn.dw.weight has NO gradient.

[DEBUG] Multimodal Text Example (Batch): 'Patient is 0.5108695652173914 years old. Patient has a 0.8571428571428571 diploma.  Height of 0.75 cm. Patient weights 0.4181818181818181 kg. Patient has a history of 0.04 pack years Patient smokes 0.1 cigarettes a day. Patient smoked for a total of 0.4 years. Patient has a lesion size of 0.0666666666666666 mm. History of previous disease. Patient has BMI of 0.1479536763902545. Patient smokes ciggaretes. Patient smokes pipe. Patient lives with a smoker. Patient works with exposure to smokers. Patient has the main cancer located in the right middle lobe. Male. White. '
WARNING: vision_encoder.blocks.2.1.spatial_block.conv1.fn.dw.weight has NO gradient.

[DEBUG] Multimodal Text Example (Batch): 'Patient is 0.5652173913043478 years old. Patient has a 0.8571428571428571 diploma.  Height of 0.675 cm. Patient weights 0.2781818181818182 kg. Patient has a history of 0.232 pack years Patient smokes 0.4 cigarettes a day. Patient smoked for a total of 0.58 years. Patient has a lesion size of 0.1166666666666666 mm. History of previous disease. Patient has BMI of 0.1112524202750767. Patient smokes ciggaretes. Patient lives with a smoker. Patient works with exposure to smokers. Patient has the main cancer located in the left lower lobe. Patient has tuberculosis. Male. White. '
WARNING: vision_encoder.blocks.2.1.spatial_block.conv1.fn.dw.weight has NO gradient.

[DEBUG] Multimodal Text Example (Batch): 'Patient is 0.5217391304347826 years old. Patient has a 1.0 diploma.  Height of 0.45 cm. Patient weights 0.2381818181818182 kg. Patient has a history of 0.0561 pack years Patient smokes 0.165 cigarettes a day. Patient smoked for a total of 0.34 years. Patient has a lesion size of 0.1666666666666666 mm. History of previous disease. Patient has BMI of 0.133526100632904. Patient lives with a smoker. Patient works with exposure to smokers. Patient has the main cancer located in the left upper lobe. Patient has pneumonia. Female. White. '
WARNING: vision_encoder.blocks.2.1.spatial_block.conv1.fn.dw.weight has NO gradient.
shape xtorch.Size([32, 2])
tensor(4.6700, device='cuda:0')
tensor(-0.7381, device='cuda:0')
shape xtorch.Size([32, 2])
tensor(6.0542, device='cuda:0')
tensor(-0.8158, device='cuda:0')
shape xtorch.Size([32, 2])
tensor(4.4042, device='cuda:0')
tensor(-1.1242, device='cuda:0')
shape xtorch.Size([11, 2])
tensor(3.1958, device='cuda:0')
tensor(-0.7913, device='cuda:0')
shape PREDS: torch.Size([107, 2])
shape time: torch.Size([107])
shape log_hz: torch.Size([107, 107])
shape log_hz_t: torch.Size([107])

==================================================
Stage: VAL
Predicted class distribution: 0s = 65, 1s = 42
Actual label distribution:    0s = 80, 1s = 27
Actual Imbalance Ratio (0:1): 2.96:1
==================================================
✅ Model is predicting both classes.
DEBUG SHAPES: time=(107,), log_hz=(107,), events=(107,)
Cindex TorchSurv: 0.5598678588867188
Cindex Lifelines: 0.5561519405450042
Saved test predictions and probabilities to validation_results_fold_final.csv

[DEBUG] Multimodal Text Example (Batch): 'Patient is 0.4891304347826087 years old. Patient has a 0.4285714285714285 diploma.  Height of 0.625 cm. Patient weights 0.2 kg. Patient has a history of 0.138 pack years Patient smokes 0.3 cigarettes a day. Patient smoked for a total of 0.46 years. Patient has a lesion size of 0.0466666666666666 mm. History of previous disease. Patient has BMI of 0.0887664800433447. Patient lives with a smoker. Patient works with exposure to smokers. Patient has the main cancer located in the left upper lobe. Patient worked in asbestos environment. Patient worked in painting environment. Patient worked in sandblasting environment. Patient worked in welding environment. Patient has chronic bronchitis. Patient has emphysema. Patient has heart disease. Patient has Hypertension. Patient has pneumonia. Patient has work related cancer. Male. White. '
WARNING: vision_encoder.blocks.2.1.spatial_block.conv1.fn.dw.weight has NO gradient.

[DEBUG] Multimodal Text Example (Batch): 'Patient is 0.5434782608695652 years old. Patient has a 0.7142857142857143 diploma.  Height of 0.55 cm. Patient weights 0.2145454545454545 kg. Patient has a history of 0.084 pack years Patient smokes 0.28 cigarettes a day. Patient smoked for a total of 0.3 years. Patient has a lesion size of 0.0933333333333333 mm. History of previous disease. Patient has BMI of 0.1052588289127164. Patient smokes ciggaretes. Patient lives with a smoker. Patient works with exposure to smokers. Patient has the main cancer located in the right upper lobe. Patient worked in farm environment. Patient has adult asthma. Patient has COPD. Patient has pneumonia. Patient has work related cancer. Female. White. '
WARNING: vision_encoder.blocks.2.1.spatial_block.conv1.fn.dw.weight has NO gradient.

[DEBUG] Multimodal Text Example (Batch): 'Patient is 0.4456521739130434 years old. Patient has a 0.4285714285714285 diploma.  Height of 0.55 cm. Patient weights 0.2127272727272727 kg. Patient has a history of 0.0765 pack years Patient smokes 0.15 cigarettes a day. Patient smoked for a total of 0.51 years. Patient has a lesion size of 0.1036685288640596 mm. History of previous disease. Patient has BMI of 0.104488892656429. Patient smokes ciggaretes. Patient lives with a smoker. Patient works with exposure to smokers. Patient has the main cancer located in the left lower lobe. Patient has the main cancer located in the left upper lobe. Patient worked in chemical environment. Patient worked in farm environment. Patient worked in fire fighting environment. Patient has diabetes. Patient has Hypertension. Family history of cancer. Patient has work related cancer. Male. White. brother and sister have lung cancer. '
WARNING: vision_encoder.blocks.2.1.spatial_block.conv1.fn.dw.weight has NO gradient.

[DEBUG] Multimodal Text Example (Batch): 'Patient is 0.532608695652174 years old. Patient has a 0.4285714285714285 diploma.  Height of 0.675 cm. Patient weights 0.3054545454545455 kg. Patient has a history of 0.0378 pack years Patient smokes 0.09 cigarettes a day. Patient smoked for a total of 0.42 years. Patient has a lesion size of 0.02 mm. History of previous disease. Patient has BMI of 0.1212531258725129. Patient smokes ciggaretes. Patient smokes pipe. Patient lives with a smoker. Patient works with exposure to smokers. Patient has the main cancer located in the left lower lobe. Patient has Hypertension. Male. White. '
WARNING: vision_encoder.blocks.2.1.spatial_block.conv1.fn.dw.weight has NO gradient.

[DEBUG] Multimodal Text Example (Batch): 'Patient is 0.5869565217391305 years old. Patient has a 0.4285714285714285 diploma.  Height of 0.675 cm. Patient weights 0.2727272727272727 kg. Patient has a history of 0.04875 pack years Patient smokes 0.125 cigarettes a day. Patient smoked for a total of 0.39 years. Patient has a lesion size of 0.0833333333333333 mm. History of previous disease. Patient has BMI of 0.1092522791555895. Patient smokes cigar. Patient smokes pipe. Patient works with exposure to smokers. Patient has the main cancer located in the left upper lobe. Patient worked in coal environment. Patient worked in farm environment. Patient worked in welding environment. Patient has diabetes. Patient has heart disease. Patient has work related cancer. Male. White. '
WARNING: vision_encoder.blocks.2.1.spatial_block.conv1.fn.dw.weight has NO gradient.

[DEBUG] Multimodal Text Example (Batch): 'Patient is 0.4130434782608695 years old. Patient has a 0.8571428571428571 diploma.  Height of 0.625 cm. Patient weights 0.2727272727272727 kg. Patient has a history of 0.032 pack years Patient smokes 0.1 cigarettes a day. Patient smoked for a total of 0.32 years. Patient has a lesion size of 0.04 mm. History of previous disease. Patient has BMI of 0.1169807155900708. Patient lives with a smoker. Patient works with exposure to smokers. Patient has the main cancer located in the right upper lobe. Patient worked in butchering environment. Patient worked in farm environment. Patient has work related cancer. Male. White. '
WARNING: vision_encoder.blocks.2.1.spatial_block.conv1.fn.dw.weight has NO gradient.

[DEBUG] Multimodal Text Example (Batch): 'Patient is 0.5 years old. Patient has a 0.4285714285714285 diploma.  Height of 0.7 cm. Patient weights 0.2727272727272727 kg. Patient has a history of 0.04 pack years Patient smokes 0.1 cigarettes a day. Patient smoked for a total of 0.4 years. Patient has a lesion size of 0.0266666666666666 mm. History of previous disease. Patient has BMI of 0.1056240754610171. Patient smokes ciggaretes. Patient lives with a smoker. Patient works with exposure to smokers. Patient has the main cancer located in the left upper lobe. Patient worked in painting environment. Patient worked in sandblasting environment. Patient has heart disease. Patient has tuberculosis. Patient has work related cancer. Male. White. '
WARNING: vision_encoder.blocks.2.1.spatial_block.conv1.fn.dw.weight has NO gradient.

[DEBUG] Multimodal Text Example (Batch): 'Patient is 0.5217391304347826 years old. Patient has a 0.4285714285714285 diploma.  Height of 0.575 cm. Patient weights 0.2527272727272727 kg. Patient has a history of 0.05 pack years Patient smokes 0.1 cigarettes a day. Patient smoked for a total of 0.5 years. Patient has a lesion size of 0.03 mm. History of previous disease. Patient has BMI of 0.117179020662577. Patient smokes ciggaretes. Patient lives with a smoker. Patient has the main cancer located in the right middle lobe. Patient worked in chemical environment. Patient has diabetes. Patient has heart disease. Patient has Hypertension. Patient diagnosed with bladder cancer. History of previous cancer. Patient has work related cancer. Female. White. '
WARNING: vision_encoder.blocks.2.1.spatial_block.conv1.fn.dw.weight has NO gradient.

[DEBUG] Multimodal Text Example (Batch): 'Patient is 0.4130434782608695 years old. Patient has a 0.8571428571428571 diploma.  Height of 0.675 cm. Patient weights 0.2636363636363636 kg. Patient has a history of 0.0615 pack years Patient smokes 0.15 cigarettes a day. Patient smoked for a total of 0.41 years. Patient has a lesion size of 0.04 mm. History of previous disease. Patient has BMI of 0.1059187106231108. Patient smokes ciggaretes. Patient lives with a smoker. Patient works with exposure to smokers. Patient has the main cancer located in the right lower lobe. Patient worked in chemical environment. Patient has work related cancer. Male. White. '
WARNING: vision_encoder.blocks.2.1.spatial_block.conv1.fn.dw.weight has NO gradient.

[DEBUG] Multimodal Text Example (Batch): 'Patient is 0.4565217391304347 years old. Patient has a 0.5714285714285714 diploma.  Height of 0.425 cm. Patient weights 0.1763636363636363 kg. Patient has a history of 0.047 pack years Patient smokes 0.1 cigarettes a day. Patient smoked for a total of 0.47 years. Patient has a lesion size of 0.04 mm. History of previous disease. Patient has BMI of 0.108081194101932. Patient lives with a smoker. Patient works with exposure to smokers. Patient has the main cancer located in the left lower lobe. Patient has diabetes. Patient has heart disease. Patient has pneumonia. Patient diagnosed with cervical cancer. History of previous cancer. Female. White. '
WARNING: vision_encoder.blocks.2.1.spatial_block.conv1.fn.dw.weight has NO gradient.
shape xtorch.Size([32, 2])
tensor(5.0144, device='cuda:0')
tensor(-0.3722, device='cuda:0')
shape xtorch.Size([32, 2])
tensor(6.3430, device='cuda:0')
tensor(-0.3899, device='cuda:0')
shape xtorch.Size([32, 2])
tensor(5.8489, device='cuda:0')
tensor(-0.5309, device='cuda:0')
shape xtorch.Size([11, 2])
tensor(4.3870, device='cuda:0')
tensor(-0.3756, device='cuda:0')
shape PREDS: torch.Size([107, 2])
shape time: torch.Size([107])
shape log_hz: torch.Size([107, 107])
shape log_hz_t: torch.Size([107])

==================================================
Stage: VAL
Predicted class distribution: 0s = 69, 1s = 38
Actual label distribution:    0s = 80, 1s = 27
Actual Imbalance Ratio (0:1): 2.96:1
==================================================
✅ Model is predicting both classes.
DEBUG SHAPES: time=(107,), log_hz=(107,), events=(107,)
Cindex TorchSurv: 0.5272502303123474
Cindex Lifelines: 0.514037985136251
Saved test predictions and probabilities to validation_results_fold_final.csv

[DEBUG] Multimodal Text Example (Batch): 'Patient is 0.4347826086956521 years old. Patient has a 0.7142857142857143 diploma.  Height of 0.475 cm. Patient weights 0.1636363636363636 kg. Patient has a history of 0.048 pack years Patient smokes 0.15 cigarettes a day. Patient smoked for a total of 0.32 years. Patient has a lesion size of 0.0333333333333333 mm. History of previous disease. Patient has BMI of 0.0940428727261553. Patient lives with a smoker. Patient works with exposure to smokers. Patient has the main cancer located in the right upper lobe. Patient worked in chemical environment. Patient has COPD. Patient has work related cancer. Female. White. '
WARNING: vision_encoder.blocks.2.1.spatial_block.conv1.fn.dw.weight has NO gradient.

[DEBUG] Multimodal Text Example (Batch): 'Patient is 0.5434782608695652 years old. Patient has a 0.4285714285714285 diploma.  Height of 0.55 cm. Patient weights 0.1727272727272727 kg. Patient has a history of 0.078 pack years Patient smokes 0.15 cigarettes a day. Patient smoked for a total of 0.52 years. Patient has a lesion size of 0.1666666666666666 mm. History of previous disease. Patient has BMI of 0.0875502950181071. Patient lives with a smoker. Patient works with exposure to smokers. Patient has the main cancer located in the left upper lobe. Patient has Hypertension. Patient has Stroke history. Female. White. '
WARNING: vision_encoder.blocks.2.1.spatial_block.conv1.fn.dw.weight has NO gradient.

[DEBUG] Multimodal Text Example (Batch): 'Patient is 0.5434782608695652 years old. Patient has a 0.4285714285714285 diploma.  Height of 0.625 cm. Patient weights 0.2727272727272727 kg. Patient has a history of 0.0825 pack years Patient smokes 0.15 cigarettes a day. Patient smoked for a total of 0.55 years. Patient has a lesion size of 0.0966666666666666 mm. History of previous disease. Patient has BMI of 0.1169807155900708. Patient smokes ciggaretes. Patient lives with a smoker. Patient works with exposure to smokers. Patient has the main cancer located in the right upper lobe. Patient worked in welding environment. Patient has emphysema. Patient has pneumonia. Patient has work related cancer. Male. White. '
WARNING: vision_encoder.blocks.2.1.spatial_block.conv1.fn.dw.weight has NO gradient.

[DEBUG] Multimodal Text Example (Batch): 'Patient is 0.4891304347826087 years old. Patient has a 0.7142857142857143 diploma.  Height of 0.525 cm. Patient weights 0.2 kg. Patient has a history of 0.046 pack years Patient smokes 0.1 cigarettes a day. Patient smoked for a total of 0.46 years. Patient has a lesion size of 0.22 mm. History of previous disease. Patient has BMI of 0.1028606436222419. Patient lives with a smoker. Patient works with exposure to smokers. Patient has the main cancer located in the Carina. Patient has the main cancer located in the right main stem bronchus. Patient has the main cancer located in the right upper lobe. Patient has adult asthma. Patient has chronic bronchitis. Patient has diabetes. Patient has Hypertension. Female. African-American. '
WARNING: vision_encoder.blocks.2.1.spatial_block.conv1.fn.dw.weight has NO gradient.

[DEBUG] Multimodal Text Example (Batch): 'Patient is 0.4565217391304347 years old. Patient has a 0.5714285714285714 diploma.  Height of 0.5 cm. Patient weights 0.3636363636363636 kg. Patient has a history of 0.045 pack years Patient smokes 0.15 cigarettes a day. Patient smoked for a total of 0.3 years. Patient has a lesion size of 0.05 mm. History of previous disease. Patient has BMI of 0.180421008535372. Patient lives with a smoker. Patient works with exposure to smokers. Patient has the main cancer located in the right lower lobe. Patient worked in chemical environment. Patient has Hypertension. Patient has work related cancer. Female. White. '
WARNING: vision_encoder.blocks.2.1.spatial_block.conv1.fn.dw.weight has NO gradient.

[DEBUG] Multimodal Text Example (Batch): 'Patient is 0.5543478260869565 years old. Patient has a 0.4285714285714285 diploma.  Height of 0.65 cm. Patient weights 0.2363636363636363 kg. Patient has a history of 0.0855 pack years Patient smokes 0.15 cigarettes a day. Patient smoked for a total of 0.57 years. Patient has a lesion size of 0.3333333333333333 mm. History of previous disease. Patient has BMI of 0.0993223317079203. Patient smokes cigar. Patient smokes pipe. Patient lives with a smoker. Patient works with exposure to smokers. Patient has the main cancer located in the left upper lobe. Patient worked in coal environment. Patient has Hypertension. Family history of cancer. Patient has work related cancer. Male. White. father have lung cancer. '
WARNING: vision_encoder.blocks.2.1.spatial_block.conv1.fn.dw.weight has NO gradient.

[DEBUG] Multimodal Text Example (Batch): 'Patient is 0.4130434782608695 years old. Patient has a 0.4285714285714285 diploma.  Height of 0.525 cm. Patient weights 0.1563636363636363 kg. Patient has a history of 0.035 pack years Patient smokes 0.1 cigarettes a day. Patient smoked for a total of 0.35 years. Patient has a lesion size of 0.1166666666666666 mm. History of previous disease. Patient has BMI of 0.0838179777573716. Patient smokes ciggaretes. Patient lives with a smoker. Patient works with exposure to smokers. Patient has the main cancer located in the left lower lobe. Patient worked in chemical environment. Family history of cancer. Patient has work related cancer. Female. White. sister have lung cancer. '
WARNING: vision_encoder.blocks.2.1.spatial_block.conv1.fn.dw.weight has NO gradient.

[DEBUG] Multimodal Text Example (Batch): 'Patient is 0.5 years old. Patient has a 0.5714285714285714 diploma.  Height of 0.7 cm. Patient weights 0.3272727272727272 kg. Patient has a history of 0.082 pack years Patient smokes 0.2 cigarettes a day. Patient smoked for a total of 0.41 years. Patient has a lesion size of 0.0333333333333333 mm. History of previous disease. Patient has BMI of 0.1250812561017036. Patient smokes ciggaretes. Patient lives with a smoker. Patient works with exposure to smokers. Patient has the main cancer located in the left upper lobe. Patient worked in asbestos environment. Patient worked in chemical environment. Patient worked in steel milling environment. Patient worked in welding environment. Patient has emphysema. Patient has heart disease. Patient has Stroke history. Patient has work related cancer. Male. White. '
WARNING: vision_encoder.blocks.2.1.spatial_block.conv1.fn.dw.weight has NO gradient.

[DEBUG] Multimodal Text Example (Batch): 'Patient is 0.5869565217391305 years old. Patient has a 0.4285714285714285 diploma.  Height of 0.65 cm. Patient weights 0.2909090909090909 kg. Patient has a history of 0.032 pack years Patient smokes 0.1 cigarettes a day. Patient smoked for a total of 0.32 years. Patient has a lesion size of 0.0633333333333333 mm. History of previous disease. Patient has BMI of 0.1198911306831669. Patient works with exposure to smokers. Patient has the main cancer located in the right upper lobe. Patient worked in asbestos environment. Patient worked in fire fighting environment. Patient worked in steel milling environment. Patient has asbestosis. Patient has bronchiectasis. Patient has diabetes. Patient has Hypertension. Family history of cancer. Patient has work related cancer. Male. White. father have lung cancer. '
WARNING: vision_encoder.blocks.2.1.spatial_block.conv1.fn.dw.weight has NO gradient.

[DEBUG] Multimodal Text Example (Batch): 'Patient is 0.5 years old. Patient has a 0.5714285714285714 diploma.  Height of 0.7 cm. Patient weights 0.3272727272727272 kg. Patient has a history of 0.082 pack years Patient smokes 0.2 cigarettes a day. Patient smoked for a total of 0.41 years. Patient has a lesion size of 0.0333333333333333 mm. History of previous disease. Patient has BMI of 0.1250812561017036. Patient smokes ciggaretes. Patient lives with a smoker. Patient works with exposure to smokers. Patient has the main cancer located in the left upper lobe. Patient worked in asbestos environment. Patient worked in chemical environment. Patient worked in steel milling environment. Patient worked in welding environment. Patient has emphysema. Patient has heart disease. Patient has Stroke history. Patient has work related cancer. Male. White. '
WARNING: vision_encoder.blocks.2.1.spatial_block.conv1.fn.dw.weight has NO gradient.
shape xtorch.Size([32, 2])
tensor(2.3115, device='cuda:0')
tensor(-1.4783, device='cuda:0')
shape xtorch.Size([32, 2])
tensor(3.7848, device='cuda:0')
tensor(-1.8610, device='cuda:0')
shape xtorch.Size([32, 2])
tensor(2.2588, device='cuda:0')
tensor(-1.7317, device='cuda:0')
shape xtorch.Size([11, 2])
tensor(4.2920, device='cuda:0')
tensor(-1.6315, device='cuda:0')
shape PREDS: torch.Size([107, 2])
shape time: torch.Size([107])
shape log_hz: torch.Size([107, 107])
shape log_hz_t: torch.Size([107])

==================================================
Stage: VAL
Predicted class distribution: 0s = 31, 1s = 76
Actual label distribution:    0s = 80, 1s = 27
Actual Imbalance Ratio (0:1): 2.96:1
==================================================
✅ Model is predicting both classes.
DEBUG SHAPES: time=(107,), log_hz=(107,), events=(107,)
Cindex TorchSurv: 0.5107349157333374
Cindex Lifelines: 0.5227085053674649
Saved test predictions and probabilities to validation_results_fold_final.csv

[DEBUG] Multimodal Text Example (Batch): 'Patient is 0.4130434782608695 years old. Patient has a 0.4285714285714285 diploma.  Height of 0.525 cm. Patient weights 0.1563636363636363 kg. Patient has a history of 0.035 pack years Patient smokes 0.1 cigarettes a day. Patient smoked for a total of 0.35 years. Patient has a lesion size of 0.1166666666666666 mm. History of previous disease. Patient has BMI of 0.0838179777573716. Patient smokes ciggaretes. Patient lives with a smoker. Patient works with exposure to smokers. Patient has the main cancer located in the left lower lobe. Patient worked in chemical environment. Family history of cancer. Patient has work related cancer. Female. White. sister have lung cancer. '
WARNING: vision_encoder.blocks.2.1.spatial_block.conv1.fn.dw.weight has NO gradient.

[DEBUG] Multimodal Text Example (Batch): 'Patient is 0.5978260869565217 years old. Patient has a 0.4285714285714285 diploma.  Height of 0.75 cm. Patient weights 0.2727272727272727 kg. Patient has a history of 0.084 pack years Patient smokes 0.15 cigarettes a day. Patient smoked for a total of 0.56 years. Patient has a lesion size of 0.04 mm. History of previous disease. Patient has BMI of 0.0987982082377362. Patient smokes ciggaretes. Patient lives with a smoker. Patient works with exposure to smokers. Patient has the main cancer located in the left lower lobe. Male. White. '
WARNING: vision_encoder.blocks.2.1.spatial_block.conv1.fn.dw.weight has NO gradient.

[DEBUG] Multimodal Text Example (Batch): 'Patient is 0.5652173913043478 years old. Patient has a 0.0 diploma.  Height of 0.7 cm. Patient weights 0.2909090909090909 kg. Patient has a history of 0.096 pack years Patient smokes 0.2 cigarettes a day. Patient smoked for a total of 0.48 years. Patient has a lesion size of 0.08 mm. History of previous disease. Patient has BMI of 0.1121098023412459. Patient smokes ciggaretes. Patient lives with a smoker. Patient works with exposure to smokers. Patient has the main cancer located in the right lower lobe. Male. White. '
WARNING: vision_encoder.blocks.2.1.spatial_block.conv1.fn.dw.weight has NO gradient.

[DEBUG] Multimodal Text Example (Batch): 'Patient is 0.4782608695652174 years old. Patient has a 0.4285714285714285 diploma.  Height of 0.65 cm. Patient weights 0.1636363636363636 kg. Patient has a history of 0.094 pack years Patient smokes 0.2 cigarettes a day. Patient smoked for a total of 0.47 years. Patient has a lesion size of 0.0733333333333333 mm. History of previous disease. Patient has BMI of 0.0718972664075914. Patient smokes cigar. Patient smokes ciggaretes. Patient smokes pipe. Patient lives with a smoker. Patient works with exposure to smokers. Patient has the main cancer located in the right upper lobe. Patient worked in steel milling environment. Patient worked in welding environment. Patient has pneumonia. Family history of cancer. Patient has work related cancer. Male. White. brother have lung cancer. '
WARNING: vision_encoder.blocks.2.1.spatial_block.conv1.fn.dw.weight has NO gradient.

[DEBUG] Multimodal Text Example (Batch): 'Patient is 0.5 years old. Patient has a 0.5714285714285714 diploma.  Height of 0.575 cm. Patient weights 0.2527272727272727 kg. Patient has a history of 0.10125 pack years Patient smokes 0.225 cigarettes a day. Patient smoked for a total of 0.45 years. Patient has a lesion size of 0.05 mm. History of previous disease. Patient has BMI of 0.117179020662577. Patient smokes ciggaretes. Patient lives with a smoker. Patient works with exposure to smokers. Patient has the main cancer located in the left upper lobe. Patient worked in farm environment. Patient has chronic bronchitis. Patient has heart disease. Patient has Hypertension. Family history of cancer. Patient has work related cancer. Male. White. brother have lung cancer. '
WARNING: vision_encoder.blocks.2.1.spatial_block.conv1.fn.dw.weight has NO gradient.

[DEBUG] Multimodal Text Example (Batch): 'Patient is 0.4130434782608695 years old. Patient has a 1.0 diploma.  Height of 0.65 cm. Patient weights 0.2581818181818182 kg. Patient has a history of 0.0615 pack years Patient smokes 0.15 cigarettes a day. Patient smoked for a total of 0.41 years. Patient has a lesion size of 0.0333333333333333 mm. History of previous disease. Patient has BMI of 0.107549851298019. Patient smokes ciggaretes. Patient lives with a smoker. Patient works with exposure to smokers. Patient has the main cancer located in the right upper lobe. Male. White. '
WARNING: vision_encoder.blocks.2.1.spatial_block.conv1.fn.dw.weight has NO gradient.

[DEBUG] Multimodal Text Example (Batch): 'Patient is 0.532608695652174 years old. Patient has a 0.7142857142857143 diploma.  Height of 0.55 cm. Patient weights 0.1218181818181818 kg. Patient has a history of 0.072 pack years Patient smokes 0.15 cigarettes a day. Patient smoked for a total of 0.48 years. Patient has a lesion size of 0.0833333333333333 mm. History of previous disease. Patient has BMI of 0.0659920798420612. Patient smokes ciggaretes. Patient lives with a smoker. Patient works with exposure to smokers. Patient has the main cancer located in the right middle lobe. Patient has heart disease. Patient has Hypertension. Family history of cancer. Female. White. brother have lung cancer. '
WARNING: vision_encoder.blocks.2.1.spatial_block.conv1.fn.dw.weight has NO gradient.

[DEBUG] Multimodal Text Example (Batch): 'Patient is 0.5434782608695652 years old. Patient has a 0.4285714285714285 diploma.  Height of 0.525 cm. Patient weights 0.1818181818181818 kg. Patient has a history of 0.058 pack years Patient smokes 0.1 cigarettes a day. Patient smoked for a total of 0.58 years. Patient has a lesion size of 0.1366666666666666 mm. History of previous disease. Patient has BMI of 0.0949261995118793. Patient smokes ciggaretes. Patient lives with a smoker. Patient works with exposure to smokers. Patient has the main cancer located in the right lower lobe. Patient worked in farm environment. Patient worked in fire fighting environment. Patient worked in painting environment. Patient has heart disease. Patient has Hypertension. Patient has work related cancer. Male. White. '
WARNING: vision_encoder.blocks.2.1.spatial_block.conv1.fn.dw.weight has NO gradient.

[DEBUG] Multimodal Text Example (Batch): 'Patient is 0.5434782608695652 years old. Patient has a 0.4285714285714285 diploma.  Height of 0.525 cm. Patient weights 0.209090909090909 kg. Patient has a history of 0.038 pack years Patient smokes 0.1 cigarettes a day. Patient smoked for a total of 0.38 years. Patient has a lesion size of 0.0566666666666666 mm. History of previous disease. Patient has BMI of 0.1068278656774231. Patient lives with a smoker. Patient works with exposure to smokers. Patient has the main cancer located in the left upper lobe. Patient has adult asthma. Patient has COPD. Patient has emphysema. Family history of cancer. Male. White. sister have lung cancer. '
WARNING: vision_encoder.blocks.2.1.spatial_block.conv1.fn.dw.weight has NO gradient.

[DEBUG] Multimodal Text Example (Batch): 'Patient is 0.5 years old. Patient has a 0.5714285714285714 diploma.  Height of 0.575 cm. Patient weights 0.1909090909090909 kg. Patient has a history of 0.1125 pack years Patient smokes 0.225 cigarettes a day. Patient smoked for a total of 0.5 years. Patient has a lesion size of 0.1036685288640596 mm. History of previous disease. Patient has BMI of 0.0917654629090921. Patient smokes cigar. Patient smokes ciggaretes. Patient smokes pipe. Patient lives with a smoker. Patient has the main cancer located in the right Hilum. Patient has the main cancer located in the right upper lobe. Patient worked in welding environment. Patient has work related cancer. Male. White. '
WARNING: vision_encoder.blocks.2.1.spatial_block.conv1.fn.dw.weight has NO gradient.
shape xtorch.Size([32, 2])
tensor(2.8948, device='cuda:0')
tensor(-0.5267, device='cuda:0')
shape xtorch.Size([32, 2])
tensor(3.2260, device='cuda:0')
tensor(-0.8967, device='cuda:0')
shape xtorch.Size([32, 2])
tensor(3.6798, device='cuda:0')
tensor(-0.6616, device='cuda:0')
shape xtorch.Size([11, 2])
tensor(3.7727, device='cuda:0')
tensor(-0.5911, device='cuda:0')
shape PREDS: torch.Size([107, 2])
shape time: torch.Size([107])
shape log_hz: torch.Size([107, 107])
shape log_hz_t: torch.Size([107])

==================================================
Stage: VAL
Predicted class distribution: 0s = 65, 1s = 42
Actual label distribution:    0s = 80, 1s = 27
Actual Imbalance Ratio (0:1): 2.96:1
==================================================
✅ Model is predicting both classes.
DEBUG SHAPES: time=(107,), log_hz=(107,), events=(107,)
Cindex TorchSurv: 0.47935590147972107
Cindex Lifelines: 0.49834847233691165
Saved test predictions and probabilities to validation_results_fold_final.csv
Epoch 18/99 ━━━━━━━━━━━━━━━━━ 10/10 0:00:03 • 0:00:00 3.66it/s v_num: ivct      
                                                               train_loss_step: 
                                                               0.327 val_loss:  
                                                               1.052            
                                                               train_loss_epoch:
                                                               0.409            
Saved test predictions and probabilities to test_results_fold_final.xlsx
shape PREDS: torch.Size([80, 2])
shape time: torch.Size([80])
shape log_hz: torch.Size([80, 80])
shape log_hz_t: torch.Size([80])

==================================================
Stage: TEST
Predicted class distribution: 0s = 80, 1s = 0
Actual label distribution:    0s = 60, 1s = 20
Actual Imbalance Ratio (0:1): 3.00:1
==================================================
⚠️ Model is predicting only class 0 (majority class). It is ignoring the minority class!
DEBUG SHAPES: time=(80,), log_hz=(80,), events=(80,)
Cindex TorchSurv: 0.5390447378158569
Cindex Lifelines: 0.5367702805155421
┏━━━━━━━━━━━━━━━━━━━━━━━━━━━┳━━━━━━━━━━━━━━━━━━━━━━━━━━━┓
┃        Test metric        ┃       DataLoader 0        ┃
┡━━━━━━━━━━━━━━━━━━━━━━━━━━━╇━━━━━━━━━━━━━━━━━━━━━━━━━━━┩
│        test_auroc         │     0.546296238899231     │
│     test_balanced_acc     │            0.5            │
│        test_cindex        │    0.5390447378158569     │
│       test_f1_score       │            0.0            │
│         test_ibs          │    0.12469208985567093    │
│      test_precision       │           0.375           │
│        test_recall        │            0.5            │
└───────────────────────────┴───────────────────────────┘
Testing ━━━━━━━━━━━━━━━━━━━━━━━━━━━━━━━━━━━━━━ 3/3 0:00:00 • 0:00:00 12.32it/s 

====================== STARTING FOLD 2/3 ======================
The model has 252,364,290 trainable parameters.
┏━━━┳━━━━━━━━━━━━━━━━┳━━━━━━━━━━━━━━━━━━┳━━━━━━━━┳━━━━━━━┳━━━━━━━┓
┃   ┃ Name           ┃ Type             ┃ Params ┃ Mode  ┃ FLOPs ┃
┡━━━╇━━━━━━━━━━━━━━━━╇━━━━━━━━━━━━━━━━━━╇━━━━━━━━╇━━━━━━━╇━━━━━━━┩
│ 0 │ survival_head  │ Sequential       │  150 K │ train │     0 │
│ 1 │ vision_encoder │ DaViT            │  360 M │ eval  │     0 │
│ 2 │ text_encoder   │ Transformer      │  252 M │ eval  │     0 │
│ 3 │ f1score        │ BinaryF1Score    │      0 │ train │     0 │
│ 4 │ stats_metric   │ BinaryStatScores │      0 │ train │     0 │
└───┴────────────────┴──────────────────┴────────┴───────┴───────┘
Trainable params: 252 M                                                         
Non-trainable params: 360 M                                                     
Total params: 613 M                                                             
Total estimated model params size (MB): 2.5 K                                   
Modules in train mode: 11                                                       
Modules in eval mode: 690                                                       
Total FLOPs: 0                                                                  
shape xtorch.Size([32, 2])
tensor(0.0672, device='cuda:0')
tensor(-0.0256, device='cuda:0')
shape xtorch.Size([32, 2])
tensor(0.0674, device='cuda:0')
tensor(-0.0261, device='cuda:0')
shape PREDS: torch.Size([64, 2])
shape time: torch.Size([64])
shape log_hz: torch.Size([64, 64])
shape log_hz_t: torch.Size([64])

==================================================
Stage: VAL
Predicted class distribution: 0s = 0, 1s = 64
Actual label distribution:    0s = 48, 1s = 16
Actual Imbalance Ratio (0:1): 3.00:1
==================================================
⚠️ Model is predicting only class 1 (minority class). It is ignoring the majority class!
DEBUG SHAPES: time=(64,), log_hz=(64,), events=(64,)
Cindex TorchSurv: 0.490888386964798
Cindex Lifelines: 0.4920273348519362
Saved test predictions and probabilities to validation_results_fold_final.csv

[DEBUG] Multimodal Text Example (Batch): 'Patient is 0.5543478260869565 years old. Patient has a 0.4285714285714285 diploma.  Height of 0.55 cm. Patient weights 0.2 kg. Patient has a history of 0.0442 pack years Patient smokes 0.085 cigarettes a day. Patient smoked for a total of 0.52 years. Patient has a lesion size of 0.2166666666666666 mm. History of previous disease. Patient has BMI of 0.0990993388624175. Patient smokes cigar. Patient smokes ciggaretes. Patient smokes pipe. Patient lives with a smoker. Patient works with exposure to smokers. Patient has the main cancer located in the right middle lobe. Patient has the main cancer located in the right upper lobe. Patient worked in farm environment. Patient has diabetes. Family history of cancer. Patient has work related cancer. Male. White. brother have lung cancer. '
WARNING: vision_encoder.blocks.2.1.spatial_block.conv1.fn.dw.weight has NO gradient.

[DEBUG] Multimodal Text Example (Batch): 'Patient is 0.5 years old. Patient has a 1.0 diploma.  Height of 0.675 cm. Patient weights 0.3072727272727272 kg. Patient has a history of 0.0495 pack years Patient smokes 0.15 cigarettes a day. Patient smoked for a total of 0.33 years. Patient has a lesion size of 0.05 mm. History of previous disease. Patient has BMI of 0.1219198395790086. Patient smokes cigar. Patient smokes pipe. Patient works with exposure to smokers. Patient has the main cancer located in the right upper lobe. Patient has heart disease. Male. White. '
WARNING: vision_encoder.blocks.2.1.spatial_block.conv1.fn.dw.weight has NO gradient.

[DEBUG] Multimodal Text Example (Batch): 'Patient is 0.4456521739130434 years old. Patient has a 0.4285714285714285 diploma.  Height of 0.4 cm. Patient weights 0.1272727272727272 kg. Patient has a history of 0.043 pack years Patient smokes 0.1 cigarettes a day. Patient smoked for a total of 0.43 years. Patient has a lesion size of 0.0133333333333333 mm. History of previous disease. Patient has BMI of 0.0873713122549552. Patient smokes ciggaretes. Patient lives with a smoker. Patient works with exposure to smokers. Patient has the main cancer located in the right upper lobe. Female. White. '
WARNING: vision_encoder.blocks.2.1.spatial_block.conv1.fn.dw.weight has NO gradient.

[DEBUG] Multimodal Text Example (Batch): 'Patient is 0.4239130434782608 years old. Patient has a 0.8571428571428571 diploma.  Height of 0.625 cm. Patient weights 0.3636363636363636 kg. Patient has a history of 0.084 pack years Patient smokes 0.2 cigarettes a day. Patient smoked for a total of 0.42 years. Patient has a lesion size of 0.0733333333333333 mm. History of previous disease. Patient has BMI of 0.1522485100234784. Patient smokes ciggaretes. Patient works with exposure to smokers. Patient has the main cancer located in the left lower lobe. Patient has Hypertension. Male. White. '
WARNING: vision_encoder.blocks.2.1.spatial_block.conv1.fn.dw.weight has NO gradient.

[DEBUG] Multimodal Text Example (Batch): 'Patient is 0.4347826086956521 years old. Patient has a 0.8571428571428571 diploma.  Height of 0.575 cm. Patient weights 0.1818181818181818 kg. Patient has a history of 0.0615 pack years Patient smokes 0.15 cigarettes a day. Patient smoked for a total of 0.41 years. Patient has a lesion size of 0.0233333333333333 mm. History of previous disease. Patient has BMI of 0.0880281750041678. Patient smokes ciggaretes. Patient lives with a smoker. Patient works with exposure to smokers. Patient has the main cancer located in the right upper lobe. Female. White. '
WARNING: vision_encoder.blocks.2.1.spatial_block.conv1.fn.dw.weight has NO gradient.

[DEBUG] Multimodal Text Example (Batch): 'Patient is 0.4456521739130434 years old. Patient has a 0.5714285714285714 diploma.  Height of 0.525 cm. Patient weights 0.209090909090909 kg. Patient has a history of 0.07 pack years Patient smokes 0.2 cigarettes a day. Patient smoked for a total of 0.35 years. Patient has a lesion size of 0.0666666666666666 mm. History of previous disease. Patient has BMI of 0.1068278656774231. Patient smokes cigar. Patient smokes pipe. Patient lives with a smoker. Patient works with exposure to smokers. Patient has the main cancer located in the right upper lobe. Patient worked in asbestos environment. Patient has emphysema. Patient has pneumonia. Patient has work related cancer. Male. White. '
WARNING: vision_encoder.blocks.2.1.spatial_block.conv1.fn.dw.weight has NO gradient.

[DEBUG] Multimodal Text Example (Batch): 'Patient is 0.4673913043478261 years old. Patient has a 0.7142857142857143 diploma.  Height of 0.7 cm. Patient weights 0.3127272727272727 kg. Patient has a history of 0.0675 pack years Patient smokes 0.15 cigarettes a day. Patient smoked for a total of 0.45 years. Patient has a lesion size of 0.0333333333333333 mm. History of previous disease. Patient has BMI of 0.1198926745975205. Patient has the main cancer located in the right upper lobe. Patient has Hypertension. Male. White. '
WARNING: vision_encoder.blocks.2.1.spatial_block.conv1.fn.dw.weight has NO gradient.

[DEBUG] Multimodal Text Example (Batch): 'Patient is 0.4021739130434782 years old. Patient has a 0.7142857142857143 diploma.  Height of 0.65 cm. Patient weights 0.2327272727272727 kg. Patient has a history of 0.09 pack years Patient smokes 0.2 cigarettes a day. Patient smoked for a total of 0.45 years. Patient has a lesion size of 0.2 mm. History of previous disease. Patient has BMI of 0.0979510784429038. Patient smokes ciggaretes. Patient lives with a smoker. Patient works with exposure to smokers. Patient has the main cancer located in the left upper lobe. Patient worked in painting environment. Family history of cancer. Patient has work related cancer. Male. White. mother have lung cancer. '
WARNING: vision_encoder.blocks.2.1.spatial_block.conv1.fn.dw.weight has NO gradient.

[DEBUG] Multimodal Text Example (Batch): 'Patient is 0.4565217391304347 years old. Patient has a 0.4285714285714285 diploma.  Height of 0.425 cm. Patient weights 0.16 kg. Patient has a history of 0.06 pack years Patient smokes 0.15 cigarettes a day. Patient smoked for a total of 0.4 years. Patient has a lesion size of 0.0766666666666666 mm. History of previous disease. Patient has BMI of 0.0999890518828203. Patient lives with a smoker. Patient works with exposure to smokers. Patient has the main cancer located in the right lower lobe. Patient has Hypertension. Female. White. '
WARNING: vision_encoder.blocks.2.1.spatial_block.conv1.fn.dw.weight has NO gradient.

[DEBUG] Multimodal Text Example (Batch): 'Patient is 0.4673913043478261 years old. Patient has a 1.0 diploma.  Height of 0.425 cm. Patient weights 0.1290909090909091 kg. Patient has a history of 0.034 pack years Patient smokes 0.1 cigarettes a day. Patient smoked for a total of 0.34 years. Patient has a lesion size of 0.0266666666666666 mm. History of previous disease. Patient has BMI of 0.0847038943578315. Patient lives with a smoker. Patient has the main cancer located in the left upper lobe. Female. White. '
WARNING: vision_encoder.blocks.2.1.spatial_block.conv1.fn.dw.weight has NO gradient.
shape xtorch.Size([32, 2])
tensor(0.0008, device='cuda:0')
tensor(-0.1549, device='cuda:0')
shape xtorch.Size([32, 2])
tensor(0.0086, device='cuda:0')
tensor(-0.1583, device='cuda:0')
shape xtorch.Size([32, 2])
tensor(0.0105, device='cuda:0')
tensor(-0.1543, device='cuda:0')
shape xtorch.Size([11, 2])
tensor(-8.1867e-05, device='cuda:0')
tensor(-0.1568, device='cuda:0')
shape PREDS: torch.Size([107, 2])
shape time: torch.Size([107])
shape log_hz: torch.Size([107, 107])
shape log_hz_t: torch.Size([107])

==================================================
Stage: VAL
Predicted class distribution: 0s = 0, 1s = 107
Actual label distribution:    0s = 80, 1s = 27
Actual Imbalance Ratio (0:1): 2.96:1
==================================================
⚠️ Model is predicting only class 1 (minority class). It is ignoring the majority class!
DEBUG SHAPES: time=(107,), log_hz=(107,), events=(107,)
Cindex TorchSurv: 0.5535279512405396
Cindex Lifelines: 0.6914030819140308
Saved test predictions and probabilities to validation_results_fold_final.csv

[DEBUG] Multimodal Text Example (Batch): 'Patient is 0.5108695652173914 years old. Patient has a 0.7142857142857143 diploma.  Height of 0.575 cm. Patient weights 0.2527272727272727 kg. Patient has a history of 0.094 pack years Patient smokes 0.2 cigarettes a day. Patient smoked for a total of 0.47 years. Patient has a lesion size of 0.0566666666666666 mm. History of previous disease. Patient has BMI of 0.117179020662577. Patient lives with a smoker. Patient works with exposure to smokers. Patient has the main cancer located in the right upper lobe. Patient has Hypertension. Patient has sarcoidosis. Male. White. '
WARNING: vision_encoder.blocks.2.1.spatial_block.conv1.fn.dw.weight has NO gradient.

[DEBUG] Multimodal Text Example (Batch): 'Patient is 0.4239130434782608 years old. Patient has a 0.4285714285714285 diploma.  Height of 0.675 cm. Patient weights 0.2818181818181818 kg. Patient has a history of 0.05375 pack years Patient smokes 0.125 cigarettes a day. Patient smoked for a total of 0.43 years. Patient has a lesion size of 0.05 mm. History of previous disease. Patient has BMI of 0.1125858476880682. Patient smokes ciggaretes. Patient lives with a smoker. Patient works with exposure to smokers. Patient has the main cancer located in the left upper lobe. Patient worked in welding environment. Patient has childhood asthma. Patient has work related cancer. Male. White. '
WARNING: vision_encoder.blocks.2.1.spatial_block.conv1.fn.dw.weight has NO gradient.

[DEBUG] Multimodal Text Example (Batch): 'Patient is 0.5760869565217391 years old. Patient has a 1.0 diploma.  Height of 0.55 cm. Patient weights 0.3109090909090909 kg. Patient has a history of 0.098 pack years Patient smokes 0.175 cigarettes a day. Patient smoked for a total of 0.56 years. Patient has a lesion size of 0.0133333333333333 mm. History of previous disease. Patient has BMI of 0.1460654504959462. Patient smokes cigar. Patient smokes pipe. Patient lives with a smoker. Patient has the main cancer located in the right lower lobe. Patient worked in farm environment. Patient has adult asthma. Patient has pneumonia. Family history of cancer. Patient has work related cancer. Male. White. mother have lung cancer. '
WARNING: vision_encoder.blocks.2.1.spatial_block.conv1.fn.dw.weight has NO gradient.

[DEBUG] Multimodal Text Example (Batch): 'Patient is 0.4239130434782608 years old. Patient has a 1.0 diploma.  Height of 0.475 cm. Patient weights 0.2036363636363636 kg. Patient has a history of 0.041 pack years Patient smokes 0.1 cigarettes a day. Patient smoked for a total of 0.41 years. Patient has a lesion size of 0.0333333333333333 mm. History of previous disease. Patient has BMI of 0.1126066824913962. Patient smokes ciggaretes. Patient lives with a smoker. Patient works with exposure to smokers. Patient has the main cancer located in the left upper lobe. Patient has adult asthma. Patient has diabetes. Patient has emphysema. Patient has Stroke history. Female. African-American. '
WARNING: vision_encoder.blocks.2.1.spatial_block.conv1.fn.dw.weight has NO gradient.

[DEBUG] Multimodal Text Example (Batch): 'Patient is 0.4239130434782608 years old. Patient has a 0.8571428571428571 diploma.  Height of 0.625 cm. Patient weights 0.3636363636363636 kg. Patient has a history of 0.084 pack years Patient smokes 0.2 cigarettes a day. Patient smoked for a total of 0.42 years. Patient has a lesion size of 0.0733333333333333 mm. History of previous disease. Patient has BMI of 0.1522485100234784. Patient smokes ciggaretes. Patient works with exposure to smokers. Patient has the main cancer located in the left lower lobe. Patient has Hypertension. Male. White. '
WARNING: vision_encoder.blocks.2.1.spatial_block.conv1.fn.dw.weight has NO gradient.

[DEBUG] Multimodal Text Example (Batch): 'Patient is 0.5760869565217391 years old. Patient has a 0.4285714285714285 diploma.  Height of 0.45 cm. Patient weights 0.16 kg. Patient has a history of 0.054 pack years Patient smokes 0.1 cigarettes a day. Patient smoked for a total of 0.54 years. Patient has a lesion size of 0.04 mm. History of previous disease. Patient has BMI of 0.0960812818517552. Patient smokes ciggaretes. Patient lives with a smoker. Patient works with exposure to smokers. Patient has the main cancer located in the right middle lobe. Female. White. '
WARNING: vision_encoder.blocks.2.1.spatial_block.conv1.fn.dw.weight has NO gradient.

[DEBUG] Multimodal Text Example (Batch): 'Patient is 0.5 years old. Patient has a 0.5714285714285714 diploma.  Height of 0.575 cm. Patient weights 0.2527272727272727 kg. Patient has a history of 0.10125 pack years Patient smokes 0.225 cigarettes a day. Patient smoked for a total of 0.45 years. Patient has a lesion size of 0.05 mm. History of previous disease. Patient has BMI of 0.117179020662577. Patient smokes ciggaretes. Patient lives with a smoker. Patient works with exposure to smokers. Patient has the main cancer located in the left upper lobe. Patient worked in farm environment. Patient has chronic bronchitis. Patient has heart disease. Patient has Hypertension. Family history of cancer. Patient has work related cancer. Male. White. brother have lung cancer. '
WARNING: vision_encoder.blocks.2.1.spatial_block.conv1.fn.dw.weight has NO gradient.

[DEBUG] Multimodal Text Example (Batch): 'Patient is 0.5434782608695652 years old. Patient has a 0.7142857142857143 diploma.  Height of 0.65 cm. Patient weights 0.2545454545454545 kg. Patient has a history of 0.06125 pack years Patient smokes 0.125 cigarettes a day. Patient smoked for a total of 0.49 years. Patient has a lesion size of 0.0833333333333333 mm. History of previous disease. Patient has BMI of 0.1061785980330025. Patient lives with a smoker. Patient works with exposure to smokers. Patient has the main cancer located in the right lower lobe. Patient worked in painting environment. Patient has adult asthma. Patient diagnosed with bladder cancer. History of previous cancer. Patient has work related cancer. Male. White. '
WARNING: vision_encoder.blocks.2.1.spatial_block.conv1.fn.dw.weight has NO gradient.

[DEBUG] Multimodal Text Example (Batch): 'Patient is 0.4673913043478261 years old. Patient has a 0.7142857142857143 diploma.  Height of 0.525 cm. Patient weights 0.2381818181818182 kg. Patient has a history of 0.043 pack years Patient smokes 0.1 cigarettes a day. Patient smoked for a total of 0.43 years. Patient has a lesion size of 0.0266666666666666 mm. History of previous disease. Patient has BMI of 0.1195229762540033. Patient smokes ciggaretes. Patient lives with a smoker. Patient has the main cancer located in the right upper lobe. Patient has Stroke history. Family history of cancer. Female. White. father have lung cancer. '
WARNING: vision_encoder.blocks.2.1.spatial_block.conv1.fn.dw.weight has NO gradient.

[DEBUG] Multimodal Text Example (Batch): 'Patient is 0.532608695652174 years old. Patient has a 0.7142857142857143 diploma.  Height of 0.475 cm. Patient weights 0.1709090909090909 kg. Patient has a history of 0.0555 pack years Patient smokes 0.15 cigarettes a day. Patient smoked for a total of 0.37 years. Patient has a lesion size of 0.0466666666666666 mm. History of previous disease. Patient has BMI of 0.09741811086529. Patient lives with a smoker. Patient works with exposure to smokers. Patient has the main cancer located in the right upper lobe. Patient has COPD. Patient has Hypertension. Female. White. '
WARNING: vision_encoder.blocks.2.1.spatial_block.conv1.fn.dw.weight has NO gradient.
shape xtorch.Size([32, 2])
tensor(0.1035, device='cuda:0')
tensor(-0.1514, device='cuda:0')
shape xtorch.Size([32, 2])
tensor(0.0687, device='cuda:0')
tensor(-0.1389, device='cuda:0')
shape xtorch.Size([32, 2])
tensor(0.0442, device='cuda:0')
tensor(-0.1273, device='cuda:0')
shape xtorch.Size([11, 2])
tensor(0.0427, device='cuda:0')
tensor(-0.1274, device='cuda:0')
shape PREDS: torch.Size([107, 2])
shape time: torch.Size([107])
shape log_hz: torch.Size([107, 107])
shape log_hz_t: torch.Size([107])

==================================================
Stage: VAL
Predicted class distribution: 0s = 0, 1s = 107
Actual label distribution:    0s = 80, 1s = 27
Actual Imbalance Ratio (0:1): 2.96:1
==================================================
⚠️ Model is predicting only class 1 (minority class). It is ignoring the majority class!
DEBUG SHAPES: time=(107,), log_hz=(107,), events=(107,)
Cindex TorchSurv: 0.588402271270752
Cindex Lifelines: 0.6305758313057583
Saved test predictions and probabilities to validation_results_fold_final.csv

[DEBUG] Multimodal Text Example (Batch): 'Patient is 0.5108695652173914 years old. Patient has a 0.4285714285714285 diploma.  Height of 0.55 cm. Patient weights 0.2727272727272727 kg. Patient has a history of 0.047 pack years Patient smokes 0.1 cigarettes a day. Patient smoked for a total of 0.47 years. Patient has a lesion size of 0.0833333333333333 mm. History of previous disease. Patient has BMI of 0.1298967891139117. Patient smokes ciggaretes. Patient smokes pipe. Patient has the main cancer located in the left upper lobe. Male. White. '
WARNING: vision_encoder.blocks.2.1.spatial_block.conv1.fn.dw.weight has NO gradient.

[DEBUG] Multimodal Text Example (Batch): 'Patient is 0.4565217391304347 years old. Patient has a 0.7142857142857143 diploma.  Height of 0.55 cm. Patient weights 0.1854545454545454 kg. Patient has a history of 0.084 pack years Patient smokes 0.2 cigarettes a day. Patient smoked for a total of 0.42 years. Patient has a lesion size of 0.1036685288640596 mm. History of previous disease. Patient has BMI of 0.0929398488121186. Patient smokes ciggaretes. Patient lives with a smoker. Patient works with exposure to smokers. Patient has the main cancer located in the right middle lobe. Patient has the main cancer located in the right main stem bronchus. Patient has the main cancer located in the right upper lobe. Family history of cancer. Male. White. father and sister have lung cancer. '
WARNING: vision_encoder.blocks.2.1.spatial_block.conv1.fn.dw.weight has NO gradient.

[DEBUG] Multimodal Text Example (Batch): 'Patient is 0.5217391304347826 years old. Patient has a 0.7142857142857143 diploma.  Height of 0.375 cm. Patient weights 0.2272727272727272 kg. Patient has a history of 0.048 pack years Patient smokes 0.1 cigarettes a day. Patient smoked for a total of 0.48 years. Patient has a lesion size of 0.1833333333333333 mm. History of previous disease. Patient has BMI of 0.1439213918933683. Patient smokes ciggaretes. Patient lives with a smoker. Patient works with exposure to smokers. Patient has the main cancer located in the right lower lobe. Patient has chronic bronchitis. Patient has pneumonia. Patient diagnosed with breast cancer. History of previous cancer. Family history of cancer. Female. African-American. father and mother have lung cancer. '
WARNING: vision_encoder.blocks.2.1.spatial_block.conv1.fn.dw.weight has NO gradient.

[DEBUG] Multimodal Text Example (Batch): 'Patient is 0.532608695652174 years old. Patient has a 0.7142857142857143 diploma.  Height of 0.55 cm. Patient weights 0.1218181818181818 kg. Patient has a history of 0.072 pack years Patient smokes 0.15 cigarettes a day. Patient smoked for a total of 0.48 years. Patient has a lesion size of 0.0833333333333333 mm. History of previous disease. Patient has BMI of 0.0659920798420612. Patient smokes ciggaretes. Patient lives with a smoker. Patient works with exposure to smokers. Patient has the main cancer located in the right middle lobe. Patient has heart disease. Patient has Hypertension. Family history of cancer. Female. White. brother have lung cancer. '
WARNING: vision_encoder.blocks.2.1.spatial_block.conv1.fn.dw.weight has NO gradient.

[DEBUG] Multimodal Text Example (Batch): 'Patient is 0.5 years old. Patient has a 0.7142857142857143 diploma.  Height of 0.55 cm. Patient weights 0.2909090909090909 kg. Patient has a history of 0.035 pack years Patient smokes 0.1 cigarettes a day. Patient smoked for a total of 0.35 years. Patient has a lesion size of 0.01 mm. History of previous disease. Patient has BMI of 0.1375961516767853. Patient has the main cancer located in the right middle lobe. Patient has bronchiectasis. Patient has chronic bronchitis. Family history of cancer. Female. White. sister have lung cancer. '
WARNING: vision_encoder.blocks.2.1.spatial_block.conv1.fn.dw.weight has NO gradient.

[DEBUG] Multimodal Text Example (Batch): 'Patient is 0.532608695652174 years old. Patient has a 1.0 diploma.  Height of 0.55 cm. Patient weights 0.1272727272727272 kg. Patient has a history of 0.051 pack years Patient smokes 0.1 cigarettes a day. Patient smoked for a total of 0.51 years. Patient has a lesion size of 0.1333333333333333 mm. History of previous disease. Patient has BMI of 0.0683018886109232. Patient works with exposure to smokers. Patient has the main cancer located in the left upper lobe. Patient has chronic bronchitis. Patient has emphysema. Patient has Hypertension. Female. White. '
WARNING: vision_encoder.blocks.2.1.spatial_block.conv1.fn.dw.weight has NO gradient.

[DEBUG] Multimodal Text Example (Batch): 'Patient is 0.5978260869565217 years old. Patient has a 0.4285714285714285 diploma.  Height of 0.75 cm. Patient weights 0.2727272727272727 kg. Patient has a history of 0.084 pack years Patient smokes 0.15 cigarettes a day. Patient smoked for a total of 0.56 years. Patient has a lesion size of 0.04 mm. History of previous disease. Patient has BMI of 0.0987982082377362. Patient smokes ciggaretes. Patient lives with a smoker. Patient works with exposure to smokers. Patient has the main cancer located in the left lower lobe. Male. White. '
WARNING: vision_encoder.blocks.2.1.spatial_block.conv1.fn.dw.weight has NO gradient.

[DEBUG] Multimodal Text Example (Batch): 'Patient is 0.5543478260869565 years old. Patient has a 0.8571428571428571 diploma.  Height of 0.625 cm. Patient weights 0.2327272727272727 kg. Patient has a history of 0.056 pack years Patient smokes 0.1 cigarettes a day. Patient smoked for a total of 0.56 years. Patient has a lesion size of 0.0666666666666666 mm. History of previous disease. Patient has BMI of 0.1014628860393714. Patient smokes ciggaretes. Patient lives with a smoker. Patient works with exposure to smokers. Patient has the main cancer located in the right upper lobe. Patient has Hypertension. Patient has pneumonia. Family history of cancer. Male. White. father have lung cancer. '
WARNING: vision_encoder.blocks.2.1.spatial_block.conv1.fn.dw.weight has NO gradient.

[DEBUG] Multimodal Text Example (Batch): 'Patient is 0.4021739130434782 years old. Patient has a 0.4285714285714285 diploma.  Height of 0.6 cm. Patient weights 0.2545454545454545 kg. Patient has a history of 0.043 pack years Patient smokes 0.1 cigarettes a day. Patient smoked for a total of 0.43 years. Patient has a lesion size of 0.05 mm. History of previous disease. Patient has BMI of 0.1138398744138967. Patient smokes cigar. Patient smokes ciggaretes. Patient smokes pipe. Patient lives with a smoker. Patient works with exposure to smokers. Patient has the main cancer located in the right upper lobe. Patient worked in farm environment. Patient worked in painting environment. Patient worked in sandblasting environment. Patient has work related cancer. Male. White. '
WARNING: vision_encoder.blocks.2.1.spatial_block.conv1.fn.dw.weight has NO gradient.

[DEBUG] Multimodal Text Example (Batch): 'Patient is 0.4456521739130434 years old. Patient has a 0.5714285714285714 diploma.  Height of 0.625 cm. Patient weights 0.2236363636363636 kg. Patient has a history of 0.06 pack years Patient smokes 0.2 cigarettes a day. Patient smoked for a total of 0.3 years. Patient has a lesion size of 0.05 mm. History of previous disease. Patient has BMI of 0.0979361065960307. Patient lives with a smoker. Patient works with exposure to smokers. Patient has the main cancer located in the right lower lobe. Patient worked in asbestos environment. Patient worked in farm environment. Patient worked in painting environment. Patient worked in sandblasting environment. Patient worked in welding environment. Patient has adult asthma. Patient has asbestosis. Patient has chronic bronchitis. Patient has COPD. Patient has emphysema. Patient has silicosis. Patient has tuberculosis. Patient has work related cancer. Female. White. '
WARNING: vision_encoder.blocks.2.1.spatial_block.conv1.fn.dw.weight has NO gradient.
shape xtorch.Size([32, 2])
tensor(0.8192, device='cuda:0')
tensor(-0.1914, device='cuda:0')
shape xtorch.Size([32, 2])
tensor(0.7499, device='cuda:0')
tensor(-0.1995, device='cuda:0')
shape xtorch.Size([32, 2])
tensor(0.7825, device='cuda:0')
tensor(-0.1899, device='cuda:0')
shape xtorch.Size([11, 2])
tensor(0.7225, device='cuda:0')
tensor(-0.1939, device='cuda:0')
shape PREDS: torch.Size([107, 2])
shape time: torch.Size([107])
shape log_hz: torch.Size([107, 107])
shape log_hz_t: torch.Size([107])

==================================================
Stage: VAL
Predicted class distribution: 0s = 18, 1s = 89
Actual label distribution:    0s = 80, 1s = 27
Actual Imbalance Ratio (0:1): 2.96:1
==================================================
✅ Model is predicting both classes.
DEBUG SHAPES: time=(107,), log_hz=(107,), events=(107,)
Cindex TorchSurv: 0.5279805064201355
Cindex Lifelines: 0.5750202757502028
Saved test predictions and probabilities to validation_results_fold_final.csv

[DEBUG] Multimodal Text Example (Batch): 'Patient is 0.4239130434782608 years old. Patient has a 0.8571428571428571 diploma.  Height of 0.625 cm. Patient weights 0.2818181818181818 kg. Patient has a history of 0.05 pack years Patient smokes 0.2 cigarettes a day. Patient smoked for a total of 0.25 years. Patient has a lesion size of 0.1266666666666666 mm. History of previous disease. Patient has BMI of 0.1205074950334116. Patient smokes pipe. Patient lives with a smoker. Patient works with exposure to smokers. Patient has the main cancer located in the left lower lobe. Patient worked in baking environment. Patient worked in farm environment. Patient worked in welding environment. Patient has work related cancer. Male. White. '
WARNING: vision_encoder.blocks.2.1.spatial_block.conv1.fn.dw.weight has NO gradient.

[DEBUG] Multimodal Text Example (Batch): 'Patient is 0.4021739130434782 years old. Patient has a 0.7142857142857143 diploma.  Height of 0.65 cm. Patient weights 0.2327272727272727 kg. Patient has a history of 0.09 pack years Patient smokes 0.2 cigarettes a day. Patient smoked for a total of 0.45 years. Patient has a lesion size of 0.2 mm. History of previous disease. Patient has BMI of 0.0979510784429038. Patient smokes ciggaretes. Patient lives with a smoker. Patient works with exposure to smokers. Patient has the main cancer located in the left upper lobe. Patient worked in painting environment. Family history of cancer. Patient has work related cancer. Male. White. mother have lung cancer. '
WARNING: vision_encoder.blocks.2.1.spatial_block.conv1.fn.dw.weight has NO gradient.

[DEBUG] Multimodal Text Example (Batch): 'Patient is 0.532608695652174 years old. Patient has a 0.1428571428571428 diploma.  Height of 0.625 cm. Patient weights 0.26 kg. Patient has a history of 0.043 pack years Patient smokes 0.1 cigarettes a day. Patient smoked for a total of 0.43 years. Patient has a lesion size of 0.1 mm. History of previous disease. Patient has BMI of 0.1120432243693937. Patient smokes ciggaretes. Patient lives with a smoker. Patient works with exposure to smokers. Patient has the main cancer located in the left upper lobe. Patient worked in painting environment. Patient worked in welding environment. Patient has Hypertension. Patient has work related cancer. Male. White. '
WARNING: vision_encoder.blocks.2.1.spatial_block.conv1.fn.dw.weight has NO gradient.

[DEBUG] Multimodal Text Example (Batch): 'Patient is 0.4130434782608695 years old. Patient has a 0.7142857142857143 diploma.  Height of 0.525 cm. Patient weights 0.2 kg. Patient has a history of 0.03 pack years Patient smokes 0.1 cigarettes a day. Patient smoked for a total of 0.3 years. Patient has a lesion size of 0.05 mm. History of previous disease. Patient has BMI of 0.1028606436222419. Patient smokes ciggaretes. Patient lives with a smoker. Patient works with exposure to smokers. Patient has the main cancer located in the left lower lobe. Female. White. '
WARNING: vision_encoder.blocks.2.1.spatial_block.conv1.fn.dw.weight has NO gradient.

[DEBUG] Multimodal Text Example (Batch): 'Patient is 0.4782608695652174 years old. Patient has a 0.7142857142857143 diploma.  Height of 0.5 cm. Patient weights 0.3 kg. Patient has a history of 0.054 pack years Patient smokes 0.15 cigarettes a day. Patient smoked for a total of 0.36 years. Patient has a lesion size of 0.0733333333333333 mm. History of previous disease. Patient has BMI of 0.1517894026403216. Patient has the main cancer located in the right lower lobe. Patient has Hypertension. Patient has pneumonia. Patient diagnosed with breast cancer. History of previous cancer. Female. White. '
WARNING: vision_encoder.blocks.2.1.spatial_block.conv1.fn.dw.weight has NO gradient.

[DEBUG] Multimodal Text Example (Batch): 'Patient is 0.4565217391304347 years old. Patient has a 0.4285714285714285 diploma.  Height of 0.425 cm. Patient weights 0.16 kg. Patient has a history of 0.06 pack years Patient smokes 0.15 cigarettes a day. Patient smoked for a total of 0.4 years. Patient has a lesion size of 0.0766666666666666 mm. History of previous disease. Patient has BMI of 0.0999890518828203. Patient lives with a smoker. Patient works with exposure to smokers. Patient has the main cancer located in the right lower lobe. Patient has Hypertension. Female. White. '
WARNING: vision_encoder.blocks.2.1.spatial_block.conv1.fn.dw.weight has NO gradient.

[DEBUG] Multimodal Text Example (Batch): 'Patient is 0.532608695652174 years old. Patient has a 0.2857142857142857 diploma.  Height of 0.55 cm. Patient weights 0.209090909090909 kg. Patient has a history of 0.0765 pack years Patient smokes 0.15 cigarettes a day. Patient smoked for a total of 0.51 years. Patient has a lesion size of 0.04 mm. History of previous disease. Patient has BMI of 0.1029490201438543. Patient smokes ciggaretes. Patient smokes pipe. Patient lives with a smoker. Patient works with exposure to smokers. Patient has the main cancer located in the left lower lobe. Patient has Hypertension. Male. African-American. '
WARNING: vision_encoder.blocks.2.1.spatial_block.conv1.fn.dw.weight has NO gradient.

[DEBUG] Multimodal Text Example (Batch): 'Patient is 0.5760869565217391 years old. Patient has a 1.0 diploma.  Height of 0.55 cm. Patient weights 0.2181818181818181 kg. Patient has a history of 0.04 pack years Patient smokes 0.1 cigarettes a day. Patient smoked for a total of 0.4 years. Patient has a lesion size of 0.0366666666666666 mm. History of previous disease. Patient has BMI of 0.106798701425291. Patient smokes pipe. Patient lives with a smoker. Patient works with exposure to smokers. Patient has the main cancer located in the left upper lobe. Patient has Hypertension. Family history of cancer. Male. White. mother have lung cancer. '
WARNING: vision_encoder.blocks.2.1.spatial_block.conv1.fn.dw.weight has NO gradient.

[DEBUG] Multimodal Text Example (Batch): 'Patient is 0.4021739130434782 years old. Patient has a 0.4285714285714285 diploma.  Height of 0.575 cm. Patient weights 0.3018181818181818 kg. Patient has a history of 0.042 pack years Patient smokes 0.1 cigarettes a day. Patient smoked for a total of 0.42 years. Patient has a lesion size of 0.0266666666666666 mm. History of previous disease. Patient has BMI of 0.1373603753491679. Patient smokes ciggaretes. Patient lives with a smoker. Patient has the main cancer located in the right upper lobe. Family history of cancer. Female. White. sister have lung cancer. '
WARNING: vision_encoder.blocks.2.1.spatial_block.conv1.fn.dw.weight has NO gradient.

[DEBUG] Multimodal Text Example (Batch): 'Patient is 0.5 years old. Patient has a 1.0 diploma.  Height of 0.7 cm. Patient weights 0.2454545454545454 kg. Patient has a history of 0.0925 pack years Patient smokes 0.25 cigarettes a day. Patient smoked for a total of 0.37 years. Patient has a lesion size of 0.15 mm. History of previous disease. Patient has BMI of 0.0958954851406738. Patient lives with a smoker. Patient works with exposure to smokers. Patient has the main cancer located in the right upper lobe. Patient has heart disease. Patient has Hypertension. Male. White. '
WARNING: vision_encoder.blocks.2.1.spatial_block.conv1.fn.dw.weight has NO gradient.
shape xtorch.Size([32, 2])
tensor(1.4265, device='cuda:0')
tensor(-0.7074, device='cuda:0')
shape xtorch.Size([32, 2])
tensor(0.9782, device='cuda:0')
tensor(-0.7272, device='cuda:0')
shape xtorch.Size([32, 2])
tensor(1.3597, device='cuda:0')
tensor(-0.6870, device='cuda:0')
shape xtorch.Size([11, 2])
tensor(1.3040, device='cuda:0')
tensor(-0.7151, device='cuda:0')
shape PREDS: torch.Size([107, 2])
shape time: torch.Size([107])
shape log_hz: torch.Size([107, 107])
shape log_hz_t: torch.Size([107])

==================================================
Stage: VAL
Predicted class distribution: 0s = 18, 1s = 89
Actual label distribution:    0s = 80, 1s = 27
Actual Imbalance Ratio (0:1): 2.96:1
==================================================
✅ Model is predicting both classes.
DEBUG SHAPES: time=(107,), log_hz=(107,), events=(107,)
Cindex TorchSurv: 0.5024330615997314
Cindex Lifelines: 0.5587996755879967
Saved test predictions and probabilities to validation_results_fold_final.csv

[DEBUG] Multimodal Text Example (Batch): 'Patient is 0.4565217391304347 years old. Patient has a 0.8571428571428571 diploma.  Height of 0.55 cm. Patient weights 0.3454545454545454 kg. Patient has a history of 0.057 pack years Patient smokes 0.15 cigarettes a day. Patient smoked for a total of 0.38 years. Patient has a lesion size of 0.0433333333333333 mm. History of previous disease. Patient has BMI of 0.160694239365406. Patient lives with a smoker. Patient works with exposure to smokers. Patient has the main cancer located in the left lower lobe. Female. White. '
WARNING: vision_encoder.blocks.2.1.spatial_block.conv1.fn.dw.weight has NO gradient.

[DEBUG] Multimodal Text Example (Batch): 'Patient is 0.5760869565217391 years old. Patient has a 0.4285714285714285 diploma.  Height of 0.45 cm. Patient weights 0.16 kg. Patient has a history of 0.054 pack years Patient smokes 0.1 cigarettes a day. Patient smoked for a total of 0.54 years. Patient has a lesion size of 0.04 mm. History of previous disease. Patient has BMI of 0.0960812818517552. Patient smokes ciggaretes. Patient lives with a smoker. Patient works with exposure to smokers. Patient has the main cancer located in the right middle lobe. Female. White. '
WARNING: vision_encoder.blocks.2.1.spatial_block.conv1.fn.dw.weight has NO gradient.

[DEBUG] Multimodal Text Example (Batch): 'Patient is 0.4456521739130434 years old. Patient has a 0.8571428571428571 diploma.  Height of 0.675 cm. Patient weights 0.2181818181818181 kg. Patient has a history of 0.034 pack years Patient smokes 0.1 cigarettes a day. Patient smoked for a total of 0.34 years. Patient has a lesion size of 0.0666666666666666 mm. History of previous disease. Patient has BMI of 0.0892508679607172. Patient has the main cancer located in the right lower lobe. Patient has emphysema. Male. White. '
WARNING: vision_encoder.blocks.2.1.spatial_block.conv1.fn.dw.weight has NO gradient.

[DEBUG] Multimodal Text Example (Batch): 'Patient is 0.5434782608695652 years old. Patient has a 1.0 diploma.  Height of 0.5 cm. Patient weights 0.1636363636363636 kg. Patient has a history of 0.06 pack years Patient smokes 0.15 cigarettes a day. Patient smoked for a total of 0.4 years. Patient has a lesion size of 0.0333333333333333 mm. History of previous disease. Patient has BMI of 0.0904359614366421. Patient lives with a smoker. Patient works with exposure to smokers. Patient has the main cancer located in the right upper lobe. Patient has heart disease. Female. White. '
WARNING: vision_encoder.blocks.2.1.spatial_block.conv1.fn.dw.weight has NO gradient.

[DEBUG] Multimodal Text Example (Batch): 'Patient is 0.5217391304347826 years old. Patient has a 0.4285714285714285 diploma.  Height of 0.425 cm. Patient weights 0.109090909090909 kg. Patient has a history of 0.043 pack years Patient smokes 0.1 cigarettes a day. Patient smoked for a total of 0.43 years. Patient has a lesion size of 0.06 mm. History of previous disease. Patient has BMI of 0.0748134983122505. Patient smokes ciggaretes. Patient lives with a smoker. Patient works with exposure to smokers. Patient has the main cancer located in the right upper lobe. Family history of cancer. Female. White. sister have lung cancer. '
WARNING: vision_encoder.blocks.2.1.spatial_block.conv1.fn.dw.weight has NO gradient.

[DEBUG] Multimodal Text Example (Batch): 'Patient is 0.5869565217391305 years old. Patient has a 0.7142857142857143 diploma.  Height of 0.375 cm. Patient weights 0.2363636363636363 kg. Patient has a history of 0.11 pack years Patient smokes 0.2 cigarettes a day. Patient smoked for a total of 0.55 years. Patient has a lesion size of 0.0733333333333333 mm. History of previous disease. Patient has BMI of 0.1487217305801376. Patient smokes ciggaretes. Patient lives with a smoker. Patient works with exposure to smokers. Patient has the main cancer located in the right upper lobe. Female. White. '
WARNING: vision_encoder.blocks.2.1.spatial_block.conv1.fn.dw.weight has NO gradient.

[DEBUG] Multimodal Text Example (Batch): 'Patient is 0.5978260869565217 years old. Patient has a 0.7142857142857143 diploma.  Height of 0.375 cm. Patient weights 0.2654545454545454 kg. Patient has a history of 0.047 pack years Patient smokes 0.1 cigarettes a day. Patient smoked for a total of 0.47 years. Patient has a lesion size of 0.07 mm. History of previous disease. Patient has BMI of 0.1640828143777996. Patient lives with a smoker. Patient works with exposure to smokers. Patient has the main cancer located in the right upper lobe. Patient has diabetes. Patient has Hypertension. Female. White. '
WARNING: vision_encoder.blocks.2.1.spatial_block.conv1.fn.dw.weight has NO gradient.

[DEBUG] Multimodal Text Example (Batch): 'Patient is 0.5543478260869565 years old. Patient has a 0.8571428571428571 diploma.  Height of 0.625 cm. Patient weights 0.2327272727272727 kg. Patient has a history of 0.056 pack years Patient smokes 0.1 cigarettes a day. Patient smoked for a total of 0.56 years. Patient has a lesion size of 0.0666666666666666 mm. History of previous disease. Patient has BMI of 0.1014628860393714. Patient smokes ciggaretes. Patient lives with a smoker. Patient works with exposure to smokers. Patient has the main cancer located in the right upper lobe. Patient has Hypertension. Patient has pneumonia. Family history of cancer. Male. White. father have lung cancer. '
WARNING: vision_encoder.blocks.2.1.spatial_block.conv1.fn.dw.weight has NO gradient.

[DEBUG] Multimodal Text Example (Batch): 'Patient is 0.4021739130434782 years old. Patient has a 0.4285714285714285 diploma.  Height of 0.6 cm. Patient weights 0.2545454545454545 kg. Patient has a history of 0.043 pack years Patient smokes 0.1 cigarettes a day. Patient smoked for a total of 0.43 years. Patient has a lesion size of 0.05 mm. History of previous disease. Patient has BMI of 0.1138398744138967. Patient smokes cigar. Patient smokes ciggaretes. Patient smokes pipe. Patient lives with a smoker. Patient works with exposure to smokers. Patient has the main cancer located in the right upper lobe. Patient worked in farm environment. Patient worked in painting environment. Patient worked in sandblasting environment. Patient has work related cancer. Male. White. '
WARNING: vision_encoder.blocks.2.1.spatial_block.conv1.fn.dw.weight has NO gradient.

[DEBUG] Multimodal Text Example (Batch): 'Patient is 0.4021739130434782 years old. Patient has a 0.8571428571428571 diploma.  Height of 0.625 cm. Patient weights 0.1818181818181818 kg. Patient has a history of 0.082 pack years Patient smokes 0.2 cigarettes a day. Patient smoked for a total of 0.41 years. Patient has a lesion size of 0.1633333333333333 mm. History of previous disease. Patient has BMI of 0.0817129211566632. Patient smokes ciggaretes. Patient lives with a smoker. Patient works with exposure to smokers. Patient has the main cancer located in the right upper lobe. Patient worked in farm environment. Patient worked in flour environment. Patient has Hypertension. Patient has pneumonia. Family history of cancer. Patient has work related cancer. Male. White. father have lung cancer. '
WARNING: vision_encoder.blocks.2.1.spatial_block.conv1.fn.dw.weight has NO gradient.
shape xtorch.Size([32, 2])
tensor(3.2033, device='cuda:0')
tensor(-0.1248, device='cuda:0')
shape xtorch.Size([32, 2])
tensor(2.5625, device='cuda:0')
tensor(-0.1368, device='cuda:0')
shape xtorch.Size([32, 2])
tensor(2.5738, device='cuda:0')
tensor(-0.1116, device='cuda:0')
shape xtorch.Size([11, 2])
tensor(2.6944, device='cuda:0')
tensor(-0.1197, device='cuda:0')
shape PREDS: torch.Size([107, 2])
shape time: torch.Size([107])
shape log_hz: torch.Size([107, 107])
shape log_hz_t: torch.Size([107])

==================================================
Stage: VAL
Predicted class distribution: 0s = 43, 1s = 64
Actual label distribution:    0s = 80, 1s = 27
Actual Imbalance Ratio (0:1): 2.96:1
==================================================
✅ Model is predicting both classes.
DEBUG SHAPES: time=(107,), log_hz=(107,), events=(107,)
Cindex TorchSurv: 0.5304136276245117
Cindex Lifelines: 0.540551500405515
Saved test predictions and probabilities to validation_results_fold_final.csv

[DEBUG] Multimodal Text Example (Batch): 'Patient is 0.4130434782608695 years old. Patient has a 0.7142857142857143 diploma.  Height of 0.5 cm. Patient weights 0.2 kg. Patient has a history of 0.043 pack years Patient smokes 0.1 cigarettes a day. Patient smoked for a total of 0.43 years. Patient has a lesion size of 0.04 mm. History of previous disease. Patient has BMI of 0.1067968790909566. Patient smokes ciggaretes. Patient lives with a smoker. Patient works with exposure to smokers. Patient has the main cancer located in the right lower lobe. Female. White. '
WARNING: vision_encoder.blocks.2.1.spatial_block.conv1.fn.dw.weight has NO gradient.

[DEBUG] Multimodal Text Example (Batch): 'Patient is 0.5108695652173914 years old. Patient has a 0.1428571428571428 diploma.  Height of 0.475 cm. Patient weights 0.1872727272727272 kg. Patient has a history of 0.04 pack years Patient smokes 0.1 cigarettes a day. Patient smoked for a total of 0.4 years. Patient has a lesion size of 0.0966666666666666 mm. History of previous disease. Patient has BMI of 0.1050123966783431. Patient smokes ciggaretes. Patient works with exposure to smokers. Patient has the main cancer located in the right upper lobe. Family history of cancer. Male. White. father have lung cancer. '
WARNING: vision_encoder.blocks.2.1.spatial_block.conv1.fn.dw.weight has NO gradient.

[DEBUG] Multimodal Text Example (Batch): 'Patient is 0.4673913043478261 years old. Patient has a 0.5714285714285714 diploma.  Height of 0.7 cm. Patient weights 0.3090909090909091 kg. Patient has a history of 0.1075 pack years Patient smokes 0.25 cigarettes a day. Patient smoked for a total of 0.43 years. Patient has a lesion size of 0.15 mm. History of previous disease. Patient has BMI of 0.1185955292214747. Patient smokes cigar. Patient smokes pipe. Patient works with exposure to smokers. Patient has the main cancer located in the right lower lobe. Patient worked in chemical environment. Patient worked in farm environment. Patient worked in painting environment. Family history of cancer. Patient has work related cancer. Male. White. mother have lung cancer. '
WARNING: vision_encoder.blocks.2.1.spatial_block.conv1.fn.dw.weight has NO gradient.

[DEBUG] Multimodal Text Example (Batch): 'Patient is 0.5652173913043478 years old. Patient has a 0.0 diploma.  Height of 0.7 cm. Patient weights 0.2909090909090909 kg. Patient has a history of 0.096 pack years Patient smokes 0.2 cigarettes a day. Patient smoked for a total of 0.48 years. Patient has a lesion size of 0.08 mm. History of previous disease. Patient has BMI of 0.1121098023412459. Patient smokes ciggaretes. Patient lives with a smoker. Patient works with exposure to smokers. Patient has the main cancer located in the right lower lobe. Male. White. '
WARNING: vision_encoder.blocks.2.1.spatial_block.conv1.fn.dw.weight has NO gradient.

[DEBUG] Multimodal Text Example (Batch): 'Patient is 0.4673913043478261 years old. Patient has a 1.0 diploma.  Height of 0.55 cm. Patient weights 0.1672727272727272 kg. Patient has a history of 0.037 pack years Patient smokes 0.1 cigarettes a day. Patient smoked for a total of 0.37 years. Patient has a lesion size of 0.0666666666666666 mm. History of previous disease. Patient has BMI of 0.0852404862492451. Patient smokes cigar. Patient smokes ciggaretes. Patient smokes pipe. Patient lives with a smoker. Patient works with exposure to smokers. Patient has the main cancer located in the right upper lobe. Female. White. '
WARNING: vision_encoder.blocks.2.1.spatial_block.conv1.fn.dw.weight has NO gradient.

[DEBUG] Multimodal Text Example (Batch): 'Patient is 0.5543478260869565 years old. Patient has a 0.4285714285714285 diploma.  Height of 0.55 cm. Patient weights 0.2 kg. Patient has a history of 0.0442 pack years Patient smokes 0.085 cigarettes a day. Patient smoked for a total of 0.52 years. Patient has a lesion size of 0.2166666666666666 mm. History of previous disease. Patient has BMI of 0.0990993388624175. Patient smokes cigar. Patient smokes ciggaretes. Patient smokes pipe. Patient lives with a smoker. Patient works with exposure to smokers. Patient has the main cancer located in the right middle lobe. Patient has the main cancer located in the right upper lobe. Patient worked in farm environment. Patient has diabetes. Family history of cancer. Patient has work related cancer. Male. White. brother have lung cancer. '
WARNING: vision_encoder.blocks.2.1.spatial_block.conv1.fn.dw.weight has NO gradient.

[DEBUG] Multimodal Text Example (Batch): 'Patient is 0.4456521739130434 years old. Patient has a 0.4285714285714285 diploma.  Height of 0.4 cm. Patient weights 0.1272727272727272 kg. Patient has a history of 0.043 pack years Patient smokes 0.1 cigarettes a day. Patient smoked for a total of 0.43 years. Patient has a lesion size of 0.0133333333333333 mm. History of previous disease. Patient has BMI of 0.0873713122549552. Patient smokes ciggaretes. Patient lives with a smoker. Patient works with exposure to smokers. Patient has the main cancer located in the right upper lobe. Female. White. '
WARNING: vision_encoder.blocks.2.1.spatial_block.conv1.fn.dw.weight has NO gradient.

[DEBUG] Multimodal Text Example (Batch): 'Patient is 0.5543478260869565 years old. Patient has a 0.8571428571428571 diploma.  Height of 0.625 cm. Patient weights 0.2327272727272727 kg. Patient has a history of 0.056 pack years Patient smokes 0.1 cigarettes a day. Patient smoked for a total of 0.56 years. Patient has a lesion size of 0.0666666666666666 mm. History of previous disease. Patient has BMI of 0.1014628860393714. Patient smokes ciggaretes. Patient lives with a smoker. Patient works with exposure to smokers. Patient has the main cancer located in the right upper lobe. Patient has Hypertension. Patient has pneumonia. Family history of cancer. Male. White. father have lung cancer. '
WARNING: vision_encoder.blocks.2.1.spatial_block.conv1.fn.dw.weight has NO gradient.

[DEBUG] Multimodal Text Example (Batch): 'Patient is 0.4673913043478261 years old. Patient has a 0.7142857142857143 diploma.  Height of 0.425 cm. Patient weights 0.1636363636363636 kg. Patient has a history of 0.038 pack years Patient smokes 0.1 cigarettes a day. Patient smoked for a total of 0.38 years. Patient has a lesion size of 0.04 mm. History of previous disease. Patient has BMI of 0.1017873057092896. Patient smokes ciggaretes. Patient lives with a smoker. Patient works with exposure to smokers. Patient has the main cancer located in the right upper lobe. Patient worked in baking environment. Patient has adult asthma. Patient has chronic bronchitis. Patient has COPD. Patient has emphysema. Family history of cancer. Patient has work related cancer. Female. White. father have lung cancer. '
WARNING: vision_encoder.blocks.2.1.spatial_block.conv1.fn.dw.weight has NO gradient.

[DEBUG] Multimodal Text Example (Batch): 'Patient is 0.5108695652173914 years old. Patient has a 0.4285714285714285 diploma.  Height of 0.625 cm. Patient weights 0.2454545454545454 kg. Patient has a history of 0.045 pack years Patient smokes 0.1 cigarettes a day. Patient smoked for a total of 0.45 years. Patient has a lesion size of 0.0333333333333333 mm. History of previous disease. Patient has BMI of 0.1064003772600485. Patient smokes pipe. Patient works with exposure to smokers. Patient has the main cancer located in the left lower lobe. Family history of cancer. Male. White. father have lung cancer. '
WARNING: vision_encoder.blocks.2.1.spatial_block.conv1.fn.dw.weight has NO gradient.
shape xtorch.Size([32, 2])
tensor(2.2690, device='cuda:0')
tensor(-0.3460, device='cuda:0')
shape xtorch.Size([32, 2])
tensor(1.5957, device='cuda:0')
tensor(-0.3244, device='cuda:0')
shape xtorch.Size([32, 2])
tensor(1.5358, device='cuda:0')
tensor(-0.2615, device='cuda:0')
shape xtorch.Size([11, 2])
tensor(1.6560, device='cuda:0')
tensor(-0.1955, device='cuda:0')
shape PREDS: torch.Size([107, 2])
shape time: torch.Size([107])
shape log_hz: torch.Size([107, 107])
shape log_hz_t: torch.Size([107])

==================================================
Stage: VAL
Predicted class distribution: 0s = 33, 1s = 74
Actual label distribution:    0s = 80, 1s = 27
Actual Imbalance Ratio (0:1): 2.96:1
==================================================
✅ Model is predicting both classes.
DEBUG SHAPES: time=(107,), log_hz=(107,), events=(107,)
Cindex TorchSurv: 0.544606626033783
Cindex Lifelines: 0.5450121654501217
Saved test predictions and probabilities to validation_results_fold_final.csv

[DEBUG] Multimodal Text Example (Batch): 'Patient is 0.6086956521739131 years old. Patient has a 0.5714285714285714 diploma.  Height of 0.775 cm. Patient weights 0.4272727272727272 kg. Patient has a history of 0.042 pack years Patient smokes 0.1 cigarettes a day. Patient smoked for a total of 0.42 years. Patient has a lesion size of 0.0666666666666666 mm. History of previous disease. Patient has BMI of 0.1464478859390363. Patient smokes cigar. Patient smokes pipe. Patient lives with a smoker. Patient works with exposure to smokers. Patient has the main cancer located in the right middle lobe. Patient has Hypertension. Family history of cancer. Male. White. father have lung cancer. '
WARNING: vision_encoder.blocks.2.1.spatial_block.conv1.fn.dw.weight has NO gradient.

[DEBUG] Multimodal Text Example (Batch): 'Patient is 0.5543478260869565 years old. Patient has a 0.8571428571428571 diploma.  Height of 0.625 cm. Patient weights 0.2327272727272727 kg. Patient has a history of 0.056 pack years Patient smokes 0.1 cigarettes a day. Patient smoked for a total of 0.56 years. Patient has a lesion size of 0.0666666666666666 mm. History of previous disease. Patient has BMI of 0.1014628860393714. Patient smokes ciggaretes. Patient lives with a smoker. Patient works with exposure to smokers. Patient has the main cancer located in the right upper lobe. Patient has Hypertension. Patient has pneumonia. Family history of cancer. Male. White. father have lung cancer. '
WARNING: vision_encoder.blocks.2.1.spatial_block.conv1.fn.dw.weight has NO gradient.

[DEBUG] Multimodal Text Example (Batch): 'Patient is 0.5217391304347826 years old. Patient has a 0.4285714285714285 diploma.  Height of 0.45 cm. Patient weights 0.1854545454545454 kg. Patient has a history of 0.05 pack years Patient smokes 0.125 cigarettes a day. Patient smoked for a total of 0.4 years. Patient has a lesion size of 0.06 mm. History of previous disease. Patient has BMI of 0.108272618199106. Patient lives with a smoker. Patient works with exposure to smokers. Patient has the main cancer located in the right middle lobe. Patient has heart disease. Patient has Hypertension. Patient has pneumonia. Female. White. '
WARNING: vision_encoder.blocks.2.1.spatial_block.conv1.fn.dw.weight has NO gradient.

[DEBUG] Multimodal Text Example (Batch): 'Patient is 0.4347826086956521 years old. Patient has a 0.5714285714285714 diploma.  Height of 0.55 cm. Patient weights 0.1727272727272727 kg. Patient has a history of 0.055 pack years Patient smokes 0.125 cigarettes a day. Patient smoked for a total of 0.44 years. Patient has a lesion size of 0.2466666666666666 mm. History of previous disease. Patient has BMI of 0.0875502950181071. Patient smokes ciggaretes. Patient lives with a smoker. Patient works with exposure to smokers. Patient has the main cancer located in the left lower lobe. Patient worked in painting environment. Patient has emphysema. Patient has work related cancer. Male. White. '
WARNING: vision_encoder.blocks.2.1.spatial_block.conv1.fn.dw.weight has NO gradient.

[DEBUG] Multimodal Text Example (Batch): 'Patient is 0.6086956521739131 years old. Patient has a 0.2857142857142857 diploma.  Height of 0.7 cm. Patient weights 0.2981818181818181 kg. Patient has a history of 0.055 pack years Patient smokes 0.1 cigarettes a day. Patient smoked for a total of 0.55 years. Patient has a lesion size of 0.09 mm. History of previous disease. Patient has BMI of 0.1147040930933374. Patient lives with a smoker. Patient works with exposure to smokers. Patient has the main cancer located in the left upper lobe. Patient worked in fire fighting environment. Patient has diabetes. Patient has heart disease. Family history of cancer. Patient has work related cancer. Male. White. father have lung cancer. '
WARNING: vision_encoder.blocks.2.1.spatial_block.conv1.fn.dw.weight has NO gradient.

[DEBUG] Multimodal Text Example (Batch): 'Patient is 0.4891304347826087 years old. Patient has a 0.8571428571428571 diploma.  Height of 0.675 cm. Patient weights 0.2945454545454545 kg. Patient has a history of 0.03 pack years Patient smokes 0.2 cigarettes a day. Patient smoked for a total of 0.15 years. Patient has a lesion size of 0.0266666666666666 mm. History of previous disease. Patient has BMI of 0.1172528436335385. Patient lives with a smoker. Patient works with exposure to smokers. Patient has the main cancer located in the right upper lobe. Patient worked in farm environment. Patient has chronic bronchitis. Patient has COPD. Patient has emphysema. Patient has Hypertension. Patient has pneumonia. Patient has work related cancer. Male. White. '
WARNING: vision_encoder.blocks.2.1.spatial_block.conv1.fn.dw.weight has NO gradient.

[DEBUG] Multimodal Text Example (Batch): 'Patient is 0.4782608695652174 years old. Patient has a 0.1428571428571428 diploma.  Height of 0.625 cm. Patient weights 0.2181818181818181 kg. Patient has a history of 0.0675 pack years Patient smokes 0.15 cigarettes a day. Patient smoked for a total of 0.45 years. Patient has a lesion size of 0.0366666666666666 mm. History of previous disease. Patient has BMI of 0.0958200389300263. Patient smokes ciggaretes. Patient smokes pipe. Patient lives with a smoker. Patient works with exposure to smokers. Patient has the main cancer located in the left lower lobe. Patient worked in painting environment. Patient has diabetes. Patient has work related cancer. Male. Unknown. '
WARNING: vision_encoder.blocks.2.1.spatial_block.conv1.fn.dw.weight has NO gradient.

[DEBUG] Multimodal Text Example (Batch): 'Patient is 0.532608695652174 years old. Patient has a 0.7142857142857143 diploma.  Height of 0.625 cm. Patient weights 0.1654545454545454 kg. Patient has a history of 0.1075 pack years Patient smokes 0.25 cigarettes a day. Patient smoked for a total of 0.43 years. Patient has a lesion size of 0.0666666666666666 mm. History of previous disease. Patient has BMI of 0.0753647181586499. Patient smokes pipe. Patient lives with a smoker. Patient works with exposure to smokers. Patient has the main cancer located in the right lower lobe. Patient has COPD. Patient has heart disease. Male. White. '
WARNING: vision_encoder.blocks.2.1.spatial_block.conv1.fn.dw.weight has NO gradient.

[DEBUG] Multimodal Text Example (Batch): 'Patient is 0.4456521739130434 years old. Patient has a 0.5714285714285714 diploma.  Height of 0.525 cm. Patient weights 0.209090909090909 kg. Patient has a history of 0.07 pack years Patient smokes 0.2 cigarettes a day. Patient smoked for a total of 0.35 years. Patient has a lesion size of 0.0666666666666666 mm. History of previous disease. Patient has BMI of 0.1068278656774231. Patient smokes cigar. Patient smokes pipe. Patient lives with a smoker. Patient works with exposure to smokers. Patient has the main cancer located in the right upper lobe. Patient worked in asbestos environment. Patient has emphysema. Patient has pneumonia. Patient has work related cancer. Male. White. '
WARNING: vision_encoder.blocks.2.1.spatial_block.conv1.fn.dw.weight has NO gradient.

[DEBUG] Multimodal Text Example (Batch): 'Patient is 0.4130434782608695 years old. Patient has a 0.8571428571428571 diploma.  Height of 0.6 cm. Patient weights 0.1818181818181818 kg. Patient has a history of 0.054 pack years Patient smokes 0.15 cigarettes a day. Patient smoked for a total of 0.36 years. Patient has a lesion size of 0.1133333333333333 mm. History of previous disease. Patient has BMI of 0.0848019088228533. Patient smokes ciggaretes. Patient lives with a smoker. Patient works with exposure to smokers. Patient has the main cancer located in the right upper lobe. Patient worked in chemical environment. Patient worked in cotton environment. Patient worked in farm environment. Patient has pneumonia. Family history of cancer. Patient has work related cancer. Male. African-American. brother have lung cancer. '
WARNING: vision_encoder.blocks.2.1.spatial_block.conv1.fn.dw.weight has NO gradient.
shape xtorch.Size([32, 2])
tensor(1.8994, device='cuda:0')
tensor(-0.3031, device='cuda:0')
shape xtorch.Size([32, 2])
tensor(0.7886, device='cuda:0')
tensor(-0.3125, device='cuda:0')
shape xtorch.Size([32, 2])
tensor(0.7860, device='cuda:0')
tensor(-0.2987, device='cuda:0')
shape xtorch.Size([11, 2])
tensor(1.0812, device='cuda:0')
tensor(-0.1989, device='cuda:0')
shape PREDS: torch.Size([107, 2])
shape time: torch.Size([107])
shape log_hz: torch.Size([107, 107])
shape log_hz_t: torch.Size([107])

==================================================
Stage: VAL
Predicted class distribution: 0s = 44, 1s = 63
Actual label distribution:    0s = 80, 1s = 27
Actual Imbalance Ratio (0:1): 2.96:1
==================================================
✅ Model is predicting both classes.
DEBUG SHAPES: time=(107,), log_hz=(107,), events=(107,)
Cindex TorchSurv: 0.5871857404708862
Cindex Lifelines: 0.5802919708029197
Saved test predictions and probabilities to validation_results_fold_final.csv

[DEBUG] Multimodal Text Example (Batch): 'Patient is 0.5434782608695652 years old. Patient has a 0.7142857142857143 diploma.  Height of 0.725 cm. Patient weights 0.3181818181818182 kg. Patient has a history of 0.1575 pack years Patient smokes 0.35 cigarettes a day. Patient smoked for a total of 0.45 years. Patient has a lesion size of 0.1 mm. History of previous disease. Patient has BMI of 0.1179210183634962. Patient smokes pipe. Patient lives with a smoker. Patient works with exposure to smokers. Patient has the main cancer located in the right lower lobe. Patient has diabetes. Patient has emphysema. Patient has heart disease. Patient diagnosed with lung cancer. History of previous cancer. Family history of cancer. Male. White. father have lung cancer. '
WARNING: vision_encoder.blocks.2.1.spatial_block.conv1.fn.dw.weight has NO gradient.

[DEBUG] Multimodal Text Example (Batch): 'Patient is 0.4565217391304347 years old. Patient has a 0.5714285714285714 diploma.  Height of 0.45 cm. Patient weights 0.1454545454545454 kg. Patient has a history of 0.051 pack years Patient smokes 0.15 cigarettes a day. Patient smoked for a total of 0.34 years. Patient has a lesion size of 0.03 mm. History of previous disease. Patient has BMI of 0.0891148039389833. Patient lives with a smoker. Patient works with exposure to smokers. Patient has the main cancer located in the right upper lobe. Patient has Hypertension. Family history of cancer. Female. White. brother and sister have lung cancer. '
WARNING: vision_encoder.blocks.2.1.spatial_block.conv1.fn.dw.weight has NO gradient.

[DEBUG] Multimodal Text Example (Batch): 'Patient is 0.5978260869565217 years old. Patient has a 0.7142857142857143 diploma.  Height of 0.375 cm. Patient weights 0.2654545454545454 kg. Patient has a history of 0.047 pack years Patient smokes 0.1 cigarettes a day. Patient smoked for a total of 0.47 years. Patient has a lesion size of 0.07 mm. History of previous disease. Patient has BMI of 0.1640828143777996. Patient lives with a smoker. Patient works with exposure to smokers. Patient has the main cancer located in the right upper lobe. Patient has diabetes. Patient has Hypertension. Female. White. '
WARNING: vision_encoder.blocks.2.1.spatial_block.conv1.fn.dw.weight has NO gradient.

[DEBUG] Multimodal Text Example (Batch): 'Patient is 0.5108695652173914 years old. Patient has a 0.1428571428571428 diploma.  Height of 0.475 cm. Patient weights 0.1872727272727272 kg. Patient has a history of 0.04 pack years Patient smokes 0.1 cigarettes a day. Patient smoked for a total of 0.4 years. Patient has a lesion size of 0.0966666666666666 mm. History of previous disease. Patient has BMI of 0.1050123966783431. Patient smokes ciggaretes. Patient works with exposure to smokers. Patient has the main cancer located in the right upper lobe. Family history of cancer. Male. White. father have lung cancer. '
WARNING: vision_encoder.blocks.2.1.spatial_block.conv1.fn.dw.weight has NO gradient.

[DEBUG] Multimodal Text Example (Batch): 'Patient is 0.5108695652173914 years old. Patient has a 0.7142857142857143 diploma.  Height of 0.575 cm. Patient weights 0.2527272727272727 kg. Patient has a history of 0.094 pack years Patient smokes 0.2 cigarettes a day. Patient smoked for a total of 0.47 years. Patient has a lesion size of 0.0566666666666666 mm. History of previous disease. Patient has BMI of 0.117179020662577. Patient lives with a smoker. Patient works with exposure to smokers. Patient has the main cancer located in the right upper lobe. Patient has Hypertension. Patient has sarcoidosis. Male. White. '
WARNING: vision_encoder.blocks.2.1.spatial_block.conv1.fn.dw.weight has NO gradient.

[DEBUG] Multimodal Text Example (Batch): 'Patient is 0.6086956521739131 years old. Patient has a 0.2857142857142857 diploma.  Height of 0.45 cm. Patient weights 0.1636363636363636 kg. Patient has a history of 0.043 pack years Patient smokes 0.1 cigarettes a day. Patient smoked for a total of 0.43 years. Patient has a lesion size of 0.1036685288640596 mm. History of previous disease. Patient has BMI of 0.0978229013299482. Patient lives with a smoker. Patient has the main cancer located in the left upper lobe. Patient has Hypertension. Patient diagnosed with breast cancer. History of previous cancer. Female. White. '
WARNING: vision_encoder.blocks.2.1.spatial_block.conv1.fn.dw.weight has NO gradient.

[DEBUG] Multimodal Text Example (Batch): 'Patient is 0.4130434782608695 years old. Patient has a 0.0 diploma.  Height of 0.5 cm. Patient weights 0.3509090909090909 kg. Patient has a history of 0.06125 pack years Patient smokes 0.175 cigarettes a day. Patient smoked for a total of 0.35 years. Patient has a lesion size of 0.06 mm. History of previous disease. Patient has BMI of 0.1746946873563619. Patient lives with a smoker. Patient works with exposure to smokers. Patient has the main cancer located in the left lower lobe. Female. White. '
WARNING: vision_encoder.blocks.2.1.spatial_block.conv1.fn.dw.weight has NO gradient.

[DEBUG] Multimodal Text Example (Batch): 'Patient is 0.4673913043478261 years old. Patient has a 0.7142857142857143 diploma.  Height of 0.7 cm. Patient weights 0.2781818181818182 kg. Patient has a history of 0.04 pack years Patient smokes 0.1 cigarettes a day. Patient smoked for a total of 0.4 years. Patient has a lesion size of 0.0666666666666666 mm. History of previous disease. Patient has BMI of 0.1075697935250857. Patient lives with a smoker. Patient works with exposure to smokers. Patient has the main cancer located in the right upper lobe. Family history of cancer. Male. White. father have lung cancer. '
WARNING: vision_encoder.blocks.2.1.spatial_block.conv1.fn.dw.weight has NO gradient.

[DEBUG] Multimodal Text Example (Batch): 'Patient is 0.532608695652174 years old. Patient has a 0.7142857142857143 diploma.  Height of 0.475 cm. Patient weights 0.1709090909090909 kg. Patient has a history of 0.0555 pack years Patient smokes 0.15 cigarettes a day. Patient smoked for a total of 0.37 years. Patient has a lesion size of 0.0466666666666666 mm. History of previous disease. Patient has BMI of 0.09741811086529. Patient lives with a smoker. Patient works with exposure to smokers. Patient has the main cancer located in the right upper lobe. Patient has COPD. Patient has Hypertension. Female. White. '
WARNING: vision_encoder.blocks.2.1.spatial_block.conv1.fn.dw.weight has NO gradient.

[DEBUG] Multimodal Text Example (Batch): 'Patient is 0.5652173913043478 years old. Patient has a 0.8571428571428571 diploma.  Height of 0.725 cm. Patient weights 0.2727272727272727 kg. Patient has a history of 0.052 pack years Patient smokes 0.1 cigarettes a day. Patient smoked for a total of 0.52 years. Patient has a lesion size of 0.0566666666666666 mm. History of previous disease. Patient has BMI of 0.1021419649738234. Patient smokes ciggaretes. Patient lives with a smoker. Patient works with exposure to smokers. Patient has the main cancer located in the left upper lobe. Family history of cancer. Male. White. father and mother have lung cancer. '
WARNING: vision_encoder.blocks.2.1.spatial_block.conv1.fn.dw.weight has NO gradient.
shape xtorch.Size([32, 2])
tensor(1.3652, device='cuda:0')
tensor(-0.2248, device='cuda:0')
shape xtorch.Size([32, 2])
tensor(0.3709, device='cuda:0')
tensor(-0.3316, device='cuda:0')
shape xtorch.Size([32, 2])
tensor(1.8163, device='cuda:0')
tensor(-0.2243, device='cuda:0')
shape xtorch.Size([11, 2])
tensor(2.1041, device='cuda:0')
tensor(-0.2067, device='cuda:0')
shape PREDS: torch.Size([107, 2])
shape time: torch.Size([107])
shape log_hz: torch.Size([107, 107])
shape log_hz_t: torch.Size([107])

==================================================
Stage: VAL
Predicted class distribution: 0s = 10, 1s = 97
Actual label distribution:    0s = 80, 1s = 27
Actual Imbalance Ratio (0:1): 2.96:1
==================================================
✅ Model is predicting both classes.
DEBUG SHAPES: time=(107,), log_hz=(107,), events=(107,)
Cindex TorchSurv: 0.47607460618019104
Cindex Lifelines: 0.5725871857258719
Saved test predictions and probabilities to validation_results_fold_final.csv

[DEBUG] Multimodal Text Example (Batch): 'Patient is 0.4130434782608695 years old. Patient has a 0.8571428571428571 diploma.  Height of 0.6 cm. Patient weights 0.1818181818181818 kg. Patient has a history of 0.054 pack years Patient smokes 0.15 cigarettes a day. Patient smoked for a total of 0.36 years. Patient has a lesion size of 0.1133333333333333 mm. History of previous disease. Patient has BMI of 0.0848019088228533. Patient smokes ciggaretes. Patient lives with a smoker. Patient works with exposure to smokers. Patient has the main cancer located in the right upper lobe. Patient worked in chemical environment. Patient worked in cotton environment. Patient worked in farm environment. Patient has pneumonia. Family history of cancer. Patient has work related cancer. Male. African-American. brother have lung cancer. '
WARNING: vision_encoder.blocks.2.1.spatial_block.conv1.fn.dw.weight has NO gradient.

[DEBUG] Multimodal Text Example (Batch): 'Patient is 0.4347826086956521 years old. Patient has a 0.4285714285714285 diploma.  Height of 0.4 cm. Patient weights 0.1236363636363636 kg. Patient has a history of 0.042 pack years Patient smokes 0.1 cigarettes a day. Patient smoked for a total of 0.42 years. Patient has a lesion size of 0.0833333333333333 mm. History of previous disease. Patient has BMI of 0.0855136160149799. Patient lives with a smoker. Patient works with exposure to smokers. Patient has the main cancer located in the left lower lobe. Patient has chronic bronchitis. Female. White. '
WARNING: vision_encoder.blocks.2.1.spatial_block.conv1.fn.dw.weight has NO gradient.

[DEBUG] Multimodal Text Example (Batch): 'Patient is 0.4891304347826087 years old. Patient has a 0.8571428571428571 diploma.  Height of 0.45 cm. Patient weights 0.1054545454545454 kg. Patient has a history of 0.0432 pack years Patient smokes 0.09 cigarettes a day. Patient smoked for a total of 0.48 years. Patient has a lesion size of 0.0466666666666666 mm. History of previous disease. Patient has BMI of 0.0699569896788607. Patient smokes ciggaretes. Patient lives with a smoker. Patient works with exposure to smokers. Patient has the main cancer located in the right upper lobe. Patient has pneumonia. Female. White. '
WARNING: vision_encoder.blocks.2.1.spatial_block.conv1.fn.dw.weight has NO gradient.

[DEBUG] Multimodal Text Example (Batch): 'Patient is 0.4782608695652174 years old. Patient has a 0.7142857142857143 diploma.  Height of 0.525 cm. Patient weights 0.1963636363636363 kg. Patient has a history of 0.054 pack years Patient smokes 0.15 cigarettes a day. Patient smoked for a total of 0.36 years. Patient has a lesion size of 0.1033333333333333 mm. History of previous disease. Patient has BMI of 0.1012737548001693. Patient lives with a smoker. Patient works with exposure to smokers. Patient has the main cancer located in the left lower lobe. Patient has pneumonia. Female. African-American. '
WARNING: vision_encoder.blocks.2.1.spatial_block.conv1.fn.dw.weight has NO gradient.

[DEBUG] Multimodal Text Example (Batch): 'Patient is 0.5652173913043478 years old. Patient has a 0.8571428571428571 diploma.  Height of 0.725 cm. Patient weights 0.2727272727272727 kg. Patient has a history of 0.052 pack years Patient smokes 0.1 cigarettes a day. Patient smoked for a total of 0.52 years. Patient has a lesion size of 0.0566666666666666 mm. History of previous disease. Patient has BMI of 0.1021419649738234. Patient smokes ciggaretes. Patient lives with a smoker. Patient works with exposure to smokers. Patient has the main cancer located in the left upper lobe. Family history of cancer. Male. White. father and mother have lung cancer. '
WARNING: vision_encoder.blocks.2.1.spatial_block.conv1.fn.dw.weight has NO gradient.

[DEBUG] Multimodal Text Example (Batch): 'Patient is 0.5217391304347826 years old. Patient has a 1.0 diploma.  Height of 0.4 cm. Patient weights 0.1545454545454545 kg. Patient has a history of 0.06 pack years Patient smokes 0.2 cigarettes a day. Patient smoked for a total of 0.3 years. Patient has a lesion size of 0.0633333333333333 mm. History of previous disease. Patient has BMI of 0.1013040340547695. Patient lives with a smoker. Patient works with exposure to smokers. Patient has the main cancer located in the left upper lobe. Patient has heart disease. Female. White. '
WARNING: vision_encoder.blocks.2.1.spatial_block.conv1.fn.dw.weight has NO gradient.

[DEBUG] Multimodal Text Example (Batch): 'Patient is 0.5543478260869565 years old. Patient has a 0.8571428571428571 diploma.  Height of 0.625 cm. Patient weights 0.2327272727272727 kg. Patient has a history of 0.056 pack years Patient smokes 0.1 cigarettes a day. Patient smoked for a total of 0.56 years. Patient has a lesion size of 0.0666666666666666 mm. History of previous disease. Patient has BMI of 0.1014628860393714. Patient smokes ciggaretes. Patient lives with a smoker. Patient works with exposure to smokers. Patient has the main cancer located in the right upper lobe. Patient has Hypertension. Patient has pneumonia. Family history of cancer. Male. White. father have lung cancer. '
WARNING: vision_encoder.blocks.2.1.spatial_block.conv1.fn.dw.weight has NO gradient.

[DEBUG] Multimodal Text Example (Batch): 'Patient is 0.532608695652174 years old. Patient has a 0.8571428571428571 diploma.  Height of 0.425 cm. Patient weights 0.1054545454545454 kg. Patient has a history of 0.0765 pack years Patient smokes 0.15 cigarettes a day. Patient smoked for a total of 0.51 years. Patient has a lesion size of 0.08 mm. History of previous disease. Patient has BMI of 0.0730152444857812. Patient smokes ciggaretes. Patient lives with a smoker. Patient works with exposure to smokers. Patient has the main cancer located in the right upper lobe. Patient has Hypertension. Family history of cancer. Female. White. sister have lung cancer. '
WARNING: vision_encoder.blocks.2.1.spatial_block.conv1.fn.dw.weight has NO gradient.

[DEBUG] Multimodal Text Example (Batch): 'Patient is 0.4239130434782608 years old. Patient has a 0.7142857142857143 diploma.  Height of 0.475 cm. Patient weights 0.1727272727272727 kg. Patient has a history of 0.076 pack years Patient smokes 0.2 cigarettes a day. Patient smoked for a total of 0.38 years. Patient has a lesion size of 0.06 mm. History of previous disease. Patient has BMI of 0.0982619204000737. Patient works with exposure to smokers. Patient has the main cancer located in the left upper lobe. Patient has adult asthma. Female. White. '
WARNING: vision_encoder.blocks.2.1.spatial_block.conv1.fn.dw.weight has NO gradient.

[DEBUG] Multimodal Text Example (Batch): 'Patient is 0.5760869565217391 years old. Patient has a 1.0 diploma.  Height of 0.55 cm. Patient weights 0.2181818181818181 kg. Patient has a history of 0.04 pack years Patient smokes 0.1 cigarettes a day. Patient smoked for a total of 0.4 years. Patient has a lesion size of 0.0366666666666666 mm. History of previous disease. Patient has BMI of 0.106798701425291. Patient smokes pipe. Patient lives with a smoker. Patient works with exposure to smokers. Patient has the main cancer located in the left upper lobe. Patient has Hypertension. Family history of cancer. Male. White. mother have lung cancer. '
WARNING: vision_encoder.blocks.2.1.spatial_block.conv1.fn.dw.weight has NO gradient.
shape xtorch.Size([32, 2])
tensor(3.7903, device='cuda:0')
tensor(0.2414, device='cuda:0')
shape xtorch.Size([32, 2])
tensor(2.4378, device='cuda:0')
tensor(-0.0730, device='cuda:0')
shape xtorch.Size([32, 2])
tensor(2.6442, device='cuda:0')
tensor(0.0459, device='cuda:0')
shape xtorch.Size([11, 2])
tensor(2.7164, device='cuda:0')
tensor(0.2623, device='cuda:0')
shape PREDS: torch.Size([107, 2])
shape time: torch.Size([107])
shape log_hz: torch.Size([107, 107])
shape log_hz_t: torch.Size([107])

==================================================
Stage: VAL
Predicted class distribution: 0s = 103, 1s = 4
Actual label distribution:    0s = 80, 1s = 27
Actual Imbalance Ratio (0:1): 2.96:1
==================================================
✅ Model is predicting both classes.
DEBUG SHAPES: time=(107,), log_hz=(107,), events=(107,)
Cindex TorchSurv: 0.5709651112556458
Cindex Lifelines: 0.5620437956204379
Saved test predictions and probabilities to validation_results_fold_final.csv

[DEBUG] Multimodal Text Example (Batch): 'Patient is 0.4347826086956521 years old. Patient has a 0.7142857142857143 diploma.  Height of 0.625 cm. Patient weights 0.1909090909090909 kg. Patient has a history of 0.039 pack years Patient smokes 0.1 cigarettes a day. Patient smoked for a total of 0.39 years. Patient has a lesion size of 0.03 mm. History of previous disease. Patient has BMI of 0.0852397006000039. Patient smokes ciggaretes. Patient lives with a smoker. Patient works with exposure to smokers. Patient has the main cancer located in the left upper lobe. Patient worked in asbestos environment. Family history of cancer. Patient has work related cancer. Male. White. brother and father have lung cancer. '
WARNING: vision_encoder.blocks.2.1.spatial_block.conv1.fn.dw.weight has NO gradient.

[DEBUG] Multimodal Text Example (Batch): 'Patient is 0.6086956521739131 years old. Patient has a 0.1428571428571428 diploma.  Height of 0.35 cm. Patient weights 0.1309090909090909 kg. Patient has a history of 0.046 pack years Patient smokes 0.1 cigarettes a day. Patient smoked for a total of 0.46 years. Patient has a lesion size of 0.08 mm. History of previous disease. Patient has BMI of 0.0970418993174635. Patient smokes cigar. Patient works with exposure to smokers. Patient has the main cancer located in the left upper lobe. Patient diagnosed with oral cancer. History of previous cancer. Female. White. '
WARNING: vision_encoder.blocks.2.1.spatial_block.conv1.fn.dw.weight has NO gradient.

[DEBUG] Multimodal Text Example (Batch): 'Patient is 0.4239130434782608 years old. Patient has a 0.4285714285714285 diploma.  Height of 0.675 cm. Patient weights 0.2818181818181818 kg. Patient has a history of 0.05375 pack years Patient smokes 0.125 cigarettes a day. Patient smoked for a total of 0.43 years. Patient has a lesion size of 0.05 mm. History of previous disease. Patient has BMI of 0.1125858476880682. Patient smokes ciggaretes. Patient lives with a smoker. Patient works with exposure to smokers. Patient has the main cancer located in the left upper lobe. Patient worked in welding environment. Patient has childhood asthma. Patient has work related cancer. Male. White. '
WARNING: vision_encoder.blocks.2.1.spatial_block.conv1.fn.dw.weight has NO gradient.

[DEBUG] Multimodal Text Example (Batch): 'Patient is 0.5652173913043478 years old. Patient has a 0.4285714285714285 diploma.  Height of 0.6 cm. Patient weights 0.1727272727272727 kg. Patient has a history of 0.112 pack years Patient smokes 0.2 cigarettes a day. Patient smoked for a total of 0.56 years. Patient has a lesion size of 0.1 mm. History of previous disease. Patient has BMI of 0.0811721631239729. Patient smokes ciggaretes. Patient lives with a smoker. Patient works with exposure to smokers. Patient has the main cancer located in the left upper lobe. Patient has diabetes. Patient has emphysema. Patient has Hypertension. Patient has pneumonia. Family history of cancer. Female. Native Hawaiian. brother have lung cancer. '
WARNING: vision_encoder.blocks.2.1.spatial_block.conv1.fn.dw.weight has NO gradient.

[DEBUG] Multimodal Text Example (Batch): 'Patient is 0.5217391304347826 years old. Patient has a 0.5714285714285714 diploma.  Height of 0.775 cm. Patient weights 0.3127272727272727 kg. Patient has a history of 0.175 pack years Patient smokes 0.35 cigarettes a day. Patient smoked for a total of 0.5 years. Patient has a lesion size of 0.05 mm. History of previous disease. Patient has BMI of 0.108749935310252. Patient smokes ciggaretes. Patient lives with a smoker. Patient works with exposure to smokers. Patient has the main cancer located in the left upper lobe. Patient worked in baking environment. Patient worked in fire fighting environment. Patient has pneumonia. Family history of cancer. Patient has work related cancer. Male. White. sister have lung cancer. '
WARNING: vision_encoder.blocks.2.1.spatial_block.conv1.fn.dw.weight has NO gradient.

[DEBUG] Multimodal Text Example (Batch): 'Patient is 0.4347826086956521 years old. Patient has a 0.4285714285714285 diploma.  Height of 0.425 cm. Patient weights 0.2818181818181818 kg. Patient has a history of 0.043 pack years Patient smokes 0.1 cigarettes a day. Patient smoked for a total of 0.43 years. Patient has a lesion size of 0.0833333333333333 mm. History of previous disease. Patient has BMI of 0.160230555069541. Patient smokes ciggaretes. Patient lives with a smoker. Patient has the main cancer located in the right lower lobe. Patient has diabetes. Patient has heart disease. Patient has Hypertension. Female. White. '
WARNING: vision_encoder.blocks.2.1.spatial_block.conv1.fn.dw.weight has NO gradient.

[DEBUG] Multimodal Text Example (Batch): 'Patient is 0.4130434782608695 years old. Patient has a 0.4285714285714285 diploma.  Height of 0.5 cm. Patient weights 0.1745454545454545 kg. Patient has a history of 0.06 pack years Patient smokes 0.15 cigarettes a day. Patient smoked for a total of 0.4 years. Patient has a lesion size of 0.05 mm. History of previous disease. Patient has BMI of 0.0953442367329365. Patient smokes ciggaretes. Patient lives with a smoker. Patient works with exposure to smokers. Patient has the main cancer located in the right upper lobe. Patient has childhood asthma. Patient has emphysema. Family history of cancer. Female. White. father and mother have lung cancer. '
WARNING: vision_encoder.blocks.2.1.spatial_block.conv1.fn.dw.weight has NO gradient.

[DEBUG] Multimodal Text Example (Batch): 'Patient is 0.532608695652174 years old. Patient has a 0.1428571428571428 diploma.  Height of 0.625 cm. Patient weights 0.26 kg. Patient has a history of 0.043 pack years Patient smokes 0.1 cigarettes a day. Patient smoked for a total of 0.43 years. Patient has a lesion size of 0.1 mm. History of previous disease. Patient has BMI of 0.1120432243693937. Patient smokes ciggaretes. Patient lives with a smoker. Patient works with exposure to smokers. Patient has the main cancer located in the left upper lobe. Patient worked in painting environment. Patient worked in welding environment. Patient has Hypertension. Patient has work related cancer. Male. White. '
WARNING: vision_encoder.blocks.2.1.spatial_block.conv1.fn.dw.weight has NO gradient.

[DEBUG] Multimodal Text Example (Batch): 'Patient is 0.4130434782608695 years old. Patient has a 0.4285714285714285 diploma.  Height of 0.425 cm. Patient weights 0.0909090909090909 kg. Patient has a history of 0.06 pack years Patient smokes 0.15 cigarettes a day. Patient smoked for a total of 0.4 years. Patient has a lesion size of 0.1166666666666666 mm. History of previous disease. Patient has BMI of 0.0658222291799041. Patient smokes ciggaretes. Patient lives with a smoker. Patient works with exposure to smokers. Patient has the main cancer located in the left lower lobe. Patient has chronic bronchitis. Patient has COPD. Patient has emphysema. Patient has Hypertension. Family history of cancer. Female. White. brother and father have lung cancer. '
WARNING: vision_encoder.blocks.2.1.spatial_block.conv1.fn.dw.weight has NO gradient.

[DEBUG] Multimodal Text Example (Batch): 'Patient is 0.5434782608695652 years old. Patient has a 0.4285714285714285 diploma.  Height of 0.625 cm. Patient weights 0.2727272727272727 kg. Patient has a history of 0.0825 pack years Patient smokes 0.15 cigarettes a day. Patient smoked for a total of 0.55 years. Patient has a lesion size of 0.0966666666666666 mm. History of previous disease. Patient has BMI of 0.1169807155900708. Patient smokes ciggaretes. Patient lives with a smoker. Patient works with exposure to smokers. Patient has the main cancer located in the right upper lobe. Patient worked in welding environment. Patient has emphysema. Patient has pneumonia. Patient has work related cancer. Male. White. '
WARNING: vision_encoder.blocks.2.1.spatial_block.conv1.fn.dw.weight has NO gradient.
shape xtorch.Size([32, 2])
tensor(3.7053, device='cuda:0')
tensor(-0.0024, device='cuda:0')
shape xtorch.Size([32, 2])
tensor(1.9138, device='cuda:0')
tensor(-0.1297, device='cuda:0')
shape xtorch.Size([32, 2])
tensor(2.1900, device='cuda:0')
tensor(-0.1194, device='cuda:0')
shape xtorch.Size([11, 2])
tensor(2.3341, device='cuda:0')
tensor(-0.0332, device='cuda:0')
shape PREDS: torch.Size([107, 2])
shape time: torch.Size([107])
shape log_hz: torch.Size([107, 107])
shape log_hz_t: torch.Size([107])

==================================================
Stage: VAL
Predicted class distribution: 0s = 90, 1s = 17
Actual label distribution:    0s = 80, 1s = 27
Actual Imbalance Ratio (0:1): 2.96:1
==================================================
✅ Model is predicting both classes.
DEBUG SHAPES: time=(107,), log_hz=(107,), events=(107,)
Cindex TorchSurv: 0.6228710412979126
Cindex Lifelines: 0.6240875912408759
Saved test predictions and probabilities to validation_results_fold_final.csv

[DEBUG] Multimodal Text Example (Batch): 'Patient is 0.4456521739130434 years old. Patient has a 0.2857142857142857 diploma.  Height of 0.5 cm. Patient weights 0.1963636363636363 kg. Patient has a history of 0.051 pack years Patient smokes 0.1 cigarettes a day. Patient smoked for a total of 0.51 years. Patient has a lesion size of 0.05 mm. History of previous disease. Patient has BMI of 0.1051607873255252. Patient smokes cigar. Patient smokes ciggaretes. Patient smokes pipe. Patient lives with a smoker. Patient works with exposure to smokers. Patient has the main cancer located in the right lower lobe. Patient worked in cotton environment. Patient has childhood asthma. Patient has COPD. Patient has work related cancer. Female. White. '
WARNING: vision_encoder.blocks.2.1.spatial_block.conv1.fn.dw.weight has NO gradient.

[DEBUG] Multimodal Text Example (Batch): 'Patient is 0.4239130434782608 years old. Patient has a 0.5714285714285714 diploma.  Height of 0.575 cm. Patient weights 0.2545454545454545 kg. Patient has a history of 0.0585 pack years Patient smokes 0.15 cigarettes a day. Patient smoked for a total of 0.39 years. Patient has a lesion size of 0.0533333333333333 mm. History of previous disease. Patient has BMI of 0.1179264782435618. Patient smokes ciggaretes. Patient lives with a smoker. Patient works with exposure to smokers. Patient has the main cancer located in the left lower lobe. Patient has chronic bronchitis. Patient has Hypertension. Female. White. '
WARNING: vision_encoder.blocks.2.1.spatial_block.conv1.fn.dw.weight has NO gradient.

[DEBUG] Multimodal Text Example (Batch): 'Patient is 0.4565217391304347 years old. Patient has a 0.5714285714285714 diploma.  Height of 0.45 cm. Patient weights 0.1454545454545454 kg. Patient has a history of 0.051 pack years Patient smokes 0.15 cigarettes a day. Patient smoked for a total of 0.34 years. Patient has a lesion size of 0.03 mm. History of previous disease. Patient has BMI of 0.0891148039389833. Patient lives with a smoker. Patient works with exposure to smokers. Patient has the main cancer located in the right upper lobe. Patient has Hypertension. Family history of cancer. Female. White. brother and sister have lung cancer. '
WARNING: vision_encoder.blocks.2.1.spatial_block.conv1.fn.dw.weight has NO gradient.

[DEBUG] Multimodal Text Example (Batch): 'Patient is 0.4673913043478261 years old. Patient has a 0.8571428571428571 diploma.  Height of 0.525 cm. Patient weights 0.1690909090909091 kg. Patient has a history of 0.047 pack years Patient smokes 0.1 cigarettes a day. Patient smoked for a total of 0.47 years. Patient has a lesion size of 0.3 mm. History of previous disease. Patient has BMI of 0.0893720886346255. Patient smokes cigar. Patient smokes ciggaretes. Patient lives with a smoker. Patient works with exposure to smokers. Patient has the main cancer located in the right lower lobe. Patient has heart disease. Patient has Hypertension. Family history of cancer. Male. White. brother have lung cancer. '
WARNING: vision_encoder.blocks.2.1.spatial_block.conv1.fn.dw.weight has NO gradient.

[DEBUG] Multimodal Text Example (Batch): 'Patient is 0.5760869565217391 years old. Patient has a 0.4285714285714285 diploma.  Height of 0.6 cm. Patient weights 0.2327272727272727 kg. Patient has a history of 0.102 pack years Patient smokes 0.2 cigarettes a day. Patient smoked for a total of 0.51 years. Patient has a lesion size of 0.0633333333333333 mm. History of previous disease. Patient has BMI of 0.1051284847365837. Patient smokes cigar. Patient smokes pipe. Patient lives with a smoker. Patient has the main cancer located in the left lower lobe. Patient has Hypertension. Patient diagnosed with bladder cancer. History of previous cancer. Family history of cancer. Male. White. sister have lung cancer. '
WARNING: vision_encoder.blocks.2.1.spatial_block.conv1.fn.dw.weight has NO gradient.

[DEBUG] Multimodal Text Example (Batch): 'Patient is 0.4565217391304347 years old. Patient has a 0.8571428571428571 diploma.  Height of 0.45 cm. Patient weights 0.1545454545454545 kg. Patient has a history of 0.055 pack years Patient smokes 0.125 cigarettes a day. Patient smoked for a total of 0.44 years. Patient has a lesion size of 0.05 mm. History of previous disease. Patient has BMI of 0.0934688526344657. Patient smokes ciggaretes. Patient lives with a smoker. Patient works with exposure to smokers. Patient has the main cancer located in the left lower lobe. Patient has emphysema. Patient has Hypertension. Female. White. '
WARNING: vision_encoder.blocks.2.1.spatial_block.conv1.fn.dw.weight has NO gradient.

[DEBUG] Multimodal Text Example (Batch): 'Patient is 0.4021739130434782 years old. Patient has a 0.7142857142857143 diploma.  Height of 0.65 cm. Patient weights 0.2327272727272727 kg. Patient has a history of 0.09 pack years Patient smokes 0.2 cigarettes a day. Patient smoked for a total of 0.45 years. Patient has a lesion size of 0.2 mm. History of previous disease. Patient has BMI of 0.0979510784429038. Patient smokes ciggaretes. Patient lives with a smoker. Patient works with exposure to smokers. Patient has the main cancer located in the left upper lobe. Patient worked in painting environment. Family history of cancer. Patient has work related cancer. Male. White. mother have lung cancer. '
WARNING: vision_encoder.blocks.2.1.spatial_block.conv1.fn.dw.weight has NO gradient.

[DEBUG] Multimodal Text Example (Batch): 'Patient is 0.5652173913043478 years old. Patient has a 0.1428571428571428 diploma.  Height of 0.375 cm. Patient weights 0.0927272727272727 kg. Patient has a history of 0.055 pack years Patient smokes 0.1 cigarettes a day. Patient smoked for a total of 0.55 years. Patient has a lesion size of 0.0833333333333333 mm. History of previous disease. Patient has BMI of 0.0728763793291817. Patient smokes ciggaretes. Patient lives with a smoker. Patient works with exposure to smokers. Patient has the main cancer located in the right lower lobe. Patient has adult asthma. Patient has chronic bronchitis. Patient has emphysema. Patient has heart disease. Patient has pneumonia. Female. White. '
WARNING: vision_encoder.blocks.2.1.spatial_block.conv1.fn.dw.weight has NO gradient.

[DEBUG] Multimodal Text Example (Batch): 'Patient is 0.4782608695652174 years old. Patient has a 0.1428571428571428 diploma.  Height of 0.625 cm. Patient weights 0.2181818181818181 kg. Patient has a history of 0.0675 pack years Patient smokes 0.15 cigarettes a day. Patient smoked for a total of 0.45 years. Patient has a lesion size of 0.0366666666666666 mm. History of previous disease. Patient has BMI of 0.0958200389300263. Patient smokes ciggaretes. Patient smokes pipe. Patient lives with a smoker. Patient works with exposure to smokers. Patient has the main cancer located in the left lower lobe. Patient worked in painting environment. Patient has diabetes. Patient has work related cancer. Male. Unknown. '
WARNING: vision_encoder.blocks.2.1.spatial_block.conv1.fn.dw.weight has NO gradient.

[DEBUG] Multimodal Text Example (Batch): 'Patient is 0.6086956521739131 years old. Patient has a 0.2857142857142857 diploma.  Height of 0.7 cm. Patient weights 0.2981818181818181 kg. Patient has a history of 0.055 pack years Patient smokes 0.1 cigarettes a day. Patient smoked for a total of 0.55 years. Patient has a lesion size of 0.09 mm. History of previous disease. Patient has BMI of 0.1147040930933374. Patient lives with a smoker. Patient works with exposure to smokers. Patient has the main cancer located in the left upper lobe. Patient worked in fire fighting environment. Patient has diabetes. Patient has heart disease. Family history of cancer. Patient has work related cancer. Male. White. father have lung cancer. '
WARNING: vision_encoder.blocks.2.1.spatial_block.conv1.fn.dw.weight has NO gradient.
shape xtorch.Size([32, 2])
tensor(0.4221, device='cuda:0')
tensor(-0.5939, device='cuda:0')
shape xtorch.Size([32, 2])
tensor(0.4262, device='cuda:0')
tensor(-0.6725, device='cuda:0')
shape xtorch.Size([32, 2])
tensor(0.4054, device='cuda:0')
tensor(-0.5753, device='cuda:0')
shape xtorch.Size([11, 2])
tensor(0.4219, device='cuda:0')
tensor(-0.5951, device='cuda:0')
shape PREDS: torch.Size([107, 2])
shape time: torch.Size([107])
shape log_hz: torch.Size([107, 107])
shape log_hz_t: torch.Size([107])

==================================================
Stage: VAL
Predicted class distribution: 0s = 0, 1s = 107
Actual label distribution:    0s = 80, 1s = 27
Actual Imbalance Ratio (0:1): 2.96:1
==================================================
⚠️ Model is predicting only class 1 (minority class). It is ignoring the majority class!
DEBUG SHAPES: time=(107,), log_hz=(107,), events=(107,)
Cindex TorchSurv: 0.5052716732025146
Cindex Lifelines: 0.5908353609083536
Saved test predictions and probabilities to validation_results_fold_final.csv

[DEBUG] Multimodal Text Example (Batch): 'Patient is 0.5 years old. Patient has a 0.4285714285714285 diploma.  Height of 0.55 cm. Patient weights 0.1909090909090909 kg. Patient has a history of 0.069 pack years Patient smokes 0.15 cigarettes a day. Patient smoked for a total of 0.46 years. Patient has a lesion size of 0.1333333333333333 mm. History of previous disease. Patient has BMI of 0.0952496575809807. Patient lives with a smoker. Patient works with exposure to smokers. Patient has the main cancer located in the right lower lobe. Patient worked in asbestos environment. Patient worked in chemical environment. Patient worked in farm environment. Patient worked in hard rock mining environment. Patient has adult asthma. Patient has bronchiectasis. Patient has chronic bronchitis. Patient has emphysema. Patient has pneumonia. Patient has tuberculosis. Patient has work related cancer. Male. White. '
WARNING: vision_encoder.blocks.2.1.spatial_block.conv1.fn.dw.weight has NO gradient.

[DEBUG] Multimodal Text Example (Batch): 'Patient is 0.4891304347826087 years old. Patient has a 1.0 diploma.  Height of 0.675 cm. Patient weights 0.2363636363636363 kg. Patient has a history of 0.039 pack years Patient smokes 0.1 cigarettes a day. Patient smoked for a total of 0.39 years. Patient has a lesion size of 0.0666666666666666 mm. History of previous disease. Patient has BMI of 0.0959180050256746. Patient smokes cigar. Patient smokes pipe. Patient lives with a smoker. Patient works with exposure to smokers. Patient has the main cancer located in the right lower lobe. Patient has pneumonia. Male. White. '
WARNING: vision_encoder.blocks.2.1.spatial_block.conv1.fn.dw.weight has NO gradient.

[DEBUG] Multimodal Text Example (Batch): 'Patient is 0.4456521739130434 years old. Patient has a 0.4285714285714285 diploma.  Height of 0.55 cm. Patient weights 0.2127272727272727 kg. Patient has a history of 0.0765 pack years Patient smokes 0.15 cigarettes a day. Patient smoked for a total of 0.51 years. Patient has a lesion size of 0.1036685288640596 mm. History of previous disease. Patient has BMI of 0.104488892656429. Patient smokes ciggaretes. Patient lives with a smoker. Patient works with exposure to smokers. Patient has the main cancer located in the left lower lobe. Patient has the main cancer located in the left upper lobe. Patient worked in chemical environment. Patient worked in farm environment. Patient worked in fire fighting environment. Patient has diabetes. Patient has Hypertension. Family history of cancer. Patient has work related cancer. Male. White. brother and sister have lung cancer. '
WARNING: vision_encoder.blocks.2.1.spatial_block.conv1.fn.dw.weight has NO gradient.

[DEBUG] Multimodal Text Example (Batch): 'Patient is 0.5217391304347826 years old. Patient has a 1.0 diploma.  Height of 0.4 cm. Patient weights 0.1545454545454545 kg. Patient has a history of 0.06 pack years Patient smokes 0.2 cigarettes a day. Patient smoked for a total of 0.3 years. Patient has a lesion size of 0.0633333333333333 mm. History of previous disease. Patient has BMI of 0.1013040340547695. Patient lives with a smoker. Patient works with exposure to smokers. Patient has the main cancer located in the left upper lobe. Patient has heart disease. Female. White. '
WARNING: vision_encoder.blocks.2.1.spatial_block.conv1.fn.dw.weight has NO gradient.

[DEBUG] Multimodal Text Example (Batch): 'Patient is 0.4456521739130434 years old. Patient has a 0.7142857142857143 diploma.  Height of 0.575 cm. Patient weights 0.1181818181818181 kg. Patient has a history of 0.088 pack years Patient smokes 0.2 cigarettes a day. Patient smoked for a total of 0.44 years. Patient has a lesion size of 0.0233333333333333 mm. History of previous disease. Patient has BMI of 0.0618671596696981. Patient smokes ciggaretes. Patient lives with a smoker. Patient works with exposure to smokers. Patient has the main cancer located in the right upper lobe. Patient has heart disease. Family history of cancer. Male. White. brother have lung cancer. '
WARNING: vision_encoder.blocks.2.1.spatial_block.conv1.fn.dw.weight has NO gradient.

[DEBUG] Multimodal Text Example (Batch): 'Patient is 0.4673913043478261 years old. Patient has a 0.5714285714285714 diploma.  Height of 0.7 cm. Patient weights 0.3090909090909091 kg. Patient has a history of 0.1075 pack years Patient smokes 0.25 cigarettes a day. Patient smoked for a total of 0.43 years. Patient has a lesion size of 0.15 mm. History of previous disease. Patient has BMI of 0.1185955292214747. Patient smokes cigar. Patient smokes pipe. Patient works with exposure to smokers. Patient has the main cancer located in the right lower lobe. Patient worked in chemical environment. Patient worked in farm environment. Patient worked in painting environment. Family history of cancer. Patient has work related cancer. Male. White. mother have lung cancer. '
WARNING: vision_encoder.blocks.2.1.spatial_block.conv1.fn.dw.weight has NO gradient.

[DEBUG] Multimodal Text Example (Batch): 'Patient is 0.4456521739130434 years old. Patient has a 0.8571428571428571 diploma.  Height of 0.675 cm. Patient weights 0.2181818181818181 kg. Patient has a history of 0.034 pack years Patient smokes 0.1 cigarettes a day. Patient smoked for a total of 0.34 years. Patient has a lesion size of 0.0666666666666666 mm. History of previous disease. Patient has BMI of 0.0892508679607172. Patient has the main cancer located in the right lower lobe. Patient has emphysema. Male. White. '
WARNING: vision_encoder.blocks.2.1.spatial_block.conv1.fn.dw.weight has NO gradient.

[DEBUG] Multimodal Text Example (Batch): 'Patient is 0.5108695652173914 years old. Patient has a 0.7142857142857143 diploma.  Height of 0.55 cm. Patient weights 0.2909090909090909 kg. Patient has a history of 0.11 pack years Patient smokes 0.2 cigarettes a day. Patient smoked for a total of 0.55 years. Patient has a lesion size of 0.04 mm. History of previous disease. Patient has BMI of 0.1375961516767853. Patient smokes ciggaretes. Patient lives with a smoker. Patient works with exposure to smokers. Patient has the main cancer located in the left lower lobe. Patient has diabetes. Patient has Hypertension. Family history of cancer. Female. African-American. father have lung cancer. '
WARNING: vision_encoder.blocks.2.1.spatial_block.conv1.fn.dw.weight has NO gradient.

[DEBUG] Multimodal Text Example (Batch): 'Patient is 0.4021739130434782 years old. Patient has a 0.8571428571428571 diploma.  Height of 0.625 cm. Patient weights 0.1818181818181818 kg. Patient has a history of 0.082 pack years Patient smokes 0.2 cigarettes a day. Patient smoked for a total of 0.41 years. Patient has a lesion size of 0.1633333333333333 mm. History of previous disease. Patient has BMI of 0.0817129211566632. Patient smokes ciggaretes. Patient lives with a smoker. Patient works with exposure to smokers. Patient has the main cancer located in the right upper lobe. Patient worked in farm environment. Patient worked in flour environment. Patient has Hypertension. Patient has pneumonia. Family history of cancer. Patient has work related cancer. Male. White. father have lung cancer. '
WARNING: vision_encoder.blocks.2.1.spatial_block.conv1.fn.dw.weight has NO gradient.

[DEBUG] Multimodal Text Example (Batch): 'Patient is 0.5652173913043478 years old. Patient has a 0.5714285714285714 diploma.  Height of 0.525 cm. Patient weights 0.1454545454545454 kg. Patient has a history of 0.03675 pack years Patient smokes 0.075 cigarettes a day. Patient smoked for a total of 0.49 years. Patient has a lesion size of 0.1 mm. History of previous disease. Patient has BMI of 0.0790573112911541. Patient lives with a smoker. Patient works with exposure to smokers. Patient has the main cancer located in the right upper lobe. Patient has pneumonia. Family history of cancer. Female. White. brother have lung cancer. '
WARNING: vision_encoder.blocks.2.1.spatial_block.conv1.fn.dw.weight has NO gradient.
shape xtorch.Size([32, 2])
tensor(0.7102, device='cuda:0')
tensor(-0.6106, device='cuda:0')
shape xtorch.Size([32, 2])
tensor(0.7057, device='cuda:0')
tensor(-0.5956, device='cuda:0')
shape xtorch.Size([32, 2])
tensor(0.6806, device='cuda:0')
tensor(-0.5548, device='cuda:0')
shape xtorch.Size([11, 2])
tensor(0.6722, device='cuda:0')
tensor(-0.5971, device='cuda:0')
shape PREDS: torch.Size([107, 2])
shape time: torch.Size([107])
shape log_hz: torch.Size([107, 107])
shape log_hz_t: torch.Size([107])

==================================================
Stage: VAL
Predicted class distribution: 0s = 0, 1s = 107
Actual label distribution:    0s = 80, 1s = 27
Actual Imbalance Ratio (0:1): 2.96:1
==================================================
⚠️ Model is predicting only class 1 (minority class). It is ignoring the majority class!
DEBUG SHAPES: time=(107,), log_hz=(107,), events=(107,)
Cindex TorchSurv: 0.5060827136039734
Cindex Lifelines: 0.5681265206812652
Saved test predictions and probabilities to validation_results_fold_final.csv

[DEBUG] Multimodal Text Example (Batch): 'Patient is 0.4673913043478261 years old. Patient has a 1.0 diploma.  Height of 0.55 cm. Patient weights 0.1672727272727272 kg. Patient has a history of 0.037 pack years Patient smokes 0.1 cigarettes a day. Patient smoked for a total of 0.37 years. Patient has a lesion size of 0.0666666666666666 mm. History of previous disease. Patient has BMI of 0.0852404862492451. Patient smokes cigar. Patient smokes ciggaretes. Patient smokes pipe. Patient lives with a smoker. Patient works with exposure to smokers. Patient has the main cancer located in the right upper lobe. Female. White. '
WARNING: vision_encoder.blocks.2.1.spatial_block.conv1.fn.dw.weight has NO gradient.

[DEBUG] Multimodal Text Example (Batch): 'Patient is 0.4130434782608695 years old. Patient has a 1.0 diploma.  Height of 0.375 cm. Patient weights 0.1036363636363636 kg. Patient has a history of 0.0375 pack years Patient smokes 0.15 cigarettes a day. Patient smoked for a total of 0.25 years. Patient has a lesion size of 0.02 mm. History of previous disease. Patient has BMI of 0.0786367857533049. Patient lives with a smoker. Patient works with exposure to smokers. Patient has the main cancer located in the right upper lobe. Female. White. '
WARNING: vision_encoder.blocks.2.1.spatial_block.conv1.fn.dw.weight has NO gradient.

[DEBUG] Multimodal Text Example (Batch): 'Patient is 0.4673913043478261 years old. Patient has a 0.7142857142857143 diploma.  Height of 0.525 cm. Patient weights 0.2381818181818182 kg. Patient has a history of 0.043 pack years Patient smokes 0.1 cigarettes a day. Patient smoked for a total of 0.43 years. Patient has a lesion size of 0.0266666666666666 mm. History of previous disease. Patient has BMI of 0.1195229762540033. Patient smokes ciggaretes. Patient lives with a smoker. Patient has the main cancer located in the right upper lobe. Patient has Stroke history. Family history of cancer. Female. White. father have lung cancer. '
WARNING: vision_encoder.blocks.2.1.spatial_block.conv1.fn.dw.weight has NO gradient.

[DEBUG] Multimodal Text Example (Batch): 'Patient is 0.6086956521739131 years old. Patient has a 0.5714285714285714 diploma.  Height of 0.775 cm. Patient weights 0.4272727272727272 kg. Patient has a history of 0.042 pack years Patient smokes 0.1 cigarettes a day. Patient smoked for a total of 0.42 years. Patient has a lesion size of 0.0666666666666666 mm. History of previous disease. Patient has BMI of 0.1464478859390363. Patient smokes cigar. Patient smokes pipe. Patient lives with a smoker. Patient works with exposure to smokers. Patient has the main cancer located in the right middle lobe. Patient has Hypertension. Family history of cancer. Male. White. father have lung cancer. '
WARNING: vision_encoder.blocks.2.1.spatial_block.conv1.fn.dw.weight has NO gradient.

[DEBUG] Multimodal Text Example (Batch): 'Patient is 0.4565217391304347 years old. Patient has a 0.4285714285714285 diploma.  Height of 0.425 cm. Patient weights 0.16 kg. Patient has a history of 0.06 pack years Patient smokes 0.15 cigarettes a day. Patient smoked for a total of 0.4 years. Patient has a lesion size of 0.0766666666666666 mm. History of previous disease. Patient has BMI of 0.0999890518828203. Patient lives with a smoker. Patient works with exposure to smokers. Patient has the main cancer located in the right lower lobe. Patient has Hypertension. Female. White. '
WARNING: vision_encoder.blocks.2.1.spatial_block.conv1.fn.dw.weight has NO gradient.

[DEBUG] Multimodal Text Example (Batch): 'Patient is 0.6086956521739131 years old. Patient has a 0.2857142857142857 diploma.  Height of 0.45 cm. Patient weights 0.1636363636363636 kg. Patient has a history of 0.043 pack years Patient smokes 0.1 cigarettes a day. Patient smoked for a total of 0.43 years. Patient has a lesion size of 0.1036685288640596 mm. History of previous disease. Patient has BMI of 0.0978229013299482. Patient lives with a smoker. Patient has the main cancer located in the left upper lobe. Patient has Hypertension. Patient diagnosed with breast cancer. History of previous cancer. Female. White. '
WARNING: vision_encoder.blocks.2.1.spatial_block.conv1.fn.dw.weight has NO gradient.

[DEBUG] Multimodal Text Example (Batch): 'Patient is 0.532608695652174 years old. Patient has a 0.1428571428571428 diploma.  Height of 0.625 cm. Patient weights 0.26 kg. Patient has a history of 0.043 pack years Patient smokes 0.1 cigarettes a day. Patient smoked for a total of 0.43 years. Patient has a lesion size of 0.1 mm. History of previous disease. Patient has BMI of 0.1120432243693937. Patient smokes ciggaretes. Patient lives with a smoker. Patient works with exposure to smokers. Patient has the main cancer located in the left upper lobe. Patient worked in painting environment. Patient worked in welding environment. Patient has Hypertension. Patient has work related cancer. Male. White. '
WARNING: vision_encoder.blocks.2.1.spatial_block.conv1.fn.dw.weight has NO gradient.

[DEBUG] Multimodal Text Example (Batch): 'Patient is 0.532608695652174 years old. Patient has a 0.7142857142857143 diploma.  Height of 0.625 cm. Patient weights 0.1654545454545454 kg. Patient has a history of 0.1075 pack years Patient smokes 0.25 cigarettes a day. Patient smoked for a total of 0.43 years. Patient has a lesion size of 0.0666666666666666 mm. History of previous disease. Patient has BMI of 0.0753647181586499. Patient smokes pipe. Patient lives with a smoker. Patient works with exposure to smokers. Patient has the main cancer located in the right lower lobe. Patient has COPD. Patient has heart disease. Male. White. '
WARNING: vision_encoder.blocks.2.1.spatial_block.conv1.fn.dw.weight has NO gradient.

[DEBUG] Multimodal Text Example (Batch): 'Patient is 0.5108695652173914 years old. Patient has a 0.4285714285714285 diploma.  Height of 0.55 cm. Patient weights 0.2727272727272727 kg. Patient has a history of 0.047 pack years Patient smokes 0.1 cigarettes a day. Patient smoked for a total of 0.47 years. Patient has a lesion size of 0.0833333333333333 mm. History of previous disease. Patient has BMI of 0.1298967891139117. Patient smokes ciggaretes. Patient smokes pipe. Patient has the main cancer located in the left upper lobe. Male. White. '
WARNING: vision_encoder.blocks.2.1.spatial_block.conv1.fn.dw.weight has NO gradient.

[DEBUG] Multimodal Text Example (Batch): 'Patient is 0.4021739130434782 years old. Patient has a 0.4285714285714285 diploma.  Height of 0.6 cm. Patient weights 0.2545454545454545 kg. Patient has a history of 0.043 pack years Patient smokes 0.1 cigarettes a day. Patient smoked for a total of 0.43 years. Patient has a lesion size of 0.05 mm. History of previous disease. Patient has BMI of 0.1138398744138967. Patient smokes cigar. Patient smokes ciggaretes. Patient smokes pipe. Patient lives with a smoker. Patient works with exposure to smokers. Patient has the main cancer located in the right upper lobe. Patient worked in farm environment. Patient worked in painting environment. Patient worked in sandblasting environment. Patient has work related cancer. Male. White. '
WARNING: vision_encoder.blocks.2.1.spatial_block.conv1.fn.dw.weight has NO gradient.
shape xtorch.Size([32, 2])
tensor(1.2252, device='cuda:0')
tensor(0.1271, device='cuda:0')
shape xtorch.Size([32, 2])
tensor(0.5012, device='cuda:0')
tensor(0.0955, device='cuda:0')
shape xtorch.Size([32, 2])
tensor(0.9513, device='cuda:0')
tensor(0.1110, device='cuda:0')
shape xtorch.Size([11, 2])
tensor(1.2162, device='cuda:0')
tensor(0.1431, device='cuda:0')
shape PREDS: torch.Size([107, 2])
shape time: torch.Size([107])
shape log_hz: torch.Size([107, 107])
shape log_hz_t: torch.Size([107])

==================================================
Stage: VAL
Predicted class distribution: 0s = 107, 1s = 0
Actual label distribution:    0s = 80, 1s = 27
Actual Imbalance Ratio (0:1): 2.96:1
==================================================
⚠️ Model is predicting only class 0 (majority class). It is ignoring the minority class!
DEBUG SHAPES: time=(107,), log_hz=(107,), events=(107,)
Cindex TorchSurv: 0.5454176664352417
Cindex Lifelines: 0.570154095701541
Saved test predictions and probabilities to validation_results_fold_final.csv

[DEBUG] Multimodal Text Example (Batch): 'Patient is 0.532608695652174 years old. Patient has a 0.7142857142857143 diploma.  Height of 0.475 cm. Patient weights 0.1709090909090909 kg. Patient has a history of 0.0555 pack years Patient smokes 0.15 cigarettes a day. Patient smoked for a total of 0.37 years. Patient has a lesion size of 0.0466666666666666 mm. History of previous disease. Patient has BMI of 0.09741811086529. Patient lives with a smoker. Patient works with exposure to smokers. Patient has the main cancer located in the right upper lobe. Patient has COPD. Patient has Hypertension. Female. White. '
WARNING: vision_encoder.blocks.2.1.spatial_block.conv1.fn.dw.weight has NO gradient.

[DEBUG] Multimodal Text Example (Batch): 'Patient is 0.5217391304347826 years old. Patient has a 0.4285714285714285 diploma.  Height of 0.5 cm. Patient weights 0.16 kg. Patient has a history of 0.098 pack years Patient smokes 0.2 cigarettes a day. Patient smoked for a total of 0.49 years. Patient has a lesion size of 0.0333333333333333 mm. History of previous disease. Patient has BMI of 0.0887998696712107. Patient lives with a smoker. Patient works with exposure to smokers. Patient has the main cancer located in the right upper lobe. Patient has chronic bronchitis. Patient has COPD. Patient has emphysema. Patient has heart disease. Patient has Hypertension. Patient has pneumonia. Family history of cancer. Female. White. father have lung cancer. '
WARNING: vision_encoder.blocks.2.1.spatial_block.conv1.fn.dw.weight has NO gradient.

[DEBUG] Multimodal Text Example (Batch): 'Patient is 0.5108695652173914 years old. Patient has a 0.7142857142857143 diploma.  Height of 0.65 cm. Patient weights 0.3454545454545454 kg. Patient has a history of 0.0765 pack years Patient smokes 0.15 cigarettes a day. Patient smoked for a total of 0.51 years. Patient has a lesion size of 0.1036685288640596 mm. History of previous disease. Patient has BMI of 0.1404599296584136. Patient smokes cigar. Patient smokes pipe. Patient lives with a smoker. Patient works with exposure to smokers. Patient has the main cancer located in the right lower lobe. Patient has diabetes. Male. White. '
WARNING: vision_encoder.blocks.2.1.spatial_block.conv1.fn.dw.weight has NO gradient.

[DEBUG] Multimodal Text Example (Batch): 'Patient is 0.4673913043478261 years old. Patient has a 0.7142857142857143 diploma.  Height of 0.55 cm. Patient weights 0.2363636363636363 kg. Patient has a history of 0.046 pack years Patient smokes 0.1 cigarettes a day. Patient smoked for a total of 0.46 years. Patient has a lesion size of 0.03 mm. History of previous disease. Patient has BMI of 0.1144980639881646. Patient smokes ciggaretes. Patient works with exposure to smokers. Patient has the main cancer located in the right lower lobe. Male. White. '
WARNING: vision_encoder.blocks.2.1.spatial_block.conv1.fn.dw.weight has NO gradient.

[DEBUG] Multimodal Text Example (Batch): 'Patient is 0.5108695652173914 years old. Patient has a 0.4285714285714285 diploma.  Height of 0.55 cm. Patient weights 0.2727272727272727 kg. Patient has a history of 0.047 pack years Patient smokes 0.1 cigarettes a day. Patient smoked for a total of 0.47 years. Patient has a lesion size of 0.0833333333333333 mm. History of previous disease. Patient has BMI of 0.1298967891139117. Patient smokes ciggaretes. Patient smokes pipe. Patient has the main cancer located in the left upper lobe. Male. White. '
WARNING: vision_encoder.blocks.2.1.spatial_block.conv1.fn.dw.weight has NO gradient.

[DEBUG] Multimodal Text Example (Batch): 'Patient is 0.532608695652174 years old. Patient has a 0.7142857142857143 diploma.  Height of 0.625 cm. Patient weights 0.1654545454545454 kg. Patient has a history of 0.1075 pack years Patient smokes 0.25 cigarettes a day. Patient smoked for a total of 0.43 years. Patient has a lesion size of 0.0666666666666666 mm. History of previous disease. Patient has BMI of 0.0753647181586499. Patient smokes pipe. Patient lives with a smoker. Patient works with exposure to smokers. Patient has the main cancer located in the right lower lobe. Patient has COPD. Patient has heart disease. Male. White. '
WARNING: vision_encoder.blocks.2.1.spatial_block.conv1.fn.dw.weight has NO gradient.

[DEBUG] Multimodal Text Example (Batch): 'Patient is 0.4347826086956521 years old. Patient has a 0.7142857142857143 diploma.  Height of 0.625 cm. Patient weights 0.1909090909090909 kg. Patient has a history of 0.039 pack years Patient smokes 0.1 cigarettes a day. Patient smoked for a total of 0.39 years. Patient has a lesion size of 0.03 mm. History of previous disease. Patient has BMI of 0.0852397006000039. Patient smokes ciggaretes. Patient lives with a smoker. Patient works with exposure to smokers. Patient has the main cancer located in the left upper lobe. Patient worked in asbestos environment. Family history of cancer. Patient has work related cancer. Male. White. brother and father have lung cancer. '
WARNING: vision_encoder.blocks.2.1.spatial_block.conv1.fn.dw.weight has NO gradient.

[DEBUG] Multimodal Text Example (Batch): 'Patient is 0.532608695652174 years old. Patient has a 0.2857142857142857 diploma.  Height of 0.55 cm. Patient weights 0.209090909090909 kg. Patient has a history of 0.0765 pack years Patient smokes 0.15 cigarettes a day. Patient smoked for a total of 0.51 years. Patient has a lesion size of 0.04 mm. History of previous disease. Patient has BMI of 0.1029490201438543. Patient smokes ciggaretes. Patient smokes pipe. Patient lives with a smoker. Patient works with exposure to smokers. Patient has the main cancer located in the left lower lobe. Patient has Hypertension. Male. African-American. '
WARNING: vision_encoder.blocks.2.1.spatial_block.conv1.fn.dw.weight has NO gradient.

[DEBUG] Multimodal Text Example (Batch): 'Patient is 0.4239130434782608 years old. Patient has a 0.5714285714285714 diploma.  Height of 0.575 cm. Patient weights 0.2545454545454545 kg. Patient has a history of 0.0585 pack years Patient smokes 0.15 cigarettes a day. Patient smoked for a total of 0.39 years. Patient has a lesion size of 0.0533333333333333 mm. History of previous disease. Patient has BMI of 0.1179264782435618. Patient smokes ciggaretes. Patient lives with a smoker. Patient works with exposure to smokers. Patient has the main cancer located in the left lower lobe. Patient has chronic bronchitis. Patient has Hypertension. Female. White. '
WARNING: vision_encoder.blocks.2.1.spatial_block.conv1.fn.dw.weight has NO gradient.

[DEBUG] Multimodal Text Example (Batch): 'Patient is 0.5434782608695652 years old. Patient has a 1.0 diploma.  Height of 0.525 cm. Patient weights 0.1545454545454545 kg. Patient has a history of 0.055 pack years Patient smokes 0.125 cigarettes a day. Patient smoked for a total of 0.44 years. Patient has a lesion size of 0.0333333333333333 mm. History of previous disease. Patient has BMI of 0.0830245333463354. Patient smokes ciggaretes. Patient has the main cancer located in the right upper lobe. Patient has heart disease. Male. Asian. '
WARNING: vision_encoder.blocks.2.1.spatial_block.conv1.fn.dw.weight has NO gradient.
shape xtorch.Size([32, 2])
tensor(2.0286, device='cuda:0')
tensor(-0.5461, device='cuda:0')
shape xtorch.Size([32, 2])
tensor(1.3187, device='cuda:0')
tensor(-0.5234, device='cuda:0')
shape xtorch.Size([32, 2])
tensor(2.3375, device='cuda:0')
tensor(-0.4265, device='cuda:0')
shape xtorch.Size([11, 2])
tensor(2.8206, device='cuda:0')
tensor(-0.4975, device='cuda:0')
shape PREDS: torch.Size([107, 2])
shape time: torch.Size([107])
shape log_hz: torch.Size([107, 107])
shape log_hz_t: torch.Size([107])

==================================================
Stage: VAL
Predicted class distribution: 0s = 21, 1s = 86
Actual label distribution:    0s = 80, 1s = 27
Actual Imbalance Ratio (0:1): 2.96:1
==================================================
✅ Model is predicting both classes.
DEBUG SHAPES: time=(107,), log_hz=(107,), events=(107,)
Cindex TorchSurv: 0.46390917897224426
Cindex Lifelines: 0.5579886455798865
Saved test predictions and probabilities to validation_results_fold_final.csv

[DEBUG] Multimodal Text Example (Batch): 'Patient is 0.6086956521739131 years old. Patient has a 0.7142857142857143 diploma.  Height of 0.425 cm. Patient weights 0.2509090909090909 kg. Patient has a history of 0.075 pack years Patient smokes 0.25 cigarettes a day. Patient smoked for a total of 0.3 years. Patient has a lesion size of 0.0933333333333333 mm. History of previous disease. Patient has BMI of 0.1449453975445522. Patient lives with a smoker. Patient has the main cancer located in the right lower lobe. Patient has COPD. Patient has diabetes. Patient has emphysema. Patient has heart disease. Patient has Hypertension. Patient has pneumonia. Female. White. '
WARNING: vision_encoder.blocks.2.1.spatial_block.conv1.fn.dw.weight has NO gradient.

[DEBUG] Multimodal Text Example (Batch): 'Patient is 0.5 years old. Patient has a 0.7142857142857143 diploma.  Height of 0.45 cm. Patient weights 0.3181818181818182 kg. Patient has a history of 0.063 pack years Patient smokes 0.15 cigarettes a day. Patient smoked for a total of 0.42 years. Patient has a lesion size of 0.0266666666666666 mm. History of previous disease. Patient has BMI of 0.1718417291531493. Patient lives with a smoker. Patient works with exposure to smokers. Patient has the main cancer located in the left lower lobe. Patient has adult asthma. Patient has chronic bronchitis. Patient has pneumonia. Female. White. '
WARNING: vision_encoder.blocks.2.1.spatial_block.conv1.fn.dw.weight has NO gradient.

[DEBUG] Multimodal Text Example (Batch): 'Patient is 0.6086956521739131 years old. Patient has a 0.1428571428571428 diploma.  Height of 0.35 cm. Patient weights 0.1309090909090909 kg. Patient has a history of 0.046 pack years Patient smokes 0.1 cigarettes a day. Patient smoked for a total of 0.46 years. Patient has a lesion size of 0.08 mm. History of previous disease. Patient has BMI of 0.0970418993174635. Patient smokes cigar. Patient works with exposure to smokers. Patient has the main cancer located in the left upper lobe. Patient diagnosed with oral cancer. History of previous cancer. Female. White. '
WARNING: vision_encoder.blocks.2.1.spatial_block.conv1.fn.dw.weight has NO gradient.

[DEBUG] Multimodal Text Example (Batch): 'Patient is 0.5217391304347826 years old. Patient has a 0.4285714285714285 diploma.  Height of 0.5 cm. Patient weights 0.16 kg. Patient has a history of 0.098 pack years Patient smokes 0.2 cigarettes a day. Patient smoked for a total of 0.49 years. Patient has a lesion size of 0.0333333333333333 mm. History of previous disease. Patient has BMI of 0.0887998696712107. Patient lives with a smoker. Patient works with exposure to smokers. Patient has the main cancer located in the right upper lobe. Patient has chronic bronchitis. Patient has COPD. Patient has emphysema. Patient has heart disease. Patient has Hypertension. Patient has pneumonia. Family history of cancer. Female. White. father have lung cancer. '
WARNING: vision_encoder.blocks.2.1.spatial_block.conv1.fn.dw.weight has NO gradient.

[DEBUG] Multimodal Text Example (Batch): 'Patient is 0.4891304347826087 years old. Patient has a 0.1428571428571428 diploma.  Height of 0.65 cm. Patient weights 0.2909090909090909 kg. Patient has a history of 0.147 pack years Patient smokes 0.3 cigarettes a day. Patient smoked for a total of 0.49 years. Patient has a lesion size of 0.16 mm. History of previous disease. Patient has BMI of 0.1198911306831669. Patient smokes cigar. Patient smokes ciggaretes. Patient lives with a smoker. Patient works with exposure to smokers. Patient has the main cancer located in the left lower lobe. Patient worked in asbestos environment. Patient worked in painting environment. Patient worked in sandblasting environment. Patient worked in welding environment. Patient has diabetes. Patient has Stroke history. Patient has work related cancer. Male. White. '
WARNING: vision_encoder.blocks.2.1.spatial_block.conv1.fn.dw.weight has NO gradient.

[DEBUG] Multimodal Text Example (Batch): 'Patient is 0.6086956521739131 years old. Patient has a 0.1428571428571428 diploma.  Height of 0.35 cm. Patient weights 0.1309090909090909 kg. Patient has a history of 0.046 pack years Patient smokes 0.1 cigarettes a day. Patient smoked for a total of 0.46 years. Patient has a lesion size of 0.08 mm. History of previous disease. Patient has BMI of 0.0970418993174635. Patient smokes cigar. Patient works with exposure to smokers. Patient has the main cancer located in the left upper lobe. Patient diagnosed with oral cancer. History of previous cancer. Female. White. '
WARNING: vision_encoder.blocks.2.1.spatial_block.conv1.fn.dw.weight has NO gradient.

[DEBUG] Multimodal Text Example (Batch): 'Patient is 0.4673913043478261 years old. Patient has a 0.8571428571428571 diploma.  Height of 0.4 cm. Patient weights 0.1636363636363636 kg. Patient has a history of 0.046 pack years Patient smokes 0.1 cigarettes a day. Patient smoked for a total of 0.46 years. Patient has a lesion size of 0.05 mm. History of previous disease. Patient has BMI of 0.1059482746547076. Patient works with exposure to smokers. Patient has the main cancer located in the left upper lobe. Patient has Hypertension. Female. White. '
WARNING: vision_encoder.blocks.2.1.spatial_block.conv1.fn.dw.weight has NO gradient.

[DEBUG] Multimodal Text Example (Batch): 'Patient is 0.5434782608695652 years old. Patient has a 1.0 diploma.  Height of 0.625 cm. Patient weights 0.3454545454545454 kg. Patient has a history of 0.09 pack years Patient smokes 0.15 cigarettes a day. Patient smoked for a total of 0.6 years. Patient has a lesion size of 0.1066666666666666 mm. History of previous disease. Patient has BMI of 0.1451949511367969. Patient smokes cigar. Patient works with exposure to smokers. Patient has the main cancer located in the left upper lobe. Family history of cancer. Male. White. father have lung cancer. '
WARNING: vision_encoder.blocks.2.1.spatial_block.conv1.fn.dw.weight has NO gradient.

[DEBUG] Multimodal Text Example (Batch): 'Patient is 0.4673913043478261 years old. Patient has a 1.0 diploma.  Height of 0.425 cm. Patient weights 0.1290909090909091 kg. Patient has a history of 0.034 pack years Patient smokes 0.1 cigarettes a day. Patient smoked for a total of 0.34 years. Patient has a lesion size of 0.0266666666666666 mm. History of previous disease. Patient has BMI of 0.0847038943578315. Patient lives with a smoker. Patient has the main cancer located in the left upper lobe. Female. White. '
WARNING: vision_encoder.blocks.2.1.spatial_block.conv1.fn.dw.weight has NO gradient.

[DEBUG] Multimodal Text Example (Batch): 'Patient is 0.4347826086956521 years old. Patient has a 0.5714285714285714 diploma.  Height of 0.55 cm. Patient weights 0.1727272727272727 kg. Patient has a history of 0.055 pack years Patient smokes 0.125 cigarettes a day. Patient smoked for a total of 0.44 years. Patient has a lesion size of 0.2466666666666666 mm. History of previous disease. Patient has BMI of 0.0875502950181071. Patient smokes ciggaretes. Patient lives with a smoker. Patient works with exposure to smokers. Patient has the main cancer located in the left lower lobe. Patient worked in painting environment. Patient has emphysema. Patient has work related cancer. Male. White. '
WARNING: vision_encoder.blocks.2.1.spatial_block.conv1.fn.dw.weight has NO gradient.
shape xtorch.Size([32, 2])
tensor(1.6914, device='cuda:0')
tensor(-1.0183, device='cuda:0')
shape xtorch.Size([32, 2])
tensor(1.0677, device='cuda:0')
tensor(-1.0541, device='cuda:0')
shape xtorch.Size([32, 2])
tensor(1.4457, device='cuda:0')
tensor(-0.9682, device='cuda:0')
shape xtorch.Size([11, 2])
tensor(2.1740, device='cuda:0')
tensor(-0.5100, device='cuda:0')
shape PREDS: torch.Size([107, 2])
shape time: torch.Size([107])
shape log_hz: torch.Size([107, 107])
shape log_hz_t: torch.Size([107])

==================================================
Stage: VAL
Predicted class distribution: 0s = 5, 1s = 102
Actual label distribution:    0s = 80, 1s = 27
Actual Imbalance Ratio (0:1): 2.96:1
==================================================
✅ Model is predicting both classes.
DEBUG SHAPES: time=(107,), log_hz=(107,), events=(107,)
Cindex TorchSurv: 0.5969181060791016
Cindex Lifelines: 0.5993511759935117
Saved test predictions and probabilities to validation_results_fold_final.csv

[DEBUG] Multimodal Text Example (Batch): 'Patient is 0.5869565217391305 years old. Patient has a 0.7142857142857143 diploma.  Height of 0.375 cm. Patient weights 0.2363636363636363 kg. Patient has a history of 0.11 pack years Patient smokes 0.2 cigarettes a day. Patient smoked for a total of 0.55 years. Patient has a lesion size of 0.0733333333333333 mm. History of previous disease. Patient has BMI of 0.1487217305801376. Patient smokes ciggaretes. Patient lives with a smoker. Patient works with exposure to smokers. Patient has the main cancer located in the right upper lobe. Female. White. '
WARNING: vision_encoder.blocks.2.1.spatial_block.conv1.fn.dw.weight has NO gradient.

[DEBUG] Multimodal Text Example (Batch): 'Patient is 0.4130434782608695 years old. Patient has a 0.4285714285714285 diploma.  Height of 0.5 cm. Patient weights 0.1745454545454545 kg. Patient has a history of 0.06 pack years Patient smokes 0.15 cigarettes a day. Patient smoked for a total of 0.4 years. Patient has a lesion size of 0.05 mm. History of previous disease. Patient has BMI of 0.0953442367329365. Patient smokes ciggaretes. Patient lives with a smoker. Patient works with exposure to smokers. Patient has the main cancer located in the right upper lobe. Patient has childhood asthma. Patient has emphysema. Family history of cancer. Female. White. father and mother have lung cancer. '
WARNING: vision_encoder.blocks.2.1.spatial_block.conv1.fn.dw.weight has NO gradient.

[DEBUG] Multimodal Text Example (Batch): 'Patient is 0.4456521739130434 years old. Patient has a 0.5714285714285714 diploma.  Height of 0.525 cm. Patient weights 0.209090909090909 kg. Patient has a history of 0.07 pack years Patient smokes 0.2 cigarettes a day. Patient smoked for a total of 0.35 years. Patient has a lesion size of 0.0666666666666666 mm. History of previous disease. Patient has BMI of 0.1068278656774231. Patient smokes cigar. Patient smokes pipe. Patient lives with a smoker. Patient works with exposure to smokers. Patient has the main cancer located in the right upper lobe. Patient worked in asbestos environment. Patient has emphysema. Patient has pneumonia. Patient has work related cancer. Male. White. '
WARNING: vision_encoder.blocks.2.1.spatial_block.conv1.fn.dw.weight has NO gradient.

[DEBUG] Multimodal Text Example (Batch): 'Patient is 0.5652173913043478 years old. Patient has a 0.5714285714285714 diploma.  Height of 0.525 cm. Patient weights 0.1454545454545454 kg. Patient has a history of 0.03675 pack years Patient smokes 0.075 cigarettes a day. Patient smoked for a total of 0.49 years. Patient has a lesion size of 0.1 mm. History of previous disease. Patient has BMI of 0.0790573112911541. Patient lives with a smoker. Patient works with exposure to smokers. Patient has the main cancer located in the right upper lobe. Patient has pneumonia. Family history of cancer. Female. White. brother have lung cancer. '
WARNING: vision_encoder.blocks.2.1.spatial_block.conv1.fn.dw.weight has NO gradient.

[DEBUG] Multimodal Text Example (Batch): 'Patient is 0.5108695652173914 years old. Patient has a 0.7142857142857143 diploma.  Height of 0.65 cm. Patient weights 0.3454545454545454 kg. Patient has a history of 0.0765 pack years Patient smokes 0.15 cigarettes a day. Patient smoked for a total of 0.51 years. Patient has a lesion size of 0.1036685288640596 mm. History of previous disease. Patient has BMI of 0.1404599296584136. Patient smokes cigar. Patient smokes pipe. Patient lives with a smoker. Patient works with exposure to smokers. Patient has the main cancer located in the right lower lobe. Patient has diabetes. Male. White. '
WARNING: vision_encoder.blocks.2.1.spatial_block.conv1.fn.dw.weight has NO gradient.

[DEBUG] Multimodal Text Example (Batch): 'Patient is 0.4347826086956521 years old. Patient has a 0.7142857142857143 diploma.  Height of 0.675 cm. Patient weights 0.26 kg. Patient has a history of 0.0425 pack years Patient smokes 0.125 cigarettes a day. Patient smoked for a total of 0.34 years. Patient has a lesion size of 0.05 mm. History of previous disease. Patient has BMI of 0.1045852832101193. Patient works with exposure to smokers. Patient has the main cancer located in the right lower lobe. Patient worked in fire fighting environment. Patient has adult asthma. Patient has emphysema. Patient has Hypertension. Patient has work related cancer. Male. White. '
WARNING: vision_encoder.blocks.2.1.spatial_block.conv1.fn.dw.weight has NO gradient.

[DEBUG] Multimodal Text Example (Batch): 'Patient is 0.5 years old. Patient has a 0.7142857142857143 diploma.  Height of 0.55 cm. Patient weights 0.2909090909090909 kg. Patient has a history of 0.035 pack years Patient smokes 0.1 cigarettes a day. Patient smoked for a total of 0.35 years. Patient has a lesion size of 0.01 mm. History of previous disease. Patient has BMI of 0.1375961516767853. Patient has the main cancer located in the right middle lobe. Patient has bronchiectasis. Patient has chronic bronchitis. Family history of cancer. Female. White. sister have lung cancer. '
WARNING: vision_encoder.blocks.2.1.spatial_block.conv1.fn.dw.weight has NO gradient.

[DEBUG] Multimodal Text Example (Batch): 'Patient is 0.4565217391304347 years old. Patient has a 0.8571428571428571 diploma.  Height of 0.65 cm. Patient weights 0.2327272727272727 kg. Patient has a history of 0.084 pack years Patient smokes 0.2 cigarettes a day. Patient smoked for a total of 0.42 years. Patient has a lesion size of 0.0866666666666666 mm. History of previous disease. Patient has BMI of 0.0979510784429038. Patient smokes cigar. Patient smokes ciggaretes. Patient smokes pipe. Patient lives with a smoker. Patient works with exposure to smokers. Patient has the main cancer located in the left upper lobe. Male. White. '
WARNING: vision_encoder.blocks.2.1.spatial_block.conv1.fn.dw.weight has NO gradient.

[DEBUG] Multimodal Text Example (Batch): 'Patient is 0.4347826086956521 years old. Patient has a 0.7142857142857143 diploma.  Height of 0.625 cm. Patient weights 0.1909090909090909 kg. Patient has a history of 0.039 pack years Patient smokes 0.1 cigarettes a day. Patient smoked for a total of 0.39 years. Patient has a lesion size of 0.03 mm. History of previous disease. Patient has BMI of 0.0852397006000039. Patient smokes ciggaretes. Patient lives with a smoker. Patient works with exposure to smokers. Patient has the main cancer located in the left upper lobe. Patient worked in asbestos environment. Family history of cancer. Patient has work related cancer. Male. White. brother and father have lung cancer. '
WARNING: vision_encoder.blocks.2.1.spatial_block.conv1.fn.dw.weight has NO gradient.

[DEBUG] Multimodal Text Example (Batch): 'Patient is 0.5108695652173914 years old. Patient has a 0.7142857142857143 diploma.  Height of 0.55 cm. Patient weights 0.2909090909090909 kg. Patient has a history of 0.11 pack years Patient smokes 0.2 cigarettes a day. Patient smoked for a total of 0.55 years. Patient has a lesion size of 0.04 mm. History of previous disease. Patient has BMI of 0.1375961516767853. Patient smokes ciggaretes. Patient lives with a smoker. Patient works with exposure to smokers. Patient has the main cancer located in the left lower lobe. Patient has diabetes. Patient has Hypertension. Family history of cancer. Female. African-American. father have lung cancer. '
WARNING: vision_encoder.blocks.2.1.spatial_block.conv1.fn.dw.weight has NO gradient.
shape xtorch.Size([32, 2])
tensor(7.9761, device='cuda:0')
tensor(-0.0684, device='cuda:0')
shape xtorch.Size([32, 2])
tensor(5.3557, device='cuda:0')
tensor(-0.2335, device='cuda:0')
shape xtorch.Size([32, 2])
tensor(7.3564, device='cuda:0')
tensor(-0.1465, device='cuda:0')
shape xtorch.Size([11, 2])
tensor(9.2763, device='cuda:0')
tensor(-0.2053, device='cuda:0')
shape PREDS: torch.Size([107, 2])
shape time: torch.Size([107])
shape log_hz: torch.Size([107, 107])
shape log_hz_t: torch.Size([107])

==================================================
Stage: VAL
Predicted class distribution: 0s = 107, 1s = 0
Actual label distribution:    0s = 80, 1s = 27
Actual Imbalance Ratio (0:1): 2.96:1
==================================================
⚠️ Model is predicting only class 0 (majority class). It is ignoring the minority class!
DEBUG SHAPES: time=(107,), log_hz=(107,), events=(107,)
Cindex TorchSurv: 0.5904298424720764
Cindex Lifelines: 0.589213300892133
Saved test predictions and probabilities to validation_results_fold_final.csv

[DEBUG] Multimodal Text Example (Batch): 'Patient is 0.5434782608695652 years old. Patient has a 0.4285714285714285 diploma.  Height of 0.625 cm. Patient weights 0.2727272727272727 kg. Patient has a history of 0.0825 pack years Patient smokes 0.15 cigarettes a day. Patient smoked for a total of 0.55 years. Patient has a lesion size of 0.0966666666666666 mm. History of previous disease. Patient has BMI of 0.1169807155900708. Patient smokes ciggaretes. Patient lives with a smoker. Patient works with exposure to smokers. Patient has the main cancer located in the right upper lobe. Patient worked in welding environment. Patient has emphysema. Patient has pneumonia. Patient has work related cancer. Male. White. '
WARNING: vision_encoder.blocks.2.1.spatial_block.conv1.fn.dw.weight has NO gradient.

[DEBUG] Multimodal Text Example (Batch): 'Patient is 0.4565217391304347 years old. Patient has a 0.4285714285714285 diploma.  Height of 0.425 cm. Patient weights 0.16 kg. Patient has a history of 0.06 pack years Patient smokes 0.15 cigarettes a day. Patient smoked for a total of 0.4 years. Patient has a lesion size of 0.0766666666666666 mm. History of previous disease. Patient has BMI of 0.0999890518828203. Patient lives with a smoker. Patient works with exposure to smokers. Patient has the main cancer located in the right lower lobe. Patient has Hypertension. Female. White. '
WARNING: vision_encoder.blocks.2.1.spatial_block.conv1.fn.dw.weight has NO gradient.

[DEBUG] Multimodal Text Example (Batch): 'Patient is 0.532608695652174 years old. Patient has a 0.2857142857142857 diploma.  Height of 0.55 cm. Patient weights 0.209090909090909 kg. Patient has a history of 0.0765 pack years Patient smokes 0.15 cigarettes a day. Patient smoked for a total of 0.51 years. Patient has a lesion size of 0.04 mm. History of previous disease. Patient has BMI of 0.1029490201438543. Patient smokes ciggaretes. Patient smokes pipe. Patient lives with a smoker. Patient works with exposure to smokers. Patient has the main cancer located in the left lower lobe. Patient has Hypertension. Male. African-American. '
WARNING: vision_encoder.blocks.2.1.spatial_block.conv1.fn.dw.weight has NO gradient.

[DEBUG] Multimodal Text Example (Batch): 'Patient is 0.6086956521739131 years old. Patient has a 0.2857142857142857 diploma.  Height of 0.45 cm. Patient weights 0.1636363636363636 kg. Patient has a history of 0.043 pack years Patient smokes 0.1 cigarettes a day. Patient smoked for a total of 0.43 years. Patient has a lesion size of 0.1036685288640596 mm. History of previous disease. Patient has BMI of 0.0978229013299482. Patient lives with a smoker. Patient has the main cancer located in the left upper lobe. Patient has Hypertension. Patient diagnosed with breast cancer. History of previous cancer. Female. White. '
WARNING: vision_encoder.blocks.2.1.spatial_block.conv1.fn.dw.weight has NO gradient.

[DEBUG] Multimodal Text Example (Batch): 'Patient is 0.5434782608695652 years old. Patient has a 1.0 diploma.  Height of 0.525 cm. Patient weights 0.1545454545454545 kg. Patient has a history of 0.055 pack years Patient smokes 0.125 cigarettes a day. Patient smoked for a total of 0.44 years. Patient has a lesion size of 0.0333333333333333 mm. History of previous disease. Patient has BMI of 0.0830245333463354. Patient smokes ciggaretes. Patient has the main cancer located in the right upper lobe. Patient has heart disease. Male. Asian. '
WARNING: vision_encoder.blocks.2.1.spatial_block.conv1.fn.dw.weight has NO gradient.

[DEBUG] Multimodal Text Example (Batch): 'Patient is 0.4673913043478261 years old. Patient has a 0.5714285714285714 diploma.  Height of 0.7 cm. Patient weights 0.3090909090909091 kg. Patient has a history of 0.1075 pack years Patient smokes 0.25 cigarettes a day. Patient smoked for a total of 0.43 years. Patient has a lesion size of 0.15 mm. History of previous disease. Patient has BMI of 0.1185955292214747. Patient smokes cigar. Patient smokes pipe. Patient works with exposure to smokers. Patient has the main cancer located in the right lower lobe. Patient worked in chemical environment. Patient worked in farm environment. Patient worked in painting environment. Family history of cancer. Patient has work related cancer. Male. White. mother have lung cancer. '
WARNING: vision_encoder.blocks.2.1.spatial_block.conv1.fn.dw.weight has NO gradient.

[DEBUG] Multimodal Text Example (Batch): 'Patient is 0.5652173913043478 years old. Patient has a 0.4285714285714285 diploma.  Height of 0.6 cm. Patient weights 0.1727272727272727 kg. Patient has a history of 0.112 pack years Patient smokes 0.2 cigarettes a day. Patient smoked for a total of 0.56 years. Patient has a lesion size of 0.1 mm. History of previous disease. Patient has BMI of 0.0811721631239729. Patient smokes ciggaretes. Patient lives with a smoker. Patient works with exposure to smokers. Patient has the main cancer located in the left upper lobe. Patient has diabetes. Patient has emphysema. Patient has Hypertension. Patient has pneumonia. Family history of cancer. Female. Native Hawaiian. brother have lung cancer. '
WARNING: vision_encoder.blocks.2.1.spatial_block.conv1.fn.dw.weight has NO gradient.

[DEBUG] Multimodal Text Example (Batch): 'Patient is 0.4239130434782608 years old. Patient has a 0.5714285714285714 diploma.  Height of 0.525 cm. Patient weights 0.2145454545454545 kg. Patient has a history of 0.035 pack years Patient smokes 0.1 cigarettes a day. Patient smoked for a total of 0.35 years. Patient has a lesion size of 0.05 mm. History of previous disease. Patient has BMI of 0.1092081989105319. Patient lives with a smoker. Patient works with exposure to smokers. Patient has the main cancer located in the right middle lobe. Patient has bronchiectasis. Patient has heart disease. Patient has Hypertension. Patient has pneumonia. Male. White. '
WARNING: vision_encoder.blocks.2.1.spatial_block.conv1.fn.dw.weight has NO gradient.

[DEBUG] Multimodal Text Example (Batch): 'Patient is 0.5 years old. Patient has a 0.5714285714285714 diploma.  Height of 0.625 cm. Patient weights 0.2818181818181818 kg. Patient has a history of 0.09 pack years Patient smokes 0.2 cigarettes a day. Patient smoked for a total of 0.45 years. Patient has a lesion size of 0.0833333333333333 mm. History of previous disease. Patient has BMI of 0.1205074950334116. Patient smokes cigar. Patient smokes pipe. Patient lives with a smoker. Patient works with exposure to smokers. Patient has the main cancer located in the right middle lobe. Patient worked in fire fighting environment. Patient has COPD. Patient has emphysema. Patient has Hypertension. Patient has work related cancer. Male. White. '
WARNING: vision_encoder.blocks.2.1.spatial_block.conv1.fn.dw.weight has NO gradient.

[DEBUG] Multimodal Text Example (Batch): 'Patient is 0.5978260869565217 years old. Patient has a 0.7142857142857143 diploma.  Height of 0.375 cm. Patient weights 0.2654545454545454 kg. Patient has a history of 0.047 pack years Patient smokes 0.1 cigarettes a day. Patient smoked for a total of 0.47 years. Patient has a lesion size of 0.07 mm. History of previous disease. Patient has BMI of 0.1640828143777996. Patient lives with a smoker. Patient works with exposure to smokers. Patient has the main cancer located in the right upper lobe. Patient has diabetes. Patient has Hypertension. Female. White. '
WARNING: vision_encoder.blocks.2.1.spatial_block.conv1.fn.dw.weight has NO gradient.
shape xtorch.Size([32, 2])
tensor(8.4454, device='cuda:0')
tensor(1.9481, device='cuda:0')
shape xtorch.Size([32, 2])
tensor(6.8881, device='cuda:0')
tensor(1.8628, device='cuda:0')
shape xtorch.Size([32, 2])
tensor(7.1832, device='cuda:0')
tensor(1.9432, device='cuda:0')
shape xtorch.Size([11, 2])
tensor(8.0255, device='cuda:0')
tensor(1.9277, device='cuda:0')
shape PREDS: torch.Size([107, 2])
shape time: torch.Size([107])
shape log_hz: torch.Size([107, 107])
shape log_hz_t: torch.Size([107])

==================================================
Stage: VAL
Predicted class distribution: 0s = 107, 1s = 0
Actual label distribution:    0s = 80, 1s = 27
Actual Imbalance Ratio (0:1): 2.96:1
==================================================
⚠️ Model is predicting only class 0 (majority class). It is ignoring the minority class!
DEBUG SHAPES: time=(107,), log_hz=(107,), events=(107,)
Cindex TorchSurv: 0.5815085172653198
Cindex Lifelines: 0.583536090835361
Saved test predictions and probabilities to validation_results_fold_final.csv

[DEBUG] Multimodal Text Example (Batch): 'Patient is 0.532608695652174 years old. Patient has a 0.7142857142857143 diploma.  Height of 0.45 cm. Patient weights 0.2454545454545454 kg. Patient has a history of 0.075 pack years Patient smokes 0.15 cigarettes a day. Patient smoked for a total of 0.5 years. Patient has a lesion size of 0.0466666666666666 mm. History of previous disease. Patient has BMI of 0.1370093395892899. Patient lives with a smoker. Patient works with exposure to smokers. Patient has the main cancer located in the right middle lobe. Patient has diabetes. Family history of cancer. Male. White. father have lung cancer. '
WARNING: vision_encoder.blocks.2.1.spatial_block.conv1.fn.dw.weight has NO gradient.

[DEBUG] Multimodal Text Example (Batch): 'Patient is 0.4239130434782608 years old. Patient has a 0.8571428571428571 diploma.  Height of 0.625 cm. Patient weights 0.2818181818181818 kg. Patient has a history of 0.05 pack years Patient smokes 0.2 cigarettes a day. Patient smoked for a total of 0.25 years. Patient has a lesion size of 0.1266666666666666 mm. History of previous disease. Patient has BMI of 0.1205074950334116. Patient smokes pipe. Patient lives with a smoker. Patient works with exposure to smokers. Patient has the main cancer located in the left lower lobe. Patient worked in baking environment. Patient worked in farm environment. Patient worked in welding environment. Patient has work related cancer. Male. White. '
WARNING: vision_encoder.blocks.2.1.spatial_block.conv1.fn.dw.weight has NO gradient.

[DEBUG] Multimodal Text Example (Batch): 'Patient is 0.6086956521739131 years old. Patient has a 0.2857142857142857 diploma.  Height of 0.45 cm. Patient weights 0.1636363636363636 kg. Patient has a history of 0.043 pack years Patient smokes 0.1 cigarettes a day. Patient smoked for a total of 0.43 years. Patient has a lesion size of 0.1036685288640596 mm. History of previous disease. Patient has BMI of 0.0978229013299482. Patient lives with a smoker. Patient has the main cancer located in the left upper lobe. Patient has Hypertension. Patient diagnosed with breast cancer. History of previous cancer. Female. White. '
WARNING: vision_encoder.blocks.2.1.spatial_block.conv1.fn.dw.weight has NO gradient.

[DEBUG] Multimodal Text Example (Batch): 'Patient is 0.532608695652174 years old. Patient has a 0.1428571428571428 diploma.  Height of 0.625 cm. Patient weights 0.26 kg. Patient has a history of 0.043 pack years Patient smokes 0.1 cigarettes a day. Patient smoked for a total of 0.43 years. Patient has a lesion size of 0.1 mm. History of previous disease. Patient has BMI of 0.1120432243693937. Patient smokes ciggaretes. Patient lives with a smoker. Patient works with exposure to smokers. Patient has the main cancer located in the left upper lobe. Patient worked in painting environment. Patient worked in welding environment. Patient has Hypertension. Patient has work related cancer. Male. White. '
WARNING: vision_encoder.blocks.2.1.spatial_block.conv1.fn.dw.weight has NO gradient.

[DEBUG] Multimodal Text Example (Batch): 'Patient is 0.5760869565217391 years old. Patient has a 1.0 diploma.  Height of 0.7 cm. Patient weights 0.2818181818181818 kg. Patient has a history of 0.09 pack years Patient smokes 0.2 cigarettes a day. Patient smoked for a total of 0.45 years. Patient has a lesion size of 0.1733333333333333 mm. History of previous disease. Patient has BMI of 0.1088669389011315. Patient smokes ciggaretes. Patient lives with a smoker. Patient has the main cancer located in the right lower lobe. Patient has chronic bronchitis. Patient has COPD. Patient has heart disease. Patient has pneumonia. Male. White. '
WARNING: vision_encoder.blocks.2.1.spatial_block.conv1.fn.dw.weight has NO gradient.

[DEBUG] Multimodal Text Example (Batch): 'Patient is 0.4130434782608695 years old. Patient has a 0.8571428571428571 diploma.  Height of 0.6 cm. Patient weights 0.1818181818181818 kg. Patient has a history of 0.054 pack years Patient smokes 0.15 cigarettes a day. Patient smoked for a total of 0.36 years. Patient has a lesion size of 0.1133333333333333 mm. History of previous disease. Patient has BMI of 0.0848019088228533. Patient smokes ciggaretes. Patient lives with a smoker. Patient works with exposure to smokers. Patient has the main cancer located in the right upper lobe. Patient worked in chemical environment. Patient worked in cotton environment. Patient worked in farm environment. Patient has pneumonia. Family history of cancer. Patient has work related cancer. Male. African-American. brother have lung cancer. '
WARNING: vision_encoder.blocks.2.1.spatial_block.conv1.fn.dw.weight has NO gradient.

[DEBUG] Multimodal Text Example (Batch): 'Patient is 0.4673913043478261 years old. Patient has a 0.8571428571428571 diploma.  Height of 0.525 cm. Patient weights 0.1690909090909091 kg. Patient has a history of 0.047 pack years Patient smokes 0.1 cigarettes a day. Patient smoked for a total of 0.47 years. Patient has a lesion size of 0.3 mm. History of previous disease. Patient has BMI of 0.0893720886346255. Patient smokes cigar. Patient smokes ciggaretes. Patient lives with a smoker. Patient works with exposure to smokers. Patient has the main cancer located in the right lower lobe. Patient has heart disease. Patient has Hypertension. Family history of cancer. Male. White. brother have lung cancer. '
WARNING: vision_encoder.blocks.2.1.spatial_block.conv1.fn.dw.weight has NO gradient.

[DEBUG] Multimodal Text Example (Batch): 'Patient is 0.5108695652173914 years old. Patient has a 0.7142857142857143 diploma.  Height of 0.6 cm. Patient weights 0.1981818181818181 kg. Patient has a history of 0.076 pack years Patient smokes 0.2 cigarettes a day. Patient smoked for a total of 0.38 years. Patient has a lesion size of 0.0833333333333333 mm. History of previous disease. Patient has BMI of 0.0913354510808381. Patient lives with a smoker. Patient works with exposure to smokers. Patient has the main cancer located in the right lower lobe. Patient has COPD. Family history of cancer. Female. White. brother and mother have lung cancer. '
WARNING: vision_encoder.blocks.2.1.spatial_block.conv1.fn.dw.weight has NO gradient.

[DEBUG] Multimodal Text Example (Batch): 'Patient is 0.4565217391304347 years old. Patient has a 0.4285714285714285 diploma.  Height of 0.625 cm. Patient weights 0.1890909090909091 kg. Patient has a history of 0.0368 pack years Patient smokes 0.08 cigarettes a day. Patient smoked for a total of 0.46 years. Patient has a lesion size of 0.05 mm. History of previous disease. Patient has BMI of 0.0845343447113358. Patient smokes cigar. Patient smokes ciggaretes. Patient smokes pipe. Patient lives with a smoker. Patient works with exposure to smokers. Patient has the main cancer located in the right upper lobe. Patient worked in farm environment. Patient worked in flour environment. Patient worked in steel milling environment. Patient worked in welding environment. Patient has work related cancer. Male. White. '
WARNING: vision_encoder.blocks.2.1.spatial_block.conv1.fn.dw.weight has NO gradient.

[DEBUG] Multimodal Text Example (Batch): 'Patient is 0.5434782608695652 years old. Patient has a 0.7142857142857143 diploma.  Height of 0.55 cm. Patient weights 0.14 kg. Patient has a history of 0.03975 pack years Patient smokes 0.075 cigarettes a day. Patient smoked for a total of 0.53 years. Patient has a lesion size of 0.1433333333333333 mm. History of previous disease. Patient has BMI of 0.0736914424049347. Patient smokes ciggaretes. Patient lives with a smoker. Patient works with exposure to smokers. Patient has the main cancer located in the Mediastinum. Patient has the main cancer located in the right upper lobe. Female. White. '
WARNING: vision_encoder.blocks.2.1.spatial_block.conv1.fn.dw.weight has NO gradient.
shape xtorch.Size([32, 2])
tensor(6.1868, device='cuda:0')
tensor(0.7044, device='cuda:0')
shape xtorch.Size([32, 2])
tensor(4.7702, device='cuda:0')
tensor(0.4213, device='cuda:0')
shape xtorch.Size([32, 2])
tensor(5.5123, device='cuda:0')
tensor(0.2481, device='cuda:0')
shape xtorch.Size([11, 2])
tensor(6.0449, device='cuda:0')
tensor(0.6799, device='cuda:0')
shape PREDS: torch.Size([107, 2])
shape time: torch.Size([107])
shape log_hz: torch.Size([107, 107])
shape log_hz_t: torch.Size([107])

==================================================
Stage: VAL
Predicted class distribution: 0s = 107, 1s = 0
Actual label distribution:    0s = 80, 1s = 27
Actual Imbalance Ratio (0:1): 2.96:1
==================================================
⚠️ Model is predicting only class 0 (majority class). It is ignoring the minority class!
DEBUG SHAPES: time=(107,), log_hz=(107,), events=(107,)
Cindex TorchSurv: 0.6451743841171265
Cindex Lifelines: 0.6439578264395782
Saved test predictions and probabilities to validation_results_fold_final.csv

[DEBUG] Multimodal Text Example (Batch): 'Patient is 0.5760869565217391 years old. Patient has a 1.0 diploma.  Height of 0.55 cm. Patient weights 0.3109090909090909 kg. Patient has a history of 0.098 pack years Patient smokes 0.175 cigarettes a day. Patient smoked for a total of 0.56 years. Patient has a lesion size of 0.0133333333333333 mm. History of previous disease. Patient has BMI of 0.1460654504959462. Patient smokes cigar. Patient smokes pipe. Patient lives with a smoker. Patient has the main cancer located in the right lower lobe. Patient worked in farm environment. Patient has adult asthma. Patient has pneumonia. Family history of cancer. Patient has work related cancer. Male. White. mother have lung cancer. '
WARNING: vision_encoder.blocks.2.1.spatial_block.conv1.fn.dw.weight has NO gradient.

[DEBUG] Multimodal Text Example (Batch): 'Patient is 0.5 years old. Patient has a 0.2857142857142857 diploma.  Height of 0.475 cm. Patient weights 0.3018181818181818 kg. Patient has a history of 0.04 pack years Patient smokes 0.1 cigarettes a day. Patient smoked for a total of 0.4 years. Patient has a lesion size of 0.0666666666666666 mm. History of previous disease. Patient has BMI of 0.1581723973697148. Patient smokes ciggaretes. Patient lives with a smoker. Patient has the main cancer located in the right upper lobe. Patient worked in sandblasting environment. Patient worked in welding environment. Patient has Hypertension. Patient has pneumonia. Patient has work related cancer. Female. African-American. '
WARNING: vision_encoder.blocks.2.1.spatial_block.conv1.fn.dw.weight has NO gradient.

[DEBUG] Multimodal Text Example (Batch): 'Patient is 0.4782608695652174 years old. Patient has a 0.5714285714285714 diploma.  Height of 0.575 cm. Patient weights 0.3509090909090909 kg. Patient has a history of 0.072 pack years Patient smokes 0.15 cigarettes a day. Patient smoked for a total of 0.48 years. Patient has a lesion size of 0.04 mm. History of previous disease. Patient has BMI of 0.1575417300357589. Patient smokes ciggaretes. Patient lives with a smoker. Patient works with exposure to smokers. Patient has the main cancer located in the right upper lobe. Patient has COPD. Patient has emphysema. Patient has Hypertension. Patient has pneumonia. Family history of cancer. Female. White. child and father have lung cancer. '
WARNING: vision_encoder.blocks.2.1.spatial_block.conv1.fn.dw.weight has NO gradient.

[DEBUG] Multimodal Text Example (Batch): 'Patient is 0.5108695652173914 years old. Patient has a 0.7142857142857143 diploma.  Height of 0.65 cm. Patient weights 0.3454545454545454 kg. Patient has a history of 0.0765 pack years Patient smokes 0.15 cigarettes a day. Patient smoked for a total of 0.51 years. Patient has a lesion size of 0.1036685288640596 mm. History of previous disease. Patient has BMI of 0.1404599296584136. Patient smokes cigar. Patient smokes pipe. Patient lives with a smoker. Patient works with exposure to smokers. Patient has the main cancer located in the right lower lobe. Patient has diabetes. Male. White. '
WARNING: vision_encoder.blocks.2.1.spatial_block.conv1.fn.dw.weight has NO gradient.

[DEBUG] Multimodal Text Example (Batch): 'Patient is 0.5434782608695652 years old. Patient has a 0.4285714285714285 diploma.  Height of 0.55 cm. Patient weights 0.1727272727272727 kg. Patient has a history of 0.078 pack years Patient smokes 0.15 cigarettes a day. Patient smoked for a total of 0.52 years. Patient has a lesion size of 0.1666666666666666 mm. History of previous disease. Patient has BMI of 0.0875502950181071. Patient lives with a smoker. Patient works with exposure to smokers. Patient has the main cancer located in the left upper lobe. Patient has Hypertension. Patient has Stroke history. Female. White. '
WARNING: vision_encoder.blocks.2.1.spatial_block.conv1.fn.dw.weight has NO gradient.

[DEBUG] Multimodal Text Example (Batch): 'Patient is 0.5108695652173914 years old. Patient has a 1.0 diploma.  Height of 0.625 cm. Patient weights 0.2545454545454545 kg. Patient has a history of 0.0555 pack years Patient smokes 0.15 cigarettes a day. Patient smoked for a total of 0.37 years. Patient has a lesion size of 0.0833333333333333 mm. History of previous disease. Patient has BMI of 0.1099271567033893. Patient smokes cigar. Patient has the main cancer located in the right middle lobe. Patient has Hypertension. Male. White. '
WARNING: vision_encoder.blocks.2.1.spatial_block.conv1.fn.dw.weight has NO gradient.

[DEBUG] Multimodal Text Example (Batch): 'Patient is 0.5978260869565217 years old. Patient has a 0.7142857142857143 diploma.  Height of 0.375 cm. Patient weights 0.2654545454545454 kg. Patient has a history of 0.047 pack years Patient smokes 0.1 cigarettes a day. Patient smoked for a total of 0.47 years. Patient has a lesion size of 0.07 mm. History of previous disease. Patient has BMI of 0.1640828143777996. Patient lives with a smoker. Patient works with exposure to smokers. Patient has the main cancer located in the right upper lobe. Patient has diabetes. Patient has Hypertension. Female. White. '
WARNING: vision_encoder.blocks.2.1.spatial_block.conv1.fn.dw.weight has NO gradient.

[DEBUG] Multimodal Text Example (Batch): 'Patient is 0.5978260869565217 years old. Patient has a 0.8571428571428571 diploma.  Height of 0.625 cm. Patient weights 0.2181818181818181 kg. Patient has a history of 0.049 pack years Patient smokes 0.1 cigarettes a day. Patient smoked for a total of 0.49 years. Patient has a lesion size of 0.1 mm. History of previous disease. Patient has BMI of 0.0958200389300263. Patient smokes pipe. Patient has the main cancer located in the right lower lobe. Patient has COPD. Patient has Hypertension. Male. White. '
WARNING: vision_encoder.blocks.2.1.spatial_block.conv1.fn.dw.weight has NO gradient.

[DEBUG] Multimodal Text Example (Batch): 'Patient is 0.4782608695652174 years old. Patient has a 0.8571428571428571 diploma.  Height of 0.625 cm. Patient weights 0.2690909090909091 kg. Patient has a history of 0.046 pack years Patient smokes 0.1 cigarettes a day. Patient smoked for a total of 0.46 years. Patient has a lesion size of 0.0566666666666666 mm. History of previous disease. Patient has BMI of 0.1155700038127345. Patient smokes ciggaretes. Patient lives with a smoker. Patient works with exposure to smokers. Patient has the main cancer located in the left upper lobe. Male. White. '
WARNING: vision_encoder.blocks.2.1.spatial_block.conv1.fn.dw.weight has NO gradient.

[DEBUG] Multimodal Text Example (Batch): 'Patient is 0.4021739130434782 years old. Patient has a 0.8571428571428571 diploma.  Height of 0.625 cm. Patient weights 0.1818181818181818 kg. Patient has a history of 0.082 pack years Patient smokes 0.2 cigarettes a day. Patient smoked for a total of 0.41 years. Patient has a lesion size of 0.1633333333333333 mm. History of previous disease. Patient has BMI of 0.0817129211566632. Patient smokes ciggaretes. Patient lives with a smoker. Patient works with exposure to smokers. Patient has the main cancer located in the right upper lobe. Patient worked in farm environment. Patient worked in flour environment. Patient has Hypertension. Patient has pneumonia. Family history of cancer. Patient has work related cancer. Male. White. father have lung cancer. '
WARNING: vision_encoder.blocks.2.1.spatial_block.conv1.fn.dw.weight has NO gradient.
shape xtorch.Size([32, 2])
tensor(4.0111, device='cuda:0')
tensor(-0.5975, device='cuda:0')
shape xtorch.Size([32, 2])
tensor(2.3102, device='cuda:0')
tensor(-0.7186, device='cuda:0')
shape xtorch.Size([32, 2])
tensor(3.0943, device='cuda:0')
tensor(-0.8027, device='cuda:0')
shape xtorch.Size([11, 2])
tensor(3.9465, device='cuda:0')
tensor(-0.5883, device='cuda:0')
shape PREDS: torch.Size([107, 2])
shape time: torch.Size([107])
shape log_hz: torch.Size([107, 107])
shape log_hz_t: torch.Size([107])

==================================================
Stage: VAL
Predicted class distribution: 0s = 36, 1s = 71
Actual label distribution:    0s = 80, 1s = 27
Actual Imbalance Ratio (0:1): 2.96:1
==================================================
✅ Model is predicting both classes.
DEBUG SHAPES: time=(107,), log_hz=(107,), events=(107,)
Cindex TorchSurv: 0.5815085172653198
Cindex Lifelines: 0.6253041362530414
Saved test predictions and probabilities to validation_results_fold_final.csv

[DEBUG] Multimodal Text Example (Batch): 'Patient is 0.5434782608695652 years old. Patient has a 0.4285714285714285 diploma.  Height of 0.55 cm. Patient weights 0.1727272727272727 kg. Patient has a history of 0.078 pack years Patient smokes 0.15 cigarettes a day. Patient smoked for a total of 0.52 years. Patient has a lesion size of 0.1666666666666666 mm. History of previous disease. Patient has BMI of 0.0875502950181071. Patient lives with a smoker. Patient works with exposure to smokers. Patient has the main cancer located in the left upper lobe. Patient has Hypertension. Patient has Stroke history. Female. White. '
WARNING: vision_encoder.blocks.2.1.spatial_block.conv1.fn.dw.weight has NO gradient.

[DEBUG] Multimodal Text Example (Batch): 'Patient is 0.4347826086956521 years old. Patient has a 0.5714285714285714 diploma.  Height of 0.55 cm. Patient weights 0.1727272727272727 kg. Patient has a history of 0.055 pack years Patient smokes 0.125 cigarettes a day. Patient smoked for a total of 0.44 years. Patient has a lesion size of 0.2466666666666666 mm. History of previous disease. Patient has BMI of 0.0875502950181071. Patient smokes ciggaretes. Patient lives with a smoker. Patient works with exposure to smokers. Patient has the main cancer located in the left lower lobe. Patient worked in painting environment. Patient has emphysema. Patient has work related cancer. Male. White. '
WARNING: vision_encoder.blocks.2.1.spatial_block.conv1.fn.dw.weight has NO gradient.

[DEBUG] Multimodal Text Example (Batch): 'Patient is 0.5434782608695652 years old. Patient has a 0.7142857142857143 diploma.  Height of 0.55 cm. Patient weights 0.14 kg. Patient has a history of 0.03975 pack years Patient smokes 0.075 cigarettes a day. Patient smoked for a total of 0.53 years. Patient has a lesion size of 0.1433333333333333 mm. History of previous disease. Patient has BMI of 0.0736914424049347. Patient smokes ciggaretes. Patient lives with a smoker. Patient works with exposure to smokers. Patient has the main cancer located in the Mediastinum. Patient has the main cancer located in the right upper lobe. Female. White. '
WARNING: vision_encoder.blocks.2.1.spatial_block.conv1.fn.dw.weight has NO gradient.

[DEBUG] Multimodal Text Example (Batch): 'Patient is 0.5108695652173914 years old. Patient has a 1.0 diploma.  Height of 0.675 cm. Patient weights 0.2545454545454545 kg. Patient has a history of 0.115 pack years Patient smokes 0.25 cigarettes a day. Patient smoked for a total of 0.46 years. Patient has a lesion size of 0.0166666666666666 mm. History of previous disease. Patient has BMI of 0.1025851420906321. Patient smokes ciggaretes. Patient has the main cancer located in the left lower lobe. Patient has the main cancer located in the right Hilum. Male. White. '
WARNING: vision_encoder.blocks.2.1.spatial_block.conv1.fn.dw.weight has NO gradient.

[DEBUG] Multimodal Text Example (Batch): 'Patient is 0.5652173913043478 years old. Patient has a 0.8571428571428571 diploma.  Height of 0.675 cm. Patient weights 0.2145454545454545 kg. Patient has a history of 0.096 pack years Patient smokes 0.2 cigarettes a day. Patient smoked for a total of 0.48 years. Patient has a lesion size of 0.06 mm. History of previous disease. Patient has BMI of 0.0879174405477257. Patient smokes cigar. Patient smokes pipe. Patient lives with a smoker. Patient works with exposure to smokers. Patient has the main cancer located in the left upper lobe. Patient has adult asthma. Patient has chronic bronchitis. Patient has COPD. Patient has emphysema. Male. White. '
WARNING: vision_encoder.blocks.2.1.spatial_block.conv1.fn.dw.weight has NO gradient.

[DEBUG] Multimodal Text Example (Batch): 'Patient is 0.5434782608695652 years old. Patient has a 0.7142857142857143 diploma.  Height of 0.725 cm. Patient weights 0.3181818181818182 kg. Patient has a history of 0.1575 pack years Patient smokes 0.35 cigarettes a day. Patient smoked for a total of 0.45 years. Patient has a lesion size of 0.1 mm. History of previous disease. Patient has BMI of 0.1179210183634962. Patient smokes pipe. Patient lives with a smoker. Patient works with exposure to smokers. Patient has the main cancer located in the right lower lobe. Patient has diabetes. Patient has emphysema. Patient has heart disease. Patient diagnosed with lung cancer. History of previous cancer. Family history of cancer. Male. White. father have lung cancer. '
WARNING: vision_encoder.blocks.2.1.spatial_block.conv1.fn.dw.weight has NO gradient.

[DEBUG] Multimodal Text Example (Batch): 'Patient is 0.5869565217391305 years old. Patient has a 0.7142857142857143 diploma.  Height of 0.425 cm. Patient weights 0.1272727272727272 kg. Patient has a history of 0.081 pack years Patient smokes 0.15 cigarettes a day. Patient smoked for a total of 0.54 years. Patient has a lesion size of 0.0733333333333333 mm. History of previous disease. Patient has BMI of 0.0838047674445968. Patient smokes ciggaretes. Patient lives with a smoker. Patient works with exposure to smokers. Patient has the main cancer located in the right upper lobe. Patient has COPD. Patient has Hypertension. Family history of cancer. Female. White. brother have lung cancer. '
WARNING: vision_encoder.blocks.2.1.spatial_block.conv1.fn.dw.weight has NO gradient.

[DEBUG] Multimodal Text Example (Batch): 'Patient is 0.5978260869565217 years old. Patient has a 0.8571428571428571 diploma.  Height of 0.625 cm. Patient weights 0.2181818181818181 kg. Patient has a history of 0.049 pack years Patient smokes 0.1 cigarettes a day. Patient smoked for a total of 0.49 years. Patient has a lesion size of 0.1 mm. History of previous disease. Patient has BMI of 0.0958200389300263. Patient smokes pipe. Patient has the main cancer located in the right lower lobe. Patient has COPD. Patient has Hypertension. Male. White. '
WARNING: vision_encoder.blocks.2.1.spatial_block.conv1.fn.dw.weight has NO gradient.

[DEBUG] Multimodal Text Example (Batch): 'Patient is 0.5543478260869565 years old. Patient has a 0.4285714285714285 diploma.  Height of 0.55 cm. Patient weights 0.2 kg. Patient has a history of 0.0442 pack years Patient smokes 0.085 cigarettes a day. Patient smoked for a total of 0.52 years. Patient has a lesion size of 0.2166666666666666 mm. History of previous disease. Patient has BMI of 0.0990993388624175. Patient smokes cigar. Patient smokes ciggaretes. Patient smokes pipe. Patient lives with a smoker. Patient works with exposure to smokers. Patient has the main cancer located in the right middle lobe. Patient has the main cancer located in the right upper lobe. Patient worked in farm environment. Patient has diabetes. Family history of cancer. Patient has work related cancer. Male. White. brother have lung cancer. '
WARNING: vision_encoder.blocks.2.1.spatial_block.conv1.fn.dw.weight has NO gradient.

[DEBUG] Multimodal Text Example (Batch): 'Patient is 0.5434782608695652 years old. Patient has a 0.4285714285714285 diploma.  Height of 0.625 cm. Patient weights 0.2727272727272727 kg. Patient has a history of 0.0825 pack years Patient smokes 0.15 cigarettes a day. Patient smoked for a total of 0.55 years. Patient has a lesion size of 0.0966666666666666 mm. History of previous disease. Patient has BMI of 0.1169807155900708. Patient smokes ciggaretes. Patient lives with a smoker. Patient works with exposure to smokers. Patient has the main cancer located in the right upper lobe. Patient worked in welding environment. Patient has emphysema. Patient has pneumonia. Patient has work related cancer. Male. White. '
WARNING: vision_encoder.blocks.2.1.spatial_block.conv1.fn.dw.weight has NO gradient.
shape xtorch.Size([32, 2])
tensor(4.1033, device='cuda:0')
tensor(-1.0720, device='cuda:0')
shape xtorch.Size([32, 2])
tensor(2.6933, device='cuda:0')
tensor(-1.0145, device='cuda:0')
shape xtorch.Size([32, 2])
tensor(3.2084, device='cuda:0')
tensor(-1.0953, device='cuda:0')
shape xtorch.Size([11, 2])
tensor(4.4213, device='cuda:0')
tensor(-0.9592, device='cuda:0')
shape PREDS: torch.Size([107, 2])
shape time: torch.Size([107])
shape log_hz: torch.Size([107, 107])
shape log_hz_t: torch.Size([107])

==================================================
Stage: VAL
Predicted class distribution: 0s = 19, 1s = 88
Actual label distribution:    0s = 80, 1s = 27
Actual Imbalance Ratio (0:1): 2.96:1
==================================================
✅ Model is predicting both classes.
DEBUG SHAPES: time=(107,), log_hz=(107,), events=(107,)
Cindex TorchSurv: 0.5348743200302124
Cindex Lifelines: 0.5981346309813463
Saved test predictions and probabilities to validation_results_fold_final.csv

[DEBUG] Multimodal Text Example (Batch): 'Patient is 0.5217391304347826 years old. Patient has a 0.2857142857142857 diploma.  Height of 0.575 cm. Patient weights 0.1454545454545454 kg. Patient has a history of 0.053 pack years Patient smokes 0.1 cigarettes a day. Patient smoked for a total of 0.53 years. Patient has a lesion size of 0.0766666666666666 mm. History of previous disease. Patient has BMI of 0.0730790233844709. Patient smokes ciggaretes. Patient lives with a smoker. Patient works with exposure to smokers. Patient has the main cancer located in the left upper lobe. Patient has tuberculosis. Male. Asian. '
WARNING: vision_encoder.blocks.2.1.spatial_block.conv1.fn.dw.weight has NO gradient.

[DEBUG] Multimodal Text Example (Batch): 'Patient is 0.5 years old. Patient has a 0.7142857142857143 diploma.  Height of 0.55 cm. Patient weights 0.2909090909090909 kg. Patient has a history of 0.035 pack years Patient smokes 0.1 cigarettes a day. Patient smoked for a total of 0.35 years. Patient has a lesion size of 0.01 mm. History of previous disease. Patient has BMI of 0.1375961516767853. Patient has the main cancer located in the right middle lobe. Patient has bronchiectasis. Patient has chronic bronchitis. Family history of cancer. Female. White. sister have lung cancer. '
WARNING: vision_encoder.blocks.2.1.spatial_block.conv1.fn.dw.weight has NO gradient.

[DEBUG] Multimodal Text Example (Batch): 'Patient is 0.4673913043478261 years old. Patient has a 0.7142857142857143 diploma.  Height of 0.7 cm. Patient weights 0.2781818181818182 kg. Patient has a history of 0.04 pack years Patient smokes 0.1 cigarettes a day. Patient smoked for a total of 0.4 years. Patient has a lesion size of 0.0666666666666666 mm. History of previous disease. Patient has BMI of 0.1075697935250857. Patient lives with a smoker. Patient works with exposure to smokers. Patient has the main cancer located in the right upper lobe. Family history of cancer. Male. White. father have lung cancer. '
WARNING: vision_encoder.blocks.2.1.spatial_block.conv1.fn.dw.weight has NO gradient.

[DEBUG] Multimodal Text Example (Batch): 'Patient is 0.4456521739130434 years old. Patient has a 0.4285714285714285 diploma.  Height of 0.55 cm. Patient weights 0.2127272727272727 kg. Patient has a history of 0.0765 pack years Patient smokes 0.15 cigarettes a day. Patient smoked for a total of 0.51 years. Patient has a lesion size of 0.1036685288640596 mm. History of previous disease. Patient has BMI of 0.104488892656429. Patient smokes ciggaretes. Patient lives with a smoker. Patient works with exposure to smokers. Patient has the main cancer located in the left lower lobe. Patient has the main cancer located in the left upper lobe. Patient worked in chemical environment. Patient worked in farm environment. Patient worked in fire fighting environment. Patient has diabetes. Patient has Hypertension. Family history of cancer. Patient has work related cancer. Male. White. brother and sister have lung cancer. '
WARNING: vision_encoder.blocks.2.1.spatial_block.conv1.fn.dw.weight has NO gradient.

[DEBUG] Multimodal Text Example (Batch): 'Patient is 0.5108695652173914 years old. Patient has a 0.7142857142857143 diploma.  Height of 0.6 cm. Patient weights 0.1981818181818181 kg. Patient has a history of 0.076 pack years Patient smokes 0.2 cigarettes a day. Patient smoked for a total of 0.38 years. Patient has a lesion size of 0.0833333333333333 mm. History of previous disease. Patient has BMI of 0.0913354510808381. Patient lives with a smoker. Patient works with exposure to smokers. Patient has the main cancer located in the right lower lobe. Patient has COPD. Family history of cancer. Female. White. brother and mother have lung cancer. '
WARNING: vision_encoder.blocks.2.1.spatial_block.conv1.fn.dw.weight has NO gradient.

[DEBUG] Multimodal Text Example (Batch): 'Patient is 0.4891304347826087 years old. Patient has a 0.1428571428571428 diploma.  Height of 0.65 cm. Patient weights 0.2909090909090909 kg. Patient has a history of 0.147 pack years Patient smokes 0.3 cigarettes a day. Patient smoked for a total of 0.49 years. Patient has a lesion size of 0.16 mm. History of previous disease. Patient has BMI of 0.1198911306831669. Patient smokes cigar. Patient smokes ciggaretes. Patient lives with a smoker. Patient works with exposure to smokers. Patient has the main cancer located in the left lower lobe. Patient worked in asbestos environment. Patient worked in painting environment. Patient worked in sandblasting environment. Patient worked in welding environment. Patient has diabetes. Patient has Stroke history. Patient has work related cancer. Male. White. '
WARNING: vision_encoder.blocks.2.1.spatial_block.conv1.fn.dw.weight has NO gradient.

[DEBUG] Multimodal Text Example (Batch): 'Patient is 0.532608695652174 years old. Patient has a 0.8571428571428571 diploma.  Height of 0.675 cm. Patient weights 0.3236363636363636 kg. Patient has a history of 0.034 pack years Patient smokes 0.1 cigarettes a day. Patient smoked for a total of 0.34 years. Patient has a lesion size of 0.06 mm. History of previous disease. Patient has BMI of 0.1279202629374704. Patient lives with a smoker. Patient works with exposure to smokers. Patient has the main cancer located in the left upper lobe. Patient has diabetes. Patient has heart disease. Patient has Hypertension. Family history of cancer. Male. White. father have lung cancer. '
WARNING: vision_encoder.blocks.2.1.spatial_block.conv1.fn.dw.weight has NO gradient.

[DEBUG] Multimodal Text Example (Batch): 'Patient is 0.5978260869565217 years old. Patient has a 0.4285714285714285 diploma.  Height of 0.65 cm. Patient weights 0.2727272727272727 kg. Patient has a history of 0.054 pack years Patient smokes 0.1 cigarettes a day. Patient smoked for a total of 0.54 years. Patient has a lesion size of 0.1 mm. History of previous disease. Patient has BMI of 0.1130348643580847. Patient smokes ciggaretes. Patient lives with a smoker. Patient has the main cancer located in the left lower lobe. Patient has adult asthma. Patient has chronic bronchitis. Family history of cancer. Male. White. brother have lung cancer. '
WARNING: vision_encoder.blocks.2.1.spatial_block.conv1.fn.dw.weight has NO gradient.

[DEBUG] Multimodal Text Example (Batch): 'Patient is 0.4782608695652174 years old. Patient has a 0.5714285714285714 diploma.  Height of 0.575 cm. Patient weights 0.3509090909090909 kg. Patient has a history of 0.072 pack years Patient smokes 0.15 cigarettes a day. Patient smoked for a total of 0.48 years. Patient has a lesion size of 0.04 mm. History of previous disease. Patient has BMI of 0.1575417300357589. Patient smokes ciggaretes. Patient lives with a smoker. Patient works with exposure to smokers. Patient has the main cancer located in the right upper lobe. Patient has COPD. Patient has emphysema. Patient has Hypertension. Patient has pneumonia. Family history of cancer. Female. White. child and father have lung cancer. '
WARNING: vision_encoder.blocks.2.1.spatial_block.conv1.fn.dw.weight has NO gradient.

[DEBUG] Multimodal Text Example (Batch): 'Patient is 0.5 years old. Patient has a 0.4285714285714285 diploma.  Height of 0.7 cm. Patient weights 0.2727272727272727 kg. Patient has a history of 0.04 pack years Patient smokes 0.1 cigarettes a day. Patient smoked for a total of 0.4 years. Patient has a lesion size of 0.0266666666666666 mm. History of previous disease. Patient has BMI of 0.1056240754610171. Patient smokes ciggaretes. Patient lives with a smoker. Patient works with exposure to smokers. Patient has the main cancer located in the left upper lobe. Patient worked in painting environment. Patient worked in sandblasting environment. Patient has heart disease. Patient has tuberculosis. Patient has work related cancer. Male. White. '
WARNING: vision_encoder.blocks.2.1.spatial_block.conv1.fn.dw.weight has NO gradient.
shape xtorch.Size([32, 2])
tensor(5.1435, device='cuda:0')
tensor(-0.6836, device='cuda:0')
shape xtorch.Size([32, 2])
tensor(2.5183, device='cuda:0')
tensor(-0.6796, device='cuda:0')
shape xtorch.Size([32, 2])
tensor(3.2868, device='cuda:0')
tensor(-0.6811, device='cuda:0')
shape xtorch.Size([11, 2])
tensor(6.0420, device='cuda:0')
tensor(-0.6727, device='cuda:0')
shape PREDS: torch.Size([107, 2])
shape time: torch.Size([107])
shape log_hz: torch.Size([107, 107])
shape log_hz_t: torch.Size([107])

==================================================
Stage: VAL
Predicted class distribution: 0s = 13, 1s = 94
Actual label distribution:    0s = 80, 1s = 27
Actual Imbalance Ratio (0:1): 2.96:1
==================================================
✅ Model is predicting both classes.
DEBUG SHAPES: time=(107,), log_hz=(107,), events=(107,)
Cindex TorchSurv: 0.5677210092544556
Cindex Lifelines: 0.5628548256285483
Saved test predictions and probabilities to validation_results_fold_final.csv

[DEBUG] Multimodal Text Example (Batch): 'Patient is 0.5217391304347826 years old. Patient has a 0.4285714285714285 diploma.  Height of 0.45 cm. Patient weights 0.1854545454545454 kg. Patient has a history of 0.05 pack years Patient smokes 0.125 cigarettes a day. Patient smoked for a total of 0.4 years. Patient has a lesion size of 0.06 mm. History of previous disease. Patient has BMI of 0.108272618199106. Patient lives with a smoker. Patient works with exposure to smokers. Patient has the main cancer located in the right middle lobe. Patient has heart disease. Patient has Hypertension. Patient has pneumonia. Female. White. '
WARNING: vision_encoder.blocks.2.1.spatial_block.conv1.fn.dw.weight has NO gradient.

[DEBUG] Multimodal Text Example (Batch): 'Patient is 0.4673913043478261 years old. Patient has a 1.0 diploma.  Height of 0.425 cm. Patient weights 0.1290909090909091 kg. Patient has a history of 0.034 pack years Patient smokes 0.1 cigarettes a day. Patient smoked for a total of 0.34 years. Patient has a lesion size of 0.0266666666666666 mm. History of previous disease. Patient has BMI of 0.0847038943578315. Patient lives with a smoker. Patient has the main cancer located in the left upper lobe. Female. White. '
WARNING: vision_encoder.blocks.2.1.spatial_block.conv1.fn.dw.weight has NO gradient.

[DEBUG] Multimodal Text Example (Batch): 'Patient is 0.4673913043478261 years old. Patient has a 0.8571428571428571 diploma.  Height of 0.525 cm. Patient weights 0.1690909090909091 kg. Patient has a history of 0.047 pack years Patient smokes 0.1 cigarettes a day. Patient smoked for a total of 0.47 years. Patient has a lesion size of 0.3 mm. History of previous disease. Patient has BMI of 0.0893720886346255. Patient smokes cigar. Patient smokes ciggaretes. Patient lives with a smoker. Patient works with exposure to smokers. Patient has the main cancer located in the right lower lobe. Patient has heart disease. Patient has Hypertension. Family history of cancer. Male. White. brother have lung cancer. '
WARNING: vision_encoder.blocks.2.1.spatial_block.conv1.fn.dw.weight has NO gradient.

[DEBUG] Multimodal Text Example (Batch): 'Patient is 0.5434782608695652 years old. Patient has a 0.4285714285714285 diploma.  Height of 0.525 cm. Patient weights 0.209090909090909 kg. Patient has a history of 0.038 pack years Patient smokes 0.1 cigarettes a day. Patient smoked for a total of 0.38 years. Patient has a lesion size of 0.0566666666666666 mm. History of previous disease. Patient has BMI of 0.1068278656774231. Patient lives with a smoker. Patient works with exposure to smokers. Patient has the main cancer located in the left upper lobe. Patient has adult asthma. Patient has COPD. Patient has emphysema. Family history of cancer. Male. White. sister have lung cancer. '
WARNING: vision_encoder.blocks.2.1.spatial_block.conv1.fn.dw.weight has NO gradient.

[DEBUG] Multimodal Text Example (Batch): 'Patient is 0.5760869565217391 years old. Patient has a 1.0 diploma.  Height of 0.7 cm. Patient weights 0.2818181818181818 kg. Patient has a history of 0.09 pack years Patient smokes 0.2 cigarettes a day. Patient smoked for a total of 0.45 years. Patient has a lesion size of 0.1733333333333333 mm. History of previous disease. Patient has BMI of 0.1088669389011315. Patient smokes ciggaretes. Patient lives with a smoker. Patient has the main cancer located in the right lower lobe. Patient has chronic bronchitis. Patient has COPD. Patient has heart disease. Patient has pneumonia. Male. White. '
WARNING: vision_encoder.blocks.2.1.spatial_block.conv1.fn.dw.weight has NO gradient.

[DEBUG] Multimodal Text Example (Batch): 'Patient is 0.5 years old. Patient has a 0.5714285714285714 diploma.  Height of 0.575 cm. Patient weights 0.2527272727272727 kg. Patient has a history of 0.10125 pack years Patient smokes 0.225 cigarettes a day. Patient smoked for a total of 0.45 years. Patient has a lesion size of 0.05 mm. History of previous disease. Patient has BMI of 0.117179020662577. Patient smokes ciggaretes. Patient lives with a smoker. Patient works with exposure to smokers. Patient has the main cancer located in the left upper lobe. Patient worked in farm environment. Patient has chronic bronchitis. Patient has heart disease. Patient has Hypertension. Family history of cancer. Patient has work related cancer. Male. White. brother have lung cancer. '
WARNING: vision_encoder.blocks.2.1.spatial_block.conv1.fn.dw.weight has NO gradient.

[DEBUG] Multimodal Text Example (Batch): 'Patient is 0.5108695652173914 years old. Patient has a 0.7142857142857143 diploma.  Height of 0.55 cm. Patient weights 0.2909090909090909 kg. Patient has a history of 0.11 pack years Patient smokes 0.2 cigarettes a day. Patient smoked for a total of 0.55 years. Patient has a lesion size of 0.04 mm. History of previous disease. Patient has BMI of 0.1375961516767853. Patient smokes ciggaretes. Patient lives with a smoker. Patient works with exposure to smokers. Patient has the main cancer located in the left lower lobe. Patient has diabetes. Patient has Hypertension. Family history of cancer. Female. African-American. father have lung cancer. '
WARNING: vision_encoder.blocks.2.1.spatial_block.conv1.fn.dw.weight has NO gradient.

[DEBUG] Multimodal Text Example (Batch): 'Patient is 0.4673913043478261 years old. Patient has a 0.5714285714285714 diploma.  Height of 0.7 cm. Patient weights 0.3090909090909091 kg. Patient has a history of 0.1075 pack years Patient smokes 0.25 cigarettes a day. Patient smoked for a total of 0.43 years. Patient has a lesion size of 0.15 mm. History of previous disease. Patient has BMI of 0.1185955292214747. Patient smokes cigar. Patient smokes pipe. Patient works with exposure to smokers. Patient has the main cancer located in the right lower lobe. Patient worked in chemical environment. Patient worked in farm environment. Patient worked in painting environment. Family history of cancer. Patient has work related cancer. Male. White. mother have lung cancer. '
WARNING: vision_encoder.blocks.2.1.spatial_block.conv1.fn.dw.weight has NO gradient.

[DEBUG] Multimodal Text Example (Batch): 'Patient is 0.4239130434782608 years old. Patient has a 0.2857142857142857 diploma.  Height of 0.675 cm. Patient weights 0.2636363636363636 kg. Patient has a history of 0.034 pack years Patient smokes 0.1 cigarettes a day. Patient smoked for a total of 0.34 years. Patient has a lesion size of 0.0433333333333333 mm. History of previous disease. Patient has BMI of 0.1059187106231108. Patient smokes cigar. Patient smokes pipe. Patient lives with a smoker. Patient works with exposure to smokers. Patient has the main cancer located in the left lower lobe. Male. White. '
WARNING: vision_encoder.blocks.2.1.spatial_block.conv1.fn.dw.weight has NO gradient.

[DEBUG] Multimodal Text Example (Batch): 'Patient is 0.5760869565217391 years old. Patient has a 1.0 diploma.  Height of 0.7 cm. Patient weights 0.2818181818181818 kg. Patient has a history of 0.09 pack years Patient smokes 0.2 cigarettes a day. Patient smoked for a total of 0.45 years. Patient has a lesion size of 0.1733333333333333 mm. History of previous disease. Patient has BMI of 0.1088669389011315. Patient smokes ciggaretes. Patient lives with a smoker. Patient has the main cancer located in the right lower lobe. Patient has chronic bronchitis. Patient has COPD. Patient has heart disease. Patient has pneumonia. Male. White. '
WARNING: vision_encoder.blocks.2.1.spatial_block.conv1.fn.dw.weight has NO gradient.
shape xtorch.Size([32, 2])
tensor(4.5140, device='cuda:0')
tensor(-0.3653, device='cuda:0')
shape xtorch.Size([32, 2])
tensor(3.5100, device='cuda:0')
tensor(-0.2575, device='cuda:0')
shape xtorch.Size([32, 2])
tensor(3.9858, device='cuda:0')
tensor(-0.2513, device='cuda:0')
shape xtorch.Size([11, 2])
tensor(3.5121, device='cuda:0')
tensor(-0.2459, device='cuda:0')
shape PREDS: torch.Size([107, 2])
shape time: torch.Size([107])
shape log_hz: torch.Size([107, 107])
shape log_hz_t: torch.Size([107])

==================================================
Stage: VAL
Predicted class distribution: 0s = 23, 1s = 84
Actual label distribution:    0s = 80, 1s = 27
Actual Imbalance Ratio (0:1): 2.96:1
==================================================
✅ Model is predicting both classes.
DEBUG SHAPES: time=(107,), log_hz=(107,), events=(107,)
Cindex TorchSurv: 0.5101378560066223
Cindex Lifelines: 0.5604217356042174
Saved test predictions and probabilities to validation_results_fold_final.csv

[DEBUG] Multimodal Text Example (Batch): 'Patient is 0.5217391304347826 years old. Patient has a 0.2857142857142857 diploma.  Height of 0.45 cm. Patient weights 0.1727272727272727 kg. Patient has a history of 0.047 pack years Patient smokes 0.1 cigarettes a day. Patient smoked for a total of 0.47 years. Patient has a lesion size of 0.1333333333333333 mm. History of previous disease. Patient has BMI of 0.1021769500254306. Patient lives with a smoker. Patient works with exposure to smokers. Patient has the main cancer located in the left upper lobe. Female. White. '
WARNING: vision_encoder.blocks.2.1.spatial_block.conv1.fn.dw.weight has NO gradient.

[DEBUG] Multimodal Text Example (Batch): 'Patient is 0.5978260869565217 years old. Patient has a 0.4285714285714285 diploma.  Height of 0.75 cm. Patient weights 0.2727272727272727 kg. Patient has a history of 0.084 pack years Patient smokes 0.15 cigarettes a day. Patient smoked for a total of 0.56 years. Patient has a lesion size of 0.04 mm. History of previous disease. Patient has BMI of 0.0987982082377362. Patient smokes ciggaretes. Patient lives with a smoker. Patient works with exposure to smokers. Patient has the main cancer located in the left lower lobe. Male. White. '
WARNING: vision_encoder.blocks.2.1.spatial_block.conv1.fn.dw.weight has NO gradient.

[DEBUG] Multimodal Text Example (Batch): 'Patient is 0.4239130434782608 years old. Patient has a 0.4285714285714285 diploma.  Height of 0.6 cm. Patient weights 0.2545454545454545 kg. Patient has a history of 0.037 pack years Patient smokes 0.1 cigarettes a day. Patient smoked for a total of 0.37 years. Patient has a lesion size of 0.0333333333333333 mm. History of previous disease. Patient has BMI of 0.1138398744138967. Patient smokes pipe. Patient works with exposure to smokers. Patient has the main cancer located in the right upper lobe. Patient worked in chemical environment. Patient has heart disease. Patient has Hypertension. Patient has work related cancer. Male. African-American. '
WARNING: vision_encoder.blocks.2.1.spatial_block.conv1.fn.dw.weight has NO gradient.

[DEBUG] Multimodal Text Example (Batch): 'Patient is 0.5108695652173914 years old. Patient has a 0.7142857142857143 diploma.  Height of 0.475 cm. Patient weights 0.1181818181818181 kg. Patient has a history of 0.072 pack years Patient smokes 0.15 cigarettes a day. Patient smoked for a total of 0.48 years. Patient has a lesion size of 0.0266666666666666 mm. History of previous disease. Patient has BMI of 0.0729476343565634. Patient smokes ciggaretes. Patient lives with a smoker. Patient works with exposure to smokers. Patient has the main cancer located in the right upper lobe. Female. White. '
WARNING: vision_encoder.blocks.2.1.spatial_block.conv1.fn.dw.weight has NO gradient.

[DEBUG] Multimodal Text Example (Batch): 'Patient is 0.5108695652173914 years old. Patient has a 0.4285714285714285 diploma.  Height of 0.725 cm. Patient weights 0.2945454545454545 kg. Patient has a history of 0.144 pack years Patient smokes 0.3 cigarettes a day. Patient smoked for a total of 0.48 years. Patient has a lesion size of 0.0166666666666666 mm. History of previous disease. Patient has BMI of 0.1097159106008663. Patient lives with a smoker. Patient works with exposure to smokers. Patient has the main cancer located in the right upper lobe. Patient worked in painting environment. Patient worked in welding environment. Patient has chronic bronchitis. Patient has heart disease. Patient has Hypertension. Patient has pneumonia. Patient has work related cancer. Male. White. '
WARNING: vision_encoder.blocks.2.1.spatial_block.conv1.fn.dw.weight has NO gradient.

[DEBUG] Multimodal Text Example (Batch): 'Patient is 0.4456521739130434 years old. Patient has a 0.4285714285714285 diploma.  Height of 0.55 cm. Patient weights 0.2127272727272727 kg. Patient has a history of 0.0765 pack years Patient smokes 0.15 cigarettes a day. Patient smoked for a total of 0.51 years. Patient has a lesion size of 0.1036685288640596 mm. History of previous disease. Patient has BMI of 0.104488892656429. Patient smokes ciggaretes. Patient lives with a smoker. Patient works with exposure to smokers. Patient has the main cancer located in the left lower lobe. Patient has the main cancer located in the left upper lobe. Patient worked in chemical environment. Patient worked in farm environment. Patient worked in fire fighting environment. Patient has diabetes. Patient has Hypertension. Family history of cancer. Patient has work related cancer. Male. White. brother and sister have lung cancer. '
WARNING: vision_encoder.blocks.2.1.spatial_block.conv1.fn.dw.weight has NO gradient.

[DEBUG] Multimodal Text Example (Batch): 'Patient is 0.5434782608695652 years old. Patient has a 0.4285714285714285 diploma.  Height of 0.625 cm. Patient weights 0.2727272727272727 kg. Patient has a history of 0.0825 pack years Patient smokes 0.15 cigarettes a day. Patient smoked for a total of 0.55 years. Patient has a lesion size of 0.0966666666666666 mm. History of previous disease. Patient has BMI of 0.1169807155900708. Patient smokes ciggaretes. Patient lives with a smoker. Patient works with exposure to smokers. Patient has the main cancer located in the right upper lobe. Patient worked in welding environment. Patient has emphysema. Patient has pneumonia. Patient has work related cancer. Male. White. '
WARNING: vision_encoder.blocks.2.1.spatial_block.conv1.fn.dw.weight has NO gradient.

[DEBUG] Multimodal Text Example (Batch): 'Patient is 0.4565217391304347 years old. Patient has a 0.8571428571428571 diploma.  Height of 0.55 cm. Patient weights 0.3454545454545454 kg. Patient has a history of 0.057 pack years Patient smokes 0.15 cigarettes a day. Patient smoked for a total of 0.38 years. Patient has a lesion size of 0.0433333333333333 mm. History of previous disease. Patient has BMI of 0.160694239365406. Patient lives with a smoker. Patient works with exposure to smokers. Patient has the main cancer located in the left lower lobe. Female. White. '
WARNING: vision_encoder.blocks.2.1.spatial_block.conv1.fn.dw.weight has NO gradient.

[DEBUG] Multimodal Text Example (Batch): 'Patient is 0.4782608695652174 years old. Patient has a 0.5714285714285714 diploma.  Height of 0.65 cm. Patient weights 0.3818181818181818 kg. Patient has a history of 0.048 pack years Patient smokes 0.15 cigarettes a day. Patient smoked for a total of 0.32 years. Patient has a lesion size of 0.1 mm. History of previous disease. Patient has BMI of 0.154172462308578. Patient smokes ciggaretes. Patient lives with a smoker. Patient works with exposure to smokers. Patient has the main cancer located in the left lower lobe. Patient has Hypertension. Patient has pneumonia. Male. More than one race. '
WARNING: vision_encoder.blocks.2.1.spatial_block.conv1.fn.dw.weight has NO gradient.

[DEBUG] Multimodal Text Example (Batch): 'Patient is 0.5434782608695652 years old. Patient has a 0.7142857142857143 diploma.  Height of 0.725 cm. Patient weights 0.3181818181818182 kg. Patient has a history of 0.1575 pack years Patient smokes 0.35 cigarettes a day. Patient smoked for a total of 0.45 years. Patient has a lesion size of 0.1 mm. History of previous disease. Patient has BMI of 0.1179210183634962. Patient smokes pipe. Patient lives with a smoker. Patient works with exposure to smokers. Patient has the main cancer located in the right lower lobe. Patient has diabetes. Patient has emphysema. Patient has heart disease. Patient diagnosed with lung cancer. History of previous cancer. Family history of cancer. Male. White. father have lung cancer. '
WARNING: vision_encoder.blocks.2.1.spatial_block.conv1.fn.dw.weight has NO gradient.
shape xtorch.Size([32, 2])
tensor(2.0343, device='cuda:0')
tensor(-0.3209, device='cuda:0')
shape xtorch.Size([32, 2])
tensor(0.2274, device='cuda:0')
tensor(-0.3185, device='cuda:0')
shape xtorch.Size([32, 2])
tensor(1.1982, device='cuda:0')
tensor(-0.3052, device='cuda:0')
shape xtorch.Size([11, 2])
tensor(0.2328, device='cuda:0')
tensor(-0.2940, device='cuda:0')
shape PREDS: torch.Size([107, 2])
shape time: torch.Size([107])
shape log_hz: torch.Size([107, 107])
shape log_hz_t: torch.Size([107])

==================================================
Stage: VAL
Predicted class distribution: 0s = 2, 1s = 105
Actual label distribution:    0s = 80, 1s = 27
Actual Imbalance Ratio (0:1): 2.96:1
==================================================
✅ Model is predicting both classes.
DEBUG SHAPES: time=(107,), log_hz=(107,), events=(107,)
Cindex TorchSurv: 0.5397404432296753
Cindex Lifelines: 0.5993511759935117
Saved test predictions and probabilities to validation_results_fold_final.csv

[DEBUG] Multimodal Text Example (Batch): 'Patient is 0.4891304347826087 years old. Patient has a 0.5714285714285714 diploma.  Height of 0.575 cm. Patient weights 0.1545454545454545 kg. Patient has a history of 0.078 pack years Patient smokes 0.15 cigarettes a day. Patient smoked for a total of 0.52 years. Patient has a lesion size of 0.0533333333333333 mm. History of previous disease. Patient has BMI of 0.0768163112893951. Patient smokes ciggaretes. Patient smokes pipe. Patient lives with a smoker. Patient works with exposure to smokers. Patient has the main cancer located in the right lower lobe. Patient worked in asbestos environment. Patient worked in chemical environment. Patient worked in farm environment. Patient worked in flour environment. Patient worked in steel milling environment. Patient worked in painting environment. Patient worked in sandblasting environment. Patient worked in welding environment. Patient has heart disease. Patient has Stroke history. Family history of cancer. Patient has work related cancer. Male. White. sister have lung cancer. '
WARNING: vision_encoder.blocks.2.1.spatial_block.conv1.fn.dw.weight has NO gradient.

[DEBUG] Multimodal Text Example (Batch): 'Patient is 0.4021739130434782 years old. Patient has a 0.7142857142857143 diploma.  Height of 0.65 cm. Patient weights 0.2327272727272727 kg. Patient has a history of 0.09 pack years Patient smokes 0.2 cigarettes a day. Patient smoked for a total of 0.45 years. Patient has a lesion size of 0.2 mm. History of previous disease. Patient has BMI of 0.0979510784429038. Patient smokes ciggaretes. Patient lives with a smoker. Patient works with exposure to smokers. Patient has the main cancer located in the left upper lobe. Patient worked in painting environment. Family history of cancer. Patient has work related cancer. Male. White. mother have lung cancer. '
WARNING: vision_encoder.blocks.2.1.spatial_block.conv1.fn.dw.weight has NO gradient.

[DEBUG] Multimodal Text Example (Batch): 'Patient is 0.5543478260869565 years old. Patient has a 0.8571428571428571 diploma.  Height of 0.625 cm. Patient weights 0.2327272727272727 kg. Patient has a history of 0.056 pack years Patient smokes 0.1 cigarettes a day. Patient smoked for a total of 0.56 years. Patient has a lesion size of 0.0666666666666666 mm. History of previous disease. Patient has BMI of 0.1014628860393714. Patient smokes ciggaretes. Patient lives with a smoker. Patient works with exposure to smokers. Patient has the main cancer located in the right upper lobe. Patient has Hypertension. Patient has pneumonia. Family history of cancer. Male. White. father have lung cancer. '
WARNING: vision_encoder.blocks.2.1.spatial_block.conv1.fn.dw.weight has NO gradient.

[DEBUG] Multimodal Text Example (Batch): 'Patient is 0.5 years old. Patient has a 1.0 diploma.  Height of 0.7 cm. Patient weights 0.2454545454545454 kg. Patient has a history of 0.0925 pack years Patient smokes 0.25 cigarettes a day. Patient smoked for a total of 0.37 years. Patient has a lesion size of 0.15 mm. History of previous disease. Patient has BMI of 0.0958954851406738. Patient lives with a smoker. Patient works with exposure to smokers. Patient has the main cancer located in the right upper lobe. Patient has heart disease. Patient has Hypertension. Male. White. '
WARNING: vision_encoder.blocks.2.1.spatial_block.conv1.fn.dw.weight has NO gradient.

[DEBUG] Multimodal Text Example (Batch): 'Patient is 0.4673913043478261 years old. Patient has a 0.5714285714285714 diploma.  Height of 0.7 cm. Patient weights 0.3090909090909091 kg. Patient has a history of 0.1075 pack years Patient smokes 0.25 cigarettes a day. Patient smoked for a total of 0.43 years. Patient has a lesion size of 0.15 mm. History of previous disease. Patient has BMI of 0.1185955292214747. Patient smokes cigar. Patient smokes pipe. Patient works with exposure to smokers. Patient has the main cancer located in the right lower lobe. Patient worked in chemical environment. Patient worked in farm environment. Patient worked in painting environment. Family history of cancer. Patient has work related cancer. Male. White. mother have lung cancer. '
WARNING: vision_encoder.blocks.2.1.spatial_block.conv1.fn.dw.weight has NO gradient.

[DEBUG] Multimodal Text Example (Batch): 'Patient is 0.4021739130434782 years old. Patient has a 0.8571428571428571 diploma.  Height of 0.625 cm. Patient weights 0.1818181818181818 kg. Patient has a history of 0.082 pack years Patient smokes 0.2 cigarettes a day. Patient smoked for a total of 0.41 years. Patient has a lesion size of 0.1633333333333333 mm. History of previous disease. Patient has BMI of 0.0817129211566632. Patient smokes ciggaretes. Patient lives with a smoker. Patient works with exposure to smokers. Patient has the main cancer located in the right upper lobe. Patient worked in farm environment. Patient worked in flour environment. Patient has Hypertension. Patient has pneumonia. Family history of cancer. Patient has work related cancer. Male. White. father have lung cancer. '
WARNING: vision_encoder.blocks.2.1.spatial_block.conv1.fn.dw.weight has NO gradient.

[DEBUG] Multimodal Text Example (Batch): 'Patient is 0.4456521739130434 years old. Patient has a 0.8571428571428571 diploma.  Height of 0.625 cm. Patient weights 0.1927272727272727 kg. Patient has a history of 0.06 pack years Patient smokes 0.15 cigarettes a day. Patient smoked for a total of 0.4 years. Patient has a lesion size of 0.1033333333333333 mm. History of previous disease. Patient has BMI of 0.0859450564886721. Patient smokes cigar. Patient works with exposure to smokers. Patient has the main cancer located in the left lower lobe. Patient has Hypertension. Male. White. '
WARNING: vision_encoder.blocks.2.1.spatial_block.conv1.fn.dw.weight has NO gradient.

[DEBUG] Multimodal Text Example (Batch): 'Patient is 0.4673913043478261 years old. Patient has a 1.0 diploma.  Height of 0.425 cm. Patient weights 0.1290909090909091 kg. Patient has a history of 0.034 pack years Patient smokes 0.1 cigarettes a day. Patient smoked for a total of 0.34 years. Patient has a lesion size of 0.0266666666666666 mm. History of previous disease. Patient has BMI of 0.0847038943578315. Patient lives with a smoker. Patient has the main cancer located in the left upper lobe. Female. White. '
WARNING: vision_encoder.blocks.2.1.spatial_block.conv1.fn.dw.weight has NO gradient.

[DEBUG] Multimodal Text Example (Batch): 'Patient is 0.6086956521739131 years old. Patient has a 0.2857142857142857 diploma.  Height of 0.45 cm. Patient weights 0.1636363636363636 kg. Patient has a history of 0.043 pack years Patient smokes 0.1 cigarettes a day. Patient smoked for a total of 0.43 years. Patient has a lesion size of 0.1036685288640596 mm. History of previous disease. Patient has BMI of 0.0978229013299482. Patient lives with a smoker. Patient has the main cancer located in the left upper lobe. Patient has Hypertension. Patient diagnosed with breast cancer. History of previous cancer. Female. White. '
WARNING: vision_encoder.blocks.2.1.spatial_block.conv1.fn.dw.weight has NO gradient.

[DEBUG] Multimodal Text Example (Batch): 'Patient is 0.4239130434782608 years old. Patient has a 0.4285714285714285 diploma.  Height of 0.5 cm. Patient weights 0.2727272727272727 kg. Patient has a history of 0.088 pack years Patient smokes 0.2 cigarettes a day. Patient smoked for a total of 0.44 years. Patient has a lesion size of 0.08 mm. History of previous disease. Patient has BMI of 0.1395187143995857. Patient smokes ciggaretes. Patient works with exposure to smokers. Patient has the main cancer located in the left upper lobe. Patient has Hypertension. Female. White. '
WARNING: vision_encoder.blocks.2.1.spatial_block.conv1.fn.dw.weight has NO gradient.
shape xtorch.Size([32, 2])
tensor(0.5023, device='cuda:0')
tensor(-0.3147, device='cuda:0')
shape xtorch.Size([32, 2])
tensor(0.1675, device='cuda:0')
tensor(-0.2056, device='cuda:0')
shape xtorch.Size([32, 2])
tensor(0.4907, device='cuda:0')
tensor(-0.2337, device='cuda:0')
shape xtorch.Size([11, 2])
tensor(0.7176, device='cuda:0')
tensor(-0.2298, device='cuda:0')
shape PREDS: torch.Size([107, 2])
shape time: torch.Size([107])
shape log_hz: torch.Size([107, 107])
shape log_hz_t: torch.Size([107])

==================================================
Stage: VAL
Predicted class distribution: 0s = 5, 1s = 102
Actual label distribution:    0s = 80, 1s = 27
Actual Imbalance Ratio (0:1): 2.96:1
==================================================
✅ Model is predicting both classes.
DEBUG SHAPES: time=(107,), log_hz=(107,), events=(107,)
Cindex TorchSurv: 0.5141929984092712
Cindex Lifelines: 0.5275750202757502
Saved test predictions and probabilities to validation_results_fold_final.csv

[DEBUG] Multimodal Text Example (Batch): 'Patient is 0.4782608695652174 years old. Patient has a 0.4285714285714285 diploma.  Height of 0.625 cm. Patient weights 0.2327272727272727 kg. Patient has a history of 0.096 pack years Patient smokes 0.2 cigarettes a day. Patient smoked for a total of 0.48 years. Patient has a lesion size of 0.0366666666666666 mm. History of previous disease. Patient has BMI of 0.1014628860393714. Patient smokes cigar. Patient smokes ciggaretes. Patient lives with a smoker. Patient works with exposure to smokers. Patient has the main cancer located in the right upper lobe. Patient worked in fire fighting environment. Patient worked in flour environment. Patient has Hypertension. Patient has work related cancer. Male. White. '
WARNING: vision_encoder.blocks.2.1.spatial_block.conv1.fn.dw.weight has NO gradient.

[DEBUG] Multimodal Text Example (Batch): 'Patient is 0.5108695652173914 years old. Patient has a 0.4285714285714285 diploma.  Height of 0.725 cm. Patient weights 0.2945454545454545 kg. Patient has a history of 0.144 pack years Patient smokes 0.3 cigarettes a day. Patient smoked for a total of 0.48 years. Patient has a lesion size of 0.0166666666666666 mm. History of previous disease. Patient has BMI of 0.1097159106008663. Patient lives with a smoker. Patient works with exposure to smokers. Patient has the main cancer located in the right upper lobe. Patient worked in painting environment. Patient worked in welding environment. Patient has chronic bronchitis. Patient has heart disease. Patient has Hypertension. Patient has pneumonia. Patient has work related cancer. Male. White. '
WARNING: vision_encoder.blocks.2.1.spatial_block.conv1.fn.dw.weight has NO gradient.

[DEBUG] Multimodal Text Example (Batch): 'Patient is 0.5978260869565217 years old. Patient has a 0.4285714285714285 diploma.  Height of 0.65 cm. Patient weights 0.2727272727272727 kg. Patient has a history of 0.054 pack years Patient smokes 0.1 cigarettes a day. Patient smoked for a total of 0.54 years. Patient has a lesion size of 0.1 mm. History of previous disease. Patient has BMI of 0.1130348643580847. Patient smokes ciggaretes. Patient lives with a smoker. Patient has the main cancer located in the left lower lobe. Patient has adult asthma. Patient has chronic bronchitis. Family history of cancer. Male. White. brother have lung cancer. '
WARNING: vision_encoder.blocks.2.1.spatial_block.conv1.fn.dw.weight has NO gradient.

[DEBUG] Multimodal Text Example (Batch): 'Patient is 0.5869565217391305 years old. Patient has a 0.7142857142857143 diploma.  Height of 0.425 cm. Patient weights 0.1272727272727272 kg. Patient has a history of 0.081 pack years Patient smokes 0.15 cigarettes a day. Patient smoked for a total of 0.54 years. Patient has a lesion size of 0.0733333333333333 mm. History of previous disease. Patient has BMI of 0.0838047674445968. Patient smokes ciggaretes. Patient lives with a smoker. Patient works with exposure to smokers. Patient has the main cancer located in the right upper lobe. Patient has COPD. Patient has Hypertension. Family history of cancer. Female. White. brother have lung cancer. '
WARNING: vision_encoder.blocks.2.1.spatial_block.conv1.fn.dw.weight has NO gradient.

[DEBUG] Multimodal Text Example (Batch): 'Patient is 0.4130434782608695 years old. Patient has a 0.4285714285714285 diploma.  Height of 0.525 cm. Patient weights 0.1872727272727272 kg. Patient has a history of 0.093 pack years Patient smokes 0.3 cigarettes a day. Patient smoked for a total of 0.31 years. Patient has a lesion size of 0.0366666666666666 mm. History of previous disease. Patient has BMI of 0.097306532744988. Patient smokes pipe. Patient lives with a smoker. Patient works with exposure to smokers. Patient has the main cancer located in the left upper lobe. Patient worked in chemical environment. Patient worked in painting environment. Patient has work related cancer. Female. White. '
WARNING: vision_encoder.blocks.2.1.spatial_block.conv1.fn.dw.weight has NO gradient.

[DEBUG] Multimodal Text Example (Batch): 'Patient is 0.6086956521739131 years old. Patient has a 0.1428571428571428 diploma.  Height of 0.35 cm. Patient weights 0.1309090909090909 kg. Patient has a history of 0.046 pack years Patient smokes 0.1 cigarettes a day. Patient smoked for a total of 0.46 years. Patient has a lesion size of 0.08 mm. History of previous disease. Patient has BMI of 0.0970418993174635. Patient smokes cigar. Patient works with exposure to smokers. Patient has the main cancer located in the left upper lobe. Patient diagnosed with oral cancer. History of previous cancer. Female. White. '
WARNING: vision_encoder.blocks.2.1.spatial_block.conv1.fn.dw.weight has NO gradient.

[DEBUG] Multimodal Text Example (Batch): 'Patient is 0.5434782608695652 years old. Patient has a 0.1428571428571428 diploma.  Height of 0.575 cm. Patient weights 0.2672727272727273 kg. Patient has a history of 0.132 pack years Patient smokes 0.3 cigarettes a day. Patient smoked for a total of 0.44 years. Patient has a lesion size of 0.0933333333333333 mm. History of previous disease. Patient has BMI of 0.1231586813104558. Patient has the main cancer located in the right upper lobe. Patient worked in painting environment. Patient diagnosed with bladder cancer. History of previous cancer. Family history of cancer. Patient has work related cancer. Male. White. brother have lung cancer. '
WARNING: vision_encoder.blocks.2.1.spatial_block.conv1.fn.dw.weight has NO gradient.

[DEBUG] Multimodal Text Example (Batch): 'Patient is 0.5108695652173914 years old. Patient has a 0.7142857142857143 diploma.  Height of 0.475 cm. Patient weights 0.1181818181818181 kg. Patient has a history of 0.072 pack years Patient smokes 0.15 cigarettes a day. Patient smoked for a total of 0.48 years. Patient has a lesion size of 0.0266666666666666 mm. History of previous disease. Patient has BMI of 0.0729476343565634. Patient smokes ciggaretes. Patient lives with a smoker. Patient works with exposure to smokers. Patient has the main cancer located in the right upper lobe. Female. White. '
WARNING: vision_encoder.blocks.2.1.spatial_block.conv1.fn.dw.weight has NO gradient.

[DEBUG] Multimodal Text Example (Batch): 'Patient is 0.6086956521739131 years old. Patient has a 0.5714285714285714 diploma.  Height of 0.775 cm. Patient weights 0.4272727272727272 kg. Patient has a history of 0.042 pack years Patient smokes 0.1 cigarettes a day. Patient smoked for a total of 0.42 years. Patient has a lesion size of 0.0666666666666666 mm. History of previous disease. Patient has BMI of 0.1464478859390363. Patient smokes cigar. Patient smokes pipe. Patient lives with a smoker. Patient works with exposure to smokers. Patient has the main cancer located in the right middle lobe. Patient has Hypertension. Family history of cancer. Male. White. father have lung cancer. '
WARNING: vision_encoder.blocks.2.1.spatial_block.conv1.fn.dw.weight has NO gradient.

[DEBUG] Multimodal Text Example (Batch): 'Patient is 0.5217391304347826 years old. Patient has a 0.7142857142857143 diploma.  Height of 0.375 cm. Patient weights 0.2272727272727272 kg. Patient has a history of 0.048 pack years Patient smokes 0.1 cigarettes a day. Patient smoked for a total of 0.48 years. Patient has a lesion size of 0.1833333333333333 mm. History of previous disease. Patient has BMI of 0.1439213918933683. Patient smokes ciggaretes. Patient lives with a smoker. Patient works with exposure to smokers. Patient has the main cancer located in the right lower lobe. Patient has chronic bronchitis. Patient has pneumonia. Patient diagnosed with breast cancer. History of previous cancer. Family history of cancer. Female. African-American. father and mother have lung cancer. '
WARNING: vision_encoder.blocks.2.1.spatial_block.conv1.fn.dw.weight has NO gradient.
shape xtorch.Size([32, 2])
tensor(3.1554, device='cuda:0')
tensor(-0.7183, device='cuda:0')
shape xtorch.Size([32, 2])
tensor(2.3433, device='cuda:0')
tensor(-0.7157, device='cuda:0')
shape xtorch.Size([32, 2])
tensor(3.6455, device='cuda:0')
tensor(-0.7179, device='cuda:0')
shape xtorch.Size([11, 2])
tensor(4.5996, device='cuda:0')
tensor(-0.7127, device='cuda:0')
shape PREDS: torch.Size([107, 2])
shape time: torch.Size([107])
shape log_hz: torch.Size([107, 107])
shape log_hz_t: torch.Size([107])

==================================================
Stage: VAL
Predicted class distribution: 0s = 15, 1s = 92
Actual label distribution:    0s = 80, 1s = 27
Actual Imbalance Ratio (0:1): 2.96:1
==================================================
✅ Model is predicting both classes.
DEBUG SHAPES: time=(107,), log_hz=(107,), events=(107,)
Cindex TorchSurv: 0.510948896408081
Cindex Lifelines: 0.5486618004866181
Saved test predictions and probabilities to validation_results_fold_final.csv
Epoch 24/99 ━━━━━━━━━━━━━━━━━ 10/10 0:00:03 • 0:00:00 3.67it/s v_num: je1b      
                                                               train_loss_step: 
                                                               1.554 val_loss:  
                                                               1.388            
                                                               train_loss_epoch:
                                                               0.587            
Saved test predictions and probabilities to test_results_fold_final.xlsx
shape PREDS: torch.Size([80, 2])
shape time: torch.Size([80])
shape log_hz: torch.Size([80, 80])
shape log_hz_t: torch.Size([80])

==================================================
Stage: TEST
Predicted class distribution: 0s = 68, 1s = 12
Actual label distribution:    0s = 60, 1s = 20
Actual Imbalance Ratio (0:1): 3.00:1
==================================================
✅ Model is predicting both classes.
DEBUG SHAPES: time=(80,), log_hz=(80,), events=(80,)
Cindex TorchSurv: 0.6004548668861389
Cindex Lifelines: 0.6004548900682335
┏━━━━━━━━━━━━━━━━━━━━━━━━━━━┳━━━━━━━━━━━━━━━━━━━━━━━━━━━┓
┃        Test metric        ┃       DataLoader 0        ┃
┡━━━━━━━━━━━━━━━━━━━━━━━━━━━╇━━━━━━━━━━━━━━━━━━━━━━━━━━━┩
│        test_auroc         │    0.6129629611968994     │
│     test_balanced_acc     │    0.5666666626930237     │
│        test_cindex        │    0.6004548668861389     │
│       test_f1_score       │          0.3125           │
│         test_ibs          │    0.12602011859416962    │
│      test_precision       │    0.5980392098426819     │
│        test_recall        │    0.5666666626930237     │
└───────────────────────────┴───────────────────────────┘
Testing ━━━━━━━━━━━━━━━━━━━━━━━━━━━━━━━━━━━━━━ 3/3 0:00:00 • 0:00:00 12.44it/s 

====================== STARTING FOLD 3/3 ======================
The model has 252,364,290 trainable parameters.
┏━━━┳━━━━━━━━━━━━━━━━┳━━━━━━━━━━━━━━━━━━┳━━━━━━━━┳━━━━━━━┳━━━━━━━┓
┃   ┃ Name           ┃ Type             ┃ Params ┃ Mode  ┃ FLOPs ┃
┡━━━╇━━━━━━━━━━━━━━━━╇━━━━━━━━━━━━━━━━━━╇━━━━━━━━╇━━━━━━━╇━━━━━━━┩
│ 0 │ survival_head  │ Sequential       │  150 K │ train │     0 │
│ 1 │ vision_encoder │ DaViT            │  360 M │ eval  │     0 │
│ 2 │ text_encoder   │ Transformer      │  252 M │ eval  │     0 │
│ 3 │ f1score        │ BinaryF1Score    │      0 │ train │     0 │
│ 4 │ stats_metric   │ BinaryStatScores │      0 │ train │     0 │
└───┴────────────────┴──────────────────┴────────┴───────┴───────┘
Trainable params: 252 M                                                         
Non-trainable params: 360 M                                                     
Total params: 613 M                                                             
Total estimated model params size (MB): 2.5 K                                   
Modules in train mode: 11                                                       
Modules in eval mode: 690                                                       
Total FLOPs: 0                                                                  
shape xtorch.Size([32, 2])
tensor(0.1415, device='cuda:0')
tensor(-0.0537, device='cuda:0')
shape xtorch.Size([32, 2])
tensor(0.1284, device='cuda:0')
tensor(-0.0570, device='cuda:0')
shape PREDS: torch.Size([64, 2])
shape time: torch.Size([64])
shape log_hz: torch.Size([64, 64])
shape log_hz_t: torch.Size([64])

==================================================
Stage: VAL
Predicted class distribution: 0s = 0, 1s = 64
Actual label distribution:    0s = 52, 1s = 12
Actual Imbalance Ratio (0:1): 4.33:1
==================================================
⚠️ Model is predicting only class 1 (minority class). It is ignoring the majority class!
DEBUG SHAPES: time=(64,), log_hz=(64,), events=(64,)
Cindex TorchSurv: 0.7485207319259644
Cindex Lifelines: 0.6701183431952663
Saved test predictions and probabilities to validation_results_fold_final.csv

[DEBUG] Multimodal Text Example (Batch): 'Patient is 0.5869565217391305 years old. Patient has a 0.2857142857142857 diploma.  Height of 0.55 cm. Patient weights 0.1818181818181818 kg. Patient has a history of 0.0855 pack years Patient smokes 0.15 cigarettes a day. Patient smoked for a total of 0.57 years. Patient has a lesion size of 0.0833333333333333 mm. History of previous disease. Patient has BMI of 0.0913999762995439. Patient smokes ciggaretes. Patient lives with a smoker. Patient works with exposure to smokers. Patient has the main cancer located in the right upper lobe. Patient has Hypertension. Male. Asian. '
WARNING: vision_encoder.blocks.2.1.spatial_block.conv1.fn.dw.weight has NO gradient.

[DEBUG] Multimodal Text Example (Batch): 'Patient is 0.4782608695652174 years old. Patient has a 0.5714285714285714 diploma.  Height of 0.575 cm. Patient weights 0.3509090909090909 kg. Patient has a history of 0.072 pack years Patient smokes 0.15 cigarettes a day. Patient smoked for a total of 0.48 years. Patient has a lesion size of 0.04 mm. History of previous disease. Patient has BMI of 0.1575417300357589. Patient smokes ciggaretes. Patient lives with a smoker. Patient works with exposure to smokers. Patient has the main cancer located in the right upper lobe. Patient has COPD. Patient has emphysema. Patient has Hypertension. Patient has pneumonia. Family history of cancer. Female. White. child and father have lung cancer. '
WARNING: vision_encoder.blocks.2.1.spatial_block.conv1.fn.dw.weight has NO gradient.

[DEBUG] Multimodal Text Example (Batch): 'Patient is 0.5978260869565217 years old. Patient has a 0.4285714285714285 diploma.  Height of 0.475 cm. Patient weights 0.1636363636363636 kg. Patient has a history of 0.057 pack years Patient smokes 0.1 cigarettes a day. Patient smoked for a total of 0.57 years. Patient has a lesion size of 0.1166666666666666 mm. History of previous disease. Patient has BMI of 0.0940428727261553. Patient smokes ciggaretes. Patient lives with a smoker. Patient works with exposure to smokers. Patient has the main cancer located in the right lower lobe. Patient has chronic bronchitis. Patient has diabetes. Family history of cancer. Female. White. brother and father have lung cancer. '
WARNING: vision_encoder.blocks.2.1.spatial_block.conv1.fn.dw.weight has NO gradient.

[DEBUG] Multimodal Text Example (Batch): 'Patient is 0.5760869565217391 years old. Patient has a 1.0 diploma.  Height of 0.55 cm. Patient weights 0.2181818181818181 kg. Patient has a history of 0.04 pack years Patient smokes 0.1 cigarettes a day. Patient smoked for a total of 0.4 years. Patient has a lesion size of 0.0366666666666666 mm. History of previous disease. Patient has BMI of 0.106798701425291. Patient smokes pipe. Patient lives with a smoker. Patient works with exposure to smokers. Patient has the main cancer located in the left upper lobe. Patient has Hypertension. Family history of cancer. Male. White. mother have lung cancer. '
WARNING: vision_encoder.blocks.2.1.spatial_block.conv1.fn.dw.weight has NO gradient.

[DEBUG] Multimodal Text Example (Batch): 'Patient is 0.532608695652174 years old. Patient has a 0.5714285714285714 diploma.  Height of 0.425 cm. Patient weights 0.0981818181818181 kg. Patient has a history of 0.0765 pack years Patient smokes 0.15 cigarettes a day. Patient smoked for a total of 0.51 years. Patient has a lesion size of 0.0433333333333333 mm. History of previous disease. Patient has BMI of 0.0694187368328427. Patient smokes ciggaretes. Patient lives with a smoker. Patient works with exposure to smokers. Patient has the main cancer located in the left upper lobe. Patient has chronic bronchitis. Patient has COPD. Patient has Hypertension. Family history of cancer. Female. White. brother and sister have lung cancer. '
WARNING: vision_encoder.blocks.2.1.spatial_block.conv1.fn.dw.weight has NO gradient.

[DEBUG] Multimodal Text Example (Batch): 'Patient is 0.4891304347826087 years old. Patient has a 0.4285714285714285 diploma.  Height of 0.675 cm. Patient weights 0.2181818181818181 kg. Patient has a history of 0.09 pack years Patient smokes 0.2 cigarettes a day. Patient smoked for a total of 0.45 years. Patient has a lesion size of 0.0166666666666666 mm. History of previous disease. Patient has BMI of 0.0892508679607172. Patient smokes cigar. Patient smokes ciggaretes. Patient smokes pipe. Patient lives with a smoker. Patient works with exposure to smokers. Patient has the main cancer located in the left upper lobe. Patient worked in steel milling environment. Patient has asbestosis. Patient has emphysema. Family history of cancer. Patient has work related cancer. Male. White. father have lung cancer. '
WARNING: vision_encoder.blocks.2.1.spatial_block.conv1.fn.dw.weight has NO gradient.

[DEBUG] Multimodal Text Example (Batch): 'Patient is 0.6086956521739131 years old. Patient has a 0.5714285714285714 diploma.  Height of 0.775 cm. Patient weights 0.4272727272727272 kg. Patient has a history of 0.042 pack years Patient smokes 0.1 cigarettes a day. Patient smoked for a total of 0.42 years. Patient has a lesion size of 0.0666666666666666 mm. History of previous disease. Patient has BMI of 0.1464478859390363. Patient smokes cigar. Patient smokes pipe. Patient lives with a smoker. Patient works with exposure to smokers. Patient has the main cancer located in the right middle lobe. Patient has Hypertension. Family history of cancer. Male. White. father have lung cancer. '
WARNING: vision_encoder.blocks.2.1.spatial_block.conv1.fn.dw.weight has NO gradient.

[DEBUG] Multimodal Text Example (Batch): 'Patient is 0.4347826086956521 years old. Patient has a 0.4285714285714285 diploma.  Height of 0.525 cm. Patient weights 0.289090909090909 kg. Patient has a history of 0.034 pack years Patient smokes 0.1 cigarettes a day. Patient smoked for a total of 0.34 years. Patient has a lesion size of 0.03 mm. History of previous disease. Patient has BMI of 0.1417394197630185. Patient lives with a smoker. Patient works with exposure to smokers. Patient has the main cancer located in the right upper lobe. Family history of cancer. Female. White. mother have lung cancer. '
WARNING: vision_encoder.blocks.2.1.spatial_block.conv1.fn.dw.weight has NO gradient.

[DEBUG] Multimodal Text Example (Batch): 'Patient is 0.4673913043478261 years old. Patient has a 1.0 diploma.  Height of 0.425 cm. Patient weights 0.1290909090909091 kg. Patient has a history of 0.034 pack years Patient smokes 0.1 cigarettes a day. Patient smoked for a total of 0.34 years. Patient has a lesion size of 0.0266666666666666 mm. History of previous disease. Patient has BMI of 0.0847038943578315. Patient lives with a smoker. Patient has the main cancer located in the left upper lobe. Female. White. '
WARNING: vision_encoder.blocks.2.1.spatial_block.conv1.fn.dw.weight has NO gradient.

[DEBUG] Multimodal Text Example (Batch): 'Patient is 0.5 years old. Patient has a 0.4285714285714285 diploma.  Height of 0.6 cm. Patient weights 0.2181818181818181 kg. Patient has a history of 0.088 pack years Patient smokes 0.2 cigarettes a day. Patient smoked for a total of 0.44 years. Patient has a lesion size of 0.0366666666666666 mm. History of previous disease. Patient has BMI of 0.099320891618375. Patient smokes ciggaretes. Patient lives with a smoker. Patient has the main cancer located in the right upper lobe. Patient worked in fire fighting environment. Patient has heart disease. Patient diagnosed with oral cancer. History of previous cancer. Family history of cancer. Patient has work related cancer. Male. White. brother have lung cancer. '
WARNING: vision_encoder.blocks.2.1.spatial_block.conv1.fn.dw.weight has NO gradient.
shape xtorch.Size([32, 2])
tensor(0.5924, device='cuda:0')
tensor(0.1510, device='cuda:0')
shape xtorch.Size([32, 2])
tensor(0.6029, device='cuda:0')
tensor(-0.0003, device='cuda:0')
shape xtorch.Size([32, 2])
tensor(0.4456, device='cuda:0')
tensor(0.0493, device='cuda:0')
shape xtorch.Size([10, 2])
tensor(0.4694, device='cuda:0')
tensor(0.1646, device='cuda:0')
shape PREDS: torch.Size([106, 2])
shape time: torch.Size([106])
shape log_hz: torch.Size([106, 106])
shape log_hz_t: torch.Size([106])

==================================================
Stage: VAL
Predicted class distribution: 0s = 100, 1s = 6
Actual label distribution:    0s = 80, 1s = 26
Actual Imbalance Ratio (0:1): 3.08:1
==================================================
✅ Model is predicting both classes.
DEBUG SHAPES: time=(106,), log_hz=(106,), events=(106,)
Cindex TorchSurv: 0.6666666865348816
Cindex Lifelines: 0.6637168141592921
Saved test predictions and probabilities to validation_results_fold_final.csv

[DEBUG] Multimodal Text Example (Batch): 'Patient is 0.5543478260869565 years old. Patient has a 0.4285714285714285 diploma.  Height of 0.55 cm. Patient weights 0.2 kg. Patient has a history of 0.0442 pack years Patient smokes 0.085 cigarettes a day. Patient smoked for a total of 0.52 years. Patient has a lesion size of 0.2166666666666666 mm. History of previous disease. Patient has BMI of 0.0990993388624175. Patient smokes cigar. Patient smokes ciggaretes. Patient smokes pipe. Patient lives with a smoker. Patient works with exposure to smokers. Patient has the main cancer located in the right middle lobe. Patient has the main cancer located in the right upper lobe. Patient worked in farm environment. Patient has diabetes. Family history of cancer. Patient has work related cancer. Male. White. brother have lung cancer. '
WARNING: vision_encoder.blocks.2.1.spatial_block.conv1.fn.dw.weight has NO gradient.

[DEBUG] Multimodal Text Example (Batch): 'Patient is 0.6086956521739131 years old. Patient has a 0.1428571428571428 diploma.  Height of 0.35 cm. Patient weights 0.1309090909090909 kg. Patient has a history of 0.046 pack years Patient smokes 0.1 cigarettes a day. Patient smoked for a total of 0.46 years. Patient has a lesion size of 0.08 mm. History of previous disease. Patient has BMI of 0.0970418993174635. Patient smokes cigar. Patient works with exposure to smokers. Patient has the main cancer located in the left upper lobe. Patient diagnosed with oral cancer. History of previous cancer. Female. White. '
WARNING: vision_encoder.blocks.2.1.spatial_block.conv1.fn.dw.weight has NO gradient.

[DEBUG] Multimodal Text Example (Batch): 'Patient is 0.532608695652174 years old. Patient has a 0.7142857142857143 diploma.  Height of 0.625 cm. Patient weights 0.1654545454545454 kg. Patient has a history of 0.1075 pack years Patient smokes 0.25 cigarettes a day. Patient smoked for a total of 0.43 years. Patient has a lesion size of 0.0666666666666666 mm. History of previous disease. Patient has BMI of 0.0753647181586499. Patient smokes pipe. Patient lives with a smoker. Patient works with exposure to smokers. Patient has the main cancer located in the right lower lobe. Patient has COPD. Patient has heart disease. Male. White. '
WARNING: vision_encoder.blocks.2.1.spatial_block.conv1.fn.dw.weight has NO gradient.

[DEBUG] Multimodal Text Example (Batch): 'Patient is 0.4239130434782608 years old. Patient has a 0.2857142857142857 diploma.  Height of 0.675 cm. Patient weights 0.2636363636363636 kg. Patient has a history of 0.034 pack years Patient smokes 0.1 cigarettes a day. Patient smoked for a total of 0.34 years. Patient has a lesion size of 0.0433333333333333 mm. History of previous disease. Patient has BMI of 0.1059187106231108. Patient smokes cigar. Patient smokes pipe. Patient lives with a smoker. Patient works with exposure to smokers. Patient has the main cancer located in the left lower lobe. Male. White. '
WARNING: vision_encoder.blocks.2.1.spatial_block.conv1.fn.dw.weight has NO gradient.

[DEBUG] Multimodal Text Example (Batch): 'Patient is 0.5652173913043478 years old. Patient has a 0.8571428571428571 diploma.  Height of 0.675 cm. Patient weights 0.2145454545454545 kg. Patient has a history of 0.096 pack years Patient smokes 0.2 cigarettes a day. Patient smoked for a total of 0.48 years. Patient has a lesion size of 0.06 mm. History of previous disease. Patient has BMI of 0.0879174405477257. Patient smokes cigar. Patient smokes pipe. Patient lives with a smoker. Patient works with exposure to smokers. Patient has the main cancer located in the left upper lobe. Patient has adult asthma. Patient has chronic bronchitis. Patient has COPD. Patient has emphysema. Male. White. '
WARNING: vision_encoder.blocks.2.1.spatial_block.conv1.fn.dw.weight has NO gradient.

[DEBUG] Multimodal Text Example (Batch): 'Patient is 0.5760869565217391 years old. Patient has a 0.4285714285714285 diploma.  Height of 0.6 cm. Patient weights 0.2327272727272727 kg. Patient has a history of 0.102 pack years Patient smokes 0.2 cigarettes a day. Patient smoked for a total of 0.51 years. Patient has a lesion size of 0.0633333333333333 mm. History of previous disease. Patient has BMI of 0.1051284847365837. Patient smokes cigar. Patient smokes pipe. Patient lives with a smoker. Patient has the main cancer located in the left lower lobe. Patient has Hypertension. Patient diagnosed with bladder cancer. History of previous cancer. Family history of cancer. Male. White. sister have lung cancer. '
WARNING: vision_encoder.blocks.2.1.spatial_block.conv1.fn.dw.weight has NO gradient.

[DEBUG] Multimodal Text Example (Batch): 'Patient is 0.4239130434782608 years old. Patient has a 0.8571428571428571 diploma.  Height of 0.625 cm. Patient weights 0.3636363636363636 kg. Patient has a history of 0.084 pack years Patient smokes 0.2 cigarettes a day. Patient smoked for a total of 0.42 years. Patient has a lesion size of 0.0733333333333333 mm. History of previous disease. Patient has BMI of 0.1522485100234784. Patient smokes ciggaretes. Patient works with exposure to smokers. Patient has the main cancer located in the left lower lobe. Patient has Hypertension. Male. White. '
WARNING: vision_encoder.blocks.2.1.spatial_block.conv1.fn.dw.weight has NO gradient.

[DEBUG] Multimodal Text Example (Batch): 'Patient is 0.4782608695652174 years old. Patient has a 0.8571428571428571 diploma.  Height of 0.625 cm. Patient weights 0.2690909090909091 kg. Patient has a history of 0.046 pack years Patient smokes 0.1 cigarettes a day. Patient smoked for a total of 0.46 years. Patient has a lesion size of 0.0566666666666666 mm. History of previous disease. Patient has BMI of 0.1155700038127345. Patient smokes ciggaretes. Patient lives with a smoker. Patient works with exposure to smokers. Patient has the main cancer located in the left upper lobe. Male. White. '
WARNING: vision_encoder.blocks.2.1.spatial_block.conv1.fn.dw.weight has NO gradient.

[DEBUG] Multimodal Text Example (Batch): 'Patient is 0.5869565217391305 years old. Patient has a 0.4285714285714285 diploma.  Height of 0.55 cm. Patient weights 0.3818181818181818 kg. Patient has a history of 0.045 pack years Patient smokes 0.1 cigarettes a day. Patient smoked for a total of 0.45 years. Patient has a lesion size of 0.15 mm. History of previous disease. Patient has BMI of 0.1760929644911532. Patient lives with a smoker. Patient works with exposure to smokers. Patient has the main cancer located in the right upper lobe. Patient worked in chemical environment. Patient has adult asthma. Patient has chronic bronchitis. Patient has diabetes. Patient has emphysema. Patient has Hypertension. Patient has Stroke history. Patient diagnosed with kidney cancer. History of previous cancer. Patient has work related cancer. Female. White. '
WARNING: vision_encoder.blocks.2.1.spatial_block.conv1.fn.dw.weight has NO gradient.

[DEBUG] Multimodal Text Example (Batch): 'Patient is 0.5 years old. Patient has a 0.8571428571428571 diploma.  Height of 0.6 cm. Patient weights 0.2363636363636363 kg. Patient has a history of 0.094 pack years Patient smokes 0.2 cigarettes a day. Patient smoked for a total of 0.47 years. Patient has a lesion size of 0.0233333333333333 mm. History of previous disease. Patient has BMI of 0.1065803830161358. Patient smokes cigar. Patient smokes pipe. Patient works with exposure to smokers. Patient has the main cancer located in the left lower lobe. Male. White. '
WARNING: vision_encoder.blocks.2.1.spatial_block.conv1.fn.dw.weight has NO gradient.
shape xtorch.Size([32, 2])
tensor(0.3921, device='cuda:0')
tensor(-0.0988, device='cuda:0')
shape xtorch.Size([32, 2])
tensor(0.3591, device='cuda:0')
tensor(-0.1127, device='cuda:0')
shape xtorch.Size([32, 2])
tensor(0.1816, device='cuda:0')
tensor(-0.0920, device='cuda:0')
shape xtorch.Size([10, 2])
tensor(0.2733, device='cuda:0')
tensor(-0.0746, device='cuda:0')
shape PREDS: torch.Size([106, 2])
shape time: torch.Size([106])
shape log_hz: torch.Size([106, 106])
shape log_hz_t: torch.Size([106])

==================================================
Stage: VAL
Predicted class distribution: 0s = 8, 1s = 98
Actual label distribution:    0s = 80, 1s = 26
Actual Imbalance Ratio (0:1): 3.08:1
==================================================
✅ Model is predicting both classes.
DEBUG SHAPES: time=(106,), log_hz=(106,), events=(106,)
Cindex TorchSurv: 0.6451748609542847
Cindex Lifelines: 0.6274757690686894
Saved test predictions and probabilities to validation_results_fold_final.csv

[DEBUG] Multimodal Text Example (Batch): 'Patient is 0.4021739130434782 years old. Patient has a 0.4285714285714285 diploma.  Height of 0.6 cm. Patient weights 0.3272727272727272 kg. Patient has a history of 0.0585 pack years Patient smokes 0.15 cigarettes a day. Patient smoked for a total of 0.39 years. Patient has a lesion size of 0.0433333333333333 mm. History of previous disease. Patient has BMI of 0.1428778400049401. Patient smokes ciggaretes. Patient lives with a smoker. Patient has the main cancer located in the right upper lobe. Patient has diabetes. Patient has heart disease. Patient has Hypertension. Male. White. '
WARNING: vision_encoder.blocks.2.1.spatial_block.conv1.fn.dw.weight has NO gradient.

[DEBUG] Multimodal Text Example (Batch): 'Patient is 0.4456521739130434 years old. Patient has a 0.4285714285714285 diploma.  Height of 0.675 cm. Patient weights 0.3272727272727272 kg. Patient has a history of 0.072 pack years Patient smokes 0.2 cigarettes a day. Patient smoked for a total of 0.36 years. Patient has a lesion size of 0.09 mm. History of previous disease. Patient has BMI of 0.1292536903504619. Patient lives with a smoker. Patient works with exposure to smokers. Patient has the main cancer located in the left upper lobe. Patient worked in welding environment. Patient has childhood asthma. Patient has work related cancer. Male. White. '
WARNING: vision_encoder.blocks.2.1.spatial_block.conv1.fn.dw.weight has NO gradient.

[DEBUG] Multimodal Text Example (Batch): 'Patient is 0.5 years old. Patient has a 0.5714285714285714 diploma.  Height of 0.5 cm. Patient weights 0.2297513368983957 kg. Patient has a history of 0.03 pack years Patient smokes 0.075 cigarettes a day. Patient smoked for a total of 0.4 years. Patient has a lesion size of 0.2833333333333333 mm. History of previous disease. Patient has BMI of 0.1201827563512182. Patient lives with a smoker. Patient works with exposure to smokers. Patient has the main cancer located in the right Hilum. Patient has the main cancer located in the right middle lobe. Patient has the main cancer located in the right upper lobe. Patient has chronic bronchitis. Patient has pneumonia. Female. White. '
WARNING: vision_encoder.blocks.2.1.spatial_block.conv1.fn.dw.weight has NO gradient.

[DEBUG] Multimodal Text Example (Batch): 'Patient is 0.4782608695652174 years old. Patient has a 0.5714285714285714 diploma.  Height of 0.575 cm. Patient weights 0.3509090909090909 kg. Patient has a history of 0.072 pack years Patient smokes 0.15 cigarettes a day. Patient smoked for a total of 0.48 years. Patient has a lesion size of 0.04 mm. History of previous disease. Patient has BMI of 0.1575417300357589. Patient smokes ciggaretes. Patient lives with a smoker. Patient works with exposure to smokers. Patient has the main cancer located in the right upper lobe. Patient has COPD. Patient has emphysema. Patient has Hypertension. Patient has pneumonia. Family history of cancer. Female. White. child and father have lung cancer. '
WARNING: vision_encoder.blocks.2.1.spatial_block.conv1.fn.dw.weight has NO gradient.

[DEBUG] Multimodal Text Example (Batch): 'Patient is 0.5108695652173914 years old. Patient has a 1.0 diploma.  Height of 0.625 cm. Patient weights 0.2545454545454545 kg. Patient has a history of 0.0555 pack years Patient smokes 0.15 cigarettes a day. Patient smoked for a total of 0.37 years. Patient has a lesion size of 0.0833333333333333 mm. History of previous disease. Patient has BMI of 0.1099271567033893. Patient smokes cigar. Patient has the main cancer located in the right middle lobe. Patient has Hypertension. Male. White. '
WARNING: vision_encoder.blocks.2.1.spatial_block.conv1.fn.dw.weight has NO gradient.

[DEBUG] Multimodal Text Example (Batch): 'Patient is 0.4782608695652174 years old. Patient has a 0.5714285714285714 diploma.  Height of 0.5 cm. Patient weights 0.209090909090909 kg. Patient has a history of 0.093 pack years Patient smokes 0.3 cigarettes a day. Patient smoked for a total of 0.31 years. Patient has a lesion size of 0.0466666666666666 mm. History of previous disease. Patient has BMI of 0.1108871085045353. Patient lives with a smoker. Patient works with exposure to smokers. Patient has the main cancer located in the right lower lobe. Patient worked in butchering environment. Patient worked in welding environment. Patient has adult asthma. Patient has Hypertension. Family history of cancer. Patient has work related cancer. Male. White. father have lung cancer. '
WARNING: vision_encoder.blocks.2.1.spatial_block.conv1.fn.dw.weight has NO gradient.

[DEBUG] Multimodal Text Example (Batch): 'Patient is 0.5 years old. Patient has a 0.7142857142857143 diploma.  Height of 0.6 cm. Patient weights 0.3545454545454545 kg. Patient has a history of 0.117 pack years Patient smokes 0.3 cigarettes a day. Patient smoked for a total of 0.39 years. Patient has a lesion size of 0.0366666666666666 mm. History of previous disease. Patient has BMI of 0.1537670771015814. Patient smokes pipe. Patient works with exposure to smokers. Patient has the main cancer located in the right upper lobe. Male. White. '
WARNING: vision_encoder.blocks.2.1.spatial_block.conv1.fn.dw.weight has NO gradient.

[DEBUG] Multimodal Text Example (Batch): 'Patient is 0.5978260869565217 years old. Patient has a 0.7142857142857143 diploma.  Height of 0.375 cm. Patient weights 0.2654545454545454 kg. Patient has a history of 0.047 pack years Patient smokes 0.1 cigarettes a day. Patient smoked for a total of 0.47 years. Patient has a lesion size of 0.07 mm. History of previous disease. Patient has BMI of 0.1640828143777996. Patient lives with a smoker. Patient works with exposure to smokers. Patient has the main cancer located in the right upper lobe. Patient has diabetes. Patient has Hypertension. Female. White. '
WARNING: vision_encoder.blocks.2.1.spatial_block.conv1.fn.dw.weight has NO gradient.

[DEBUG] Multimodal Text Example (Batch): 'Patient is 0.4891304347826087 years old. Patient has a 0.4285714285714285 diploma.  Height of 0.675 cm. Patient weights 0.2181818181818181 kg. Patient has a history of 0.09 pack years Patient smokes 0.2 cigarettes a day. Patient smoked for a total of 0.45 years. Patient has a lesion size of 0.0166666666666666 mm. History of previous disease. Patient has BMI of 0.0892508679607172. Patient smokes cigar. Patient smokes ciggaretes. Patient smokes pipe. Patient lives with a smoker. Patient works with exposure to smokers. Patient has the main cancer located in the left upper lobe. Patient worked in steel milling environment. Patient has asbestosis. Patient has emphysema. Family history of cancer. Patient has work related cancer. Male. White. father have lung cancer. '
WARNING: vision_encoder.blocks.2.1.spatial_block.conv1.fn.dw.weight has NO gradient.

[DEBUG] Multimodal Text Example (Batch): 'Patient is 0.4565217391304347 years old. Patient has a 0.8571428571428571 diploma.  Height of 0.55 cm. Patient weights 0.3454545454545454 kg. Patient has a history of 0.057 pack years Patient smokes 0.15 cigarettes a day. Patient smoked for a total of 0.38 years. Patient has a lesion size of 0.0433333333333333 mm. History of previous disease. Patient has BMI of 0.160694239365406. Patient lives with a smoker. Patient works with exposure to smokers. Patient has the main cancer located in the left lower lobe. Female. White. '
WARNING: vision_encoder.blocks.2.1.spatial_block.conv1.fn.dw.weight has NO gradient.
shape xtorch.Size([32, 2])
tensor(0.9394, device='cuda:0')
tensor(0.0926, device='cuda:0')
shape xtorch.Size([32, 2])
tensor(1.1452, device='cuda:0')
tensor(0.0794, device='cuda:0')
shape xtorch.Size([32, 2])
tensor(0.8751, device='cuda:0')
tensor(0.1012, device='cuda:0')
shape xtorch.Size([10, 2])
tensor(0.9512, device='cuda:0')
tensor(0.0939, device='cuda:0')
shape PREDS: torch.Size([106, 2])
shape time: torch.Size([106])
shape log_hz: torch.Size([106, 106])
shape log_hz_t: torch.Size([106])

==================================================
Stage: VAL
Predicted class distribution: 0s = 106, 1s = 0
Actual label distribution:    0s = 80, 1s = 26
Actual Imbalance Ratio (0:1): 3.08:1
==================================================
⚠️ Model is predicting only class 0 (majority class). It is ignoring the minority class!
DEBUG SHAPES: time=(106,), log_hz=(106,), events=(106,)
Cindex TorchSurv: 0.515802800655365
Cindex Lifelines: 0.5419300463548251
Saved test predictions and probabilities to validation_results_fold_final.csv

[DEBUG] Multimodal Text Example (Batch): 'Patient is 0.4021739130434782 years old. Patient has a 0.5714285714285714 diploma.  Height of 0.725 cm. Patient weights 0.3454545454545454 kg. Patient has a history of 0.084 pack years Patient smokes 0.2 cigarettes a day. Patient smoked for a total of 0.42 years. Patient has a lesion size of 0.06 mm. History of previous disease. Patient has BMI of 0.1273884503972999. Patient smokes cigar. Patient smokes pipe. Patient lives with a smoker. Patient works with exposure to smokers. Patient has the main cancer located in the right upper lobe. Patient worked in farm environment. Patient worked in hard rock mining environment. Patient worked in painting environment. Patient worked in sandblasting environment. Patient worked in welding environment. Patient has Hypertension. Patient has Stroke history. Patient has work related cancer. Male. White. '
WARNING: vision_encoder.blocks.2.1.spatial_block.conv1.fn.dw.weight has NO gradient.

[DEBUG] Multimodal Text Example (Batch): 'Patient is 0.532608695652174 years old. Patient has a 0.4285714285714285 diploma.  Height of 0.525 cm. Patient weights 0.209090909090909 kg. Patient has a history of 0.047 pack years Patient smokes 0.1 cigarettes a day. Patient smoked for a total of 0.47 years. Patient has a lesion size of 0.0833333333333333 mm. History of previous disease. Patient has BMI of 0.1068278656774231. Patient lives with a smoker. Patient works with exposure to smokers. Patient has the main cancer located in the left upper lobe. Patient worked in asbestos environment. Patient has Hypertension. Patient has work related cancer. Male. White. '
WARNING: vision_encoder.blocks.2.1.spatial_block.conv1.fn.dw.weight has NO gradient.

[DEBUG] Multimodal Text Example (Batch): 'Patient is 0.4782608695652174 years old. Patient has a 0.5714285714285714 diploma.  Height of 0.65 cm. Patient weights 0.3818181818181818 kg. Patient has a history of 0.048 pack years Patient smokes 0.15 cigarettes a day. Patient smoked for a total of 0.32 years. Patient has a lesion size of 0.1 mm. History of previous disease. Patient has BMI of 0.154172462308578. Patient smokes ciggaretes. Patient lives with a smoker. Patient works with exposure to smokers. Patient has the main cancer located in the left lower lobe. Patient has Hypertension. Patient has pneumonia. Male. More than one race. '
WARNING: vision_encoder.blocks.2.1.spatial_block.conv1.fn.dw.weight has NO gradient.

[DEBUG] Multimodal Text Example (Batch): 'Patient is 0.5434782608695652 years old. Patient has a 0.8571428571428571 diploma.  Height of 0.65 cm. Patient weights 0.2418181818181818 kg. Patient has a history of 0.063 pack years Patient smokes 0.15 cigarettes a day. Patient smoked for a total of 0.42 years. Patient has a lesion size of 0.0233333333333333 mm. History of previous disease. Patient has BMI of 0.101379211605445. Patient smokes cigar. Patient smokes ciggaretes. Patient lives with a smoker. Patient works with exposure to smokers. Patient has the main cancer located in the right upper lobe. Patient has COPD. Patient diagnosed with oral cancer. History of previous cancer. Male. White. '
WARNING: vision_encoder.blocks.2.1.spatial_block.conv1.fn.dw.weight has NO gradient.

[DEBUG] Multimodal Text Example (Batch): 'Patient is 0.5217391304347826 years old. Patient has a 0.5714285714285714 diploma.  Height of 0.45 cm. Patient weights 0.1654545454545454 kg. Patient has a history of 0.075 pack years Patient smokes 0.15 cigarettes a day. Patient smoked for a total of 0.5 years. Patient has a lesion size of 0.0366666666666666 mm. History of previous disease. Patient has BMI of 0.0986937110690446. Patient lives with a smoker. Patient has the main cancer located in the right upper lobe. Patient worked in farm environment. Patient has heart disease. Patient has Hypertension. Patient has work related cancer. Female. White. '
WARNING: vision_encoder.blocks.2.1.spatial_block.conv1.fn.dw.weight has NO gradient.

[DEBUG] Multimodal Text Example (Batch): 'Patient is 0.4456521739130434 years old. Patient has a 0.4285714285714285 diploma.  Height of 0.675 cm. Patient weights 0.3272727272727272 kg. Patient has a history of 0.072 pack years Patient smokes 0.2 cigarettes a day. Patient smoked for a total of 0.36 years. Patient has a lesion size of 0.09 mm. History of previous disease. Patient has BMI of 0.1292536903504619. Patient lives with a smoker. Patient works with exposure to smokers. Patient has the main cancer located in the left upper lobe. Patient worked in welding environment. Patient has childhood asthma. Patient has work related cancer. Male. White. '
WARNING: vision_encoder.blocks.2.1.spatial_block.conv1.fn.dw.weight has NO gradient.

[DEBUG] Multimodal Text Example (Batch): 'Patient is 0.4456521739130434 years old. Patient has a 0.4285714285714285 diploma.  Height of 0.675 cm. Patient weights 0.3272727272727272 kg. Patient has a history of 0.072 pack years Patient smokes 0.2 cigarettes a day. Patient smoked for a total of 0.36 years. Patient has a lesion size of 0.09 mm. History of previous disease. Patient has BMI of 0.1292536903504619. Patient lives with a smoker. Patient works with exposure to smokers. Patient has the main cancer located in the left upper lobe. Patient worked in welding environment. Patient has childhood asthma. Patient has work related cancer. Male. White. '
WARNING: vision_encoder.blocks.2.1.spatial_block.conv1.fn.dw.weight has NO gradient.

[DEBUG] Multimodal Text Example (Batch): 'Patient is 0.532608695652174 years old. Patient has a 0.1428571428571428 diploma.  Height of 0.625 cm. Patient weights 0.26 kg. Patient has a history of 0.043 pack years Patient smokes 0.1 cigarettes a day. Patient smoked for a total of 0.43 years. Patient has a lesion size of 0.1 mm. History of previous disease. Patient has BMI of 0.1120432243693937. Patient smokes ciggaretes. Patient lives with a smoker. Patient works with exposure to smokers. Patient has the main cancer located in the left upper lobe. Patient worked in painting environment. Patient worked in welding environment. Patient has Hypertension. Patient has work related cancer. Male. White. '
WARNING: vision_encoder.blocks.2.1.spatial_block.conv1.fn.dw.weight has NO gradient.

[DEBUG] Multimodal Text Example (Batch): 'Patient is 0.5434782608695652 years old. Patient has a 0.7142857142857143 diploma.  Height of 0.55 cm. Patient weights 0.1381818181818181 kg. Patient has a history of 0.05 pack years Patient smokes 0.1 cigarettes a day. Patient smoked for a total of 0.5 years. Patient has a lesion size of 0.0333333333333333 mm. History of previous disease. Patient has BMI of 0.0729215061486474. Patient lives with a smoker. Patient works with exposure to smokers. Patient has the main cancer located in the left lower lobe. Patient has Hypertension. Patient has pneumonia. Patient diagnosed with breast cancer. History of previous cancer. Female. White. '
WARNING: vision_encoder.blocks.2.1.spatial_block.conv1.fn.dw.weight has NO gradient.

[DEBUG] Multimodal Text Example (Batch): 'Patient is 0.5760869565217391 years old. Patient has a 1.0 diploma.  Height of 0.7 cm. Patient weights 0.2818181818181818 kg. Patient has a history of 0.09 pack years Patient smokes 0.2 cigarettes a day. Patient smoked for a total of 0.45 years. Patient has a lesion size of 0.1733333333333333 mm. History of previous disease. Patient has BMI of 0.1088669389011315. Patient smokes ciggaretes. Patient lives with a smoker. Patient has the main cancer located in the right lower lobe. Patient has chronic bronchitis. Patient has COPD. Patient has heart disease. Patient has pneumonia. Male. White. '
WARNING: vision_encoder.blocks.2.1.spatial_block.conv1.fn.dw.weight has NO gradient.
shape xtorch.Size([32, 2])
tensor(2.7158, device='cuda:0')
tensor(-0.2942, device='cuda:0')
shape xtorch.Size([32, 2])
tensor(2.6669, device='cuda:0')
tensor(-0.4249, device='cuda:0')
shape xtorch.Size([32, 2])
tensor(2.1844, device='cuda:0')
tensor(-0.3764, device='cuda:0')
shape xtorch.Size([10, 2])
tensor(2.3176, device='cuda:0')
tensor(-0.2088, device='cuda:0')
shape PREDS: torch.Size([106, 2])
shape time: torch.Size([106])
shape log_hz: torch.Size([106, 106])
shape log_hz_t: torch.Size([106])

==================================================
Stage: VAL
Predicted class distribution: 0s = 90, 1s = 16
Actual label distribution:    0s = 80, 1s = 26
Actual Imbalance Ratio (0:1): 3.08:1
==================================================
✅ Model is predicting both classes.
DEBUG SHAPES: time=(106,), log_hz=(106,), events=(106,)
Cindex TorchSurv: 0.5853350162506104
Cindex Lifelines: 0.5899705014749262
Saved test predictions and probabilities to validation_results_fold_final.csv

[DEBUG] Multimodal Text Example (Batch): 'Patient is 0.5869565217391305 years old. Patient has a 0.7142857142857143 diploma.  Height of 0.425 cm. Patient weights 0.1272727272727272 kg. Patient has a history of 0.081 pack years Patient smokes 0.15 cigarettes a day. Patient smoked for a total of 0.54 years. Patient has a lesion size of 0.0733333333333333 mm. History of previous disease. Patient has BMI of 0.0838047674445968. Patient smokes ciggaretes. Patient lives with a smoker. Patient works with exposure to smokers. Patient has the main cancer located in the right upper lobe. Patient has COPD. Patient has Hypertension. Family history of cancer. Female. White. brother have lung cancer. '
WARNING: vision_encoder.blocks.2.1.spatial_block.conv1.fn.dw.weight has NO gradient.

[DEBUG] Multimodal Text Example (Batch): 'Patient is 0.6086956521739131 years old. Patient has a 0.7142857142857143 diploma.  Height of 0.425 cm. Patient weights 0.2509090909090909 kg. Patient has a history of 0.075 pack years Patient smokes 0.25 cigarettes a day. Patient smoked for a total of 0.3 years. Patient has a lesion size of 0.0933333333333333 mm. History of previous disease. Patient has BMI of 0.1449453975445522. Patient lives with a smoker. Patient has the main cancer located in the right lower lobe. Patient has COPD. Patient has diabetes. Patient has emphysema. Patient has heart disease. Patient has Hypertension. Patient has pneumonia. Female. White. '
WARNING: vision_encoder.blocks.2.1.spatial_block.conv1.fn.dw.weight has NO gradient.

[DEBUG] Multimodal Text Example (Batch): 'Patient is 0.5543478260869565 years old. Patient has a 0.4285714285714285 diploma.  Height of 0.65 cm. Patient weights 0.2363636363636363 kg. Patient has a history of 0.0855 pack years Patient smokes 0.15 cigarettes a day. Patient smoked for a total of 0.57 years. Patient has a lesion size of 0.3333333333333333 mm. History of previous disease. Patient has BMI of 0.0993223317079203. Patient smokes cigar. Patient smokes pipe. Patient lives with a smoker. Patient works with exposure to smokers. Patient has the main cancer located in the left upper lobe. Patient worked in coal environment. Patient has Hypertension. Family history of cancer. Patient has work related cancer. Male. White. father have lung cancer. '
WARNING: vision_encoder.blocks.2.1.spatial_block.conv1.fn.dw.weight has NO gradient.

[DEBUG] Multimodal Text Example (Batch): 'Patient is 0.5978260869565217 years old. Patient has a 0.4285714285714285 diploma.  Height of 0.475 cm. Patient weights 0.1909090909090909 kg. Patient has a history of 0.04275 pack years Patient smokes 0.075 cigarettes a day. Patient smoked for a total of 0.57 years. Patient has a lesion size of 0.0666666666666666 mm. History of previous disease. Patient has BMI of 0.1067000157479105. Patient smokes ciggaretes. Patient lives with a smoker. Patient works with exposure to smokers. Patient has the main cancer located in the right upper lobe. Patient worked in asbestos environment. Patient has COPD. Patient has emphysema. Patient has Hypertension. Patient has pneumonia. Patient has work related cancer. Male. White. '
WARNING: vision_encoder.blocks.2.1.spatial_block.conv1.fn.dw.weight has NO gradient.

[DEBUG] Multimodal Text Example (Batch): 'Patient is 0.5108695652173914 years old. Patient has a 0.4285714285714285 diploma.  Height of 0.625 cm. Patient weights 0.2454545454545454 kg. Patient has a history of 0.045 pack years Patient smokes 0.1 cigarettes a day. Patient smoked for a total of 0.45 years. Patient has a lesion size of 0.0333333333333333 mm. History of previous disease. Patient has BMI of 0.1064003772600485. Patient smokes pipe. Patient works with exposure to smokers. Patient has the main cancer located in the left lower lobe. Family history of cancer. Male. White. father have lung cancer. '
WARNING: vision_encoder.blocks.2.1.spatial_block.conv1.fn.dw.weight has NO gradient.

[DEBUG] Multimodal Text Example (Batch): 'Patient is 0.4782608695652174 years old. Patient has a 0.2857142857142857 diploma.  Height of 0.525 cm. Patient weights 0.209090909090909 kg. Patient has a history of 0.042 pack years Patient smokes 0.1 cigarettes a day. Patient smoked for a total of 0.42 years. Patient has a lesion size of 0.0233333333333333 mm. History of previous disease. Patient has BMI of 0.1068278656774231. Patient lives with a smoker. Patient has the main cancer located in the right upper lobe. Patient has pneumonia. Female. African-American. '
WARNING: vision_encoder.blocks.2.1.spatial_block.conv1.fn.dw.weight has NO gradient.

[DEBUG] Multimodal Text Example (Batch): 'Patient is 0.4130434782608695 years old. Patient has a 0.7142857142857143 diploma.  Height of 0.55 cm. Patient weights 0.2 kg. Patient has a history of 0.086 pack years Patient smokes 0.2 cigarettes a day. Patient smoked for a total of 0.43 years. Patient has a lesion size of 0.1036685288640596 mm. History of previous disease. Patient has BMI of 0.0990993388624175. Patient smokes cigar. Patient smokes ciggaretes. Patient lives with a smoker. Patient works with exposure to smokers. Patient has the main cancer located in the right upper lobe. Patient has Hypertension. Patient has pneumonia. Female. White. '
WARNING: vision_encoder.blocks.2.1.spatial_block.conv1.fn.dw.weight has NO gradient.

[DEBUG] Multimodal Text Example (Batch): 'Patient is 0.5652173913043478 years old. Patient has a 0.5714285714285714 diploma.  Height of 0.575 cm. Patient weights 0.1818181818181818 kg. Patient has a history of 0.05015 pack years Patient smokes 0.085 cigarettes a day. Patient smoked for a total of 0.59 years. Patient has a lesion size of 0.1 mm. History of previous disease. Patient has BMI of 0.0880281750041678. Patient smokes cigar. Patient smokes ciggaretes. Patient smokes pipe. Patient works with exposure to smokers. Patient has the main cancer located in the right lower lobe. Patient worked in chemical environment. Patient worked in farm environment. Patient has diabetes. Patient has Hypertension. Family history of cancer. Patient has work related cancer. Male. White. brother have lung cancer. '
WARNING: vision_encoder.blocks.2.1.spatial_block.conv1.fn.dw.weight has NO gradient.

[DEBUG] Multimodal Text Example (Batch): 'Patient is 0.4130434782608695 years old. Patient has a 0.7142857142857143 diploma.  Height of 0.5 cm. Patient weights 0.1618181818181818 kg. Patient has a history of 0.057 pack years Patient smokes 0.15 cigarettes a day. Patient smoked for a total of 0.38 years. Patient has a lesion size of 0.05 mm. History of previous disease. Patient has BMI of 0.0896179155539264. Patient smokes ciggaretes. Patient lives with a smoker. Patient works with exposure to smokers. Patient has the main cancer located in the right upper lobe. Family history of cancer. Female. White. mother have lung cancer. '
WARNING: vision_encoder.blocks.2.1.spatial_block.conv1.fn.dw.weight has NO gradient.

[DEBUG] Multimodal Text Example (Batch): 'Patient is 0.6086956521739131 years old. Patient has a 0.1428571428571428 diploma.  Height of 0.35 cm. Patient weights 0.1309090909090909 kg. Patient has a history of 0.046 pack years Patient smokes 0.1 cigarettes a day. Patient smoked for a total of 0.46 years. Patient has a lesion size of 0.08 mm. History of previous disease. Patient has BMI of 0.0970418993174635. Patient smokes cigar. Patient works with exposure to smokers. Patient has the main cancer located in the left upper lobe. Patient diagnosed with oral cancer. History of previous cancer. Female. White. '
WARNING: vision_encoder.blocks.2.1.spatial_block.conv1.fn.dw.weight has NO gradient.
shape xtorch.Size([32, 2])
tensor(2.1925, device='cuda:0')
tensor(-0.7471, device='cuda:0')
shape xtorch.Size([32, 2])
tensor(1.8612, device='cuda:0')
tensor(-0.7639, device='cuda:0')
shape xtorch.Size([32, 2])
tensor(1.1930, device='cuda:0')
tensor(-0.8213, device='cuda:0')
shape xtorch.Size([10, 2])
tensor(2.0458, device='cuda:0')
tensor(-0.6601, device='cuda:0')
shape PREDS: torch.Size([106, 2])
shape time: torch.Size([106])
shape log_hz: torch.Size([106, 106])
shape log_hz_t: torch.Size([106])

==================================================
Stage: VAL
Predicted class distribution: 0s = 40, 1s = 66
Actual label distribution:    0s = 80, 1s = 26
Actual Imbalance Ratio (0:1): 3.08:1
==================================================
✅ Model is predicting both classes.
DEBUG SHAPES: time=(106,), log_hz=(106,), events=(106,)
Cindex TorchSurv: 0.6064053773880005
Cindex Lifelines: 0.6186262115465655
Saved test predictions and probabilities to validation_results_fold_final.csv

[DEBUG] Multimodal Text Example (Batch): 'Patient is 0.6086956521739131 years old. Patient has a 0.4285714285714285 diploma.  Height of 0.625 cm. Patient weights 0.2818181818181818 kg. Patient has a history of 0.08 pack years Patient smokes 0.2 cigarettes a day. Patient smoked for a total of 0.4 years. Patient has a lesion size of 0.0866666666666666 mm. History of previous disease. Patient has BMI of 0.1205074950334116. Patient works with exposure to smokers. Patient has the main cancer located in the left upper lobe. Patient has heart disease. Patient has Hypertension. Male. White. '
WARNING: vision_encoder.blocks.2.1.spatial_block.conv1.fn.dw.weight has NO gradient.

[DEBUG] Multimodal Text Example (Batch): 'Patient is 0.5 years old. Patient has a 0.5714285714285714 diploma.  Height of 0.575 cm. Patient weights 0.1909090909090909 kg. Patient has a history of 0.1125 pack years Patient smokes 0.225 cigarettes a day. Patient smoked for a total of 0.5 years. Patient has a lesion size of 0.1036685288640596 mm. History of previous disease. Patient has BMI of 0.0917654629090921. Patient smokes cigar. Patient smokes ciggaretes. Patient smokes pipe. Patient lives with a smoker. Patient has the main cancer located in the right Hilum. Patient has the main cancer located in the right upper lobe. Patient worked in welding environment. Patient has work related cancer. Male. White. '
WARNING: vision_encoder.blocks.2.1.spatial_block.conv1.fn.dw.weight has NO gradient.

[DEBUG] Multimodal Text Example (Batch): 'Patient is 0.5108695652173914 years old. Patient has a 0.0 diploma.  Height of 0.425 cm. Patient weights 0.1636363636363636 kg. Patient has a history of 0.0555 pack years Patient smokes 0.15 cigarettes a day. Patient smoked for a total of 0.37 years. Patient has a lesion size of 0.1 mm. History of previous disease. Patient has BMI of 0.1017873057092896. Patient lives with a smoker. Patient works with exposure to smokers. Patient has the main cancer located in the left upper lobe. Patient has emphysema. Patient diagnosed with breast cancer. History of previous cancer. Female. White. '
WARNING: vision_encoder.blocks.2.1.spatial_block.conv1.fn.dw.weight has NO gradient.

[DEBUG] Multimodal Text Example (Batch): 'Patient is 0.4456521739130434 years old. Patient has a 0.7142857142857143 diploma.  Height of 0.65 cm. Patient weights 0.3090909090909091 kg. Patient has a history of 0.2 pack years Patient smokes 0.5 cigarettes a day. Patient smoked for a total of 0.4 years. Patient has a lesion size of 0.0833333333333333 mm. History of previous disease. Patient has BMI of 0.1267473970082491. Patient lives with a smoker. Patient works with exposure to smokers. Patient has the main cancer located in the right upper lobe. Male. White. '
WARNING: vision_encoder.blocks.2.1.spatial_block.conv1.fn.dw.weight has NO gradient.

[DEBUG] Multimodal Text Example (Batch): 'Patient is 0.5 years old. Patient has a 0.8571428571428571 diploma.  Height of 0.575 cm. Patient weights 0.24 kg. Patient has a history of 0.123 pack years Patient smokes 0.3 cigarettes a day. Patient smoked for a total of 0.41 years. Patient has a lesion size of 0.03 mm. History of previous disease. Patient has BMI of 0.111946817595683. Patient works with exposure to smokers. Patient has the main cancer located in the left upper lobe. Patient worked in asbestos environment. Patient has diabetes. Patient has work related cancer. Male. Asian. '
WARNING: vision_encoder.blocks.2.1.spatial_block.conv1.fn.dw.weight has NO gradient.

[DEBUG] Multimodal Text Example (Batch): 'Patient is 0.4782608695652174 years old. Patient has a 0.8571428571428571 diploma.  Height of 0.625 cm. Patient weights 0.2690909090909091 kg. Patient has a history of 0.046 pack years Patient smokes 0.1 cigarettes a day. Patient smoked for a total of 0.46 years. Patient has a lesion size of 0.0566666666666666 mm. History of previous disease. Patient has BMI of 0.1155700038127345. Patient smokes ciggaretes. Patient lives with a smoker. Patient works with exposure to smokers. Patient has the main cancer located in the left upper lobe. Male. White. '
WARNING: vision_encoder.blocks.2.1.spatial_block.conv1.fn.dw.weight has NO gradient.

[DEBUG] Multimodal Text Example (Batch): 'Patient is 0.4782608695652174 years old. Patient has a 0.2857142857142857 diploma.  Height of 0.525 cm. Patient weights 0.209090909090909 kg. Patient has a history of 0.042 pack years Patient smokes 0.1 cigarettes a day. Patient smoked for a total of 0.42 years. Patient has a lesion size of 0.0233333333333333 mm. History of previous disease. Patient has BMI of 0.1068278656774231. Patient lives with a smoker. Patient has the main cancer located in the right upper lobe. Patient has pneumonia. Female. African-American. '
WARNING: vision_encoder.blocks.2.1.spatial_block.conv1.fn.dw.weight has NO gradient.

[DEBUG] Multimodal Text Example (Batch): 'Patient is 0.6086956521739131 years old. Patient has a 0.7142857142857143 diploma.  Height of 0.425 cm. Patient weights 0.2509090909090909 kg. Patient has a history of 0.075 pack years Patient smokes 0.25 cigarettes a day. Patient smoked for a total of 0.3 years. Patient has a lesion size of 0.0933333333333333 mm. History of previous disease. Patient has BMI of 0.1449453975445522. Patient lives with a smoker. Patient has the main cancer located in the right lower lobe. Patient has COPD. Patient has diabetes. Patient has emphysema. Patient has heart disease. Patient has Hypertension. Patient has pneumonia. Female. White. '
WARNING: vision_encoder.blocks.2.1.spatial_block.conv1.fn.dw.weight has NO gradient.

[DEBUG] Multimodal Text Example (Batch): 'Patient is 0.5543478260869565 years old. Patient has a 0.4285714285714285 diploma.  Height of 0.55 cm. Patient weights 0.2 kg. Patient has a history of 0.0442 pack years Patient smokes 0.085 cigarettes a day. Patient smoked for a total of 0.52 years. Patient has a lesion size of 0.2166666666666666 mm. History of previous disease. Patient has BMI of 0.0990993388624175. Patient smokes cigar. Patient smokes ciggaretes. Patient smokes pipe. Patient lives with a smoker. Patient works with exposure to smokers. Patient has the main cancer located in the right middle lobe. Patient has the main cancer located in the right upper lobe. Patient worked in farm environment. Patient has diabetes. Family history of cancer. Patient has work related cancer. Male. White. brother have lung cancer. '
WARNING: vision_encoder.blocks.2.1.spatial_block.conv1.fn.dw.weight has NO gradient.

[DEBUG] Multimodal Text Example (Batch): 'Patient is 0.4239130434782608 years old. Patient has a 0.2857142857142857 diploma.  Height of 0.675 cm. Patient weights 0.2636363636363636 kg. Patient has a history of 0.034 pack years Patient smokes 0.1 cigarettes a day. Patient smoked for a total of 0.34 years. Patient has a lesion size of 0.0433333333333333 mm. History of previous disease. Patient has BMI of 0.1059187106231108. Patient smokes cigar. Patient smokes pipe. Patient lives with a smoker. Patient works with exposure to smokers. Patient has the main cancer located in the left lower lobe. Male. White. '
WARNING: vision_encoder.blocks.2.1.spatial_block.conv1.fn.dw.weight has NO gradient.
shape xtorch.Size([32, 2])
tensor(0.9096, device='cuda:0')
tensor(-0.5552, device='cuda:0')
shape xtorch.Size([32, 2])
tensor(1.2179, device='cuda:0')
tensor(-0.6644, device='cuda:0')
shape xtorch.Size([32, 2])
tensor(0.8820, device='cuda:0')
tensor(-0.7164, device='cuda:0')
shape xtorch.Size([10, 2])
tensor(1.4104, device='cuda:0')
tensor(-0.5060, device='cuda:0')
shape PREDS: torch.Size([106, 2])
shape time: torch.Size([106])
shape log_hz: torch.Size([106, 106])
shape log_hz_t: torch.Size([106])

==================================================
Stage: VAL
Predicted class distribution: 0s = 17, 1s = 89
Actual label distribution:    0s = 80, 1s = 26
Actual Imbalance Ratio (0:1): 3.08:1
==================================================
✅ Model is predicting both classes.
DEBUG SHAPES: time=(106,), log_hz=(106,), events=(106,)
Cindex TorchSurv: 0.5819637775421143
Cindex Lifelines: 0.5882848714707122
Saved test predictions and probabilities to validation_results_fold_final.csv

[DEBUG] Multimodal Text Example (Batch): 'Patient is 0.5217391304347826 years old. Patient has a 0.4285714285714285 diploma.  Height of 0.675 cm. Patient weights 0.2272727272727272 kg. Patient has a history of 0.0765 pack years Patient smokes 0.15 cigarettes a day. Patient smoked for a total of 0.51 years. Patient has a lesion size of 0.0766666666666666 mm. History of previous disease. Patient has BMI of 0.0925844364931958. Patient smokes cigar. Patient smokes ciggaretes. Patient lives with a smoker. Patient works with exposure to smokers. Patient has the main cancer located in the right upper lobe. Patient has emphysema. Family history of cancer. Male. White. mother have lung cancer. '
WARNING: vision_encoder.blocks.2.1.spatial_block.conv1.fn.dw.weight has NO gradient.

[DEBUG] Multimodal Text Example (Batch): 'Patient is 0.5108695652173914 years old. Patient has a 0.7142857142857143 diploma.  Height of 0.55 cm. Patient weights 0.2909090909090909 kg. Patient has a history of 0.11 pack years Patient smokes 0.2 cigarettes a day. Patient smoked for a total of 0.55 years. Patient has a lesion size of 0.04 mm. History of previous disease. Patient has BMI of 0.1375961516767853. Patient smokes ciggaretes. Patient lives with a smoker. Patient works with exposure to smokers. Patient has the main cancer located in the left lower lobe. Patient has diabetes. Patient has Hypertension. Family history of cancer. Female. African-American. father have lung cancer. '
WARNING: vision_encoder.blocks.2.1.spatial_block.conv1.fn.dw.weight has NO gradient.

[DEBUG] Multimodal Text Example (Batch): 'Patient is 0.4891304347826087 years old. Patient has a 0.8571428571428571 diploma.  Height of 0.45 cm. Patient weights 0.1054545454545454 kg. Patient has a history of 0.0432 pack years Patient smokes 0.09 cigarettes a day. Patient smoked for a total of 0.48 years. Patient has a lesion size of 0.0466666666666666 mm. History of previous disease. Patient has BMI of 0.0699569896788607. Patient smokes ciggaretes. Patient lives with a smoker. Patient works with exposure to smokers. Patient has the main cancer located in the right upper lobe. Patient has pneumonia. Female. White. '
WARNING: vision_encoder.blocks.2.1.spatial_block.conv1.fn.dw.weight has NO gradient.

[DEBUG] Multimodal Text Example (Batch): 'Patient is 0.4456521739130434 years old. Patient has a 0.8571428571428571 diploma.  Height of 0.675 cm. Patient weights 0.2181818181818181 kg. Patient has a history of 0.034 pack years Patient smokes 0.1 cigarettes a day. Patient smoked for a total of 0.34 years. Patient has a lesion size of 0.0666666666666666 mm. History of previous disease. Patient has BMI of 0.0892508679607172. Patient has the main cancer located in the right lower lobe. Patient has emphysema. Male. White. '
WARNING: vision_encoder.blocks.2.1.spatial_block.conv1.fn.dw.weight has NO gradient.

[DEBUG] Multimodal Text Example (Batch): 'Patient is 0.5434782608695652 years old. Patient has a 0.8571428571428571 diploma.  Height of 0.65 cm. Patient weights 0.2418181818181818 kg. Patient has a history of 0.063 pack years Patient smokes 0.15 cigarettes a day. Patient smoked for a total of 0.42 years. Patient has a lesion size of 0.0233333333333333 mm. History of previous disease. Patient has BMI of 0.101379211605445. Patient smokes cigar. Patient smokes ciggaretes. Patient lives with a smoker. Patient works with exposure to smokers. Patient has the main cancer located in the right upper lobe. Patient has COPD. Patient diagnosed with oral cancer. History of previous cancer. Male. White. '
WARNING: vision_encoder.blocks.2.1.spatial_block.conv1.fn.dw.weight has NO gradient.

[DEBUG] Multimodal Text Example (Batch): 'Patient is 0.5760869565217391 years old. Patient has a 1.0 diploma.  Height of 0.7 cm. Patient weights 0.2818181818181818 kg. Patient has a history of 0.09 pack years Patient smokes 0.2 cigarettes a day. Patient smoked for a total of 0.45 years. Patient has a lesion size of 0.1733333333333333 mm. History of previous disease. Patient has BMI of 0.1088669389011315. Patient smokes ciggaretes. Patient lives with a smoker. Patient has the main cancer located in the right lower lobe. Patient has chronic bronchitis. Patient has COPD. Patient has heart disease. Patient has pneumonia. Male. White. '
WARNING: vision_encoder.blocks.2.1.spatial_block.conv1.fn.dw.weight has NO gradient.

[DEBUG] Multimodal Text Example (Batch): 'Patient is 0.5543478260869565 years old. Patient has a 0.5714285714285714 diploma.  Height of 0.65 cm. Patient weights 0.1909090909090909 kg. Patient has a history of 0.051 pack years Patient smokes 0.1 cigarettes a day. Patient smoked for a total of 0.51 years. Patient has a lesion size of 0.1333333333333333 mm. History of previous disease. Patient has BMI of 0.0821816658952147. Patient smokes ciggaretes. Patient lives with a smoker. Patient works with exposure to smokers. Patient has the main cancer located in the right upper lobe. Patient worked in baking environment. Patient worked in farm environment. Patient has heart disease. Patient has work related cancer. Male. White. '
WARNING: vision_encoder.blocks.2.1.spatial_block.conv1.fn.dw.weight has NO gradient.

[DEBUG] Multimodal Text Example (Batch): 'Patient is 0.4456521739130434 years old. Patient has a 0.5714285714285714 diploma.  Height of 0.625 cm. Patient weights 0.2236363636363636 kg. Patient has a history of 0.06 pack years Patient smokes 0.2 cigarettes a day. Patient smoked for a total of 0.3 years. Patient has a lesion size of 0.05 mm. History of previous disease. Patient has BMI of 0.0979361065960307. Patient lives with a smoker. Patient works with exposure to smokers. Patient has the main cancer located in the right lower lobe. Patient worked in asbestos environment. Patient worked in farm environment. Patient worked in painting environment. Patient worked in sandblasting environment. Patient worked in welding environment. Patient has adult asthma. Patient has asbestosis. Patient has chronic bronchitis. Patient has COPD. Patient has emphysema. Patient has silicosis. Patient has tuberculosis. Patient has work related cancer. Female. White. '
WARNING: vision_encoder.blocks.2.1.spatial_block.conv1.fn.dw.weight has NO gradient.

[DEBUG] Multimodal Text Example (Batch): 'Patient is 0.4130434782608695 years old. Patient has a 0.4285714285714285 diploma.  Height of 0.525 cm. Patient weights 0.1563636363636363 kg. Patient has a history of 0.035 pack years Patient smokes 0.1 cigarettes a day. Patient smoked for a total of 0.35 years. Patient has a lesion size of 0.1166666666666666 mm. History of previous disease. Patient has BMI of 0.0838179777573716. Patient smokes ciggaretes. Patient lives with a smoker. Patient works with exposure to smokers. Patient has the main cancer located in the left lower lobe. Patient worked in chemical environment. Family history of cancer. Patient has work related cancer. Female. White. sister have lung cancer. '
WARNING: vision_encoder.blocks.2.1.spatial_block.conv1.fn.dw.weight has NO gradient.

[DEBUG] Multimodal Text Example (Batch): 'Patient is 0.532608695652174 years old. Patient has a 0.2857142857142857 diploma.  Height of 0.55 cm. Patient weights 0.209090909090909 kg. Patient has a history of 0.0765 pack years Patient smokes 0.15 cigarettes a day. Patient smoked for a total of 0.51 years. Patient has a lesion size of 0.04 mm. History of previous disease. Patient has BMI of 0.1029490201438543. Patient smokes ciggaretes. Patient smokes pipe. Patient lives with a smoker. Patient works with exposure to smokers. Patient has the main cancer located in the left lower lobe. Patient has Hypertension. Male. African-American. '
WARNING: vision_encoder.blocks.2.1.spatial_block.conv1.fn.dw.weight has NO gradient.
shape xtorch.Size([32, 2])
tensor(2.7628, device='cuda:0')
tensor(0.0644, device='cuda:0')
shape xtorch.Size([32, 2])
tensor(2.4313, device='cuda:0')
tensor(-0.1617, device='cuda:0')
shape xtorch.Size([32, 2])
tensor(2.0350, device='cuda:0')
tensor(-0.3545, device='cuda:0')
shape xtorch.Size([10, 2])
tensor(3.0272, device='cuda:0')
tensor(0.0433, device='cuda:0')
shape PREDS: torch.Size([106, 2])
shape time: torch.Size([106])
shape log_hz: torch.Size([106, 106])
shape log_hz_t: torch.Size([106])

==================================================
Stage: VAL
Predicted class distribution: 0s = 98, 1s = 8
Actual label distribution:    0s = 80, 1s = 26
Actual Imbalance Ratio (0:1): 3.08:1
==================================================
✅ Model is predicting both classes.
DEBUG SHAPES: time=(106,), log_hz=(106,), events=(106,)
Cindex TorchSurv: 0.5600505471229553
Cindex Lifelines: 0.5663716814159292
Saved test predictions and probabilities to validation_results_fold_final.csv

[DEBUG] Multimodal Text Example (Batch): 'Patient is 0.5 years old. Patient has a 0.8571428571428571 diploma.  Height of 0.575 cm. Patient weights 0.24 kg. Patient has a history of 0.123 pack years Patient smokes 0.3 cigarettes a day. Patient smoked for a total of 0.41 years. Patient has a lesion size of 0.03 mm. History of previous disease. Patient has BMI of 0.111946817595683. Patient works with exposure to smokers. Patient has the main cancer located in the left upper lobe. Patient worked in asbestos environment. Patient has diabetes. Patient has work related cancer. Male. Asian. '
WARNING: vision_encoder.blocks.2.1.spatial_block.conv1.fn.dw.weight has NO gradient.

[DEBUG] Multimodal Text Example (Batch): 'Patient is 0.5 years old. Patient has a 0.7142857142857143 diploma.  Height of 0.6 cm. Patient weights 0.3545454545454545 kg. Patient has a history of 0.117 pack years Patient smokes 0.3 cigarettes a day. Patient smoked for a total of 0.39 years. Patient has a lesion size of 0.0366666666666666 mm. History of previous disease. Patient has BMI of 0.1537670771015814. Patient smokes pipe. Patient works with exposure to smokers. Patient has the main cancer located in the right upper lobe. Male. White. '
WARNING: vision_encoder.blocks.2.1.spatial_block.conv1.fn.dw.weight has NO gradient.

[DEBUG] Multimodal Text Example (Batch): 'Patient is 0.4891304347826087 years old. Patient has a 0.5714285714285714 diploma.  Height of 0.575 cm. Patient weights 0.1545454545454545 kg. Patient has a history of 0.078 pack years Patient smokes 0.15 cigarettes a day. Patient smoked for a total of 0.52 years. Patient has a lesion size of 0.0533333333333333 mm. History of previous disease. Patient has BMI of 0.0768163112893951. Patient smokes ciggaretes. Patient smokes pipe. Patient lives with a smoker. Patient works with exposure to smokers. Patient has the main cancer located in the right lower lobe. Patient worked in asbestos environment. Patient worked in chemical environment. Patient worked in farm environment. Patient worked in flour environment. Patient worked in steel milling environment. Patient worked in painting environment. Patient worked in sandblasting environment. Patient worked in welding environment. Patient has heart disease. Patient has Stroke history. Family history of cancer. Patient has work related cancer. Male. White. sister have lung cancer. '
WARNING: vision_encoder.blocks.2.1.spatial_block.conv1.fn.dw.weight has NO gradient.

[DEBUG] Multimodal Text Example (Batch): 'Patient is 0.4565217391304347 years old. Patient has a 0.7142857142857143 diploma.  Height of 0.475 cm. Patient weights 0.2363636363636363 kg. Patient has a history of 0.058 pack years Patient smokes 0.2 cigarettes a day. Patient smoked for a total of 0.29 years. Patient has a lesion size of 0.05 mm. History of previous disease. Patient has BMI of 0.1277952541175024. Patient lives with a smoker. Patient works with exposure to smokers. Patient has the main cancer located in the left upper lobe. Female. White. '
WARNING: vision_encoder.blocks.2.1.spatial_block.conv1.fn.dw.weight has NO gradient.

[DEBUG] Multimodal Text Example (Batch): 'Patient is 0.5 years old. Patient has a 0.5714285714285714 diploma.  Height of 0.575 cm. Patient weights 0.1909090909090909 kg. Patient has a history of 0.1125 pack years Patient smokes 0.225 cigarettes a day. Patient smoked for a total of 0.5 years. Patient has a lesion size of 0.1036685288640596 mm. History of previous disease. Patient has BMI of 0.0917654629090921. Patient smokes cigar. Patient smokes ciggaretes. Patient smokes pipe. Patient lives with a smoker. Patient has the main cancer located in the right Hilum. Patient has the main cancer located in the right upper lobe. Patient worked in welding environment. Patient has work related cancer. Male. White. '
WARNING: vision_encoder.blocks.2.1.spatial_block.conv1.fn.dw.weight has NO gradient.

[DEBUG] Multimodal Text Example (Batch): 'Patient is 0.4891304347826087 years old. Patient has a 0.4285714285714285 diploma.  Height of 0.675 cm. Patient weights 0.2181818181818181 kg. Patient has a history of 0.09 pack years Patient smokes 0.2 cigarettes a day. Patient smoked for a total of 0.45 years. Patient has a lesion size of 0.0166666666666666 mm. History of previous disease. Patient has BMI of 0.0892508679607172. Patient smokes cigar. Patient smokes ciggaretes. Patient smokes pipe. Patient lives with a smoker. Patient works with exposure to smokers. Patient has the main cancer located in the left upper lobe. Patient worked in steel milling environment. Patient has asbestosis. Patient has emphysema. Family history of cancer. Patient has work related cancer. Male. White. father have lung cancer. '
WARNING: vision_encoder.blocks.2.1.spatial_block.conv1.fn.dw.weight has NO gradient.

[DEBUG] Multimodal Text Example (Batch): 'Patient is 0.4891304347826087 years old. Patient has a 0.2857142857142857 diploma.  Height of 0.525 cm. Patient weights 0.1672727272727272 kg. Patient has a history of 0.043 pack years Patient smokes 0.1 cigarettes a day. Patient smoked for a total of 0.43 years. Patient has a lesion size of 0.3 mm. History of previous disease. Patient has BMI of 0.0885786442235892. Patient smokes ciggaretes. Patient lives with a smoker. Patient works with exposure to smokers. Patient has the main cancer located in the right upper lobe. Patient has Hypertension. Female. White. '
WARNING: vision_encoder.blocks.2.1.spatial_block.conv1.fn.dw.weight has NO gradient.

[DEBUG] Multimodal Text Example (Batch): 'Patient is 0.5434782608695652 years old. Patient has a 0.7142857142857143 diploma.  Height of 0.65 cm. Patient weights 0.2545454545454545 kg. Patient has a history of 0.06125 pack years Patient smokes 0.125 cigarettes a day. Patient smoked for a total of 0.49 years. Patient has a lesion size of 0.0833333333333333 mm. History of previous disease. Patient has BMI of 0.1061785980330025. Patient lives with a smoker. Patient works with exposure to smokers. Patient has the main cancer located in the right lower lobe. Patient worked in painting environment. Patient has adult asthma. Patient diagnosed with bladder cancer. History of previous cancer. Patient has work related cancer. Male. White. '
WARNING: vision_encoder.blocks.2.1.spatial_block.conv1.fn.dw.weight has NO gradient.

[DEBUG] Multimodal Text Example (Batch): 'Patient is 0.4239130434782608 years old. Patient has a 0.8571428571428571 diploma.  Height of 0.625 cm. Patient weights 0.3636363636363636 kg. Patient has a history of 0.084 pack years Patient smokes 0.2 cigarettes a day. Patient smoked for a total of 0.42 years. Patient has a lesion size of 0.0733333333333333 mm. History of previous disease. Patient has BMI of 0.1522485100234784. Patient smokes ciggaretes. Patient works with exposure to smokers. Patient has the main cancer located in the left lower lobe. Patient has Hypertension. Male. White. '
WARNING: vision_encoder.blocks.2.1.spatial_block.conv1.fn.dw.weight has NO gradient.

[DEBUG] Multimodal Text Example (Batch): 'Patient is 0.5760869565217391 years old. Patient has a 0.7142857142857143 diploma.  Height of 0.7 cm. Patient weights 0.2545454545454545 kg. Patient has a history of 0.084 pack years Patient smokes 0.15 cigarettes a day. Patient smoked for a total of 0.56 years. Patient has a lesion size of 0.08 mm. History of previous disease. Patient has BMI of 0.0991383485807882. Patient smokes ciggaretes. Patient smokes pipe. Patient lives with a smoker. Patient works with exposure to smokers. Patient has the main cancer located in the right lower lobe. Patient worked in welding environment. Patient has chronic bronchitis. Family history of cancer. Patient has work related cancer. Male. White. child and father have lung cancer. '
WARNING: vision_encoder.blocks.2.1.spatial_block.conv1.fn.dw.weight has NO gradient.
shape xtorch.Size([32, 2])
tensor(2.2857, device='cuda:0')
tensor(-1.3815, device='cuda:0')
shape xtorch.Size([32, 2])
tensor(1.7287, device='cuda:0')
tensor(-1.7239, device='cuda:0')
shape xtorch.Size([32, 2])
tensor(0.7528, device='cuda:0')
tensor(-1.4572, device='cuda:0')
shape xtorch.Size([10, 2])
tensor(1.8632, device='cuda:0')
tensor(-0.9849, device='cuda:0')
shape PREDS: torch.Size([106, 2])
shape time: torch.Size([106])
shape log_hz: torch.Size([106, 106])
shape log_hz_t: torch.Size([106])

==================================================
Stage: VAL
Predicted class distribution: 0s = 11, 1s = 95
Actual label distribution:    0s = 80, 1s = 26
Actual Imbalance Ratio (0:1): 3.08:1
==================================================
✅ Model is predicting both classes.
DEBUG SHAPES: time=(106,), log_hz=(106,), events=(106,)
Cindex TorchSurv: 0.6308470368385315
Cindex Lifelines: 0.6573957016434893
Saved test predictions and probabilities to validation_results_fold_final.csv

[DEBUG] Multimodal Text Example (Batch): 'Patient is 0.5217391304347826 years old. Patient has a 0.5714285714285714 diploma.  Height of 0.45 cm. Patient weights 0.1654545454545454 kg. Patient has a history of 0.075 pack years Patient smokes 0.15 cigarettes a day. Patient smoked for a total of 0.5 years. Patient has a lesion size of 0.0366666666666666 mm. History of previous disease. Patient has BMI of 0.0986937110690446. Patient lives with a smoker. Patient has the main cancer located in the right upper lobe. Patient worked in farm environment. Patient has heart disease. Patient has Hypertension. Patient has work related cancer. Female. White. '
WARNING: vision_encoder.blocks.2.1.spatial_block.conv1.fn.dw.weight has NO gradient.

[DEBUG] Multimodal Text Example (Batch): 'Patient is 0.5 years old. Patient has a 0.5714285714285714 diploma.  Height of 0.5 cm. Patient weights 0.2297513368983957 kg. Patient has a history of 0.03 pack years Patient smokes 0.075 cigarettes a day. Patient smoked for a total of 0.4 years. Patient has a lesion size of 0.2833333333333333 mm. History of previous disease. Patient has BMI of 0.1201827563512182. Patient lives with a smoker. Patient works with exposure to smokers. Patient has the main cancer located in the right Hilum. Patient has the main cancer located in the right middle lobe. Patient has the main cancer located in the right upper lobe. Patient has chronic bronchitis. Patient has pneumonia. Female. White. '
WARNING: vision_encoder.blocks.2.1.spatial_block.conv1.fn.dw.weight has NO gradient.

[DEBUG] Multimodal Text Example (Batch): 'Patient is 0.4347826086956521 years old. Patient has a 0.7142857142857143 diploma.  Height of 0.675 cm. Patient weights 0.26 kg. Patient has a history of 0.0425 pack years Patient smokes 0.125 cigarettes a day. Patient smoked for a total of 0.34 years. Patient has a lesion size of 0.05 mm. History of previous disease. Patient has BMI of 0.1045852832101193. Patient works with exposure to smokers. Patient has the main cancer located in the right lower lobe. Patient worked in fire fighting environment. Patient has adult asthma. Patient has emphysema. Patient has Hypertension. Patient has work related cancer. Male. White. '
WARNING: vision_encoder.blocks.2.1.spatial_block.conv1.fn.dw.weight has NO gradient.

[DEBUG] Multimodal Text Example (Batch): 'Patient is 0.5108695652173914 years old. Patient has a 0.8571428571428571 diploma.  Height of 0.75 cm. Patient weights 0.4181818181818181 kg. Patient has a history of 0.04 pack years Patient smokes 0.1 cigarettes a day. Patient smoked for a total of 0.4 years. Patient has a lesion size of 0.0666666666666666 mm. History of previous disease. Patient has BMI of 0.1479536763902545. Patient smokes ciggaretes. Patient smokes pipe. Patient lives with a smoker. Patient works with exposure to smokers. Patient has the main cancer located in the right middle lobe. Male. White. '
WARNING: vision_encoder.blocks.2.1.spatial_block.conv1.fn.dw.weight has NO gradient.

[DEBUG] Multimodal Text Example (Batch): 'Patient is 0.4239130434782608 years old. Patient has a 0.5714285714285714 diploma.  Height of 0.55 cm. Patient weights 0.1909090909090909 kg. Patient has a history of 0.0615 pack years Patient smokes 0.15 cigarettes a day. Patient smoked for a total of 0.41 years. Patient has a lesion size of 0.1166666666666666 mm. History of previous disease. Patient has BMI of 0.0952496575809807. Patient smokes cigar. Patient smokes ciggaretes. Patient smokes pipe. Patient lives with a smoker. Patient works with exposure to smokers. Patient has the main cancer located in the left lower lobe. Patient has emphysema. Patient has Hypertension. Male. White. '
WARNING: vision_encoder.blocks.2.1.spatial_block.conv1.fn.dw.weight has NO gradient.

[DEBUG] Multimodal Text Example (Batch): 'Patient is 0.4021739130434782 years old. Patient has a 0.4285714285714285 diploma.  Height of 0.475 cm. Patient weights 0.2545454545454545 kg. Patient has a history of 0.04375 pack years Patient smokes 0.125 cigarettes a day. Patient smoked for a total of 0.35 years. Patient has a lesion size of 0.0333333333333333 mm. History of previous disease. Patient has BMI of 0.1362333494653392. Patient works with exposure to smokers. Patient has the main cancer located in the left lower lobe. Female. White. '
WARNING: vision_encoder.blocks.2.1.spatial_block.conv1.fn.dw.weight has NO gradient.

[DEBUG] Multimodal Text Example (Batch): 'Patient is 0.4565217391304347 years old. Patient has a 1.0 diploma.  Height of 0.625 cm. Patient weights 0.3272727272727272 kg. Patient has a history of 0.0705 pack years Patient smokes 0.15 cigarettes a day. Patient smoked for a total of 0.47 years. Patient has a lesion size of 0.0533333333333333 mm. History of previous disease. Patient has BMI of 0.1381413922501154. Patient lives with a smoker. Patient works with exposure to smokers. Patient has the main cancer located in the left upper lobe. Patient has Hypertension. Patient has pneumonia. Patient diagnosed with cervical cancer. History of previous cancer. Female. White. '
WARNING: vision_encoder.blocks.2.1.spatial_block.conv1.fn.dw.weight has NO gradient.

[DEBUG] Multimodal Text Example (Batch): 'Patient is 0.4347826086956521 years old. Patient has a 0.7142857142857143 diploma.  Height of 0.675 cm. Patient weights 0.26 kg. Patient has a history of 0.0425 pack years Patient smokes 0.125 cigarettes a day. Patient smoked for a total of 0.34 years. Patient has a lesion size of 0.05 mm. History of previous disease. Patient has BMI of 0.1045852832101193. Patient works with exposure to smokers. Patient has the main cancer located in the right lower lobe. Patient worked in fire fighting environment. Patient has adult asthma. Patient has emphysema. Patient has Hypertension. Patient has work related cancer. Male. White. '
WARNING: vision_encoder.blocks.2.1.spatial_block.conv1.fn.dw.weight has NO gradient.

[DEBUG] Multimodal Text Example (Batch): 'Patient is 0.4891304347826087 years old. Patient has a 1.0 diploma.  Height of 0.675 cm. Patient weights 0.2363636363636363 kg. Patient has a history of 0.039 pack years Patient smokes 0.1 cigarettes a day. Patient smoked for a total of 0.39 years. Patient has a lesion size of 0.0666666666666666 mm. History of previous disease. Patient has BMI of 0.0959180050256746. Patient smokes cigar. Patient smokes pipe. Patient lives with a smoker. Patient works with exposure to smokers. Patient has the main cancer located in the right lower lobe. Patient has pneumonia. Male. White. '
WARNING: vision_encoder.blocks.2.1.spatial_block.conv1.fn.dw.weight has NO gradient.

[DEBUG] Multimodal Text Example (Batch): 'Patient is 0.4565217391304347 years old. Patient has a 0.5714285714285714 diploma.  Height of 0.525 cm. Patient weights 0.2363636363636363 kg. Patient has a history of 0.088 pack years Patient smokes 0.2 cigarettes a day. Patient smoked for a total of 0.44 years. Patient has a lesion size of 0.0666666666666666 mm. History of previous disease. Patient has BMI of 0.118729531842967. Patient smokes ciggaretes. Patient lives with a smoker. Patient works with exposure to smokers. Patient has the main cancer located in the right upper lobe. Patient has Hypertension. Patient has pneumonia. Patient diagnosed with cervical cancer. History of previous cancer. Family history of cancer. Female. White. child and father and sister have lung cancer. '
WARNING: vision_encoder.blocks.2.1.spatial_block.conv1.fn.dw.weight has NO gradient.
shape xtorch.Size([32, 2])
tensor(4.2659, device='cuda:0')
tensor(0.1675, device='cuda:0')
shape xtorch.Size([32, 2])
tensor(4.0891, device='cuda:0')
tensor(-0.1151, device='cuda:0')
shape xtorch.Size([32, 2])
tensor(3.8150, device='cuda:0')
tensor(0.1593, device='cuda:0')
shape xtorch.Size([10, 2])
tensor(4.0646, device='cuda:0')
tensor(0.2359, device='cuda:0')
shape PREDS: torch.Size([106, 2])
shape time: torch.Size([106])
shape log_hz: torch.Size([106, 106])
shape log_hz_t: torch.Size([106])

==================================================
Stage: VAL
Predicted class distribution: 0s = 103, 1s = 3
Actual label distribution:    0s = 80, 1s = 26
Actual Imbalance Ratio (0:1): 3.08:1
==================================================
✅ Model is predicting both classes.
DEBUG SHAPES: time=(106,), log_hz=(106,), events=(106,)
Cindex TorchSurv: 0.5895490646362305
Cindex Lifelines: 0.5916561314791403
Saved test predictions and probabilities to validation_results_fold_final.csv

[DEBUG] Multimodal Text Example (Batch): 'Patient is 0.5760869565217391 years old. Patient has a 1.0 diploma.  Height of 0.7 cm. Patient weights 0.2818181818181818 kg. Patient has a history of 0.09 pack years Patient smokes 0.2 cigarettes a day. Patient smoked for a total of 0.45 years. Patient has a lesion size of 0.1733333333333333 mm. History of previous disease. Patient has BMI of 0.1088669389011315. Patient smokes ciggaretes. Patient lives with a smoker. Patient has the main cancer located in the right lower lobe. Patient has chronic bronchitis. Patient has COPD. Patient has heart disease. Patient has pneumonia. Male. White. '
WARNING: vision_encoder.blocks.2.1.spatial_block.conv1.fn.dw.weight has NO gradient.

[DEBUG] Multimodal Text Example (Batch): 'Patient is 0.5760869565217391 years old. Patient has a 0.4285714285714285 diploma.  Height of 0.6 cm. Patient weights 0.2327272727272727 kg. Patient has a history of 0.102 pack years Patient smokes 0.2 cigarettes a day. Patient smoked for a total of 0.51 years. Patient has a lesion size of 0.0633333333333333 mm. History of previous disease. Patient has BMI of 0.1051284847365837. Patient smokes cigar. Patient smokes pipe. Patient lives with a smoker. Patient has the main cancer located in the left lower lobe. Patient has Hypertension. Patient diagnosed with bladder cancer. History of previous cancer. Family history of cancer. Male. White. sister have lung cancer. '
WARNING: vision_encoder.blocks.2.1.spatial_block.conv1.fn.dw.weight has NO gradient.

[DEBUG] Multimodal Text Example (Batch): 'Patient is 0.5869565217391305 years old. Patient has a 0.5714285714285714 diploma.  Height of 0.65 cm. Patient weights 0.2272727272727272 kg. Patient has a history of 0.056 pack years Patient smokes 0.1 cigarettes a day. Patient smoked for a total of 0.56 years. Patient has a lesion size of 0.2 mm. History of previous disease. Patient has BMI of 0.0958941985453792. Patient smokes ciggaretes. Patient lives with a smoker. Patient works with exposure to smokers. Patient has the main cancer located in the left lower lobe. Patient worked in farm environment. Patient worked in steel milling environment. Patient worked in painting environment. Patient has COPD. Patient has pneumonia. Patient has work related cancer. Male. White. '
WARNING: vision_encoder.blocks.2.1.spatial_block.conv1.fn.dw.weight has NO gradient.

[DEBUG] Multimodal Text Example (Batch): 'Patient is 0.4565217391304347 years old. Patient has a 0.4285714285714285 diploma.  Height of 0.425 cm. Patient weights 0.16 kg. Patient has a history of 0.06 pack years Patient smokes 0.15 cigarettes a day. Patient smoked for a total of 0.4 years. Patient has a lesion size of 0.0766666666666666 mm. History of previous disease. Patient has BMI of 0.0999890518828203. Patient lives with a smoker. Patient works with exposure to smokers. Patient has the main cancer located in the right lower lobe. Patient has Hypertension. Female. White. '
WARNING: vision_encoder.blocks.2.1.spatial_block.conv1.fn.dw.weight has NO gradient.

[DEBUG] Multimodal Text Example (Batch): 'Patient is 0.4891304347826087 years old. Patient has a 0.8571428571428571 diploma.  Height of 0.45 cm. Patient weights 0.1054545454545454 kg. Patient has a history of 0.0432 pack years Patient smokes 0.09 cigarettes a day. Patient smoked for a total of 0.48 years. Patient has a lesion size of 0.0466666666666666 mm. History of previous disease. Patient has BMI of 0.0699569896788607. Patient smokes ciggaretes. Patient lives with a smoker. Patient works with exposure to smokers. Patient has the main cancer located in the right upper lobe. Patient has pneumonia. Female. White. '
WARNING: vision_encoder.blocks.2.1.spatial_block.conv1.fn.dw.weight has NO gradient.

[DEBUG] Multimodal Text Example (Batch): 'Patient is 0.532608695652174 years old. Patient has a 0.1428571428571428 diploma.  Height of 0.575 cm. Patient weights 0.2454545454545454 kg. Patient has a history of 0.05 pack years Patient smokes 0.1 cigarettes a day. Patient smoked for a total of 0.5 years. Patient has a lesion size of 0.09 mm. History of previous disease. Patient has BMI of 0.1141891903386376. Patient lives with a smoker. Patient has the main cancer located in the right upper lobe. Patient has emphysema. Patient has Hypertension. Male. White. '
WARNING: vision_encoder.blocks.2.1.spatial_block.conv1.fn.dw.weight has NO gradient.

[DEBUG] Multimodal Text Example (Batch): 'Patient is 0.4021739130434782 years old. Patient has a 0.5714285714285714 diploma.  Height of 0.725 cm. Patient weights 0.3454545454545454 kg. Patient has a history of 0.084 pack years Patient smokes 0.2 cigarettes a day. Patient smoked for a total of 0.42 years. Patient has a lesion size of 0.06 mm. History of previous disease. Patient has BMI of 0.1273884503972999. Patient smokes cigar. Patient smokes pipe. Patient lives with a smoker. Patient works with exposure to smokers. Patient has the main cancer located in the right upper lobe. Patient worked in farm environment. Patient worked in hard rock mining environment. Patient worked in painting environment. Patient worked in sandblasting environment. Patient worked in welding environment. Patient has Hypertension. Patient has Stroke history. Patient has work related cancer. Male. White. '
WARNING: vision_encoder.blocks.2.1.spatial_block.conv1.fn.dw.weight has NO gradient.

[DEBUG] Multimodal Text Example (Batch): 'Patient is 0.4347826086956521 years old. Patient has a 0.2857142857142857 diploma.  Height of 0.1 cm. Patient weights 0.3127272727272727 kg. Patient has a history of 0.04 pack years Patient smokes 0.1 cigarettes a day. Patient smoked for a total of 0.4 years. Patient has a lesion size of 0.05 mm. History of previous disease. Patient has BMI of 0.2954789404775214. Patient smokes ciggaretes. Patient lives with a smoker. Patient works with exposure to smokers. Patient has the main cancer located in the right lower lobe. Family history of cancer. Female. African-American. sister have lung cancer. '
WARNING: vision_encoder.blocks.2.1.spatial_block.conv1.fn.dw.weight has NO gradient.

[DEBUG] Multimodal Text Example (Batch): 'Patient is 0.5978260869565217 years old. Patient has a 0.4285714285714285 diploma.  Height of 0.475 cm. Patient weights 0.1636363636363636 kg. Patient has a history of 0.057 pack years Patient smokes 0.1 cigarettes a day. Patient smoked for a total of 0.57 years. Patient has a lesion size of 0.1166666666666666 mm. History of previous disease. Patient has BMI of 0.0940428727261553. Patient smokes ciggaretes. Patient lives with a smoker. Patient works with exposure to smokers. Patient has the main cancer located in the right lower lobe. Patient has chronic bronchitis. Patient has diabetes. Family history of cancer. Female. White. brother and father have lung cancer. '
WARNING: vision_encoder.blocks.2.1.spatial_block.conv1.fn.dw.weight has NO gradient.

[DEBUG] Multimodal Text Example (Batch): 'Patient is 0.5108695652173914 years old. Patient has a 0.7142857142857143 diploma.  Height of 0.65 cm. Patient weights 0.3454545454545454 kg. Patient has a history of 0.0765 pack years Patient smokes 0.15 cigarettes a day. Patient smoked for a total of 0.51 years. Patient has a lesion size of 0.1036685288640596 mm. History of previous disease. Patient has BMI of 0.1404599296584136. Patient smokes cigar. Patient smokes pipe. Patient lives with a smoker. Patient works with exposure to smokers. Patient has the main cancer located in the right lower lobe. Patient has diabetes. Male. White. '
WARNING: vision_encoder.blocks.2.1.spatial_block.conv1.fn.dw.weight has NO gradient.
shape xtorch.Size([32, 2])
tensor(0.5540, device='cuda:0')
tensor(-0.7311, device='cuda:0')
shape xtorch.Size([32, 2])
tensor(0.6220, device='cuda:0')
tensor(-0.9203, device='cuda:0')
shape xtorch.Size([32, 2])
tensor(0.5399, device='cuda:0')
tensor(-0.9183, device='cuda:0')
shape xtorch.Size([10, 2])
tensor(0.6451, device='cuda:0')
tensor(-0.7458, device='cuda:0')
shape PREDS: torch.Size([106, 2])
shape time: torch.Size([106])
shape log_hz: torch.Size([106, 106])
shape log_hz_t: torch.Size([106])

==================================================
Stage: VAL
Predicted class distribution: 0s = 14, 1s = 92
Actual label distribution:    0s = 80, 1s = 26
Actual Imbalance Ratio (0:1): 3.08:1
==================================================
✅ Model is predicting both classes.
DEBUG SHAPES: time=(106,), log_hz=(106,), events=(106,)
Cindex TorchSurv: 0.5503581762313843
Cindex Lifelines: 0.5415086388537717
Saved test predictions and probabilities to validation_results_fold_final.csv

[DEBUG] Multimodal Text Example (Batch): 'Patient is 0.5978260869565217 years old. Patient has a 0.7142857142857143 diploma.  Height of 0.375 cm. Patient weights 0.2654545454545454 kg. Patient has a history of 0.047 pack years Patient smokes 0.1 cigarettes a day. Patient smoked for a total of 0.47 years. Patient has a lesion size of 0.07 mm. History of previous disease. Patient has BMI of 0.1640828143777996. Patient lives with a smoker. Patient works with exposure to smokers. Patient has the main cancer located in the right upper lobe. Patient has diabetes. Patient has Hypertension. Female. White. '
WARNING: vision_encoder.blocks.2.1.spatial_block.conv1.fn.dw.weight has NO gradient.

[DEBUG] Multimodal Text Example (Batch): 'Patient is 0.5652173913043478 years old. Patient has a 0.5714285714285714 diploma.  Height of 0.525 cm. Patient weights 0.1454545454545454 kg. Patient has a history of 0.03675 pack years Patient smokes 0.075 cigarettes a day. Patient smoked for a total of 0.49 years. Patient has a lesion size of 0.1 mm. History of previous disease. Patient has BMI of 0.0790573112911541. Patient lives with a smoker. Patient works with exposure to smokers. Patient has the main cancer located in the right upper lobe. Patient has pneumonia. Family history of cancer. Female. White. brother have lung cancer. '
WARNING: vision_encoder.blocks.2.1.spatial_block.conv1.fn.dw.weight has NO gradient.

[DEBUG] Multimodal Text Example (Batch): 'Patient is 0.5869565217391305 years old. Patient has a 0.2857142857142857 diploma.  Height of 0.55 cm. Patient weights 0.1818181818181818 kg. Patient has a history of 0.0855 pack years Patient smokes 0.15 cigarettes a day. Patient smoked for a total of 0.57 years. Patient has a lesion size of 0.0833333333333333 mm. History of previous disease. Patient has BMI of 0.0913999762995439. Patient smokes ciggaretes. Patient lives with a smoker. Patient works with exposure to smokers. Patient has the main cancer located in the right upper lobe. Patient has Hypertension. Male. Asian. '
WARNING: vision_encoder.blocks.2.1.spatial_block.conv1.fn.dw.weight has NO gradient.

[DEBUG] Multimodal Text Example (Batch): 'Patient is 0.5760869565217391 years old. Patient has a 1.0 diploma.  Height of 0.55 cm. Patient weights 0.2181818181818181 kg. Patient has a history of 0.04 pack years Patient smokes 0.1 cigarettes a day. Patient smoked for a total of 0.4 years. Patient has a lesion size of 0.0366666666666666 mm. History of previous disease. Patient has BMI of 0.106798701425291. Patient smokes pipe. Patient lives with a smoker. Patient works with exposure to smokers. Patient has the main cancer located in the left upper lobe. Patient has Hypertension. Family history of cancer. Male. White. mother have lung cancer. '
WARNING: vision_encoder.blocks.2.1.spatial_block.conv1.fn.dw.weight has NO gradient.

[DEBUG] Multimodal Text Example (Batch): 'Patient is 0.4673913043478261 years old. Patient has a 0.7142857142857143 diploma.  Height of 0.425 cm. Patient weights 0.1381818181818181 kg. Patient has a history of 0.0585 pack years Patient smokes 0.15 cigarettes a day. Patient smoked for a total of 0.39 years. Patient has a lesion size of 0.0366666666666666 mm. History of previous disease. Patient has BMI of 0.0891995289240047. Patient smokes ciggaretes. Patient lives with a smoker. Patient has the main cancer located in the left upper lobe. Patient has diabetes. Patient has Hypertension. Family history of cancer. Female. African-American. brother and father and sister have lung cancer. '
WARNING: vision_encoder.blocks.2.1.spatial_block.conv1.fn.dw.weight has NO gradient.

[DEBUG] Multimodal Text Example (Batch): 'Patient is 0.4673913043478261 years old. Patient has a 1.0 diploma.  Height of 0.425 cm. Patient weights 0.1454545454545454 kg. Patient has a history of 0.088 pack years Patient smokes 0.2 cigarettes a day. Patient smoked for a total of 0.44 years. Patient has a lesion size of 0.06 mm. History of previous disease. Patient has BMI of 0.0927960365769432. Patient smokes ciggaretes. Patient lives with a smoker. Patient works with exposure to smokers. Patient has the main cancer located in the left lower lobe. Patient has adult asthma. Patient has Hypertension. Patient has Stroke history. Female. White. '
WARNING: vision_encoder.blocks.2.1.spatial_block.conv1.fn.dw.weight has NO gradient.

[DEBUG] Multimodal Text Example (Batch): 'Patient is 0.5434782608695652 years old. Patient has a 0.7142857142857143 diploma.  Height of 0.65 cm. Patient weights 0.2454545454545454 kg. Patient has a history of 0.072 pack years Patient smokes 0.15 cigarettes a day. Patient smoked for a total of 0.48 years. Patient has a lesion size of 0.0666666666666666 mm. History of previous disease. Patient has BMI of 0.1027504648704614. Patient smokes ciggaretes. Patient smokes pipe. Patient lives with a smoker. Patient works with exposure to smokers. Patient has the main cancer located in the right upper lobe. Patient has heart disease. Male. White. '
WARNING: vision_encoder.blocks.2.1.spatial_block.conv1.fn.dw.weight has NO gradient.

[DEBUG] Multimodal Text Example (Batch): 'Patient is 0.5434782608695652 years old. Patient has a 0.7142857142857143 diploma.  Height of 0.65 cm. Patient weights 0.2454545454545454 kg. Patient has a history of 0.072 pack years Patient smokes 0.15 cigarettes a day. Patient smoked for a total of 0.48 years. Patient has a lesion size of 0.0666666666666666 mm. History of previous disease. Patient has BMI of 0.1027504648704614. Patient smokes ciggaretes. Patient smokes pipe. Patient lives with a smoker. Patient works with exposure to smokers. Patient has the main cancer located in the right upper lobe. Patient has heart disease. Male. White. '
WARNING: vision_encoder.blocks.2.1.spatial_block.conv1.fn.dw.weight has NO gradient.

[DEBUG] Multimodal Text Example (Batch): 'Patient is 0.5543478260869565 years old. Patient has a 0.4285714285714285 diploma.  Height of 0.55 cm. Patient weights 0.2 kg. Patient has a history of 0.0442 pack years Patient smokes 0.085 cigarettes a day. Patient smoked for a total of 0.52 years. Patient has a lesion size of 0.2166666666666666 mm. History of previous disease. Patient has BMI of 0.0990993388624175. Patient smokes cigar. Patient smokes ciggaretes. Patient smokes pipe. Patient lives with a smoker. Patient works with exposure to smokers. Patient has the main cancer located in the right middle lobe. Patient has the main cancer located in the right upper lobe. Patient worked in farm environment. Patient has diabetes. Family history of cancer. Patient has work related cancer. Male. White. brother have lung cancer. '
WARNING: vision_encoder.blocks.2.1.spatial_block.conv1.fn.dw.weight has NO gradient.

[DEBUG] Multimodal Text Example (Batch): 'Patient is 0.5978260869565217 years old. Patient has a 0.4285714285714285 diploma.  Height of 0.475 cm. Patient weights 0.1636363636363636 kg. Patient has a history of 0.057 pack years Patient smokes 0.1 cigarettes a day. Patient smoked for a total of 0.57 years. Patient has a lesion size of 0.1166666666666666 mm. History of previous disease. Patient has BMI of 0.0940428727261553. Patient smokes ciggaretes. Patient lives with a smoker. Patient works with exposure to smokers. Patient has the main cancer located in the right lower lobe. Patient has chronic bronchitis. Patient has diabetes. Family history of cancer. Female. White. brother and father have lung cancer. '
WARNING: vision_encoder.blocks.2.1.spatial_block.conv1.fn.dw.weight has NO gradient.
shape xtorch.Size([32, 2])
tensor(2.1227, device='cuda:0')
tensor(-0.4670, device='cuda:0')
shape xtorch.Size([32, 2])
tensor(2.4904, device='cuda:0')
tensor(-0.9067, device='cuda:0')
shape xtorch.Size([32, 2])
tensor(1.6529, device='cuda:0')
tensor(-0.8624, device='cuda:0')
shape xtorch.Size([10, 2])
tensor(3.2492, device='cuda:0')
tensor(-0.2900, device='cuda:0')
shape PREDS: torch.Size([106, 2])
shape time: torch.Size([106])
shape log_hz: torch.Size([106, 106])
shape log_hz_t: torch.Size([106])

==================================================
Stage: VAL
Predicted class distribution: 0s = 67, 1s = 39
Actual label distribution:    0s = 80, 1s = 26
Actual Imbalance Ratio (0:1): 3.08:1
==================================================
✅ Model is predicting both classes.
DEBUG SHAPES: time=(106,), log_hz=(106,), events=(106,)
Cindex TorchSurv: 0.6409608125686646
Cindex Lifelines: 0.6375895490939739
Saved test predictions and probabilities to validation_results_fold_final.csv

[DEBUG] Multimodal Text Example (Batch): 'Patient is 0.4130434782608695 years old. Patient has a 0.7142857142857143 diploma.  Height of 0.55 cm. Patient weights 0.2 kg. Patient has a history of 0.086 pack years Patient smokes 0.2 cigarettes a day. Patient smoked for a total of 0.43 years. Patient has a lesion size of 0.1036685288640596 mm. History of previous disease. Patient has BMI of 0.0990993388624175. Patient smokes cigar. Patient smokes ciggaretes. Patient lives with a smoker. Patient works with exposure to smokers. Patient has the main cancer located in the right upper lobe. Patient has Hypertension. Patient has pneumonia. Female. White. '
WARNING: vision_encoder.blocks.2.1.spatial_block.conv1.fn.dw.weight has NO gradient.

[DEBUG] Multimodal Text Example (Batch): 'Patient is 0.6086956521739131 years old. Patient has a 0.7142857142857143 diploma.  Height of 0.425 cm. Patient weights 0.2509090909090909 kg. Patient has a history of 0.075 pack years Patient smokes 0.25 cigarettes a day. Patient smoked for a total of 0.3 years. Patient has a lesion size of 0.0933333333333333 mm. History of previous disease. Patient has BMI of 0.1449453975445522. Patient lives with a smoker. Patient has the main cancer located in the right lower lobe. Patient has COPD. Patient has diabetes. Patient has emphysema. Patient has heart disease. Patient has Hypertension. Patient has pneumonia. Female. White. '
WARNING: vision_encoder.blocks.2.1.spatial_block.conv1.fn.dw.weight has NO gradient.

[DEBUG] Multimodal Text Example (Batch): 'Patient is 0.5434782608695652 years old. Patient has a 0.7142857142857143 diploma.  Height of 0.65 cm. Patient weights 0.2454545454545454 kg. Patient has a history of 0.072 pack years Patient smokes 0.15 cigarettes a day. Patient smoked for a total of 0.48 years. Patient has a lesion size of 0.0666666666666666 mm. History of previous disease. Patient has BMI of 0.1027504648704614. Patient smokes ciggaretes. Patient smokes pipe. Patient lives with a smoker. Patient works with exposure to smokers. Patient has the main cancer located in the right upper lobe. Patient has heart disease. Male. White. '
WARNING: vision_encoder.blocks.2.1.spatial_block.conv1.fn.dw.weight has NO gradient.

[DEBUG] Multimodal Text Example (Batch): 'Patient is 0.5760869565217391 years old. Patient has a 0.4285714285714285 diploma.  Height of 0.6 cm. Patient weights 0.2327272727272727 kg. Patient has a history of 0.102 pack years Patient smokes 0.2 cigarettes a day. Patient smoked for a total of 0.51 years. Patient has a lesion size of 0.0633333333333333 mm. History of previous disease. Patient has BMI of 0.1051284847365837. Patient smokes cigar. Patient smokes pipe. Patient lives with a smoker. Patient has the main cancer located in the left lower lobe. Patient has Hypertension. Patient diagnosed with bladder cancer. History of previous cancer. Family history of cancer. Male. White. sister have lung cancer. '
WARNING: vision_encoder.blocks.2.1.spatial_block.conv1.fn.dw.weight has NO gradient.

[DEBUG] Multimodal Text Example (Batch): 'Patient is 0.5869565217391305 years old. Patient has a 0.5714285714285714 diploma.  Height of 0.65 cm. Patient weights 0.2272727272727272 kg. Patient has a history of 0.056 pack years Patient smokes 0.1 cigarettes a day. Patient smoked for a total of 0.56 years. Patient has a lesion size of 0.2 mm. History of previous disease. Patient has BMI of 0.0958941985453792. Patient smokes ciggaretes. Patient lives with a smoker. Patient works with exposure to smokers. Patient has the main cancer located in the left lower lobe. Patient worked in farm environment. Patient worked in steel milling environment. Patient worked in painting environment. Patient has COPD. Patient has pneumonia. Patient has work related cancer. Male. White. '
WARNING: vision_encoder.blocks.2.1.spatial_block.conv1.fn.dw.weight has NO gradient.

[DEBUG] Multimodal Text Example (Batch): 'Patient is 0.4565217391304347 years old. Patient has a 0.5714285714285714 diploma.  Height of 0.525 cm. Patient weights 0.2363636363636363 kg. Patient has a history of 0.088 pack years Patient smokes 0.2 cigarettes a day. Patient smoked for a total of 0.44 years. Patient has a lesion size of 0.0666666666666666 mm. History of previous disease. Patient has BMI of 0.118729531842967. Patient smokes ciggaretes. Patient lives with a smoker. Patient works with exposure to smokers. Patient has the main cancer located in the right upper lobe. Patient has Hypertension. Patient has pneumonia. Patient diagnosed with cervical cancer. History of previous cancer. Family history of cancer. Female. White. child and father and sister have lung cancer. '
WARNING: vision_encoder.blocks.2.1.spatial_block.conv1.fn.dw.weight has NO gradient.

[DEBUG] Multimodal Text Example (Batch): 'Patient is 0.4239130434782608 years old. Patient has a 0.7142857142857143 diploma.  Height of 0.425 cm. Patient weights 0.2018181818181818 kg. Patient has a history of 0.043 pack years Patient smokes 0.1 cigarettes a day. Patient smoked for a total of 0.43 years. Patient has a lesion size of 0.1333333333333333 mm. History of previous disease. Patient has BMI of 0.1206689708872169. Patient smokes ciggaretes. Patient lives with a smoker. Patient works with exposure to smokers. Patient has the main cancer located in the left lower lobe. Patient has diabetes. Patient has emphysema. Patient has Hypertension. Female. White. '
WARNING: vision_encoder.blocks.2.1.spatial_block.conv1.fn.dw.weight has NO gradient.

[DEBUG] Multimodal Text Example (Batch): 'Patient is 0.4673913043478261 years old. Patient has a 1.0 diploma.  Height of 0.425 cm. Patient weights 0.1290909090909091 kg. Patient has a history of 0.034 pack years Patient smokes 0.1 cigarettes a day. Patient smoked for a total of 0.34 years. Patient has a lesion size of 0.0266666666666666 mm. History of previous disease. Patient has BMI of 0.0847038943578315. Patient lives with a smoker. Patient has the main cancer located in the left upper lobe. Female. White. '
WARNING: vision_encoder.blocks.2.1.spatial_block.conv1.fn.dw.weight has NO gradient.

[DEBUG] Multimodal Text Example (Batch): 'Patient is 0.5978260869565217 years old. Patient has a 0.4285714285714285 diploma.  Height of 0.475 cm. Patient weights 0.1636363636363636 kg. Patient has a history of 0.057 pack years Patient smokes 0.1 cigarettes a day. Patient smoked for a total of 0.57 years. Patient has a lesion size of 0.1166666666666666 mm. History of previous disease. Patient has BMI of 0.0940428727261553. Patient smokes ciggaretes. Patient lives with a smoker. Patient works with exposure to smokers. Patient has the main cancer located in the right lower lobe. Patient has chronic bronchitis. Patient has diabetes. Family history of cancer. Female. White. brother and father have lung cancer. '
WARNING: vision_encoder.blocks.2.1.spatial_block.conv1.fn.dw.weight has NO gradient.

[DEBUG] Multimodal Text Example (Batch): 'Patient is 0.4130434782608695 years old. Patient has a 0.7142857142857143 diploma.  Height of 0.55 cm. Patient weights 0.2 kg. Patient has a history of 0.086 pack years Patient smokes 0.2 cigarettes a day. Patient smoked for a total of 0.43 years. Patient has a lesion size of 0.1036685288640596 mm. History of previous disease. Patient has BMI of 0.0990993388624175. Patient smokes cigar. Patient smokes ciggaretes. Patient lives with a smoker. Patient works with exposure to smokers. Patient has the main cancer located in the right upper lobe. Patient has Hypertension. Patient has pneumonia. Female. White. '
WARNING: vision_encoder.blocks.2.1.spatial_block.conv1.fn.dw.weight has NO gradient.
shape xtorch.Size([32, 2])
tensor(4.4204, device='cuda:0')
tensor(0.5189, device='cuda:0')
shape xtorch.Size([32, 2])
tensor(6.0248, device='cuda:0')
tensor(-0.3378, device='cuda:0')
shape xtorch.Size([32, 2])
tensor(5.2430, device='cuda:0')
tensor(-0.4856, device='cuda:0')
shape xtorch.Size([10, 2])
tensor(6.4843, device='cuda:0')
tensor(1.0424, device='cuda:0')
shape PREDS: torch.Size([106, 2])
shape time: torch.Size([106])
shape log_hz: torch.Size([106, 106])
shape log_hz_t: torch.Size([106])

==================================================
Stage: VAL
Predicted class distribution: 0s = 102, 1s = 4
Actual label distribution:    0s = 80, 1s = 26
Actual Imbalance Ratio (0:1): 3.08:1
==================================================
✅ Model is predicting both classes.
DEBUG SHAPES: time=(106,), log_hz=(106,), events=(106,)
Cindex TorchSurv: 0.5878634452819824
Cindex Lifelines: 0.5870206489675516
Saved test predictions and probabilities to validation_results_fold_final.csv

[DEBUG] Multimodal Text Example (Batch): 'Patient is 0.5869565217391305 years old. Patient has a 0.7142857142857143 diploma.  Height of 0.425 cm. Patient weights 0.1272727272727272 kg. Patient has a history of 0.081 pack years Patient smokes 0.15 cigarettes a day. Patient smoked for a total of 0.54 years. Patient has a lesion size of 0.0733333333333333 mm. History of previous disease. Patient has BMI of 0.0838047674445968. Patient smokes ciggaretes. Patient lives with a smoker. Patient works with exposure to smokers. Patient has the main cancer located in the right upper lobe. Patient has COPD. Patient has Hypertension. Family history of cancer. Female. White. brother have lung cancer. '
WARNING: vision_encoder.blocks.2.1.spatial_block.conv1.fn.dw.weight has NO gradient.

[DEBUG] Multimodal Text Example (Batch): 'Patient is 0.4456521739130434 years old. Patient has a 0.7142857142857143 diploma.  Height of 0.65 cm. Patient weights 0.2327272727272727 kg. Patient has a history of 0.0495 pack years Patient smokes 0.11 cigarettes a day. Patient smoked for a total of 0.45 years. Patient has a lesion size of 0.0666666666666666 mm. History of previous disease. Patient has BMI of 0.0979510784429038. Patient smokes cigar. Patient smokes ciggaretes. Patient smokes pipe. Patient lives with a smoker. Patient works with exposure to smokers. Patient has the main cancer located in the left lower lobe. Patient has heart disease. Patient has pneumonia. Male. White. '
WARNING: vision_encoder.blocks.2.1.spatial_block.conv1.fn.dw.weight has NO gradient.

[DEBUG] Multimodal Text Example (Batch): 'Patient is 0.5760869565217391 years old. Patient has a 0.4285714285714285 diploma.  Height of 0.7 cm. Patient weights 0.2909090909090909 kg. Patient has a history of 0.045 pack years Patient smokes 0.1 cigarettes a day. Patient smoked for a total of 0.45 years. Patient has a lesion size of 0.1 mm. History of previous disease. Patient has BMI of 0.1121098023412459. Patient smokes ciggaretes. Patient smokes pipe. Patient lives with a smoker. Patient works with exposure to smokers. Patient has the main cancer located in the right upper lobe. Patient worked in fire fighting environment. Patient worked in steel milling environment. Patient worked in hard rock mining environment. Patient has work related cancer. Male. White. '
WARNING: vision_encoder.blocks.2.1.spatial_block.conv1.fn.dw.weight has NO gradient.

[DEBUG] Multimodal Text Example (Batch): 'Patient is 0.5543478260869565 years old. Patient has a 0.8571428571428571 diploma.  Height of 0.625 cm. Patient weights 0.2327272727272727 kg. Patient has a history of 0.056 pack years Patient smokes 0.1 cigarettes a day. Patient smoked for a total of 0.56 years. Patient has a lesion size of 0.0666666666666666 mm. History of previous disease. Patient has BMI of 0.1014628860393714. Patient smokes ciggaretes. Patient lives with a smoker. Patient works with exposure to smokers. Patient has the main cancer located in the right upper lobe. Patient has Hypertension. Patient has pneumonia. Family history of cancer. Male. White. father have lung cancer. '
WARNING: vision_encoder.blocks.2.1.spatial_block.conv1.fn.dw.weight has NO gradient.

[DEBUG] Multimodal Text Example (Batch): 'Patient is 0.6086956521739131 years old. Patient has a 0.7142857142857143 diploma.  Height of 0.425 cm. Patient weights 0.2509090909090909 kg. Patient has a history of 0.075 pack years Patient smokes 0.25 cigarettes a day. Patient smoked for a total of 0.3 years. Patient has a lesion size of 0.0933333333333333 mm. History of previous disease. Patient has BMI of 0.1449453975445522. Patient lives with a smoker. Patient has the main cancer located in the right lower lobe. Patient has COPD. Patient has diabetes. Patient has emphysema. Patient has heart disease. Patient has Hypertension. Patient has pneumonia. Female. White. '
WARNING: vision_encoder.blocks.2.1.spatial_block.conv1.fn.dw.weight has NO gradient.

[DEBUG] Multimodal Text Example (Batch): 'Patient is 0.4239130434782608 years old. Patient has a 0.2857142857142857 diploma.  Height of 0.675 cm. Patient weights 0.2636363636363636 kg. Patient has a history of 0.034 pack years Patient smokes 0.1 cigarettes a day. Patient smoked for a total of 0.34 years. Patient has a lesion size of 0.0433333333333333 mm. History of previous disease. Patient has BMI of 0.1059187106231108. Patient smokes cigar. Patient smokes pipe. Patient lives with a smoker. Patient works with exposure to smokers. Patient has the main cancer located in the left lower lobe. Male. White. '
WARNING: vision_encoder.blocks.2.1.spatial_block.conv1.fn.dw.weight has NO gradient.

[DEBUG] Multimodal Text Example (Batch): 'Patient is 0.6086956521739131 years old. Patient has a 0.1428571428571428 diploma.  Height of 0.35 cm. Patient weights 0.1309090909090909 kg. Patient has a history of 0.046 pack years Patient smokes 0.1 cigarettes a day. Patient smoked for a total of 0.46 years. Patient has a lesion size of 0.08 mm. History of previous disease. Patient has BMI of 0.0970418993174635. Patient smokes cigar. Patient works with exposure to smokers. Patient has the main cancer located in the left upper lobe. Patient diagnosed with oral cancer. History of previous cancer. Female. White. '
WARNING: vision_encoder.blocks.2.1.spatial_block.conv1.fn.dw.weight has NO gradient.

[DEBUG] Multimodal Text Example (Batch): 'Patient is 0.5108695652173914 years old. Patient has a 0.8571428571428571 diploma.  Height of 0.75 cm. Patient weights 0.4181818181818181 kg. Patient has a history of 0.04 pack years Patient smokes 0.1 cigarettes a day. Patient smoked for a total of 0.4 years. Patient has a lesion size of 0.0666666666666666 mm. History of previous disease. Patient has BMI of 0.1479536763902545. Patient smokes ciggaretes. Patient smokes pipe. Patient lives with a smoker. Patient works with exposure to smokers. Patient has the main cancer located in the right middle lobe. Male. White. '
WARNING: vision_encoder.blocks.2.1.spatial_block.conv1.fn.dw.weight has NO gradient.

[DEBUG] Multimodal Text Example (Batch): 'Patient is 0.4782608695652174 years old. Patient has a 0.4285714285714285 diploma.  Height of 0.475 cm. Patient weights 0.1545454545454545 kg. Patient has a history of 0.10575 pack years Patient smokes 0.225 cigarettes a day. Patient smoked for a total of 0.47 years. Patient has a lesion size of 0.06 mm. History of previous disease. Patient has BMI of 0.0898238250522369. Patient smokes cigar. Patient smokes ciggaretes. Patient smokes pipe. Patient lives with a smoker. Patient works with exposure to smokers. Patient has the main cancer located in the right upper lobe. Patient worked in asbestos environment. Patient worked in farm environment. Patient has bronchiectasis. Patient has COPD. Patient has Hypertension. Patient has work related cancer. Female. White. '
WARNING: vision_encoder.blocks.2.1.spatial_block.conv1.fn.dw.weight has NO gradient.

[DEBUG] Multimodal Text Example (Batch): 'Patient is 0.5543478260869565 years old. Patient has a 0.4285714285714285 diploma.  Height of 0.65 cm. Patient weights 0.2636363636363636 kg. Patient has a history of 0.038 pack years Patient smokes 0.1 cigarettes a day. Patient smoked for a total of 0.38 years. Patient has a lesion size of 0.0766666666666666 mm. History of previous disease. Patient has BMI of 0.1096067311955436. Patient smokes pipe. Patient lives with a smoker. Patient works with exposure to smokers. Patient has the main cancer located in the right lower lobe. Patient has Hypertension. Male. White. '
WARNING: vision_encoder.blocks.2.1.spatial_block.conv1.fn.dw.weight has NO gradient.
shape xtorch.Size([32, 2])
tensor(6.4755, device='cuda:0')
tensor(-0.5607, device='cuda:0')
shape xtorch.Size([32, 2])
tensor(6.8370, device='cuda:0')
tensor(-0.9198, device='cuda:0')
shape xtorch.Size([32, 2])
tensor(6.9068, device='cuda:0')
tensor(-0.8124, device='cuda:0')
shape xtorch.Size([10, 2])
tensor(6.9883, device='cuda:0')
tensor(-0.3141, device='cuda:0')
shape PREDS: torch.Size([106, 2])
shape time: torch.Size([106])
shape log_hz: torch.Size([106, 106])
shape log_hz_t: torch.Size([106])

==================================================
Stage: VAL
Predicted class distribution: 0s = 83, 1s = 23
Actual label distribution:    0s = 80, 1s = 26
Actual Imbalance Ratio (0:1): 3.08:1
==================================================
✅ Model is predicting both classes.
DEBUG SHAPES: time=(106,), log_hz=(106,), events=(106,)
Cindex TorchSurv: 0.5495153665542603
Cindex Lifelines: 0.5474083438685209
Saved test predictions and probabilities to validation_results_fold_final.csv

[DEBUG] Multimodal Text Example (Batch): 'Patient is 0.4565217391304347 years old. Patient has a 0.8571428571428571 diploma.  Height of 0.725 cm. Patient weights 0.2818181818181818 kg. Patient has a history of 0.054 pack years Patient smokes 0.15 cigarettes a day. Patient smoked for a total of 0.36 years. Patient has a lesion size of 0.0533333333333333 mm. History of previous disease. Patient has BMI of 0.1052977756517579. Patient lives with a smoker. Patient works with exposure to smokers. Patient has the main cancer located in the left upper lobe. Patient worked in farm environment. Family history of cancer. Patient has work related cancer. Male. White. sister have lung cancer. '
WARNING: vision_encoder.blocks.2.1.spatial_block.conv1.fn.dw.weight has NO gradient.

[DEBUG] Multimodal Text Example (Batch): 'Patient is 0.4782608695652174 years old. Patient has a 0.8571428571428571 diploma.  Height of 0.625 cm. Patient weights 0.2690909090909091 kg. Patient has a history of 0.046 pack years Patient smokes 0.1 cigarettes a day. Patient smoked for a total of 0.46 years. Patient has a lesion size of 0.0566666666666666 mm. History of previous disease. Patient has BMI of 0.1155700038127345. Patient smokes ciggaretes. Patient lives with a smoker. Patient works with exposure to smokers. Patient has the main cancer located in the left upper lobe. Male. White. '
WARNING: vision_encoder.blocks.2.1.spatial_block.conv1.fn.dw.weight has NO gradient.

[DEBUG] Multimodal Text Example (Batch): 'Patient is 0.6086956521739131 years old. Patient has a 0.7142857142857143 diploma.  Height of 0.425 cm. Patient weights 0.2509090909090909 kg. Patient has a history of 0.075 pack years Patient smokes 0.25 cigarettes a day. Patient smoked for a total of 0.3 years. Patient has a lesion size of 0.0933333333333333 mm. History of previous disease. Patient has BMI of 0.1449453975445522. Patient lives with a smoker. Patient has the main cancer located in the right lower lobe. Patient has COPD. Patient has diabetes. Patient has emphysema. Patient has heart disease. Patient has Hypertension. Patient has pneumonia. Female. White. '
WARNING: vision_encoder.blocks.2.1.spatial_block.conv1.fn.dw.weight has NO gradient.

[DEBUG] Multimodal Text Example (Batch): 'Patient is 0.4891304347826087 years old. Patient has a 0.8571428571428571 diploma.  Height of 0.45 cm. Patient weights 0.1054545454545454 kg. Patient has a history of 0.0432 pack years Patient smokes 0.09 cigarettes a day. Patient smoked for a total of 0.48 years. Patient has a lesion size of 0.0466666666666666 mm. History of previous disease. Patient has BMI of 0.0699569896788607. Patient smokes ciggaretes. Patient lives with a smoker. Patient works with exposure to smokers. Patient has the main cancer located in the right upper lobe. Patient has pneumonia. Female. White. '
WARNING: vision_encoder.blocks.2.1.spatial_block.conv1.fn.dw.weight has NO gradient.

[DEBUG] Multimodal Text Example (Batch): 'Patient is 0.5 years old. Patient has a 0.7142857142857143 diploma.  Height of 0.6 cm. Patient weights 0.3545454545454545 kg. Patient has a history of 0.117 pack years Patient smokes 0.3 cigarettes a day. Patient smoked for a total of 0.39 years. Patient has a lesion size of 0.0366666666666666 mm. History of previous disease. Patient has BMI of 0.1537670771015814. Patient smokes pipe. Patient works with exposure to smokers. Patient has the main cancer located in the right upper lobe. Male. White. '
WARNING: vision_encoder.blocks.2.1.spatial_block.conv1.fn.dw.weight has NO gradient.

[DEBUG] Multimodal Text Example (Batch): 'Patient is 0.4456521739130434 years old. Patient has a 0.8571428571428571 diploma.  Height of 0.5 cm. Patient weights 0.2181818181818181 kg. Patient has a history of 0.046 pack years Patient smokes 0.1 cigarettes a day. Patient smoked for a total of 0.46 years. Patient has a lesion size of 0.04 mm. History of previous disease. Patient has BMI of 0.1149773379181139. Patient smokes ciggaretes. Patient works with exposure to smokers. Patient has the main cancer located in the left upper lobe. Patient has Hypertension. Patient has pneumonia. Family history of cancer. Female. White. brother have lung cancer. '
WARNING: vision_encoder.blocks.2.1.spatial_block.conv1.fn.dw.weight has NO gradient.

[DEBUG] Multimodal Text Example (Batch): 'Patient is 0.4347826086956521 years old. Patient has a 0.8571428571428571 diploma.  Height of 0.5 cm. Patient weights 0.18 kg. Patient has a history of 0.049 pack years Patient smokes 0.1 cigarettes a day. Patient smoked for a total of 0.49 years. Patient has a lesion size of 0.05 mm. History of previous disease. Patient has BMI of 0.0977983743810837. Patient smokes cigar. Patient smokes ciggaretes. Patient smokes pipe. Patient lives with a smoker. Patient works with exposure to smokers. Patient has the main cancer located in the right lower lobe. Patient worked in chemical environment. Patient worked in steel milling environment. Patient worked in welding environment. Patient has heart disease. Patient has Hypertension. Patient has work related cancer. Male. African-American. '
WARNING: vision_encoder.blocks.2.1.spatial_block.conv1.fn.dw.weight has NO gradient.

[DEBUG] Multimodal Text Example (Batch): 'Patient is 0.5869565217391305 years old. Patient has a 0.2857142857142857 diploma.  Height of 0.55 cm. Patient weights 0.1818181818181818 kg. Patient has a history of 0.0855 pack years Patient smokes 0.15 cigarettes a day. Patient smoked for a total of 0.57 years. Patient has a lesion size of 0.0833333333333333 mm. History of previous disease. Patient has BMI of 0.0913999762995439. Patient smokes ciggaretes. Patient lives with a smoker. Patient works with exposure to smokers. Patient has the main cancer located in the right upper lobe. Patient has Hypertension. Male. Asian. '
WARNING: vision_encoder.blocks.2.1.spatial_block.conv1.fn.dw.weight has NO gradient.

[DEBUG] Multimodal Text Example (Batch): 'Patient is 0.5108695652173914 years old. Patient has a 0.7142857142857143 diploma.  Height of 0.575 cm. Patient weights 0.2527272727272727 kg. Patient has a history of 0.094 pack years Patient smokes 0.2 cigarettes a day. Patient smoked for a total of 0.47 years. Patient has a lesion size of 0.0566666666666666 mm. History of previous disease. Patient has BMI of 0.117179020662577. Patient lives with a smoker. Patient works with exposure to smokers. Patient has the main cancer located in the right upper lobe. Patient has Hypertension. Patient has sarcoidosis. Male. White. '
WARNING: vision_encoder.blocks.2.1.spatial_block.conv1.fn.dw.weight has NO gradient.

[DEBUG] Multimodal Text Example (Batch): 'Patient is 0.4347826086956521 years old. Patient has a 0.7142857142857143 diploma.  Height of 0.625 cm. Patient weights 0.1909090909090909 kg. Patient has a history of 0.039 pack years Patient smokes 0.1 cigarettes a day. Patient smoked for a total of 0.39 years. Patient has a lesion size of 0.03 mm. History of previous disease. Patient has BMI of 0.0852397006000039. Patient smokes ciggaretes. Patient lives with a smoker. Patient works with exposure to smokers. Patient has the main cancer located in the left upper lobe. Patient worked in asbestos environment. Family history of cancer. Patient has work related cancer. Male. White. brother and father have lung cancer. '
WARNING: vision_encoder.blocks.2.1.spatial_block.conv1.fn.dw.weight has NO gradient.
shape xtorch.Size([32, 2])
tensor(0.0479, device='cuda:0')
tensor(-1.1652, device='cuda:0')
shape xtorch.Size([32, 2])
tensor(0.0569, device='cuda:0')
tensor(-1.1639, device='cuda:0')
shape xtorch.Size([32, 2])
tensor(0.0285, device='cuda:0')
tensor(-1.1751, device='cuda:0')
shape xtorch.Size([10, 2])
tensor(0.0452, device='cuda:0')
tensor(-1.0846, device='cuda:0')
shape PREDS: torch.Size([106, 2])
shape time: torch.Size([106])
shape log_hz: torch.Size([106, 106])
shape log_hz_t: torch.Size([106])

==================================================
Stage: VAL
Predicted class distribution: 0s = 0, 1s = 106
Actual label distribution:    0s = 80, 1s = 26
Actual Imbalance Ratio (0:1): 3.08:1
==================================================
⚠️ Model is predicting only class 1 (minority class). It is ignoring the majority class!
DEBUG SHAPES: time=(106,), log_hz=(106,), events=(106,)
Cindex TorchSurv: 0.5288664102554321
Cindex Lifelines: 0.5309734513274337
Saved test predictions and probabilities to validation_results_fold_final.csv

[DEBUG] Multimodal Text Example (Batch): 'Patient is 0.4130434782608695 years old. Patient has a 0.8571428571428571 diploma.  Height of 0.65 cm. Patient weights 0.3181818181818182 kg. Patient has a history of 0.035 pack years Patient smokes 0.1 cigarettes a day. Patient smoked for a total of 0.35 years. Patient has a lesion size of 0.0333333333333333 mm. History of previous disease. Patient has BMI of 0.1301755301707902. Patient smokes ciggaretes. Patient lives with a smoker. Patient works with exposure to smokers. Patient has the main cancer located in the right upper lobe. Patient has diabetes. Male. White. '
WARNING: vision_encoder.blocks.2.1.spatial_block.conv1.fn.dw.weight has NO gradient.

[DEBUG] Multimodal Text Example (Batch): 'Patient is 0.5652173913043478 years old. Patient has a 0.5714285714285714 diploma.  Height of 0.525 cm. Patient weights 0.1454545454545454 kg. Patient has a history of 0.03675 pack years Patient smokes 0.075 cigarettes a day. Patient smoked for a total of 0.49 years. Patient has a lesion size of 0.1 mm. History of previous disease. Patient has BMI of 0.0790573112911541. Patient lives with a smoker. Patient works with exposure to smokers. Patient has the main cancer located in the right upper lobe. Patient has pneumonia. Family history of cancer. Female. White. brother have lung cancer. '
WARNING: vision_encoder.blocks.2.1.spatial_block.conv1.fn.dw.weight has NO gradient.

[DEBUG] Multimodal Text Example (Batch): 'Patient is 0.5434782608695652 years old. Patient has a 0.4285714285714285 diploma.  Height of 0.525 cm. Patient weights 0.3 kg. Patient has a history of 0.0495 pack years Patient smokes 0.15 cigarettes a day. Patient smoked for a total of 0.33 years. Patient has a lesion size of 0.1333333333333333 mm. History of previous disease. Patient has BMI of 0.1465000862292361. Patient smokes cigar. Patient smokes pipe. Patient lives with a smoker. Patient works with exposure to smokers. Patient has the main cancer located in the left lower lobe. Patient worked in asbestos environment. Patient worked in farm environment. Patient worked in fire fighting environment. Patient worked in steel milling environment. Patient worked in welding environment. Patient has COPD. Patient has diabetes. Patient has emphysema. Patient has Hypertension. Family history of cancer. Patient has work related cancer. Male. White. brother have lung cancer. '
WARNING: vision_encoder.blocks.2.1.spatial_block.conv1.fn.dw.weight has NO gradient.

[DEBUG] Multimodal Text Example (Batch): 'Patient is 0.6086956521739131 years old. Patient has a 0.5714285714285714 diploma.  Height of 0.775 cm. Patient weights 0.4272727272727272 kg. Patient has a history of 0.042 pack years Patient smokes 0.1 cigarettes a day. Patient smoked for a total of 0.42 years. Patient has a lesion size of 0.0666666666666666 mm. History of previous disease. Patient has BMI of 0.1464478859390363. Patient smokes cigar. Patient smokes pipe. Patient lives with a smoker. Patient works with exposure to smokers. Patient has the main cancer located in the right middle lobe. Patient has Hypertension. Family history of cancer. Male. White. father have lung cancer. '
WARNING: vision_encoder.blocks.2.1.spatial_block.conv1.fn.dw.weight has NO gradient.

[DEBUG] Multimodal Text Example (Batch): 'Patient is 0.5 years old. Patient has a 0.8571428571428571 diploma.  Height of 0.65 cm. Patient weights 0.2272727272727272 kg. Patient has a history of 0.049 pack years Patient smokes 0.1 cigarettes a day. Patient smoked for a total of 0.49 years. Patient has a lesion size of 0.0933333333333333 mm. History of previous disease. Patient has BMI of 0.0958941985453792. Patient smokes ciggaretes. Patient lives with a smoker. Patient works with exposure to smokers. Patient has the main cancer located in the right lower lobe. Patient has Hypertension. Male. White. '
WARNING: vision_encoder.blocks.2.1.spatial_block.conv1.fn.dw.weight has NO gradient.

[DEBUG] Multimodal Text Example (Batch): 'Patient is 0.4347826086956521 years old. Patient has a 0.7142857142857143 diploma.  Height of 0.675 cm. Patient weights 0.26 kg. Patient has a history of 0.0425 pack years Patient smokes 0.125 cigarettes a day. Patient smoked for a total of 0.34 years. Patient has a lesion size of 0.05 mm. History of previous disease. Patient has BMI of 0.1045852832101193. Patient works with exposure to smokers. Patient has the main cancer located in the right lower lobe. Patient worked in fire fighting environment. Patient has adult asthma. Patient has emphysema. Patient has Hypertension. Patient has work related cancer. Male. White. '
WARNING: vision_encoder.blocks.2.1.spatial_block.conv1.fn.dw.weight has NO gradient.

[DEBUG] Multimodal Text Example (Batch): 'Patient is 0.4130434782608695 years old. Patient has a 0.4285714285714285 diploma.  Height of 0.525 cm. Patient weights 0.1563636363636363 kg. Patient has a history of 0.035 pack years Patient smokes 0.1 cigarettes a day. Patient smoked for a total of 0.35 years. Patient has a lesion size of 0.1166666666666666 mm. History of previous disease. Patient has BMI of 0.0838179777573716. Patient smokes ciggaretes. Patient lives with a smoker. Patient works with exposure to smokers. Patient has the main cancer located in the left lower lobe. Patient worked in chemical environment. Family history of cancer. Patient has work related cancer. Female. White. sister have lung cancer. '
WARNING: vision_encoder.blocks.2.1.spatial_block.conv1.fn.dw.weight has NO gradient.

[DEBUG] Multimodal Text Example (Batch): 'Patient is 0.5543478260869565 years old. Patient has a 0.8571428571428571 diploma.  Height of 0.625 cm. Patient weights 0.2327272727272727 kg. Patient has a history of 0.056 pack years Patient smokes 0.1 cigarettes a day. Patient smoked for a total of 0.56 years. Patient has a lesion size of 0.0666666666666666 mm. History of previous disease. Patient has BMI of 0.1014628860393714. Patient smokes ciggaretes. Patient lives with a smoker. Patient works with exposure to smokers. Patient has the main cancer located in the right upper lobe. Patient has Hypertension. Patient has pneumonia. Family history of cancer. Male. White. father have lung cancer. '
WARNING: vision_encoder.blocks.2.1.spatial_block.conv1.fn.dw.weight has NO gradient.

[DEBUG] Multimodal Text Example (Batch): 'Patient is 0.4673913043478261 years old. Patient has a 1.0 diploma.  Height of 0.425 cm. Patient weights 0.1290909090909091 kg. Patient has a history of 0.034 pack years Patient smokes 0.1 cigarettes a day. Patient smoked for a total of 0.34 years. Patient has a lesion size of 0.0266666666666666 mm. History of previous disease. Patient has BMI of 0.0847038943578315. Patient lives with a smoker. Patient has the main cancer located in the left upper lobe. Female. White. '
WARNING: vision_encoder.blocks.2.1.spatial_block.conv1.fn.dw.weight has NO gradient.

[DEBUG] Multimodal Text Example (Batch): 'Patient is 0.5869565217391305 years old. Patient has a 0.4285714285714285 diploma.  Height of 0.675 cm. Patient weights 0.2727272727272727 kg. Patient has a history of 0.04875 pack years Patient smokes 0.125 cigarettes a day. Patient smoked for a total of 0.39 years. Patient has a lesion size of 0.0833333333333333 mm. History of previous disease. Patient has BMI of 0.1092522791555895. Patient smokes cigar. Patient smokes pipe. Patient works with exposure to smokers. Patient has the main cancer located in the left upper lobe. Patient worked in coal environment. Patient worked in farm environment. Patient worked in welding environment. Patient has diabetes. Patient has heart disease. Patient has work related cancer. Male. White. '
WARNING: vision_encoder.blocks.2.1.spatial_block.conv1.fn.dw.weight has NO gradient.
shape xtorch.Size([32, 2])
tensor(0.4331, device='cuda:0')
tensor(-0.1436, device='cuda:0')
shape xtorch.Size([32, 2])
tensor(0.4826, device='cuda:0')
tensor(-0.2401, device='cuda:0')
shape xtorch.Size([32, 2])
tensor(0.4132, device='cuda:0')
tensor(-0.1321, device='cuda:0')
shape xtorch.Size([10, 2])
tensor(0.4896, device='cuda:0')
tensor(-0.1633, device='cuda:0')
shape PREDS: torch.Size([106, 2])
shape time: torch.Size([106])
shape log_hz: torch.Size([106, 106])
shape log_hz_t: torch.Size([106])

==================================================
Stage: VAL
Predicted class distribution: 0s = 35, 1s = 71
Actual label distribution:    0s = 80, 1s = 26
Actual Imbalance Ratio (0:1): 3.08:1
==================================================
✅ Model is predicting both classes.
DEBUG SHAPES: time=(106,), log_hz=(106,), events=(106,)
Cindex TorchSurv: 0.49852508306503296
Cindex Lifelines: 0.49852507374631266
Saved test predictions and probabilities to validation_results_fold_final.csv

[DEBUG] Multimodal Text Example (Batch): 'Patient is 0.6086956521739131 years old. Patient has a 0.5714285714285714 diploma.  Height of 0.775 cm. Patient weights 0.4272727272727272 kg. Patient has a history of 0.042 pack years Patient smokes 0.1 cigarettes a day. Patient smoked for a total of 0.42 years. Patient has a lesion size of 0.0666666666666666 mm. History of previous disease. Patient has BMI of 0.1464478859390363. Patient smokes cigar. Patient smokes pipe. Patient lives with a smoker. Patient works with exposure to smokers. Patient has the main cancer located in the right middle lobe. Patient has Hypertension. Family history of cancer. Male. White. father have lung cancer. '
WARNING: vision_encoder.blocks.2.1.spatial_block.conv1.fn.dw.weight has NO gradient.

[DEBUG] Multimodal Text Example (Batch): 'Patient is 0.4456521739130434 years old. Patient has a 0.8571428571428571 diploma.  Height of 0.625 cm. Patient weights 0.2872727272727273 kg. Patient has a history of 0.043 pack years Patient smokes 0.1 cigarettes a day. Patient smoked for a total of 0.43 years. Patient has a lesion size of 0.05 mm. History of previous disease. Patient has BMI of 0.122623562699416. Patient lives with a smoker. Patient works with exposure to smokers. Patient has the main cancer located in the right upper lobe. Family history of cancer. Male. White. father have lung cancer. '
WARNING: vision_encoder.blocks.2.1.spatial_block.conv1.fn.dw.weight has NO gradient.

[DEBUG] Multimodal Text Example (Batch): 'Patient is 0.4130434782608695 years old. Patient has a 0.4285714285714285 diploma.  Height of 0.625 cm. Patient weights 0.2 kg. Patient has a history of 0.0645 pack years Patient smokes 0.15 cigarettes a day. Patient smoked for a total of 0.43 years. Patient has a lesion size of 0.2333333333333333 mm. History of previous disease. Patient has BMI of 0.0887664800433447. Patient smokes ciggaretes. Patient lives with a smoker. Patient works with exposure to smokers. Patient has the main cancer located in the right middle lobe. Patient has the main cancer located in the right upper lobe. Patient worked in chemical environment. Patient worked in steel milling environment. Patient worked in welding environment. Family history of cancer. Patient has work related cancer. Male. White. father and mother have lung cancer. '
WARNING: vision_encoder.blocks.2.1.spatial_block.conv1.fn.dw.weight has NO gradient.

[DEBUG] Multimodal Text Example (Batch): 'Patient is 0.5652173913043478 years old. Patient has a 0.5714285714285714 diploma.  Height of 0.525 cm. Patient weights 0.1454545454545454 kg. Patient has a history of 0.03675 pack years Patient smokes 0.075 cigarettes a day. Patient smoked for a total of 0.49 years. Patient has a lesion size of 0.1 mm. History of previous disease. Patient has BMI of 0.0790573112911541. Patient lives with a smoker. Patient works with exposure to smokers. Patient has the main cancer located in the right upper lobe. Patient has pneumonia. Family history of cancer. Female. White. brother have lung cancer. '
WARNING: vision_encoder.blocks.2.1.spatial_block.conv1.fn.dw.weight has NO gradient.

[DEBUG] Multimodal Text Example (Batch): 'Patient is 0.5869565217391305 years old. Patient has a 0.4285714285714285 diploma.  Height of 0.65 cm. Patient weights 0.2909090909090909 kg. Patient has a history of 0.032 pack years Patient smokes 0.1 cigarettes a day. Patient smoked for a total of 0.32 years. Patient has a lesion size of 0.0633333333333333 mm. History of previous disease. Patient has BMI of 0.1198911306831669. Patient works with exposure to smokers. Patient has the main cancer located in the right upper lobe. Patient worked in asbestos environment. Patient worked in fire fighting environment. Patient worked in steel milling environment. Patient has asbestosis. Patient has bronchiectasis. Patient has diabetes. Patient has Hypertension. Family history of cancer. Patient has work related cancer. Male. White. father have lung cancer. '
WARNING: vision_encoder.blocks.2.1.spatial_block.conv1.fn.dw.weight has NO gradient.

[DEBUG] Multimodal Text Example (Batch): 'Patient is 0.4347826086956521 years old. Patient has a 0.0 diploma.  Height of 0.65 cm. Patient weights 0.2981818181818181 kg. Patient has a history of 0.05 pack years Patient smokes 0.125 cigarettes a day. Patient smoked for a total of 0.4 years. Patient has a lesion size of 0.0266666666666666 mm. History of previous disease. Patient has BMI of 0.1226336372131998. Patient smokes pipe. Patient lives with a smoker. Patient works with exposure to smokers. Patient has the main cancer located in the left lower lobe. Patient has Hypertension. Male. White. '
WARNING: vision_encoder.blocks.2.1.spatial_block.conv1.fn.dw.weight has NO gradient.

[DEBUG] Multimodal Text Example (Batch): 'Patient is 0.4673913043478261 years old. Patient has a 0.7142857142857143 diploma.  Height of 0.575 cm. Patient weights 0.1854545454545454 kg. Patient has a history of 0.088 pack years Patient smokes 0.2 cigarettes a day. Patient smoked for a total of 0.44 years. Patient has a lesion size of 0.15 mm. History of previous disease. Patient has BMI of 0.0895230901661375. Patient lives with a smoker. Patient works with exposure to smokers. Patient has the main cancer located in the left upper lobe. Patient has pneumonia. Male. White. '
WARNING: vision_encoder.blocks.2.1.spatial_block.conv1.fn.dw.weight has NO gradient.

[DEBUG] Multimodal Text Example (Batch): 'Patient is 0.4891304347826087 years old. Patient has a 1.0 diploma.  Height of 0.675 cm. Patient weights 0.2363636363636363 kg. Patient has a history of 0.039 pack years Patient smokes 0.1 cigarettes a day. Patient smoked for a total of 0.39 years. Patient has a lesion size of 0.0666666666666666 mm. History of previous disease. Patient has BMI of 0.0959180050256746. Patient smokes cigar. Patient smokes pipe. Patient lives with a smoker. Patient works with exposure to smokers. Patient has the main cancer located in the right lower lobe. Patient has pneumonia. Male. White. '
WARNING: vision_encoder.blocks.2.1.spatial_block.conv1.fn.dw.weight has NO gradient.

[DEBUG] Multimodal Text Example (Batch): 'Patient is 0.5217391304347826 years old. Patient has a 1.0 diploma.  Height of 0.45 cm. Patient weights 0.2381818181818182 kg. Patient has a history of 0.0561 pack years Patient smokes 0.165 cigarettes a day. Patient smoked for a total of 0.34 years. Patient has a lesion size of 0.1666666666666666 mm. History of previous disease. Patient has BMI of 0.133526100632904. Patient lives with a smoker. Patient works with exposure to smokers. Patient has the main cancer located in the left upper lobe. Patient has pneumonia. Female. White. '
WARNING: vision_encoder.blocks.2.1.spatial_block.conv1.fn.dw.weight has NO gradient.

[DEBUG] Multimodal Text Example (Batch): 'Patient is 0.4021739130434782 years old. Patient has a 0.5714285714285714 diploma.  Height of 0.725 cm. Patient weights 0.3454545454545454 kg. Patient has a history of 0.084 pack years Patient smokes 0.2 cigarettes a day. Patient smoked for a total of 0.42 years. Patient has a lesion size of 0.06 mm. History of previous disease. Patient has BMI of 0.1273884503972999. Patient smokes cigar. Patient smokes pipe. Patient lives with a smoker. Patient works with exposure to smokers. Patient has the main cancer located in the right upper lobe. Patient worked in farm environment. Patient worked in hard rock mining environment. Patient worked in painting environment. Patient worked in sandblasting environment. Patient worked in welding environment. Patient has Hypertension. Patient has Stroke history. Patient has work related cancer. Male. White. '
WARNING: vision_encoder.blocks.2.1.spatial_block.conv1.fn.dw.weight has NO gradient.
shape xtorch.Size([32, 2])
tensor(0.9809, device='cuda:0')
tensor(-0.0670, device='cuda:0')
shape xtorch.Size([32, 2])
tensor(0.9949, device='cuda:0')
tensor(-0.2035, device='cuda:0')
shape xtorch.Size([32, 2])
tensor(0.8676, device='cuda:0')
tensor(-0.0814, device='cuda:0')
shape xtorch.Size([10, 2])
tensor(0.9587, device='cuda:0')
tensor(-0.0983, device='cuda:0')
shape PREDS: torch.Size([106, 2])
shape time: torch.Size([106])
shape log_hz: torch.Size([106, 106])
shape log_hz_t: torch.Size([106])

==================================================
Stage: VAL
Predicted class distribution: 0s = 79, 1s = 27
Actual label distribution:    0s = 80, 1s = 26
Actual Imbalance Ratio (0:1): 3.08:1
==================================================
✅ Model is predicting both classes.
DEBUG SHAPES: time=(106,), log_hz=(106,), events=(106,)
Cindex TorchSurv: 0.506110429763794
Cindex Lifelines: 0.5048461862621154
Saved test predictions and probabilities to validation_results_fold_final.csv

[DEBUG] Multimodal Text Example (Batch): 'Patient is 0.5543478260869565 years old. Patient has a 0.8571428571428571 diploma.  Height of 0.625 cm. Patient weights 0.2327272727272727 kg. Patient has a history of 0.056 pack years Patient smokes 0.1 cigarettes a day. Patient smoked for a total of 0.56 years. Patient has a lesion size of 0.0666666666666666 mm. History of previous disease. Patient has BMI of 0.1014628860393714. Patient smokes ciggaretes. Patient lives with a smoker. Patient works with exposure to smokers. Patient has the main cancer located in the right upper lobe. Patient has Hypertension. Patient has pneumonia. Family history of cancer. Male. White. father have lung cancer. '
WARNING: vision_encoder.blocks.2.1.spatial_block.conv1.fn.dw.weight has NO gradient.

[DEBUG] Multimodal Text Example (Batch): 'Patient is 0.6086956521739131 years old. Patient has a 0.5714285714285714 diploma.  Height of 0.775 cm. Patient weights 0.4272727272727272 kg. Patient has a history of 0.042 pack years Patient smokes 0.1 cigarettes a day. Patient smoked for a total of 0.42 years. Patient has a lesion size of 0.0666666666666666 mm. History of previous disease. Patient has BMI of 0.1464478859390363. Patient smokes cigar. Patient smokes pipe. Patient lives with a smoker. Patient works with exposure to smokers. Patient has the main cancer located in the right middle lobe. Patient has Hypertension. Family history of cancer. Male. White. father have lung cancer. '
WARNING: vision_encoder.blocks.2.1.spatial_block.conv1.fn.dw.weight has NO gradient.

[DEBUG] Multimodal Text Example (Batch): 'Patient is 0.4239130434782608 years old. Patient has a 0.5714285714285714 diploma.  Height of 0.55 cm. Patient weights 0.1909090909090909 kg. Patient has a history of 0.0615 pack years Patient smokes 0.15 cigarettes a day. Patient smoked for a total of 0.41 years. Patient has a lesion size of 0.1166666666666666 mm. History of previous disease. Patient has BMI of 0.0952496575809807. Patient smokes cigar. Patient smokes ciggaretes. Patient smokes pipe. Patient lives with a smoker. Patient works with exposure to smokers. Patient has the main cancer located in the left lower lobe. Patient has emphysema. Patient has Hypertension. Male. White. '
WARNING: vision_encoder.blocks.2.1.spatial_block.conv1.fn.dw.weight has NO gradient.

[DEBUG] Multimodal Text Example (Batch): 'Patient is 0.5869565217391305 years old. Patient has a 0.7142857142857143 diploma.  Height of 0.375 cm. Patient weights 0.2363636363636363 kg. Patient has a history of 0.11 pack years Patient smokes 0.2 cigarettes a day. Patient smoked for a total of 0.55 years. Patient has a lesion size of 0.0733333333333333 mm. History of previous disease. Patient has BMI of 0.1487217305801376. Patient smokes ciggaretes. Patient lives with a smoker. Patient works with exposure to smokers. Patient has the main cancer located in the right upper lobe. Female. White. '
WARNING: vision_encoder.blocks.2.1.spatial_block.conv1.fn.dw.weight has NO gradient.

[DEBUG] Multimodal Text Example (Batch): 'Patient is 0.5 years old. Patient has a 0.7142857142857143 diploma.  Height of 0.6 cm. Patient weights 0.3545454545454545 kg. Patient has a history of 0.117 pack years Patient smokes 0.3 cigarettes a day. Patient smoked for a total of 0.39 years. Patient has a lesion size of 0.0366666666666666 mm. History of previous disease. Patient has BMI of 0.1537670771015814. Patient smokes pipe. Patient works with exposure to smokers. Patient has the main cancer located in the right upper lobe. Male. White. '
WARNING: vision_encoder.blocks.2.1.spatial_block.conv1.fn.dw.weight has NO gradient.

[DEBUG] Multimodal Text Example (Batch): 'Patient is 0.4673913043478261 years old. Patient has a 1.0 diploma.  Height of 0.55 cm. Patient weights 0.1672727272727272 kg. Patient has a history of 0.037 pack years Patient smokes 0.1 cigarettes a day. Patient smoked for a total of 0.37 years. Patient has a lesion size of 0.0666666666666666 mm. History of previous disease. Patient has BMI of 0.0852404862492451. Patient smokes cigar. Patient smokes ciggaretes. Patient smokes pipe. Patient lives with a smoker. Patient works with exposure to smokers. Patient has the main cancer located in the right upper lobe. Female. White. '
WARNING: vision_encoder.blocks.2.1.spatial_block.conv1.fn.dw.weight has NO gradient.

[DEBUG] Multimodal Text Example (Batch): 'Patient is 0.5869565217391305 years old. Patient has a 0.5714285714285714 diploma.  Height of 0.65 cm. Patient weights 0.2272727272727272 kg. Patient has a history of 0.056 pack years Patient smokes 0.1 cigarettes a day. Patient smoked for a total of 0.56 years. Patient has a lesion size of 0.2 mm. History of previous disease. Patient has BMI of 0.0958941985453792. Patient smokes ciggaretes. Patient lives with a smoker. Patient works with exposure to smokers. Patient has the main cancer located in the left lower lobe. Patient worked in farm environment. Patient worked in steel milling environment. Patient worked in painting environment. Patient has COPD. Patient has pneumonia. Patient has work related cancer. Male. White. '
WARNING: vision_encoder.blocks.2.1.spatial_block.conv1.fn.dw.weight has NO gradient.

[DEBUG] Multimodal Text Example (Batch): 'Patient is 0.5869565217391305 years old. Patient has a 0.5714285714285714 diploma.  Height of 0.65 cm. Patient weights 0.2272727272727272 kg. Patient has a history of 0.056 pack years Patient smokes 0.1 cigarettes a day. Patient smoked for a total of 0.56 years. Patient has a lesion size of 0.2 mm. History of previous disease. Patient has BMI of 0.0958941985453792. Patient smokes ciggaretes. Patient lives with a smoker. Patient works with exposure to smokers. Patient has the main cancer located in the left lower lobe. Patient worked in farm environment. Patient worked in steel milling environment. Patient worked in painting environment. Patient has COPD. Patient has pneumonia. Patient has work related cancer. Male. White. '
WARNING: vision_encoder.blocks.2.1.spatial_block.conv1.fn.dw.weight has NO gradient.

[DEBUG] Multimodal Text Example (Batch): 'Patient is 0.5652173913043478 years old. Patient has a 0.8571428571428571 diploma.  Height of 0.675 cm. Patient weights 0.2709090909090909 kg. Patient has a history of 0.057 pack years Patient smokes 0.1 cigarettes a day. Patient smoked for a total of 0.57 years. Patient has a lesion size of 0.0666666666666666 mm. History of previous disease. Patient has BMI of 0.1085855654490938. Patient smokes cigar. Patient smokes ciggaretes. Patient smokes pipe. Patient lives with a smoker. Patient works with exposure to smokers. Patient has the main cancer located in the right upper lobe. Patient worked in farm environment. Patient has emphysema. Patient has heart disease. Patient has Hypertension. Family history of cancer. Patient has work related cancer. Male. White. mother have lung cancer. '
WARNING: vision_encoder.blocks.2.1.spatial_block.conv1.fn.dw.weight has NO gradient.

[DEBUG] Multimodal Text Example (Batch): 'Patient is 0.4891304347826087 years old. Patient has a 1.0 diploma.  Height of 0.675 cm. Patient weights 0.2363636363636363 kg. Patient has a history of 0.039 pack years Patient smokes 0.1 cigarettes a day. Patient smoked for a total of 0.39 years. Patient has a lesion size of 0.0666666666666666 mm. History of previous disease. Patient has BMI of 0.0959180050256746. Patient smokes cigar. Patient smokes pipe. Patient lives with a smoker. Patient works with exposure to smokers. Patient has the main cancer located in the right lower lobe. Patient has pneumonia. Male. White. '
WARNING: vision_encoder.blocks.2.1.spatial_block.conv1.fn.dw.weight has NO gradient.
shape xtorch.Size([32, 2])
tensor(0.9223, device='cuda:0')
tensor(-0.6247, device='cuda:0')
shape xtorch.Size([32, 2])
tensor(0.9183, device='cuda:0')
tensor(-0.6867, device='cuda:0')
shape xtorch.Size([32, 2])
tensor(0.5597, device='cuda:0')
tensor(-0.6446, device='cuda:0')
shape xtorch.Size([10, 2])
tensor(0.8386, device='cuda:0')
tensor(-0.5375, device='cuda:0')
shape PREDS: torch.Size([106, 2])
shape time: torch.Size([106])
shape log_hz: torch.Size([106, 106])
shape log_hz_t: torch.Size([106])

==================================================
Stage: VAL
Predicted class distribution: 0s = 24, 1s = 82
Actual label distribution:    0s = 80, 1s = 26
Actual Imbalance Ratio (0:1): 3.08:1
==================================================
✅ Model is predicting both classes.
DEBUG SHAPES: time=(106,), log_hz=(106,), events=(106,)
Cindex TorchSurv: 0.509060263633728
Cindex Lifelines: 0.5082174462705437
Saved test predictions and probabilities to validation_results_fold_final.csv

[DEBUG] Multimodal Text Example (Batch): 'Patient is 0.5978260869565217 years old. Patient has a 0.8571428571428571 diploma.  Height of 0.475 cm. Patient weights 0.1636363636363636 kg. Patient has a history of 0.0375 pack years Patient smokes 0.075 cigarettes a day. Patient smoked for a total of 0.5 years. Patient has a lesion size of 0.0566666666666666 mm. History of previous disease. Patient has BMI of 0.0940428727261553. Patient smokes ciggaretes. Patient lives with a smoker. Patient works with exposure to smokers. Patient has the main cancer located in the left upper lobe. Patient has COPD. Patient has diabetes. Patient has Hypertension. Patient diagnosed with breast cancer. History of previous cancer. Female. White. '
WARNING: vision_encoder.blocks.2.1.spatial_block.conv1.fn.dw.weight has NO gradient.

[DEBUG] Multimodal Text Example (Batch): 'Patient is 0.4782608695652174 years old. Patient has a 0.1428571428571428 diploma.  Height of 0.625 cm. Patient weights 0.2181818181818181 kg. Patient has a history of 0.0675 pack years Patient smokes 0.15 cigarettes a day. Patient smoked for a total of 0.45 years. Patient has a lesion size of 0.0366666666666666 mm. History of previous disease. Patient has BMI of 0.0958200389300263. Patient smokes ciggaretes. Patient smokes pipe. Patient lives with a smoker. Patient works with exposure to smokers. Patient has the main cancer located in the left lower lobe. Patient worked in painting environment. Patient has diabetes. Patient has work related cancer. Male. Unknown. '
WARNING: vision_encoder.blocks.2.1.spatial_block.conv1.fn.dw.weight has NO gradient.

[DEBUG] Multimodal Text Example (Batch): 'Patient is 0.4673913043478261 years old. Patient has a 0.4285714285714285 diploma.  Height of 0.425 cm. Patient weights 0.2218181818181818 kg. Patient has a history of 0.045 pack years Patient smokes 0.15 cigarettes a day. Patient smoked for a total of 0.3 years. Patient has a lesion size of 0.0833333333333333 mm. History of previous disease. Patient has BMI of 0.130559366932798. Patient lives with a smoker. Patient works with exposure to smokers. Patient has the main cancer located in the right upper lobe. Patient has Hypertension. Female. White. '
WARNING: vision_encoder.blocks.2.1.spatial_block.conv1.fn.dw.weight has NO gradient.

[DEBUG] Multimodal Text Example (Batch): 'Patient is 0.4782608695652174 years old. Patient has a 0.2857142857142857 diploma.  Height of 0.525 cm. Patient weights 0.209090909090909 kg. Patient has a history of 0.042 pack years Patient smokes 0.1 cigarettes a day. Patient smoked for a total of 0.42 years. Patient has a lesion size of 0.0233333333333333 mm. History of previous disease. Patient has BMI of 0.1068278656774231. Patient lives with a smoker. Patient has the main cancer located in the right upper lobe. Patient has pneumonia. Female. African-American. '
WARNING: vision_encoder.blocks.2.1.spatial_block.conv1.fn.dw.weight has NO gradient.

[DEBUG] Multimodal Text Example (Batch): 'Patient is 0.4347826086956521 years old. Patient has a 0.7142857142857143 diploma.  Height of 0.675 cm. Patient weights 0.26 kg. Patient has a history of 0.0425 pack years Patient smokes 0.125 cigarettes a day. Patient smoked for a total of 0.34 years. Patient has a lesion size of 0.05 mm. History of previous disease. Patient has BMI of 0.1045852832101193. Patient works with exposure to smokers. Patient has the main cancer located in the right lower lobe. Patient worked in fire fighting environment. Patient has adult asthma. Patient has emphysema. Patient has Hypertension. Patient has work related cancer. Male. White. '
WARNING: vision_encoder.blocks.2.1.spatial_block.conv1.fn.dw.weight has NO gradient.

[DEBUG] Multimodal Text Example (Batch): 'Patient is 0.6086956521739131 years old. Patient has a 1.0 diploma.  Height of 0.575 cm. Patient weights 0.26 kg. Patient has a history of 0.044 pack years Patient smokes 0.1 cigarettes a day. Patient smoked for a total of 0.44 years. Patient has a lesion size of 0.0466666666666666 mm. History of previous disease. Patient has BMI of 0.1201688509865164. Patient smokes pipe. Patient lives with a smoker. Patient works with exposure to smokers. Patient has the main cancer located in the right upper lobe. Patient worked in painting environment. Patient has heart disease. Patient has work related cancer. Male. White. '
WARNING: vision_encoder.blocks.2.1.spatial_block.conv1.fn.dw.weight has NO gradient.

[DEBUG] Multimodal Text Example (Batch): 'Patient is 0.6086956521739131 years old. Patient has a 0.1428571428571428 diploma.  Height of 0.35 cm. Patient weights 0.1309090909090909 kg. Patient has a history of 0.046 pack years Patient smokes 0.1 cigarettes a day. Patient smoked for a total of 0.46 years. Patient has a lesion size of 0.08 mm. History of previous disease. Patient has BMI of 0.0970418993174635. Patient smokes cigar. Patient works with exposure to smokers. Patient has the main cancer located in the left upper lobe. Patient diagnosed with oral cancer. History of previous cancer. Female. White. '
WARNING: vision_encoder.blocks.2.1.spatial_block.conv1.fn.dw.weight has NO gradient.

[DEBUG] Multimodal Text Example (Batch): 'Patient is 0.4456521739130434 years old. Patient has a 0.7142857142857143 diploma.  Height of 0.725 cm. Patient weights 0.2818181818181818 kg. Patient has a history of 0.046 pack years Patient smokes 0.1 cigarettes a day. Patient smoked for a total of 0.46 years. Patient has a lesion size of 0.1466666666666666 mm. History of previous disease. Patient has BMI of 0.1052977756517579. Patient smokes ciggaretes. Patient works with exposure to smokers. Patient has the main cancer located in the right upper lobe. Patient diagnosed with bladder cancer. History of previous cancer. Male. White. '
WARNING: vision_encoder.blocks.2.1.spatial_block.conv1.fn.dw.weight has NO gradient.

[DEBUG] Multimodal Text Example (Batch): 'Patient is 0.6086956521739131 years old. Patient has a 0.1428571428571428 diploma.  Height of 0.35 cm. Patient weights 0.1309090909090909 kg. Patient has a history of 0.046 pack years Patient smokes 0.1 cigarettes a day. Patient smoked for a total of 0.46 years. Patient has a lesion size of 0.08 mm. History of previous disease. Patient has BMI of 0.0970418993174635. Patient smokes cigar. Patient works with exposure to smokers. Patient has the main cancer located in the left upper lobe. Patient diagnosed with oral cancer. History of previous cancer. Female. White. '
WARNING: vision_encoder.blocks.2.1.spatial_block.conv1.fn.dw.weight has NO gradient.

[DEBUG] Multimodal Text Example (Batch): 'Patient is 0.5869565217391305 years old. Patient has a 0.7142857142857143 diploma.  Height of 0.425 cm. Patient weights 0.1272727272727272 kg. Patient has a history of 0.081 pack years Patient smokes 0.15 cigarettes a day. Patient smoked for a total of 0.54 years. Patient has a lesion size of 0.0733333333333333 mm. History of previous disease. Patient has BMI of 0.0838047674445968. Patient smokes ciggaretes. Patient lives with a smoker. Patient works with exposure to smokers. Patient has the main cancer located in the right upper lobe. Patient has COPD. Patient has Hypertension. Family history of cancer. Female. White. brother have lung cancer. '
WARNING: vision_encoder.blocks.2.1.spatial_block.conv1.fn.dw.weight has NO gradient.
shape xtorch.Size([32, 2])
tensor(0.6625, device='cuda:0')
tensor(-0.8299, device='cuda:0')
shape xtorch.Size([32, 2])
tensor(0.8214, device='cuda:0')
tensor(-0.8743, device='cuda:0')
shape xtorch.Size([32, 2])
tensor(0.2815, device='cuda:0')
tensor(-1.0462, device='cuda:0')
shape xtorch.Size([10, 2])
tensor(0.6491, device='cuda:0')
tensor(-0.6211, device='cuda:0')
shape PREDS: torch.Size([106, 2])
shape time: torch.Size([106])
shape log_hz: torch.Size([106, 106])
shape log_hz_t: torch.Size([106])

==================================================
Stage: VAL
Predicted class distribution: 0s = 9, 1s = 97
Actual label distribution:    0s = 80, 1s = 26
Actual Imbalance Ratio (0:1): 3.08:1
==================================================
✅ Model is predicting both classes.
DEBUG SHAPES: time=(106,), log_hz=(106,), events=(106,)
Cindex TorchSurv: 0.501474916934967
Cindex Lifelines: 0.48209018120522545
Saved test predictions and probabilities to validation_results_fold_final.csv
Epoch 17/99 ━━━━━━━━━━━━━━━━━ 10/10 0:00:03 • 0:00:00 3.68it/s v_num: yl4z      
                                                               train_loss_step: 
                                                               0.523 val_loss:  
                                                               0.863            
                                                               train_loss_epoch:
                                                               0.429            
Saved test predictions and probabilities to test_results_fold_final.xlsx
shape PREDS: torch.Size([80, 2])
shape time: torch.Size([80])
shape log_hz: torch.Size([80, 80])
shape log_hz_t: torch.Size([80])

==================================================
Stage: TEST
Predicted class distribution: 0s = 80, 1s = 0
Actual label distribution:    0s = 60, 1s = 20
Actual Imbalance Ratio (0:1): 3.00:1
==================================================
⚠️ Model is predicting only class 0 (majority class). It is ignoring the minority class!
DEBUG SHAPES: time=(80,), log_hz=(80,), events=(80,)
Cindex TorchSurv: 0.5337376594543457
Cindex Lifelines: 0.5284306292645944
┏━━━━━━━━━━━━━━━━━━━━━━━━━━━┳━━━━━━━━━━━━━━━━━━━━━━━━━━━┓
┃        Test metric        ┃       DataLoader 0        ┃
┡━━━━━━━━━━━━━━━━━━━━━━━━━━━╇━━━━━━━━━━━━━━━━━━━━━━━━━━━┩
│        test_auroc         │    0.5212963223457336     │
│     test_balanced_acc     │            0.5            │
│        test_cindex        │    0.5337376594543457     │
│       test_f1_score       │            0.0            │
│         test_ibs          │    0.1268426477909088     │
│      test_precision       │           0.375           │
│        test_recall        │            0.5            │
└───────────────────────────┴───────────────────────────┘
Testing ━━━━━━━━━━━━━━━━━━━━━━━━━━━━━━━━━━━━━━ 3/3 0:00:00 • 0:00:00 12.56it/s 

====================== CV COMPLETE (3 Folds) ======================
Average Test AUROC: 0.5602
Average Test F1 Score: 0.1042
✅ Results successfully appended to Experiments_Summary.xlsx
