Starting job with config file: config_ws.yaml
CUDA-enabled GPU/TPU is available.
[2026-01-19 10:57:12,650][MedImageInsight.ImageDataLoader.transforms.build][INFO] - => testing transformers: Compose(
    Resize(size=(480, 480), interpolation=bicubic, max_size=None, antialias=warn)
    ToTensor()
    Normalize(mean=[0.485, 0.456, 0.406], std=[0.229, 0.224, 0.225])
)
[2026-01-19 10:57:12,650][MedImageInsight.UniCLModel][INFO] - Create model with standard parameterization
Ignored unknown kwarg option special
Ignored unknown kwarg option special
Ignored unknown kwarg option special
Ignored unknown kwarg option special
Ignored unknown kwarg option special
Ignored unknown kwarg option special
[2026-01-19 10:57:14,435][MedImageInsight.LangEncoder.transformer][INFO] - => init weight of Linear/Conv2d from trunc norm
[2026-01-19 10:57:14,454][MedImageInsight.LangEncoder.transformer][INFO] - => init bias of Linear/Conv2d to zeros
[2026-01-19 10:57:14,454][MedImageInsight.LangEncoder.transformer][INFO] - => init weight of Linear/Conv2d from trunc norm
[2026-01-19 10:57:14,503][MedImageInsight.LangEncoder.transformer][INFO] - => init bias of Linear/Conv2d to zeros
[2026-01-19 10:57:14,504][MedImageInsight.LangEncoder.transformer][INFO] - => init weight of Linear/Conv2d from trunc norm
[2026-01-19 10:57:14,547][MedImageInsight.LangEncoder.transformer][INFO] - => init bias of Linear/Conv2d to zeros
[2026-01-19 10:57:14,547][MedImageInsight.LangEncoder.transformer][INFO] - => init weight of Linear/Conv2d from trunc norm
[2026-01-19 10:57:14,616][MedImageInsight.LangEncoder.transformer][INFO] - => init bias of Linear/Conv2d to zeros
[2026-01-19 10:57:14,616][MedImageInsight.LangEncoder.transformer][INFO] - => init weight of Linear/Conv2d from trunc norm
[2026-01-19 10:57:14,659][MedImageInsight.LangEncoder.transformer][INFO] - => init bias of Linear/Conv2d to zeros
[2026-01-19 10:57:14,659][MedImageInsight.LangEncoder.transformer][INFO] - => init weight of Linear/Conv2d from trunc norm
[2026-01-19 10:57:14,712][MedImageInsight.LangEncoder.transformer][INFO] - => init bias of Linear/Conv2d to zeros
[2026-01-19 10:57:14,713][MedImageInsight.LangEncoder.transformer][INFO] - => init weight of Linear/Conv2d from trunc norm
[2026-01-19 10:57:14,744][MedImageInsight.LangEncoder.transformer][INFO] - => init bias of Linear/Conv2d to zeros
[2026-01-19 10:57:14,744][MedImageInsight.LangEncoder.transformer][INFO] - => init weight of Linear/Conv2d from trunc norm
[2026-01-19 10:57:14,822][MedImageInsight.LangEncoder.transformer][INFO] - => init bias of Linear/Conv2d to zeros
[2026-01-19 10:57:14,822][MedImageInsight.LangEncoder.transformer][INFO] - => init weight of Linear/Conv2d from trunc norm
[2026-01-19 10:57:14,870][MedImageInsight.LangEncoder.transformer][INFO] - => init bias of Linear/Conv2d to zeros
[2026-01-19 10:57:14,870][MedImageInsight.LangEncoder.transformer][INFO] - => init weight of Linear/Conv2d from trunc norm
[2026-01-19 10:57:14,926][MedImageInsight.LangEncoder.transformer][INFO] - => init bias of Linear/Conv2d to zeros
[2026-01-19 10:57:14,926][MedImageInsight.LangEncoder.transformer][INFO] - => init weight of Linear/Conv2d from trunc norm
[2026-01-19 10:57:14,977][MedImageInsight.LangEncoder.transformer][INFO] - => init bias of Linear/Conv2d to zeros
[2026-01-19 10:57:14,977][MedImageInsight.LangEncoder.transformer][INFO] - => init weight of Linear/Conv2d from trunc norm
[2026-01-19 10:57:15,051][MedImageInsight.LangEncoder.transformer][INFO] - => init bias of Linear/Conv2d to zeros
[2026-01-19 10:57:15,051][MedImageInsight.LangEncoder.transformer][INFO] - => init weight of Linear/Conv2d from trunc norm
[2026-01-19 10:57:15,104][MedImageInsight.LangEncoder.transformer][INFO] - => init bias of Linear/Conv2d to zeros
[2026-01-19 10:57:15,104][MedImageInsight.LangEncoder.transformer][INFO] - => init weight of Linear/Conv2d from trunc norm
[2026-01-19 10:57:15,171][MedImageInsight.LangEncoder.transformer][INFO] - => init bias of Linear/Conv2d to zeros
[2026-01-19 10:57:15,171][MedImageInsight.LangEncoder.transformer][INFO] - => init weight of Linear/Conv2d from trunc norm
[2026-01-19 10:57:15,233][MedImageInsight.LangEncoder.transformer][INFO] - => init bias of Linear/Conv2d to zeros
[2026-01-19 10:57:15,233][MedImageInsight.LangEncoder.transformer][INFO] - => init weight of Linear/Conv2d from trunc norm
[2026-01-19 10:57:15,305][MedImageInsight.LangEncoder.transformer][INFO] - => init bias of Linear/Conv2d to zeros
[2026-01-19 10:57:15,305][MedImageInsight.LangEncoder.transformer][INFO] - => init weight of Linear/Conv2d from trunc norm
[2026-01-19 10:57:15,332][MedImageInsight.LangEncoder.transformer][INFO] - => init bias of Linear/Conv2d to zeros
[2026-01-19 10:57:15,333][MedImageInsight.LangEncoder.transformer][INFO] - => init weight of Linear/Conv2d from trunc norm
[2026-01-19 10:57:15,407][MedImageInsight.LangEncoder.transformer][INFO] - => init bias of Linear/Conv2d to zeros
[2026-01-19 10:57:15,407][MedImageInsight.LangEncoder.transformer][INFO] - => init weight of Linear/Conv2d from trunc norm
[2026-01-19 10:57:15,437][MedImageInsight.LangEncoder.transformer][INFO] - => init bias of Linear/Conv2d to zeros
[2026-01-19 10:57:15,437][MedImageInsight.LangEncoder.transformer][INFO] - => init weight of Linear/Conv2d from trunc norm
[2026-01-19 10:57:15,516][MedImageInsight.LangEncoder.transformer][INFO] - => init bias of Linear/Conv2d to zeros
[2026-01-19 10:57:15,516][MedImageInsight.LangEncoder.transformer][INFO] - => init weight of Linear/Conv2d from trunc norm
[2026-01-19 10:57:15,566][MedImageInsight.LangEncoder.transformer][INFO] - => init bias of Linear/Conv2d to zeros
[2026-01-19 10:57:15,566][MedImageInsight.LangEncoder.transformer][INFO] - => init weight of Linear/Conv2d from trunc norm
[2026-01-19 10:57:15,631][MedImageInsight.LangEncoder.transformer][INFO] - => init bias of Linear/Conv2d to zeros
[2026-01-19 10:57:15,631][MedImageInsight.LangEncoder.transformer][INFO] - => init weight of Linear/Conv2d from trunc norm
[2026-01-19 10:57:15,711][MedImageInsight.LangEncoder.transformer][INFO] - => init bias of Linear/Conv2d to zeros
[2026-01-19 10:57:15,711][MedImageInsight.LangEncoder.transformer][INFO] - => init weight of Linear/Conv2d from trunc norm
[2026-01-19 10:57:15,762][MedImageInsight.LangEncoder.transformer][INFO] - => init bias of Linear/Conv2d to zeros
[2026-01-19 10:57:15,762][MedImageInsight.LangEncoder.transformer][INFO] - => init weight of Linear/Conv2d from trunc norm
[2026-01-19 10:57:15,832][MedImageInsight.LangEncoder.transformer][INFO] - => init bias of Linear/Conv2d to zeros
[2026-01-19 10:57:15,832][MedImageInsight.LangEncoder.transformer][INFO] - => init weight of Linear/Conv2d from trunc norm
[2026-01-19 10:57:15,910][MedImageInsight.LangEncoder.transformer][INFO] - => init bias of Linear/Conv2d to zeros
[2026-01-19 10:57:15,910][MedImageInsight.LangEncoder.transformer][INFO] - => init weight of Linear/Conv2d from trunc norm
[2026-01-19 10:57:15,958][MedImageInsight.LangEncoder.transformer][INFO] - => init bias of Linear/Conv2d to zeros
[2026-01-19 10:57:15,958][MedImageInsight.LangEncoder.transformer][INFO] - => init weight of Linear/Conv2d from trunc norm
[2026-01-19 10:57:16,007][MedImageInsight.LangEncoder.transformer][INFO] - => init bias of Linear/Conv2d to zeros
[2026-01-19 10:57:16,007][MedImageInsight.LangEncoder.transformer][INFO] - => init weight of Linear/Conv2d from trunc norm
[2026-01-19 10:57:16,027][MedImageInsight.LangEncoder.transformer][INFO] - => init bias of Linear/Conv2d to zeros
[2026-01-19 10:57:16,027][MedImageInsight.LangEncoder.transformer][INFO] - => init weight of Linear/Conv2d from trunc norm
[2026-01-19 10:57:16,048][MedImageInsight.LangEncoder.transformer][INFO] - => init bias of Linear/Conv2d to zeros
[2026-01-19 10:57:16,048][MedImageInsight.LangEncoder.transformer][INFO] - => init weight of Linear/Conv2d from trunc norm
[2026-01-19 10:57:16,054][MedImageInsight.LangEncoder.transformer][INFO] - => init bias of Linear/Conv2d to zeros
[2026-01-19 10:57:16,054][MedImageInsight.LangEncoder.transformer][INFO] - => init weight of Linear/Conv2d from trunc norm
[2026-01-19 10:57:16,077][MedImageInsight.LangEncoder.transformer][INFO] - => init bias of Linear/Conv2d to zeros
[2026-01-19 10:57:16,077][MedImageInsight.LangEncoder.transformer][INFO] - => init weight of Linear/Conv2d from trunc norm
[2026-01-19 10:57:16,151][MedImageInsight.LangEncoder.transformer][INFO] - => init bias of Linear/Conv2d to zeros
[2026-01-19 10:57:16,151][MedImageInsight.LangEncoder.transformer][INFO] - => init weight of Linear/Conv2d from trunc norm
[2026-01-19 10:57:16,206][MedImageInsight.LangEncoder.transformer][INFO] - => init bias of Linear/Conv2d to zeros
[2026-01-19 10:57:16,206][MedImageInsight.LangEncoder.transformer][INFO] - => init weight of Linear/Conv2d from trunc norm
[2026-01-19 10:57:16,259][MedImageInsight.LangEncoder.transformer][INFO] - => init bias of Linear/Conv2d to zeros
[2026-01-19 10:57:16,259][MedImageInsight.LangEncoder.transformer][INFO] - => init weight of Linear/Conv2d from trunc norm
[2026-01-19 10:57:16,321][MedImageInsight.LangEncoder.transformer][INFO] - => init bias of Linear/Conv2d to zeros
[2026-01-19 10:57:16,322][MedImageInsight.LangEncoder.transformer][INFO] - => init weight of Linear/Conv2d from trunc norm
[2026-01-19 10:57:16,332][MedImageInsight.LangEncoder.transformer][INFO] - => init bias of Linear/Conv2d to zeros
[2026-01-19 10:57:16,332][MedImageInsight.LangEncoder.transformer][INFO] - => init weight of Linear/Conv2d from trunc norm
[2026-01-19 10:57:16,359][MedImageInsight.LangEncoder.transformer][INFO] - => init bias of Linear/Conv2d to zeros
[2026-01-19 10:57:16,359][MedImageInsight.LangEncoder.transformer][INFO] - => init weight of Linear/Conv2d from trunc norm
[2026-01-19 10:57:16,423][MedImageInsight.LangEncoder.transformer][INFO] - => init bias of Linear/Conv2d to zeros
[2026-01-19 10:57:16,424][MedImageInsight.LangEncoder.transformer][INFO] - => init weight of Linear/Conv2d from trunc norm
[2026-01-19 10:57:16,465][MedImageInsight.LangEncoder.transformer][INFO] - => init bias of Linear/Conv2d to zeros
[2026-01-19 10:57:16,465][MedImageInsight.LangEncoder.transformer][INFO] - => init weight of Linear/Conv2d from trunc norm
[2026-01-19 10:57:16,535][MedImageInsight.LangEncoder.transformer][INFO] - => init bias of Linear/Conv2d to zeros
[2026-01-19 10:57:16,535][MedImageInsight.LangEncoder.transformer][INFO] - => init weight of Linear/Conv2d from trunc norm
[2026-01-19 10:57:16,603][MedImageInsight.LangEncoder.transformer][INFO] - => init bias of Linear/Conv2d to zeros
[2026-01-19 10:57:16,603][MedImageInsight.LangEncoder.transformer][INFO] - => init weight of Linear/Conv2d from trunc norm
[2026-01-19 10:57:16,630][MedImageInsight.LangEncoder.transformer][INFO] - => init bias of Linear/Conv2d to zeros
[2026-01-19 10:57:16,630][MedImageInsight.LangEncoder.transformer][INFO] - => init weight of Linear/Conv2d from trunc norm
[2026-01-19 10:57:16,646][MedImageInsight.LangEncoder.transformer][INFO] - => init bias of Linear/Conv2d to zeros
[2026-01-19 10:57:16,646][MedImageInsight.LangEncoder.transformer][INFO] - => init weight of Linear/Conv2d from trunc norm
[2026-01-19 10:57:16,719][MedImageInsight.LangEncoder.transformer][INFO] - => init bias of Linear/Conv2d to zeros
[2026-01-19 10:57:16,719][MedImageInsight.LangEncoder.transformer][INFO] - => init weight of Linear/Conv2d from trunc norm
[2026-01-19 10:57:16,743][MedImageInsight.LangEncoder.transformer][INFO] - => init bias of Linear/Conv2d to zeros
[2026-01-19 10:57:16,743][MedImageInsight.LangEncoder.transformer][INFO] - => init weight of Linear/Conv2d from trunc norm
[2026-01-19 10:57:16,812][MedImageInsight.LangEncoder.transformer][INFO] - => init bias of Linear/Conv2d to zeros
[2026-01-19 10:57:16,813][MedImageInsight.LangEncoder.transformer][INFO] - => init weight of Linear/Conv2d from trunc norm
[2026-01-19 10:57:16,837][MedImageInsight.LangEncoder.transformer][INFO] - => init bias of Linear/Conv2d to zeros
[2026-01-19 10:57:16,838][MedImageInsight.ImageEncoder.davit_v1][INFO] - Create model with standard parameterization
[2026-01-19 10:57:16,839][MedImageInsight.ImageEncoder.davit_v1][INFO] - => Depth offset in stage 0: 0
[2026-01-19 10:57:16,861][MedImageInsight.ImageEncoder.davit_v1][INFO] - => Depth offset in stage 1: 2
[2026-01-19 10:57:16,950][MedImageInsight.ImageEncoder.davit_v1][INFO] - => Depth offset in stage 2: 4
[2026-01-19 10:57:18,445][MedImageInsight.ImageEncoder.davit_v1][INFO] - => Depth offset in stage 3: 22
[2026-01-19 10:57:18,872][MedImageInsight.ImageEncoder.davit_v1][INFO] - Custom init: original init
[2026-01-19 10:57:23,041][MedImageInsight.ImageEncoder.davit_v1][INFO] - Load model from pretrained checkpoint
[2026-01-19 10:57:23,042][MedImageInsight.UniCLModel][INFO] - Custom init: original init
[2026-01-19 10:57:23,337][MedImageInsight.UniCLModel][INFO] - => Loading pretrained model /nas-ctm01/homes/fmferreira/MedImageInsights/2024.09.27/vision_model/medimageinsigt-v1.0.0.pt
[2026-01-19 10:57:24,023][MedImageInsight.UniCLModel][INFO] - => init image_projection from /nas-ctm01/homes/fmferreira/MedImageInsights/2024.09.27/vision_model/medimageinsigt-v1.0.0.pt
[2026-01-19 10:57:24,023][MedImageInsight.UniCLModel][INFO] - => init lang_encoder.ln_final.bias from /nas-ctm01/homes/fmferreira/MedImageInsights/2024.09.27/vision_model/medimageinsigt-v1.0.0.pt
[2026-01-19 10:57:24,023][MedImageInsight.UniCLModel][INFO] - => init lang_encoder.ln_final.weight from /nas-ctm01/homes/fmferreira/MedImageInsights/2024.09.27/vision_model/medimageinsigt-v1.0.0.pt
[2026-01-19 10:57:24,023][MedImageInsight.UniCLModel][INFO] - => init lang_encoder.positional_embedding from /nas-ctm01/homes/fmferreira/MedImageInsights/2024.09.27/vision_model/medimageinsigt-v1.0.0.pt
[2026-01-19 10:57:24,023][MedImageInsight.UniCLModel][INFO] - => init lang_encoder.resblocks.0.attn.in_proj_bias from /nas-ctm01/homes/fmferreira/MedImageInsights/2024.09.27/vision_model/medimageinsigt-v1.0.0.pt
[2026-01-19 10:57:24,023][MedImageInsight.UniCLModel][INFO] - => init lang_encoder.resblocks.0.attn.in_proj_weight from /nas-ctm01/homes/fmferreira/MedImageInsights/2024.09.27/vision_model/medimageinsigt-v1.0.0.pt
[2026-01-19 10:57:24,023][MedImageInsight.UniCLModel][INFO] - => init lang_encoder.resblocks.0.attn.out_proj.bias from /nas-ctm01/homes/fmferreira/MedImageInsights/2024.09.27/vision_model/medimageinsigt-v1.0.0.pt
[2026-01-19 10:57:24,023][MedImageInsight.UniCLModel][INFO] - => init lang_encoder.resblocks.0.attn.out_proj.weight from /nas-ctm01/homes/fmferreira/MedImageInsights/2024.09.27/vision_model/medimageinsigt-v1.0.0.pt
[2026-01-19 10:57:24,024][MedImageInsight.UniCLModel][INFO] - => init lang_encoder.resblocks.0.ln_1.bias from /nas-ctm01/homes/fmferreira/MedImageInsights/2024.09.27/vision_model/medimageinsigt-v1.0.0.pt
[2026-01-19 10:57:24,024][MedImageInsight.UniCLModel][INFO] - => init lang_encoder.resblocks.0.ln_1.weight from /nas-ctm01/homes/fmferreira/MedImageInsights/2024.09.27/vision_model/medimageinsigt-v1.0.0.pt
[2026-01-19 10:57:24,024][MedImageInsight.UniCLModel][INFO] - => init lang_encoder.resblocks.0.ln_2.bias from /nas-ctm01/homes/fmferreira/MedImageInsights/2024.09.27/vision_model/medimageinsigt-v1.0.0.pt
[2026-01-19 10:57:24,024][MedImageInsight.UniCLModel][INFO] - => init lang_encoder.resblocks.0.ln_2.weight from /nas-ctm01/homes/fmferreira/MedImageInsights/2024.09.27/vision_model/medimageinsigt-v1.0.0.pt
[2026-01-19 10:57:24,024][MedImageInsight.UniCLModel][INFO] - => init lang_encoder.resblocks.0.mlp.c_fc.bias from /nas-ctm01/homes/fmferreira/MedImageInsights/2024.09.27/vision_model/medimageinsigt-v1.0.0.pt
[2026-01-19 10:57:24,024][MedImageInsight.UniCLModel][INFO] - => init lang_encoder.resblocks.0.mlp.c_fc.weight from /nas-ctm01/homes/fmferreira/MedImageInsights/2024.09.27/vision_model/medimageinsigt-v1.0.0.pt
[2026-01-19 10:57:24,024][MedImageInsight.UniCLModel][INFO] - => init lang_encoder.resblocks.0.mlp.c_proj.bias from /nas-ctm01/homes/fmferreira/MedImageInsights/2024.09.27/vision_model/medimageinsigt-v1.0.0.pt
[2026-01-19 10:57:24,024][MedImageInsight.UniCLModel][INFO] - => init lang_encoder.resblocks.0.mlp.c_proj.weight from /nas-ctm01/homes/fmferreira/MedImageInsights/2024.09.27/vision_model/medimageinsigt-v1.0.0.pt
[2026-01-19 10:57:24,024][MedImageInsight.UniCLModel][INFO] - => init lang_encoder.resblocks.1.attn.in_proj_bias from /nas-ctm01/homes/fmferreira/MedImageInsights/2024.09.27/vision_model/medimageinsigt-v1.0.0.pt
[2026-01-19 10:57:24,024][MedImageInsight.UniCLModel][INFO] - => init lang_encoder.resblocks.1.attn.in_proj_weight from /nas-ctm01/homes/fmferreira/MedImageInsights/2024.09.27/vision_model/medimageinsigt-v1.0.0.pt
[2026-01-19 10:57:24,024][MedImageInsight.UniCLModel][INFO] - => init lang_encoder.resblocks.1.attn.out_proj.bias from /nas-ctm01/homes/fmferreira/MedImageInsights/2024.09.27/vision_model/medimageinsigt-v1.0.0.pt
[2026-01-19 10:57:24,024][MedImageInsight.UniCLModel][INFO] - => init lang_encoder.resblocks.1.attn.out_proj.weight from /nas-ctm01/homes/fmferreira/MedImageInsights/2024.09.27/vision_model/medimageinsigt-v1.0.0.pt
[2026-01-19 10:57:24,024][MedImageInsight.UniCLModel][INFO] - => init lang_encoder.resblocks.1.ln_1.bias from /nas-ctm01/homes/fmferreira/MedImageInsights/2024.09.27/vision_model/medimageinsigt-v1.0.0.pt
[2026-01-19 10:57:24,024][MedImageInsight.UniCLModel][INFO] - => init lang_encoder.resblocks.1.ln_1.weight from /nas-ctm01/homes/fmferreira/MedImageInsights/2024.09.27/vision_model/medimageinsigt-v1.0.0.pt
[2026-01-19 10:57:24,024][MedImageInsight.UniCLModel][INFO] - => init lang_encoder.resblocks.1.ln_2.bias from /nas-ctm01/homes/fmferreira/MedImageInsights/2024.09.27/vision_model/medimageinsigt-v1.0.0.pt
[2026-01-19 10:57:24,024][MedImageInsight.UniCLModel][INFO] - => init lang_encoder.resblocks.1.ln_2.weight from /nas-ctm01/homes/fmferreira/MedImageInsights/2024.09.27/vision_model/medimageinsigt-v1.0.0.pt
[2026-01-19 10:57:24,024][MedImageInsight.UniCLModel][INFO] - => init lang_encoder.resblocks.1.mlp.c_fc.bias from /nas-ctm01/homes/fmferreira/MedImageInsights/2024.09.27/vision_model/medimageinsigt-v1.0.0.pt
[2026-01-19 10:57:24,024][MedImageInsight.UniCLModel][INFO] - => init lang_encoder.resblocks.1.mlp.c_fc.weight from /nas-ctm01/homes/fmferreira/MedImageInsights/2024.09.27/vision_model/medimageinsigt-v1.0.0.pt
[2026-01-19 10:57:24,024][MedImageInsight.UniCLModel][INFO] - => init lang_encoder.resblocks.1.mlp.c_proj.bias from /nas-ctm01/homes/fmferreira/MedImageInsights/2024.09.27/vision_model/medimageinsigt-v1.0.0.pt
[2026-01-19 10:57:24,024][MedImageInsight.UniCLModel][INFO] - => init lang_encoder.resblocks.1.mlp.c_proj.weight from /nas-ctm01/homes/fmferreira/MedImageInsights/2024.09.27/vision_model/medimageinsigt-v1.0.0.pt
[2026-01-19 10:57:24,024][MedImageInsight.UniCLModel][INFO] - => init lang_encoder.resblocks.10.attn.in_proj_bias from /nas-ctm01/homes/fmferreira/MedImageInsights/2024.09.27/vision_model/medimageinsigt-v1.0.0.pt
[2026-01-19 10:57:24,024][MedImageInsight.UniCLModel][INFO] - => init lang_encoder.resblocks.10.attn.in_proj_weight from /nas-ctm01/homes/fmferreira/MedImageInsights/2024.09.27/vision_model/medimageinsigt-v1.0.0.pt
[2026-01-19 10:57:24,024][MedImageInsight.UniCLModel][INFO] - => init lang_encoder.resblocks.10.attn.out_proj.bias from /nas-ctm01/homes/fmferreira/MedImageInsights/2024.09.27/vision_model/medimageinsigt-v1.0.0.pt
[2026-01-19 10:57:24,024][MedImageInsight.UniCLModel][INFO] - => init lang_encoder.resblocks.10.attn.out_proj.weight from /nas-ctm01/homes/fmferreira/MedImageInsights/2024.09.27/vision_model/medimageinsigt-v1.0.0.pt
[2026-01-19 10:57:24,024][MedImageInsight.UniCLModel][INFO] - => init lang_encoder.resblocks.10.ln_1.bias from /nas-ctm01/homes/fmferreira/MedImageInsights/2024.09.27/vision_model/medimageinsigt-v1.0.0.pt
[2026-01-19 10:57:24,024][MedImageInsight.UniCLModel][INFO] - => init lang_encoder.resblocks.10.ln_1.weight from /nas-ctm01/homes/fmferreira/MedImageInsights/2024.09.27/vision_model/medimageinsigt-v1.0.0.pt
[2026-01-19 10:57:24,024][MedImageInsight.UniCLModel][INFO] - => init lang_encoder.resblocks.10.ln_2.bias from /nas-ctm01/homes/fmferreira/MedImageInsights/2024.09.27/vision_model/medimageinsigt-v1.0.0.pt
[2026-01-19 10:57:24,024][MedImageInsight.UniCLModel][INFO] - => init lang_encoder.resblocks.10.ln_2.weight from /nas-ctm01/homes/fmferreira/MedImageInsights/2024.09.27/vision_model/medimageinsigt-v1.0.0.pt
[2026-01-19 10:57:24,024][MedImageInsight.UniCLModel][INFO] - => init lang_encoder.resblocks.10.mlp.c_fc.bias from /nas-ctm01/homes/fmferreira/MedImageInsights/2024.09.27/vision_model/medimageinsigt-v1.0.0.pt
[2026-01-19 10:57:24,024][MedImageInsight.UniCLModel][INFO] - => init lang_encoder.resblocks.10.mlp.c_fc.weight from /nas-ctm01/homes/fmferreira/MedImageInsights/2024.09.27/vision_model/medimageinsigt-v1.0.0.pt
[2026-01-19 10:57:24,024][MedImageInsight.UniCLModel][INFO] - => init lang_encoder.resblocks.10.mlp.c_proj.bias from /nas-ctm01/homes/fmferreira/MedImageInsights/2024.09.27/vision_model/medimageinsigt-v1.0.0.pt
[2026-01-19 10:57:24,024][MedImageInsight.UniCLModel][INFO] - => init lang_encoder.resblocks.10.mlp.c_proj.weight from /nas-ctm01/homes/fmferreira/MedImageInsights/2024.09.27/vision_model/medimageinsigt-v1.0.0.pt
[2026-01-19 10:57:24,024][MedImageInsight.UniCLModel][INFO] - => init lang_encoder.resblocks.11.attn.in_proj_bias from /nas-ctm01/homes/fmferreira/MedImageInsights/2024.09.27/vision_model/medimageinsigt-v1.0.0.pt
[2026-01-19 10:57:24,024][MedImageInsight.UniCLModel][INFO] - => init lang_encoder.resblocks.11.attn.in_proj_weight from /nas-ctm01/homes/fmferreira/MedImageInsights/2024.09.27/vision_model/medimageinsigt-v1.0.0.pt
[2026-01-19 10:57:24,024][MedImageInsight.UniCLModel][INFO] - => init lang_encoder.resblocks.11.attn.out_proj.bias from /nas-ctm01/homes/fmferreira/MedImageInsights/2024.09.27/vision_model/medimageinsigt-v1.0.0.pt
[2026-01-19 10:57:24,024][MedImageInsight.UniCLModel][INFO] - => init lang_encoder.resblocks.11.attn.out_proj.weight from /nas-ctm01/homes/fmferreira/MedImageInsights/2024.09.27/vision_model/medimageinsigt-v1.0.0.pt
[2026-01-19 10:57:24,024][MedImageInsight.UniCLModel][INFO] - => init lang_encoder.resblocks.11.ln_1.bias from /nas-ctm01/homes/fmferreira/MedImageInsights/2024.09.27/vision_model/medimageinsigt-v1.0.0.pt
[2026-01-19 10:57:24,024][MedImageInsight.UniCLModel][INFO] - => init lang_encoder.resblocks.11.ln_1.weight from /nas-ctm01/homes/fmferreira/MedImageInsights/2024.09.27/vision_model/medimageinsigt-v1.0.0.pt
[2026-01-19 10:57:24,024][MedImageInsight.UniCLModel][INFO] - => init lang_encoder.resblocks.11.ln_2.bias from /nas-ctm01/homes/fmferreira/MedImageInsights/2024.09.27/vision_model/medimageinsigt-v1.0.0.pt
[2026-01-19 10:57:24,024][MedImageInsight.UniCLModel][INFO] - => init lang_encoder.resblocks.11.ln_2.weight from /nas-ctm01/homes/fmferreira/MedImageInsights/2024.09.27/vision_model/medimageinsigt-v1.0.0.pt
[2026-01-19 10:57:24,024][MedImageInsight.UniCLModel][INFO] - => init lang_encoder.resblocks.11.mlp.c_fc.bias from /nas-ctm01/homes/fmferreira/MedImageInsights/2024.09.27/vision_model/medimageinsigt-v1.0.0.pt
[2026-01-19 10:57:24,024][MedImageInsight.UniCLModel][INFO] - => init lang_encoder.resblocks.11.mlp.c_fc.weight from /nas-ctm01/homes/fmferreira/MedImageInsights/2024.09.27/vision_model/medimageinsigt-v1.0.0.pt
[2026-01-19 10:57:24,024][MedImageInsight.UniCLModel][INFO] - => init lang_encoder.resblocks.11.mlp.c_proj.bias from /nas-ctm01/homes/fmferreira/MedImageInsights/2024.09.27/vision_model/medimageinsigt-v1.0.0.pt
[2026-01-19 10:57:24,024][MedImageInsight.UniCLModel][INFO] - => init lang_encoder.resblocks.11.mlp.c_proj.weight from /nas-ctm01/homes/fmferreira/MedImageInsights/2024.09.27/vision_model/medimageinsigt-v1.0.0.pt
[2026-01-19 10:57:24,024][MedImageInsight.UniCLModel][INFO] - => init lang_encoder.resblocks.12.attn.in_proj_bias from /nas-ctm01/homes/fmferreira/MedImageInsights/2024.09.27/vision_model/medimageinsigt-v1.0.0.pt
[2026-01-19 10:57:24,024][MedImageInsight.UniCLModel][INFO] - => init lang_encoder.resblocks.12.attn.in_proj_weight from /nas-ctm01/homes/fmferreira/MedImageInsights/2024.09.27/vision_model/medimageinsigt-v1.0.0.pt
[2026-01-19 10:57:24,024][MedImageInsight.UniCLModel][INFO] - => init lang_encoder.resblocks.12.attn.out_proj.bias from /nas-ctm01/homes/fmferreira/MedImageInsights/2024.09.27/vision_model/medimageinsigt-v1.0.0.pt
[2026-01-19 10:57:24,024][MedImageInsight.UniCLModel][INFO] - => init lang_encoder.resblocks.12.attn.out_proj.weight from /nas-ctm01/homes/fmferreira/MedImageInsights/2024.09.27/vision_model/medimageinsigt-v1.0.0.pt
[2026-01-19 10:57:24,024][MedImageInsight.UniCLModel][INFO] - => init lang_encoder.resblocks.12.ln_1.bias from /nas-ctm01/homes/fmferreira/MedImageInsights/2024.09.27/vision_model/medimageinsigt-v1.0.0.pt
[2026-01-19 10:57:24,024][MedImageInsight.UniCLModel][INFO] - => init lang_encoder.resblocks.12.ln_1.weight from /nas-ctm01/homes/fmferreira/MedImageInsights/2024.09.27/vision_model/medimageinsigt-v1.0.0.pt
[2026-01-19 10:57:24,024][MedImageInsight.UniCLModel][INFO] - => init lang_encoder.resblocks.12.ln_2.bias from /nas-ctm01/homes/fmferreira/MedImageInsights/2024.09.27/vision_model/medimageinsigt-v1.0.0.pt
[2026-01-19 10:57:24,024][MedImageInsight.UniCLModel][INFO] - => init lang_encoder.resblocks.12.ln_2.weight from /nas-ctm01/homes/fmferreira/MedImageInsights/2024.09.27/vision_model/medimageinsigt-v1.0.0.pt
[2026-01-19 10:57:24,024][MedImageInsight.UniCLModel][INFO] - => init lang_encoder.resblocks.12.mlp.c_fc.bias from /nas-ctm01/homes/fmferreira/MedImageInsights/2024.09.27/vision_model/medimageinsigt-v1.0.0.pt
[2026-01-19 10:57:24,024][MedImageInsight.UniCLModel][INFO] - => init lang_encoder.resblocks.12.mlp.c_fc.weight from /nas-ctm01/homes/fmferreira/MedImageInsights/2024.09.27/vision_model/medimageinsigt-v1.0.0.pt
[2026-01-19 10:57:24,024][MedImageInsight.UniCLModel][INFO] - => init lang_encoder.resblocks.12.mlp.c_proj.bias from /nas-ctm01/homes/fmferreira/MedImageInsights/2024.09.27/vision_model/medimageinsigt-v1.0.0.pt
[2026-01-19 10:57:24,025][MedImageInsight.UniCLModel][INFO] - => init lang_encoder.resblocks.12.mlp.c_proj.weight from /nas-ctm01/homes/fmferreira/MedImageInsights/2024.09.27/vision_model/medimageinsigt-v1.0.0.pt
[2026-01-19 10:57:24,025][MedImageInsight.UniCLModel][INFO] - => init lang_encoder.resblocks.13.attn.in_proj_bias from /nas-ctm01/homes/fmferreira/MedImageInsights/2024.09.27/vision_model/medimageinsigt-v1.0.0.pt
[2026-01-19 10:57:24,025][MedImageInsight.UniCLModel][INFO] - => init lang_encoder.resblocks.13.attn.in_proj_weight from /nas-ctm01/homes/fmferreira/MedImageInsights/2024.09.27/vision_model/medimageinsigt-v1.0.0.pt
[2026-01-19 10:57:24,025][MedImageInsight.UniCLModel][INFO] - => init lang_encoder.resblocks.13.attn.out_proj.bias from /nas-ctm01/homes/fmferreira/MedImageInsights/2024.09.27/vision_model/medimageinsigt-v1.0.0.pt
[2026-01-19 10:57:24,025][MedImageInsight.UniCLModel][INFO] - => init lang_encoder.resblocks.13.attn.out_proj.weight from /nas-ctm01/homes/fmferreira/MedImageInsights/2024.09.27/vision_model/medimageinsigt-v1.0.0.pt
[2026-01-19 10:57:24,025][MedImageInsight.UniCLModel][INFO] - => init lang_encoder.resblocks.13.ln_1.bias from /nas-ctm01/homes/fmferreira/MedImageInsights/2024.09.27/vision_model/medimageinsigt-v1.0.0.pt
[2026-01-19 10:57:24,025][MedImageInsight.UniCLModel][INFO] - => init lang_encoder.resblocks.13.ln_1.weight from /nas-ctm01/homes/fmferreira/MedImageInsights/2024.09.27/vision_model/medimageinsigt-v1.0.0.pt
[2026-01-19 10:57:24,025][MedImageInsight.UniCLModel][INFO] - => init lang_encoder.resblocks.13.ln_2.bias from /nas-ctm01/homes/fmferreira/MedImageInsights/2024.09.27/vision_model/medimageinsigt-v1.0.0.pt
[2026-01-19 10:57:24,025][MedImageInsight.UniCLModel][INFO] - => init lang_encoder.resblocks.13.ln_2.weight from /nas-ctm01/homes/fmferreira/MedImageInsights/2024.09.27/vision_model/medimageinsigt-v1.0.0.pt
[2026-01-19 10:57:24,025][MedImageInsight.UniCLModel][INFO] - => init lang_encoder.resblocks.13.mlp.c_fc.bias from /nas-ctm01/homes/fmferreira/MedImageInsights/2024.09.27/vision_model/medimageinsigt-v1.0.0.pt
[2026-01-19 10:57:24,025][MedImageInsight.UniCLModel][INFO] - => init lang_encoder.resblocks.13.mlp.c_fc.weight from /nas-ctm01/homes/fmferreira/MedImageInsights/2024.09.27/vision_model/medimageinsigt-v1.0.0.pt
[2026-01-19 10:57:24,025][MedImageInsight.UniCLModel][INFO] - => init lang_encoder.resblocks.13.mlp.c_proj.bias from /nas-ctm01/homes/fmferreira/MedImageInsights/2024.09.27/vision_model/medimageinsigt-v1.0.0.pt
[2026-01-19 10:57:24,025][MedImageInsight.UniCLModel][INFO] - => init lang_encoder.resblocks.13.mlp.c_proj.weight from /nas-ctm01/homes/fmferreira/MedImageInsights/2024.09.27/vision_model/medimageinsigt-v1.0.0.pt
[2026-01-19 10:57:24,025][MedImageInsight.UniCLModel][INFO] - => init lang_encoder.resblocks.14.attn.in_proj_bias from /nas-ctm01/homes/fmferreira/MedImageInsights/2024.09.27/vision_model/medimageinsigt-v1.0.0.pt
[2026-01-19 10:57:24,025][MedImageInsight.UniCLModel][INFO] - => init lang_encoder.resblocks.14.attn.in_proj_weight from /nas-ctm01/homes/fmferreira/MedImageInsights/2024.09.27/vision_model/medimageinsigt-v1.0.0.pt
[2026-01-19 10:57:24,025][MedImageInsight.UniCLModel][INFO] - => init lang_encoder.resblocks.14.attn.out_proj.bias from /nas-ctm01/homes/fmferreira/MedImageInsights/2024.09.27/vision_model/medimageinsigt-v1.0.0.pt
[2026-01-19 10:57:24,025][MedImageInsight.UniCLModel][INFO] - => init lang_encoder.resblocks.14.attn.out_proj.weight from /nas-ctm01/homes/fmferreira/MedImageInsights/2024.09.27/vision_model/medimageinsigt-v1.0.0.pt
[2026-01-19 10:57:24,025][MedImageInsight.UniCLModel][INFO] - => init lang_encoder.resblocks.14.ln_1.bias from /nas-ctm01/homes/fmferreira/MedImageInsights/2024.09.27/vision_model/medimageinsigt-v1.0.0.pt
[2026-01-19 10:57:24,025][MedImageInsight.UniCLModel][INFO] - => init lang_encoder.resblocks.14.ln_1.weight from /nas-ctm01/homes/fmferreira/MedImageInsights/2024.09.27/vision_model/medimageinsigt-v1.0.0.pt
[2026-01-19 10:57:24,025][MedImageInsight.UniCLModel][INFO] - => init lang_encoder.resblocks.14.ln_2.bias from /nas-ctm01/homes/fmferreira/MedImageInsights/2024.09.27/vision_model/medimageinsigt-v1.0.0.pt
[2026-01-19 10:57:24,025][MedImageInsight.UniCLModel][INFO] - => init lang_encoder.resblocks.14.ln_2.weight from /nas-ctm01/homes/fmferreira/MedImageInsights/2024.09.27/vision_model/medimageinsigt-v1.0.0.pt
[2026-01-19 10:57:24,025][MedImageInsight.UniCLModel][INFO] - => init lang_encoder.resblocks.14.mlp.c_fc.bias from /nas-ctm01/homes/fmferreira/MedImageInsights/2024.09.27/vision_model/medimageinsigt-v1.0.0.pt
[2026-01-19 10:57:24,025][MedImageInsight.UniCLModel][INFO] - => init lang_encoder.resblocks.14.mlp.c_fc.weight from /nas-ctm01/homes/fmferreira/MedImageInsights/2024.09.27/vision_model/medimageinsigt-v1.0.0.pt
[2026-01-19 10:57:24,025][MedImageInsight.UniCLModel][INFO] - => init lang_encoder.resblocks.14.mlp.c_proj.bias from /nas-ctm01/homes/fmferreira/MedImageInsights/2024.09.27/vision_model/medimageinsigt-v1.0.0.pt
[2026-01-19 10:57:24,025][MedImageInsight.UniCLModel][INFO] - => init lang_encoder.resblocks.14.mlp.c_proj.weight from /nas-ctm01/homes/fmferreira/MedImageInsights/2024.09.27/vision_model/medimageinsigt-v1.0.0.pt
[2026-01-19 10:57:24,025][MedImageInsight.UniCLModel][INFO] - => init lang_encoder.resblocks.15.attn.in_proj_bias from /nas-ctm01/homes/fmferreira/MedImageInsights/2024.09.27/vision_model/medimageinsigt-v1.0.0.pt
[2026-01-19 10:57:24,025][MedImageInsight.UniCLModel][INFO] - => init lang_encoder.resblocks.15.attn.in_proj_weight from /nas-ctm01/homes/fmferreira/MedImageInsights/2024.09.27/vision_model/medimageinsigt-v1.0.0.pt
[2026-01-19 10:57:24,025][MedImageInsight.UniCLModel][INFO] - => init lang_encoder.resblocks.15.attn.out_proj.bias from /nas-ctm01/homes/fmferreira/MedImageInsights/2024.09.27/vision_model/medimageinsigt-v1.0.0.pt
[2026-01-19 10:57:24,025][MedImageInsight.UniCLModel][INFO] - => init lang_encoder.resblocks.15.attn.out_proj.weight from /nas-ctm01/homes/fmferreira/MedImageInsights/2024.09.27/vision_model/medimageinsigt-v1.0.0.pt
[2026-01-19 10:57:24,025][MedImageInsight.UniCLModel][INFO] - => init lang_encoder.resblocks.15.ln_1.bias from /nas-ctm01/homes/fmferreira/MedImageInsights/2024.09.27/vision_model/medimageinsigt-v1.0.0.pt
[2026-01-19 10:57:24,025][MedImageInsight.UniCLModel][INFO] - => init lang_encoder.resblocks.15.ln_1.weight from /nas-ctm01/homes/fmferreira/MedImageInsights/2024.09.27/vision_model/medimageinsigt-v1.0.0.pt
[2026-01-19 10:57:24,025][MedImageInsight.UniCLModel][INFO] - => init lang_encoder.resblocks.15.ln_2.bias from /nas-ctm01/homes/fmferreira/MedImageInsights/2024.09.27/vision_model/medimageinsigt-v1.0.0.pt
[2026-01-19 10:57:24,025][MedImageInsight.UniCLModel][INFO] - => init lang_encoder.resblocks.15.ln_2.weight from /nas-ctm01/homes/fmferreira/MedImageInsights/2024.09.27/vision_model/medimageinsigt-v1.0.0.pt
[2026-01-19 10:57:24,025][MedImageInsight.UniCLModel][INFO] - => init lang_encoder.resblocks.15.mlp.c_fc.bias from /nas-ctm01/homes/fmferreira/MedImageInsights/2024.09.27/vision_model/medimageinsigt-v1.0.0.pt
[2026-01-19 10:57:24,025][MedImageInsight.UniCLModel][INFO] - => init lang_encoder.resblocks.15.mlp.c_fc.weight from /nas-ctm01/homes/fmferreira/MedImageInsights/2024.09.27/vision_model/medimageinsigt-v1.0.0.pt
[2026-01-19 10:57:24,025][MedImageInsight.UniCLModel][INFO] - => init lang_encoder.resblocks.15.mlp.c_proj.bias from /nas-ctm01/homes/fmferreira/MedImageInsights/2024.09.27/vision_model/medimageinsigt-v1.0.0.pt
[2026-01-19 10:57:24,025][MedImageInsight.UniCLModel][INFO] - => init lang_encoder.resblocks.15.mlp.c_proj.weight from /nas-ctm01/homes/fmferreira/MedImageInsights/2024.09.27/vision_model/medimageinsigt-v1.0.0.pt
[2026-01-19 10:57:24,025][MedImageInsight.UniCLModel][INFO] - => init lang_encoder.resblocks.2.attn.in_proj_bias from /nas-ctm01/homes/fmferreira/MedImageInsights/2024.09.27/vision_model/medimageinsigt-v1.0.0.pt
[2026-01-19 10:57:24,025][MedImageInsight.UniCLModel][INFO] - => init lang_encoder.resblocks.2.attn.in_proj_weight from /nas-ctm01/homes/fmferreira/MedImageInsights/2024.09.27/vision_model/medimageinsigt-v1.0.0.pt
[2026-01-19 10:57:24,025][MedImageInsight.UniCLModel][INFO] - => init lang_encoder.resblocks.2.attn.out_proj.bias from /nas-ctm01/homes/fmferreira/MedImageInsights/2024.09.27/vision_model/medimageinsigt-v1.0.0.pt
[2026-01-19 10:57:24,025][MedImageInsight.UniCLModel][INFO] - => init lang_encoder.resblocks.2.attn.out_proj.weight from /nas-ctm01/homes/fmferreira/MedImageInsights/2024.09.27/vision_model/medimageinsigt-v1.0.0.pt
[2026-01-19 10:57:24,025][MedImageInsight.UniCLModel][INFO] - => init lang_encoder.resblocks.2.ln_1.bias from /nas-ctm01/homes/fmferreira/MedImageInsights/2024.09.27/vision_model/medimageinsigt-v1.0.0.pt
[2026-01-19 10:57:24,025][MedImageInsight.UniCLModel][INFO] - => init lang_encoder.resblocks.2.ln_1.weight from /nas-ctm01/homes/fmferreira/MedImageInsights/2024.09.27/vision_model/medimageinsigt-v1.0.0.pt
[2026-01-19 10:57:24,025][MedImageInsight.UniCLModel][INFO] - => init lang_encoder.resblocks.2.ln_2.bias from /nas-ctm01/homes/fmferreira/MedImageInsights/2024.09.27/vision_model/medimageinsigt-v1.0.0.pt
[2026-01-19 10:57:24,025][MedImageInsight.UniCLModel][INFO] - => init lang_encoder.resblocks.2.ln_2.weight from /nas-ctm01/homes/fmferreira/MedImageInsights/2024.09.27/vision_model/medimageinsigt-v1.0.0.pt
[2026-01-19 10:57:24,025][MedImageInsight.UniCLModel][INFO] - => init lang_encoder.resblocks.2.mlp.c_fc.bias from /nas-ctm01/homes/fmferreira/MedImageInsights/2024.09.27/vision_model/medimageinsigt-v1.0.0.pt
[2026-01-19 10:57:24,025][MedImageInsight.UniCLModel][INFO] - => init lang_encoder.resblocks.2.mlp.c_fc.weight from /nas-ctm01/homes/fmferreira/MedImageInsights/2024.09.27/vision_model/medimageinsigt-v1.0.0.pt
[2026-01-19 10:57:24,025][MedImageInsight.UniCLModel][INFO] - => init lang_encoder.resblocks.2.mlp.c_proj.bias from /nas-ctm01/homes/fmferreira/MedImageInsights/2024.09.27/vision_model/medimageinsigt-v1.0.0.pt
[2026-01-19 10:57:24,025][MedImageInsight.UniCLModel][INFO] - => init lang_encoder.resblocks.2.mlp.c_proj.weight from /nas-ctm01/homes/fmferreira/MedImageInsights/2024.09.27/vision_model/medimageinsigt-v1.0.0.pt
[2026-01-19 10:57:24,025][MedImageInsight.UniCLModel][INFO] - => init lang_encoder.resblocks.3.attn.in_proj_bias from /nas-ctm01/homes/fmferreira/MedImageInsights/2024.09.27/vision_model/medimageinsigt-v1.0.0.pt
[2026-01-19 10:57:24,025][MedImageInsight.UniCLModel][INFO] - => init lang_encoder.resblocks.3.attn.in_proj_weight from /nas-ctm01/homes/fmferreira/MedImageInsights/2024.09.27/vision_model/medimageinsigt-v1.0.0.pt
[2026-01-19 10:57:24,025][MedImageInsight.UniCLModel][INFO] - => init lang_encoder.resblocks.3.attn.out_proj.bias from /nas-ctm01/homes/fmferreira/MedImageInsights/2024.09.27/vision_model/medimageinsigt-v1.0.0.pt
[2026-01-19 10:57:24,025][MedImageInsight.UniCLModel][INFO] - => init lang_encoder.resblocks.3.attn.out_proj.weight from /nas-ctm01/homes/fmferreira/MedImageInsights/2024.09.27/vision_model/medimageinsigt-v1.0.0.pt
[2026-01-19 10:57:24,025][MedImageInsight.UniCLModel][INFO] - => init lang_encoder.resblocks.3.ln_1.bias from /nas-ctm01/homes/fmferreira/MedImageInsights/2024.09.27/vision_model/medimageinsigt-v1.0.0.pt
[2026-01-19 10:57:24,025][MedImageInsight.UniCLModel][INFO] - => init lang_encoder.resblocks.3.ln_1.weight from /nas-ctm01/homes/fmferreira/MedImageInsights/2024.09.27/vision_model/medimageinsigt-v1.0.0.pt
[2026-01-19 10:57:24,025][MedImageInsight.UniCLModel][INFO] - => init lang_encoder.resblocks.3.ln_2.bias from /nas-ctm01/homes/fmferreira/MedImageInsights/2024.09.27/vision_model/medimageinsigt-v1.0.0.pt
[2026-01-19 10:57:24,026][MedImageInsight.UniCLModel][INFO] - => init lang_encoder.resblocks.3.ln_2.weight from /nas-ctm01/homes/fmferreira/MedImageInsights/2024.09.27/vision_model/medimageinsigt-v1.0.0.pt
[2026-01-19 10:57:24,026][MedImageInsight.UniCLModel][INFO] - => init lang_encoder.resblocks.3.mlp.c_fc.bias from /nas-ctm01/homes/fmferreira/MedImageInsights/2024.09.27/vision_model/medimageinsigt-v1.0.0.pt
[2026-01-19 10:57:24,026][MedImageInsight.UniCLModel][INFO] - => init lang_encoder.resblocks.3.mlp.c_fc.weight from /nas-ctm01/homes/fmferreira/MedImageInsights/2024.09.27/vision_model/medimageinsigt-v1.0.0.pt
[2026-01-19 10:57:24,026][MedImageInsight.UniCLModel][INFO] - => init lang_encoder.resblocks.3.mlp.c_proj.bias from /nas-ctm01/homes/fmferreira/MedImageInsights/2024.09.27/vision_model/medimageinsigt-v1.0.0.pt
[2026-01-19 10:57:24,026][MedImageInsight.UniCLModel][INFO] - => init lang_encoder.resblocks.3.mlp.c_proj.weight from /nas-ctm01/homes/fmferreira/MedImageInsights/2024.09.27/vision_model/medimageinsigt-v1.0.0.pt
[2026-01-19 10:57:24,026][MedImageInsight.UniCLModel][INFO] - => init lang_encoder.resblocks.4.attn.in_proj_bias from /nas-ctm01/homes/fmferreira/MedImageInsights/2024.09.27/vision_model/medimageinsigt-v1.0.0.pt
[2026-01-19 10:57:24,026][MedImageInsight.UniCLModel][INFO] - => init lang_encoder.resblocks.4.attn.in_proj_weight from /nas-ctm01/homes/fmferreira/MedImageInsights/2024.09.27/vision_model/medimageinsigt-v1.0.0.pt
[2026-01-19 10:57:24,026][MedImageInsight.UniCLModel][INFO] - => init lang_encoder.resblocks.4.attn.out_proj.bias from /nas-ctm01/homes/fmferreira/MedImageInsights/2024.09.27/vision_model/medimageinsigt-v1.0.0.pt
[2026-01-19 10:57:24,026][MedImageInsight.UniCLModel][INFO] - => init lang_encoder.resblocks.4.attn.out_proj.weight from /nas-ctm01/homes/fmferreira/MedImageInsights/2024.09.27/vision_model/medimageinsigt-v1.0.0.pt
[2026-01-19 10:57:24,026][MedImageInsight.UniCLModel][INFO] - => init lang_encoder.resblocks.4.ln_1.bias from /nas-ctm01/homes/fmferreira/MedImageInsights/2024.09.27/vision_model/medimageinsigt-v1.0.0.pt
[2026-01-19 10:57:24,026][MedImageInsight.UniCLModel][INFO] - => init lang_encoder.resblocks.4.ln_1.weight from /nas-ctm01/homes/fmferreira/MedImageInsights/2024.09.27/vision_model/medimageinsigt-v1.0.0.pt
[2026-01-19 10:57:24,026][MedImageInsight.UniCLModel][INFO] - => init lang_encoder.resblocks.4.ln_2.bias from /nas-ctm01/homes/fmferreira/MedImageInsights/2024.09.27/vision_model/medimageinsigt-v1.0.0.pt
[2026-01-19 10:57:24,026][MedImageInsight.UniCLModel][INFO] - => init lang_encoder.resblocks.4.ln_2.weight from /nas-ctm01/homes/fmferreira/MedImageInsights/2024.09.27/vision_model/medimageinsigt-v1.0.0.pt
[2026-01-19 10:57:24,026][MedImageInsight.UniCLModel][INFO] - => init lang_encoder.resblocks.4.mlp.c_fc.bias from /nas-ctm01/homes/fmferreira/MedImageInsights/2024.09.27/vision_model/medimageinsigt-v1.0.0.pt
[2026-01-19 10:57:24,026][MedImageInsight.UniCLModel][INFO] - => init lang_encoder.resblocks.4.mlp.c_fc.weight from /nas-ctm01/homes/fmferreira/MedImageInsights/2024.09.27/vision_model/medimageinsigt-v1.0.0.pt
[2026-01-19 10:57:24,026][MedImageInsight.UniCLModel][INFO] - => init lang_encoder.resblocks.4.mlp.c_proj.bias from /nas-ctm01/homes/fmferreira/MedImageInsights/2024.09.27/vision_model/medimageinsigt-v1.0.0.pt
[2026-01-19 10:57:24,026][MedImageInsight.UniCLModel][INFO] - => init lang_encoder.resblocks.4.mlp.c_proj.weight from /nas-ctm01/homes/fmferreira/MedImageInsights/2024.09.27/vision_model/medimageinsigt-v1.0.0.pt
[2026-01-19 10:57:24,026][MedImageInsight.UniCLModel][INFO] - => init lang_encoder.resblocks.5.attn.in_proj_bias from /nas-ctm01/homes/fmferreira/MedImageInsights/2024.09.27/vision_model/medimageinsigt-v1.0.0.pt
[2026-01-19 10:57:24,026][MedImageInsight.UniCLModel][INFO] - => init lang_encoder.resblocks.5.attn.in_proj_weight from /nas-ctm01/homes/fmferreira/MedImageInsights/2024.09.27/vision_model/medimageinsigt-v1.0.0.pt
[2026-01-19 10:57:24,026][MedImageInsight.UniCLModel][INFO] - => init lang_encoder.resblocks.5.attn.out_proj.bias from /nas-ctm01/homes/fmferreira/MedImageInsights/2024.09.27/vision_model/medimageinsigt-v1.0.0.pt
[2026-01-19 10:57:24,026][MedImageInsight.UniCLModel][INFO] - => init lang_encoder.resblocks.5.attn.out_proj.weight from /nas-ctm01/homes/fmferreira/MedImageInsights/2024.09.27/vision_model/medimageinsigt-v1.0.0.pt
[2026-01-19 10:57:24,026][MedImageInsight.UniCLModel][INFO] - => init lang_encoder.resblocks.5.ln_1.bias from /nas-ctm01/homes/fmferreira/MedImageInsights/2024.09.27/vision_model/medimageinsigt-v1.0.0.pt
[2026-01-19 10:57:24,026][MedImageInsight.UniCLModel][INFO] - => init lang_encoder.resblocks.5.ln_1.weight from /nas-ctm01/homes/fmferreira/MedImageInsights/2024.09.27/vision_model/medimageinsigt-v1.0.0.pt
[2026-01-19 10:57:24,026][MedImageInsight.UniCLModel][INFO] - => init lang_encoder.resblocks.5.ln_2.bias from /nas-ctm01/homes/fmferreira/MedImageInsights/2024.09.27/vision_model/medimageinsigt-v1.0.0.pt
[2026-01-19 10:57:24,026][MedImageInsight.UniCLModel][INFO] - => init lang_encoder.resblocks.5.ln_2.weight from /nas-ctm01/homes/fmferreira/MedImageInsights/2024.09.27/vision_model/medimageinsigt-v1.0.0.pt
[2026-01-19 10:57:24,026][MedImageInsight.UniCLModel][INFO] - => init lang_encoder.resblocks.5.mlp.c_fc.bias from /nas-ctm01/homes/fmferreira/MedImageInsights/2024.09.27/vision_model/medimageinsigt-v1.0.0.pt
[2026-01-19 10:57:24,026][MedImageInsight.UniCLModel][INFO] - => init lang_encoder.resblocks.5.mlp.c_fc.weight from /nas-ctm01/homes/fmferreira/MedImageInsights/2024.09.27/vision_model/medimageinsigt-v1.0.0.pt
[2026-01-19 10:57:24,026][MedImageInsight.UniCLModel][INFO] - => init lang_encoder.resblocks.5.mlp.c_proj.bias from /nas-ctm01/homes/fmferreira/MedImageInsights/2024.09.27/vision_model/medimageinsigt-v1.0.0.pt
[2026-01-19 10:57:24,026][MedImageInsight.UniCLModel][INFO] - => init lang_encoder.resblocks.5.mlp.c_proj.weight from /nas-ctm01/homes/fmferreira/MedImageInsights/2024.09.27/vision_model/medimageinsigt-v1.0.0.pt
[2026-01-19 10:57:24,026][MedImageInsight.UniCLModel][INFO] - => init lang_encoder.resblocks.6.attn.in_proj_bias from /nas-ctm01/homes/fmferreira/MedImageInsights/2024.09.27/vision_model/medimageinsigt-v1.0.0.pt
[2026-01-19 10:57:24,026][MedImageInsight.UniCLModel][INFO] - => init lang_encoder.resblocks.6.attn.in_proj_weight from /nas-ctm01/homes/fmferreira/MedImageInsights/2024.09.27/vision_model/medimageinsigt-v1.0.0.pt
[2026-01-19 10:57:24,026][MedImageInsight.UniCLModel][INFO] - => init lang_encoder.resblocks.6.attn.out_proj.bias from /nas-ctm01/homes/fmferreira/MedImageInsights/2024.09.27/vision_model/medimageinsigt-v1.0.0.pt
[2026-01-19 10:57:24,026][MedImageInsight.UniCLModel][INFO] - => init lang_encoder.resblocks.6.attn.out_proj.weight from /nas-ctm01/homes/fmferreira/MedImageInsights/2024.09.27/vision_model/medimageinsigt-v1.0.0.pt
[2026-01-19 10:57:24,026][MedImageInsight.UniCLModel][INFO] - => init lang_encoder.resblocks.6.ln_1.bias from /nas-ctm01/homes/fmferreira/MedImageInsights/2024.09.27/vision_model/medimageinsigt-v1.0.0.pt
[2026-01-19 10:57:24,026][MedImageInsight.UniCLModel][INFO] - => init lang_encoder.resblocks.6.ln_1.weight from /nas-ctm01/homes/fmferreira/MedImageInsights/2024.09.27/vision_model/medimageinsigt-v1.0.0.pt
[2026-01-19 10:57:24,026][MedImageInsight.UniCLModel][INFO] - => init lang_encoder.resblocks.6.ln_2.bias from /nas-ctm01/homes/fmferreira/MedImageInsights/2024.09.27/vision_model/medimageinsigt-v1.0.0.pt
[2026-01-19 10:57:24,026][MedImageInsight.UniCLModel][INFO] - => init lang_encoder.resblocks.6.ln_2.weight from /nas-ctm01/homes/fmferreira/MedImageInsights/2024.09.27/vision_model/medimageinsigt-v1.0.0.pt
[2026-01-19 10:57:24,026][MedImageInsight.UniCLModel][INFO] - => init lang_encoder.resblocks.6.mlp.c_fc.bias from /nas-ctm01/homes/fmferreira/MedImageInsights/2024.09.27/vision_model/medimageinsigt-v1.0.0.pt
[2026-01-19 10:57:24,026][MedImageInsight.UniCLModel][INFO] - => init lang_encoder.resblocks.6.mlp.c_fc.weight from /nas-ctm01/homes/fmferreira/MedImageInsights/2024.09.27/vision_model/medimageinsigt-v1.0.0.pt
[2026-01-19 10:57:24,026][MedImageInsight.UniCLModel][INFO] - => init lang_encoder.resblocks.6.mlp.c_proj.bias from /nas-ctm01/homes/fmferreira/MedImageInsights/2024.09.27/vision_model/medimageinsigt-v1.0.0.pt
[2026-01-19 10:57:24,026][MedImageInsight.UniCLModel][INFO] - => init lang_encoder.resblocks.6.mlp.c_proj.weight from /nas-ctm01/homes/fmferreira/MedImageInsights/2024.09.27/vision_model/medimageinsigt-v1.0.0.pt
[2026-01-19 10:57:24,026][MedImageInsight.UniCLModel][INFO] - => init lang_encoder.resblocks.7.attn.in_proj_bias from /nas-ctm01/homes/fmferreira/MedImageInsights/2024.09.27/vision_model/medimageinsigt-v1.0.0.pt
[2026-01-19 10:57:24,026][MedImageInsight.UniCLModel][INFO] - => init lang_encoder.resblocks.7.attn.in_proj_weight from /nas-ctm01/homes/fmferreira/MedImageInsights/2024.09.27/vision_model/medimageinsigt-v1.0.0.pt
[2026-01-19 10:57:24,026][MedImageInsight.UniCLModel][INFO] - => init lang_encoder.resblocks.7.attn.out_proj.bias from /nas-ctm01/homes/fmferreira/MedImageInsights/2024.09.27/vision_model/medimageinsigt-v1.0.0.pt
[2026-01-19 10:57:24,026][MedImageInsight.UniCLModel][INFO] - => init lang_encoder.resblocks.7.attn.out_proj.weight from /nas-ctm01/homes/fmferreira/MedImageInsights/2024.09.27/vision_model/medimageinsigt-v1.0.0.pt
[2026-01-19 10:57:24,026][MedImageInsight.UniCLModel][INFO] - => init lang_encoder.resblocks.7.ln_1.bias from /nas-ctm01/homes/fmferreira/MedImageInsights/2024.09.27/vision_model/medimageinsigt-v1.0.0.pt
[2026-01-19 10:57:24,026][MedImageInsight.UniCLModel][INFO] - => init lang_encoder.resblocks.7.ln_1.weight from /nas-ctm01/homes/fmferreira/MedImageInsights/2024.09.27/vision_model/medimageinsigt-v1.0.0.pt
[2026-01-19 10:57:24,026][MedImageInsight.UniCLModel][INFO] - => init lang_encoder.resblocks.7.ln_2.bias from /nas-ctm01/homes/fmferreira/MedImageInsights/2024.09.27/vision_model/medimageinsigt-v1.0.0.pt
[2026-01-19 10:57:24,026][MedImageInsight.UniCLModel][INFO] - => init lang_encoder.resblocks.7.ln_2.weight from /nas-ctm01/homes/fmferreira/MedImageInsights/2024.09.27/vision_model/medimageinsigt-v1.0.0.pt
[2026-01-19 10:57:24,026][MedImageInsight.UniCLModel][INFO] - => init lang_encoder.resblocks.7.mlp.c_fc.bias from /nas-ctm01/homes/fmferreira/MedImageInsights/2024.09.27/vision_model/medimageinsigt-v1.0.0.pt
[2026-01-19 10:57:24,026][MedImageInsight.UniCLModel][INFO] - => init lang_encoder.resblocks.7.mlp.c_fc.weight from /nas-ctm01/homes/fmferreira/MedImageInsights/2024.09.27/vision_model/medimageinsigt-v1.0.0.pt
[2026-01-19 10:57:24,026][MedImageInsight.UniCLModel][INFO] - => init lang_encoder.resblocks.7.mlp.c_proj.bias from /nas-ctm01/homes/fmferreira/MedImageInsights/2024.09.27/vision_model/medimageinsigt-v1.0.0.pt
[2026-01-19 10:57:24,026][MedImageInsight.UniCLModel][INFO] - => init lang_encoder.resblocks.7.mlp.c_proj.weight from /nas-ctm01/homes/fmferreira/MedImageInsights/2024.09.27/vision_model/medimageinsigt-v1.0.0.pt
[2026-01-19 10:57:24,026][MedImageInsight.UniCLModel][INFO] - => init lang_encoder.resblocks.8.attn.in_proj_bias from /nas-ctm01/homes/fmferreira/MedImageInsights/2024.09.27/vision_model/medimageinsigt-v1.0.0.pt
[2026-01-19 10:57:24,026][MedImageInsight.UniCLModel][INFO] - => init lang_encoder.resblocks.8.attn.in_proj_weight from /nas-ctm01/homes/fmferreira/MedImageInsights/2024.09.27/vision_model/medimageinsigt-v1.0.0.pt
[2026-01-19 10:57:24,026][MedImageInsight.UniCLModel][INFO] - => init lang_encoder.resblocks.8.attn.out_proj.bias from /nas-ctm01/homes/fmferreira/MedImageInsights/2024.09.27/vision_model/medimageinsigt-v1.0.0.pt
[2026-01-19 10:57:24,026][MedImageInsight.UniCLModel][INFO] - => init lang_encoder.resblocks.8.attn.out_proj.weight from /nas-ctm01/homes/fmferreira/MedImageInsights/2024.09.27/vision_model/medimageinsigt-v1.0.0.pt
[2026-01-19 10:57:24,027][MedImageInsight.UniCLModel][INFO] - => init lang_encoder.resblocks.8.ln_1.bias from /nas-ctm01/homes/fmferreira/MedImageInsights/2024.09.27/vision_model/medimageinsigt-v1.0.0.pt
[2026-01-19 10:57:24,027][MedImageInsight.UniCLModel][INFO] - => init lang_encoder.resblocks.8.ln_1.weight from /nas-ctm01/homes/fmferreira/MedImageInsights/2024.09.27/vision_model/medimageinsigt-v1.0.0.pt
[2026-01-19 10:57:24,027][MedImageInsight.UniCLModel][INFO] - => init lang_encoder.resblocks.8.ln_2.bias from /nas-ctm01/homes/fmferreira/MedImageInsights/2024.09.27/vision_model/medimageinsigt-v1.0.0.pt
[2026-01-19 10:57:24,027][MedImageInsight.UniCLModel][INFO] - => init lang_encoder.resblocks.8.ln_2.weight from /nas-ctm01/homes/fmferreira/MedImageInsights/2024.09.27/vision_model/medimageinsigt-v1.0.0.pt
[2026-01-19 10:57:24,027][MedImageInsight.UniCLModel][INFO] - => init lang_encoder.resblocks.8.mlp.c_fc.bias from /nas-ctm01/homes/fmferreira/MedImageInsights/2024.09.27/vision_model/medimageinsigt-v1.0.0.pt
[2026-01-19 10:57:24,027][MedImageInsight.UniCLModel][INFO] - => init lang_encoder.resblocks.8.mlp.c_fc.weight from /nas-ctm01/homes/fmferreira/MedImageInsights/2024.09.27/vision_model/medimageinsigt-v1.0.0.pt
[2026-01-19 10:57:24,027][MedImageInsight.UniCLModel][INFO] - => init lang_encoder.resblocks.8.mlp.c_proj.bias from /nas-ctm01/homes/fmferreira/MedImageInsights/2024.09.27/vision_model/medimageinsigt-v1.0.0.pt
[2026-01-19 10:57:24,027][MedImageInsight.UniCLModel][INFO] - => init lang_encoder.resblocks.8.mlp.c_proj.weight from /nas-ctm01/homes/fmferreira/MedImageInsights/2024.09.27/vision_model/medimageinsigt-v1.0.0.pt
[2026-01-19 10:57:24,027][MedImageInsight.UniCLModel][INFO] - => init lang_encoder.resblocks.9.attn.in_proj_bias from /nas-ctm01/homes/fmferreira/MedImageInsights/2024.09.27/vision_model/medimageinsigt-v1.0.0.pt
[2026-01-19 10:57:24,027][MedImageInsight.UniCLModel][INFO] - => init lang_encoder.resblocks.9.attn.in_proj_weight from /nas-ctm01/homes/fmferreira/MedImageInsights/2024.09.27/vision_model/medimageinsigt-v1.0.0.pt
[2026-01-19 10:57:24,027][MedImageInsight.UniCLModel][INFO] - => init lang_encoder.resblocks.9.attn.out_proj.bias from /nas-ctm01/homes/fmferreira/MedImageInsights/2024.09.27/vision_model/medimageinsigt-v1.0.0.pt
[2026-01-19 10:57:24,027][MedImageInsight.UniCLModel][INFO] - => init lang_encoder.resblocks.9.attn.out_proj.weight from /nas-ctm01/homes/fmferreira/MedImageInsights/2024.09.27/vision_model/medimageinsigt-v1.0.0.pt
[2026-01-19 10:57:24,027][MedImageInsight.UniCLModel][INFO] - => init lang_encoder.resblocks.9.ln_1.bias from /nas-ctm01/homes/fmferreira/MedImageInsights/2024.09.27/vision_model/medimageinsigt-v1.0.0.pt
[2026-01-19 10:57:24,027][MedImageInsight.UniCLModel][INFO] - => init lang_encoder.resblocks.9.ln_1.weight from /nas-ctm01/homes/fmferreira/MedImageInsights/2024.09.27/vision_model/medimageinsigt-v1.0.0.pt
[2026-01-19 10:57:24,027][MedImageInsight.UniCLModel][INFO] - => init lang_encoder.resblocks.9.ln_2.bias from /nas-ctm01/homes/fmferreira/MedImageInsights/2024.09.27/vision_model/medimageinsigt-v1.0.0.pt
[2026-01-19 10:57:24,027][MedImageInsight.UniCLModel][INFO] - => init lang_encoder.resblocks.9.ln_2.weight from /nas-ctm01/homes/fmferreira/MedImageInsights/2024.09.27/vision_model/medimageinsigt-v1.0.0.pt
[2026-01-19 10:57:24,027][MedImageInsight.UniCLModel][INFO] - => init lang_encoder.resblocks.9.mlp.c_fc.bias from /nas-ctm01/homes/fmferreira/MedImageInsights/2024.09.27/vision_model/medimageinsigt-v1.0.0.pt
[2026-01-19 10:57:24,027][MedImageInsight.UniCLModel][INFO] - => init lang_encoder.resblocks.9.mlp.c_fc.weight from /nas-ctm01/homes/fmferreira/MedImageInsights/2024.09.27/vision_model/medimageinsigt-v1.0.0.pt
[2026-01-19 10:57:24,027][MedImageInsight.UniCLModel][INFO] - => init lang_encoder.resblocks.9.mlp.c_proj.bias from /nas-ctm01/homes/fmferreira/MedImageInsights/2024.09.27/vision_model/medimageinsigt-v1.0.0.pt
[2026-01-19 10:57:24,027][MedImageInsight.UniCLModel][INFO] - => init lang_encoder.resblocks.9.mlp.c_proj.weight from /nas-ctm01/homes/fmferreira/MedImageInsights/2024.09.27/vision_model/medimageinsigt-v1.0.0.pt
[2026-01-19 10:57:24,027][MedImageInsight.UniCLModel][INFO] - => init lang_encoder.token_embedding.weight from /nas-ctm01/homes/fmferreira/MedImageInsights/2024.09.27/vision_model/medimageinsigt-v1.0.0.pt
[2026-01-19 10:57:24,027][MedImageInsight.UniCLModel][INFO] - => init lang_projection from /nas-ctm01/homes/fmferreira/MedImageInsights/2024.09.27/vision_model/medimageinsigt-v1.0.0.pt
[2026-01-19 10:57:24,027][MedImageInsight.UniCLModel][INFO] - => init logit_scale from /nas-ctm01/homes/fmferreira/MedImageInsights/2024.09.27/vision_model/medimageinsigt-v1.0.0.pt
[2026-01-19 10:57:24,029][MedImageInsight.ImageEncoder.davit_v1][INFO] - => init blocks.0.0.channel_block.channel_attn.fn.proj.bias from pretrained state dict
[2026-01-19 10:57:24,029][MedImageInsight.ImageEncoder.davit_v1][INFO] - => init blocks.0.0.channel_block.channel_attn.fn.proj.weight from pretrained state dict
[2026-01-19 10:57:24,029][MedImageInsight.ImageEncoder.davit_v1][INFO] - => init blocks.0.0.channel_block.channel_attn.fn.qkv.bias from pretrained state dict
[2026-01-19 10:57:24,030][MedImageInsight.ImageEncoder.davit_v1][INFO] - => init blocks.0.0.channel_block.channel_attn.fn.qkv.weight from pretrained state dict
[2026-01-19 10:57:24,030][MedImageInsight.ImageEncoder.davit_v1][INFO] - => init blocks.0.0.channel_block.channel_attn.norm.bias from pretrained state dict
[2026-01-19 10:57:24,030][MedImageInsight.ImageEncoder.davit_v1][INFO] - => init blocks.0.0.channel_block.channel_attn.norm.weight from pretrained state dict
[2026-01-19 10:57:24,030][MedImageInsight.ImageEncoder.davit_v1][INFO] - => init blocks.0.0.channel_block.conv1.fn.dw.bias from pretrained state dict
[2026-01-19 10:57:24,030][MedImageInsight.ImageEncoder.davit_v1][INFO] - => init blocks.0.0.channel_block.conv1.fn.dw.weight from pretrained state dict
[2026-01-19 10:57:24,030][MedImageInsight.ImageEncoder.davit_v1][INFO] - => init blocks.0.0.channel_block.conv2.fn.dw.bias from pretrained state dict
[2026-01-19 10:57:24,030][MedImageInsight.ImageEncoder.davit_v1][INFO] - => init blocks.0.0.channel_block.conv2.fn.dw.weight from pretrained state dict
[2026-01-19 10:57:24,030][MedImageInsight.ImageEncoder.davit_v1][INFO] - => init blocks.0.0.channel_block.ffn.fn.net.fc1.bias from pretrained state dict
[2026-01-19 10:57:24,030][MedImageInsight.ImageEncoder.davit_v1][INFO] - => init blocks.0.0.channel_block.ffn.fn.net.fc1.weight from pretrained state dict
[2026-01-19 10:57:24,030][MedImageInsight.ImageEncoder.davit_v1][INFO] - => init blocks.0.0.channel_block.ffn.fn.net.fc2.bias from pretrained state dict
[2026-01-19 10:57:24,030][MedImageInsight.ImageEncoder.davit_v1][INFO] - => init blocks.0.0.channel_block.ffn.fn.net.fc2.weight from pretrained state dict
[2026-01-19 10:57:24,030][MedImageInsight.ImageEncoder.davit_v1][INFO] - => init blocks.0.0.channel_block.ffn.norm.bias from pretrained state dict
[2026-01-19 10:57:24,030][MedImageInsight.ImageEncoder.davit_v1][INFO] - => init blocks.0.0.channel_block.ffn.norm.weight from pretrained state dict
[2026-01-19 10:57:24,030][MedImageInsight.ImageEncoder.davit_v1][INFO] - => init blocks.0.0.spatial_block.conv1.fn.dw.bias from pretrained state dict
[2026-01-19 10:57:24,030][MedImageInsight.ImageEncoder.davit_v1][INFO] - => init blocks.0.0.spatial_block.conv1.fn.dw.weight from pretrained state dict
[2026-01-19 10:57:24,030][MedImageInsight.ImageEncoder.davit_v1][INFO] - => init blocks.0.0.spatial_block.conv2.fn.dw.bias from pretrained state dict
[2026-01-19 10:57:24,030][MedImageInsight.ImageEncoder.davit_v1][INFO] - => init blocks.0.0.spatial_block.conv2.fn.dw.weight from pretrained state dict
[2026-01-19 10:57:24,030][MedImageInsight.ImageEncoder.davit_v1][INFO] - => init blocks.0.0.spatial_block.ffn.fn.net.fc1.bias from pretrained state dict
[2026-01-19 10:57:24,030][MedImageInsight.ImageEncoder.davit_v1][INFO] - => init blocks.0.0.spatial_block.ffn.fn.net.fc1.weight from pretrained state dict
[2026-01-19 10:57:24,030][MedImageInsight.ImageEncoder.davit_v1][INFO] - => init blocks.0.0.spatial_block.ffn.fn.net.fc2.bias from pretrained state dict
[2026-01-19 10:57:24,030][MedImageInsight.ImageEncoder.davit_v1][INFO] - => init blocks.0.0.spatial_block.ffn.fn.net.fc2.weight from pretrained state dict
[2026-01-19 10:57:24,030][MedImageInsight.ImageEncoder.davit_v1][INFO] - => init blocks.0.0.spatial_block.ffn.norm.bias from pretrained state dict
[2026-01-19 10:57:24,030][MedImageInsight.ImageEncoder.davit_v1][INFO] - => init blocks.0.0.spatial_block.ffn.norm.weight from pretrained state dict
[2026-01-19 10:57:24,030][MedImageInsight.ImageEncoder.davit_v1][INFO] - => init blocks.0.0.spatial_block.window_attn.fn.proj.bias from pretrained state dict
[2026-01-19 10:57:24,030][MedImageInsight.ImageEncoder.davit_v1][INFO] - => init blocks.0.0.spatial_block.window_attn.fn.proj.weight from pretrained state dict
[2026-01-19 10:57:24,030][MedImageInsight.ImageEncoder.davit_v1][INFO] - => init blocks.0.0.spatial_block.window_attn.fn.qkv.bias from pretrained state dict
[2026-01-19 10:57:24,030][MedImageInsight.ImageEncoder.davit_v1][INFO] - => init blocks.0.0.spatial_block.window_attn.fn.qkv.weight from pretrained state dict
[2026-01-19 10:57:24,030][MedImageInsight.ImageEncoder.davit_v1][INFO] - => init blocks.0.0.spatial_block.window_attn.norm.bias from pretrained state dict
[2026-01-19 10:57:24,030][MedImageInsight.ImageEncoder.davit_v1][INFO] - => init blocks.0.0.spatial_block.window_attn.norm.weight from pretrained state dict
[2026-01-19 10:57:24,030][MedImageInsight.ImageEncoder.davit_v1][INFO] - => init blocks.1.0.channel_block.channel_attn.fn.proj.bias from pretrained state dict
[2026-01-19 10:57:24,030][MedImageInsight.ImageEncoder.davit_v1][INFO] - => init blocks.1.0.channel_block.channel_attn.fn.proj.weight from pretrained state dict
[2026-01-19 10:57:24,030][MedImageInsight.ImageEncoder.davit_v1][INFO] - => init blocks.1.0.channel_block.channel_attn.fn.qkv.bias from pretrained state dict
[2026-01-19 10:57:24,030][MedImageInsight.ImageEncoder.davit_v1][INFO] - => init blocks.1.0.channel_block.channel_attn.fn.qkv.weight from pretrained state dict
[2026-01-19 10:57:24,030][MedImageInsight.ImageEncoder.davit_v1][INFO] - => init blocks.1.0.channel_block.channel_attn.norm.bias from pretrained state dict
[2026-01-19 10:57:24,030][MedImageInsight.ImageEncoder.davit_v1][INFO] - => init blocks.1.0.channel_block.channel_attn.norm.weight from pretrained state dict
[2026-01-19 10:57:24,030][MedImageInsight.ImageEncoder.davit_v1][INFO] - => init blocks.1.0.channel_block.conv1.fn.dw.bias from pretrained state dict
[2026-01-19 10:57:24,030][MedImageInsight.ImageEncoder.davit_v1][INFO] - => init blocks.1.0.channel_block.conv1.fn.dw.weight from pretrained state dict
[2026-01-19 10:57:24,030][MedImageInsight.ImageEncoder.davit_v1][INFO] - => init blocks.1.0.channel_block.conv2.fn.dw.bias from pretrained state dict
[2026-01-19 10:57:24,030][MedImageInsight.ImageEncoder.davit_v1][INFO] - => init blocks.1.0.channel_block.conv2.fn.dw.weight from pretrained state dict
[2026-01-19 10:57:24,030][MedImageInsight.ImageEncoder.davit_v1][INFO] - => init blocks.1.0.channel_block.ffn.fn.net.fc1.bias from pretrained state dict
[2026-01-19 10:57:24,030][MedImageInsight.ImageEncoder.davit_v1][INFO] - => init blocks.1.0.channel_block.ffn.fn.net.fc1.weight from pretrained state dict
[2026-01-19 10:57:24,030][MedImageInsight.ImageEncoder.davit_v1][INFO] - => init blocks.1.0.channel_block.ffn.fn.net.fc2.bias from pretrained state dict
[2026-01-19 10:57:24,030][MedImageInsight.ImageEncoder.davit_v1][INFO] - => init blocks.1.0.channel_block.ffn.fn.net.fc2.weight from pretrained state dict
[2026-01-19 10:57:24,030][MedImageInsight.ImageEncoder.davit_v1][INFO] - => init blocks.1.0.channel_block.ffn.norm.bias from pretrained state dict
[2026-01-19 10:57:24,030][MedImageInsight.ImageEncoder.davit_v1][INFO] - => init blocks.1.0.channel_block.ffn.norm.weight from pretrained state dict
[2026-01-19 10:57:24,030][MedImageInsight.ImageEncoder.davit_v1][INFO] - => init blocks.1.0.spatial_block.conv1.fn.dw.bias from pretrained state dict
[2026-01-19 10:57:24,030][MedImageInsight.ImageEncoder.davit_v1][INFO] - => init blocks.1.0.spatial_block.conv1.fn.dw.weight from pretrained state dict
[2026-01-19 10:57:24,030][MedImageInsight.ImageEncoder.davit_v1][INFO] - => init blocks.1.0.spatial_block.conv2.fn.dw.bias from pretrained state dict
[2026-01-19 10:57:24,030][MedImageInsight.ImageEncoder.davit_v1][INFO] - => init blocks.1.0.spatial_block.conv2.fn.dw.weight from pretrained state dict
[2026-01-19 10:57:24,030][MedImageInsight.ImageEncoder.davit_v1][INFO] - => init blocks.1.0.spatial_block.ffn.fn.net.fc1.bias from pretrained state dict
[2026-01-19 10:57:24,030][MedImageInsight.ImageEncoder.davit_v1][INFO] - => init blocks.1.0.spatial_block.ffn.fn.net.fc1.weight from pretrained state dict
[2026-01-19 10:57:24,030][MedImageInsight.ImageEncoder.davit_v1][INFO] - => init blocks.1.0.spatial_block.ffn.fn.net.fc2.bias from pretrained state dict
[2026-01-19 10:57:24,030][MedImageInsight.ImageEncoder.davit_v1][INFO] - => init blocks.1.0.spatial_block.ffn.fn.net.fc2.weight from pretrained state dict
[2026-01-19 10:57:24,030][MedImageInsight.ImageEncoder.davit_v1][INFO] - => init blocks.1.0.spatial_block.ffn.norm.bias from pretrained state dict
[2026-01-19 10:57:24,030][MedImageInsight.ImageEncoder.davit_v1][INFO] - => init blocks.1.0.spatial_block.ffn.norm.weight from pretrained state dict
[2026-01-19 10:57:24,030][MedImageInsight.ImageEncoder.davit_v1][INFO] - => init blocks.1.0.spatial_block.window_attn.fn.proj.bias from pretrained state dict
[2026-01-19 10:57:24,030][MedImageInsight.ImageEncoder.davit_v1][INFO] - => init blocks.1.0.spatial_block.window_attn.fn.proj.weight from pretrained state dict
[2026-01-19 10:57:24,030][MedImageInsight.ImageEncoder.davit_v1][INFO] - => init blocks.1.0.spatial_block.window_attn.fn.qkv.bias from pretrained state dict
[2026-01-19 10:57:24,030][MedImageInsight.ImageEncoder.davit_v1][INFO] - => init blocks.1.0.spatial_block.window_attn.fn.qkv.weight from pretrained state dict
[2026-01-19 10:57:24,031][MedImageInsight.ImageEncoder.davit_v1][INFO] - => init blocks.1.0.spatial_block.window_attn.norm.bias from pretrained state dict
[2026-01-19 10:57:24,031][MedImageInsight.ImageEncoder.davit_v1][INFO] - => init blocks.1.0.spatial_block.window_attn.norm.weight from pretrained state dict
[2026-01-19 10:57:24,031][MedImageInsight.ImageEncoder.davit_v1][INFO] - => init blocks.2.0.channel_block.channel_attn.fn.proj.bias from pretrained state dict
[2026-01-19 10:57:24,031][MedImageInsight.ImageEncoder.davit_v1][INFO] - => init blocks.2.0.channel_block.channel_attn.fn.proj.weight from pretrained state dict
[2026-01-19 10:57:24,031][MedImageInsight.ImageEncoder.davit_v1][INFO] - => init blocks.2.0.channel_block.channel_attn.fn.qkv.bias from pretrained state dict
[2026-01-19 10:57:24,031][MedImageInsight.ImageEncoder.davit_v1][INFO] - => init blocks.2.0.channel_block.channel_attn.fn.qkv.weight from pretrained state dict
[2026-01-19 10:57:24,031][MedImageInsight.ImageEncoder.davit_v1][INFO] - => init blocks.2.0.channel_block.channel_attn.norm.bias from pretrained state dict
[2026-01-19 10:57:24,031][MedImageInsight.ImageEncoder.davit_v1][INFO] - => init blocks.2.0.channel_block.channel_attn.norm.weight from pretrained state dict
[2026-01-19 10:57:24,031][MedImageInsight.ImageEncoder.davit_v1][INFO] - => init blocks.2.0.channel_block.conv1.fn.dw.bias from pretrained state dict
[2026-01-19 10:57:24,031][MedImageInsight.ImageEncoder.davit_v1][INFO] - => init blocks.2.0.channel_block.conv1.fn.dw.weight from pretrained state dict
[2026-01-19 10:57:24,031][MedImageInsight.ImageEncoder.davit_v1][INFO] - => init blocks.2.0.channel_block.conv2.fn.dw.bias from pretrained state dict
[2026-01-19 10:57:24,031][MedImageInsight.ImageEncoder.davit_v1][INFO] - => init blocks.2.0.channel_block.conv2.fn.dw.weight from pretrained state dict
[2026-01-19 10:57:24,031][MedImageInsight.ImageEncoder.davit_v1][INFO] - => init blocks.2.0.channel_block.ffn.fn.net.fc1.bias from pretrained state dict
[2026-01-19 10:57:24,031][MedImageInsight.ImageEncoder.davit_v1][INFO] - => init blocks.2.0.channel_block.ffn.fn.net.fc1.weight from pretrained state dict
[2026-01-19 10:57:24,031][MedImageInsight.ImageEncoder.davit_v1][INFO] - => init blocks.2.0.channel_block.ffn.fn.net.fc2.bias from pretrained state dict
[2026-01-19 10:57:24,031][MedImageInsight.ImageEncoder.davit_v1][INFO] - => init blocks.2.0.channel_block.ffn.fn.net.fc2.weight from pretrained state dict
[2026-01-19 10:57:24,031][MedImageInsight.ImageEncoder.davit_v1][INFO] - => init blocks.2.0.channel_block.ffn.norm.bias from pretrained state dict
[2026-01-19 10:57:24,031][MedImageInsight.ImageEncoder.davit_v1][INFO] - => init blocks.2.0.channel_block.ffn.norm.weight from pretrained state dict
[2026-01-19 10:57:24,031][MedImageInsight.ImageEncoder.davit_v1][INFO] - => init blocks.2.0.spatial_block.conv1.fn.dw.bias from pretrained state dict
[2026-01-19 10:57:24,031][MedImageInsight.ImageEncoder.davit_v1][INFO] - => init blocks.2.0.spatial_block.conv1.fn.dw.weight from pretrained state dict
[2026-01-19 10:57:24,031][MedImageInsight.ImageEncoder.davit_v1][INFO] - => init blocks.2.0.spatial_block.conv2.fn.dw.bias from pretrained state dict
[2026-01-19 10:57:24,031][MedImageInsight.ImageEncoder.davit_v1][INFO] - => init blocks.2.0.spatial_block.conv2.fn.dw.weight from pretrained state dict
[2026-01-19 10:57:24,031][MedImageInsight.ImageEncoder.davit_v1][INFO] - => init blocks.2.0.spatial_block.ffn.fn.net.fc1.bias from pretrained state dict
[2026-01-19 10:57:24,031][MedImageInsight.ImageEncoder.davit_v1][INFO] - => init blocks.2.0.spatial_block.ffn.fn.net.fc1.weight from pretrained state dict
[2026-01-19 10:57:24,031][MedImageInsight.ImageEncoder.davit_v1][INFO] - => init blocks.2.0.spatial_block.ffn.fn.net.fc2.bias from pretrained state dict
[2026-01-19 10:57:24,031][MedImageInsight.ImageEncoder.davit_v1][INFO] - => init blocks.2.0.spatial_block.ffn.fn.net.fc2.weight from pretrained state dict
[2026-01-19 10:57:24,031][MedImageInsight.ImageEncoder.davit_v1][INFO] - => init blocks.2.0.spatial_block.ffn.norm.bias from pretrained state dict
[2026-01-19 10:57:24,031][MedImageInsight.ImageEncoder.davit_v1][INFO] - => init blocks.2.0.spatial_block.ffn.norm.weight from pretrained state dict
[2026-01-19 10:57:24,031][MedImageInsight.ImageEncoder.davit_v1][INFO] - => init blocks.2.0.spatial_block.window_attn.fn.proj.bias from pretrained state dict
[2026-01-19 10:57:24,031][MedImageInsight.ImageEncoder.davit_v1][INFO] - => init blocks.2.0.spatial_block.window_attn.fn.proj.weight from pretrained state dict
[2026-01-19 10:57:24,031][MedImageInsight.ImageEncoder.davit_v1][INFO] - => init blocks.2.0.spatial_block.window_attn.fn.qkv.bias from pretrained state dict
[2026-01-19 10:57:24,031][MedImageInsight.ImageEncoder.davit_v1][INFO] - => init blocks.2.0.spatial_block.window_attn.fn.qkv.weight from pretrained state dict
[2026-01-19 10:57:24,031][MedImageInsight.ImageEncoder.davit_v1][INFO] - => init blocks.2.0.spatial_block.window_attn.norm.bias from pretrained state dict
[2026-01-19 10:57:24,031][MedImageInsight.ImageEncoder.davit_v1][INFO] - => init blocks.2.0.spatial_block.window_attn.norm.weight from pretrained state dict
[2026-01-19 10:57:24,031][MedImageInsight.ImageEncoder.davit_v1][INFO] - => init blocks.2.1.channel_block.channel_attn.fn.proj.bias from pretrained state dict
[2026-01-19 10:57:24,031][MedImageInsight.ImageEncoder.davit_v1][INFO] - => init blocks.2.1.channel_block.channel_attn.fn.proj.weight from pretrained state dict
[2026-01-19 10:57:24,031][MedImageInsight.ImageEncoder.davit_v1][INFO] - => init blocks.2.1.channel_block.channel_attn.fn.qkv.bias from pretrained state dict
[2026-01-19 10:57:24,031][MedImageInsight.ImageEncoder.davit_v1][INFO] - => init blocks.2.1.channel_block.channel_attn.fn.qkv.weight from pretrained state dict
[2026-01-19 10:57:24,031][MedImageInsight.ImageEncoder.davit_v1][INFO] - => init blocks.2.1.channel_block.channel_attn.norm.bias from pretrained state dict
[2026-01-19 10:57:24,031][MedImageInsight.ImageEncoder.davit_v1][INFO] - => init blocks.2.1.channel_block.channel_attn.norm.weight from pretrained state dict
[2026-01-19 10:57:24,031][MedImageInsight.ImageEncoder.davit_v1][INFO] - => init blocks.2.1.channel_block.conv1.fn.dw.bias from pretrained state dict
[2026-01-19 10:57:24,031][MedImageInsight.ImageEncoder.davit_v1][INFO] - => init blocks.2.1.channel_block.conv1.fn.dw.weight from pretrained state dict
[2026-01-19 10:57:24,031][MedImageInsight.ImageEncoder.davit_v1][INFO] - => init blocks.2.1.channel_block.conv2.fn.dw.bias from pretrained state dict
[2026-01-19 10:57:24,031][MedImageInsight.ImageEncoder.davit_v1][INFO] - => init blocks.2.1.channel_block.conv2.fn.dw.weight from pretrained state dict
[2026-01-19 10:57:24,031][MedImageInsight.ImageEncoder.davit_v1][INFO] - => init blocks.2.1.channel_block.ffn.fn.net.fc1.bias from pretrained state dict
[2026-01-19 10:57:24,031][MedImageInsight.ImageEncoder.davit_v1][INFO] - => init blocks.2.1.channel_block.ffn.fn.net.fc1.weight from pretrained state dict
[2026-01-19 10:57:24,031][MedImageInsight.ImageEncoder.davit_v1][INFO] - => init blocks.2.1.channel_block.ffn.fn.net.fc2.bias from pretrained state dict
[2026-01-19 10:57:24,031][MedImageInsight.ImageEncoder.davit_v1][INFO] - => init blocks.2.1.channel_block.ffn.fn.net.fc2.weight from pretrained state dict
[2026-01-19 10:57:24,031][MedImageInsight.ImageEncoder.davit_v1][INFO] - => init blocks.2.1.channel_block.ffn.norm.bias from pretrained state dict
[2026-01-19 10:57:24,031][MedImageInsight.ImageEncoder.davit_v1][INFO] - => init blocks.2.1.channel_block.ffn.norm.weight from pretrained state dict
[2026-01-19 10:57:24,031][MedImageInsight.ImageEncoder.davit_v1][INFO] - => init blocks.2.1.spatial_block.conv1.fn.dw.bias from pretrained state dict
[2026-01-19 10:57:24,031][MedImageInsight.ImageEncoder.davit_v1][INFO] - => init blocks.2.1.spatial_block.conv1.fn.dw.weight from pretrained state dict
[2026-01-19 10:57:24,031][MedImageInsight.ImageEncoder.davit_v1][INFO] - => init blocks.2.1.spatial_block.conv2.fn.dw.bias from pretrained state dict
[2026-01-19 10:57:24,031][MedImageInsight.ImageEncoder.davit_v1][INFO] - => init blocks.2.1.spatial_block.conv2.fn.dw.weight from pretrained state dict
[2026-01-19 10:57:24,031][MedImageInsight.ImageEncoder.davit_v1][INFO] - => init blocks.2.1.spatial_block.ffn.fn.net.fc1.bias from pretrained state dict
[2026-01-19 10:57:24,031][MedImageInsight.ImageEncoder.davit_v1][INFO] - => init blocks.2.1.spatial_block.ffn.fn.net.fc1.weight from pretrained state dict
[2026-01-19 10:57:24,031][MedImageInsight.ImageEncoder.davit_v1][INFO] - => init blocks.2.1.spatial_block.ffn.fn.net.fc2.bias from pretrained state dict
[2026-01-19 10:57:24,031][MedImageInsight.ImageEncoder.davit_v1][INFO] - => init blocks.2.1.spatial_block.ffn.fn.net.fc2.weight from pretrained state dict
[2026-01-19 10:57:24,031][MedImageInsight.ImageEncoder.davit_v1][INFO] - => init blocks.2.1.spatial_block.ffn.norm.bias from pretrained state dict
[2026-01-19 10:57:24,032][MedImageInsight.ImageEncoder.davit_v1][INFO] - => init blocks.2.1.spatial_block.ffn.norm.weight from pretrained state dict
[2026-01-19 10:57:24,032][MedImageInsight.ImageEncoder.davit_v1][INFO] - => init blocks.2.1.spatial_block.window_attn.fn.proj.bias from pretrained state dict
[2026-01-19 10:57:24,032][MedImageInsight.ImageEncoder.davit_v1][INFO] - => init blocks.2.1.spatial_block.window_attn.fn.proj.weight from pretrained state dict
[2026-01-19 10:57:24,032][MedImageInsight.ImageEncoder.davit_v1][INFO] - => init blocks.2.1.spatial_block.window_attn.fn.qkv.bias from pretrained state dict
[2026-01-19 10:57:24,032][MedImageInsight.ImageEncoder.davit_v1][INFO] - => init blocks.2.1.spatial_block.window_attn.fn.qkv.weight from pretrained state dict
[2026-01-19 10:57:24,032][MedImageInsight.ImageEncoder.davit_v1][INFO] - => init blocks.2.1.spatial_block.window_attn.norm.bias from pretrained state dict
[2026-01-19 10:57:24,032][MedImageInsight.ImageEncoder.davit_v1][INFO] - => init blocks.2.1.spatial_block.window_attn.norm.weight from pretrained state dict
[2026-01-19 10:57:24,032][MedImageInsight.ImageEncoder.davit_v1][INFO] - => init blocks.2.2.channel_block.channel_attn.fn.proj.bias from pretrained state dict
[2026-01-19 10:57:24,032][MedImageInsight.ImageEncoder.davit_v1][INFO] - => init blocks.2.2.channel_block.channel_attn.fn.proj.weight from pretrained state dict
[2026-01-19 10:57:24,032][MedImageInsight.ImageEncoder.davit_v1][INFO] - => init blocks.2.2.channel_block.channel_attn.fn.qkv.bias from pretrained state dict
[2026-01-19 10:57:24,032][MedImageInsight.ImageEncoder.davit_v1][INFO] - => init blocks.2.2.channel_block.channel_attn.fn.qkv.weight from pretrained state dict
[2026-01-19 10:57:24,032][MedImageInsight.ImageEncoder.davit_v1][INFO] - => init blocks.2.2.channel_block.channel_attn.norm.bias from pretrained state dict
[2026-01-19 10:57:24,032][MedImageInsight.ImageEncoder.davit_v1][INFO] - => init blocks.2.2.channel_block.channel_attn.norm.weight from pretrained state dict
[2026-01-19 10:57:24,032][MedImageInsight.ImageEncoder.davit_v1][INFO] - => init blocks.2.2.channel_block.conv1.fn.dw.bias from pretrained state dict
[2026-01-19 10:57:24,032][MedImageInsight.ImageEncoder.davit_v1][INFO] - => init blocks.2.2.channel_block.conv1.fn.dw.weight from pretrained state dict
[2026-01-19 10:57:24,032][MedImageInsight.ImageEncoder.davit_v1][INFO] - => init blocks.2.2.channel_block.conv2.fn.dw.bias from pretrained state dict
[2026-01-19 10:57:24,032][MedImageInsight.ImageEncoder.davit_v1][INFO] - => init blocks.2.2.channel_block.conv2.fn.dw.weight from pretrained state dict
[2026-01-19 10:57:24,032][MedImageInsight.ImageEncoder.davit_v1][INFO] - => init blocks.2.2.channel_block.ffn.fn.net.fc1.bias from pretrained state dict
[2026-01-19 10:57:24,032][MedImageInsight.ImageEncoder.davit_v1][INFO] - => init blocks.2.2.channel_block.ffn.fn.net.fc1.weight from pretrained state dict
[2026-01-19 10:57:24,032][MedImageInsight.ImageEncoder.davit_v1][INFO] - => init blocks.2.2.channel_block.ffn.fn.net.fc2.bias from pretrained state dict
[2026-01-19 10:57:24,032][MedImageInsight.ImageEncoder.davit_v1][INFO] - => init blocks.2.2.channel_block.ffn.fn.net.fc2.weight from pretrained state dict
[2026-01-19 10:57:24,032][MedImageInsight.ImageEncoder.davit_v1][INFO] - => init blocks.2.2.channel_block.ffn.norm.bias from pretrained state dict
[2026-01-19 10:57:24,032][MedImageInsight.ImageEncoder.davit_v1][INFO] - => init blocks.2.2.channel_block.ffn.norm.weight from pretrained state dict
[2026-01-19 10:57:24,032][MedImageInsight.ImageEncoder.davit_v1][INFO] - => init blocks.2.2.spatial_block.conv1.fn.dw.bias from pretrained state dict
[2026-01-19 10:57:24,032][MedImageInsight.ImageEncoder.davit_v1][INFO] - => init blocks.2.2.spatial_block.conv1.fn.dw.weight from pretrained state dict
[2026-01-19 10:57:24,032][MedImageInsight.ImageEncoder.davit_v1][INFO] - => init blocks.2.2.spatial_block.conv2.fn.dw.bias from pretrained state dict
[2026-01-19 10:57:24,032][MedImageInsight.ImageEncoder.davit_v1][INFO] - => init blocks.2.2.spatial_block.conv2.fn.dw.weight from pretrained state dict
[2026-01-19 10:57:24,032][MedImageInsight.ImageEncoder.davit_v1][INFO] - => init blocks.2.2.spatial_block.ffn.fn.net.fc1.bias from pretrained state dict
[2026-01-19 10:57:24,032][MedImageInsight.ImageEncoder.davit_v1][INFO] - => init blocks.2.2.spatial_block.ffn.fn.net.fc1.weight from pretrained state dict
[2026-01-19 10:57:24,032][MedImageInsight.ImageEncoder.davit_v1][INFO] - => init blocks.2.2.spatial_block.ffn.fn.net.fc2.bias from pretrained state dict
[2026-01-19 10:57:24,032][MedImageInsight.ImageEncoder.davit_v1][INFO] - => init blocks.2.2.spatial_block.ffn.fn.net.fc2.weight from pretrained state dict
[2026-01-19 10:57:24,032][MedImageInsight.ImageEncoder.davit_v1][INFO] - => init blocks.2.2.spatial_block.ffn.norm.bias from pretrained state dict
[2026-01-19 10:57:24,032][MedImageInsight.ImageEncoder.davit_v1][INFO] - => init blocks.2.2.spatial_block.ffn.norm.weight from pretrained state dict
[2026-01-19 10:57:24,032][MedImageInsight.ImageEncoder.davit_v1][INFO] - => init blocks.2.2.spatial_block.window_attn.fn.proj.bias from pretrained state dict
[2026-01-19 10:57:24,032][MedImageInsight.ImageEncoder.davit_v1][INFO] - => init blocks.2.2.spatial_block.window_attn.fn.proj.weight from pretrained state dict
[2026-01-19 10:57:24,032][MedImageInsight.ImageEncoder.davit_v1][INFO] - => init blocks.2.2.spatial_block.window_attn.fn.qkv.bias from pretrained state dict
[2026-01-19 10:57:24,032][MedImageInsight.ImageEncoder.davit_v1][INFO] - => init blocks.2.2.spatial_block.window_attn.fn.qkv.weight from pretrained state dict
[2026-01-19 10:57:24,032][MedImageInsight.ImageEncoder.davit_v1][INFO] - => init blocks.2.2.spatial_block.window_attn.norm.bias from pretrained state dict
[2026-01-19 10:57:24,032][MedImageInsight.ImageEncoder.davit_v1][INFO] - => init blocks.2.2.spatial_block.window_attn.norm.weight from pretrained state dict
[2026-01-19 10:57:24,032][MedImageInsight.ImageEncoder.davit_v1][INFO] - => init blocks.2.3.channel_block.channel_attn.fn.proj.bias from pretrained state dict
[2026-01-19 10:57:24,032][MedImageInsight.ImageEncoder.davit_v1][INFO] - => init blocks.2.3.channel_block.channel_attn.fn.proj.weight from pretrained state dict
[2026-01-19 10:57:24,032][MedImageInsight.ImageEncoder.davit_v1][INFO] - => init blocks.2.3.channel_block.channel_attn.fn.qkv.bias from pretrained state dict
[2026-01-19 10:57:24,032][MedImageInsight.ImageEncoder.davit_v1][INFO] - => init blocks.2.3.channel_block.channel_attn.fn.qkv.weight from pretrained state dict
[2026-01-19 10:57:24,032][MedImageInsight.ImageEncoder.davit_v1][INFO] - => init blocks.2.3.channel_block.channel_attn.norm.bias from pretrained state dict
[2026-01-19 10:57:24,032][MedImageInsight.ImageEncoder.davit_v1][INFO] - => init blocks.2.3.channel_block.channel_attn.norm.weight from pretrained state dict
[2026-01-19 10:57:24,032][MedImageInsight.ImageEncoder.davit_v1][INFO] - => init blocks.2.3.channel_block.conv1.fn.dw.bias from pretrained state dict
[2026-01-19 10:57:24,032][MedImageInsight.ImageEncoder.davit_v1][INFO] - => init blocks.2.3.channel_block.conv1.fn.dw.weight from pretrained state dict
[2026-01-19 10:57:24,032][MedImageInsight.ImageEncoder.davit_v1][INFO] - => init blocks.2.3.channel_block.conv2.fn.dw.bias from pretrained state dict
[2026-01-19 10:57:24,032][MedImageInsight.ImageEncoder.davit_v1][INFO] - => init blocks.2.3.channel_block.conv2.fn.dw.weight from pretrained state dict
[2026-01-19 10:57:24,032][MedImageInsight.ImageEncoder.davit_v1][INFO] - => init blocks.2.3.channel_block.ffn.fn.net.fc1.bias from pretrained state dict
[2026-01-19 10:57:24,032][MedImageInsight.ImageEncoder.davit_v1][INFO] - => init blocks.2.3.channel_block.ffn.fn.net.fc1.weight from pretrained state dict
[2026-01-19 10:57:24,032][MedImageInsight.ImageEncoder.davit_v1][INFO] - => init blocks.2.3.channel_block.ffn.fn.net.fc2.bias from pretrained state dict
[2026-01-19 10:57:24,032][MedImageInsight.ImageEncoder.davit_v1][INFO] - => init blocks.2.3.channel_block.ffn.fn.net.fc2.weight from pretrained state dict
[2026-01-19 10:57:24,032][MedImageInsight.ImageEncoder.davit_v1][INFO] - => init blocks.2.3.channel_block.ffn.norm.bias from pretrained state dict
[2026-01-19 10:57:24,032][MedImageInsight.ImageEncoder.davit_v1][INFO] - => init blocks.2.3.channel_block.ffn.norm.weight from pretrained state dict
[2026-01-19 10:57:24,032][MedImageInsight.ImageEncoder.davit_v1][INFO] - => init blocks.2.3.spatial_block.conv1.fn.dw.bias from pretrained state dict
[2026-01-19 10:57:24,032][MedImageInsight.ImageEncoder.davit_v1][INFO] - => init blocks.2.3.spatial_block.conv1.fn.dw.weight from pretrained state dict
[2026-01-19 10:57:24,032][MedImageInsight.ImageEncoder.davit_v1][INFO] - => init blocks.2.3.spatial_block.conv2.fn.dw.bias from pretrained state dict
[2026-01-19 10:57:24,032][MedImageInsight.ImageEncoder.davit_v1][INFO] - => init blocks.2.3.spatial_block.conv2.fn.dw.weight from pretrained state dict
[2026-01-19 10:57:24,032][MedImageInsight.ImageEncoder.davit_v1][INFO] - => init blocks.2.3.spatial_block.ffn.fn.net.fc1.bias from pretrained state dict
[2026-01-19 10:57:24,033][MedImageInsight.ImageEncoder.davit_v1][INFO] - => init blocks.2.3.spatial_block.ffn.fn.net.fc1.weight from pretrained state dict
[2026-01-19 10:57:24,033][MedImageInsight.ImageEncoder.davit_v1][INFO] - => init blocks.2.3.spatial_block.ffn.fn.net.fc2.bias from pretrained state dict
[2026-01-19 10:57:24,033][MedImageInsight.ImageEncoder.davit_v1][INFO] - => init blocks.2.3.spatial_block.ffn.fn.net.fc2.weight from pretrained state dict
[2026-01-19 10:57:24,033][MedImageInsight.ImageEncoder.davit_v1][INFO] - => init blocks.2.3.spatial_block.ffn.norm.bias from pretrained state dict
[2026-01-19 10:57:24,033][MedImageInsight.ImageEncoder.davit_v1][INFO] - => init blocks.2.3.spatial_block.ffn.norm.weight from pretrained state dict
[2026-01-19 10:57:24,033][MedImageInsight.ImageEncoder.davit_v1][INFO] - => init blocks.2.3.spatial_block.window_attn.fn.proj.bias from pretrained state dict
[2026-01-19 10:57:24,033][MedImageInsight.ImageEncoder.davit_v1][INFO] - => init blocks.2.3.spatial_block.window_attn.fn.proj.weight from pretrained state dict
[2026-01-19 10:57:24,033][MedImageInsight.ImageEncoder.davit_v1][INFO] - => init blocks.2.3.spatial_block.window_attn.fn.qkv.bias from pretrained state dict
[2026-01-19 10:57:24,033][MedImageInsight.ImageEncoder.davit_v1][INFO] - => init blocks.2.3.spatial_block.window_attn.fn.qkv.weight from pretrained state dict
[2026-01-19 10:57:24,033][MedImageInsight.ImageEncoder.davit_v1][INFO] - => init blocks.2.3.spatial_block.window_attn.norm.bias from pretrained state dict
[2026-01-19 10:57:24,033][MedImageInsight.ImageEncoder.davit_v1][INFO] - => init blocks.2.3.spatial_block.window_attn.norm.weight from pretrained state dict
[2026-01-19 10:57:24,033][MedImageInsight.ImageEncoder.davit_v1][INFO] - => init blocks.2.4.channel_block.channel_attn.fn.proj.bias from pretrained state dict
[2026-01-19 10:57:24,033][MedImageInsight.ImageEncoder.davit_v1][INFO] - => init blocks.2.4.channel_block.channel_attn.fn.proj.weight from pretrained state dict
[2026-01-19 10:57:24,033][MedImageInsight.ImageEncoder.davit_v1][INFO] - => init blocks.2.4.channel_block.channel_attn.fn.qkv.bias from pretrained state dict
[2026-01-19 10:57:24,033][MedImageInsight.ImageEncoder.davit_v1][INFO] - => init blocks.2.4.channel_block.channel_attn.fn.qkv.weight from pretrained state dict
[2026-01-19 10:57:24,033][MedImageInsight.ImageEncoder.davit_v1][INFO] - => init blocks.2.4.channel_block.channel_attn.norm.bias from pretrained state dict
[2026-01-19 10:57:24,033][MedImageInsight.ImageEncoder.davit_v1][INFO] - => init blocks.2.4.channel_block.channel_attn.norm.weight from pretrained state dict
[2026-01-19 10:57:24,033][MedImageInsight.ImageEncoder.davit_v1][INFO] - => init blocks.2.4.channel_block.conv1.fn.dw.bias from pretrained state dict
[2026-01-19 10:57:24,033][MedImageInsight.ImageEncoder.davit_v1][INFO] - => init blocks.2.4.channel_block.conv1.fn.dw.weight from pretrained state dict
[2026-01-19 10:57:24,033][MedImageInsight.ImageEncoder.davit_v1][INFO] - => init blocks.2.4.channel_block.conv2.fn.dw.bias from pretrained state dict
[2026-01-19 10:57:24,033][MedImageInsight.ImageEncoder.davit_v1][INFO] - => init blocks.2.4.channel_block.conv2.fn.dw.weight from pretrained state dict
[2026-01-19 10:57:24,033][MedImageInsight.ImageEncoder.davit_v1][INFO] - => init blocks.2.4.channel_block.ffn.fn.net.fc1.bias from pretrained state dict
[2026-01-19 10:57:24,033][MedImageInsight.ImageEncoder.davit_v1][INFO] - => init blocks.2.4.channel_block.ffn.fn.net.fc1.weight from pretrained state dict
[2026-01-19 10:57:24,033][MedImageInsight.ImageEncoder.davit_v1][INFO] - => init blocks.2.4.channel_block.ffn.fn.net.fc2.bias from pretrained state dict
[2026-01-19 10:57:24,033][MedImageInsight.ImageEncoder.davit_v1][INFO] - => init blocks.2.4.channel_block.ffn.fn.net.fc2.weight from pretrained state dict
[2026-01-19 10:57:24,033][MedImageInsight.ImageEncoder.davit_v1][INFO] - => init blocks.2.4.channel_block.ffn.norm.bias from pretrained state dict
[2026-01-19 10:57:24,033][MedImageInsight.ImageEncoder.davit_v1][INFO] - => init blocks.2.4.channel_block.ffn.norm.weight from pretrained state dict
[2026-01-19 10:57:24,033][MedImageInsight.ImageEncoder.davit_v1][INFO] - => init blocks.2.4.spatial_block.conv1.fn.dw.bias from pretrained state dict
[2026-01-19 10:57:24,033][MedImageInsight.ImageEncoder.davit_v1][INFO] - => init blocks.2.4.spatial_block.conv1.fn.dw.weight from pretrained state dict
[2026-01-19 10:57:24,033][MedImageInsight.ImageEncoder.davit_v1][INFO] - => init blocks.2.4.spatial_block.conv2.fn.dw.bias from pretrained state dict
[2026-01-19 10:57:24,033][MedImageInsight.ImageEncoder.davit_v1][INFO] - => init blocks.2.4.spatial_block.conv2.fn.dw.weight from pretrained state dict
[2026-01-19 10:57:24,033][MedImageInsight.ImageEncoder.davit_v1][INFO] - => init blocks.2.4.spatial_block.ffn.fn.net.fc1.bias from pretrained state dict
[2026-01-19 10:57:24,033][MedImageInsight.ImageEncoder.davit_v1][INFO] - => init blocks.2.4.spatial_block.ffn.fn.net.fc1.weight from pretrained state dict
[2026-01-19 10:57:24,033][MedImageInsight.ImageEncoder.davit_v1][INFO] - => init blocks.2.4.spatial_block.ffn.fn.net.fc2.bias from pretrained state dict
[2026-01-19 10:57:24,033][MedImageInsight.ImageEncoder.davit_v1][INFO] - => init blocks.2.4.spatial_block.ffn.fn.net.fc2.weight from pretrained state dict
[2026-01-19 10:57:24,033][MedImageInsight.ImageEncoder.davit_v1][INFO] - => init blocks.2.4.spatial_block.ffn.norm.bias from pretrained state dict
[2026-01-19 10:57:24,033][MedImageInsight.ImageEncoder.davit_v1][INFO] - => init blocks.2.4.spatial_block.ffn.norm.weight from pretrained state dict
[2026-01-19 10:57:24,033][MedImageInsight.ImageEncoder.davit_v1][INFO] - => init blocks.2.4.spatial_block.window_attn.fn.proj.bias from pretrained state dict
[2026-01-19 10:57:24,033][MedImageInsight.ImageEncoder.davit_v1][INFO] - => init blocks.2.4.spatial_block.window_attn.fn.proj.weight from pretrained state dict
[2026-01-19 10:57:24,033][MedImageInsight.ImageEncoder.davit_v1][INFO] - => init blocks.2.4.spatial_block.window_attn.fn.qkv.bias from pretrained state dict
[2026-01-19 10:57:24,033][MedImageInsight.ImageEncoder.davit_v1][INFO] - => init blocks.2.4.spatial_block.window_attn.fn.qkv.weight from pretrained state dict
[2026-01-19 10:57:24,033][MedImageInsight.ImageEncoder.davit_v1][INFO] - => init blocks.2.4.spatial_block.window_attn.norm.bias from pretrained state dict
[2026-01-19 10:57:24,033][MedImageInsight.ImageEncoder.davit_v1][INFO] - => init blocks.2.4.spatial_block.window_attn.norm.weight from pretrained state dict
[2026-01-19 10:57:24,033][MedImageInsight.ImageEncoder.davit_v1][INFO] - => init blocks.2.5.channel_block.channel_attn.fn.proj.bias from pretrained state dict
[2026-01-19 10:57:24,033][MedImageInsight.ImageEncoder.davit_v1][INFO] - => init blocks.2.5.channel_block.channel_attn.fn.proj.weight from pretrained state dict
[2026-01-19 10:57:24,033][MedImageInsight.ImageEncoder.davit_v1][INFO] - => init blocks.2.5.channel_block.channel_attn.fn.qkv.bias from pretrained state dict
[2026-01-19 10:57:24,033][MedImageInsight.ImageEncoder.davit_v1][INFO] - => init blocks.2.5.channel_block.channel_attn.fn.qkv.weight from pretrained state dict
[2026-01-19 10:57:24,033][MedImageInsight.ImageEncoder.davit_v1][INFO] - => init blocks.2.5.channel_block.channel_attn.norm.bias from pretrained state dict
[2026-01-19 10:57:24,033][MedImageInsight.ImageEncoder.davit_v1][INFO] - => init blocks.2.5.channel_block.channel_attn.norm.weight from pretrained state dict
[2026-01-19 10:57:24,033][MedImageInsight.ImageEncoder.davit_v1][INFO] - => init blocks.2.5.channel_block.conv1.fn.dw.bias from pretrained state dict
[2026-01-19 10:57:24,033][MedImageInsight.ImageEncoder.davit_v1][INFO] - => init blocks.2.5.channel_block.conv1.fn.dw.weight from pretrained state dict
[2026-01-19 10:57:24,033][MedImageInsight.ImageEncoder.davit_v1][INFO] - => init blocks.2.5.channel_block.conv2.fn.dw.bias from pretrained state dict
[2026-01-19 10:57:24,033][MedImageInsight.ImageEncoder.davit_v1][INFO] - => init blocks.2.5.channel_block.conv2.fn.dw.weight from pretrained state dict
[2026-01-19 10:57:24,033][MedImageInsight.ImageEncoder.davit_v1][INFO] - => init blocks.2.5.channel_block.ffn.fn.net.fc1.bias from pretrained state dict
[2026-01-19 10:57:24,033][MedImageInsight.ImageEncoder.davit_v1][INFO] - => init blocks.2.5.channel_block.ffn.fn.net.fc1.weight from pretrained state dict
[2026-01-19 10:57:24,033][MedImageInsight.ImageEncoder.davit_v1][INFO] - => init blocks.2.5.channel_block.ffn.fn.net.fc2.bias from pretrained state dict
[2026-01-19 10:57:24,033][MedImageInsight.ImageEncoder.davit_v1][INFO] - => init blocks.2.5.channel_block.ffn.fn.net.fc2.weight from pretrained state dict
[2026-01-19 10:57:24,033][MedImageInsight.ImageEncoder.davit_v1][INFO] - => init blocks.2.5.channel_block.ffn.norm.bias from pretrained state dict
[2026-01-19 10:57:24,033][MedImageInsight.ImageEncoder.davit_v1][INFO] - => init blocks.2.5.channel_block.ffn.norm.weight from pretrained state dict
[2026-01-19 10:57:24,034][MedImageInsight.ImageEncoder.davit_v1][INFO] - => init blocks.2.5.spatial_block.conv1.fn.dw.bias from pretrained state dict
[2026-01-19 10:57:24,034][MedImageInsight.ImageEncoder.davit_v1][INFO] - => init blocks.2.5.spatial_block.conv1.fn.dw.weight from pretrained state dict
[2026-01-19 10:57:24,034][MedImageInsight.ImageEncoder.davit_v1][INFO] - => init blocks.2.5.spatial_block.conv2.fn.dw.bias from pretrained state dict
[2026-01-19 10:57:24,034][MedImageInsight.ImageEncoder.davit_v1][INFO] - => init blocks.2.5.spatial_block.conv2.fn.dw.weight from pretrained state dict
[2026-01-19 10:57:24,034][MedImageInsight.ImageEncoder.davit_v1][INFO] - => init blocks.2.5.spatial_block.ffn.fn.net.fc1.bias from pretrained state dict
[2026-01-19 10:57:24,034][MedImageInsight.ImageEncoder.davit_v1][INFO] - => init blocks.2.5.spatial_block.ffn.fn.net.fc1.weight from pretrained state dict
[2026-01-19 10:57:24,034][MedImageInsight.ImageEncoder.davit_v1][INFO] - => init blocks.2.5.spatial_block.ffn.fn.net.fc2.bias from pretrained state dict
[2026-01-19 10:57:24,034][MedImageInsight.ImageEncoder.davit_v1][INFO] - => init blocks.2.5.spatial_block.ffn.fn.net.fc2.weight from pretrained state dict
[2026-01-19 10:57:24,034][MedImageInsight.ImageEncoder.davit_v1][INFO] - => init blocks.2.5.spatial_block.ffn.norm.bias from pretrained state dict
[2026-01-19 10:57:24,034][MedImageInsight.ImageEncoder.davit_v1][INFO] - => init blocks.2.5.spatial_block.ffn.norm.weight from pretrained state dict
[2026-01-19 10:57:24,034][MedImageInsight.ImageEncoder.davit_v1][INFO] - => init blocks.2.5.spatial_block.window_attn.fn.proj.bias from pretrained state dict
[2026-01-19 10:57:24,034][MedImageInsight.ImageEncoder.davit_v1][INFO] - => init blocks.2.5.spatial_block.window_attn.fn.proj.weight from pretrained state dict
[2026-01-19 10:57:24,034][MedImageInsight.ImageEncoder.davit_v1][INFO] - => init blocks.2.5.spatial_block.window_attn.fn.qkv.bias from pretrained state dict
[2026-01-19 10:57:24,034][MedImageInsight.ImageEncoder.davit_v1][INFO] - => init blocks.2.5.spatial_block.window_attn.fn.qkv.weight from pretrained state dict
[2026-01-19 10:57:24,034][MedImageInsight.ImageEncoder.davit_v1][INFO] - => init blocks.2.5.spatial_block.window_attn.norm.bias from pretrained state dict
[2026-01-19 10:57:24,034][MedImageInsight.ImageEncoder.davit_v1][INFO] - => init blocks.2.5.spatial_block.window_attn.norm.weight from pretrained state dict
[2026-01-19 10:57:24,034][MedImageInsight.ImageEncoder.davit_v1][INFO] - => init blocks.2.6.channel_block.channel_attn.fn.proj.bias from pretrained state dict
[2026-01-19 10:57:24,034][MedImageInsight.ImageEncoder.davit_v1][INFO] - => init blocks.2.6.channel_block.channel_attn.fn.proj.weight from pretrained state dict
[2026-01-19 10:57:24,034][MedImageInsight.ImageEncoder.davit_v1][INFO] - => init blocks.2.6.channel_block.channel_attn.fn.qkv.bias from pretrained state dict
[2026-01-19 10:57:24,034][MedImageInsight.ImageEncoder.davit_v1][INFO] - => init blocks.2.6.channel_block.channel_attn.fn.qkv.weight from pretrained state dict
[2026-01-19 10:57:24,034][MedImageInsight.ImageEncoder.davit_v1][INFO] - => init blocks.2.6.channel_block.channel_attn.norm.bias from pretrained state dict
[2026-01-19 10:57:24,034][MedImageInsight.ImageEncoder.davit_v1][INFO] - => init blocks.2.6.channel_block.channel_attn.norm.weight from pretrained state dict
[2026-01-19 10:57:24,034][MedImageInsight.ImageEncoder.davit_v1][INFO] - => init blocks.2.6.channel_block.conv1.fn.dw.bias from pretrained state dict
[2026-01-19 10:57:24,034][MedImageInsight.ImageEncoder.davit_v1][INFO] - => init blocks.2.6.channel_block.conv1.fn.dw.weight from pretrained state dict
[2026-01-19 10:57:24,034][MedImageInsight.ImageEncoder.davit_v1][INFO] - => init blocks.2.6.channel_block.conv2.fn.dw.bias from pretrained state dict
[2026-01-19 10:57:24,034][MedImageInsight.ImageEncoder.davit_v1][INFO] - => init blocks.2.6.channel_block.conv2.fn.dw.weight from pretrained state dict
[2026-01-19 10:57:24,034][MedImageInsight.ImageEncoder.davit_v1][INFO] - => init blocks.2.6.channel_block.ffn.fn.net.fc1.bias from pretrained state dict
[2026-01-19 10:57:24,034][MedImageInsight.ImageEncoder.davit_v1][INFO] - => init blocks.2.6.channel_block.ffn.fn.net.fc1.weight from pretrained state dict
[2026-01-19 10:57:24,034][MedImageInsight.ImageEncoder.davit_v1][INFO] - => init blocks.2.6.channel_block.ffn.fn.net.fc2.bias from pretrained state dict
[2026-01-19 10:57:24,034][MedImageInsight.ImageEncoder.davit_v1][INFO] - => init blocks.2.6.channel_block.ffn.fn.net.fc2.weight from pretrained state dict
[2026-01-19 10:57:24,034][MedImageInsight.ImageEncoder.davit_v1][INFO] - => init blocks.2.6.channel_block.ffn.norm.bias from pretrained state dict
[2026-01-19 10:57:24,034][MedImageInsight.ImageEncoder.davit_v1][INFO] - => init blocks.2.6.channel_block.ffn.norm.weight from pretrained state dict
[2026-01-19 10:57:24,034][MedImageInsight.ImageEncoder.davit_v1][INFO] - => init blocks.2.6.spatial_block.conv1.fn.dw.bias from pretrained state dict
[2026-01-19 10:57:24,034][MedImageInsight.ImageEncoder.davit_v1][INFO] - => init blocks.2.6.spatial_block.conv1.fn.dw.weight from pretrained state dict
[2026-01-19 10:57:24,034][MedImageInsight.ImageEncoder.davit_v1][INFO] - => init blocks.2.6.spatial_block.conv2.fn.dw.bias from pretrained state dict
[2026-01-19 10:57:24,034][MedImageInsight.ImageEncoder.davit_v1][INFO] - => init blocks.2.6.spatial_block.conv2.fn.dw.weight from pretrained state dict
[2026-01-19 10:57:24,034][MedImageInsight.ImageEncoder.davit_v1][INFO] - => init blocks.2.6.spatial_block.ffn.fn.net.fc1.bias from pretrained state dict
[2026-01-19 10:57:24,034][MedImageInsight.ImageEncoder.davit_v1][INFO] - => init blocks.2.6.spatial_block.ffn.fn.net.fc1.weight from pretrained state dict
[2026-01-19 10:57:24,034][MedImageInsight.ImageEncoder.davit_v1][INFO] - => init blocks.2.6.spatial_block.ffn.fn.net.fc2.bias from pretrained state dict
[2026-01-19 10:57:24,034][MedImageInsight.ImageEncoder.davit_v1][INFO] - => init blocks.2.6.spatial_block.ffn.fn.net.fc2.weight from pretrained state dict
[2026-01-19 10:57:24,034][MedImageInsight.ImageEncoder.davit_v1][INFO] - => init blocks.2.6.spatial_block.ffn.norm.bias from pretrained state dict
[2026-01-19 10:57:24,034][MedImageInsight.ImageEncoder.davit_v1][INFO] - => init blocks.2.6.spatial_block.ffn.norm.weight from pretrained state dict
[2026-01-19 10:57:24,034][MedImageInsight.ImageEncoder.davit_v1][INFO] - => init blocks.2.6.spatial_block.window_attn.fn.proj.bias from pretrained state dict
[2026-01-19 10:57:24,034][MedImageInsight.ImageEncoder.davit_v1][INFO] - => init blocks.2.6.spatial_block.window_attn.fn.proj.weight from pretrained state dict
[2026-01-19 10:57:24,034][MedImageInsight.ImageEncoder.davit_v1][INFO] - => init blocks.2.6.spatial_block.window_attn.fn.qkv.bias from pretrained state dict
[2026-01-19 10:57:24,034][MedImageInsight.ImageEncoder.davit_v1][INFO] - => init blocks.2.6.spatial_block.window_attn.fn.qkv.weight from pretrained state dict
[2026-01-19 10:57:24,034][MedImageInsight.ImageEncoder.davit_v1][INFO] - => init blocks.2.6.spatial_block.window_attn.norm.bias from pretrained state dict
[2026-01-19 10:57:24,034][MedImageInsight.ImageEncoder.davit_v1][INFO] - => init blocks.2.6.spatial_block.window_attn.norm.weight from pretrained state dict
[2026-01-19 10:57:24,034][MedImageInsight.ImageEncoder.davit_v1][INFO] - => init blocks.2.7.channel_block.channel_attn.fn.proj.bias from pretrained state dict
[2026-01-19 10:57:24,034][MedImageInsight.ImageEncoder.davit_v1][INFO] - => init blocks.2.7.channel_block.channel_attn.fn.proj.weight from pretrained state dict
[2026-01-19 10:57:24,034][MedImageInsight.ImageEncoder.davit_v1][INFO] - => init blocks.2.7.channel_block.channel_attn.fn.qkv.bias from pretrained state dict
[2026-01-19 10:57:24,034][MedImageInsight.ImageEncoder.davit_v1][INFO] - => init blocks.2.7.channel_block.channel_attn.fn.qkv.weight from pretrained state dict
[2026-01-19 10:57:24,034][MedImageInsight.ImageEncoder.davit_v1][INFO] - => init blocks.2.7.channel_block.channel_attn.norm.bias from pretrained state dict
[2026-01-19 10:57:24,034][MedImageInsight.ImageEncoder.davit_v1][INFO] - => init blocks.2.7.channel_block.channel_attn.norm.weight from pretrained state dict
[2026-01-19 10:57:24,034][MedImageInsight.ImageEncoder.davit_v1][INFO] - => init blocks.2.7.channel_block.conv1.fn.dw.bias from pretrained state dict
[2026-01-19 10:57:24,034][MedImageInsight.ImageEncoder.davit_v1][INFO] - => init blocks.2.7.channel_block.conv1.fn.dw.weight from pretrained state dict
[2026-01-19 10:57:24,034][MedImageInsight.ImageEncoder.davit_v1][INFO] - => init blocks.2.7.channel_block.conv2.fn.dw.bias from pretrained state dict
[2026-01-19 10:57:24,034][MedImageInsight.ImageEncoder.davit_v1][INFO] - => init blocks.2.7.channel_block.conv2.fn.dw.weight from pretrained state dict
[2026-01-19 10:57:24,034][MedImageInsight.ImageEncoder.davit_v1][INFO] - => init blocks.2.7.channel_block.ffn.fn.net.fc1.bias from pretrained state dict
[2026-01-19 10:57:24,034][MedImageInsight.ImageEncoder.davit_v1][INFO] - => init blocks.2.7.channel_block.ffn.fn.net.fc1.weight from pretrained state dict
[2026-01-19 10:57:24,034][MedImageInsight.ImageEncoder.davit_v1][INFO] - => init blocks.2.7.channel_block.ffn.fn.net.fc2.bias from pretrained state dict
[2026-01-19 10:57:24,035][MedImageInsight.ImageEncoder.davit_v1][INFO] - => init blocks.2.7.channel_block.ffn.fn.net.fc2.weight from pretrained state dict
[2026-01-19 10:57:24,035][MedImageInsight.ImageEncoder.davit_v1][INFO] - => init blocks.2.7.channel_block.ffn.norm.bias from pretrained state dict
[2026-01-19 10:57:24,035][MedImageInsight.ImageEncoder.davit_v1][INFO] - => init blocks.2.7.channel_block.ffn.norm.weight from pretrained state dict
[2026-01-19 10:57:24,035][MedImageInsight.ImageEncoder.davit_v1][INFO] - => init blocks.2.7.spatial_block.conv1.fn.dw.bias from pretrained state dict
[2026-01-19 10:57:24,035][MedImageInsight.ImageEncoder.davit_v1][INFO] - => init blocks.2.7.spatial_block.conv1.fn.dw.weight from pretrained state dict
[2026-01-19 10:57:24,035][MedImageInsight.ImageEncoder.davit_v1][INFO] - => init blocks.2.7.spatial_block.conv2.fn.dw.bias from pretrained state dict
[2026-01-19 10:57:24,035][MedImageInsight.ImageEncoder.davit_v1][INFO] - => init blocks.2.7.spatial_block.conv2.fn.dw.weight from pretrained state dict
[2026-01-19 10:57:24,035][MedImageInsight.ImageEncoder.davit_v1][INFO] - => init blocks.2.7.spatial_block.ffn.fn.net.fc1.bias from pretrained state dict
[2026-01-19 10:57:24,035][MedImageInsight.ImageEncoder.davit_v1][INFO] - => init blocks.2.7.spatial_block.ffn.fn.net.fc1.weight from pretrained state dict
[2026-01-19 10:57:24,035][MedImageInsight.ImageEncoder.davit_v1][INFO] - => init blocks.2.7.spatial_block.ffn.fn.net.fc2.bias from pretrained state dict
[2026-01-19 10:57:24,035][MedImageInsight.ImageEncoder.davit_v1][INFO] - => init blocks.2.7.spatial_block.ffn.fn.net.fc2.weight from pretrained state dict
[2026-01-19 10:57:24,035][MedImageInsight.ImageEncoder.davit_v1][INFO] - => init blocks.2.7.spatial_block.ffn.norm.bias from pretrained state dict
[2026-01-19 10:57:24,035][MedImageInsight.ImageEncoder.davit_v1][INFO] - => init blocks.2.7.spatial_block.ffn.norm.weight from pretrained state dict
[2026-01-19 10:57:24,035][MedImageInsight.ImageEncoder.davit_v1][INFO] - => init blocks.2.7.spatial_block.window_attn.fn.proj.bias from pretrained state dict
[2026-01-19 10:57:24,035][MedImageInsight.ImageEncoder.davit_v1][INFO] - => init blocks.2.7.spatial_block.window_attn.fn.proj.weight from pretrained state dict
[2026-01-19 10:57:24,035][MedImageInsight.ImageEncoder.davit_v1][INFO] - => init blocks.2.7.spatial_block.window_attn.fn.qkv.bias from pretrained state dict
[2026-01-19 10:57:24,035][MedImageInsight.ImageEncoder.davit_v1][INFO] - => init blocks.2.7.spatial_block.window_attn.fn.qkv.weight from pretrained state dict
[2026-01-19 10:57:24,035][MedImageInsight.ImageEncoder.davit_v1][INFO] - => init blocks.2.7.spatial_block.window_attn.norm.bias from pretrained state dict
[2026-01-19 10:57:24,035][MedImageInsight.ImageEncoder.davit_v1][INFO] - => init blocks.2.7.spatial_block.window_attn.norm.weight from pretrained state dict
[2026-01-19 10:57:24,035][MedImageInsight.ImageEncoder.davit_v1][INFO] - => init blocks.2.8.channel_block.channel_attn.fn.proj.bias from pretrained state dict
[2026-01-19 10:57:24,035][MedImageInsight.ImageEncoder.davit_v1][INFO] - => init blocks.2.8.channel_block.channel_attn.fn.proj.weight from pretrained state dict
[2026-01-19 10:57:24,035][MedImageInsight.ImageEncoder.davit_v1][INFO] - => init blocks.2.8.channel_block.channel_attn.fn.qkv.bias from pretrained state dict
[2026-01-19 10:57:24,035][MedImageInsight.ImageEncoder.davit_v1][INFO] - => init blocks.2.8.channel_block.channel_attn.fn.qkv.weight from pretrained state dict
[2026-01-19 10:57:24,035][MedImageInsight.ImageEncoder.davit_v1][INFO] - => init blocks.2.8.channel_block.channel_attn.norm.bias from pretrained state dict
[2026-01-19 10:57:24,035][MedImageInsight.ImageEncoder.davit_v1][INFO] - => init blocks.2.8.channel_block.channel_attn.norm.weight from pretrained state dict
[2026-01-19 10:57:24,035][MedImageInsight.ImageEncoder.davit_v1][INFO] - => init blocks.2.8.channel_block.conv1.fn.dw.bias from pretrained state dict
[2026-01-19 10:57:24,035][MedImageInsight.ImageEncoder.davit_v1][INFO] - => init blocks.2.8.channel_block.conv1.fn.dw.weight from pretrained state dict
[2026-01-19 10:57:24,035][MedImageInsight.ImageEncoder.davit_v1][INFO] - => init blocks.2.8.channel_block.conv2.fn.dw.bias from pretrained state dict
[2026-01-19 10:57:24,035][MedImageInsight.ImageEncoder.davit_v1][INFO] - => init blocks.2.8.channel_block.conv2.fn.dw.weight from pretrained state dict
[2026-01-19 10:57:24,035][MedImageInsight.ImageEncoder.davit_v1][INFO] - => init blocks.2.8.channel_block.ffn.fn.net.fc1.bias from pretrained state dict
[2026-01-19 10:57:24,035][MedImageInsight.ImageEncoder.davit_v1][INFO] - => init blocks.2.8.channel_block.ffn.fn.net.fc1.weight from pretrained state dict
[2026-01-19 10:57:24,035][MedImageInsight.ImageEncoder.davit_v1][INFO] - => init blocks.2.8.channel_block.ffn.fn.net.fc2.bias from pretrained state dict
[2026-01-19 10:57:24,035][MedImageInsight.ImageEncoder.davit_v1][INFO] - => init blocks.2.8.channel_block.ffn.fn.net.fc2.weight from pretrained state dict
[2026-01-19 10:57:24,035][MedImageInsight.ImageEncoder.davit_v1][INFO] - => init blocks.2.8.channel_block.ffn.norm.bias from pretrained state dict
[2026-01-19 10:57:24,035][MedImageInsight.ImageEncoder.davit_v1][INFO] - => init blocks.2.8.channel_block.ffn.norm.weight from pretrained state dict
[2026-01-19 10:57:24,035][MedImageInsight.ImageEncoder.davit_v1][INFO] - => init blocks.2.8.spatial_block.conv1.fn.dw.bias from pretrained state dict
[2026-01-19 10:57:24,035][MedImageInsight.ImageEncoder.davit_v1][INFO] - => init blocks.2.8.spatial_block.conv1.fn.dw.weight from pretrained state dict
[2026-01-19 10:57:24,035][MedImageInsight.ImageEncoder.davit_v1][INFO] - => init blocks.2.8.spatial_block.conv2.fn.dw.bias from pretrained state dict
[2026-01-19 10:57:24,035][MedImageInsight.ImageEncoder.davit_v1][INFO] - => init blocks.2.8.spatial_block.conv2.fn.dw.weight from pretrained state dict
[2026-01-19 10:57:24,035][MedImageInsight.ImageEncoder.davit_v1][INFO] - => init blocks.2.8.spatial_block.ffn.fn.net.fc1.bias from pretrained state dict
[2026-01-19 10:57:24,035][MedImageInsight.ImageEncoder.davit_v1][INFO] - => init blocks.2.8.spatial_block.ffn.fn.net.fc1.weight from pretrained state dict
[2026-01-19 10:57:24,035][MedImageInsight.ImageEncoder.davit_v1][INFO] - => init blocks.2.8.spatial_block.ffn.fn.net.fc2.bias from pretrained state dict
[2026-01-19 10:57:24,035][MedImageInsight.ImageEncoder.davit_v1][INFO] - => init blocks.2.8.spatial_block.ffn.fn.net.fc2.weight from pretrained state dict
[2026-01-19 10:57:24,035][MedImageInsight.ImageEncoder.davit_v1][INFO] - => init blocks.2.8.spatial_block.ffn.norm.bias from pretrained state dict
[2026-01-19 10:57:24,035][MedImageInsight.ImageEncoder.davit_v1][INFO] - => init blocks.2.8.spatial_block.ffn.norm.weight from pretrained state dict
[2026-01-19 10:57:24,035][MedImageInsight.ImageEncoder.davit_v1][INFO] - => init blocks.2.8.spatial_block.window_attn.fn.proj.bias from pretrained state dict
[2026-01-19 10:57:24,035][MedImageInsight.ImageEncoder.davit_v1][INFO] - => init blocks.2.8.spatial_block.window_attn.fn.proj.weight from pretrained state dict
[2026-01-19 10:57:24,035][MedImageInsight.ImageEncoder.davit_v1][INFO] - => init blocks.2.8.spatial_block.window_attn.fn.qkv.bias from pretrained state dict
[2026-01-19 10:57:24,035][MedImageInsight.ImageEncoder.davit_v1][INFO] - => init blocks.2.8.spatial_block.window_attn.fn.qkv.weight from pretrained state dict
[2026-01-19 10:57:24,035][MedImageInsight.ImageEncoder.davit_v1][INFO] - => init blocks.2.8.spatial_block.window_attn.norm.bias from pretrained state dict
[2026-01-19 10:57:24,035][MedImageInsight.ImageEncoder.davit_v1][INFO] - => init blocks.2.8.spatial_block.window_attn.norm.weight from pretrained state dict
[2026-01-19 10:57:24,035][MedImageInsight.ImageEncoder.davit_v1][INFO] - => init blocks.3.0.channel_block.channel_attn.fn.proj.bias from pretrained state dict
[2026-01-19 10:57:24,035][MedImageInsight.ImageEncoder.davit_v1][INFO] - => init blocks.3.0.channel_block.channel_attn.fn.proj.weight from pretrained state dict
[2026-01-19 10:57:24,035][MedImageInsight.ImageEncoder.davit_v1][INFO] - => init blocks.3.0.channel_block.channel_attn.fn.qkv.bias from pretrained state dict
[2026-01-19 10:57:24,035][MedImageInsight.ImageEncoder.davit_v1][INFO] - => init blocks.3.0.channel_block.channel_attn.fn.qkv.weight from pretrained state dict
[2026-01-19 10:57:24,035][MedImageInsight.ImageEncoder.davit_v1][INFO] - => init blocks.3.0.channel_block.channel_attn.norm.bias from pretrained state dict
[2026-01-19 10:57:24,035][MedImageInsight.ImageEncoder.davit_v1][INFO] - => init blocks.3.0.channel_block.channel_attn.norm.weight from pretrained state dict
[2026-01-19 10:57:24,035][MedImageInsight.ImageEncoder.davit_v1][INFO] - => init blocks.3.0.channel_block.conv1.fn.dw.bias from pretrained state dict
[2026-01-19 10:57:24,035][MedImageInsight.ImageEncoder.davit_v1][INFO] - => init blocks.3.0.channel_block.conv1.fn.dw.weight from pretrained state dict
[2026-01-19 10:57:24,035][MedImageInsight.ImageEncoder.davit_v1][INFO] - => init blocks.3.0.channel_block.conv2.fn.dw.bias from pretrained state dict
[2026-01-19 10:57:24,036][MedImageInsight.ImageEncoder.davit_v1][INFO] - => init blocks.3.0.channel_block.conv2.fn.dw.weight from pretrained state dict
[2026-01-19 10:57:24,036][MedImageInsight.ImageEncoder.davit_v1][INFO] - => init blocks.3.0.channel_block.ffn.fn.net.fc1.bias from pretrained state dict
[2026-01-19 10:57:24,036][MedImageInsight.ImageEncoder.davit_v1][INFO] - => init blocks.3.0.channel_block.ffn.fn.net.fc1.weight from pretrained state dict
[2026-01-19 10:57:24,036][MedImageInsight.ImageEncoder.davit_v1][INFO] - => init blocks.3.0.channel_block.ffn.fn.net.fc2.bias from pretrained state dict
[2026-01-19 10:57:24,036][MedImageInsight.ImageEncoder.davit_v1][INFO] - => init blocks.3.0.channel_block.ffn.fn.net.fc2.weight from pretrained state dict
[2026-01-19 10:57:24,036][MedImageInsight.ImageEncoder.davit_v1][INFO] - => init blocks.3.0.channel_block.ffn.norm.bias from pretrained state dict
[2026-01-19 10:57:24,036][MedImageInsight.ImageEncoder.davit_v1][INFO] - => init blocks.3.0.channel_block.ffn.norm.weight from pretrained state dict
[2026-01-19 10:57:24,036][MedImageInsight.ImageEncoder.davit_v1][INFO] - => init blocks.3.0.spatial_block.conv1.fn.dw.bias from pretrained state dict
[2026-01-19 10:57:24,036][MedImageInsight.ImageEncoder.davit_v1][INFO] - => init blocks.3.0.spatial_block.conv1.fn.dw.weight from pretrained state dict
[2026-01-19 10:57:24,036][MedImageInsight.ImageEncoder.davit_v1][INFO] - => init blocks.3.0.spatial_block.conv2.fn.dw.bias from pretrained state dict
[2026-01-19 10:57:24,036][MedImageInsight.ImageEncoder.davit_v1][INFO] - => init blocks.3.0.spatial_block.conv2.fn.dw.weight from pretrained state dict
[2026-01-19 10:57:24,036][MedImageInsight.ImageEncoder.davit_v1][INFO] - => init blocks.3.0.spatial_block.ffn.fn.net.fc1.bias from pretrained state dict
[2026-01-19 10:57:24,036][MedImageInsight.ImageEncoder.davit_v1][INFO] - => init blocks.3.0.spatial_block.ffn.fn.net.fc1.weight from pretrained state dict
[2026-01-19 10:57:24,036][MedImageInsight.ImageEncoder.davit_v1][INFO] - => init blocks.3.0.spatial_block.ffn.fn.net.fc2.bias from pretrained state dict
[2026-01-19 10:57:24,036][MedImageInsight.ImageEncoder.davit_v1][INFO] - => init blocks.3.0.spatial_block.ffn.fn.net.fc2.weight from pretrained state dict
[2026-01-19 10:57:24,036][MedImageInsight.ImageEncoder.davit_v1][INFO] - => init blocks.3.0.spatial_block.ffn.norm.bias from pretrained state dict
[2026-01-19 10:57:24,036][MedImageInsight.ImageEncoder.davit_v1][INFO] - => init blocks.3.0.spatial_block.ffn.norm.weight from pretrained state dict
[2026-01-19 10:57:24,036][MedImageInsight.ImageEncoder.davit_v1][INFO] - => init blocks.3.0.spatial_block.window_attn.fn.proj.bias from pretrained state dict
[2026-01-19 10:57:24,036][MedImageInsight.ImageEncoder.davit_v1][INFO] - => init blocks.3.0.spatial_block.window_attn.fn.proj.weight from pretrained state dict
[2026-01-19 10:57:24,036][MedImageInsight.ImageEncoder.davit_v1][INFO] - => init blocks.3.0.spatial_block.window_attn.fn.qkv.bias from pretrained state dict
[2026-01-19 10:57:24,036][MedImageInsight.ImageEncoder.davit_v1][INFO] - => init blocks.3.0.spatial_block.window_attn.fn.qkv.weight from pretrained state dict
[2026-01-19 10:57:24,036][MedImageInsight.ImageEncoder.davit_v1][INFO] - => init blocks.3.0.spatial_block.window_attn.norm.bias from pretrained state dict
[2026-01-19 10:57:24,036][MedImageInsight.ImageEncoder.davit_v1][INFO] - => init blocks.3.0.spatial_block.window_attn.norm.weight from pretrained state dict
[2026-01-19 10:57:24,036][MedImageInsight.ImageEncoder.davit_v1][INFO] - => init convs.0.norm.bias from pretrained state dict
[2026-01-19 10:57:24,036][MedImageInsight.ImageEncoder.davit_v1][INFO] - => init convs.0.norm.weight from pretrained state dict
[2026-01-19 10:57:24,036][MedImageInsight.ImageEncoder.davit_v1][INFO] - => init convs.0.proj.bias from pretrained state dict
[2026-01-19 10:57:24,036][MedImageInsight.ImageEncoder.davit_v1][INFO] - => init convs.0.proj.weight from pretrained state dict
[2026-01-19 10:57:24,036][MedImageInsight.ImageEncoder.davit_v1][INFO] - => init convs.1.norm.bias from pretrained state dict
[2026-01-19 10:57:24,036][MedImageInsight.ImageEncoder.davit_v1][INFO] - => init convs.1.norm.weight from pretrained state dict
[2026-01-19 10:57:24,036][MedImageInsight.ImageEncoder.davit_v1][INFO] - => init convs.1.proj.bias from pretrained state dict
[2026-01-19 10:57:24,036][MedImageInsight.ImageEncoder.davit_v1][INFO] - => init convs.1.proj.weight from pretrained state dict
[2026-01-19 10:57:24,036][MedImageInsight.ImageEncoder.davit_v1][INFO] - => init convs.2.norm.bias from pretrained state dict
[2026-01-19 10:57:24,036][MedImageInsight.ImageEncoder.davit_v1][INFO] - => init convs.2.norm.weight from pretrained state dict
[2026-01-19 10:57:24,036][MedImageInsight.ImageEncoder.davit_v1][INFO] - => init convs.2.proj.bias from pretrained state dict
[2026-01-19 10:57:24,036][MedImageInsight.ImageEncoder.davit_v1][INFO] - => init convs.2.proj.weight from pretrained state dict
[2026-01-19 10:57:24,036][MedImageInsight.ImageEncoder.davit_v1][INFO] - => init convs.3.norm.bias from pretrained state dict
[2026-01-19 10:57:24,036][MedImageInsight.ImageEncoder.davit_v1][INFO] - => init convs.3.norm.weight from pretrained state dict
[2026-01-19 10:57:24,036][MedImageInsight.ImageEncoder.davit_v1][INFO] - => init convs.3.proj.bias from pretrained state dict
[2026-01-19 10:57:24,036][MedImageInsight.ImageEncoder.davit_v1][INFO] - => init convs.3.proj.weight from pretrained state dict
[2026-01-19 10:57:24,036][MedImageInsight.ImageEncoder.davit_v1][INFO] - => init norms.bias from pretrained state dict
[2026-01-19 10:57:24,036][MedImageInsight.ImageEncoder.davit_v1][INFO] - => init norms.weight from pretrained state dict
Ignored unknown kwarg option special
Ignored unknown kwarg option special
Ignored unknown kwarg option special
Ignored unknown kwarg option special
Ignored unknown kwarg option special
Ignored unknown kwarg option special
Model loaded successfully on device: cuda
Index(['pid', 'study_yr', '5y', 'fup_days', 'reversed',
       'sct_slice_final_mapped'],
      dtype='object')
Index(['pid', 'study_yr', '5y', 'fup_days', 'reversed',
       'sct_slice_final_mapped', 'file_path'],
      dtype='object')
Index(['pid', 'study_yr', '5y', 'fup_days', 'reversed',
       'sct_slice_final_mapped', 'file_path'],
      dtype='object')
      pid  study_yr  label  fup_days reversed  sct_slice_num                                                                                                                 path
0  100012         1      0  0.879756     True          120.0  /nas-ctm01/datasets/public/medical_datasets/lung_ct_datasets/nlst/preprocessed_data/protocol_5/2d/lung/100012_1.npy
1  100147         1      0  0.854989    False          122.0  /nas-ctm01/datasets/public/medical_datasets/lung_ct_datasets/nlst/preprocessed_data/protocol_5/2d/lung/100147_1.npy
2  100158         2      0  0.794688     True          101.0  /nas-ctm01/datasets/public/medical_datasets/lung_ct_datasets/nlst/preprocessed_data/protocol_5/2d/lung/100158_2.npy
3  100242         0      0  0.932879     True          134.0  /nas-ctm01/datasets/public/medical_datasets/lung_ct_datasets/nlst/preprocessed_data/protocol_5/2d/lung/100242_0.npy
4  100280         1      0  0.910983     True           83.0  /nas-ctm01/datasets/public/medical_datasets/lung_ct_datasets/nlst/preprocessed_data/protocol_5/2d/lung/100280_1.npy

✅ Saved split assignments to 'clinical_metadata_with_splits.csv'

Using WeightedRandomSampler for train subset
Data Aug
Original shape: 213, New Shape: 320

Using WeightedRandomSampler for train subset
Data Aug
Original shape: 213, New Shape: 320

Using WeightedRandomSampler for train subset
Data Aug
Original shape: 214, New Shape: 320

✅ Set train dataloaders with 3 folds
  - Fold 1: 320 samples
    Label distribution: {0: 160, 1: 160}
    Batch label distribution: {0.0: 15, 1.0: 17}
    Batch label distribution: {0.0: 20, 1.0: 12}
    Batch label distribution: {0.0: 14, 1.0: 18}
    Batch label distribution: {0.0: 15, 1.0: 17}
    Batch label distribution: {0.0: 14, 1.0: 18}
    Batch label distribution: {0.0: 12, 1.0: 20}
    Batch label distribution: {0.0: 10, 1.0: 11}
  - Fold 2: 320 samples
    Label distribution: {0: 160, 1: 160}
    Batch label distribution: {0.0: 13, 1.0: 19}
    Batch label distribution: {0.0: 14, 1.0: 18}
    Batch label distribution: {0.0: 16, 1.0: 16}
    Batch label distribution: {0.0: 13, 1.0: 19}
    Batch label distribution: {0.0: 13, 1.0: 19}
    Batch label distribution: {0.0: 15, 1.0: 17}
    Batch label distribution: {0.0: 8, 1.0: 13}
  - Fold 3: 320 samples
    Label distribution: {0: 160, 1: 160}
    Batch label distribution: {0.0: 16, 1.0: 16}
    Batch label distribution: {0.0: 18, 1.0: 14}
    Batch label distribution: {0.0: 16, 1.0: 16}
    Batch label distribution: {0.0: 16, 1.0: 16}
    Batch label distribution: {0.0: 16, 1.0: 16}
    Batch label distribution: {0.0: 15, 1.0: 17}
    Batch label distribution: {0.0: 11, 1.0: 11}

Using WeightedRandomSampler for validation subset

Using WeightedRandomSampler for validation subset

Using WeightedRandomSampler for validation subset

✅ Set validation dataloaders with 3 folds
  - Fold 1: 107 samples
    Label distribution: {0: 80, 1: 27}
    Batch label distribution: {0.0: 24, 1.0: 8}
    Batch label distribution: {0.0: 27, 1.0: 5}
    Batch label distribution: {0.0: 23, 1.0: 9}
    Batch label distribution: {0.0: 6, 1.0: 5}
  - Fold 2: 107 samples
    Label distribution: {0: 80, 1: 27}
    Batch label distribution: {0.0: 25, 1.0: 7}
    Batch label distribution: {0.0: 23, 1.0: 9}
    Batch label distribution: {0.0: 23, 1.0: 9}
    Batch label distribution: {0.0: 9, 1.0: 2}
  - Fold 3: 106 samples
    Label distribution: {0: 80, 1: 26}
    Batch label distribution: {0.0: 26, 1.0: 6}
    Batch label distribution: {0.0: 26, 1.0: 6}
    Batch label distribution: {0.0: 19, 1.0: 13}
    Batch label distribution: {0.0: 9, 1.0: 1}

Using WeightedRandomSampler for test subset

Using WeightedRandomSampler for test subset

Using WeightedRandomSampler for test subset

✅ Set test dataloaders with 3 folds
  - Fold 1: 80 samples
    Label distribution: {0: 60, 1: 20}
    Batch label distribution: {0.0: 28, 1.0: 4}
    Batch label distribution: {0.0: 22, 1.0: 10}
    Batch label distribution: {0.0: 10, 1.0: 6}
  - Fold 2: 80 samples
    Label distribution: {0: 60, 1: 20}
    Batch label distribution: {0.0: 28, 1.0: 4}
    Batch label distribution: {0.0: 22, 1.0: 10}
    Batch label distribution: {0.0: 10, 1.0: 6}
  - Fold 3: 80 samples
    Label distribution: {0: 60, 1: 20}
    Batch label distribution: {0.0: 28, 1.0: 4}
    Batch label distribution: {0.0: 22, 1.0: 10}
    Batch label distribution: {0.0: 10, 1.0: 6}
Embedding dimension determined: 2048

====================== STARTING FOLD 1/3 ======================
The model has 360,919,554 trainable parameters.
Sanity Checking: |          | 0/? [00:00<?, ?it/s]Sanity Checking:   0%|          | 0/2 [00:00<?, ?it/s]Sanity Checking DataLoader 0:   0%|          | 0/2 [00:00<?, ?it/s]tensor(0.0803, device='cuda:0')
tensor(-0.3208, device='cuda:0')
Sanity Checking DataLoader 0:  50%|█████     | 1/2 [00:01<00:01,  0.62it/s]tensor(0.0894, device='cuda:0')
tensor(-0.2750, device='cuda:0')
Sanity Checking DataLoader 0: 100%|██████████| 2/2 [00:03<00:00,  0.64it/s]
==================================================
Stage: VAL
Predicted class distribution: 0s = 0, 1s = 64
Actual label distribution:    0s = 51, 1s = 13
Actual Imbalance Ratio (0:1): 3.92:1
==================================================
⚠️ Model is predicting only class 1 (minority class). It is ignoring the majority class!
Saved test predictions and probabilities to validation_results_fold_final.xlsx
                                                                           Training: |          | 0/? [00:00<?, ?it/s]Training:   0%|          | 0/7 [00:00<?, ?it/s]Epoch 0:   0%|          | 0/7 [00:00<?, ?it/s] 🔥 Successfully training: convs.0.proj.weight
SUCCESS: vision_encoder.blocks.2.1.spatial_block.conv1.fn.dw.weight is Updating! Grad Norm: 0.029842
Epoch 0:  14%|█▍        | 1/7 [00:07<00:42,  0.14it/s]Epoch 0:  14%|█▍        | 1/7 [00:07<00:42,  0.14it/s, v_num=cr2w, train_loss_step=0.610]SUCCESS: vision_encoder.blocks.2.1.spatial_block.conv1.fn.dw.weight is Updating! Grad Norm: 0.049927
Epoch 0:  29%|██▊       | 2/7 [00:13<00:33,  0.15it/s, v_num=cr2w, train_loss_step=0.610]Epoch 0:  29%|██▊       | 2/7 [00:13<00:33,  0.15it/s, v_num=cr2w, train_loss_step=0.669]SUCCESS: vision_encoder.blocks.2.1.spatial_block.conv1.fn.dw.weight is Updating! Grad Norm: 0.039291
Epoch 0:  43%|████▎     | 3/7 [00:19<00:26,  0.15it/s, v_num=cr2w, train_loss_step=0.669]Epoch 0:  43%|████▎     | 3/7 [00:19<00:26,  0.15it/s, v_num=cr2w, train_loss_step=0.599]SUCCESS: vision_encoder.blocks.2.1.spatial_block.conv1.fn.dw.weight is Updating! Grad Norm: 0.039226
Epoch 0:  57%|█████▋    | 4/7 [00:26<00:19,  0.15it/s, v_num=cr2w, train_loss_step=0.599]Epoch 0:  57%|█████▋    | 4/7 [00:26<00:19,  0.15it/s, v_num=cr2w, train_loss_step=0.614]SUCCESS: vision_encoder.blocks.2.1.spatial_block.conv1.fn.dw.weight is Updating! Grad Norm: 0.029552
Epoch 0:  71%|███████▏  | 5/7 [00:32<00:13,  0.15it/s, v_num=cr2w, train_loss_step=0.614]Epoch 0:  71%|███████▏  | 5/7 [00:32<00:13,  0.15it/s, v_num=cr2w, train_loss_step=0.511]SUCCESS: vision_encoder.blocks.2.1.spatial_block.conv1.fn.dw.weight is Updating! Grad Norm: 0.037294
Epoch 0:  86%|████████▌ | 6/7 [00:38<00:06,  0.15it/s, v_num=cr2w, train_loss_step=0.511]Epoch 0:  86%|████████▌ | 6/7 [00:38<00:06,  0.15it/s, v_num=cr2w, train_loss_step=0.585]SUCCESS: vision_encoder.blocks.2.1.spatial_block.conv1.fn.dw.weight is Updating! Grad Norm: 0.057409
Epoch 0: 100%|██████████| 7/7 [00:43<00:00,  0.16it/s, v_num=cr2w, train_loss_step=0.585]Epoch 0: 100%|██████████| 7/7 [00:43<00:00,  0.16it/s, v_num=cr2w, train_loss_step=0.464]
Validation: |          | 0/? [00:00<?, ?it/s][A
Validation:   0%|          | 0/4 [00:00<?, ?it/s][A
Validation DataLoader 0:   0%|          | 0/4 [00:00<?, ?it/s][Atensor(0.1473, device='cuda:0')
tensor(-0.2627, device='cuda:0')

Validation DataLoader 0:  25%|██▌       | 1/4 [00:01<00:04,  0.67it/s][Atensor(0.1399, device='cuda:0')
tensor(-0.2389, device='cuda:0')

Validation DataLoader 0:  50%|█████     | 2/4 [00:03<00:03,  0.66it/s][Atensor(0.1625, device='cuda:0')
tensor(-0.2691, device='cuda:0')

Validation DataLoader 0:  75%|███████▌  | 3/4 [00:04<00:01,  0.66it/s][Atensor(0.1148, device='cuda:0')
tensor(-0.2590, device='cuda:0')

Validation DataLoader 0: 100%|██████████| 4/4 [00:05<00:00,  0.78it/s][A
==================================================
Stage: VAL
Predicted class distribution: 0s = 0, 1s = 107
Actual label distribution:    0s = 80, 1s = 27
Actual Imbalance Ratio (0:1): 2.96:1
==================================================
⚠️ Model is predicting only class 1 (minority class). It is ignoring the majority class!
Saved test predictions and probabilities to validation_results_fold_final.xlsx

                                                                      [AEpoch 0: 100%|██████████| 7/7 [00:49<00:00,  0.14it/s, v_num=cr2w, train_loss_step=0.464, val_loss=0.731]Epoch 0: 100%|██████████| 7/7 [00:49<00:00,  0.14it/s, v_num=cr2w, train_loss_step=0.464, val_loss=0.731, train_loss_epoch=0.585]Epoch 0:   0%|          | 0/7 [00:00<?, ?it/s, v_num=cr2w, train_loss_step=0.464, val_loss=0.731, train_loss_epoch=0.585]        Epoch 1:   0%|          | 0/7 [00:00<?, ?it/s, v_num=cr2w, train_loss_step=0.464, val_loss=0.731, train_loss_epoch=0.585]SUCCESS: vision_encoder.blocks.2.1.spatial_block.conv1.fn.dw.weight is Updating! Grad Norm: 0.046331
Epoch 1:  14%|█▍        | 1/7 [00:06<00:41,  0.15it/s, v_num=cr2w, train_loss_step=0.464, val_loss=0.731, train_loss_epoch=0.585]Epoch 1:  14%|█▍        | 1/7 [00:06<00:41,  0.15it/s, v_num=cr2w, train_loss_step=0.562, val_loss=0.731, train_loss_epoch=0.585]SUCCESS: vision_encoder.blocks.2.1.spatial_block.conv1.fn.dw.weight is Updating! Grad Norm: 0.042125
Epoch 1:  29%|██▊       | 2/7 [00:13<00:33,  0.15it/s, v_num=cr2w, train_loss_step=0.562, val_loss=0.731, train_loss_epoch=0.585]Epoch 1:  29%|██▊       | 2/7 [00:13<00:33,  0.15it/s, v_num=cr2w, train_loss_step=0.534, val_loss=0.731, train_loss_epoch=0.585]SUCCESS: vision_encoder.blocks.2.1.spatial_block.conv1.fn.dw.weight is Updating! Grad Norm: 0.038013
Epoch 1:  43%|████▎     | 3/7 [00:19<00:26,  0.15it/s, v_num=cr2w, train_loss_step=0.534, val_loss=0.731, train_loss_epoch=0.585]Epoch 1:  43%|████▎     | 3/7 [00:19<00:26,  0.15it/s, v_num=cr2w, train_loss_step=0.662, val_loss=0.731, train_loss_epoch=0.585]SUCCESS: vision_encoder.blocks.2.1.spatial_block.conv1.fn.dw.weight is Updating! Grad Norm: 0.040309
Epoch 1:  57%|█████▋    | 4/7 [00:26<00:19,  0.15it/s, v_num=cr2w, train_loss_step=0.662, val_loss=0.731, train_loss_epoch=0.585]Epoch 1:  57%|█████▋    | 4/7 [00:26<00:19,  0.15it/s, v_num=cr2w, train_loss_step=0.587, val_loss=0.731, train_loss_epoch=0.585]SUCCESS: vision_encoder.blocks.2.1.spatial_block.conv1.fn.dw.weight is Updating! Grad Norm: 0.035779
Epoch 1:  71%|███████▏  | 5/7 [00:32<00:13,  0.15it/s, v_num=cr2w, train_loss_step=0.587, val_loss=0.731, train_loss_epoch=0.585]Epoch 1:  71%|███████▏  | 5/7 [00:32<00:13,  0.15it/s, v_num=cr2w, train_loss_step=0.635, val_loss=0.731, train_loss_epoch=0.585]SUCCESS: vision_encoder.blocks.2.1.spatial_block.conv1.fn.dw.weight is Updating! Grad Norm: 0.040560
Epoch 1:  86%|████████▌ | 6/7 [00:38<00:06,  0.15it/s, v_num=cr2w, train_loss_step=0.635, val_loss=0.731, train_loss_epoch=0.585]Epoch 1:  86%|████████▌ | 6/7 [00:38<00:06,  0.15it/s, v_num=cr2w, train_loss_step=0.539, val_loss=0.731, train_loss_epoch=0.585]SUCCESS: vision_encoder.blocks.2.1.spatial_block.conv1.fn.dw.weight is Updating! Grad Norm: 0.050980
Epoch 1: 100%|██████████| 7/7 [00:43<00:00,  0.16it/s, v_num=cr2w, train_loss_step=0.539, val_loss=0.731, train_loss_epoch=0.585]Epoch 1: 100%|██████████| 7/7 [00:43<00:00,  0.16it/s, v_num=cr2w, train_loss_step=0.492, val_loss=0.731, train_loss_epoch=0.585]
Validation: |          | 0/? [00:00<?, ?it/s][A
Validation:   0%|          | 0/4 [00:00<?, ?it/s][A
Validation DataLoader 0:   0%|          | 0/4 [00:00<?, ?it/s][Atensor(0.2283, device='cuda:0')
tensor(-0.2064, device='cuda:0')

Validation DataLoader 0:  25%|██▌       | 1/4 [00:01<00:04,  0.66it/s][Atensor(0.2485, device='cuda:0')
tensor(-0.2437, device='cuda:0')

Validation DataLoader 0:  50%|█████     | 2/4 [00:03<00:03,  0.65it/s][Atensor(0.2195, device='cuda:0')
tensor(-0.2288, device='cuda:0')

Validation DataLoader 0:  75%|███████▌  | 3/4 [00:04<00:01,  0.65it/s][Atensor(0.2375, device='cuda:0')
tensor(-0.2388, device='cuda:0')

Validation DataLoader 0: 100%|██████████| 4/4 [00:05<00:00,  0.77it/s][A
==================================================
Stage: VAL
Predicted class distribution: 0s = 0, 1s = 107
Actual label distribution:    0s = 80, 1s = 27
Actual Imbalance Ratio (0:1): 2.96:1
==================================================
⚠️ Model is predicting only class 1 (minority class). It is ignoring the majority class!
Saved test predictions and probabilities to validation_results_fold_final.xlsx

                                                                      [AEpoch 1: 100%|██████████| 7/7 [00:49<00:00,  0.14it/s, v_num=cr2w, train_loss_step=0.492, val_loss=0.700, train_loss_epoch=0.585]Epoch 1: 100%|██████████| 7/7 [00:49<00:00,  0.14it/s, v_num=cr2w, train_loss_step=0.492, val_loss=0.700, train_loss_epoch=0.577]Epoch 1:   0%|          | 0/7 [00:00<?, ?it/s, v_num=cr2w, train_loss_step=0.492, val_loss=0.700, train_loss_epoch=0.577]        Epoch 2:   0%|          | 0/7 [00:00<?, ?it/s, v_num=cr2w, train_loss_step=0.492, val_loss=0.700, train_loss_epoch=0.577]SUCCESS: vision_encoder.blocks.2.1.spatial_block.conv1.fn.dw.weight is Updating! Grad Norm: 0.035029
Epoch 2:  14%|█▍        | 1/7 [00:06<00:41,  0.14it/s, v_num=cr2w, train_loss_step=0.492, val_loss=0.700, train_loss_epoch=0.577]Epoch 2:  14%|█▍        | 1/7 [00:06<00:41,  0.14it/s, v_num=cr2w, train_loss_step=0.681, val_loss=0.700, train_loss_epoch=0.577]SUCCESS: vision_encoder.blocks.2.1.spatial_block.conv1.fn.dw.weight is Updating! Grad Norm: 0.044000
Epoch 2:  29%|██▊       | 2/7 [00:13<00:33,  0.15it/s, v_num=cr2w, train_loss_step=0.681, val_loss=0.700, train_loss_epoch=0.577]Epoch 2:  29%|██▊       | 2/7 [00:13<00:33,  0.15it/s, v_num=cr2w, train_loss_step=0.665, val_loss=0.700, train_loss_epoch=0.577]SUCCESS: vision_encoder.blocks.2.1.spatial_block.conv1.fn.dw.weight is Updating! Grad Norm: 0.063834
Epoch 2:  43%|████▎     | 3/7 [00:19<00:26,  0.15it/s, v_num=cr2w, train_loss_step=0.665, val_loss=0.700, train_loss_epoch=0.577]Epoch 2:  43%|████▎     | 3/7 [00:19<00:26,  0.15it/s, v_num=cr2w, train_loss_step=0.638, val_loss=0.700, train_loss_epoch=0.577]SUCCESS: vision_encoder.blocks.2.1.spatial_block.conv1.fn.dw.weight is Updating! Grad Norm: 0.059132
Epoch 2:  57%|█████▋    | 4/7 [00:26<00:19,  0.15it/s, v_num=cr2w, train_loss_step=0.638, val_loss=0.700, train_loss_epoch=0.577]Epoch 2:  57%|█████▋    | 4/7 [00:26<00:19,  0.15it/s, v_num=cr2w, train_loss_step=0.429, val_loss=0.700, train_loss_epoch=0.577]SUCCESS: vision_encoder.blocks.2.1.spatial_block.conv1.fn.dw.weight is Updating! Grad Norm: 0.046835
Epoch 2:  71%|███████▏  | 5/7 [00:32<00:13,  0.15it/s, v_num=cr2w, train_loss_step=0.429, val_loss=0.700, train_loss_epoch=0.577]Epoch 2:  71%|███████▏  | 5/7 [00:32<00:13,  0.15it/s, v_num=cr2w, train_loss_step=0.629, val_loss=0.700, train_loss_epoch=0.577]SUCCESS: vision_encoder.blocks.2.1.spatial_block.conv1.fn.dw.weight is Updating! Grad Norm: 0.054100
Epoch 2:  86%|████████▌ | 6/7 [00:39<00:06,  0.15it/s, v_num=cr2w, train_loss_step=0.629, val_loss=0.700, train_loss_epoch=0.577]Epoch 2:  86%|████████▌ | 6/7 [00:39<00:06,  0.15it/s, v_num=cr2w, train_loss_step=0.514, val_loss=0.700, train_loss_epoch=0.577]SUCCESS: vision_encoder.blocks.2.1.spatial_block.conv1.fn.dw.weight is Updating! Grad Norm: 0.064436
Epoch 2: 100%|██████████| 7/7 [00:43<00:00,  0.16it/s, v_num=cr2w, train_loss_step=0.514, val_loss=0.700, train_loss_epoch=0.577]Epoch 2: 100%|██████████| 7/7 [00:43<00:00,  0.16it/s, v_num=cr2w, train_loss_step=0.595, val_loss=0.700, train_loss_epoch=0.577]
Validation: |          | 0/? [00:00<?, ?it/s][A
Validation:   0%|          | 0/4 [00:00<?, ?it/s][A
Validation DataLoader 0:   0%|          | 0/4 [00:00<?, ?it/s][Atensor(0.2768, device='cuda:0')
tensor(-0.1751, device='cuda:0')

Validation DataLoader 0:  25%|██▌       | 1/4 [00:01<00:04,  0.66it/s][Atensor(0.3371, device='cuda:0')
tensor(-0.2713, device='cuda:0')

Validation DataLoader 0:  50%|█████     | 2/4 [00:03<00:03,  0.65it/s][Atensor(0.3119, device='cuda:0')
tensor(-0.2306, device='cuda:0')

Validation DataLoader 0:  75%|███████▌  | 3/4 [00:04<00:01,  0.65it/s][Atensor(0.3366, device='cuda:0')
tensor(-0.2188, device='cuda:0')

Validation DataLoader 0: 100%|██████████| 4/4 [00:05<00:00,  0.77it/s][A
==================================================
Stage: VAL
Predicted class distribution: 0s = 0, 1s = 107
Actual label distribution:    0s = 80, 1s = 27
Actual Imbalance Ratio (0:1): 2.96:1
==================================================
⚠️ Model is predicting only class 1 (minority class). It is ignoring the majority class!
Saved test predictions and probabilities to validation_results_fold_final.xlsx

                                                                      [AEpoch 2: 100%|██████████| 7/7 [00:49<00:00,  0.14it/s, v_num=cr2w, train_loss_step=0.595, val_loss=0.686, train_loss_epoch=0.577]Epoch 2: 100%|██████████| 7/7 [00:49<00:00,  0.14it/s, v_num=cr2w, train_loss_step=0.595, val_loss=0.686, train_loss_epoch=0.593]Epoch 2:   0%|          | 0/7 [00:00<?, ?it/s, v_num=cr2w, train_loss_step=0.595, val_loss=0.686, train_loss_epoch=0.593]        Epoch 3:   0%|          | 0/7 [00:00<?, ?it/s, v_num=cr2w, train_loss_step=0.595, val_loss=0.686, train_loss_epoch=0.593]SUCCESS: vision_encoder.blocks.2.1.spatial_block.conv1.fn.dw.weight is Updating! Grad Norm: 0.044575
Epoch 3:  14%|█▍        | 1/7 [00:07<00:43,  0.14it/s, v_num=cr2w, train_loss_step=0.595, val_loss=0.686, train_loss_epoch=0.593]Epoch 3:  14%|█▍        | 1/7 [00:07<00:43,  0.14it/s, v_num=cr2w, train_loss_step=0.549, val_loss=0.686, train_loss_epoch=0.593]SUCCESS: vision_encoder.blocks.2.1.spatial_block.conv1.fn.dw.weight is Updating! Grad Norm: 0.050534
Epoch 3:  29%|██▊       | 2/7 [00:13<00:34,  0.14it/s, v_num=cr2w, train_loss_step=0.549, val_loss=0.686, train_loss_epoch=0.593]Epoch 3:  29%|██▊       | 2/7 [00:14<00:35,  0.14it/s, v_num=cr2w, train_loss_step=0.531, val_loss=0.686, train_loss_epoch=0.593]SUCCESS: vision_encoder.blocks.2.1.spatial_block.conv1.fn.dw.weight is Updating! Grad Norm: 0.042945
Epoch 3:  43%|████▎     | 3/7 [00:20<00:27,  0.15it/s, v_num=cr2w, train_loss_step=0.531, val_loss=0.686, train_loss_epoch=0.593]Epoch 3:  43%|████▎     | 3/7 [00:20<00:27,  0.15it/s, v_num=cr2w, train_loss_step=0.528, val_loss=0.686, train_loss_epoch=0.593]SUCCESS: vision_encoder.blocks.2.1.spatial_block.conv1.fn.dw.weight is Updating! Grad Norm: 0.050789
Epoch 3:  57%|█████▋    | 4/7 [00:26<00:20,  0.15it/s, v_num=cr2w, train_loss_step=0.528, val_loss=0.686, train_loss_epoch=0.593]Epoch 3:  57%|█████▋    | 4/7 [00:26<00:20,  0.15it/s, v_num=cr2w, train_loss_step=0.574, val_loss=0.686, train_loss_epoch=0.593]SUCCESS: vision_encoder.blocks.2.1.spatial_block.conv1.fn.dw.weight is Updating! Grad Norm: 0.067557
Epoch 3:  71%|███████▏  | 5/7 [00:33<00:13,  0.15it/s, v_num=cr2w, train_loss_step=0.574, val_loss=0.686, train_loss_epoch=0.593]Epoch 3:  71%|███████▏  | 5/7 [00:33<00:13,  0.15it/s, v_num=cr2w, train_loss_step=0.496, val_loss=0.686, train_loss_epoch=0.593]SUCCESS: vision_encoder.blocks.2.1.spatial_block.conv1.fn.dw.weight is Updating! Grad Norm: 0.043945
Epoch 3:  86%|████████▌ | 6/7 [00:39<00:06,  0.15it/s, v_num=cr2w, train_loss_step=0.496, val_loss=0.686, train_loss_epoch=0.593]Epoch 3:  86%|████████▌ | 6/7 [00:39<00:06,  0.15it/s, v_num=cr2w, train_loss_step=0.343, val_loss=0.686, train_loss_epoch=0.593]SUCCESS: vision_encoder.blocks.2.1.spatial_block.conv1.fn.dw.weight is Updating! Grad Norm: 0.096433
Epoch 3: 100%|██████████| 7/7 [00:44<00:00,  0.16it/s, v_num=cr2w, train_loss_step=0.343, val_loss=0.686, train_loss_epoch=0.593]Epoch 3: 100%|██████████| 7/7 [00:44<00:00,  0.16it/s, v_num=cr2w, train_loss_step=0.657, val_loss=0.686, train_loss_epoch=0.593]
Validation: |          | 0/? [00:00<?, ?it/s][A
Validation:   0%|          | 0/4 [00:00<?, ?it/s][A
Validation DataLoader 0:   0%|          | 0/4 [00:00<?, ?it/s][Atensor(0.3236, device='cuda:0')
tensor(-0.2190, device='cuda:0')

Validation DataLoader 0:  25%|██▌       | 1/4 [00:01<00:04,  0.66it/s][Atensor(0.4729, device='cuda:0')
tensor(-0.3402, device='cuda:0')

Validation DataLoader 0:  50%|█████     | 2/4 [00:03<00:03,  0.65it/s][Atensor(0.3972, device='cuda:0')
tensor(-0.2041, device='cuda:0')

Validation DataLoader 0:  75%|███████▌  | 3/4 [00:04<00:01,  0.65it/s][Atensor(0.4452, device='cuda:0')
tensor(-0.2800, device='cuda:0')

Validation DataLoader 0: 100%|██████████| 4/4 [00:05<00:00,  0.77it/s][A
==================================================
Stage: VAL
Predicted class distribution: 0s = 13, 1s = 94
Actual label distribution:    0s = 80, 1s = 27
Actual Imbalance Ratio (0:1): 2.96:1
==================================================
✅ Model is predicting both classes.
Saved test predictions and probabilities to validation_results_fold_final.xlsx

                                                                      [AEpoch 3: 100%|██████████| 7/7 [00:49<00:00,  0.14it/s, v_num=cr2w, train_loss_step=0.657, val_loss=0.672, train_loss_epoch=0.593]Epoch 3: 100%|██████████| 7/7 [00:49<00:00,  0.14it/s, v_num=cr2w, train_loss_step=0.657, val_loss=0.672, train_loss_epoch=0.519]Epoch 3:   0%|          | 0/7 [00:00<?, ?it/s, v_num=cr2w, train_loss_step=0.657, val_loss=0.672, train_loss_epoch=0.519]        Epoch 4:   0%|          | 0/7 [00:00<?, ?it/s, v_num=cr2w, train_loss_step=0.657, val_loss=0.672, train_loss_epoch=0.519]SUCCESS: vision_encoder.blocks.2.1.spatial_block.conv1.fn.dw.weight is Updating! Grad Norm: 0.060716
Epoch 4:  14%|█▍        | 1/7 [00:06<00:41,  0.14it/s, v_num=cr2w, train_loss_step=0.657, val_loss=0.672, train_loss_epoch=0.519]Epoch 4:  14%|█▍        | 1/7 [00:06<00:41,  0.14it/s, v_num=cr2w, train_loss_step=0.578, val_loss=0.672, train_loss_epoch=0.519]SUCCESS: vision_encoder.blocks.2.1.spatial_block.conv1.fn.dw.weight is Updating! Grad Norm: 0.072303
Epoch 4:  29%|██▊       | 2/7 [00:13<00:33,  0.15it/s, v_num=cr2w, train_loss_step=0.578, val_loss=0.672, train_loss_epoch=0.519]Epoch 4:  29%|██▊       | 2/7 [00:13<00:33,  0.15it/s, v_num=cr2w, train_loss_step=0.432, val_loss=0.672, train_loss_epoch=0.519]SUCCESS: vision_encoder.blocks.2.1.spatial_block.conv1.fn.dw.weight is Updating! Grad Norm: 0.059095
Epoch 4:  43%|████▎     | 3/7 [00:19<00:26,  0.15it/s, v_num=cr2w, train_loss_step=0.432, val_loss=0.672, train_loss_epoch=0.519]Epoch 4:  43%|████▎     | 3/7 [00:19<00:26,  0.15it/s, v_num=cr2w, train_loss_step=0.454, val_loss=0.672, train_loss_epoch=0.519]SUCCESS: vision_encoder.blocks.2.1.spatial_block.conv1.fn.dw.weight is Updating! Grad Norm: 0.058793
Epoch 4:  57%|█████▋    | 4/7 [00:26<00:19,  0.15it/s, v_num=cr2w, train_loss_step=0.454, val_loss=0.672, train_loss_epoch=0.519]Epoch 4:  57%|█████▋    | 4/7 [00:26<00:19,  0.15it/s, v_num=cr2w, train_loss_step=0.501, val_loss=0.672, train_loss_epoch=0.519]SUCCESS: vision_encoder.blocks.2.1.spatial_block.conv1.fn.dw.weight is Updating! Grad Norm: 0.059795
Epoch 4:  71%|███████▏  | 5/7 [00:32<00:13,  0.15it/s, v_num=cr2w, train_loss_step=0.501, val_loss=0.672, train_loss_epoch=0.519]Epoch 4:  71%|███████▏  | 5/7 [00:32<00:13,  0.15it/s, v_num=cr2w, train_loss_step=0.419, val_loss=0.672, train_loss_epoch=0.519]SUCCESS: vision_encoder.blocks.2.1.spatial_block.conv1.fn.dw.weight is Updating! Grad Norm: 0.093750
Epoch 4:  86%|████████▌ | 6/7 [00:39<00:06,  0.15it/s, v_num=cr2w, train_loss_step=0.419, val_loss=0.672, train_loss_epoch=0.519]Epoch 4:  86%|████████▌ | 6/7 [00:39<00:06,  0.15it/s, v_num=cr2w, train_loss_step=0.576, val_loss=0.672, train_loss_epoch=0.519]SUCCESS: vision_encoder.blocks.2.1.spatial_block.conv1.fn.dw.weight is Updating! Grad Norm: 0.058033
Epoch 4: 100%|██████████| 7/7 [00:43<00:00,  0.16it/s, v_num=cr2w, train_loss_step=0.576, val_loss=0.672, train_loss_epoch=0.519]Epoch 4: 100%|██████████| 7/7 [00:43<00:00,  0.16it/s, v_num=cr2w, train_loss_step=0.235, val_loss=0.672, train_loss_epoch=0.519]
Validation: |          | 0/? [00:00<?, ?it/s][A
Validation:   0%|          | 0/4 [00:00<?, ?it/s][A
Validation DataLoader 0:   0%|          | 0/4 [00:00<?, ?it/s][Atensor(0.5600, device='cuda:0')
tensor(-0.3031, device='cuda:0')

Validation DataLoader 0:  25%|██▌       | 1/4 [00:01<00:04,  0.65it/s][Atensor(0.6132, device='cuda:0')
tensor(-0.4121, device='cuda:0')

Validation DataLoader 0:  50%|█████     | 2/4 [00:03<00:03,  0.65it/s][Atensor(0.4942, device='cuda:0')
tensor(-0.2279, device='cuda:0')

Validation DataLoader 0:  75%|███████▌  | 3/4 [00:04<00:01,  0.64it/s][Atensor(0.6219, device='cuda:0')
tensor(-0.3167, device='cuda:0')

Validation DataLoader 0: 100%|██████████| 4/4 [00:05<00:00,  0.77it/s][A
==================================================
Stage: VAL
Predicted class distribution: 0s = 45, 1s = 62
Actual label distribution:    0s = 80, 1s = 27
Actual Imbalance Ratio (0:1): 2.96:1
==================================================
✅ Model is predicting both classes.
Saved test predictions and probabilities to validation_results_fold_final.xlsx

                                                                      [AEpoch 4: 100%|██████████| 7/7 [00:49<00:00,  0.14it/s, v_num=cr2w, train_loss_step=0.235, val_loss=0.642, train_loss_epoch=0.519]Epoch 4: 100%|██████████| 7/7 [00:49<00:00,  0.14it/s, v_num=cr2w, train_loss_step=0.235, val_loss=0.642, train_loss_epoch=0.468]Epoch 4:   0%|          | 0/7 [00:00<?, ?it/s, v_num=cr2w, train_loss_step=0.235, val_loss=0.642, train_loss_epoch=0.468]        Epoch 5:   0%|          | 0/7 [00:00<?, ?it/s, v_num=cr2w, train_loss_step=0.235, val_loss=0.642, train_loss_epoch=0.468]SUCCESS: vision_encoder.blocks.2.1.spatial_block.conv1.fn.dw.weight is Updating! Grad Norm: 0.052023
Epoch 5:  14%|█▍        | 1/7 [00:06<00:41,  0.14it/s, v_num=cr2w, train_loss_step=0.235, val_loss=0.642, train_loss_epoch=0.468]Epoch 5:  14%|█▍        | 1/7 [00:06<00:41,  0.14it/s, v_num=cr2w, train_loss_step=0.469, val_loss=0.642, train_loss_epoch=0.468]SUCCESS: vision_encoder.blocks.2.1.spatial_block.conv1.fn.dw.weight is Updating! Grad Norm: 0.074569
Epoch 5:  29%|██▊       | 2/7 [00:13<00:33,  0.15it/s, v_num=cr2w, train_loss_step=0.469, val_loss=0.642, train_loss_epoch=0.468]Epoch 5:  29%|██▊       | 2/7 [00:13<00:33,  0.15it/s, v_num=cr2w, train_loss_step=0.477, val_loss=0.642, train_loss_epoch=0.468]SUCCESS: vision_encoder.blocks.2.1.spatial_block.conv1.fn.dw.weight is Updating! Grad Norm: 0.046004
Epoch 5:  43%|████▎     | 3/7 [00:19<00:26,  0.15it/s, v_num=cr2w, train_loss_step=0.477, val_loss=0.642, train_loss_epoch=0.468]Epoch 5:  43%|████▎     | 3/7 [00:19<00:26,  0.15it/s, v_num=cr2w, train_loss_step=0.375, val_loss=0.642, train_loss_epoch=0.468]SUCCESS: vision_encoder.blocks.2.1.spatial_block.conv1.fn.dw.weight is Updating! Grad Norm: 0.065013
Epoch 5:  57%|█████▋    | 4/7 [00:26<00:19,  0.15it/s, v_num=cr2w, train_loss_step=0.375, val_loss=0.642, train_loss_epoch=0.468]Epoch 5:  57%|█████▋    | 4/7 [00:26<00:19,  0.15it/s, v_num=cr2w, train_loss_step=0.255, val_loss=0.642, train_loss_epoch=0.468]SUCCESS: vision_encoder.blocks.2.1.spatial_block.conv1.fn.dw.weight is Updating! Grad Norm: 0.104996
Epoch 5:  71%|███████▏  | 5/7 [00:32<00:13,  0.15it/s, v_num=cr2w, train_loss_step=0.255, val_loss=0.642, train_loss_epoch=0.468]Epoch 5:  71%|███████▏  | 5/7 [00:32<00:13,  0.15it/s, v_num=cr2w, train_loss_step=0.404, val_loss=0.642, train_loss_epoch=0.468]SUCCESS: vision_encoder.blocks.2.1.spatial_block.conv1.fn.dw.weight is Updating! Grad Norm: 0.056992
Epoch 5:  86%|████████▌ | 6/7 [00:39<00:06,  0.15it/s, v_num=cr2w, train_loss_step=0.404, val_loss=0.642, train_loss_epoch=0.468]Epoch 5:  86%|████████▌ | 6/7 [00:39<00:06,  0.15it/s, v_num=cr2w, train_loss_step=0.300, val_loss=0.642, train_loss_epoch=0.468]SUCCESS: vision_encoder.blocks.2.1.spatial_block.conv1.fn.dw.weight is Updating! Grad Norm: 1.079696
Epoch 5: 100%|██████████| 7/7 [00:43<00:00,  0.16it/s, v_num=cr2w, train_loss_step=0.300, val_loss=0.642, train_loss_epoch=0.468]Epoch 5: 100%|██████████| 7/7 [00:43<00:00,  0.16it/s, v_num=cr2w, train_loss_step=0.781, val_loss=0.642, train_loss_epoch=0.468]
Validation: |          | 0/? [00:00<?, ?it/s][A
Validation:   0%|          | 0/4 [00:00<?, ?it/s][A
Validation DataLoader 0:   0%|          | 0/4 [00:00<?, ?it/s][Atensor(0.8150, device='cuda:0')
tensor(-0.6327, device='cuda:0')

Validation DataLoader 0:  25%|██▌       | 1/4 [00:01<00:04,  0.65it/s][Atensor(0.7642, device='cuda:0')
tensor(-0.3909, device='cuda:0')

Validation DataLoader 0:  50%|█████     | 2/4 [00:03<00:03,  0.65it/s][Atensor(0.7115, device='cuda:0')
tensor(-0.3648, device='cuda:0')

Validation DataLoader 0:  75%|███████▌  | 3/4 [00:04<00:01,  0.65it/s][Atensor(0.8141, device='cuda:0')
tensor(-0.3392, device='cuda:0')

Validation DataLoader 0: 100%|██████████| 4/4 [00:05<00:00,  0.77it/s][A
==================================================
Stage: VAL
Predicted class distribution: 0s = 58, 1s = 49
Actual label distribution:    0s = 80, 1s = 27
Actual Imbalance Ratio (0:1): 2.96:1
==================================================
✅ Model is predicting both classes.
Saved test predictions and probabilities to validation_results_fold_final.xlsx

                                                                      [AEpoch 5: 100%|██████████| 7/7 [00:49<00:00,  0.14it/s, v_num=cr2w, train_loss_step=0.781, val_loss=0.611, train_loss_epoch=0.468]Epoch 5: 100%|██████████| 7/7 [00:49<00:00,  0.14it/s, v_num=cr2w, train_loss_step=0.781, val_loss=0.611, train_loss_epoch=0.420]Epoch 5:   0%|          | 0/7 [00:00<?, ?it/s, v_num=cr2w, train_loss_step=0.781, val_loss=0.611, train_loss_epoch=0.420]        Epoch 6:   0%|          | 0/7 [00:00<?, ?it/s, v_num=cr2w, train_loss_step=0.781, val_loss=0.611, train_loss_epoch=0.420]SUCCESS: vision_encoder.blocks.2.1.spatial_block.conv1.fn.dw.weight is Updating! Grad Norm: 0.051232
Epoch 6:  14%|█▍        | 1/7 [00:06<00:41,  0.14it/s, v_num=cr2w, train_loss_step=0.781, val_loss=0.611, train_loss_epoch=0.420]Epoch 6:  14%|█▍        | 1/7 [00:06<00:41,  0.14it/s, v_num=cr2w, train_loss_step=0.325, val_loss=0.611, train_loss_epoch=0.420]SUCCESS: vision_encoder.blocks.2.1.spatial_block.conv1.fn.dw.weight is Updating! Grad Norm: 0.054532
Epoch 6:  29%|██▊       | 2/7 [00:13<00:33,  0.15it/s, v_num=cr2w, train_loss_step=0.325, val_loss=0.611, train_loss_epoch=0.420]Epoch 6:  29%|██▊       | 2/7 [00:13<00:33,  0.15it/s, v_num=cr2w, train_loss_step=0.296, val_loss=0.611, train_loss_epoch=0.420]SUCCESS: vision_encoder.blocks.2.1.spatial_block.conv1.fn.dw.weight is Updating! Grad Norm: 0.180532
Epoch 6:  43%|████▎     | 3/7 [00:19<00:26,  0.15it/s, v_num=cr2w, train_loss_step=0.296, val_loss=0.611, train_loss_epoch=0.420]Epoch 6:  43%|████▎     | 3/7 [00:19<00:26,  0.15it/s, v_num=cr2w, train_loss_step=0.370, val_loss=0.611, train_loss_epoch=0.420]SUCCESS: vision_encoder.blocks.2.1.spatial_block.conv1.fn.dw.weight is Updating! Grad Norm: 0.064650
Epoch 6:  57%|█████▋    | 4/7 [00:26<00:19,  0.15it/s, v_num=cr2w, train_loss_step=0.370, val_loss=0.611, train_loss_epoch=0.420]Epoch 6:  57%|█████▋    | 4/7 [00:26<00:19,  0.15it/s, v_num=cr2w, train_loss_step=0.243, val_loss=0.611, train_loss_epoch=0.420]SUCCESS: vision_encoder.blocks.2.1.spatial_block.conv1.fn.dw.weight is Updating! Grad Norm: 0.177800
Epoch 6:  71%|███████▏  | 5/7 [00:32<00:13,  0.15it/s, v_num=cr2w, train_loss_step=0.243, val_loss=0.611, train_loss_epoch=0.420]Epoch 6:  71%|███████▏  | 5/7 [00:32<00:13,  0.15it/s, v_num=cr2w, train_loss_step=0.295, val_loss=0.611, train_loss_epoch=0.420]SUCCESS: vision_encoder.blocks.2.1.spatial_block.conv1.fn.dw.weight is Updating! Grad Norm: 0.070883
Epoch 6:  86%|████████▌ | 6/7 [00:39<00:06,  0.15it/s, v_num=cr2w, train_loss_step=0.295, val_loss=0.611, train_loss_epoch=0.420]Epoch 6:  86%|████████▌ | 6/7 [00:39<00:06,  0.15it/s, v_num=cr2w, train_loss_step=0.481, val_loss=0.611, train_loss_epoch=0.420]SUCCESS: vision_encoder.blocks.2.1.spatial_block.conv1.fn.dw.weight is Updating! Grad Norm: 0.689353
Epoch 6: 100%|██████████| 7/7 [00:43<00:00,  0.16it/s, v_num=cr2w, train_loss_step=0.481, val_loss=0.611, train_loss_epoch=0.420]Epoch 6: 100%|██████████| 7/7 [00:43<00:00,  0.16it/s, v_num=cr2w, train_loss_step=0.438, val_loss=0.611, train_loss_epoch=0.420]
Validation: |          | 0/? [00:00<?, ?it/s][A
Validation:   0%|          | 0/4 [00:00<?, ?it/s][A
Validation DataLoader 0:   0%|          | 0/4 [00:00<?, ?it/s][Atensor(1.0136, device='cuda:0')
tensor(-1.1291, device='cuda:0')

Validation DataLoader 0:  25%|██▌       | 1/4 [00:01<00:04,  0.66it/s][Atensor(0.8743, device='cuda:0')
tensor(-0.6478, device='cuda:0')

Validation DataLoader 0:  50%|█████     | 2/4 [00:03<00:03,  0.65it/s][Atensor(0.9954, device='cuda:0')
tensor(-0.7811, device='cuda:0')

Validation DataLoader 0:  75%|███████▌  | 3/4 [00:04<00:01,  0.65it/s][Atensor(0.8556, device='cuda:0')
tensor(-0.7672, device='cuda:0')

Validation DataLoader 0: 100%|██████████| 4/4 [00:05<00:00,  0.77it/s][A
==================================================
Stage: VAL
Predicted class distribution: 0s = 57, 1s = 50
Actual label distribution:    0s = 80, 1s = 27
Actual Imbalance Ratio (0:1): 2.96:1
==================================================
✅ Model is predicting both classes.
Saved test predictions and probabilities to validation_results_fold_final.xlsx

                                                                      [AEpoch 6: 100%|██████████| 7/7 [00:49<00:00,  0.14it/s, v_num=cr2w, train_loss_step=0.438, val_loss=0.631, train_loss_epoch=0.420]Epoch 6: 100%|██████████| 7/7 [00:49<00:00,  0.14it/s, v_num=cr2w, train_loss_step=0.438, val_loss=0.631, train_loss_epoch=0.345]Epoch 6:   0%|          | 0/7 [00:00<?, ?it/s, v_num=cr2w, train_loss_step=0.438, val_loss=0.631, train_loss_epoch=0.345]        Epoch 7:   0%|          | 0/7 [00:00<?, ?it/s, v_num=cr2w, train_loss_step=0.438, val_loss=0.631, train_loss_epoch=0.345]SUCCESS: vision_encoder.blocks.2.1.spatial_block.conv1.fn.dw.weight is Updating! Grad Norm: 0.081194
Epoch 7:  14%|█▍        | 1/7 [00:06<00:41,  0.14it/s, v_num=cr2w, train_loss_step=0.438, val_loss=0.631, train_loss_epoch=0.345]Epoch 7:  14%|█▍        | 1/7 [00:07<00:42,  0.14it/s, v_num=cr2w, train_loss_step=0.395, val_loss=0.631, train_loss_epoch=0.345]SUCCESS: vision_encoder.blocks.2.1.spatial_block.conv1.fn.dw.weight is Updating! Grad Norm: 0.115914
Epoch 7:  29%|██▊       | 2/7 [00:13<00:33,  0.15it/s, v_num=cr2w, train_loss_step=0.395, val_loss=0.631, train_loss_epoch=0.345]Epoch 7:  29%|██▊       | 2/7 [00:13<00:33,  0.15it/s, v_num=cr2w, train_loss_step=0.396, val_loss=0.631, train_loss_epoch=0.345]SUCCESS: vision_encoder.blocks.2.1.spatial_block.conv1.fn.dw.weight is Updating! Grad Norm: 0.080529
Epoch 7:  43%|████▎     | 3/7 [00:20<00:26,  0.15it/s, v_num=cr2w, train_loss_step=0.396, val_loss=0.631, train_loss_epoch=0.345]Epoch 7:  43%|████▎     | 3/7 [00:20<00:26,  0.15it/s, v_num=cr2w, train_loss_step=0.230, val_loss=0.631, train_loss_epoch=0.345]SUCCESS: vision_encoder.blocks.2.1.spatial_block.conv1.fn.dw.weight is Updating! Grad Norm: 0.111806
Epoch 7:  57%|█████▋    | 4/7 [00:26<00:19,  0.15it/s, v_num=cr2w, train_loss_step=0.230, val_loss=0.631, train_loss_epoch=0.345]Epoch 7:  57%|█████▋    | 4/7 [00:26<00:19,  0.15it/s, v_num=cr2w, train_loss_step=0.255, val_loss=0.631, train_loss_epoch=0.345]SUCCESS: vision_encoder.blocks.2.1.spatial_block.conv1.fn.dw.weight is Updating! Grad Norm: 0.073560
Epoch 7:  71%|███████▏  | 5/7 [00:33<00:13,  0.15it/s, v_num=cr2w, train_loss_step=0.255, val_loss=0.631, train_loss_epoch=0.345]Epoch 7:  71%|███████▏  | 5/7 [00:33<00:13,  0.15it/s, v_num=cr2w, train_loss_step=0.270, val_loss=0.631, train_loss_epoch=0.345]SUCCESS: vision_encoder.blocks.2.1.spatial_block.conv1.fn.dw.weight is Updating! Grad Norm: 0.079550
Epoch 7:  86%|████████▌ | 6/7 [00:39<00:06,  0.15it/s, v_num=cr2w, train_loss_step=0.270, val_loss=0.631, train_loss_epoch=0.345]Epoch 7:  86%|████████▌ | 6/7 [00:39<00:06,  0.15it/s, v_num=cr2w, train_loss_step=0.048, val_loss=0.631, train_loss_epoch=0.345]SUCCESS: vision_encoder.blocks.2.1.spatial_block.conv1.fn.dw.weight is Updating! Grad Norm: 0.109422
Epoch 7: 100%|██████████| 7/7 [00:43<00:00,  0.16it/s, v_num=cr2w, train_loss_step=0.048, val_loss=0.631, train_loss_epoch=0.345]Epoch 7: 100%|██████████| 7/7 [00:43<00:00,  0.16it/s, v_num=cr2w, train_loss_step=0.342, val_loss=0.631, train_loss_epoch=0.345]
Validation: |          | 0/? [00:00<?, ?it/s][A
Validation:   0%|          | 0/4 [00:00<?, ?it/s][A
Validation DataLoader 0:   0%|          | 0/4 [00:00<?, ?it/s][Atensor(1.3910, device='cuda:0')
tensor(-1.2510, device='cuda:0')

Validation DataLoader 0:  25%|██▌       | 1/4 [00:01<00:04,  0.65it/s][Atensor(1.1661, device='cuda:0')
tensor(-0.2946, device='cuda:0')

Validation DataLoader 0:  50%|█████     | 2/4 [00:03<00:03,  0.64it/s][Atensor(1.3673, device='cuda:0')
tensor(-0.9621, device='cuda:0')

Validation DataLoader 0:  75%|███████▌  | 3/4 [00:04<00:01,  0.64it/s][Atensor(1.0920, device='cuda:0')
tensor(-0.2912, device='cuda:0')

Validation DataLoader 0: 100%|██████████| 4/4 [00:05<00:00,  0.76it/s][A
==================================================
Stage: VAL
Predicted class distribution: 0s = 90, 1s = 17
Actual label distribution:    0s = 80, 1s = 27
Actual Imbalance Ratio (0:1): 2.96:1
==================================================
✅ Model is predicting both classes.
Saved test predictions and probabilities to validation_results_fold_final.xlsx

                                                                      [AEpoch 7: 100%|██████████| 7/7 [00:49<00:00,  0.14it/s, v_num=cr2w, train_loss_step=0.342, val_loss=0.523, train_loss_epoch=0.345]Epoch 7: 100%|██████████| 7/7 [00:49<00:00,  0.14it/s, v_num=cr2w, train_loss_step=0.342, val_loss=0.523, train_loss_epoch=0.273]Epoch 7:   0%|          | 0/7 [00:00<?, ?it/s, v_num=cr2w, train_loss_step=0.342, val_loss=0.523, train_loss_epoch=0.273]        Epoch 8:   0%|          | 0/7 [00:00<?, ?it/s, v_num=cr2w, train_loss_step=0.342, val_loss=0.523, train_loss_epoch=0.273]SUCCESS: vision_encoder.blocks.2.1.spatial_block.conv1.fn.dw.weight is Updating! Grad Norm: 0.067051
Epoch 8:  14%|█▍        | 1/7 [00:06<00:41,  0.14it/s, v_num=cr2w, train_loss_step=0.342, val_loss=0.523, train_loss_epoch=0.273]Epoch 8:  14%|█▍        | 1/7 [00:06<00:41,  0.14it/s, v_num=cr2w, train_loss_step=0.199, val_loss=0.523, train_loss_epoch=0.273]SUCCESS: vision_encoder.blocks.2.1.spatial_block.conv1.fn.dw.weight is Updating! Grad Norm: 0.100068
Epoch 8:  29%|██▊       | 2/7 [00:13<00:33,  0.15it/s, v_num=cr2w, train_loss_step=0.199, val_loss=0.523, train_loss_epoch=0.273]Epoch 8:  29%|██▊       | 2/7 [00:13<00:33,  0.15it/s, v_num=cr2w, train_loss_step=0.272, val_loss=0.523, train_loss_epoch=0.273]SUCCESS: vision_encoder.blocks.2.1.spatial_block.conv1.fn.dw.weight is Updating! Grad Norm: 0.240008
Epoch 8:  43%|████▎     | 3/7 [00:19<00:26,  0.15it/s, v_num=cr2w, train_loss_step=0.272, val_loss=0.523, train_loss_epoch=0.273]Epoch 8:  43%|████▎     | 3/7 [00:19<00:26,  0.15it/s, v_num=cr2w, train_loss_step=0.244, val_loss=0.523, train_loss_epoch=0.273]SUCCESS: vision_encoder.blocks.2.1.spatial_block.conv1.fn.dw.weight is Updating! Grad Norm: 0.091180
Epoch 8:  57%|█████▋    | 4/7 [00:26<00:19,  0.15it/s, v_num=cr2w, train_loss_step=0.244, val_loss=0.523, train_loss_epoch=0.273]Epoch 8:  57%|█████▋    | 4/7 [00:26<00:19,  0.15it/s, v_num=cr2w, train_loss_step=0.399, val_loss=0.523, train_loss_epoch=0.273]SUCCESS: vision_encoder.blocks.2.1.spatial_block.conv1.fn.dw.weight is Updating! Grad Norm: 10845.675781
Epoch 8:  71%|███████▏  | 5/7 [00:32<00:13,  0.15it/s, v_num=cr2w, train_loss_step=0.399, val_loss=0.523, train_loss_epoch=0.273]Epoch 8:  71%|███████▏  | 5/7 [00:32<00:13,  0.15it/s, v_num=cr2w, train_loss_step=1.1e+3, val_loss=0.523, train_loss_epoch=0.273]SUCCESS: vision_encoder.blocks.2.1.spatial_block.conv1.fn.dw.weight is Updating! Grad Norm: 0.066832
Epoch 8:  86%|████████▌ | 6/7 [00:39<00:06,  0.15it/s, v_num=cr2w, train_loss_step=1.1e+3, val_loss=0.523, train_loss_epoch=0.273]Epoch 8:  86%|████████▌ | 6/7 [00:39<00:06,  0.15it/s, v_num=cr2w, train_loss_step=0.218, val_loss=0.523, train_loss_epoch=0.273] SUCCESS: vision_encoder.blocks.2.1.spatial_block.conv1.fn.dw.weight is Updating! Grad Norm: 0.168323
Epoch 8: 100%|██████████| 7/7 [00:43<00:00,  0.16it/s, v_num=cr2w, train_loss_step=0.218, val_loss=0.523, train_loss_epoch=0.273]Epoch 8: 100%|██████████| 7/7 [00:43<00:00,  0.16it/s, v_num=cr2w, train_loss_step=0.304, val_loss=0.523, train_loss_epoch=0.273]
Validation: |          | 0/? [00:00<?, ?it/s][A
Validation:   0%|          | 0/4 [00:00<?, ?it/s][A
Validation DataLoader 0:   0%|          | 0/4 [00:00<?, ?it/s][Atensor(1.4699, device='cuda:0')
tensor(-1.4286, device='cuda:0')

Validation DataLoader 0:  25%|██▌       | 1/4 [00:01<00:04,  0.65it/s][Atensor(1.0722, device='cuda:0')
tensor(-1.1631, device='cuda:0')

Validation DataLoader 0:  50%|█████     | 2/4 [00:03<00:03,  0.65it/s][Atensor(0.9087, device='cuda:0')
tensor(-0.9490, device='cuda:0')

Validation DataLoader 0:  75%|███████▌  | 3/4 [00:04<00:01,  0.64it/s][Atensor(0.8064, device='cuda:0')
tensor(-0.9888, device='cuda:0')

Validation DataLoader 0: 100%|██████████| 4/4 [00:05<00:00,  0.76it/s][A
==================================================
Stage: VAL
Predicted class distribution: 0s = 37, 1s = 70
Actual label distribution:    0s = 80, 1s = 27
Actual Imbalance Ratio (0:1): 2.96:1
==================================================
✅ Model is predicting both classes.
Saved test predictions and probabilities to validation_results_fold_final.xlsx

                                                                      [AEpoch 8: 100%|██████████| 7/7 [00:49<00:00,  0.14it/s, v_num=cr2w, train_loss_step=0.304, val_loss=0.978, train_loss_epoch=0.273]Epoch 8: 100%|██████████| 7/7 [00:49<00:00,  0.14it/s, v_num=cr2w, train_loss_step=0.304, val_loss=0.978, train_loss_epoch=165.0]Epoch 8:   0%|          | 0/7 [00:00<?, ?it/s, v_num=cr2w, train_loss_step=0.304, val_loss=0.978, train_loss_epoch=165.0]        Epoch 9:   0%|          | 0/7 [00:00<?, ?it/s, v_num=cr2w, train_loss_step=0.304, val_loss=0.978, train_loss_epoch=165.0]SUCCESS: vision_encoder.blocks.2.1.spatial_block.conv1.fn.dw.weight is Updating! Grad Norm: 0.101764
Epoch 9:  14%|█▍        | 1/7 [00:07<00:42,  0.14it/s, v_num=cr2w, train_loss_step=0.304, val_loss=0.978, train_loss_epoch=165.0]Epoch 9:  14%|█▍        | 1/7 [00:07<00:42,  0.14it/s, v_num=cr2w, train_loss_step=0.322, val_loss=0.978, train_loss_epoch=165.0]SUCCESS: vision_encoder.blocks.2.1.spatial_block.conv1.fn.dw.weight is Updating! Grad Norm: 0.187219
Epoch 9:  29%|██▊       | 2/7 [00:13<00:33,  0.15it/s, v_num=cr2w, train_loss_step=0.322, val_loss=0.978, train_loss_epoch=165.0]Epoch 9:  29%|██▊       | 2/7 [00:13<00:33,  0.15it/s, v_num=cr2w, train_loss_step=0.421, val_loss=0.978, train_loss_epoch=165.0]SUCCESS: vision_encoder.blocks.2.1.spatial_block.conv1.fn.dw.weight is Updating! Grad Norm: 0.122962
Epoch 9:  43%|████▎     | 3/7 [00:20<00:26,  0.15it/s, v_num=cr2w, train_loss_step=0.421, val_loss=0.978, train_loss_epoch=165.0]Epoch 9:  43%|████▎     | 3/7 [00:20<00:26,  0.15it/s, v_num=cr2w, train_loss_step=0.514, val_loss=0.978, train_loss_epoch=165.0]SUCCESS: vision_encoder.blocks.2.1.spatial_block.conv1.fn.dw.weight is Updating! Grad Norm: 0.064923
Epoch 9:  57%|█████▋    | 4/7 [00:26<00:19,  0.15it/s, v_num=cr2w, train_loss_step=0.514, val_loss=0.978, train_loss_epoch=165.0]Epoch 9:  57%|█████▋    | 4/7 [00:26<00:19,  0.15it/s, v_num=cr2w, train_loss_step=0.345, val_loss=0.978, train_loss_epoch=165.0]SUCCESS: vision_encoder.blocks.2.1.spatial_block.conv1.fn.dw.weight is Updating! Grad Norm: 0.121014
Epoch 9:  71%|███████▏  | 5/7 [00:33<00:13,  0.15it/s, v_num=cr2w, train_loss_step=0.345, val_loss=0.978, train_loss_epoch=165.0]Epoch 9:  71%|███████▏  | 5/7 [00:33<00:13,  0.15it/s, v_num=cr2w, train_loss_step=0.453, val_loss=0.978, train_loss_epoch=165.0]SUCCESS: vision_encoder.blocks.2.1.spatial_block.conv1.fn.dw.weight is Updating! Grad Norm: 0.086188
Epoch 9:  86%|████████▌ | 6/7 [00:39<00:06,  0.15it/s, v_num=cr2w, train_loss_step=0.453, val_loss=0.978, train_loss_epoch=165.0]Epoch 9:  86%|████████▌ | 6/7 [00:39<00:06,  0.15it/s, v_num=cr2w, train_loss_step=0.541, val_loss=0.978, train_loss_epoch=165.0]SUCCESS: vision_encoder.blocks.2.1.spatial_block.conv1.fn.dw.weight is Updating! Grad Norm: 0.173636
Epoch 9: 100%|██████████| 7/7 [00:43<00:00,  0.16it/s, v_num=cr2w, train_loss_step=0.541, val_loss=0.978, train_loss_epoch=165.0]Epoch 9: 100%|██████████| 7/7 [00:44<00:00,  0.16it/s, v_num=cr2w, train_loss_step=0.382, val_loss=0.978, train_loss_epoch=165.0]
Validation: |          | 0/? [00:00<?, ?it/s][A
Validation:   0%|          | 0/4 [00:00<?, ?it/s][A
Validation DataLoader 0:   0%|          | 0/4 [00:00<?, ?it/s][Atensor(0.9772, device='cuda:0')
tensor(-0.9447, device='cuda:0')

Validation DataLoader 0:  25%|██▌       | 1/4 [00:01<00:04,  0.65it/s][Atensor(0.7448, device='cuda:0')
tensor(-1.0008, device='cuda:0')

Validation DataLoader 0:  50%|█████     | 2/4 [00:03<00:03,  0.64it/s][Atensor(0.5965, device='cuda:0')
tensor(-0.7424, device='cuda:0')

Validation DataLoader 0:  75%|███████▌  | 3/4 [00:04<00:01,  0.64it/s][Atensor(0.3416, device='cuda:0')
tensor(-0.8977, device='cuda:0')

Validation DataLoader 0: 100%|██████████| 4/4 [00:05<00:00,  0.76it/s][A
==================================================
Stage: VAL
Predicted class distribution: 0s = 14, 1s = 93
Actual label distribution:    0s = 80, 1s = 27
Actual Imbalance Ratio (0:1): 2.96:1
==================================================
✅ Model is predicting both classes.
Saved test predictions and probabilities to validation_results_fold_final.xlsx

                                                                      [AEpoch 9: 100%|██████████| 7/7 [00:49<00:00,  0.14it/s, v_num=cr2w, train_loss_step=0.382, val_loss=1.040, train_loss_epoch=165.0]Epoch 9: 100%|██████████| 7/7 [00:49<00:00,  0.14it/s, v_num=cr2w, train_loss_step=0.382, val_loss=1.040, train_loss_epoch=0.428]Epoch 9:   0%|          | 0/7 [00:00<?, ?it/s, v_num=cr2w, train_loss_step=0.382, val_loss=1.040, train_loss_epoch=0.428]        Epoch 10:   0%|          | 0/7 [00:00<?, ?it/s, v_num=cr2w, train_loss_step=0.382, val_loss=1.040, train_loss_epoch=0.428]SUCCESS: vision_encoder.blocks.2.1.spatial_block.conv1.fn.dw.weight is Updating! Grad Norm: 0.233577
Epoch 10:  14%|█▍        | 1/7 [00:07<00:42,  0.14it/s, v_num=cr2w, train_loss_step=0.382, val_loss=1.040, train_loss_epoch=0.428]Epoch 10:  14%|█▍        | 1/7 [00:07<00:42,  0.14it/s, v_num=cr2w, train_loss_step=0.713, val_loss=1.040, train_loss_epoch=0.428]SUCCESS: vision_encoder.blocks.2.1.spatial_block.conv1.fn.dw.weight is Updating! Grad Norm: 0.073325
Epoch 10:  29%|██▊       | 2/7 [00:13<00:33,  0.15it/s, v_num=cr2w, train_loss_step=0.713, val_loss=1.040, train_loss_epoch=0.428]Epoch 10:  29%|██▊       | 2/7 [00:13<00:33,  0.15it/s, v_num=cr2w, train_loss_step=0.163, val_loss=1.040, train_loss_epoch=0.428]SUCCESS: vision_encoder.blocks.2.1.spatial_block.conv1.fn.dw.weight is Updating! Grad Norm: 0.079497
Epoch 10:  43%|████▎     | 3/7 [00:20<00:26,  0.15it/s, v_num=cr2w, train_loss_step=0.163, val_loss=1.040, train_loss_epoch=0.428]Epoch 10:  43%|████▎     | 3/7 [00:20<00:26,  0.15it/s, v_num=cr2w, train_loss_step=0.502, val_loss=1.040, train_loss_epoch=0.428]SUCCESS: vision_encoder.blocks.2.1.spatial_block.conv1.fn.dw.weight is Updating! Grad Norm: 0.102748
Epoch 10:  57%|█████▋    | 4/7 [00:26<00:19,  0.15it/s, v_num=cr2w, train_loss_step=0.502, val_loss=1.040, train_loss_epoch=0.428]Epoch 10:  57%|█████▋    | 4/7 [00:26<00:20,  0.15it/s, v_num=cr2w, train_loss_step=0.509, val_loss=1.040, train_loss_epoch=0.428]SUCCESS: vision_encoder.blocks.2.1.spatial_block.conv1.fn.dw.weight is Updating! Grad Norm: 0.089428
Epoch 10:  71%|███████▏  | 5/7 [00:33<00:13,  0.15it/s, v_num=cr2w, train_loss_step=0.509, val_loss=1.040, train_loss_epoch=0.428]Epoch 10:  71%|███████▏  | 5/7 [00:33<00:13,  0.15it/s, v_num=cr2w, train_loss_step=0.446, val_loss=1.040, train_loss_epoch=0.428]SUCCESS: vision_encoder.blocks.2.1.spatial_block.conv1.fn.dw.weight is Updating! Grad Norm: 0.094465
Epoch 10:  86%|████████▌ | 6/7 [00:39<00:06,  0.15it/s, v_num=cr2w, train_loss_step=0.446, val_loss=1.040, train_loss_epoch=0.428]Epoch 10:  86%|████████▌ | 6/7 [00:39<00:06,  0.15it/s, v_num=cr2w, train_loss_step=0.414, val_loss=1.040, train_loss_epoch=0.428]SUCCESS: vision_encoder.blocks.2.1.spatial_block.conv1.fn.dw.weight is Updating! Grad Norm: 0.100565
Epoch 10: 100%|██████████| 7/7 [00:44<00:00,  0.16it/s, v_num=cr2w, train_loss_step=0.414, val_loss=1.040, train_loss_epoch=0.428]Epoch 10: 100%|██████████| 7/7 [00:44<00:00,  0.16it/s, v_num=cr2w, train_loss_step=0.459, val_loss=1.040, train_loss_epoch=0.428]
Validation: |          | 0/? [00:00<?, ?it/s][A
Validation:   0%|          | 0/4 [00:00<?, ?it/s][A
Validation DataLoader 0:   0%|          | 0/4 [00:00<?, ?it/s][Atensor(0.8575, device='cuda:0')
tensor(-0.6707, device='cuda:0')

Validation DataLoader 0:  25%|██▌       | 1/4 [00:01<00:04,  0.65it/s][Atensor(0.8472, device='cuda:0')
tensor(-0.6972, device='cuda:0')

Validation DataLoader 0:  50%|█████     | 2/4 [00:03<00:03,  0.64it/s][Atensor(0.8365, device='cuda:0')
tensor(-0.4889, device='cuda:0')

Validation DataLoader 0:  75%|███████▌  | 3/4 [00:04<00:01,  0.64it/s][Atensor(0.4960, device='cuda:0')
tensor(-0.5918, device='cuda:0')

Validation DataLoader 0: 100%|██████████| 4/4 [00:05<00:00,  0.76it/s][A
==================================================
Stage: VAL
Predicted class distribution: 0s = 27, 1s = 80
Actual label distribution:    0s = 80, 1s = 27
Actual Imbalance Ratio (0:1): 2.96:1
==================================================
✅ Model is predicting both classes.
Saved test predictions and probabilities to validation_results_fold_final.xlsx

                                                                      [AEpoch 10: 100%|██████████| 7/7 [00:50<00:00,  0.14it/s, v_num=cr2w, train_loss_step=0.459, val_loss=0.849, train_loss_epoch=0.428]Epoch 10: 100%|██████████| 7/7 [00:50<00:00,  0.14it/s, v_num=cr2w, train_loss_step=0.459, val_loss=0.849, train_loss_epoch=0.458]Epoch 10:   0%|          | 0/7 [00:00<?, ?it/s, v_num=cr2w, train_loss_step=0.459, val_loss=0.849, train_loss_epoch=0.458]        Epoch 11:   0%|          | 0/7 [00:00<?, ?it/s, v_num=cr2w, train_loss_step=0.459, val_loss=0.849, train_loss_epoch=0.458]SUCCESS: vision_encoder.blocks.2.1.spatial_block.conv1.fn.dw.weight is Updating! Grad Norm: 0.094978
Epoch 11:  14%|█▍        | 1/7 [00:07<00:42,  0.14it/s, v_num=cr2w, train_loss_step=0.459, val_loss=0.849, train_loss_epoch=0.458]Epoch 11:  14%|█▍        | 1/7 [00:07<00:42,  0.14it/s, v_num=cr2w, train_loss_step=0.363, val_loss=0.849, train_loss_epoch=0.458]SUCCESS: vision_encoder.blocks.2.1.spatial_block.conv1.fn.dw.weight is Updating! Grad Norm: 0.081709
Epoch 11:  29%|██▊       | 2/7 [00:13<00:33,  0.15it/s, v_num=cr2w, train_loss_step=0.363, val_loss=0.849, train_loss_epoch=0.458]Epoch 11:  29%|██▊       | 2/7 [00:13<00:33,  0.15it/s, v_num=cr2w, train_loss_step=0.439, val_loss=0.849, train_loss_epoch=0.458]SUCCESS: vision_encoder.blocks.2.1.spatial_block.conv1.fn.dw.weight is Updating! Grad Norm: 0.067146
Epoch 11:  43%|████▎     | 3/7 [00:20<00:26,  0.15it/s, v_num=cr2w, train_loss_step=0.439, val_loss=0.849, train_loss_epoch=0.458]Epoch 11:  43%|████▎     | 3/7 [00:20<00:26,  0.15it/s, v_num=cr2w, train_loss_step=0.569, val_loss=0.849, train_loss_epoch=0.458]SUCCESS: vision_encoder.blocks.2.1.spatial_block.conv1.fn.dw.weight is Updating! Grad Norm: 0.073241
Epoch 11:  57%|█████▋    | 4/7 [00:26<00:19,  0.15it/s, v_num=cr2w, train_loss_step=0.569, val_loss=0.849, train_loss_epoch=0.458]Epoch 11:  57%|█████▋    | 4/7 [00:26<00:20,  0.15it/s, v_num=cr2w, train_loss_step=0.433, val_loss=0.849, train_loss_epoch=0.458]Epoch 11:  57%|█████▋    | 4/7 [00:37<00:28,  0.11it/s, v_num=cr2w, train_loss_step=0.433, val_loss=0.849, train_loss_epoch=0.458]