Starting job with config file: config_ws.yaml
CUDA-enabled GPU/TPU is available.
[2026-01-22 10:26:15,501][MedImageInsight.ImageDataLoader.transforms.build][INFO] - => testing transformers: Compose(
    Resize(size=(480, 480), interpolation=bicubic, max_size=None, antialias=warn)
    ToTensor()
    Normalize(mean=[0.485, 0.456, 0.406], std=[0.229, 0.224, 0.225])
)
[2026-01-22 10:26:15,502][MedImageInsight.UniCLModel][INFO] - Create model with standard parameterization
Ignored unknown kwarg option special
Ignored unknown kwarg option special
Ignored unknown kwarg option special
Ignored unknown kwarg option special
Ignored unknown kwarg option special
Ignored unknown kwarg option special
[2026-01-22 10:26:16,787][MedImageInsight.LangEncoder.transformer][INFO] - => init weight of Linear/Conv2d from trunc norm
[2026-01-22 10:26:16,791][MedImageInsight.LangEncoder.transformer][INFO] - => init bias of Linear/Conv2d to zeros
[2026-01-22 10:26:16,792][MedImageInsight.LangEncoder.transformer][INFO] - => init weight of Linear/Conv2d from trunc norm
[2026-01-22 10:26:16,809][MedImageInsight.LangEncoder.transformer][INFO] - => init bias of Linear/Conv2d to zeros
[2026-01-22 10:26:16,809][MedImageInsight.LangEncoder.transformer][INFO] - => init weight of Linear/Conv2d from trunc norm
[2026-01-22 10:26:16,826][MedImageInsight.LangEncoder.transformer][INFO] - => init bias of Linear/Conv2d to zeros
[2026-01-22 10:26:16,826][MedImageInsight.LangEncoder.transformer][INFO] - => init weight of Linear/Conv2d from trunc norm
[2026-01-22 10:26:16,830][MedImageInsight.LangEncoder.transformer][INFO] - => init bias of Linear/Conv2d to zeros
[2026-01-22 10:26:16,831][MedImageInsight.LangEncoder.transformer][INFO] - => init weight of Linear/Conv2d from trunc norm
[2026-01-22 10:26:16,848][MedImageInsight.LangEncoder.transformer][INFO] - => init bias of Linear/Conv2d to zeros
[2026-01-22 10:26:16,848][MedImageInsight.LangEncoder.transformer][INFO] - => init weight of Linear/Conv2d from trunc norm
[2026-01-22 10:26:16,865][MedImageInsight.LangEncoder.transformer][INFO] - => init bias of Linear/Conv2d to zeros
[2026-01-22 10:26:16,865][MedImageInsight.LangEncoder.transformer][INFO] - => init weight of Linear/Conv2d from trunc norm
[2026-01-22 10:26:16,869][MedImageInsight.LangEncoder.transformer][INFO] - => init bias of Linear/Conv2d to zeros
[2026-01-22 10:26:16,869][MedImageInsight.LangEncoder.transformer][INFO] - => init weight of Linear/Conv2d from trunc norm
[2026-01-22 10:26:16,886][MedImageInsight.LangEncoder.transformer][INFO] - => init bias of Linear/Conv2d to zeros
[2026-01-22 10:26:16,887][MedImageInsight.LangEncoder.transformer][INFO] - => init weight of Linear/Conv2d from trunc norm
[2026-01-22 10:26:16,904][MedImageInsight.LangEncoder.transformer][INFO] - => init bias of Linear/Conv2d to zeros
[2026-01-22 10:26:16,904][MedImageInsight.LangEncoder.transformer][INFO] - => init weight of Linear/Conv2d from trunc norm
[2026-01-22 10:26:16,908][MedImageInsight.LangEncoder.transformer][INFO] - => init bias of Linear/Conv2d to zeros
[2026-01-22 10:26:16,908][MedImageInsight.LangEncoder.transformer][INFO] - => init weight of Linear/Conv2d from trunc norm
[2026-01-22 10:26:16,925][MedImageInsight.LangEncoder.transformer][INFO] - => init bias of Linear/Conv2d to zeros
[2026-01-22 10:26:16,925][MedImageInsight.LangEncoder.transformer][INFO] - => init weight of Linear/Conv2d from trunc norm
[2026-01-22 10:26:16,942][MedImageInsight.LangEncoder.transformer][INFO] - => init bias of Linear/Conv2d to zeros
[2026-01-22 10:26:16,942][MedImageInsight.LangEncoder.transformer][INFO] - => init weight of Linear/Conv2d from trunc norm
[2026-01-22 10:26:16,947][MedImageInsight.LangEncoder.transformer][INFO] - => init bias of Linear/Conv2d to zeros
[2026-01-22 10:26:16,947][MedImageInsight.LangEncoder.transformer][INFO] - => init weight of Linear/Conv2d from trunc norm
[2026-01-22 10:26:16,964][MedImageInsight.LangEncoder.transformer][INFO] - => init bias of Linear/Conv2d to zeros
[2026-01-22 10:26:16,964][MedImageInsight.LangEncoder.transformer][INFO] - => init weight of Linear/Conv2d from trunc norm
[2026-01-22 10:26:16,981][MedImageInsight.LangEncoder.transformer][INFO] - => init bias of Linear/Conv2d to zeros
[2026-01-22 10:26:16,981][MedImageInsight.LangEncoder.transformer][INFO] - => init weight of Linear/Conv2d from trunc norm
[2026-01-22 10:26:16,986][MedImageInsight.LangEncoder.transformer][INFO] - => init bias of Linear/Conv2d to zeros
[2026-01-22 10:26:16,986][MedImageInsight.LangEncoder.transformer][INFO] - => init weight of Linear/Conv2d from trunc norm
[2026-01-22 10:26:17,003][MedImageInsight.LangEncoder.transformer][INFO] - => init bias of Linear/Conv2d to zeros
[2026-01-22 10:26:17,003][MedImageInsight.LangEncoder.transformer][INFO] - => init weight of Linear/Conv2d from trunc norm
[2026-01-22 10:26:17,020][MedImageInsight.LangEncoder.transformer][INFO] - => init bias of Linear/Conv2d to zeros
[2026-01-22 10:26:17,020][MedImageInsight.LangEncoder.transformer][INFO] - => init weight of Linear/Conv2d from trunc norm
[2026-01-22 10:26:17,024][MedImageInsight.LangEncoder.transformer][INFO] - => init bias of Linear/Conv2d to zeros
[2026-01-22 10:26:17,024][MedImageInsight.LangEncoder.transformer][INFO] - => init weight of Linear/Conv2d from trunc norm
[2026-01-22 10:26:17,042][MedImageInsight.LangEncoder.transformer][INFO] - => init bias of Linear/Conv2d to zeros
[2026-01-22 10:26:17,042][MedImageInsight.LangEncoder.transformer][INFO] - => init weight of Linear/Conv2d from trunc norm
[2026-01-22 10:26:17,059][MedImageInsight.LangEncoder.transformer][INFO] - => init bias of Linear/Conv2d to zeros
[2026-01-22 10:26:17,059][MedImageInsight.LangEncoder.transformer][INFO] - => init weight of Linear/Conv2d from trunc norm
[2026-01-22 10:26:17,063][MedImageInsight.LangEncoder.transformer][INFO] - => init bias of Linear/Conv2d to zeros
[2026-01-22 10:26:17,063][MedImageInsight.LangEncoder.transformer][INFO] - => init weight of Linear/Conv2d from trunc norm
[2026-01-22 10:26:17,080][MedImageInsight.LangEncoder.transformer][INFO] - => init bias of Linear/Conv2d to zeros
[2026-01-22 10:26:17,080][MedImageInsight.LangEncoder.transformer][INFO] - => init weight of Linear/Conv2d from trunc norm
[2026-01-22 10:26:17,098][MedImageInsight.LangEncoder.transformer][INFO] - => init bias of Linear/Conv2d to zeros
[2026-01-22 10:26:17,098][MedImageInsight.LangEncoder.transformer][INFO] - => init weight of Linear/Conv2d from trunc norm
[2026-01-22 10:26:17,102][MedImageInsight.LangEncoder.transformer][INFO] - => init bias of Linear/Conv2d to zeros
[2026-01-22 10:26:17,102][MedImageInsight.LangEncoder.transformer][INFO] - => init weight of Linear/Conv2d from trunc norm
[2026-01-22 10:26:17,119][MedImageInsight.LangEncoder.transformer][INFO] - => init bias of Linear/Conv2d to zeros
[2026-01-22 10:26:17,119][MedImageInsight.LangEncoder.transformer][INFO] - => init weight of Linear/Conv2d from trunc norm
[2026-01-22 10:26:17,136][MedImageInsight.LangEncoder.transformer][INFO] - => init bias of Linear/Conv2d to zeros
[2026-01-22 10:26:17,136][MedImageInsight.LangEncoder.transformer][INFO] - => init weight of Linear/Conv2d from trunc norm
[2026-01-22 10:26:17,141][MedImageInsight.LangEncoder.transformer][INFO] - => init bias of Linear/Conv2d to zeros
[2026-01-22 10:26:17,141][MedImageInsight.LangEncoder.transformer][INFO] - => init weight of Linear/Conv2d from trunc norm
[2026-01-22 10:26:17,158][MedImageInsight.LangEncoder.transformer][INFO] - => init bias of Linear/Conv2d to zeros
[2026-01-22 10:26:17,158][MedImageInsight.LangEncoder.transformer][INFO] - => init weight of Linear/Conv2d from trunc norm
[2026-01-22 10:26:17,175][MedImageInsight.LangEncoder.transformer][INFO] - => init bias of Linear/Conv2d to zeros
[2026-01-22 10:26:17,175][MedImageInsight.LangEncoder.transformer][INFO] - => init weight of Linear/Conv2d from trunc norm
[2026-01-22 10:26:17,180][MedImageInsight.LangEncoder.transformer][INFO] - => init bias of Linear/Conv2d to zeros
[2026-01-22 10:26:17,180][MedImageInsight.LangEncoder.transformer][INFO] - => init weight of Linear/Conv2d from trunc norm
[2026-01-22 10:26:17,197][MedImageInsight.LangEncoder.transformer][INFO] - => init bias of Linear/Conv2d to zeros
[2026-01-22 10:26:17,197][MedImageInsight.LangEncoder.transformer][INFO] - => init weight of Linear/Conv2d from trunc norm
[2026-01-22 10:26:17,214][MedImageInsight.LangEncoder.transformer][INFO] - => init bias of Linear/Conv2d to zeros
[2026-01-22 10:26:17,214][MedImageInsight.LangEncoder.transformer][INFO] - => init weight of Linear/Conv2d from trunc norm
[2026-01-22 10:26:17,218][MedImageInsight.LangEncoder.transformer][INFO] - => init bias of Linear/Conv2d to zeros
[2026-01-22 10:26:17,219][MedImageInsight.LangEncoder.transformer][INFO] - => init weight of Linear/Conv2d from trunc norm
[2026-01-22 10:26:17,236][MedImageInsight.LangEncoder.transformer][INFO] - => init bias of Linear/Conv2d to zeros
[2026-01-22 10:26:17,236][MedImageInsight.LangEncoder.transformer][INFO] - => init weight of Linear/Conv2d from trunc norm
[2026-01-22 10:26:17,253][MedImageInsight.LangEncoder.transformer][INFO] - => init bias of Linear/Conv2d to zeros
[2026-01-22 10:26:17,253][MedImageInsight.LangEncoder.transformer][INFO] - => init weight of Linear/Conv2d from trunc norm
[2026-01-22 10:26:17,257][MedImageInsight.LangEncoder.transformer][INFO] - => init bias of Linear/Conv2d to zeros
[2026-01-22 10:26:17,257][MedImageInsight.LangEncoder.transformer][INFO] - => init weight of Linear/Conv2d from trunc norm
[2026-01-22 10:26:17,274][MedImageInsight.LangEncoder.transformer][INFO] - => init bias of Linear/Conv2d to zeros
[2026-01-22 10:26:17,274][MedImageInsight.LangEncoder.transformer][INFO] - => init weight of Linear/Conv2d from trunc norm
[2026-01-22 10:26:17,292][MedImageInsight.LangEncoder.transformer][INFO] - => init bias of Linear/Conv2d to zeros
[2026-01-22 10:26:17,292][MedImageInsight.LangEncoder.transformer][INFO] - => init weight of Linear/Conv2d from trunc norm
[2026-01-22 10:26:17,296][MedImageInsight.LangEncoder.transformer][INFO] - => init bias of Linear/Conv2d to zeros
[2026-01-22 10:26:17,296][MedImageInsight.LangEncoder.transformer][INFO] - => init weight of Linear/Conv2d from trunc norm
[2026-01-22 10:26:17,313][MedImageInsight.LangEncoder.transformer][INFO] - => init bias of Linear/Conv2d to zeros
[2026-01-22 10:26:17,313][MedImageInsight.LangEncoder.transformer][INFO] - => init weight of Linear/Conv2d from trunc norm
[2026-01-22 10:26:17,330][MedImageInsight.LangEncoder.transformer][INFO] - => init bias of Linear/Conv2d to zeros
[2026-01-22 10:26:17,330][MedImageInsight.LangEncoder.transformer][INFO] - => init weight of Linear/Conv2d from trunc norm
[2026-01-22 10:26:17,335][MedImageInsight.LangEncoder.transformer][INFO] - => init bias of Linear/Conv2d to zeros
[2026-01-22 10:26:17,335][MedImageInsight.LangEncoder.transformer][INFO] - => init weight of Linear/Conv2d from trunc norm
[2026-01-22 10:26:17,352][MedImageInsight.LangEncoder.transformer][INFO] - => init bias of Linear/Conv2d to zeros
[2026-01-22 10:26:17,352][MedImageInsight.LangEncoder.transformer][INFO] - => init weight of Linear/Conv2d from trunc norm
[2026-01-22 10:26:17,369][MedImageInsight.LangEncoder.transformer][INFO] - => init bias of Linear/Conv2d to zeros
[2026-01-22 10:26:17,369][MedImageInsight.LangEncoder.transformer][INFO] - => init weight of Linear/Conv2d from trunc norm
[2026-01-22 10:26:17,374][MedImageInsight.LangEncoder.transformer][INFO] - => init bias of Linear/Conv2d to zeros
[2026-01-22 10:26:17,374][MedImageInsight.LangEncoder.transformer][INFO] - => init weight of Linear/Conv2d from trunc norm
[2026-01-22 10:26:17,391][MedImageInsight.LangEncoder.transformer][INFO] - => init bias of Linear/Conv2d to zeros
[2026-01-22 10:26:17,391][MedImageInsight.LangEncoder.transformer][INFO] - => init weight of Linear/Conv2d from trunc norm
[2026-01-22 10:26:17,408][MedImageInsight.LangEncoder.transformer][INFO] - => init bias of Linear/Conv2d to zeros
[2026-01-22 10:26:17,409][MedImageInsight.ImageEncoder.davit_v1][INFO] - Create model with standard parameterization
[2026-01-22 10:26:17,409][MedImageInsight.ImageEncoder.davit_v1][INFO] - => Depth offset in stage 0: 0
[2026-01-22 10:26:17,424][MedImageInsight.ImageEncoder.davit_v1][INFO] - => Depth offset in stage 1: 2
[2026-01-22 10:26:17,473][MedImageInsight.ImageEncoder.davit_v1][INFO] - => Depth offset in stage 2: 4
[2026-01-22 10:26:18,708][MedImageInsight.ImageEncoder.davit_v1][INFO] - => Depth offset in stage 3: 22
[2026-01-22 10:26:19,131][MedImageInsight.ImageEncoder.davit_v1][INFO] - Custom init: original init
[2026-01-22 10:26:20,586][MedImageInsight.ImageEncoder.davit_v1][INFO] - Load model from pretrained checkpoint
[2026-01-22 10:26:20,587][MedImageInsight.UniCLModel][INFO] - Custom init: original init
[2026-01-22 10:26:20,768][MedImageInsight.UniCLModel][INFO] - => Loading pretrained model /nas-ctm01/homes/fmferreira/MedImageInsights/2024.09.27/vision_model/medimageinsigt-v1.0.0.pt
[2026-01-22 10:26:21,360][MedImageInsight.UniCLModel][INFO] - => init image_projection from /nas-ctm01/homes/fmferreira/MedImageInsights/2024.09.27/vision_model/medimageinsigt-v1.0.0.pt
[2026-01-22 10:26:21,360][MedImageInsight.UniCLModel][INFO] - => init lang_encoder.ln_final.bias from /nas-ctm01/homes/fmferreira/MedImageInsights/2024.09.27/vision_model/medimageinsigt-v1.0.0.pt
[2026-01-22 10:26:21,360][MedImageInsight.UniCLModel][INFO] - => init lang_encoder.ln_final.weight from /nas-ctm01/homes/fmferreira/MedImageInsights/2024.09.27/vision_model/medimageinsigt-v1.0.0.pt
[2026-01-22 10:26:21,360][MedImageInsight.UniCLModel][INFO] - => init lang_encoder.positional_embedding from /nas-ctm01/homes/fmferreira/MedImageInsights/2024.09.27/vision_model/medimageinsigt-v1.0.0.pt
[2026-01-22 10:26:21,360][MedImageInsight.UniCLModel][INFO] - => init lang_encoder.resblocks.0.attn.in_proj_bias from /nas-ctm01/homes/fmferreira/MedImageInsights/2024.09.27/vision_model/medimageinsigt-v1.0.0.pt
[2026-01-22 10:26:21,360][MedImageInsight.UniCLModel][INFO] - => init lang_encoder.resblocks.0.attn.in_proj_weight from /nas-ctm01/homes/fmferreira/MedImageInsights/2024.09.27/vision_model/medimageinsigt-v1.0.0.pt
[2026-01-22 10:26:21,360][MedImageInsight.UniCLModel][INFO] - => init lang_encoder.resblocks.0.attn.out_proj.bias from /nas-ctm01/homes/fmferreira/MedImageInsights/2024.09.27/vision_model/medimageinsigt-v1.0.0.pt
[2026-01-22 10:26:21,360][MedImageInsight.UniCLModel][INFO] - => init lang_encoder.resblocks.0.attn.out_proj.weight from /nas-ctm01/homes/fmferreira/MedImageInsights/2024.09.27/vision_model/medimageinsigt-v1.0.0.pt
[2026-01-22 10:26:21,360][MedImageInsight.UniCLModel][INFO] - => init lang_encoder.resblocks.0.ln_1.bias from /nas-ctm01/homes/fmferreira/MedImageInsights/2024.09.27/vision_model/medimageinsigt-v1.0.0.pt
[2026-01-22 10:26:21,360][MedImageInsight.UniCLModel][INFO] - => init lang_encoder.resblocks.0.ln_1.weight from /nas-ctm01/homes/fmferreira/MedImageInsights/2024.09.27/vision_model/medimageinsigt-v1.0.0.pt
[2026-01-22 10:26:21,360][MedImageInsight.UniCLModel][INFO] - => init lang_encoder.resblocks.0.ln_2.bias from /nas-ctm01/homes/fmferreira/MedImageInsights/2024.09.27/vision_model/medimageinsigt-v1.0.0.pt
[2026-01-22 10:26:21,360][MedImageInsight.UniCLModel][INFO] - => init lang_encoder.resblocks.0.ln_2.weight from /nas-ctm01/homes/fmferreira/MedImageInsights/2024.09.27/vision_model/medimageinsigt-v1.0.0.pt
[2026-01-22 10:26:21,360][MedImageInsight.UniCLModel][INFO] - => init lang_encoder.resblocks.0.mlp.c_fc.bias from /nas-ctm01/homes/fmferreira/MedImageInsights/2024.09.27/vision_model/medimageinsigt-v1.0.0.pt
[2026-01-22 10:26:21,360][MedImageInsight.UniCLModel][INFO] - => init lang_encoder.resblocks.0.mlp.c_fc.weight from /nas-ctm01/homes/fmferreira/MedImageInsights/2024.09.27/vision_model/medimageinsigt-v1.0.0.pt
[2026-01-22 10:26:21,360][MedImageInsight.UniCLModel][INFO] - => init lang_encoder.resblocks.0.mlp.c_proj.bias from /nas-ctm01/homes/fmferreira/MedImageInsights/2024.09.27/vision_model/medimageinsigt-v1.0.0.pt
[2026-01-22 10:26:21,360][MedImageInsight.UniCLModel][INFO] - => init lang_encoder.resblocks.0.mlp.c_proj.weight from /nas-ctm01/homes/fmferreira/MedImageInsights/2024.09.27/vision_model/medimageinsigt-v1.0.0.pt
[2026-01-22 10:26:21,360][MedImageInsight.UniCLModel][INFO] - => init lang_encoder.resblocks.1.attn.in_proj_bias from /nas-ctm01/homes/fmferreira/MedImageInsights/2024.09.27/vision_model/medimageinsigt-v1.0.0.pt
[2026-01-22 10:26:21,360][MedImageInsight.UniCLModel][INFO] - => init lang_encoder.resblocks.1.attn.in_proj_weight from /nas-ctm01/homes/fmferreira/MedImageInsights/2024.09.27/vision_model/medimageinsigt-v1.0.0.pt
[2026-01-22 10:26:21,360][MedImageInsight.UniCLModel][INFO] - => init lang_encoder.resblocks.1.attn.out_proj.bias from /nas-ctm01/homes/fmferreira/MedImageInsights/2024.09.27/vision_model/medimageinsigt-v1.0.0.pt
[2026-01-22 10:26:21,360][MedImageInsight.UniCLModel][INFO] - => init lang_encoder.resblocks.1.attn.out_proj.weight from /nas-ctm01/homes/fmferreira/MedImageInsights/2024.09.27/vision_model/medimageinsigt-v1.0.0.pt
[2026-01-22 10:26:21,360][MedImageInsight.UniCLModel][INFO] - => init lang_encoder.resblocks.1.ln_1.bias from /nas-ctm01/homes/fmferreira/MedImageInsights/2024.09.27/vision_model/medimageinsigt-v1.0.0.pt
[2026-01-22 10:26:21,360][MedImageInsight.UniCLModel][INFO] - => init lang_encoder.resblocks.1.ln_1.weight from /nas-ctm01/homes/fmferreira/MedImageInsights/2024.09.27/vision_model/medimageinsigt-v1.0.0.pt
[2026-01-22 10:26:21,360][MedImageInsight.UniCLModel][INFO] - => init lang_encoder.resblocks.1.ln_2.bias from /nas-ctm01/homes/fmferreira/MedImageInsights/2024.09.27/vision_model/medimageinsigt-v1.0.0.pt
[2026-01-22 10:26:21,360][MedImageInsight.UniCLModel][INFO] - => init lang_encoder.resblocks.1.ln_2.weight from /nas-ctm01/homes/fmferreira/MedImageInsights/2024.09.27/vision_model/medimageinsigt-v1.0.0.pt
[2026-01-22 10:26:21,360][MedImageInsight.UniCLModel][INFO] - => init lang_encoder.resblocks.1.mlp.c_fc.bias from /nas-ctm01/homes/fmferreira/MedImageInsights/2024.09.27/vision_model/medimageinsigt-v1.0.0.pt
[2026-01-22 10:26:21,360][MedImageInsight.UniCLModel][INFO] - => init lang_encoder.resblocks.1.mlp.c_fc.weight from /nas-ctm01/homes/fmferreira/MedImageInsights/2024.09.27/vision_model/medimageinsigt-v1.0.0.pt
[2026-01-22 10:26:21,360][MedImageInsight.UniCLModel][INFO] - => init lang_encoder.resblocks.1.mlp.c_proj.bias from /nas-ctm01/homes/fmferreira/MedImageInsights/2024.09.27/vision_model/medimageinsigt-v1.0.0.pt
[2026-01-22 10:26:21,360][MedImageInsight.UniCLModel][INFO] - => init lang_encoder.resblocks.1.mlp.c_proj.weight from /nas-ctm01/homes/fmferreira/MedImageInsights/2024.09.27/vision_model/medimageinsigt-v1.0.0.pt
[2026-01-22 10:26:21,360][MedImageInsight.UniCLModel][INFO] - => init lang_encoder.resblocks.10.attn.in_proj_bias from /nas-ctm01/homes/fmferreira/MedImageInsights/2024.09.27/vision_model/medimageinsigt-v1.0.0.pt
[2026-01-22 10:26:21,360][MedImageInsight.UniCLModel][INFO] - => init lang_encoder.resblocks.10.attn.in_proj_weight from /nas-ctm01/homes/fmferreira/MedImageInsights/2024.09.27/vision_model/medimageinsigt-v1.0.0.pt
[2026-01-22 10:26:21,360][MedImageInsight.UniCLModel][INFO] - => init lang_encoder.resblocks.10.attn.out_proj.bias from /nas-ctm01/homes/fmferreira/MedImageInsights/2024.09.27/vision_model/medimageinsigt-v1.0.0.pt
[2026-01-22 10:26:21,360][MedImageInsight.UniCLModel][INFO] - => init lang_encoder.resblocks.10.attn.out_proj.weight from /nas-ctm01/homes/fmferreira/MedImageInsights/2024.09.27/vision_model/medimageinsigt-v1.0.0.pt
[2026-01-22 10:26:21,361][MedImageInsight.UniCLModel][INFO] - => init lang_encoder.resblocks.10.ln_1.bias from /nas-ctm01/homes/fmferreira/MedImageInsights/2024.09.27/vision_model/medimageinsigt-v1.0.0.pt
[2026-01-22 10:26:21,361][MedImageInsight.UniCLModel][INFO] - => init lang_encoder.resblocks.10.ln_1.weight from /nas-ctm01/homes/fmferreira/MedImageInsights/2024.09.27/vision_model/medimageinsigt-v1.0.0.pt
[2026-01-22 10:26:21,361][MedImageInsight.UniCLModel][INFO] - => init lang_encoder.resblocks.10.ln_2.bias from /nas-ctm01/homes/fmferreira/MedImageInsights/2024.09.27/vision_model/medimageinsigt-v1.0.0.pt
[2026-01-22 10:26:21,361][MedImageInsight.UniCLModel][INFO] - => init lang_encoder.resblocks.10.ln_2.weight from /nas-ctm01/homes/fmferreira/MedImageInsights/2024.09.27/vision_model/medimageinsigt-v1.0.0.pt
[2026-01-22 10:26:21,361][MedImageInsight.UniCLModel][INFO] - => init lang_encoder.resblocks.10.mlp.c_fc.bias from /nas-ctm01/homes/fmferreira/MedImageInsights/2024.09.27/vision_model/medimageinsigt-v1.0.0.pt
[2026-01-22 10:26:21,361][MedImageInsight.UniCLModel][INFO] - => init lang_encoder.resblocks.10.mlp.c_fc.weight from /nas-ctm01/homes/fmferreira/MedImageInsights/2024.09.27/vision_model/medimageinsigt-v1.0.0.pt
[2026-01-22 10:26:21,361][MedImageInsight.UniCLModel][INFO] - => init lang_encoder.resblocks.10.mlp.c_proj.bias from /nas-ctm01/homes/fmferreira/MedImageInsights/2024.09.27/vision_model/medimageinsigt-v1.0.0.pt
[2026-01-22 10:26:21,361][MedImageInsight.UniCLModel][INFO] - => init lang_encoder.resblocks.10.mlp.c_proj.weight from /nas-ctm01/homes/fmferreira/MedImageInsights/2024.09.27/vision_model/medimageinsigt-v1.0.0.pt
[2026-01-22 10:26:21,361][MedImageInsight.UniCLModel][INFO] - => init lang_encoder.resblocks.11.attn.in_proj_bias from /nas-ctm01/homes/fmferreira/MedImageInsights/2024.09.27/vision_model/medimageinsigt-v1.0.0.pt
[2026-01-22 10:26:21,361][MedImageInsight.UniCLModel][INFO] - => init lang_encoder.resblocks.11.attn.in_proj_weight from /nas-ctm01/homes/fmferreira/MedImageInsights/2024.09.27/vision_model/medimageinsigt-v1.0.0.pt
[2026-01-22 10:26:21,361][MedImageInsight.UniCLModel][INFO] - => init lang_encoder.resblocks.11.attn.out_proj.bias from /nas-ctm01/homes/fmferreira/MedImageInsights/2024.09.27/vision_model/medimageinsigt-v1.0.0.pt
[2026-01-22 10:26:21,361][MedImageInsight.UniCLModel][INFO] - => init lang_encoder.resblocks.11.attn.out_proj.weight from /nas-ctm01/homes/fmferreira/MedImageInsights/2024.09.27/vision_model/medimageinsigt-v1.0.0.pt
[2026-01-22 10:26:21,361][MedImageInsight.UniCLModel][INFO] - => init lang_encoder.resblocks.11.ln_1.bias from /nas-ctm01/homes/fmferreira/MedImageInsights/2024.09.27/vision_model/medimageinsigt-v1.0.0.pt
[2026-01-22 10:26:21,361][MedImageInsight.UniCLModel][INFO] - => init lang_encoder.resblocks.11.ln_1.weight from /nas-ctm01/homes/fmferreira/MedImageInsights/2024.09.27/vision_model/medimageinsigt-v1.0.0.pt
[2026-01-22 10:26:21,361][MedImageInsight.UniCLModel][INFO] - => init lang_encoder.resblocks.11.ln_2.bias from /nas-ctm01/homes/fmferreira/MedImageInsights/2024.09.27/vision_model/medimageinsigt-v1.0.0.pt
[2026-01-22 10:26:21,361][MedImageInsight.UniCLModel][INFO] - => init lang_encoder.resblocks.11.ln_2.weight from /nas-ctm01/homes/fmferreira/MedImageInsights/2024.09.27/vision_model/medimageinsigt-v1.0.0.pt
[2026-01-22 10:26:21,361][MedImageInsight.UniCLModel][INFO] - => init lang_encoder.resblocks.11.mlp.c_fc.bias from /nas-ctm01/homes/fmferreira/MedImageInsights/2024.09.27/vision_model/medimageinsigt-v1.0.0.pt
[2026-01-22 10:26:21,361][MedImageInsight.UniCLModel][INFO] - => init lang_encoder.resblocks.11.mlp.c_fc.weight from /nas-ctm01/homes/fmferreira/MedImageInsights/2024.09.27/vision_model/medimageinsigt-v1.0.0.pt
[2026-01-22 10:26:21,361][MedImageInsight.UniCLModel][INFO] - => init lang_encoder.resblocks.11.mlp.c_proj.bias from /nas-ctm01/homes/fmferreira/MedImageInsights/2024.09.27/vision_model/medimageinsigt-v1.0.0.pt
[2026-01-22 10:26:21,361][MedImageInsight.UniCLModel][INFO] - => init lang_encoder.resblocks.11.mlp.c_proj.weight from /nas-ctm01/homes/fmferreira/MedImageInsights/2024.09.27/vision_model/medimageinsigt-v1.0.0.pt
[2026-01-22 10:26:21,361][MedImageInsight.UniCLModel][INFO] - => init lang_encoder.resblocks.12.attn.in_proj_bias from /nas-ctm01/homes/fmferreira/MedImageInsights/2024.09.27/vision_model/medimageinsigt-v1.0.0.pt
[2026-01-22 10:26:21,361][MedImageInsight.UniCLModel][INFO] - => init lang_encoder.resblocks.12.attn.in_proj_weight from /nas-ctm01/homes/fmferreira/MedImageInsights/2024.09.27/vision_model/medimageinsigt-v1.0.0.pt
[2026-01-22 10:26:21,361][MedImageInsight.UniCLModel][INFO] - => init lang_encoder.resblocks.12.attn.out_proj.bias from /nas-ctm01/homes/fmferreira/MedImageInsights/2024.09.27/vision_model/medimageinsigt-v1.0.0.pt
[2026-01-22 10:26:21,361][MedImageInsight.UniCLModel][INFO] - => init lang_encoder.resblocks.12.attn.out_proj.weight from /nas-ctm01/homes/fmferreira/MedImageInsights/2024.09.27/vision_model/medimageinsigt-v1.0.0.pt
[2026-01-22 10:26:21,361][MedImageInsight.UniCLModel][INFO] - => init lang_encoder.resblocks.12.ln_1.bias from /nas-ctm01/homes/fmferreira/MedImageInsights/2024.09.27/vision_model/medimageinsigt-v1.0.0.pt
[2026-01-22 10:26:21,361][MedImageInsight.UniCLModel][INFO] - => init lang_encoder.resblocks.12.ln_1.weight from /nas-ctm01/homes/fmferreira/MedImageInsights/2024.09.27/vision_model/medimageinsigt-v1.0.0.pt
[2026-01-22 10:26:21,361][MedImageInsight.UniCLModel][INFO] - => init lang_encoder.resblocks.12.ln_2.bias from /nas-ctm01/homes/fmferreira/MedImageInsights/2024.09.27/vision_model/medimageinsigt-v1.0.0.pt
[2026-01-22 10:26:21,361][MedImageInsight.UniCLModel][INFO] - => init lang_encoder.resblocks.12.ln_2.weight from /nas-ctm01/homes/fmferreira/MedImageInsights/2024.09.27/vision_model/medimageinsigt-v1.0.0.pt
[2026-01-22 10:26:21,361][MedImageInsight.UniCLModel][INFO] - => init lang_encoder.resblocks.12.mlp.c_fc.bias from /nas-ctm01/homes/fmferreira/MedImageInsights/2024.09.27/vision_model/medimageinsigt-v1.0.0.pt
[2026-01-22 10:26:21,361][MedImageInsight.UniCLModel][INFO] - => init lang_encoder.resblocks.12.mlp.c_fc.weight from /nas-ctm01/homes/fmferreira/MedImageInsights/2024.09.27/vision_model/medimageinsigt-v1.0.0.pt
[2026-01-22 10:26:21,361][MedImageInsight.UniCLModel][INFO] - => init lang_encoder.resblocks.12.mlp.c_proj.bias from /nas-ctm01/homes/fmferreira/MedImageInsights/2024.09.27/vision_model/medimageinsigt-v1.0.0.pt
[2026-01-22 10:26:21,361][MedImageInsight.UniCLModel][INFO] - => init lang_encoder.resblocks.12.mlp.c_proj.weight from /nas-ctm01/homes/fmferreira/MedImageInsights/2024.09.27/vision_model/medimageinsigt-v1.0.0.pt
[2026-01-22 10:26:21,361][MedImageInsight.UniCLModel][INFO] - => init lang_encoder.resblocks.13.attn.in_proj_bias from /nas-ctm01/homes/fmferreira/MedImageInsights/2024.09.27/vision_model/medimageinsigt-v1.0.0.pt
[2026-01-22 10:26:21,361][MedImageInsight.UniCLModel][INFO] - => init lang_encoder.resblocks.13.attn.in_proj_weight from /nas-ctm01/homes/fmferreira/MedImageInsights/2024.09.27/vision_model/medimageinsigt-v1.0.0.pt
[2026-01-22 10:26:21,361][MedImageInsight.UniCLModel][INFO] - => init lang_encoder.resblocks.13.attn.out_proj.bias from /nas-ctm01/homes/fmferreira/MedImageInsights/2024.09.27/vision_model/medimageinsigt-v1.0.0.pt
[2026-01-22 10:26:21,361][MedImageInsight.UniCLModel][INFO] - => init lang_encoder.resblocks.13.attn.out_proj.weight from /nas-ctm01/homes/fmferreira/MedImageInsights/2024.09.27/vision_model/medimageinsigt-v1.0.0.pt
[2026-01-22 10:26:21,361][MedImageInsight.UniCLModel][INFO] - => init lang_encoder.resblocks.13.ln_1.bias from /nas-ctm01/homes/fmferreira/MedImageInsights/2024.09.27/vision_model/medimageinsigt-v1.0.0.pt
[2026-01-22 10:26:21,361][MedImageInsight.UniCLModel][INFO] - => init lang_encoder.resblocks.13.ln_1.weight from /nas-ctm01/homes/fmferreira/MedImageInsights/2024.09.27/vision_model/medimageinsigt-v1.0.0.pt
[2026-01-22 10:26:21,361][MedImageInsight.UniCLModel][INFO] - => init lang_encoder.resblocks.13.ln_2.bias from /nas-ctm01/homes/fmferreira/MedImageInsights/2024.09.27/vision_model/medimageinsigt-v1.0.0.pt
[2026-01-22 10:26:21,361][MedImageInsight.UniCLModel][INFO] - => init lang_encoder.resblocks.13.ln_2.weight from /nas-ctm01/homes/fmferreira/MedImageInsights/2024.09.27/vision_model/medimageinsigt-v1.0.0.pt
[2026-01-22 10:26:21,361][MedImageInsight.UniCLModel][INFO] - => init lang_encoder.resblocks.13.mlp.c_fc.bias from /nas-ctm01/homes/fmferreira/MedImageInsights/2024.09.27/vision_model/medimageinsigt-v1.0.0.pt
[2026-01-22 10:26:21,361][MedImageInsight.UniCLModel][INFO] - => init lang_encoder.resblocks.13.mlp.c_fc.weight from /nas-ctm01/homes/fmferreira/MedImageInsights/2024.09.27/vision_model/medimageinsigt-v1.0.0.pt
[2026-01-22 10:26:21,361][MedImageInsight.UniCLModel][INFO] - => init lang_encoder.resblocks.13.mlp.c_proj.bias from /nas-ctm01/homes/fmferreira/MedImageInsights/2024.09.27/vision_model/medimageinsigt-v1.0.0.pt
[2026-01-22 10:26:21,361][MedImageInsight.UniCLModel][INFO] - => init lang_encoder.resblocks.13.mlp.c_proj.weight from /nas-ctm01/homes/fmferreira/MedImageInsights/2024.09.27/vision_model/medimageinsigt-v1.0.0.pt
[2026-01-22 10:26:21,361][MedImageInsight.UniCLModel][INFO] - => init lang_encoder.resblocks.14.attn.in_proj_bias from /nas-ctm01/homes/fmferreira/MedImageInsights/2024.09.27/vision_model/medimageinsigt-v1.0.0.pt
[2026-01-22 10:26:21,361][MedImageInsight.UniCLModel][INFO] - => init lang_encoder.resblocks.14.attn.in_proj_weight from /nas-ctm01/homes/fmferreira/MedImageInsights/2024.09.27/vision_model/medimageinsigt-v1.0.0.pt
[2026-01-22 10:26:21,361][MedImageInsight.UniCLModel][INFO] - => init lang_encoder.resblocks.14.attn.out_proj.bias from /nas-ctm01/homes/fmferreira/MedImageInsights/2024.09.27/vision_model/medimageinsigt-v1.0.0.pt
[2026-01-22 10:26:21,361][MedImageInsight.UniCLModel][INFO] - => init lang_encoder.resblocks.14.attn.out_proj.weight from /nas-ctm01/homes/fmferreira/MedImageInsights/2024.09.27/vision_model/medimageinsigt-v1.0.0.pt
[2026-01-22 10:26:21,361][MedImageInsight.UniCLModel][INFO] - => init lang_encoder.resblocks.14.ln_1.bias from /nas-ctm01/homes/fmferreira/MedImageInsights/2024.09.27/vision_model/medimageinsigt-v1.0.0.pt
[2026-01-22 10:26:21,361][MedImageInsight.UniCLModel][INFO] - => init lang_encoder.resblocks.14.ln_1.weight from /nas-ctm01/homes/fmferreira/MedImageInsights/2024.09.27/vision_model/medimageinsigt-v1.0.0.pt
[2026-01-22 10:26:21,361][MedImageInsight.UniCLModel][INFO] - => init lang_encoder.resblocks.14.ln_2.bias from /nas-ctm01/homes/fmferreira/MedImageInsights/2024.09.27/vision_model/medimageinsigt-v1.0.0.pt
[2026-01-22 10:26:21,361][MedImageInsight.UniCLModel][INFO] - => init lang_encoder.resblocks.14.ln_2.weight from /nas-ctm01/homes/fmferreira/MedImageInsights/2024.09.27/vision_model/medimageinsigt-v1.0.0.pt
[2026-01-22 10:26:21,361][MedImageInsight.UniCLModel][INFO] - => init lang_encoder.resblocks.14.mlp.c_fc.bias from /nas-ctm01/homes/fmferreira/MedImageInsights/2024.09.27/vision_model/medimageinsigt-v1.0.0.pt
[2026-01-22 10:26:21,361][MedImageInsight.UniCLModel][INFO] - => init lang_encoder.resblocks.14.mlp.c_fc.weight from /nas-ctm01/homes/fmferreira/MedImageInsights/2024.09.27/vision_model/medimageinsigt-v1.0.0.pt
[2026-01-22 10:26:21,361][MedImageInsight.UniCLModel][INFO] - => init lang_encoder.resblocks.14.mlp.c_proj.bias from /nas-ctm01/homes/fmferreira/MedImageInsights/2024.09.27/vision_model/medimageinsigt-v1.0.0.pt
[2026-01-22 10:26:21,361][MedImageInsight.UniCLModel][INFO] - => init lang_encoder.resblocks.14.mlp.c_proj.weight from /nas-ctm01/homes/fmferreira/MedImageInsights/2024.09.27/vision_model/medimageinsigt-v1.0.0.pt
[2026-01-22 10:26:21,361][MedImageInsight.UniCLModel][INFO] - => init lang_encoder.resblocks.15.attn.in_proj_bias from /nas-ctm01/homes/fmferreira/MedImageInsights/2024.09.27/vision_model/medimageinsigt-v1.0.0.pt
[2026-01-22 10:26:21,362][MedImageInsight.UniCLModel][INFO] - => init lang_encoder.resblocks.15.attn.in_proj_weight from /nas-ctm01/homes/fmferreira/MedImageInsights/2024.09.27/vision_model/medimageinsigt-v1.0.0.pt
[2026-01-22 10:26:21,362][MedImageInsight.UniCLModel][INFO] - => init lang_encoder.resblocks.15.attn.out_proj.bias from /nas-ctm01/homes/fmferreira/MedImageInsights/2024.09.27/vision_model/medimageinsigt-v1.0.0.pt
[2026-01-22 10:26:21,362][MedImageInsight.UniCLModel][INFO] - => init lang_encoder.resblocks.15.attn.out_proj.weight from /nas-ctm01/homes/fmferreira/MedImageInsights/2024.09.27/vision_model/medimageinsigt-v1.0.0.pt
[2026-01-22 10:26:21,362][MedImageInsight.UniCLModel][INFO] - => init lang_encoder.resblocks.15.ln_1.bias from /nas-ctm01/homes/fmferreira/MedImageInsights/2024.09.27/vision_model/medimageinsigt-v1.0.0.pt
[2026-01-22 10:26:21,362][MedImageInsight.UniCLModel][INFO] - => init lang_encoder.resblocks.15.ln_1.weight from /nas-ctm01/homes/fmferreira/MedImageInsights/2024.09.27/vision_model/medimageinsigt-v1.0.0.pt
[2026-01-22 10:26:21,362][MedImageInsight.UniCLModel][INFO] - => init lang_encoder.resblocks.15.ln_2.bias from /nas-ctm01/homes/fmferreira/MedImageInsights/2024.09.27/vision_model/medimageinsigt-v1.0.0.pt
[2026-01-22 10:26:21,362][MedImageInsight.UniCLModel][INFO] - => init lang_encoder.resblocks.15.ln_2.weight from /nas-ctm01/homes/fmferreira/MedImageInsights/2024.09.27/vision_model/medimageinsigt-v1.0.0.pt
[2026-01-22 10:26:21,362][MedImageInsight.UniCLModel][INFO] - => init lang_encoder.resblocks.15.mlp.c_fc.bias from /nas-ctm01/homes/fmferreira/MedImageInsights/2024.09.27/vision_model/medimageinsigt-v1.0.0.pt
[2026-01-22 10:26:21,362][MedImageInsight.UniCLModel][INFO] - => init lang_encoder.resblocks.15.mlp.c_fc.weight from /nas-ctm01/homes/fmferreira/MedImageInsights/2024.09.27/vision_model/medimageinsigt-v1.0.0.pt
[2026-01-22 10:26:21,362][MedImageInsight.UniCLModel][INFO] - => init lang_encoder.resblocks.15.mlp.c_proj.bias from /nas-ctm01/homes/fmferreira/MedImageInsights/2024.09.27/vision_model/medimageinsigt-v1.0.0.pt
[2026-01-22 10:26:21,362][MedImageInsight.UniCLModel][INFO] - => init lang_encoder.resblocks.15.mlp.c_proj.weight from /nas-ctm01/homes/fmferreira/MedImageInsights/2024.09.27/vision_model/medimageinsigt-v1.0.0.pt
[2026-01-22 10:26:21,362][MedImageInsight.UniCLModel][INFO] - => init lang_encoder.resblocks.2.attn.in_proj_bias from /nas-ctm01/homes/fmferreira/MedImageInsights/2024.09.27/vision_model/medimageinsigt-v1.0.0.pt
[2026-01-22 10:26:21,362][MedImageInsight.UniCLModel][INFO] - => init lang_encoder.resblocks.2.attn.in_proj_weight from /nas-ctm01/homes/fmferreira/MedImageInsights/2024.09.27/vision_model/medimageinsigt-v1.0.0.pt
[2026-01-22 10:26:21,362][MedImageInsight.UniCLModel][INFO] - => init lang_encoder.resblocks.2.attn.out_proj.bias from /nas-ctm01/homes/fmferreira/MedImageInsights/2024.09.27/vision_model/medimageinsigt-v1.0.0.pt
[2026-01-22 10:26:21,362][MedImageInsight.UniCLModel][INFO] - => init lang_encoder.resblocks.2.attn.out_proj.weight from /nas-ctm01/homes/fmferreira/MedImageInsights/2024.09.27/vision_model/medimageinsigt-v1.0.0.pt
[2026-01-22 10:26:21,362][MedImageInsight.UniCLModel][INFO] - => init lang_encoder.resblocks.2.ln_1.bias from /nas-ctm01/homes/fmferreira/MedImageInsights/2024.09.27/vision_model/medimageinsigt-v1.0.0.pt
[2026-01-22 10:26:21,362][MedImageInsight.UniCLModel][INFO] - => init lang_encoder.resblocks.2.ln_1.weight from /nas-ctm01/homes/fmferreira/MedImageInsights/2024.09.27/vision_model/medimageinsigt-v1.0.0.pt
[2026-01-22 10:26:21,362][MedImageInsight.UniCLModel][INFO] - => init lang_encoder.resblocks.2.ln_2.bias from /nas-ctm01/homes/fmferreira/MedImageInsights/2024.09.27/vision_model/medimageinsigt-v1.0.0.pt
[2026-01-22 10:26:21,362][MedImageInsight.UniCLModel][INFO] - => init lang_encoder.resblocks.2.ln_2.weight from /nas-ctm01/homes/fmferreira/MedImageInsights/2024.09.27/vision_model/medimageinsigt-v1.0.0.pt
[2026-01-22 10:26:21,362][MedImageInsight.UniCLModel][INFO] - => init lang_encoder.resblocks.2.mlp.c_fc.bias from /nas-ctm01/homes/fmferreira/MedImageInsights/2024.09.27/vision_model/medimageinsigt-v1.0.0.pt
[2026-01-22 10:26:21,362][MedImageInsight.UniCLModel][INFO] - => init lang_encoder.resblocks.2.mlp.c_fc.weight from /nas-ctm01/homes/fmferreira/MedImageInsights/2024.09.27/vision_model/medimageinsigt-v1.0.0.pt
[2026-01-22 10:26:21,362][MedImageInsight.UniCLModel][INFO] - => init lang_encoder.resblocks.2.mlp.c_proj.bias from /nas-ctm01/homes/fmferreira/MedImageInsights/2024.09.27/vision_model/medimageinsigt-v1.0.0.pt
[2026-01-22 10:26:21,362][MedImageInsight.UniCLModel][INFO] - => init lang_encoder.resblocks.2.mlp.c_proj.weight from /nas-ctm01/homes/fmferreira/MedImageInsights/2024.09.27/vision_model/medimageinsigt-v1.0.0.pt
[2026-01-22 10:26:21,362][MedImageInsight.UniCLModel][INFO] - => init lang_encoder.resblocks.3.attn.in_proj_bias from /nas-ctm01/homes/fmferreira/MedImageInsights/2024.09.27/vision_model/medimageinsigt-v1.0.0.pt
[2026-01-22 10:26:21,362][MedImageInsight.UniCLModel][INFO] - => init lang_encoder.resblocks.3.attn.in_proj_weight from /nas-ctm01/homes/fmferreira/MedImageInsights/2024.09.27/vision_model/medimageinsigt-v1.0.0.pt
[2026-01-22 10:26:21,362][MedImageInsight.UniCLModel][INFO] - => init lang_encoder.resblocks.3.attn.out_proj.bias from /nas-ctm01/homes/fmferreira/MedImageInsights/2024.09.27/vision_model/medimageinsigt-v1.0.0.pt
[2026-01-22 10:26:21,362][MedImageInsight.UniCLModel][INFO] - => init lang_encoder.resblocks.3.attn.out_proj.weight from /nas-ctm01/homes/fmferreira/MedImageInsights/2024.09.27/vision_model/medimageinsigt-v1.0.0.pt
[2026-01-22 10:26:21,362][MedImageInsight.UniCLModel][INFO] - => init lang_encoder.resblocks.3.ln_1.bias from /nas-ctm01/homes/fmferreira/MedImageInsights/2024.09.27/vision_model/medimageinsigt-v1.0.0.pt
[2026-01-22 10:26:21,362][MedImageInsight.UniCLModel][INFO] - => init lang_encoder.resblocks.3.ln_1.weight from /nas-ctm01/homes/fmferreira/MedImageInsights/2024.09.27/vision_model/medimageinsigt-v1.0.0.pt
[2026-01-22 10:26:21,362][MedImageInsight.UniCLModel][INFO] - => init lang_encoder.resblocks.3.ln_2.bias from /nas-ctm01/homes/fmferreira/MedImageInsights/2024.09.27/vision_model/medimageinsigt-v1.0.0.pt
[2026-01-22 10:26:21,362][MedImageInsight.UniCLModel][INFO] - => init lang_encoder.resblocks.3.ln_2.weight from /nas-ctm01/homes/fmferreira/MedImageInsights/2024.09.27/vision_model/medimageinsigt-v1.0.0.pt
[2026-01-22 10:26:21,362][MedImageInsight.UniCLModel][INFO] - => init lang_encoder.resblocks.3.mlp.c_fc.bias from /nas-ctm01/homes/fmferreira/MedImageInsights/2024.09.27/vision_model/medimageinsigt-v1.0.0.pt
[2026-01-22 10:26:21,362][MedImageInsight.UniCLModel][INFO] - => init lang_encoder.resblocks.3.mlp.c_fc.weight from /nas-ctm01/homes/fmferreira/MedImageInsights/2024.09.27/vision_model/medimageinsigt-v1.0.0.pt
[2026-01-22 10:26:21,362][MedImageInsight.UniCLModel][INFO] - => init lang_encoder.resblocks.3.mlp.c_proj.bias from /nas-ctm01/homes/fmferreira/MedImageInsights/2024.09.27/vision_model/medimageinsigt-v1.0.0.pt
[2026-01-22 10:26:21,362][MedImageInsight.UniCLModel][INFO] - => init lang_encoder.resblocks.3.mlp.c_proj.weight from /nas-ctm01/homes/fmferreira/MedImageInsights/2024.09.27/vision_model/medimageinsigt-v1.0.0.pt
[2026-01-22 10:26:21,362][MedImageInsight.UniCLModel][INFO] - => init lang_encoder.resblocks.4.attn.in_proj_bias from /nas-ctm01/homes/fmferreira/MedImageInsights/2024.09.27/vision_model/medimageinsigt-v1.0.0.pt
[2026-01-22 10:26:21,362][MedImageInsight.UniCLModel][INFO] - => init lang_encoder.resblocks.4.attn.in_proj_weight from /nas-ctm01/homes/fmferreira/MedImageInsights/2024.09.27/vision_model/medimageinsigt-v1.0.0.pt
[2026-01-22 10:26:21,362][MedImageInsight.UniCLModel][INFO] - => init lang_encoder.resblocks.4.attn.out_proj.bias from /nas-ctm01/homes/fmferreira/MedImageInsights/2024.09.27/vision_model/medimageinsigt-v1.0.0.pt
[2026-01-22 10:26:21,362][MedImageInsight.UniCLModel][INFO] - => init lang_encoder.resblocks.4.attn.out_proj.weight from /nas-ctm01/homes/fmferreira/MedImageInsights/2024.09.27/vision_model/medimageinsigt-v1.0.0.pt
[2026-01-22 10:26:21,362][MedImageInsight.UniCLModel][INFO] - => init lang_encoder.resblocks.4.ln_1.bias from /nas-ctm01/homes/fmferreira/MedImageInsights/2024.09.27/vision_model/medimageinsigt-v1.0.0.pt
[2026-01-22 10:26:21,362][MedImageInsight.UniCLModel][INFO] - => init lang_encoder.resblocks.4.ln_1.weight from /nas-ctm01/homes/fmferreira/MedImageInsights/2024.09.27/vision_model/medimageinsigt-v1.0.0.pt
[2026-01-22 10:26:21,362][MedImageInsight.UniCLModel][INFO] - => init lang_encoder.resblocks.4.ln_2.bias from /nas-ctm01/homes/fmferreira/MedImageInsights/2024.09.27/vision_model/medimageinsigt-v1.0.0.pt
[2026-01-22 10:26:21,362][MedImageInsight.UniCLModel][INFO] - => init lang_encoder.resblocks.4.ln_2.weight from /nas-ctm01/homes/fmferreira/MedImageInsights/2024.09.27/vision_model/medimageinsigt-v1.0.0.pt
[2026-01-22 10:26:21,362][MedImageInsight.UniCLModel][INFO] - => init lang_encoder.resblocks.4.mlp.c_fc.bias from /nas-ctm01/homes/fmferreira/MedImageInsights/2024.09.27/vision_model/medimageinsigt-v1.0.0.pt
[2026-01-22 10:26:21,362][MedImageInsight.UniCLModel][INFO] - => init lang_encoder.resblocks.4.mlp.c_fc.weight from /nas-ctm01/homes/fmferreira/MedImageInsights/2024.09.27/vision_model/medimageinsigt-v1.0.0.pt
[2026-01-22 10:26:21,362][MedImageInsight.UniCLModel][INFO] - => init lang_encoder.resblocks.4.mlp.c_proj.bias from /nas-ctm01/homes/fmferreira/MedImageInsights/2024.09.27/vision_model/medimageinsigt-v1.0.0.pt
[2026-01-22 10:26:21,362][MedImageInsight.UniCLModel][INFO] - => init lang_encoder.resblocks.4.mlp.c_proj.weight from /nas-ctm01/homes/fmferreira/MedImageInsights/2024.09.27/vision_model/medimageinsigt-v1.0.0.pt
[2026-01-22 10:26:21,362][MedImageInsight.UniCLModel][INFO] - => init lang_encoder.resblocks.5.attn.in_proj_bias from /nas-ctm01/homes/fmferreira/MedImageInsights/2024.09.27/vision_model/medimageinsigt-v1.0.0.pt
[2026-01-22 10:26:21,362][MedImageInsight.UniCLModel][INFO] - => init lang_encoder.resblocks.5.attn.in_proj_weight from /nas-ctm01/homes/fmferreira/MedImageInsights/2024.09.27/vision_model/medimageinsigt-v1.0.0.pt
[2026-01-22 10:26:21,362][MedImageInsight.UniCLModel][INFO] - => init lang_encoder.resblocks.5.attn.out_proj.bias from /nas-ctm01/homes/fmferreira/MedImageInsights/2024.09.27/vision_model/medimageinsigt-v1.0.0.pt
[2026-01-22 10:26:21,362][MedImageInsight.UniCLModel][INFO] - => init lang_encoder.resblocks.5.attn.out_proj.weight from /nas-ctm01/homes/fmferreira/MedImageInsights/2024.09.27/vision_model/medimageinsigt-v1.0.0.pt
[2026-01-22 10:26:21,362][MedImageInsight.UniCLModel][INFO] - => init lang_encoder.resblocks.5.ln_1.bias from /nas-ctm01/homes/fmferreira/MedImageInsights/2024.09.27/vision_model/medimageinsigt-v1.0.0.pt
[2026-01-22 10:26:21,362][MedImageInsight.UniCLModel][INFO] - => init lang_encoder.resblocks.5.ln_1.weight from /nas-ctm01/homes/fmferreira/MedImageInsights/2024.09.27/vision_model/medimageinsigt-v1.0.0.pt
[2026-01-22 10:26:21,362][MedImageInsight.UniCLModel][INFO] - => init lang_encoder.resblocks.5.ln_2.bias from /nas-ctm01/homes/fmferreira/MedImageInsights/2024.09.27/vision_model/medimageinsigt-v1.0.0.pt
[2026-01-22 10:26:21,362][MedImageInsight.UniCLModel][INFO] - => init lang_encoder.resblocks.5.ln_2.weight from /nas-ctm01/homes/fmferreira/MedImageInsights/2024.09.27/vision_model/medimageinsigt-v1.0.0.pt
[2026-01-22 10:26:21,362][MedImageInsight.UniCLModel][INFO] - => init lang_encoder.resblocks.5.mlp.c_fc.bias from /nas-ctm01/homes/fmferreira/MedImageInsights/2024.09.27/vision_model/medimageinsigt-v1.0.0.pt
[2026-01-22 10:26:21,362][MedImageInsight.UniCLModel][INFO] - => init lang_encoder.resblocks.5.mlp.c_fc.weight from /nas-ctm01/homes/fmferreira/MedImageInsights/2024.09.27/vision_model/medimageinsigt-v1.0.0.pt
[2026-01-22 10:26:21,362][MedImageInsight.UniCLModel][INFO] - => init lang_encoder.resblocks.5.mlp.c_proj.bias from /nas-ctm01/homes/fmferreira/MedImageInsights/2024.09.27/vision_model/medimageinsigt-v1.0.0.pt
[2026-01-22 10:26:21,363][MedImageInsight.UniCLModel][INFO] - => init lang_encoder.resblocks.5.mlp.c_proj.weight from /nas-ctm01/homes/fmferreira/MedImageInsights/2024.09.27/vision_model/medimageinsigt-v1.0.0.pt
[2026-01-22 10:26:21,363][MedImageInsight.UniCLModel][INFO] - => init lang_encoder.resblocks.6.attn.in_proj_bias from /nas-ctm01/homes/fmferreira/MedImageInsights/2024.09.27/vision_model/medimageinsigt-v1.0.0.pt
[2026-01-22 10:26:21,363][MedImageInsight.UniCLModel][INFO] - => init lang_encoder.resblocks.6.attn.in_proj_weight from /nas-ctm01/homes/fmferreira/MedImageInsights/2024.09.27/vision_model/medimageinsigt-v1.0.0.pt
[2026-01-22 10:26:21,363][MedImageInsight.UniCLModel][INFO] - => init lang_encoder.resblocks.6.attn.out_proj.bias from /nas-ctm01/homes/fmferreira/MedImageInsights/2024.09.27/vision_model/medimageinsigt-v1.0.0.pt
[2026-01-22 10:26:21,363][MedImageInsight.UniCLModel][INFO] - => init lang_encoder.resblocks.6.attn.out_proj.weight from /nas-ctm01/homes/fmferreira/MedImageInsights/2024.09.27/vision_model/medimageinsigt-v1.0.0.pt
[2026-01-22 10:26:21,363][MedImageInsight.UniCLModel][INFO] - => init lang_encoder.resblocks.6.ln_1.bias from /nas-ctm01/homes/fmferreira/MedImageInsights/2024.09.27/vision_model/medimageinsigt-v1.0.0.pt
[2026-01-22 10:26:21,363][MedImageInsight.UniCLModel][INFO] - => init lang_encoder.resblocks.6.ln_1.weight from /nas-ctm01/homes/fmferreira/MedImageInsights/2024.09.27/vision_model/medimageinsigt-v1.0.0.pt
[2026-01-22 10:26:21,363][MedImageInsight.UniCLModel][INFO] - => init lang_encoder.resblocks.6.ln_2.bias from /nas-ctm01/homes/fmferreira/MedImageInsights/2024.09.27/vision_model/medimageinsigt-v1.0.0.pt
[2026-01-22 10:26:21,363][MedImageInsight.UniCLModel][INFO] - => init lang_encoder.resblocks.6.ln_2.weight from /nas-ctm01/homes/fmferreira/MedImageInsights/2024.09.27/vision_model/medimageinsigt-v1.0.0.pt
[2026-01-22 10:26:21,363][MedImageInsight.UniCLModel][INFO] - => init lang_encoder.resblocks.6.mlp.c_fc.bias from /nas-ctm01/homes/fmferreira/MedImageInsights/2024.09.27/vision_model/medimageinsigt-v1.0.0.pt
[2026-01-22 10:26:21,363][MedImageInsight.UniCLModel][INFO] - => init lang_encoder.resblocks.6.mlp.c_fc.weight from /nas-ctm01/homes/fmferreira/MedImageInsights/2024.09.27/vision_model/medimageinsigt-v1.0.0.pt
[2026-01-22 10:26:21,363][MedImageInsight.UniCLModel][INFO] - => init lang_encoder.resblocks.6.mlp.c_proj.bias from /nas-ctm01/homes/fmferreira/MedImageInsights/2024.09.27/vision_model/medimageinsigt-v1.0.0.pt
[2026-01-22 10:26:21,363][MedImageInsight.UniCLModel][INFO] - => init lang_encoder.resblocks.6.mlp.c_proj.weight from /nas-ctm01/homes/fmferreira/MedImageInsights/2024.09.27/vision_model/medimageinsigt-v1.0.0.pt
[2026-01-22 10:26:21,363][MedImageInsight.UniCLModel][INFO] - => init lang_encoder.resblocks.7.attn.in_proj_bias from /nas-ctm01/homes/fmferreira/MedImageInsights/2024.09.27/vision_model/medimageinsigt-v1.0.0.pt
[2026-01-22 10:26:21,363][MedImageInsight.UniCLModel][INFO] - => init lang_encoder.resblocks.7.attn.in_proj_weight from /nas-ctm01/homes/fmferreira/MedImageInsights/2024.09.27/vision_model/medimageinsigt-v1.0.0.pt
[2026-01-22 10:26:21,363][MedImageInsight.UniCLModel][INFO] - => init lang_encoder.resblocks.7.attn.out_proj.bias from /nas-ctm01/homes/fmferreira/MedImageInsights/2024.09.27/vision_model/medimageinsigt-v1.0.0.pt
[2026-01-22 10:26:21,363][MedImageInsight.UniCLModel][INFO] - => init lang_encoder.resblocks.7.attn.out_proj.weight from /nas-ctm01/homes/fmferreira/MedImageInsights/2024.09.27/vision_model/medimageinsigt-v1.0.0.pt
[2026-01-22 10:26:21,363][MedImageInsight.UniCLModel][INFO] - => init lang_encoder.resblocks.7.ln_1.bias from /nas-ctm01/homes/fmferreira/MedImageInsights/2024.09.27/vision_model/medimageinsigt-v1.0.0.pt
[2026-01-22 10:26:21,363][MedImageInsight.UniCLModel][INFO] - => init lang_encoder.resblocks.7.ln_1.weight from /nas-ctm01/homes/fmferreira/MedImageInsights/2024.09.27/vision_model/medimageinsigt-v1.0.0.pt
[2026-01-22 10:26:21,363][MedImageInsight.UniCLModel][INFO] - => init lang_encoder.resblocks.7.ln_2.bias from /nas-ctm01/homes/fmferreira/MedImageInsights/2024.09.27/vision_model/medimageinsigt-v1.0.0.pt
[2026-01-22 10:26:21,363][MedImageInsight.UniCLModel][INFO] - => init lang_encoder.resblocks.7.ln_2.weight from /nas-ctm01/homes/fmferreira/MedImageInsights/2024.09.27/vision_model/medimageinsigt-v1.0.0.pt
[2026-01-22 10:26:21,363][MedImageInsight.UniCLModel][INFO] - => init lang_encoder.resblocks.7.mlp.c_fc.bias from /nas-ctm01/homes/fmferreira/MedImageInsights/2024.09.27/vision_model/medimageinsigt-v1.0.0.pt
[2026-01-22 10:26:21,363][MedImageInsight.UniCLModel][INFO] - => init lang_encoder.resblocks.7.mlp.c_fc.weight from /nas-ctm01/homes/fmferreira/MedImageInsights/2024.09.27/vision_model/medimageinsigt-v1.0.0.pt
[2026-01-22 10:26:21,363][MedImageInsight.UniCLModel][INFO] - => init lang_encoder.resblocks.7.mlp.c_proj.bias from /nas-ctm01/homes/fmferreira/MedImageInsights/2024.09.27/vision_model/medimageinsigt-v1.0.0.pt
[2026-01-22 10:26:21,363][MedImageInsight.UniCLModel][INFO] - => init lang_encoder.resblocks.7.mlp.c_proj.weight from /nas-ctm01/homes/fmferreira/MedImageInsights/2024.09.27/vision_model/medimageinsigt-v1.0.0.pt
[2026-01-22 10:26:21,363][MedImageInsight.UniCLModel][INFO] - => init lang_encoder.resblocks.8.attn.in_proj_bias from /nas-ctm01/homes/fmferreira/MedImageInsights/2024.09.27/vision_model/medimageinsigt-v1.0.0.pt
[2026-01-22 10:26:21,363][MedImageInsight.UniCLModel][INFO] - => init lang_encoder.resblocks.8.attn.in_proj_weight from /nas-ctm01/homes/fmferreira/MedImageInsights/2024.09.27/vision_model/medimageinsigt-v1.0.0.pt
[2026-01-22 10:26:21,363][MedImageInsight.UniCLModel][INFO] - => init lang_encoder.resblocks.8.attn.out_proj.bias from /nas-ctm01/homes/fmferreira/MedImageInsights/2024.09.27/vision_model/medimageinsigt-v1.0.0.pt
[2026-01-22 10:26:21,363][MedImageInsight.UniCLModel][INFO] - => init lang_encoder.resblocks.8.attn.out_proj.weight from /nas-ctm01/homes/fmferreira/MedImageInsights/2024.09.27/vision_model/medimageinsigt-v1.0.0.pt
[2026-01-22 10:26:21,363][MedImageInsight.UniCLModel][INFO] - => init lang_encoder.resblocks.8.ln_1.bias from /nas-ctm01/homes/fmferreira/MedImageInsights/2024.09.27/vision_model/medimageinsigt-v1.0.0.pt
[2026-01-22 10:26:21,363][MedImageInsight.UniCLModel][INFO] - => init lang_encoder.resblocks.8.ln_1.weight from /nas-ctm01/homes/fmferreira/MedImageInsights/2024.09.27/vision_model/medimageinsigt-v1.0.0.pt
[2026-01-22 10:26:21,363][MedImageInsight.UniCLModel][INFO] - => init lang_encoder.resblocks.8.ln_2.bias from /nas-ctm01/homes/fmferreira/MedImageInsights/2024.09.27/vision_model/medimageinsigt-v1.0.0.pt
[2026-01-22 10:26:21,363][MedImageInsight.UniCLModel][INFO] - => init lang_encoder.resblocks.8.ln_2.weight from /nas-ctm01/homes/fmferreira/MedImageInsights/2024.09.27/vision_model/medimageinsigt-v1.0.0.pt
[2026-01-22 10:26:21,363][MedImageInsight.UniCLModel][INFO] - => init lang_encoder.resblocks.8.mlp.c_fc.bias from /nas-ctm01/homes/fmferreira/MedImageInsights/2024.09.27/vision_model/medimageinsigt-v1.0.0.pt
[2026-01-22 10:26:21,363][MedImageInsight.UniCLModel][INFO] - => init lang_encoder.resblocks.8.mlp.c_fc.weight from /nas-ctm01/homes/fmferreira/MedImageInsights/2024.09.27/vision_model/medimageinsigt-v1.0.0.pt
[2026-01-22 10:26:21,363][MedImageInsight.UniCLModel][INFO] - => init lang_encoder.resblocks.8.mlp.c_proj.bias from /nas-ctm01/homes/fmferreira/MedImageInsights/2024.09.27/vision_model/medimageinsigt-v1.0.0.pt
[2026-01-22 10:26:21,363][MedImageInsight.UniCLModel][INFO] - => init lang_encoder.resblocks.8.mlp.c_proj.weight from /nas-ctm01/homes/fmferreira/MedImageInsights/2024.09.27/vision_model/medimageinsigt-v1.0.0.pt
[2026-01-22 10:26:21,363][MedImageInsight.UniCLModel][INFO] - => init lang_encoder.resblocks.9.attn.in_proj_bias from /nas-ctm01/homes/fmferreira/MedImageInsights/2024.09.27/vision_model/medimageinsigt-v1.0.0.pt
[2026-01-22 10:26:21,363][MedImageInsight.UniCLModel][INFO] - => init lang_encoder.resblocks.9.attn.in_proj_weight from /nas-ctm01/homes/fmferreira/MedImageInsights/2024.09.27/vision_model/medimageinsigt-v1.0.0.pt
[2026-01-22 10:26:21,363][MedImageInsight.UniCLModel][INFO] - => init lang_encoder.resblocks.9.attn.out_proj.bias from /nas-ctm01/homes/fmferreira/MedImageInsights/2024.09.27/vision_model/medimageinsigt-v1.0.0.pt
[2026-01-22 10:26:21,363][MedImageInsight.UniCLModel][INFO] - => init lang_encoder.resblocks.9.attn.out_proj.weight from /nas-ctm01/homes/fmferreira/MedImageInsights/2024.09.27/vision_model/medimageinsigt-v1.0.0.pt
[2026-01-22 10:26:21,363][MedImageInsight.UniCLModel][INFO] - => init lang_encoder.resblocks.9.ln_1.bias from /nas-ctm01/homes/fmferreira/MedImageInsights/2024.09.27/vision_model/medimageinsigt-v1.0.0.pt
[2026-01-22 10:26:21,363][MedImageInsight.UniCLModel][INFO] - => init lang_encoder.resblocks.9.ln_1.weight from /nas-ctm01/homes/fmferreira/MedImageInsights/2024.09.27/vision_model/medimageinsigt-v1.0.0.pt
[2026-01-22 10:26:21,363][MedImageInsight.UniCLModel][INFO] - => init lang_encoder.resblocks.9.ln_2.bias from /nas-ctm01/homes/fmferreira/MedImageInsights/2024.09.27/vision_model/medimageinsigt-v1.0.0.pt
[2026-01-22 10:26:21,363][MedImageInsight.UniCLModel][INFO] - => init lang_encoder.resblocks.9.ln_2.weight from /nas-ctm01/homes/fmferreira/MedImageInsights/2024.09.27/vision_model/medimageinsigt-v1.0.0.pt
[2026-01-22 10:26:21,363][MedImageInsight.UniCLModel][INFO] - => init lang_encoder.resblocks.9.mlp.c_fc.bias from /nas-ctm01/homes/fmferreira/MedImageInsights/2024.09.27/vision_model/medimageinsigt-v1.0.0.pt
[2026-01-22 10:26:21,363][MedImageInsight.UniCLModel][INFO] - => init lang_encoder.resblocks.9.mlp.c_fc.weight from /nas-ctm01/homes/fmferreira/MedImageInsights/2024.09.27/vision_model/medimageinsigt-v1.0.0.pt
[2026-01-22 10:26:21,363][MedImageInsight.UniCLModel][INFO] - => init lang_encoder.resblocks.9.mlp.c_proj.bias from /nas-ctm01/homes/fmferreira/MedImageInsights/2024.09.27/vision_model/medimageinsigt-v1.0.0.pt
[2026-01-22 10:26:21,363][MedImageInsight.UniCLModel][INFO] - => init lang_encoder.resblocks.9.mlp.c_proj.weight from /nas-ctm01/homes/fmferreira/MedImageInsights/2024.09.27/vision_model/medimageinsigt-v1.0.0.pt
[2026-01-22 10:26:21,363][MedImageInsight.UniCLModel][INFO] - => init lang_encoder.token_embedding.weight from /nas-ctm01/homes/fmferreira/MedImageInsights/2024.09.27/vision_model/medimageinsigt-v1.0.0.pt
[2026-01-22 10:26:21,363][MedImageInsight.UniCLModel][INFO] - => init lang_projection from /nas-ctm01/homes/fmferreira/MedImageInsights/2024.09.27/vision_model/medimageinsigt-v1.0.0.pt
[2026-01-22 10:26:21,363][MedImageInsight.UniCLModel][INFO] - => init logit_scale from /nas-ctm01/homes/fmferreira/MedImageInsights/2024.09.27/vision_model/medimageinsigt-v1.0.0.pt
[2026-01-22 10:26:21,366][MedImageInsight.ImageEncoder.davit_v1][INFO] - => init blocks.0.0.channel_block.channel_attn.fn.proj.bias from pretrained state dict
[2026-01-22 10:26:21,366][MedImageInsight.ImageEncoder.davit_v1][INFO] - => init blocks.0.0.channel_block.channel_attn.fn.proj.weight from pretrained state dict
[2026-01-22 10:26:21,366][MedImageInsight.ImageEncoder.davit_v1][INFO] - => init blocks.0.0.channel_block.channel_attn.fn.qkv.bias from pretrained state dict
[2026-01-22 10:26:21,366][MedImageInsight.ImageEncoder.davit_v1][INFO] - => init blocks.0.0.channel_block.channel_attn.fn.qkv.weight from pretrained state dict
[2026-01-22 10:26:21,366][MedImageInsight.ImageEncoder.davit_v1][INFO] - => init blocks.0.0.channel_block.channel_attn.norm.bias from pretrained state dict
[2026-01-22 10:26:21,366][MedImageInsight.ImageEncoder.davit_v1][INFO] - => init blocks.0.0.channel_block.channel_attn.norm.weight from pretrained state dict
[2026-01-22 10:26:21,366][MedImageInsight.ImageEncoder.davit_v1][INFO] - => init blocks.0.0.channel_block.conv1.fn.dw.bias from pretrained state dict
[2026-01-22 10:26:21,366][MedImageInsight.ImageEncoder.davit_v1][INFO] - => init blocks.0.0.channel_block.conv1.fn.dw.weight from pretrained state dict
[2026-01-22 10:26:21,366][MedImageInsight.ImageEncoder.davit_v1][INFO] - => init blocks.0.0.channel_block.conv2.fn.dw.bias from pretrained state dict
[2026-01-22 10:26:21,366][MedImageInsight.ImageEncoder.davit_v1][INFO] - => init blocks.0.0.channel_block.conv2.fn.dw.weight from pretrained state dict
[2026-01-22 10:26:21,366][MedImageInsight.ImageEncoder.davit_v1][INFO] - => init blocks.0.0.channel_block.ffn.fn.net.fc1.bias from pretrained state dict
[2026-01-22 10:26:21,366][MedImageInsight.ImageEncoder.davit_v1][INFO] - => init blocks.0.0.channel_block.ffn.fn.net.fc1.weight from pretrained state dict
[2026-01-22 10:26:21,366][MedImageInsight.ImageEncoder.davit_v1][INFO] - => init blocks.0.0.channel_block.ffn.fn.net.fc2.bias from pretrained state dict
[2026-01-22 10:26:21,366][MedImageInsight.ImageEncoder.davit_v1][INFO] - => init blocks.0.0.channel_block.ffn.fn.net.fc2.weight from pretrained state dict
[2026-01-22 10:26:21,366][MedImageInsight.ImageEncoder.davit_v1][INFO] - => init blocks.0.0.channel_block.ffn.norm.bias from pretrained state dict
[2026-01-22 10:26:21,366][MedImageInsight.ImageEncoder.davit_v1][INFO] - => init blocks.0.0.channel_block.ffn.norm.weight from pretrained state dict
[2026-01-22 10:26:21,366][MedImageInsight.ImageEncoder.davit_v1][INFO] - => init blocks.0.0.spatial_block.conv1.fn.dw.bias from pretrained state dict
[2026-01-22 10:26:21,366][MedImageInsight.ImageEncoder.davit_v1][INFO] - => init blocks.0.0.spatial_block.conv1.fn.dw.weight from pretrained state dict
[2026-01-22 10:26:21,366][MedImageInsight.ImageEncoder.davit_v1][INFO] - => init blocks.0.0.spatial_block.conv2.fn.dw.bias from pretrained state dict
[2026-01-22 10:26:21,366][MedImageInsight.ImageEncoder.davit_v1][INFO] - => init blocks.0.0.spatial_block.conv2.fn.dw.weight from pretrained state dict
[2026-01-22 10:26:21,366][MedImageInsight.ImageEncoder.davit_v1][INFO] - => init blocks.0.0.spatial_block.ffn.fn.net.fc1.bias from pretrained state dict
[2026-01-22 10:26:21,366][MedImageInsight.ImageEncoder.davit_v1][INFO] - => init blocks.0.0.spatial_block.ffn.fn.net.fc1.weight from pretrained state dict
[2026-01-22 10:26:21,366][MedImageInsight.ImageEncoder.davit_v1][INFO] - => init blocks.0.0.spatial_block.ffn.fn.net.fc2.bias from pretrained state dict
[2026-01-22 10:26:21,366][MedImageInsight.ImageEncoder.davit_v1][INFO] - => init blocks.0.0.spatial_block.ffn.fn.net.fc2.weight from pretrained state dict
[2026-01-22 10:26:21,366][MedImageInsight.ImageEncoder.davit_v1][INFO] - => init blocks.0.0.spatial_block.ffn.norm.bias from pretrained state dict
[2026-01-22 10:26:21,366][MedImageInsight.ImageEncoder.davit_v1][INFO] - => init blocks.0.0.spatial_block.ffn.norm.weight from pretrained state dict
[2026-01-22 10:26:21,366][MedImageInsight.ImageEncoder.davit_v1][INFO] - => init blocks.0.0.spatial_block.window_attn.fn.proj.bias from pretrained state dict
[2026-01-22 10:26:21,366][MedImageInsight.ImageEncoder.davit_v1][INFO] - => init blocks.0.0.spatial_block.window_attn.fn.proj.weight from pretrained state dict
[2026-01-22 10:26:21,366][MedImageInsight.ImageEncoder.davit_v1][INFO] - => init blocks.0.0.spatial_block.window_attn.fn.qkv.bias from pretrained state dict
[2026-01-22 10:26:21,366][MedImageInsight.ImageEncoder.davit_v1][INFO] - => init blocks.0.0.spatial_block.window_attn.fn.qkv.weight from pretrained state dict
[2026-01-22 10:26:21,366][MedImageInsight.ImageEncoder.davit_v1][INFO] - => init blocks.0.0.spatial_block.window_attn.norm.bias from pretrained state dict
[2026-01-22 10:26:21,366][MedImageInsight.ImageEncoder.davit_v1][INFO] - => init blocks.0.0.spatial_block.window_attn.norm.weight from pretrained state dict
[2026-01-22 10:26:21,367][MedImageInsight.ImageEncoder.davit_v1][INFO] - => init blocks.1.0.channel_block.channel_attn.fn.proj.bias from pretrained state dict
[2026-01-22 10:26:21,367][MedImageInsight.ImageEncoder.davit_v1][INFO] - => init blocks.1.0.channel_block.channel_attn.fn.proj.weight from pretrained state dict
[2026-01-22 10:26:21,367][MedImageInsight.ImageEncoder.davit_v1][INFO] - => init blocks.1.0.channel_block.channel_attn.fn.qkv.bias from pretrained state dict
[2026-01-22 10:26:21,367][MedImageInsight.ImageEncoder.davit_v1][INFO] - => init blocks.1.0.channel_block.channel_attn.fn.qkv.weight from pretrained state dict
[2026-01-22 10:26:21,367][MedImageInsight.ImageEncoder.davit_v1][INFO] - => init blocks.1.0.channel_block.channel_attn.norm.bias from pretrained state dict
[2026-01-22 10:26:21,367][MedImageInsight.ImageEncoder.davit_v1][INFO] - => init blocks.1.0.channel_block.channel_attn.norm.weight from pretrained state dict
[2026-01-22 10:26:21,367][MedImageInsight.ImageEncoder.davit_v1][INFO] - => init blocks.1.0.channel_block.conv1.fn.dw.bias from pretrained state dict
[2026-01-22 10:26:21,367][MedImageInsight.ImageEncoder.davit_v1][INFO] - => init blocks.1.0.channel_block.conv1.fn.dw.weight from pretrained state dict
[2026-01-22 10:26:21,367][MedImageInsight.ImageEncoder.davit_v1][INFO] - => init blocks.1.0.channel_block.conv2.fn.dw.bias from pretrained state dict
[2026-01-22 10:26:21,367][MedImageInsight.ImageEncoder.davit_v1][INFO] - => init blocks.1.0.channel_block.conv2.fn.dw.weight from pretrained state dict
[2026-01-22 10:26:21,367][MedImageInsight.ImageEncoder.davit_v1][INFO] - => init blocks.1.0.channel_block.ffn.fn.net.fc1.bias from pretrained state dict
[2026-01-22 10:26:21,367][MedImageInsight.ImageEncoder.davit_v1][INFO] - => init blocks.1.0.channel_block.ffn.fn.net.fc1.weight from pretrained state dict
[2026-01-22 10:26:21,367][MedImageInsight.ImageEncoder.davit_v1][INFO] - => init blocks.1.0.channel_block.ffn.fn.net.fc2.bias from pretrained state dict
[2026-01-22 10:26:21,367][MedImageInsight.ImageEncoder.davit_v1][INFO] - => init blocks.1.0.channel_block.ffn.fn.net.fc2.weight from pretrained state dict
[2026-01-22 10:26:21,367][MedImageInsight.ImageEncoder.davit_v1][INFO] - => init blocks.1.0.channel_block.ffn.norm.bias from pretrained state dict
[2026-01-22 10:26:21,367][MedImageInsight.ImageEncoder.davit_v1][INFO] - => init blocks.1.0.channel_block.ffn.norm.weight from pretrained state dict
[2026-01-22 10:26:21,367][MedImageInsight.ImageEncoder.davit_v1][INFO] - => init blocks.1.0.spatial_block.conv1.fn.dw.bias from pretrained state dict
[2026-01-22 10:26:21,367][MedImageInsight.ImageEncoder.davit_v1][INFO] - => init blocks.1.0.spatial_block.conv1.fn.dw.weight from pretrained state dict
[2026-01-22 10:26:21,367][MedImageInsight.ImageEncoder.davit_v1][INFO] - => init blocks.1.0.spatial_block.conv2.fn.dw.bias from pretrained state dict
[2026-01-22 10:26:21,367][MedImageInsight.ImageEncoder.davit_v1][INFO] - => init blocks.1.0.spatial_block.conv2.fn.dw.weight from pretrained state dict
[2026-01-22 10:26:21,367][MedImageInsight.ImageEncoder.davit_v1][INFO] - => init blocks.1.0.spatial_block.ffn.fn.net.fc1.bias from pretrained state dict
[2026-01-22 10:26:21,367][MedImageInsight.ImageEncoder.davit_v1][INFO] - => init blocks.1.0.spatial_block.ffn.fn.net.fc1.weight from pretrained state dict
[2026-01-22 10:26:21,367][MedImageInsight.ImageEncoder.davit_v1][INFO] - => init blocks.1.0.spatial_block.ffn.fn.net.fc2.bias from pretrained state dict
[2026-01-22 10:26:21,367][MedImageInsight.ImageEncoder.davit_v1][INFO] - => init blocks.1.0.spatial_block.ffn.fn.net.fc2.weight from pretrained state dict
[2026-01-22 10:26:21,367][MedImageInsight.ImageEncoder.davit_v1][INFO] - => init blocks.1.0.spatial_block.ffn.norm.bias from pretrained state dict
[2026-01-22 10:26:21,367][MedImageInsight.ImageEncoder.davit_v1][INFO] - => init blocks.1.0.spatial_block.ffn.norm.weight from pretrained state dict
[2026-01-22 10:26:21,367][MedImageInsight.ImageEncoder.davit_v1][INFO] - => init blocks.1.0.spatial_block.window_attn.fn.proj.bias from pretrained state dict
[2026-01-22 10:26:21,367][MedImageInsight.ImageEncoder.davit_v1][INFO] - => init blocks.1.0.spatial_block.window_attn.fn.proj.weight from pretrained state dict
[2026-01-22 10:26:21,367][MedImageInsight.ImageEncoder.davit_v1][INFO] - => init blocks.1.0.spatial_block.window_attn.fn.qkv.bias from pretrained state dict
[2026-01-22 10:26:21,367][MedImageInsight.ImageEncoder.davit_v1][INFO] - => init blocks.1.0.spatial_block.window_attn.fn.qkv.weight from pretrained state dict
[2026-01-22 10:26:21,367][MedImageInsight.ImageEncoder.davit_v1][INFO] - => init blocks.1.0.spatial_block.window_attn.norm.bias from pretrained state dict
[2026-01-22 10:26:21,367][MedImageInsight.ImageEncoder.davit_v1][INFO] - => init blocks.1.0.spatial_block.window_attn.norm.weight from pretrained state dict
[2026-01-22 10:26:21,367][MedImageInsight.ImageEncoder.davit_v1][INFO] - => init blocks.2.0.channel_block.channel_attn.fn.proj.bias from pretrained state dict
[2026-01-22 10:26:21,367][MedImageInsight.ImageEncoder.davit_v1][INFO] - => init blocks.2.0.channel_block.channel_attn.fn.proj.weight from pretrained state dict
[2026-01-22 10:26:21,367][MedImageInsight.ImageEncoder.davit_v1][INFO] - => init blocks.2.0.channel_block.channel_attn.fn.qkv.bias from pretrained state dict
[2026-01-22 10:26:21,367][MedImageInsight.ImageEncoder.davit_v1][INFO] - => init blocks.2.0.channel_block.channel_attn.fn.qkv.weight from pretrained state dict
[2026-01-22 10:26:21,367][MedImageInsight.ImageEncoder.davit_v1][INFO] - => init blocks.2.0.channel_block.channel_attn.norm.bias from pretrained state dict
[2026-01-22 10:26:21,367][MedImageInsight.ImageEncoder.davit_v1][INFO] - => init blocks.2.0.channel_block.channel_attn.norm.weight from pretrained state dict
[2026-01-22 10:26:21,367][MedImageInsight.ImageEncoder.davit_v1][INFO] - => init blocks.2.0.channel_block.conv1.fn.dw.bias from pretrained state dict
[2026-01-22 10:26:21,367][MedImageInsight.ImageEncoder.davit_v1][INFO] - => init blocks.2.0.channel_block.conv1.fn.dw.weight from pretrained state dict
[2026-01-22 10:26:21,367][MedImageInsight.ImageEncoder.davit_v1][INFO] - => init blocks.2.0.channel_block.conv2.fn.dw.bias from pretrained state dict
[2026-01-22 10:26:21,367][MedImageInsight.ImageEncoder.davit_v1][INFO] - => init blocks.2.0.channel_block.conv2.fn.dw.weight from pretrained state dict
[2026-01-22 10:26:21,367][MedImageInsight.ImageEncoder.davit_v1][INFO] - => init blocks.2.0.channel_block.ffn.fn.net.fc1.bias from pretrained state dict
[2026-01-22 10:26:21,367][MedImageInsight.ImageEncoder.davit_v1][INFO] - => init blocks.2.0.channel_block.ffn.fn.net.fc1.weight from pretrained state dict
[2026-01-22 10:26:21,367][MedImageInsight.ImageEncoder.davit_v1][INFO] - => init blocks.2.0.channel_block.ffn.fn.net.fc2.bias from pretrained state dict
[2026-01-22 10:26:21,367][MedImageInsight.ImageEncoder.davit_v1][INFO] - => init blocks.2.0.channel_block.ffn.fn.net.fc2.weight from pretrained state dict
[2026-01-22 10:26:21,367][MedImageInsight.ImageEncoder.davit_v1][INFO] - => init blocks.2.0.channel_block.ffn.norm.bias from pretrained state dict
[2026-01-22 10:26:21,367][MedImageInsight.ImageEncoder.davit_v1][INFO] - => init blocks.2.0.channel_block.ffn.norm.weight from pretrained state dict
[2026-01-22 10:26:21,367][MedImageInsight.ImageEncoder.davit_v1][INFO] - => init blocks.2.0.spatial_block.conv1.fn.dw.bias from pretrained state dict
[2026-01-22 10:26:21,367][MedImageInsight.ImageEncoder.davit_v1][INFO] - => init blocks.2.0.spatial_block.conv1.fn.dw.weight from pretrained state dict
[2026-01-22 10:26:21,367][MedImageInsight.ImageEncoder.davit_v1][INFO] - => init blocks.2.0.spatial_block.conv2.fn.dw.bias from pretrained state dict
[2026-01-22 10:26:21,367][MedImageInsight.ImageEncoder.davit_v1][INFO] - => init blocks.2.0.spatial_block.conv2.fn.dw.weight from pretrained state dict
[2026-01-22 10:26:21,367][MedImageInsight.ImageEncoder.davit_v1][INFO] - => init blocks.2.0.spatial_block.ffn.fn.net.fc1.bias from pretrained state dict
[2026-01-22 10:26:21,367][MedImageInsight.ImageEncoder.davit_v1][INFO] - => init blocks.2.0.spatial_block.ffn.fn.net.fc1.weight from pretrained state dict
[2026-01-22 10:26:21,367][MedImageInsight.ImageEncoder.davit_v1][INFO] - => init blocks.2.0.spatial_block.ffn.fn.net.fc2.bias from pretrained state dict
[2026-01-22 10:26:21,367][MedImageInsight.ImageEncoder.davit_v1][INFO] - => init blocks.2.0.spatial_block.ffn.fn.net.fc2.weight from pretrained state dict
[2026-01-22 10:26:21,367][MedImageInsight.ImageEncoder.davit_v1][INFO] - => init blocks.2.0.spatial_block.ffn.norm.bias from pretrained state dict
[2026-01-22 10:26:21,367][MedImageInsight.ImageEncoder.davit_v1][INFO] - => init blocks.2.0.spatial_block.ffn.norm.weight from pretrained state dict
[2026-01-22 10:26:21,367][MedImageInsight.ImageEncoder.davit_v1][INFO] - => init blocks.2.0.spatial_block.window_attn.fn.proj.bias from pretrained state dict
[2026-01-22 10:26:21,368][MedImageInsight.ImageEncoder.davit_v1][INFO] - => init blocks.2.0.spatial_block.window_attn.fn.proj.weight from pretrained state dict
[2026-01-22 10:26:21,368][MedImageInsight.ImageEncoder.davit_v1][INFO] - => init blocks.2.0.spatial_block.window_attn.fn.qkv.bias from pretrained state dict
[2026-01-22 10:26:21,368][MedImageInsight.ImageEncoder.davit_v1][INFO] - => init blocks.2.0.spatial_block.window_attn.fn.qkv.weight from pretrained state dict
[2026-01-22 10:26:21,368][MedImageInsight.ImageEncoder.davit_v1][INFO] - => init blocks.2.0.spatial_block.window_attn.norm.bias from pretrained state dict
[2026-01-22 10:26:21,368][MedImageInsight.ImageEncoder.davit_v1][INFO] - => init blocks.2.0.spatial_block.window_attn.norm.weight from pretrained state dict
[2026-01-22 10:26:21,368][MedImageInsight.ImageEncoder.davit_v1][INFO] - => init blocks.2.1.channel_block.channel_attn.fn.proj.bias from pretrained state dict
[2026-01-22 10:26:21,368][MedImageInsight.ImageEncoder.davit_v1][INFO] - => init blocks.2.1.channel_block.channel_attn.fn.proj.weight from pretrained state dict
[2026-01-22 10:26:21,368][MedImageInsight.ImageEncoder.davit_v1][INFO] - => init blocks.2.1.channel_block.channel_attn.fn.qkv.bias from pretrained state dict
[2026-01-22 10:26:21,368][MedImageInsight.ImageEncoder.davit_v1][INFO] - => init blocks.2.1.channel_block.channel_attn.fn.qkv.weight from pretrained state dict
[2026-01-22 10:26:21,368][MedImageInsight.ImageEncoder.davit_v1][INFO] - => init blocks.2.1.channel_block.channel_attn.norm.bias from pretrained state dict
[2026-01-22 10:26:21,368][MedImageInsight.ImageEncoder.davit_v1][INFO] - => init blocks.2.1.channel_block.channel_attn.norm.weight from pretrained state dict
[2026-01-22 10:26:21,368][MedImageInsight.ImageEncoder.davit_v1][INFO] - => init blocks.2.1.channel_block.conv1.fn.dw.bias from pretrained state dict
[2026-01-22 10:26:21,368][MedImageInsight.ImageEncoder.davit_v1][INFO] - => init blocks.2.1.channel_block.conv1.fn.dw.weight from pretrained state dict
[2026-01-22 10:26:21,368][MedImageInsight.ImageEncoder.davit_v1][INFO] - => init blocks.2.1.channel_block.conv2.fn.dw.bias from pretrained state dict
[2026-01-22 10:26:21,368][MedImageInsight.ImageEncoder.davit_v1][INFO] - => init blocks.2.1.channel_block.conv2.fn.dw.weight from pretrained state dict
[2026-01-22 10:26:21,368][MedImageInsight.ImageEncoder.davit_v1][INFO] - => init blocks.2.1.channel_block.ffn.fn.net.fc1.bias from pretrained state dict
[2026-01-22 10:26:21,368][MedImageInsight.ImageEncoder.davit_v1][INFO] - => init blocks.2.1.channel_block.ffn.fn.net.fc1.weight from pretrained state dict
[2026-01-22 10:26:21,368][MedImageInsight.ImageEncoder.davit_v1][INFO] - => init blocks.2.1.channel_block.ffn.fn.net.fc2.bias from pretrained state dict
[2026-01-22 10:26:21,368][MedImageInsight.ImageEncoder.davit_v1][INFO] - => init blocks.2.1.channel_block.ffn.fn.net.fc2.weight from pretrained state dict
[2026-01-22 10:26:21,368][MedImageInsight.ImageEncoder.davit_v1][INFO] - => init blocks.2.1.channel_block.ffn.norm.bias from pretrained state dict
[2026-01-22 10:26:21,368][MedImageInsight.ImageEncoder.davit_v1][INFO] - => init blocks.2.1.channel_block.ffn.norm.weight from pretrained state dict
[2026-01-22 10:26:21,368][MedImageInsight.ImageEncoder.davit_v1][INFO] - => init blocks.2.1.spatial_block.conv1.fn.dw.bias from pretrained state dict
[2026-01-22 10:26:21,368][MedImageInsight.ImageEncoder.davit_v1][INFO] - => init blocks.2.1.spatial_block.conv1.fn.dw.weight from pretrained state dict
[2026-01-22 10:26:21,368][MedImageInsight.ImageEncoder.davit_v1][INFO] - => init blocks.2.1.spatial_block.conv2.fn.dw.bias from pretrained state dict
[2026-01-22 10:26:21,368][MedImageInsight.ImageEncoder.davit_v1][INFO] - => init blocks.2.1.spatial_block.conv2.fn.dw.weight from pretrained state dict
[2026-01-22 10:26:21,368][MedImageInsight.ImageEncoder.davit_v1][INFO] - => init blocks.2.1.spatial_block.ffn.fn.net.fc1.bias from pretrained state dict
[2026-01-22 10:26:21,368][MedImageInsight.ImageEncoder.davit_v1][INFO] - => init blocks.2.1.spatial_block.ffn.fn.net.fc1.weight from pretrained state dict
[2026-01-22 10:26:21,368][MedImageInsight.ImageEncoder.davit_v1][INFO] - => init blocks.2.1.spatial_block.ffn.fn.net.fc2.bias from pretrained state dict
[2026-01-22 10:26:21,368][MedImageInsight.ImageEncoder.davit_v1][INFO] - => init blocks.2.1.spatial_block.ffn.fn.net.fc2.weight from pretrained state dict
[2026-01-22 10:26:21,368][MedImageInsight.ImageEncoder.davit_v1][INFO] - => init blocks.2.1.spatial_block.ffn.norm.bias from pretrained state dict
[2026-01-22 10:26:21,368][MedImageInsight.ImageEncoder.davit_v1][INFO] - => init blocks.2.1.spatial_block.ffn.norm.weight from pretrained state dict
[2026-01-22 10:26:21,368][MedImageInsight.ImageEncoder.davit_v1][INFO] - => init blocks.2.1.spatial_block.window_attn.fn.proj.bias from pretrained state dict
[2026-01-22 10:26:21,368][MedImageInsight.ImageEncoder.davit_v1][INFO] - => init blocks.2.1.spatial_block.window_attn.fn.proj.weight from pretrained state dict
[2026-01-22 10:26:21,368][MedImageInsight.ImageEncoder.davit_v1][INFO] - => init blocks.2.1.spatial_block.window_attn.fn.qkv.bias from pretrained state dict
[2026-01-22 10:26:21,368][MedImageInsight.ImageEncoder.davit_v1][INFO] - => init blocks.2.1.spatial_block.window_attn.fn.qkv.weight from pretrained state dict
[2026-01-22 10:26:21,368][MedImageInsight.ImageEncoder.davit_v1][INFO] - => init blocks.2.1.spatial_block.window_attn.norm.bias from pretrained state dict
[2026-01-22 10:26:21,368][MedImageInsight.ImageEncoder.davit_v1][INFO] - => init blocks.2.1.spatial_block.window_attn.norm.weight from pretrained state dict
[2026-01-22 10:26:21,368][MedImageInsight.ImageEncoder.davit_v1][INFO] - => init blocks.2.2.channel_block.channel_attn.fn.proj.bias from pretrained state dict
[2026-01-22 10:26:21,368][MedImageInsight.ImageEncoder.davit_v1][INFO] - => init blocks.2.2.channel_block.channel_attn.fn.proj.weight from pretrained state dict
[2026-01-22 10:26:21,368][MedImageInsight.ImageEncoder.davit_v1][INFO] - => init blocks.2.2.channel_block.channel_attn.fn.qkv.bias from pretrained state dict
[2026-01-22 10:26:21,368][MedImageInsight.ImageEncoder.davit_v1][INFO] - => init blocks.2.2.channel_block.channel_attn.fn.qkv.weight from pretrained state dict
[2026-01-22 10:26:21,368][MedImageInsight.ImageEncoder.davit_v1][INFO] - => init blocks.2.2.channel_block.channel_attn.norm.bias from pretrained state dict
[2026-01-22 10:26:21,368][MedImageInsight.ImageEncoder.davit_v1][INFO] - => init blocks.2.2.channel_block.channel_attn.norm.weight from pretrained state dict
[2026-01-22 10:26:21,368][MedImageInsight.ImageEncoder.davit_v1][INFO] - => init blocks.2.2.channel_block.conv1.fn.dw.bias from pretrained state dict
[2026-01-22 10:26:21,368][MedImageInsight.ImageEncoder.davit_v1][INFO] - => init blocks.2.2.channel_block.conv1.fn.dw.weight from pretrained state dict
[2026-01-22 10:26:21,368][MedImageInsight.ImageEncoder.davit_v1][INFO] - => init blocks.2.2.channel_block.conv2.fn.dw.bias from pretrained state dict
[2026-01-22 10:26:21,368][MedImageInsight.ImageEncoder.davit_v1][INFO] - => init blocks.2.2.channel_block.conv2.fn.dw.weight from pretrained state dict
[2026-01-22 10:26:21,368][MedImageInsight.ImageEncoder.davit_v1][INFO] - => init blocks.2.2.channel_block.ffn.fn.net.fc1.bias from pretrained state dict
[2026-01-22 10:26:21,368][MedImageInsight.ImageEncoder.davit_v1][INFO] - => init blocks.2.2.channel_block.ffn.fn.net.fc1.weight from pretrained state dict
[2026-01-22 10:26:21,368][MedImageInsight.ImageEncoder.davit_v1][INFO] - => init blocks.2.2.channel_block.ffn.fn.net.fc2.bias from pretrained state dict
[2026-01-22 10:26:21,368][MedImageInsight.ImageEncoder.davit_v1][INFO] - => init blocks.2.2.channel_block.ffn.fn.net.fc2.weight from pretrained state dict
[2026-01-22 10:26:21,368][MedImageInsight.ImageEncoder.davit_v1][INFO] - => init blocks.2.2.channel_block.ffn.norm.bias from pretrained state dict
[2026-01-22 10:26:21,368][MedImageInsight.ImageEncoder.davit_v1][INFO] - => init blocks.2.2.channel_block.ffn.norm.weight from pretrained state dict
[2026-01-22 10:26:21,368][MedImageInsight.ImageEncoder.davit_v1][INFO] - => init blocks.2.2.spatial_block.conv1.fn.dw.bias from pretrained state dict
[2026-01-22 10:26:21,368][MedImageInsight.ImageEncoder.davit_v1][INFO] - => init blocks.2.2.spatial_block.conv1.fn.dw.weight from pretrained state dict
[2026-01-22 10:26:21,368][MedImageInsight.ImageEncoder.davit_v1][INFO] - => init blocks.2.2.spatial_block.conv2.fn.dw.bias from pretrained state dict
[2026-01-22 10:26:21,368][MedImageInsight.ImageEncoder.davit_v1][INFO] - => init blocks.2.2.spatial_block.conv2.fn.dw.weight from pretrained state dict
[2026-01-22 10:26:21,368][MedImageInsight.ImageEncoder.davit_v1][INFO] - => init blocks.2.2.spatial_block.ffn.fn.net.fc1.bias from pretrained state dict
[2026-01-22 10:26:21,368][MedImageInsight.ImageEncoder.davit_v1][INFO] - => init blocks.2.2.spatial_block.ffn.fn.net.fc1.weight from pretrained state dict
[2026-01-22 10:26:21,368][MedImageInsight.ImageEncoder.davit_v1][INFO] - => init blocks.2.2.spatial_block.ffn.fn.net.fc2.bias from pretrained state dict
[2026-01-22 10:26:21,369][MedImageInsight.ImageEncoder.davit_v1][INFO] - => init blocks.2.2.spatial_block.ffn.fn.net.fc2.weight from pretrained state dict
[2026-01-22 10:26:21,369][MedImageInsight.ImageEncoder.davit_v1][INFO] - => init blocks.2.2.spatial_block.ffn.norm.bias from pretrained state dict
[2026-01-22 10:26:21,369][MedImageInsight.ImageEncoder.davit_v1][INFO] - => init blocks.2.2.spatial_block.ffn.norm.weight from pretrained state dict
[2026-01-22 10:26:21,369][MedImageInsight.ImageEncoder.davit_v1][INFO] - => init blocks.2.2.spatial_block.window_attn.fn.proj.bias from pretrained state dict
[2026-01-22 10:26:21,369][MedImageInsight.ImageEncoder.davit_v1][INFO] - => init blocks.2.2.spatial_block.window_attn.fn.proj.weight from pretrained state dict
[2026-01-22 10:26:21,369][MedImageInsight.ImageEncoder.davit_v1][INFO] - => init blocks.2.2.spatial_block.window_attn.fn.qkv.bias from pretrained state dict
[2026-01-22 10:26:21,369][MedImageInsight.ImageEncoder.davit_v1][INFO] - => init blocks.2.2.spatial_block.window_attn.fn.qkv.weight from pretrained state dict
[2026-01-22 10:26:21,369][MedImageInsight.ImageEncoder.davit_v1][INFO] - => init blocks.2.2.spatial_block.window_attn.norm.bias from pretrained state dict
[2026-01-22 10:26:21,369][MedImageInsight.ImageEncoder.davit_v1][INFO] - => init blocks.2.2.spatial_block.window_attn.norm.weight from pretrained state dict
[2026-01-22 10:26:21,369][MedImageInsight.ImageEncoder.davit_v1][INFO] - => init blocks.2.3.channel_block.channel_attn.fn.proj.bias from pretrained state dict
[2026-01-22 10:26:21,369][MedImageInsight.ImageEncoder.davit_v1][INFO] - => init blocks.2.3.channel_block.channel_attn.fn.proj.weight from pretrained state dict
[2026-01-22 10:26:21,369][MedImageInsight.ImageEncoder.davit_v1][INFO] - => init blocks.2.3.channel_block.channel_attn.fn.qkv.bias from pretrained state dict
[2026-01-22 10:26:21,369][MedImageInsight.ImageEncoder.davit_v1][INFO] - => init blocks.2.3.channel_block.channel_attn.fn.qkv.weight from pretrained state dict
[2026-01-22 10:26:21,369][MedImageInsight.ImageEncoder.davit_v1][INFO] - => init blocks.2.3.channel_block.channel_attn.norm.bias from pretrained state dict
[2026-01-22 10:26:21,369][MedImageInsight.ImageEncoder.davit_v1][INFO] - => init blocks.2.3.channel_block.channel_attn.norm.weight from pretrained state dict
[2026-01-22 10:26:21,369][MedImageInsight.ImageEncoder.davit_v1][INFO] - => init blocks.2.3.channel_block.conv1.fn.dw.bias from pretrained state dict
[2026-01-22 10:26:21,369][MedImageInsight.ImageEncoder.davit_v1][INFO] - => init blocks.2.3.channel_block.conv1.fn.dw.weight from pretrained state dict
[2026-01-22 10:26:21,369][MedImageInsight.ImageEncoder.davit_v1][INFO] - => init blocks.2.3.channel_block.conv2.fn.dw.bias from pretrained state dict
[2026-01-22 10:26:21,369][MedImageInsight.ImageEncoder.davit_v1][INFO] - => init blocks.2.3.channel_block.conv2.fn.dw.weight from pretrained state dict
[2026-01-22 10:26:21,369][MedImageInsight.ImageEncoder.davit_v1][INFO] - => init blocks.2.3.channel_block.ffn.fn.net.fc1.bias from pretrained state dict
[2026-01-22 10:26:21,369][MedImageInsight.ImageEncoder.davit_v1][INFO] - => init blocks.2.3.channel_block.ffn.fn.net.fc1.weight from pretrained state dict
[2026-01-22 10:26:21,369][MedImageInsight.ImageEncoder.davit_v1][INFO] - => init blocks.2.3.channel_block.ffn.fn.net.fc2.bias from pretrained state dict
[2026-01-22 10:26:21,369][MedImageInsight.ImageEncoder.davit_v1][INFO] - => init blocks.2.3.channel_block.ffn.fn.net.fc2.weight from pretrained state dict
[2026-01-22 10:26:21,369][MedImageInsight.ImageEncoder.davit_v1][INFO] - => init blocks.2.3.channel_block.ffn.norm.bias from pretrained state dict
[2026-01-22 10:26:21,369][MedImageInsight.ImageEncoder.davit_v1][INFO] - => init blocks.2.3.channel_block.ffn.norm.weight from pretrained state dict
[2026-01-22 10:26:21,369][MedImageInsight.ImageEncoder.davit_v1][INFO] - => init blocks.2.3.spatial_block.conv1.fn.dw.bias from pretrained state dict
[2026-01-22 10:26:21,369][MedImageInsight.ImageEncoder.davit_v1][INFO] - => init blocks.2.3.spatial_block.conv1.fn.dw.weight from pretrained state dict
[2026-01-22 10:26:21,369][MedImageInsight.ImageEncoder.davit_v1][INFO] - => init blocks.2.3.spatial_block.conv2.fn.dw.bias from pretrained state dict
[2026-01-22 10:26:21,369][MedImageInsight.ImageEncoder.davit_v1][INFO] - => init blocks.2.3.spatial_block.conv2.fn.dw.weight from pretrained state dict
[2026-01-22 10:26:21,369][MedImageInsight.ImageEncoder.davit_v1][INFO] - => init blocks.2.3.spatial_block.ffn.fn.net.fc1.bias from pretrained state dict
[2026-01-22 10:26:21,369][MedImageInsight.ImageEncoder.davit_v1][INFO] - => init blocks.2.3.spatial_block.ffn.fn.net.fc1.weight from pretrained state dict
[2026-01-22 10:26:21,369][MedImageInsight.ImageEncoder.davit_v1][INFO] - => init blocks.2.3.spatial_block.ffn.fn.net.fc2.bias from pretrained state dict
[2026-01-22 10:26:21,369][MedImageInsight.ImageEncoder.davit_v1][INFO] - => init blocks.2.3.spatial_block.ffn.fn.net.fc2.weight from pretrained state dict
[2026-01-22 10:26:21,369][MedImageInsight.ImageEncoder.davit_v1][INFO] - => init blocks.2.3.spatial_block.ffn.norm.bias from pretrained state dict
[2026-01-22 10:26:21,369][MedImageInsight.ImageEncoder.davit_v1][INFO] - => init blocks.2.3.spatial_block.ffn.norm.weight from pretrained state dict
[2026-01-22 10:26:21,369][MedImageInsight.ImageEncoder.davit_v1][INFO] - => init blocks.2.3.spatial_block.window_attn.fn.proj.bias from pretrained state dict
[2026-01-22 10:26:21,369][MedImageInsight.ImageEncoder.davit_v1][INFO] - => init blocks.2.3.spatial_block.window_attn.fn.proj.weight from pretrained state dict
[2026-01-22 10:26:21,369][MedImageInsight.ImageEncoder.davit_v1][INFO] - => init blocks.2.3.spatial_block.window_attn.fn.qkv.bias from pretrained state dict
[2026-01-22 10:26:21,369][MedImageInsight.ImageEncoder.davit_v1][INFO] - => init blocks.2.3.spatial_block.window_attn.fn.qkv.weight from pretrained state dict
[2026-01-22 10:26:21,369][MedImageInsight.ImageEncoder.davit_v1][INFO] - => init blocks.2.3.spatial_block.window_attn.norm.bias from pretrained state dict
[2026-01-22 10:26:21,369][MedImageInsight.ImageEncoder.davit_v1][INFO] - => init blocks.2.3.spatial_block.window_attn.norm.weight from pretrained state dict
[2026-01-22 10:26:21,369][MedImageInsight.ImageEncoder.davit_v1][INFO] - => init blocks.2.4.channel_block.channel_attn.fn.proj.bias from pretrained state dict
[2026-01-22 10:26:21,369][MedImageInsight.ImageEncoder.davit_v1][INFO] - => init blocks.2.4.channel_block.channel_attn.fn.proj.weight from pretrained state dict
[2026-01-22 10:26:21,369][MedImageInsight.ImageEncoder.davit_v1][INFO] - => init blocks.2.4.channel_block.channel_attn.fn.qkv.bias from pretrained state dict
[2026-01-22 10:26:21,369][MedImageInsight.ImageEncoder.davit_v1][INFO] - => init blocks.2.4.channel_block.channel_attn.fn.qkv.weight from pretrained state dict
[2026-01-22 10:26:21,369][MedImageInsight.ImageEncoder.davit_v1][INFO] - => init blocks.2.4.channel_block.channel_attn.norm.bias from pretrained state dict
[2026-01-22 10:26:21,369][MedImageInsight.ImageEncoder.davit_v1][INFO] - => init blocks.2.4.channel_block.channel_attn.norm.weight from pretrained state dict
[2026-01-22 10:26:21,369][MedImageInsight.ImageEncoder.davit_v1][INFO] - => init blocks.2.4.channel_block.conv1.fn.dw.bias from pretrained state dict
[2026-01-22 10:26:21,369][MedImageInsight.ImageEncoder.davit_v1][INFO] - => init blocks.2.4.channel_block.conv1.fn.dw.weight from pretrained state dict
[2026-01-22 10:26:21,369][MedImageInsight.ImageEncoder.davit_v1][INFO] - => init blocks.2.4.channel_block.conv2.fn.dw.bias from pretrained state dict
[2026-01-22 10:26:21,369][MedImageInsight.ImageEncoder.davit_v1][INFO] - => init blocks.2.4.channel_block.conv2.fn.dw.weight from pretrained state dict
[2026-01-22 10:26:21,369][MedImageInsight.ImageEncoder.davit_v1][INFO] - => init blocks.2.4.channel_block.ffn.fn.net.fc1.bias from pretrained state dict
[2026-01-22 10:26:21,369][MedImageInsight.ImageEncoder.davit_v1][INFO] - => init blocks.2.4.channel_block.ffn.fn.net.fc1.weight from pretrained state dict
[2026-01-22 10:26:21,369][MedImageInsight.ImageEncoder.davit_v1][INFO] - => init blocks.2.4.channel_block.ffn.fn.net.fc2.bias from pretrained state dict
[2026-01-22 10:26:21,369][MedImageInsight.ImageEncoder.davit_v1][INFO] - => init blocks.2.4.channel_block.ffn.fn.net.fc2.weight from pretrained state dict
[2026-01-22 10:26:21,369][MedImageInsight.ImageEncoder.davit_v1][INFO] - => init blocks.2.4.channel_block.ffn.norm.bias from pretrained state dict
[2026-01-22 10:26:21,369][MedImageInsight.ImageEncoder.davit_v1][INFO] - => init blocks.2.4.channel_block.ffn.norm.weight from pretrained state dict
[2026-01-22 10:26:21,369][MedImageInsight.ImageEncoder.davit_v1][INFO] - => init blocks.2.4.spatial_block.conv1.fn.dw.bias from pretrained state dict
[2026-01-22 10:26:21,369][MedImageInsight.ImageEncoder.davit_v1][INFO] - => init blocks.2.4.spatial_block.conv1.fn.dw.weight from pretrained state dict
[2026-01-22 10:26:21,369][MedImageInsight.ImageEncoder.davit_v1][INFO] - => init blocks.2.4.spatial_block.conv2.fn.dw.bias from pretrained state dict
[2026-01-22 10:26:21,370][MedImageInsight.ImageEncoder.davit_v1][INFO] - => init blocks.2.4.spatial_block.conv2.fn.dw.weight from pretrained state dict
[2026-01-22 10:26:21,370][MedImageInsight.ImageEncoder.davit_v1][INFO] - => init blocks.2.4.spatial_block.ffn.fn.net.fc1.bias from pretrained state dict
[2026-01-22 10:26:21,370][MedImageInsight.ImageEncoder.davit_v1][INFO] - => init blocks.2.4.spatial_block.ffn.fn.net.fc1.weight from pretrained state dict
[2026-01-22 10:26:21,370][MedImageInsight.ImageEncoder.davit_v1][INFO] - => init blocks.2.4.spatial_block.ffn.fn.net.fc2.bias from pretrained state dict
[2026-01-22 10:26:21,370][MedImageInsight.ImageEncoder.davit_v1][INFO] - => init blocks.2.4.spatial_block.ffn.fn.net.fc2.weight from pretrained state dict
[2026-01-22 10:26:21,370][MedImageInsight.ImageEncoder.davit_v1][INFO] - => init blocks.2.4.spatial_block.ffn.norm.bias from pretrained state dict
[2026-01-22 10:26:21,370][MedImageInsight.ImageEncoder.davit_v1][INFO] - => init blocks.2.4.spatial_block.ffn.norm.weight from pretrained state dict
[2026-01-22 10:26:21,370][MedImageInsight.ImageEncoder.davit_v1][INFO] - => init blocks.2.4.spatial_block.window_attn.fn.proj.bias from pretrained state dict
[2026-01-22 10:26:21,370][MedImageInsight.ImageEncoder.davit_v1][INFO] - => init blocks.2.4.spatial_block.window_attn.fn.proj.weight from pretrained state dict
[2026-01-22 10:26:21,370][MedImageInsight.ImageEncoder.davit_v1][INFO] - => init blocks.2.4.spatial_block.window_attn.fn.qkv.bias from pretrained state dict
[2026-01-22 10:26:21,370][MedImageInsight.ImageEncoder.davit_v1][INFO] - => init blocks.2.4.spatial_block.window_attn.fn.qkv.weight from pretrained state dict
[2026-01-22 10:26:21,370][MedImageInsight.ImageEncoder.davit_v1][INFO] - => init blocks.2.4.spatial_block.window_attn.norm.bias from pretrained state dict
[2026-01-22 10:26:21,370][MedImageInsight.ImageEncoder.davit_v1][INFO] - => init blocks.2.4.spatial_block.window_attn.norm.weight from pretrained state dict
[2026-01-22 10:26:21,370][MedImageInsight.ImageEncoder.davit_v1][INFO] - => init blocks.2.5.channel_block.channel_attn.fn.proj.bias from pretrained state dict
[2026-01-22 10:26:21,370][MedImageInsight.ImageEncoder.davit_v1][INFO] - => init blocks.2.5.channel_block.channel_attn.fn.proj.weight from pretrained state dict
[2026-01-22 10:26:21,370][MedImageInsight.ImageEncoder.davit_v1][INFO] - => init blocks.2.5.channel_block.channel_attn.fn.qkv.bias from pretrained state dict
[2026-01-22 10:26:21,370][MedImageInsight.ImageEncoder.davit_v1][INFO] - => init blocks.2.5.channel_block.channel_attn.fn.qkv.weight from pretrained state dict
[2026-01-22 10:26:21,370][MedImageInsight.ImageEncoder.davit_v1][INFO] - => init blocks.2.5.channel_block.channel_attn.norm.bias from pretrained state dict
[2026-01-22 10:26:21,370][MedImageInsight.ImageEncoder.davit_v1][INFO] - => init blocks.2.5.channel_block.channel_attn.norm.weight from pretrained state dict
[2026-01-22 10:26:21,370][MedImageInsight.ImageEncoder.davit_v1][INFO] - => init blocks.2.5.channel_block.conv1.fn.dw.bias from pretrained state dict
[2026-01-22 10:26:21,370][MedImageInsight.ImageEncoder.davit_v1][INFO] - => init blocks.2.5.channel_block.conv1.fn.dw.weight from pretrained state dict
[2026-01-22 10:26:21,370][MedImageInsight.ImageEncoder.davit_v1][INFO] - => init blocks.2.5.channel_block.conv2.fn.dw.bias from pretrained state dict
[2026-01-22 10:26:21,370][MedImageInsight.ImageEncoder.davit_v1][INFO] - => init blocks.2.5.channel_block.conv2.fn.dw.weight from pretrained state dict
[2026-01-22 10:26:21,370][MedImageInsight.ImageEncoder.davit_v1][INFO] - => init blocks.2.5.channel_block.ffn.fn.net.fc1.bias from pretrained state dict
[2026-01-22 10:26:21,370][MedImageInsight.ImageEncoder.davit_v1][INFO] - => init blocks.2.5.channel_block.ffn.fn.net.fc1.weight from pretrained state dict
[2026-01-22 10:26:21,370][MedImageInsight.ImageEncoder.davit_v1][INFO] - => init blocks.2.5.channel_block.ffn.fn.net.fc2.bias from pretrained state dict
[2026-01-22 10:26:21,370][MedImageInsight.ImageEncoder.davit_v1][INFO] - => init blocks.2.5.channel_block.ffn.fn.net.fc2.weight from pretrained state dict
[2026-01-22 10:26:21,370][MedImageInsight.ImageEncoder.davit_v1][INFO] - => init blocks.2.5.channel_block.ffn.norm.bias from pretrained state dict
[2026-01-22 10:26:21,370][MedImageInsight.ImageEncoder.davit_v1][INFO] - => init blocks.2.5.channel_block.ffn.norm.weight from pretrained state dict
[2026-01-22 10:26:21,370][MedImageInsight.ImageEncoder.davit_v1][INFO] - => init blocks.2.5.spatial_block.conv1.fn.dw.bias from pretrained state dict
[2026-01-22 10:26:21,370][MedImageInsight.ImageEncoder.davit_v1][INFO] - => init blocks.2.5.spatial_block.conv1.fn.dw.weight from pretrained state dict
[2026-01-22 10:26:21,370][MedImageInsight.ImageEncoder.davit_v1][INFO] - => init blocks.2.5.spatial_block.conv2.fn.dw.bias from pretrained state dict
[2026-01-22 10:26:21,370][MedImageInsight.ImageEncoder.davit_v1][INFO] - => init blocks.2.5.spatial_block.conv2.fn.dw.weight from pretrained state dict
[2026-01-22 10:26:21,370][MedImageInsight.ImageEncoder.davit_v1][INFO] - => init blocks.2.5.spatial_block.ffn.fn.net.fc1.bias from pretrained state dict
[2026-01-22 10:26:21,370][MedImageInsight.ImageEncoder.davit_v1][INFO] - => init blocks.2.5.spatial_block.ffn.fn.net.fc1.weight from pretrained state dict
[2026-01-22 10:26:21,370][MedImageInsight.ImageEncoder.davit_v1][INFO] - => init blocks.2.5.spatial_block.ffn.fn.net.fc2.bias from pretrained state dict
[2026-01-22 10:26:21,370][MedImageInsight.ImageEncoder.davit_v1][INFO] - => init blocks.2.5.spatial_block.ffn.fn.net.fc2.weight from pretrained state dict
[2026-01-22 10:26:21,370][MedImageInsight.ImageEncoder.davit_v1][INFO] - => init blocks.2.5.spatial_block.ffn.norm.bias from pretrained state dict
[2026-01-22 10:26:21,370][MedImageInsight.ImageEncoder.davit_v1][INFO] - => init blocks.2.5.spatial_block.ffn.norm.weight from pretrained state dict
[2026-01-22 10:26:21,370][MedImageInsight.ImageEncoder.davit_v1][INFO] - => init blocks.2.5.spatial_block.window_attn.fn.proj.bias from pretrained state dict
[2026-01-22 10:26:21,370][MedImageInsight.ImageEncoder.davit_v1][INFO] - => init blocks.2.5.spatial_block.window_attn.fn.proj.weight from pretrained state dict
[2026-01-22 10:26:21,370][MedImageInsight.ImageEncoder.davit_v1][INFO] - => init blocks.2.5.spatial_block.window_attn.fn.qkv.bias from pretrained state dict
[2026-01-22 10:26:21,370][MedImageInsight.ImageEncoder.davit_v1][INFO] - => init blocks.2.5.spatial_block.window_attn.fn.qkv.weight from pretrained state dict
[2026-01-22 10:26:21,370][MedImageInsight.ImageEncoder.davit_v1][INFO] - => init blocks.2.5.spatial_block.window_attn.norm.bias from pretrained state dict
[2026-01-22 10:26:21,370][MedImageInsight.ImageEncoder.davit_v1][INFO] - => init blocks.2.5.spatial_block.window_attn.norm.weight from pretrained state dict
[2026-01-22 10:26:21,370][MedImageInsight.ImageEncoder.davit_v1][INFO] - => init blocks.2.6.channel_block.channel_attn.fn.proj.bias from pretrained state dict
[2026-01-22 10:26:21,370][MedImageInsight.ImageEncoder.davit_v1][INFO] - => init blocks.2.6.channel_block.channel_attn.fn.proj.weight from pretrained state dict
[2026-01-22 10:26:21,370][MedImageInsight.ImageEncoder.davit_v1][INFO] - => init blocks.2.6.channel_block.channel_attn.fn.qkv.bias from pretrained state dict
[2026-01-22 10:26:21,370][MedImageInsight.ImageEncoder.davit_v1][INFO] - => init blocks.2.6.channel_block.channel_attn.fn.qkv.weight from pretrained state dict
[2026-01-22 10:26:21,370][MedImageInsight.ImageEncoder.davit_v1][INFO] - => init blocks.2.6.channel_block.channel_attn.norm.bias from pretrained state dict
[2026-01-22 10:26:21,370][MedImageInsight.ImageEncoder.davit_v1][INFO] - => init blocks.2.6.channel_block.channel_attn.norm.weight from pretrained state dict
[2026-01-22 10:26:21,370][MedImageInsight.ImageEncoder.davit_v1][INFO] - => init blocks.2.6.channel_block.conv1.fn.dw.bias from pretrained state dict
[2026-01-22 10:26:21,370][MedImageInsight.ImageEncoder.davit_v1][INFO] - => init blocks.2.6.channel_block.conv1.fn.dw.weight from pretrained state dict
[2026-01-22 10:26:21,370][MedImageInsight.ImageEncoder.davit_v1][INFO] - => init blocks.2.6.channel_block.conv2.fn.dw.bias from pretrained state dict
[2026-01-22 10:26:21,370][MedImageInsight.ImageEncoder.davit_v1][INFO] - => init blocks.2.6.channel_block.conv2.fn.dw.weight from pretrained state dict
[2026-01-22 10:26:21,370][MedImageInsight.ImageEncoder.davit_v1][INFO] - => init blocks.2.6.channel_block.ffn.fn.net.fc1.bias from pretrained state dict
[2026-01-22 10:26:21,370][MedImageInsight.ImageEncoder.davit_v1][INFO] - => init blocks.2.6.channel_block.ffn.fn.net.fc1.weight from pretrained state dict
[2026-01-22 10:26:21,370][MedImageInsight.ImageEncoder.davit_v1][INFO] - => init blocks.2.6.channel_block.ffn.fn.net.fc2.bias from pretrained state dict
[2026-01-22 10:26:21,370][MedImageInsight.ImageEncoder.davit_v1][INFO] - => init blocks.2.6.channel_block.ffn.fn.net.fc2.weight from pretrained state dict
[2026-01-22 10:26:21,371][MedImageInsight.ImageEncoder.davit_v1][INFO] - => init blocks.2.6.channel_block.ffn.norm.bias from pretrained state dict
[2026-01-22 10:26:21,371][MedImageInsight.ImageEncoder.davit_v1][INFO] - => init blocks.2.6.channel_block.ffn.norm.weight from pretrained state dict
[2026-01-22 10:26:21,371][MedImageInsight.ImageEncoder.davit_v1][INFO] - => init blocks.2.6.spatial_block.conv1.fn.dw.bias from pretrained state dict
[2026-01-22 10:26:21,371][MedImageInsight.ImageEncoder.davit_v1][INFO] - => init blocks.2.6.spatial_block.conv1.fn.dw.weight from pretrained state dict
[2026-01-22 10:26:21,371][MedImageInsight.ImageEncoder.davit_v1][INFO] - => init blocks.2.6.spatial_block.conv2.fn.dw.bias from pretrained state dict
[2026-01-22 10:26:21,371][MedImageInsight.ImageEncoder.davit_v1][INFO] - => init blocks.2.6.spatial_block.conv2.fn.dw.weight from pretrained state dict
[2026-01-22 10:26:21,371][MedImageInsight.ImageEncoder.davit_v1][INFO] - => init blocks.2.6.spatial_block.ffn.fn.net.fc1.bias from pretrained state dict
[2026-01-22 10:26:21,371][MedImageInsight.ImageEncoder.davit_v1][INFO] - => init blocks.2.6.spatial_block.ffn.fn.net.fc1.weight from pretrained state dict
[2026-01-22 10:26:21,371][MedImageInsight.ImageEncoder.davit_v1][INFO] - => init blocks.2.6.spatial_block.ffn.fn.net.fc2.bias from pretrained state dict
[2026-01-22 10:26:21,371][MedImageInsight.ImageEncoder.davit_v1][INFO] - => init blocks.2.6.spatial_block.ffn.fn.net.fc2.weight from pretrained state dict
[2026-01-22 10:26:21,371][MedImageInsight.ImageEncoder.davit_v1][INFO] - => init blocks.2.6.spatial_block.ffn.norm.bias from pretrained state dict
[2026-01-22 10:26:21,371][MedImageInsight.ImageEncoder.davit_v1][INFO] - => init blocks.2.6.spatial_block.ffn.norm.weight from pretrained state dict
[2026-01-22 10:26:21,371][MedImageInsight.ImageEncoder.davit_v1][INFO] - => init blocks.2.6.spatial_block.window_attn.fn.proj.bias from pretrained state dict
[2026-01-22 10:26:21,371][MedImageInsight.ImageEncoder.davit_v1][INFO] - => init blocks.2.6.spatial_block.window_attn.fn.proj.weight from pretrained state dict
[2026-01-22 10:26:21,371][MedImageInsight.ImageEncoder.davit_v1][INFO] - => init blocks.2.6.spatial_block.window_attn.fn.qkv.bias from pretrained state dict
[2026-01-22 10:26:21,371][MedImageInsight.ImageEncoder.davit_v1][INFO] - => init blocks.2.6.spatial_block.window_attn.fn.qkv.weight from pretrained state dict
[2026-01-22 10:26:21,371][MedImageInsight.ImageEncoder.davit_v1][INFO] - => init blocks.2.6.spatial_block.window_attn.norm.bias from pretrained state dict
[2026-01-22 10:26:21,371][MedImageInsight.ImageEncoder.davit_v1][INFO] - => init blocks.2.6.spatial_block.window_attn.norm.weight from pretrained state dict
[2026-01-22 10:26:21,371][MedImageInsight.ImageEncoder.davit_v1][INFO] - => init blocks.2.7.channel_block.channel_attn.fn.proj.bias from pretrained state dict
[2026-01-22 10:26:21,371][MedImageInsight.ImageEncoder.davit_v1][INFO] - => init blocks.2.7.channel_block.channel_attn.fn.proj.weight from pretrained state dict
[2026-01-22 10:26:21,371][MedImageInsight.ImageEncoder.davit_v1][INFO] - => init blocks.2.7.channel_block.channel_attn.fn.qkv.bias from pretrained state dict
[2026-01-22 10:26:21,371][MedImageInsight.ImageEncoder.davit_v1][INFO] - => init blocks.2.7.channel_block.channel_attn.fn.qkv.weight from pretrained state dict
[2026-01-22 10:26:21,371][MedImageInsight.ImageEncoder.davit_v1][INFO] - => init blocks.2.7.channel_block.channel_attn.norm.bias from pretrained state dict
[2026-01-22 10:26:21,371][MedImageInsight.ImageEncoder.davit_v1][INFO] - => init blocks.2.7.channel_block.channel_attn.norm.weight from pretrained state dict
[2026-01-22 10:26:21,371][MedImageInsight.ImageEncoder.davit_v1][INFO] - => init blocks.2.7.channel_block.conv1.fn.dw.bias from pretrained state dict
[2026-01-22 10:26:21,371][MedImageInsight.ImageEncoder.davit_v1][INFO] - => init blocks.2.7.channel_block.conv1.fn.dw.weight from pretrained state dict
[2026-01-22 10:26:21,371][MedImageInsight.ImageEncoder.davit_v1][INFO] - => init blocks.2.7.channel_block.conv2.fn.dw.bias from pretrained state dict
[2026-01-22 10:26:21,371][MedImageInsight.ImageEncoder.davit_v1][INFO] - => init blocks.2.7.channel_block.conv2.fn.dw.weight from pretrained state dict
[2026-01-22 10:26:21,371][MedImageInsight.ImageEncoder.davit_v1][INFO] - => init blocks.2.7.channel_block.ffn.fn.net.fc1.bias from pretrained state dict
[2026-01-22 10:26:21,371][MedImageInsight.ImageEncoder.davit_v1][INFO] - => init blocks.2.7.channel_block.ffn.fn.net.fc1.weight from pretrained state dict
[2026-01-22 10:26:21,371][MedImageInsight.ImageEncoder.davit_v1][INFO] - => init blocks.2.7.channel_block.ffn.fn.net.fc2.bias from pretrained state dict
[2026-01-22 10:26:21,371][MedImageInsight.ImageEncoder.davit_v1][INFO] - => init blocks.2.7.channel_block.ffn.fn.net.fc2.weight from pretrained state dict
[2026-01-22 10:26:21,371][MedImageInsight.ImageEncoder.davit_v1][INFO] - => init blocks.2.7.channel_block.ffn.norm.bias from pretrained state dict
[2026-01-22 10:26:21,371][MedImageInsight.ImageEncoder.davit_v1][INFO] - => init blocks.2.7.channel_block.ffn.norm.weight from pretrained state dict
[2026-01-22 10:26:21,371][MedImageInsight.ImageEncoder.davit_v1][INFO] - => init blocks.2.7.spatial_block.conv1.fn.dw.bias from pretrained state dict
[2026-01-22 10:26:21,371][MedImageInsight.ImageEncoder.davit_v1][INFO] - => init blocks.2.7.spatial_block.conv1.fn.dw.weight from pretrained state dict
[2026-01-22 10:26:21,371][MedImageInsight.ImageEncoder.davit_v1][INFO] - => init blocks.2.7.spatial_block.conv2.fn.dw.bias from pretrained state dict
[2026-01-22 10:26:21,371][MedImageInsight.ImageEncoder.davit_v1][INFO] - => init blocks.2.7.spatial_block.conv2.fn.dw.weight from pretrained state dict
[2026-01-22 10:26:21,371][MedImageInsight.ImageEncoder.davit_v1][INFO] - => init blocks.2.7.spatial_block.ffn.fn.net.fc1.bias from pretrained state dict
[2026-01-22 10:26:21,371][MedImageInsight.ImageEncoder.davit_v1][INFO] - => init blocks.2.7.spatial_block.ffn.fn.net.fc1.weight from pretrained state dict
[2026-01-22 10:26:21,371][MedImageInsight.ImageEncoder.davit_v1][INFO] - => init blocks.2.7.spatial_block.ffn.fn.net.fc2.bias from pretrained state dict
[2026-01-22 10:26:21,371][MedImageInsight.ImageEncoder.davit_v1][INFO] - => init blocks.2.7.spatial_block.ffn.fn.net.fc2.weight from pretrained state dict
[2026-01-22 10:26:21,371][MedImageInsight.ImageEncoder.davit_v1][INFO] - => init blocks.2.7.spatial_block.ffn.norm.bias from pretrained state dict
[2026-01-22 10:26:21,371][MedImageInsight.ImageEncoder.davit_v1][INFO] - => init blocks.2.7.spatial_block.ffn.norm.weight from pretrained state dict
[2026-01-22 10:26:21,371][MedImageInsight.ImageEncoder.davit_v1][INFO] - => init blocks.2.7.spatial_block.window_attn.fn.proj.bias from pretrained state dict
[2026-01-22 10:26:21,371][MedImageInsight.ImageEncoder.davit_v1][INFO] - => init blocks.2.7.spatial_block.window_attn.fn.proj.weight from pretrained state dict
[2026-01-22 10:26:21,371][MedImageInsight.ImageEncoder.davit_v1][INFO] - => init blocks.2.7.spatial_block.window_attn.fn.qkv.bias from pretrained state dict
[2026-01-22 10:26:21,371][MedImageInsight.ImageEncoder.davit_v1][INFO] - => init blocks.2.7.spatial_block.window_attn.fn.qkv.weight from pretrained state dict
[2026-01-22 10:26:21,371][MedImageInsight.ImageEncoder.davit_v1][INFO] - => init blocks.2.7.spatial_block.window_attn.norm.bias from pretrained state dict
[2026-01-22 10:26:21,371][MedImageInsight.ImageEncoder.davit_v1][INFO] - => init blocks.2.7.spatial_block.window_attn.norm.weight from pretrained state dict
[2026-01-22 10:26:21,371][MedImageInsight.ImageEncoder.davit_v1][INFO] - => init blocks.2.8.channel_block.channel_attn.fn.proj.bias from pretrained state dict
[2026-01-22 10:26:21,371][MedImageInsight.ImageEncoder.davit_v1][INFO] - => init blocks.2.8.channel_block.channel_attn.fn.proj.weight from pretrained state dict
[2026-01-22 10:26:21,371][MedImageInsight.ImageEncoder.davit_v1][INFO] - => init blocks.2.8.channel_block.channel_attn.fn.qkv.bias from pretrained state dict
[2026-01-22 10:26:21,371][MedImageInsight.ImageEncoder.davit_v1][INFO] - => init blocks.2.8.channel_block.channel_attn.fn.qkv.weight from pretrained state dict
[2026-01-22 10:26:21,371][MedImageInsight.ImageEncoder.davit_v1][INFO] - => init blocks.2.8.channel_block.channel_attn.norm.bias from pretrained state dict
[2026-01-22 10:26:21,371][MedImageInsight.ImageEncoder.davit_v1][INFO] - => init blocks.2.8.channel_block.channel_attn.norm.weight from pretrained state dict
[2026-01-22 10:26:21,371][MedImageInsight.ImageEncoder.davit_v1][INFO] - => init blocks.2.8.channel_block.conv1.fn.dw.bias from pretrained state dict
[2026-01-22 10:26:21,371][MedImageInsight.ImageEncoder.davit_v1][INFO] - => init blocks.2.8.channel_block.conv1.fn.dw.weight from pretrained state dict
[2026-01-22 10:26:21,371][MedImageInsight.ImageEncoder.davit_v1][INFO] - => init blocks.2.8.channel_block.conv2.fn.dw.bias from pretrained state dict
[2026-01-22 10:26:21,371][MedImageInsight.ImageEncoder.davit_v1][INFO] - => init blocks.2.8.channel_block.conv2.fn.dw.weight from pretrained state dict
[2026-01-22 10:26:21,372][MedImageInsight.ImageEncoder.davit_v1][INFO] - => init blocks.2.8.channel_block.ffn.fn.net.fc1.bias from pretrained state dict
[2026-01-22 10:26:21,372][MedImageInsight.ImageEncoder.davit_v1][INFO] - => init blocks.2.8.channel_block.ffn.fn.net.fc1.weight from pretrained state dict
[2026-01-22 10:26:21,372][MedImageInsight.ImageEncoder.davit_v1][INFO] - => init blocks.2.8.channel_block.ffn.fn.net.fc2.bias from pretrained state dict
[2026-01-22 10:26:21,372][MedImageInsight.ImageEncoder.davit_v1][INFO] - => init blocks.2.8.channel_block.ffn.fn.net.fc2.weight from pretrained state dict
[2026-01-22 10:26:21,372][MedImageInsight.ImageEncoder.davit_v1][INFO] - => init blocks.2.8.channel_block.ffn.norm.bias from pretrained state dict
[2026-01-22 10:26:21,372][MedImageInsight.ImageEncoder.davit_v1][INFO] - => init blocks.2.8.channel_block.ffn.norm.weight from pretrained state dict
[2026-01-22 10:26:21,372][MedImageInsight.ImageEncoder.davit_v1][INFO] - => init blocks.2.8.spatial_block.conv1.fn.dw.bias from pretrained state dict
[2026-01-22 10:26:21,372][MedImageInsight.ImageEncoder.davit_v1][INFO] - => init blocks.2.8.spatial_block.conv1.fn.dw.weight from pretrained state dict
[2026-01-22 10:26:21,372][MedImageInsight.ImageEncoder.davit_v1][INFO] - => init blocks.2.8.spatial_block.conv2.fn.dw.bias from pretrained state dict
[2026-01-22 10:26:21,372][MedImageInsight.ImageEncoder.davit_v1][INFO] - => init blocks.2.8.spatial_block.conv2.fn.dw.weight from pretrained state dict
[2026-01-22 10:26:21,372][MedImageInsight.ImageEncoder.davit_v1][INFO] - => init blocks.2.8.spatial_block.ffn.fn.net.fc1.bias from pretrained state dict
[2026-01-22 10:26:21,372][MedImageInsight.ImageEncoder.davit_v1][INFO] - => init blocks.2.8.spatial_block.ffn.fn.net.fc1.weight from pretrained state dict
[2026-01-22 10:26:21,372][MedImageInsight.ImageEncoder.davit_v1][INFO] - => init blocks.2.8.spatial_block.ffn.fn.net.fc2.bias from pretrained state dict
[2026-01-22 10:26:21,372][MedImageInsight.ImageEncoder.davit_v1][INFO] - => init blocks.2.8.spatial_block.ffn.fn.net.fc2.weight from pretrained state dict
[2026-01-22 10:26:21,372][MedImageInsight.ImageEncoder.davit_v1][INFO] - => init blocks.2.8.spatial_block.ffn.norm.bias from pretrained state dict
[2026-01-22 10:26:21,372][MedImageInsight.ImageEncoder.davit_v1][INFO] - => init blocks.2.8.spatial_block.ffn.norm.weight from pretrained state dict
[2026-01-22 10:26:21,372][MedImageInsight.ImageEncoder.davit_v1][INFO] - => init blocks.2.8.spatial_block.window_attn.fn.proj.bias from pretrained state dict
[2026-01-22 10:26:21,372][MedImageInsight.ImageEncoder.davit_v1][INFO] - => init blocks.2.8.spatial_block.window_attn.fn.proj.weight from pretrained state dict
[2026-01-22 10:26:21,372][MedImageInsight.ImageEncoder.davit_v1][INFO] - => init blocks.2.8.spatial_block.window_attn.fn.qkv.bias from pretrained state dict
[2026-01-22 10:26:21,372][MedImageInsight.ImageEncoder.davit_v1][INFO] - => init blocks.2.8.spatial_block.window_attn.fn.qkv.weight from pretrained state dict
[2026-01-22 10:26:21,372][MedImageInsight.ImageEncoder.davit_v1][INFO] - => init blocks.2.8.spatial_block.window_attn.norm.bias from pretrained state dict
[2026-01-22 10:26:21,372][MedImageInsight.ImageEncoder.davit_v1][INFO] - => init blocks.2.8.spatial_block.window_attn.norm.weight from pretrained state dict
[2026-01-22 10:26:21,372][MedImageInsight.ImageEncoder.davit_v1][INFO] - => init blocks.3.0.channel_block.channel_attn.fn.proj.bias from pretrained state dict
[2026-01-22 10:26:21,372][MedImageInsight.ImageEncoder.davit_v1][INFO] - => init blocks.3.0.channel_block.channel_attn.fn.proj.weight from pretrained state dict
[2026-01-22 10:26:21,372][MedImageInsight.ImageEncoder.davit_v1][INFO] - => init blocks.3.0.channel_block.channel_attn.fn.qkv.bias from pretrained state dict
[2026-01-22 10:26:21,372][MedImageInsight.ImageEncoder.davit_v1][INFO] - => init blocks.3.0.channel_block.channel_attn.fn.qkv.weight from pretrained state dict
[2026-01-22 10:26:21,372][MedImageInsight.ImageEncoder.davit_v1][INFO] - => init blocks.3.0.channel_block.channel_attn.norm.bias from pretrained state dict
[2026-01-22 10:26:21,372][MedImageInsight.ImageEncoder.davit_v1][INFO] - => init blocks.3.0.channel_block.channel_attn.norm.weight from pretrained state dict
[2026-01-22 10:26:21,372][MedImageInsight.ImageEncoder.davit_v1][INFO] - => init blocks.3.0.channel_block.conv1.fn.dw.bias from pretrained state dict
[2026-01-22 10:26:21,372][MedImageInsight.ImageEncoder.davit_v1][INFO] - => init blocks.3.0.channel_block.conv1.fn.dw.weight from pretrained state dict
[2026-01-22 10:26:21,372][MedImageInsight.ImageEncoder.davit_v1][INFO] - => init blocks.3.0.channel_block.conv2.fn.dw.bias from pretrained state dict
[2026-01-22 10:26:21,372][MedImageInsight.ImageEncoder.davit_v1][INFO] - => init blocks.3.0.channel_block.conv2.fn.dw.weight from pretrained state dict
[2026-01-22 10:26:21,372][MedImageInsight.ImageEncoder.davit_v1][INFO] - => init blocks.3.0.channel_block.ffn.fn.net.fc1.bias from pretrained state dict
[2026-01-22 10:26:21,372][MedImageInsight.ImageEncoder.davit_v1][INFO] - => init blocks.3.0.channel_block.ffn.fn.net.fc1.weight from pretrained state dict
[2026-01-22 10:26:21,372][MedImageInsight.ImageEncoder.davit_v1][INFO] - => init blocks.3.0.channel_block.ffn.fn.net.fc2.bias from pretrained state dict
[2026-01-22 10:26:21,372][MedImageInsight.ImageEncoder.davit_v1][INFO] - => init blocks.3.0.channel_block.ffn.fn.net.fc2.weight from pretrained state dict
[2026-01-22 10:26:21,372][MedImageInsight.ImageEncoder.davit_v1][INFO] - => init blocks.3.0.channel_block.ffn.norm.bias from pretrained state dict
[2026-01-22 10:26:21,372][MedImageInsight.ImageEncoder.davit_v1][INFO] - => init blocks.3.0.channel_block.ffn.norm.weight from pretrained state dict
[2026-01-22 10:26:21,372][MedImageInsight.ImageEncoder.davit_v1][INFO] - => init blocks.3.0.spatial_block.conv1.fn.dw.bias from pretrained state dict
[2026-01-22 10:26:21,372][MedImageInsight.ImageEncoder.davit_v1][INFO] - => init blocks.3.0.spatial_block.conv1.fn.dw.weight from pretrained state dict
[2026-01-22 10:26:21,372][MedImageInsight.ImageEncoder.davit_v1][INFO] - => init blocks.3.0.spatial_block.conv2.fn.dw.bias from pretrained state dict
[2026-01-22 10:26:21,372][MedImageInsight.ImageEncoder.davit_v1][INFO] - => init blocks.3.0.spatial_block.conv2.fn.dw.weight from pretrained state dict
[2026-01-22 10:26:21,372][MedImageInsight.ImageEncoder.davit_v1][INFO] - => init blocks.3.0.spatial_block.ffn.fn.net.fc1.bias from pretrained state dict
[2026-01-22 10:26:21,372][MedImageInsight.ImageEncoder.davit_v1][INFO] - => init blocks.3.0.spatial_block.ffn.fn.net.fc1.weight from pretrained state dict
[2026-01-22 10:26:21,372][MedImageInsight.ImageEncoder.davit_v1][INFO] - => init blocks.3.0.spatial_block.ffn.fn.net.fc2.bias from pretrained state dict
[2026-01-22 10:26:21,372][MedImageInsight.ImageEncoder.davit_v1][INFO] - => init blocks.3.0.spatial_block.ffn.fn.net.fc2.weight from pretrained state dict
[2026-01-22 10:26:21,372][MedImageInsight.ImageEncoder.davit_v1][INFO] - => init blocks.3.0.spatial_block.ffn.norm.bias from pretrained state dict
[2026-01-22 10:26:21,372][MedImageInsight.ImageEncoder.davit_v1][INFO] - => init blocks.3.0.spatial_block.ffn.norm.weight from pretrained state dict
[2026-01-22 10:26:21,372][MedImageInsight.ImageEncoder.davit_v1][INFO] - => init blocks.3.0.spatial_block.window_attn.fn.proj.bias from pretrained state dict
[2026-01-22 10:26:21,372][MedImageInsight.ImageEncoder.davit_v1][INFO] - => init blocks.3.0.spatial_block.window_attn.fn.proj.weight from pretrained state dict
[2026-01-22 10:26:21,372][MedImageInsight.ImageEncoder.davit_v1][INFO] - => init blocks.3.0.spatial_block.window_attn.fn.qkv.bias from pretrained state dict
[2026-01-22 10:26:21,372][MedImageInsight.ImageEncoder.davit_v1][INFO] - => init blocks.3.0.spatial_block.window_attn.fn.qkv.weight from pretrained state dict
[2026-01-22 10:26:21,372][MedImageInsight.ImageEncoder.davit_v1][INFO] - => init blocks.3.0.spatial_block.window_attn.norm.bias from pretrained state dict
[2026-01-22 10:26:21,372][MedImageInsight.ImageEncoder.davit_v1][INFO] - => init blocks.3.0.spatial_block.window_attn.norm.weight from pretrained state dict
[2026-01-22 10:26:21,372][MedImageInsight.ImageEncoder.davit_v1][INFO] - => init convs.0.norm.bias from pretrained state dict
[2026-01-22 10:26:21,372][MedImageInsight.ImageEncoder.davit_v1][INFO] - => init convs.0.norm.weight from pretrained state dict
[2026-01-22 10:26:21,372][MedImageInsight.ImageEncoder.davit_v1][INFO] - => init convs.0.proj.bias from pretrained state dict
[2026-01-22 10:26:21,372][MedImageInsight.ImageEncoder.davit_v1][INFO] - => init convs.0.proj.weight from pretrained state dict
[2026-01-22 10:26:21,372][MedImageInsight.ImageEncoder.davit_v1][INFO] - => init convs.1.norm.bias from pretrained state dict
[2026-01-22 10:26:21,372][MedImageInsight.ImageEncoder.davit_v1][INFO] - => init convs.1.norm.weight from pretrained state dict
[2026-01-22 10:26:21,373][MedImageInsight.ImageEncoder.davit_v1][INFO] - => init convs.1.proj.bias from pretrained state dict
[2026-01-22 10:26:21,373][MedImageInsight.ImageEncoder.davit_v1][INFO] - => init convs.1.proj.weight from pretrained state dict
[2026-01-22 10:26:21,373][MedImageInsight.ImageEncoder.davit_v1][INFO] - => init convs.2.norm.bias from pretrained state dict
[2026-01-22 10:26:21,373][MedImageInsight.ImageEncoder.davit_v1][INFO] - => init convs.2.norm.weight from pretrained state dict
[2026-01-22 10:26:21,373][MedImageInsight.ImageEncoder.davit_v1][INFO] - => init convs.2.proj.bias from pretrained state dict
[2026-01-22 10:26:21,373][MedImageInsight.ImageEncoder.davit_v1][INFO] - => init convs.2.proj.weight from pretrained state dict
[2026-01-22 10:26:21,373][MedImageInsight.ImageEncoder.davit_v1][INFO] - => init convs.3.norm.bias from pretrained state dict
[2026-01-22 10:26:21,373][MedImageInsight.ImageEncoder.davit_v1][INFO] - => init convs.3.norm.weight from pretrained state dict
[2026-01-22 10:26:21,373][MedImageInsight.ImageEncoder.davit_v1][INFO] - => init convs.3.proj.bias from pretrained state dict
[2026-01-22 10:26:21,373][MedImageInsight.ImageEncoder.davit_v1][INFO] - => init convs.3.proj.weight from pretrained state dict
[2026-01-22 10:26:21,373][MedImageInsight.ImageEncoder.davit_v1][INFO] - => init norms.bias from pretrained state dict
[2026-01-22 10:26:21,373][MedImageInsight.ImageEncoder.davit_v1][INFO] - => init norms.weight from pretrained state dict
Ignored unknown kwarg option special
Ignored unknown kwarg option special
Ignored unknown kwarg option special
Ignored unknown kwarg option special
Ignored unknown kwarg option special
Ignored unknown kwarg option special
Model loaded successfully on device: cuda
Index(['pid', 'study_yr', '5y', 'fup_days', 'reversed',
       'sct_slice_final_mapped'],
      dtype='object')
Index(['pid', 'study_yr', '5y', 'fup_days', 'reversed',
       'sct_slice_final_mapped', 'file_path'],
      dtype='object')
Index(['pid', 'study_yr', '5y', 'fup_days', 'reversed',
       'sct_slice_final_mapped', 'file_path'],
      dtype='object')
      pid  study_yr  label  fup_days reversed  sct_slice_num                                                                                                                 path
0  100012         1      0  0.879756     True          120.0  /nas-ctm01/datasets/public/medical_datasets/lung_ct_datasets/nlst/preprocessed_data/protocol_5/2d/lung/100012_1.npy
1  100147         1      0  0.854989    False          122.0  /nas-ctm01/datasets/public/medical_datasets/lung_ct_datasets/nlst/preprocessed_data/protocol_5/2d/lung/100147_1.npy
2  100158         2      0  0.794688     True          101.0  /nas-ctm01/datasets/public/medical_datasets/lung_ct_datasets/nlst/preprocessed_data/protocol_5/2d/lung/100158_2.npy
3  100242         0      0  0.932879     True          134.0  /nas-ctm01/datasets/public/medical_datasets/lung_ct_datasets/nlst/preprocessed_data/protocol_5/2d/lung/100242_0.npy
4  100280         1      0  0.910983     True           83.0  /nas-ctm01/datasets/public/medical_datasets/lung_ct_datasets/nlst/preprocessed_data/protocol_5/2d/lung/100280_1.npy

✅ Saved split assignments to 'clinical_metadata_with_splits.csv'

Using regular DataLoader for train subset
Data Aug
Original shape: 213, New Shape: 320

Using regular DataLoader for train subset
Data Aug
Original shape: 213, New Shape: 320

Using regular DataLoader for train subset
Data Aug
Original shape: 214, New Shape: 320

✅ Set train dataloaders with 3 folds
  - Fold 1: 320 samples
    Label distribution: {0: 160, 1: 160}
    Batch label distribution: {0.0: 13, 1.0: 19}
    Batch label distribution: {0.0: 18, 1.0: 14}
    Batch label distribution: {0.0: 19, 1.0: 13}
    Batch label distribution: {0.0: 15, 1.0: 17}
    Batch label distribution: {0.0: 14, 1.0: 18}
    Batch label distribution: {0.0: 13, 1.0: 19}
    Batch label distribution: {0.0: 14, 1.0: 18}
    Batch label distribution: {0.0: 15, 1.0: 17}
    Batch label distribution: {0.0: 21, 1.0: 11}
    Batch label distribution: {0.0: 18, 1.0: 14}
  - Fold 2: 320 samples
    Label distribution: {0: 160, 1: 160}
    Batch label distribution: {0.0: 13, 1.0: 19}
    Batch label distribution: {0.0: 16, 1.0: 16}
    Batch label distribution: {0.0: 18, 1.0: 14}
    Batch label distribution: {0.0: 16, 1.0: 16}
    Batch label distribution: {0.0: 16, 1.0: 16}
    Batch label distribution: {0.0: 19, 1.0: 13}
    Batch label distribution: {0.0: 19, 1.0: 13}
    Batch label distribution: {0.0: 14, 1.0: 18}
    Batch label distribution: {0.0: 13, 1.0: 19}
    Batch label distribution: {0.0: 16, 1.0: 16}
  - Fold 3: 320 samples
    Label distribution: {0: 160, 1: 160}
    Batch label distribution: {0.0: 18, 1.0: 14}
    Batch label distribution: {0.0: 11, 1.0: 21}
    Batch label distribution: {0.0: 20, 1.0: 12}
    Batch label distribution: {0.0: 18, 1.0: 14}
    Batch label distribution: {0.0: 15, 1.0: 17}
    Batch label distribution: {0.0: 17, 1.0: 15}
    Batch label distribution: {0.0: 15, 1.0: 17}
    Batch label distribution: {0.0: 15, 1.0: 17}
    Batch label distribution: {0.0: 15, 1.0: 17}
    Batch label distribution: {0.0: 16, 1.0: 16}

Using regular DataLoader for validation subset

Using regular DataLoader for validation subset

Using regular DataLoader for validation subset

✅ Set validation dataloaders with 3 folds
  - Fold 1: 107 samples
    Label distribution: {0: 80, 1: 27}
    Batch label distribution: {0.0: 24, 1.0: 8}
    Batch label distribution: {0.0: 27, 1.0: 5}
    Batch label distribution: {0.0: 23, 1.0: 9}
    Batch label distribution: {0.0: 6, 1.0: 5}
  - Fold 2: 107 samples
    Label distribution: {0: 80, 1: 27}
    Batch label distribution: {0.0: 25, 1.0: 7}
    Batch label distribution: {0.0: 23, 1.0: 9}
    Batch label distribution: {0.0: 23, 1.0: 9}
    Batch label distribution: {0.0: 9, 1.0: 2}
  - Fold 3: 106 samples
    Label distribution: {0: 80, 1: 26}
    Batch label distribution: {0.0: 26, 1.0: 6}
    Batch label distribution: {0.0: 26, 1.0: 6}
    Batch label distribution: {0.0: 19, 1.0: 13}
    Batch label distribution: {0.0: 9, 1.0: 1}

Using regular DataLoader for test subset

Using regular DataLoader for test subset

Using regular DataLoader for test subset

✅ Set test dataloaders with 3 folds
  - Fold 1: 80 samples
    Label distribution: {0: 60, 1: 20}
    Batch label distribution: {0.0: 28, 1.0: 4}
    Batch label distribution: {0.0: 22, 1.0: 10}
    Batch label distribution: {0.0: 10, 1.0: 6}
  - Fold 2: 80 samples
    Label distribution: {0: 60, 1: 20}
    Batch label distribution: {0.0: 28, 1.0: 4}
    Batch label distribution: {0.0: 22, 1.0: 10}
    Batch label distribution: {0.0: 10, 1.0: 6}
  - Fold 3: 80 samples
    Label distribution: {0: 60, 1: 20}
    Batch label distribution: {0.0: 28, 1.0: 4}
    Batch label distribution: {0.0: 22, 1.0: 10}
    Batch label distribution: {0.0: 10, 1.0: 6}
Embedding dimension determined: 2048

====================== STARTING FOLD 1/3 ======================
The model has 360,919,554 trainable parameters.
Sanity Checking: |          | 0/? [00:00<?, ?it/s]Sanity Checking:   0%|          | 0/2 [00:00<?, ?it/s]Sanity Checking DataLoader 0:   0%|          | 0/2 [00:00<?, ?it/s]tensor(0.0785, device='cuda:0')
tensor(-0.2304, device='cuda:0')
Sanity Checking DataLoader 0:  50%|█████     | 1/2 [00:01<00:01,  0.60it/s]tensor(0.0513, device='cuda:0')
tensor(-0.2405, device='cuda:0')
Sanity Checking DataLoader 0: 100%|██████████| 2/2 [00:03<00:00,  0.63it/s]
==================================================
Stage: VAL
Predicted class distribution: 0s = 0, 1s = 64
Actual label distribution:    0s = 51, 1s = 13
Actual Imbalance Ratio (0:1): 3.92:1
==================================================
⚠️ Model is predicting only class 1 (minority class). It is ignoring the majority class!
Saved test predictions and probabilities to validation_results_fold_final.xlsx
                                                                           Training: |          | 0/? [00:00<?, ?it/s]Training:   0%|          | 0/10 [00:00<?, ?it/s]Epoch 0:   0%|          | 0/10 [00:00<?, ?it/s] 🔥 Successfully training: convs.0.proj.weight
SUCCESS: vision_encoder.blocks.2.1.spatial_block.conv1.fn.dw.weight is Updating! Grad Norm: 0.048433
Epoch 0:  10%|█         | 1/10 [00:08<01:12,  0.12it/s]Epoch 0:  10%|█         | 1/10 [00:08<01:12,  0.12it/s, v_num=ettq, train_loss_step=0.555]SUCCESS: vision_encoder.blocks.2.1.spatial_block.conv1.fn.dw.weight is Updating! Grad Norm: 0.093544
Epoch 0:  20%|██        | 2/10 [00:14<00:58,  0.14it/s, v_num=ettq, train_loss_step=0.555]Epoch 0:  20%|██        | 2/10 [00:14<00:58,  0.14it/s, v_num=ettq, train_loss_step=0.567]SUCCESS: vision_encoder.blocks.2.1.spatial_block.conv1.fn.dw.weight is Updating! Grad Norm: 0.060098
Epoch 0:  30%|███       | 3/10 [00:20<00:48,  0.14it/s, v_num=ettq, train_loss_step=0.567]Epoch 0:  30%|███       | 3/10 [00:20<00:48,  0.14it/s, v_num=ettq, train_loss_step=0.658]SUCCESS: vision_encoder.blocks.2.1.spatial_block.conv1.fn.dw.weight is Updating! Grad Norm: 0.078581
Epoch 0:  40%|████      | 4/10 [00:27<00:41,  0.15it/s, v_num=ettq, train_loss_step=0.658]Epoch 0:  40%|████      | 4/10 [00:27<00:41,  0.15it/s, v_num=ettq, train_loss_step=0.527]SUCCESS: vision_encoder.blocks.2.1.spatial_block.conv1.fn.dw.weight is Updating! Grad Norm: 0.066486
Epoch 0:  50%|█████     | 5/10 [00:33<00:33,  0.15it/s, v_num=ettq, train_loss_step=0.527]Epoch 0:  50%|█████     | 5/10 [00:33<00:33,  0.15it/s, v_num=ettq, train_loss_step=0.667]SUCCESS: vision_encoder.blocks.2.1.spatial_block.conv1.fn.dw.weight is Updating! Grad Norm: 0.059313
Epoch 0:  60%|██████    | 6/10 [00:40<00:26,  0.15it/s, v_num=ettq, train_loss_step=0.667]Epoch 0:  60%|██████    | 6/10 [00:40<00:26,  0.15it/s, v_num=ettq, train_loss_step=0.551]SUCCESS: vision_encoder.blocks.2.1.spatial_block.conv1.fn.dw.weight is Updating! Grad Norm: 0.058437
Epoch 0:  70%|███████   | 7/10 [00:46<00:20,  0.15it/s, v_num=ettq, train_loss_step=0.551]Epoch 0:  70%|███████   | 7/10 [00:46<00:20,  0.15it/s, v_num=ettq, train_loss_step=0.459]SUCCESS: vision_encoder.blocks.2.1.spatial_block.conv1.fn.dw.weight is Updating! Grad Norm: 0.076649
Epoch 0:  80%|████████  | 8/10 [00:53<00:13,  0.15it/s, v_num=ettq, train_loss_step=0.459]Epoch 0:  80%|████████  | 8/10 [00:53<00:13,  0.15it/s, v_num=ettq, train_loss_step=0.623]SUCCESS: vision_encoder.blocks.2.1.spatial_block.conv1.fn.dw.weight is Updating! Grad Norm: 0.050762
Epoch 0:  90%|█████████ | 9/10 [00:59<00:06,  0.15it/s, v_num=ettq, train_loss_step=0.623]Epoch 0:  90%|█████████ | 9/10 [00:59<00:06,  0.15it/s, v_num=ettq, train_loss_step=0.613]SUCCESS: vision_encoder.blocks.2.1.spatial_block.conv1.fn.dw.weight is Updating! Grad Norm: 0.051001
Epoch 0: 100%|██████████| 10/10 [01:06<00:00,  0.15it/s, v_num=ettq, train_loss_step=0.613]Epoch 0: 100%|██████████| 10/10 [01:06<00:00,  0.15it/s, v_num=ettq, train_loss_step=0.621]
Validation: |          | 0/? [00:00<?, ?it/s][A
Validation:   0%|          | 0/4 [00:00<?, ?it/s][A
Validation DataLoader 0:   0%|          | 0/4 [00:00<?, ?it/s][Atensor(0.1111, device='cuda:0')
tensor(-0.1549, device='cuda:0')

Validation DataLoader 0:  25%|██▌       | 1/4 [00:01<00:04,  0.66it/s][Atensor(0.1270, device='cuda:0')
tensor(-0.1971, device='cuda:0')

Validation DataLoader 0:  50%|█████     | 2/4 [00:03<00:03,  0.65it/s][Atensor(0.1074, device='cuda:0')
tensor(-0.1137, device='cuda:0')

Validation DataLoader 0:  75%|███████▌  | 3/4 [00:04<00:01,  0.65it/s][Atensor(0.1026, device='cuda:0')
tensor(-0.0685, device='cuda:0')

Validation DataLoader 0: 100%|██████████| 4/4 [00:05<00:00,  0.77it/s][A
==================================================
Stage: VAL
Predicted class distribution: 0s = 0, 1s = 107
Actual label distribution:    0s = 80, 1s = 27
Actual Imbalance Ratio (0:1): 2.96:1
==================================================
⚠️ Model is predicting only class 1 (minority class). It is ignoring the majority class!
Saved test predictions and probabilities to validation_results_fold_final.xlsx

                                                                      [AEpoch 0: 100%|██████████| 10/10 [01:12<00:00,  0.14it/s, v_num=ettq, train_loss_step=0.621, val_loss=0.723]Epoch 0: 100%|██████████| 10/10 [01:12<00:00,  0.14it/s, v_num=ettq, train_loss_step=0.621, val_loss=0.723, train_loss_epoch=0.584]Epoch 0:   0%|          | 0/10 [00:00<?, ?it/s, v_num=ettq, train_loss_step=0.621, val_loss=0.723, train_loss_epoch=0.584]         Epoch 1:   0%|          | 0/10 [00:00<?, ?it/s, v_num=ettq, train_loss_step=0.621, val_loss=0.723, train_loss_epoch=0.584]SUCCESS: vision_encoder.blocks.2.1.spatial_block.conv1.fn.dw.weight is Updating! Grad Norm: 0.057954
Epoch 1:  10%|█         | 1/10 [00:07<01:11,  0.13it/s, v_num=ettq, train_loss_step=0.621, val_loss=0.723, train_loss_epoch=0.584]Epoch 1:  10%|█         | 1/10 [00:07<01:11,  0.13it/s, v_num=ettq, train_loss_step=0.551, val_loss=0.723, train_loss_epoch=0.584]SUCCESS: vision_encoder.blocks.2.1.spatial_block.conv1.fn.dw.weight is Updating! Grad Norm: 0.070210
Epoch 1:  20%|██        | 2/10 [00:14<00:57,  0.14it/s, v_num=ettq, train_loss_step=0.551, val_loss=0.723, train_loss_epoch=0.584]Epoch 1:  20%|██        | 2/10 [00:14<00:57,  0.14it/s, v_num=ettq, train_loss_step=0.646, val_loss=0.723, train_loss_epoch=0.584]SUCCESS: vision_encoder.blocks.2.1.spatial_block.conv1.fn.dw.weight is Updating! Grad Norm: 0.070127
Epoch 1:  30%|███       | 3/10 [00:20<00:48,  0.14it/s, v_num=ettq, train_loss_step=0.646, val_loss=0.723, train_loss_epoch=0.584]Epoch 1:  30%|███       | 3/10 [00:20<00:48,  0.14it/s, v_num=ettq, train_loss_step=0.603, val_loss=0.723, train_loss_epoch=0.584]SUCCESS: vision_encoder.blocks.2.1.spatial_block.conv1.fn.dw.weight is Updating! Grad Norm: 0.064388
Epoch 1:  40%|████      | 4/10 [00:27<00:41,  0.15it/s, v_num=ettq, train_loss_step=0.603, val_loss=0.723, train_loss_epoch=0.584]Epoch 1:  40%|████      | 4/10 [00:27<00:41,  0.15it/s, v_num=ettq, train_loss_step=0.574, val_loss=0.723, train_loss_epoch=0.584]SUCCESS: vision_encoder.blocks.2.1.spatial_block.conv1.fn.dw.weight is Updating! Grad Norm: 0.080268
Epoch 1:  50%|█████     | 5/10 [00:33<00:33,  0.15it/s, v_num=ettq, train_loss_step=0.574, val_loss=0.723, train_loss_epoch=0.584]Epoch 1:  50%|█████     | 5/10 [00:33<00:33,  0.15it/s, v_num=ettq, train_loss_step=0.528, val_loss=0.723, train_loss_epoch=0.584]SUCCESS: vision_encoder.blocks.2.1.spatial_block.conv1.fn.dw.weight is Updating! Grad Norm: 0.043640
Epoch 1:  60%|██████    | 6/10 [00:40<00:26,  0.15it/s, v_num=ettq, train_loss_step=0.528, val_loss=0.723, train_loss_epoch=0.584]Epoch 1:  60%|██████    | 6/10 [00:40<00:26,  0.15it/s, v_num=ettq, train_loss_step=0.557, val_loss=0.723, train_loss_epoch=0.584]SUCCESS: vision_encoder.blocks.2.1.spatial_block.conv1.fn.dw.weight is Updating! Grad Norm: 0.047244
Epoch 1:  70%|███████   | 7/10 [00:46<00:20,  0.15it/s, v_num=ettq, train_loss_step=0.557, val_loss=0.723, train_loss_epoch=0.584]Epoch 1:  70%|███████   | 7/10 [00:46<00:20,  0.15it/s, v_num=ettq, train_loss_step=0.607, val_loss=0.723, train_loss_epoch=0.584]SUCCESS: vision_encoder.blocks.2.1.spatial_block.conv1.fn.dw.weight is Updating! Grad Norm: 0.050831
Epoch 1:  80%|████████  | 8/10 [00:53<00:13,  0.15it/s, v_num=ettq, train_loss_step=0.607, val_loss=0.723, train_loss_epoch=0.584]Epoch 1:  80%|████████  | 8/10 [00:53<00:13,  0.15it/s, v_num=ettq, train_loss_step=0.596, val_loss=0.723, train_loss_epoch=0.584]SUCCESS: vision_encoder.blocks.2.1.spatial_block.conv1.fn.dw.weight is Updating! Grad Norm: 0.064584
Epoch 1:  90%|█████████ | 9/10 [00:59<00:06,  0.15it/s, v_num=ettq, train_loss_step=0.596, val_loss=0.723, train_loss_epoch=0.584]Epoch 1:  90%|█████████ | 9/10 [00:59<00:06,  0.15it/s, v_num=ettq, train_loss_step=0.642, val_loss=0.723, train_loss_epoch=0.584]SUCCESS: vision_encoder.blocks.2.1.spatial_block.conv1.fn.dw.weight is Updating! Grad Norm: 0.052542
Epoch 1: 100%|██████████| 10/10 [01:06<00:00,  0.15it/s, v_num=ettq, train_loss_step=0.642, val_loss=0.723, train_loss_epoch=0.584]Epoch 1: 100%|██████████| 10/10 [01:06<00:00,  0.15it/s, v_num=ettq, train_loss_step=0.525, val_loss=0.723, train_loss_epoch=0.584]
Validation: |          | 0/? [00:00<?, ?it/s][A
Validation:   0%|          | 0/4 [00:00<?, ?it/s][A
Validation DataLoader 0:   0%|          | 0/4 [00:00<?, ?it/s][Atensor(0.1855, device='cuda:0')
tensor(-0.1348, device='cuda:0')

Validation DataLoader 0:  25%|██▌       | 1/4 [00:01<00:04,  0.65it/s][Atensor(0.1921, device='cuda:0')
tensor(-0.1608, device='cuda:0')

Validation DataLoader 0:  50%|█████     | 2/4 [00:03<00:03,  0.65it/s][Atensor(0.1687, device='cuda:0')
tensor(-0.0970, device='cuda:0')

Validation DataLoader 0:  75%|███████▌  | 3/4 [00:04<00:01,  0.64it/s][Atensor(0.1219, device='cuda:0')
tensor(-0.0424, device='cuda:0')

Validation DataLoader 0: 100%|██████████| 4/4 [00:05<00:00,  0.76it/s][A
==================================================
Stage: VAL
Predicted class distribution: 0s = 1, 1s = 106
Actual label distribution:    0s = 80, 1s = 27
Actual Imbalance Ratio (0:1): 2.96:1
==================================================
✅ Model is predicting both classes.
Saved test predictions and probabilities to validation_results_fold_final.xlsx

                                                                      [AEpoch 1: 100%|██████████| 10/10 [01:12<00:00,  0.14it/s, v_num=ettq, train_loss_step=0.525, val_loss=0.700, train_loss_epoch=0.584]Epoch 1: 100%|██████████| 10/10 [01:12<00:00,  0.14it/s, v_num=ettq, train_loss_step=0.525, val_loss=0.700, train_loss_epoch=0.583]Epoch 1:   0%|          | 0/10 [00:00<?, ?it/s, v_num=ettq, train_loss_step=0.525, val_loss=0.700, train_loss_epoch=0.583]         Epoch 2:   0%|          | 0/10 [00:00<?, ?it/s, v_num=ettq, train_loss_step=0.525, val_loss=0.700, train_loss_epoch=0.583]SUCCESS: vision_encoder.blocks.2.1.spatial_block.conv1.fn.dw.weight is Updating! Grad Norm: 0.054006
Epoch 2:  10%|█         | 1/10 [00:07<01:11,  0.13it/s, v_num=ettq, train_loss_step=0.525, val_loss=0.700, train_loss_epoch=0.583]Epoch 2:  10%|█         | 1/10 [00:07<01:11,  0.13it/s, v_num=ettq, train_loss_step=0.598, val_loss=0.700, train_loss_epoch=0.583]SUCCESS: vision_encoder.blocks.2.1.spatial_block.conv1.fn.dw.weight is Updating! Grad Norm: 0.060108
Epoch 2:  20%|██        | 2/10 [00:14<00:58,  0.14it/s, v_num=ettq, train_loss_step=0.598, val_loss=0.700, train_loss_epoch=0.583]Epoch 2:  20%|██        | 2/10 [00:14<00:58,  0.14it/s, v_num=ettq, train_loss_step=0.546, val_loss=0.700, train_loss_epoch=0.583]SUCCESS: vision_encoder.blocks.2.1.spatial_block.conv1.fn.dw.weight is Updating! Grad Norm: 0.057416
Epoch 2:  30%|███       | 3/10 [00:21<00:49,  0.14it/s, v_num=ettq, train_loss_step=0.546, val_loss=0.700, train_loss_epoch=0.583]Epoch 2:  30%|███       | 3/10 [00:21<00:49,  0.14it/s, v_num=ettq, train_loss_step=0.567, val_loss=0.700, train_loss_epoch=0.583]SUCCESS: vision_encoder.blocks.2.1.spatial_block.conv1.fn.dw.weight is Updating! Grad Norm: 0.074735
Epoch 2:  40%|████      | 4/10 [00:27<00:41,  0.14it/s, v_num=ettq, train_loss_step=0.567, val_loss=0.700, train_loss_epoch=0.583]Epoch 2:  40%|████      | 4/10 [00:27<00:41,  0.14it/s, v_num=ettq, train_loss_step=0.576, val_loss=0.700, train_loss_epoch=0.583]SUCCESS: vision_encoder.blocks.2.1.spatial_block.conv1.fn.dw.weight is Updating! Grad Norm: 0.051009
Epoch 2:  50%|█████     | 5/10 [00:34<00:34,  0.15it/s, v_num=ettq, train_loss_step=0.576, val_loss=0.700, train_loss_epoch=0.583]Epoch 2:  50%|█████     | 5/10 [00:34<00:34,  0.15it/s, v_num=ettq, train_loss_step=0.442, val_loss=0.700, train_loss_epoch=0.583]SUCCESS: vision_encoder.blocks.2.1.spatial_block.conv1.fn.dw.weight is Updating! Grad Norm: 0.085196
Epoch 2:  60%|██████    | 6/10 [00:40<00:27,  0.15it/s, v_num=ettq, train_loss_step=0.442, val_loss=0.700, train_loss_epoch=0.583]Epoch 2:  60%|██████    | 6/10 [00:40<00:27,  0.15it/s, v_num=ettq, train_loss_step=0.571, val_loss=0.700, train_loss_epoch=0.583]SUCCESS: vision_encoder.blocks.2.1.spatial_block.conv1.fn.dw.weight is Updating! Grad Norm: 0.059686
Epoch 2:  70%|███████   | 7/10 [00:47<00:20,  0.15it/s, v_num=ettq, train_loss_step=0.571, val_loss=0.700, train_loss_epoch=0.583]Epoch 2:  70%|███████   | 7/10 [00:47<00:20,  0.15it/s, v_num=ettq, train_loss_step=0.513, val_loss=0.700, train_loss_epoch=0.583]SUCCESS: vision_encoder.blocks.2.1.spatial_block.conv1.fn.dw.weight is Updating! Grad Norm: 0.058507
Epoch 2:  80%|████████  | 8/10 [00:53<00:13,  0.15it/s, v_num=ettq, train_loss_step=0.513, val_loss=0.700, train_loss_epoch=0.583]Epoch 2:  80%|████████  | 8/10 [00:53<00:13,  0.15it/s, v_num=ettq, train_loss_step=0.489, val_loss=0.700, train_loss_epoch=0.583]SUCCESS: vision_encoder.blocks.2.1.spatial_block.conv1.fn.dw.weight is Updating! Grad Norm: 0.052913
Epoch 2:  90%|█████████ | 9/10 [01:00<00:06,  0.15it/s, v_num=ettq, train_loss_step=0.489, val_loss=0.700, train_loss_epoch=0.583]Epoch 2:  90%|█████████ | 9/10 [01:00<00:06,  0.15it/s, v_num=ettq, train_loss_step=0.567, val_loss=0.700, train_loss_epoch=0.583]SUCCESS: vision_encoder.blocks.2.1.spatial_block.conv1.fn.dw.weight is Updating! Grad Norm: 0.055171
Epoch 2: 100%|██████████| 10/10 [01:06<00:00,  0.15it/s, v_num=ettq, train_loss_step=0.567, val_loss=0.700, train_loss_epoch=0.583]Epoch 2: 100%|██████████| 10/10 [01:06<00:00,  0.15it/s, v_num=ettq, train_loss_step=0.650, val_loss=0.700, train_loss_epoch=0.583]
Validation: |          | 0/? [00:00<?, ?it/s][A
Validation:   0%|          | 0/4 [00:00<?, ?it/s][A
Validation DataLoader 0:   0%|          | 0/4 [00:00<?, ?it/s][Atensor(0.2774, device='cuda:0')
tensor(-0.1035, device='cuda:0')

Validation DataLoader 0:  25%|██▌       | 1/4 [00:01<00:04,  0.65it/s][Atensor(0.2489, device='cuda:0')
tensor(-0.1334, device='cuda:0')

Validation DataLoader 0:  50%|█████     | 2/4 [00:03<00:03,  0.65it/s][Atensor(0.2290, device='cuda:0')
tensor(-0.0892, device='cuda:0')

Validation DataLoader 0:  75%|███████▌  | 3/4 [00:04<00:01,  0.64it/s][Atensor(0.1251, device='cuda:0')
tensor(-0.0442, device='cuda:0')

Validation DataLoader 0: 100%|██████████| 4/4 [00:05<00:00,  0.76it/s][A
==================================================
Stage: VAL
Predicted class distribution: 0s = 7, 1s = 100
Actual label distribution:    0s = 80, 1s = 27
Actual Imbalance Ratio (0:1): 2.96:1
==================================================
✅ Model is predicting both classes.
Saved test predictions and probabilities to validation_results_fold_final.xlsx

                                                                      [AEpoch 2: 100%|██████████| 10/10 [01:12<00:00,  0.14it/s, v_num=ettq, train_loss_step=0.650, val_loss=0.682, train_loss_epoch=0.583]Epoch 2: 100%|██████████| 10/10 [01:12<00:00,  0.14it/s, v_num=ettq, train_loss_step=0.650, val_loss=0.682, train_loss_epoch=0.552]Epoch 2:   0%|          | 0/10 [00:00<?, ?it/s, v_num=ettq, train_loss_step=0.650, val_loss=0.682, train_loss_epoch=0.552]         Epoch 3:   0%|          | 0/10 [00:00<?, ?it/s, v_num=ettq, train_loss_step=0.650, val_loss=0.682, train_loss_epoch=0.552]SUCCESS: vision_encoder.blocks.2.1.spatial_block.conv1.fn.dw.weight is Updating! Grad Norm: 0.048116
Epoch 3:  10%|█         | 1/10 [00:07<01:08,  0.13it/s, v_num=ettq, train_loss_step=0.650, val_loss=0.682, train_loss_epoch=0.552]Epoch 3:  10%|█         | 1/10 [00:07<01:08,  0.13it/s, v_num=ettq, train_loss_step=0.533, val_loss=0.682, train_loss_epoch=0.552]SUCCESS: vision_encoder.blocks.2.1.spatial_block.conv1.fn.dw.weight is Updating! Grad Norm: 0.054637
Epoch 3:  20%|██        | 2/10 [00:14<00:56,  0.14it/s, v_num=ettq, train_loss_step=0.533, val_loss=0.682, train_loss_epoch=0.552]Epoch 3:  20%|██        | 2/10 [00:14<00:56,  0.14it/s, v_num=ettq, train_loss_step=0.433, val_loss=0.682, train_loss_epoch=0.552]SUCCESS: vision_encoder.blocks.2.1.spatial_block.conv1.fn.dw.weight is Updating! Grad Norm: 0.058961
Epoch 3:  30%|███       | 3/10 [00:20<00:47,  0.15it/s, v_num=ettq, train_loss_step=0.433, val_loss=0.682, train_loss_epoch=0.552]Epoch 3:  30%|███       | 3/10 [00:20<00:48,  0.15it/s, v_num=ettq, train_loss_step=0.589, val_loss=0.682, train_loss_epoch=0.552]SUCCESS: vision_encoder.blocks.2.1.spatial_block.conv1.fn.dw.weight is Updating! Grad Norm: 0.052487
Epoch 3:  40%|████      | 4/10 [00:27<00:40,  0.15it/s, v_num=ettq, train_loss_step=0.589, val_loss=0.682, train_loss_epoch=0.552]Epoch 3:  40%|████      | 4/10 [00:27<00:40,  0.15it/s, v_num=ettq, train_loss_step=0.525, val_loss=0.682, train_loss_epoch=0.552]SUCCESS: vision_encoder.blocks.2.1.spatial_block.conv1.fn.dw.weight is Updating! Grad Norm: 0.066227
Epoch 3:  50%|█████     | 5/10 [00:33<00:33,  0.15it/s, v_num=ettq, train_loss_step=0.525, val_loss=0.682, train_loss_epoch=0.552]Epoch 3:  50%|█████     | 5/10 [00:33<00:33,  0.15it/s, v_num=ettq, train_loss_step=0.552, val_loss=0.682, train_loss_epoch=0.552]SUCCESS: vision_encoder.blocks.2.1.spatial_block.conv1.fn.dw.weight is Updating! Grad Norm: 0.076608
Epoch 3:  60%|██████    | 6/10 [00:40<00:26,  0.15it/s, v_num=ettq, train_loss_step=0.552, val_loss=0.682, train_loss_epoch=0.552]Epoch 3:  60%|██████    | 6/10 [00:40<00:26,  0.15it/s, v_num=ettq, train_loss_step=0.617, val_loss=0.682, train_loss_epoch=0.552]SUCCESS: vision_encoder.blocks.2.1.spatial_block.conv1.fn.dw.weight is Updating! Grad Norm: 0.071401
Epoch 3:  70%|███████   | 7/10 [00:46<00:19,  0.15it/s, v_num=ettq, train_loss_step=0.617, val_loss=0.682, train_loss_epoch=0.552]Epoch 3:  70%|███████   | 7/10 [00:46<00:19,  0.15it/s, v_num=ettq, train_loss_step=0.578, val_loss=0.682, train_loss_epoch=0.552]SUCCESS: vision_encoder.blocks.2.1.spatial_block.conv1.fn.dw.weight is Updating! Grad Norm: 0.064209
Epoch 3:  80%|████████  | 8/10 [00:53<00:13,  0.15it/s, v_num=ettq, train_loss_step=0.578, val_loss=0.682, train_loss_epoch=0.552]Epoch 3:  80%|████████  | 8/10 [00:53<00:13,  0.15it/s, v_num=ettq, train_loss_step=0.472, val_loss=0.682, train_loss_epoch=0.552]SUCCESS: vision_encoder.blocks.2.1.spatial_block.conv1.fn.dw.weight is Updating! Grad Norm: 0.044860
Epoch 3:  90%|█████████ | 9/10 [00:59<00:06,  0.15it/s, v_num=ettq, train_loss_step=0.472, val_loss=0.682, train_loss_epoch=0.552]Epoch 3:  90%|█████████ | 9/10 [00:59<00:06,  0.15it/s, v_num=ettq, train_loss_step=0.547, val_loss=0.682, train_loss_epoch=0.552]SUCCESS: vision_encoder.blocks.2.1.spatial_block.conv1.fn.dw.weight is Updating! Grad Norm: 0.061583
Epoch 3: 100%|██████████| 10/10 [01:06<00:00,  0.15it/s, v_num=ettq, train_loss_step=0.547, val_loss=0.682, train_loss_epoch=0.552]Epoch 3: 100%|██████████| 10/10 [01:06<00:00,  0.15it/s, v_num=ettq, train_loss_step=0.472, val_loss=0.682, train_loss_epoch=0.552]
Validation: |          | 0/? [00:00<?, ?it/s][A
Validation:   0%|          | 0/4 [00:00<?, ?it/s][A
Validation DataLoader 0:   0%|          | 0/4 [00:00<?, ?it/s][Atensor(0.3469, device='cuda:0')
tensor(-0.0664, device='cuda:0')

Validation DataLoader 0:  25%|██▌       | 1/4 [00:01<00:04,  0.65it/s][Atensor(0.2887, device='cuda:0')
tensor(-0.1045, device='cuda:0')

Validation DataLoader 0:  50%|█████     | 2/4 [00:03<00:03,  0.65it/s][Atensor(0.2752, device='cuda:0')
tensor(-0.0760, device='cuda:0')

Validation DataLoader 0:  75%|███████▌  | 3/4 [00:04<00:01,  0.64it/s][Atensor(0.1847, device='cuda:0')
tensor(-0.0525, device='cuda:0')

Validation DataLoader 0: 100%|██████████| 4/4 [00:05<00:00,  0.76it/s][A
==================================================
Stage: VAL
Predicted class distribution: 0s = 17, 1s = 90
Actual label distribution:    0s = 80, 1s = 27
Actual Imbalance Ratio (0:1): 2.96:1
==================================================
✅ Model is predicting both classes.
Saved test predictions and probabilities to validation_results_fold_final.xlsx

                                                                      [AEpoch 3: 100%|██████████| 10/10 [01:11<00:00,  0.14it/s, v_num=ettq, train_loss_step=0.472, val_loss=0.668, train_loss_epoch=0.552]Epoch 3: 100%|██████████| 10/10 [01:11<00:00,  0.14it/s, v_num=ettq, train_loss_step=0.472, val_loss=0.668, train_loss_epoch=0.532]Epoch 3:   0%|          | 0/10 [00:00<?, ?it/s, v_num=ettq, train_loss_step=0.472, val_loss=0.668, train_loss_epoch=0.532]         Epoch 4:   0%|          | 0/10 [00:00<?, ?it/s, v_num=ettq, train_loss_step=0.472, val_loss=0.668, train_loss_epoch=0.532]SUCCESS: vision_encoder.blocks.2.1.spatial_block.conv1.fn.dw.weight is Updating! Grad Norm: 0.052342
Epoch 4:  10%|█         | 1/10 [00:07<01:08,  0.13it/s, v_num=ettq, train_loss_step=0.472, val_loss=0.668, train_loss_epoch=0.532]Epoch 4:  10%|█         | 1/10 [00:07<01:08,  0.13it/s, v_num=ettq, train_loss_step=0.511, val_loss=0.668, train_loss_epoch=0.532]SUCCESS: vision_encoder.blocks.2.1.spatial_block.conv1.fn.dw.weight is Updating! Grad Norm: 0.049153
Epoch 4:  20%|██        | 2/10 [00:14<00:56,  0.14it/s, v_num=ettq, train_loss_step=0.511, val_loss=0.668, train_loss_epoch=0.532]Epoch 4:  20%|██        | 2/10 [00:14<00:56,  0.14it/s, v_num=ettq, train_loss_step=0.459, val_loss=0.668, train_loss_epoch=0.532]SUCCESS: vision_encoder.blocks.2.1.spatial_block.conv1.fn.dw.weight is Updating! Grad Norm: 0.068874
Epoch 4:  30%|███       | 3/10 [00:20<00:48,  0.15it/s, v_num=ettq, train_loss_step=0.459, val_loss=0.668, train_loss_epoch=0.532]Epoch 4:  30%|███       | 3/10 [00:20<00:48,  0.15it/s, v_num=ettq, train_loss_step=0.581, val_loss=0.668, train_loss_epoch=0.532]SUCCESS: vision_encoder.blocks.2.1.spatial_block.conv1.fn.dw.weight is Updating! Grad Norm: 0.054037
Epoch 4:  40%|████      | 4/10 [00:27<00:40,  0.15it/s, v_num=ettq, train_loss_step=0.581, val_loss=0.668, train_loss_epoch=0.532]Epoch 4:  40%|████      | 4/10 [00:27<00:40,  0.15it/s, v_num=ettq, train_loss_step=0.599, val_loss=0.668, train_loss_epoch=0.532]SUCCESS: vision_encoder.blocks.2.1.spatial_block.conv1.fn.dw.weight is Updating! Grad Norm: 0.041824
Epoch 4:  50%|█████     | 5/10 [00:33<00:33,  0.15it/s, v_num=ettq, train_loss_step=0.599, val_loss=0.668, train_loss_epoch=0.532]Epoch 4:  50%|█████     | 5/10 [00:33<00:33,  0.15it/s, v_num=ettq, train_loss_step=0.487, val_loss=0.668, train_loss_epoch=0.532]SUCCESS: vision_encoder.blocks.2.1.spatial_block.conv1.fn.dw.weight is Updating! Grad Norm: 0.040956
Epoch 4:  60%|██████    | 6/10 [00:40<00:26,  0.15it/s, v_num=ettq, train_loss_step=0.487, val_loss=0.668, train_loss_epoch=0.532]Epoch 4:  60%|██████    | 6/10 [00:40<00:26,  0.15it/s, v_num=ettq, train_loss_step=0.506, val_loss=0.668, train_loss_epoch=0.532]SUCCESS: vision_encoder.blocks.2.1.spatial_block.conv1.fn.dw.weight is Updating! Grad Norm: 0.064437
Epoch 4:  70%|███████   | 7/10 [00:46<00:19,  0.15it/s, v_num=ettq, train_loss_step=0.506, val_loss=0.668, train_loss_epoch=0.532]Epoch 4:  70%|███████   | 7/10 [00:46<00:19,  0.15it/s, v_num=ettq, train_loss_step=0.628, val_loss=0.668, train_loss_epoch=0.532]SUCCESS: vision_encoder.blocks.2.1.spatial_block.conv1.fn.dw.weight is Updating! Grad Norm: 0.073369
Epoch 4:  80%|████████  | 8/10 [00:53<00:13,  0.15it/s, v_num=ettq, train_loss_step=0.628, val_loss=0.668, train_loss_epoch=0.532]Epoch 4:  80%|████████  | 8/10 [00:53<00:13,  0.15it/s, v_num=ettq, train_loss_step=0.557, val_loss=0.668, train_loss_epoch=0.532]SUCCESS: vision_encoder.blocks.2.1.spatial_block.conv1.fn.dw.weight is Updating! Grad Norm: 0.077199
Epoch 4:  90%|█████████ | 9/10 [00:59<00:06,  0.15it/s, v_num=ettq, train_loss_step=0.557, val_loss=0.668, train_loss_epoch=0.532]Epoch 4:  90%|█████████ | 9/10 [00:59<00:06,  0.15it/s, v_num=ettq, train_loss_step=0.596, val_loss=0.668, train_loss_epoch=0.532]SUCCESS: vision_encoder.blocks.2.1.spatial_block.conv1.fn.dw.weight is Updating! Grad Norm: 0.062375
Epoch 4: 100%|██████████| 10/10 [01:06<00:00,  0.15it/s, v_num=ettq, train_loss_step=0.596, val_loss=0.668, train_loss_epoch=0.532]Epoch 4: 100%|██████████| 10/10 [01:06<00:00,  0.15it/s, v_num=ettq, train_loss_step=0.483, val_loss=0.668, train_loss_epoch=0.532]
Validation: |          | 0/? [00:00<?, ?it/s][A
Validation:   0%|          | 0/4 [00:00<?, ?it/s][A
Validation DataLoader 0:   0%|          | 0/4 [00:00<?, ?it/s][Atensor(0.4233, device='cuda:0')
tensor(-0.0486, device='cuda:0')

Validation DataLoader 0:  25%|██▌       | 1/4 [00:01<00:04,  0.65it/s][Atensor(0.3200, device='cuda:0')
tensor(-0.0960, device='cuda:0')

Validation DataLoader 0:  50%|█████     | 2/4 [00:03<00:03,  0.64it/s][Atensor(0.3259, device='cuda:0')
tensor(-0.0674, device='cuda:0')

Validation DataLoader 0:  75%|███████▌  | 3/4 [00:04<00:01,  0.64it/s][Atensor(0.2599, device='cuda:0')
tensor(-0.0569, device='cuda:0')

Validation DataLoader 0: 100%|██████████| 4/4 [00:05<00:00,  0.76it/s][A
==================================================
Stage: VAL
Predicted class distribution: 0s = 30, 1s = 77
Actual label distribution:    0s = 80, 1s = 27
Actual Imbalance Ratio (0:1): 2.96:1
==================================================
✅ Model is predicting both classes.
Saved test predictions and probabilities to validation_results_fold_final.xlsx

                                                                      [AEpoch 4: 100%|██████████| 10/10 [01:11<00:00,  0.14it/s, v_num=ettq, train_loss_step=0.483, val_loss=0.657, train_loss_epoch=0.532]Epoch 4: 100%|██████████| 10/10 [01:11<00:00,  0.14it/s, v_num=ettq, train_loss_step=0.483, val_loss=0.657, train_loss_epoch=0.541]Epoch 4:   0%|          | 0/10 [00:00<?, ?it/s, v_num=ettq, train_loss_step=0.483, val_loss=0.657, train_loss_epoch=0.541]         Epoch 5:   0%|          | 0/10 [00:00<?, ?it/s, v_num=ettq, train_loss_step=0.483, val_loss=0.657, train_loss_epoch=0.541]SUCCESS: vision_encoder.blocks.2.1.spatial_block.conv1.fn.dw.weight is Updating! Grad Norm: 0.058771
Epoch 5:  10%|█         | 1/10 [00:07<01:08,  0.13it/s, v_num=ettq, train_loss_step=0.483, val_loss=0.657, train_loss_epoch=0.541]Epoch 5:  10%|█         | 1/10 [00:07<01:08,  0.13it/s, v_num=ettq, train_loss_step=0.589, val_loss=0.657, train_loss_epoch=0.541]SUCCESS: vision_encoder.blocks.2.1.spatial_block.conv1.fn.dw.weight is Updating! Grad Norm: 0.068875
Epoch 5:  20%|██        | 2/10 [00:14<00:56,  0.14it/s, v_num=ettq, train_loss_step=0.589, val_loss=0.657, train_loss_epoch=0.541]Epoch 5:  20%|██        | 2/10 [00:14<00:56,  0.14it/s, v_num=ettq, train_loss_step=0.505, val_loss=0.657, train_loss_epoch=0.541]SUCCESS: vision_encoder.blocks.2.1.spatial_block.conv1.fn.dw.weight is Updating! Grad Norm: 0.060890
Epoch 5:  30%|███       | 3/10 [00:20<00:48,  0.15it/s, v_num=ettq, train_loss_step=0.505, val_loss=0.657, train_loss_epoch=0.541]Epoch 5:  30%|███       | 3/10 [00:20<00:48,  0.15it/s, v_num=ettq, train_loss_step=0.495, val_loss=0.657, train_loss_epoch=0.541]SUCCESS: vision_encoder.blocks.2.1.spatial_block.conv1.fn.dw.weight is Updating! Grad Norm: 0.074710
Epoch 5:  40%|████      | 4/10 [00:27<00:40,  0.15it/s, v_num=ettq, train_loss_step=0.495, val_loss=0.657, train_loss_epoch=0.541]Epoch 5:  40%|████      | 4/10 [00:27<00:40,  0.15it/s, v_num=ettq, train_loss_step=0.510, val_loss=0.657, train_loss_epoch=0.541]SUCCESS: vision_encoder.blocks.2.1.spatial_block.conv1.fn.dw.weight is Updating! Grad Norm: 0.074468
Epoch 5:  50%|█████     | 5/10 [00:33<00:33,  0.15it/s, v_num=ettq, train_loss_step=0.510, val_loss=0.657, train_loss_epoch=0.541]Epoch 5:  50%|█████     | 5/10 [00:33<00:33,  0.15it/s, v_num=ettq, train_loss_step=0.499, val_loss=0.657, train_loss_epoch=0.541]SUCCESS: vision_encoder.blocks.2.1.spatial_block.conv1.fn.dw.weight is Updating! Grad Norm: 0.060777
Epoch 5:  60%|██████    | 6/10 [00:40<00:26,  0.15it/s, v_num=ettq, train_loss_step=0.499, val_loss=0.657, train_loss_epoch=0.541]Epoch 5:  60%|██████    | 6/10 [00:40<00:26,  0.15it/s, v_num=ettq, train_loss_step=0.497, val_loss=0.657, train_loss_epoch=0.541]SUCCESS: vision_encoder.blocks.2.1.spatial_block.conv1.fn.dw.weight is Updating! Grad Norm: 0.043077
Epoch 5:  70%|███████   | 7/10 [00:46<00:19,  0.15it/s, v_num=ettq, train_loss_step=0.497, val_loss=0.657, train_loss_epoch=0.541]Epoch 5:  70%|███████   | 7/10 [00:46<00:19,  0.15it/s, v_num=ettq, train_loss_step=0.635, val_loss=0.657, train_loss_epoch=0.541]SUCCESS: vision_encoder.blocks.2.1.spatial_block.conv1.fn.dw.weight is Updating! Grad Norm: 0.053823
Epoch 5:  80%|████████  | 8/10 [00:53<00:13,  0.15it/s, v_num=ettq, train_loss_step=0.635, val_loss=0.657, train_loss_epoch=0.541]Epoch 5:  80%|████████  | 8/10 [00:53<00:13,  0.15it/s, v_num=ettq, train_loss_step=0.532, val_loss=0.657, train_loss_epoch=0.541]SUCCESS: vision_encoder.blocks.2.1.spatial_block.conv1.fn.dw.weight is Updating! Grad Norm: 0.055308
Epoch 5:  90%|█████████ | 9/10 [00:59<00:06,  0.15it/s, v_num=ettq, train_loss_step=0.532, val_loss=0.657, train_loss_epoch=0.541]Epoch 5:  90%|█████████ | 9/10 [00:59<00:06,  0.15it/s, v_num=ettq, train_loss_step=0.555, val_loss=0.657, train_loss_epoch=0.541]SUCCESS: vision_encoder.blocks.2.1.spatial_block.conv1.fn.dw.weight is Updating! Grad Norm: 0.052305
Epoch 5: 100%|██████████| 10/10 [01:06<00:00,  0.15it/s, v_num=ettq, train_loss_step=0.555, val_loss=0.657, train_loss_epoch=0.541]Epoch 5: 100%|██████████| 10/10 [01:06<00:00,  0.15it/s, v_num=ettq, train_loss_step=0.493, val_loss=0.657, train_loss_epoch=0.541]
Validation: |          | 0/? [00:00<?, ?it/s][A
Validation:   0%|          | 0/4 [00:00<?, ?it/s][A
Validation DataLoader 0:   0%|          | 0/4 [00:00<?, ?it/s][Atensor(0.4703, device='cuda:0')
tensor(-0.0526, device='cuda:0')

Validation DataLoader 0:  25%|██▌       | 1/4 [00:01<00:04,  0.65it/s][Atensor(0.3571, device='cuda:0')
tensor(-0.0799, device='cuda:0')

Validation DataLoader 0:  50%|█████     | 2/4 [00:03<00:03,  0.65it/s][Atensor(0.3575, device='cuda:0')
tensor(-0.0777, device='cuda:0')

Validation DataLoader 0:  75%|███████▌  | 3/4 [00:04<00:01,  0.64it/s][Atensor(0.3172, device='cuda:0')
tensor(-0.0627, device='cuda:0')

Validation DataLoader 0: 100%|██████████| 4/4 [00:05<00:00,  0.76it/s][A
==================================================
Stage: VAL
Predicted class distribution: 0s = 36, 1s = 71
Actual label distribution:    0s = 80, 1s = 27
Actual Imbalance Ratio (0:1): 2.96:1
==================================================
✅ Model is predicting both classes.
Saved test predictions and probabilities to validation_results_fold_final.xlsx

                                                                      [AEpoch 5: 100%|██████████| 10/10 [01:12<00:00,  0.14it/s, v_num=ettq, train_loss_step=0.493, val_loss=0.646, train_loss_epoch=0.541]Epoch 5: 100%|██████████| 10/10 [01:12<00:00,  0.14it/s, v_num=ettq, train_loss_step=0.493, val_loss=0.646, train_loss_epoch=0.531]Epoch 5:   0%|          | 0/10 [00:00<?, ?it/s, v_num=ettq, train_loss_step=0.493, val_loss=0.646, train_loss_epoch=0.531]         Epoch 6:   0%|          | 0/10 [00:00<?, ?it/s, v_num=ettq, train_loss_step=0.493, val_loss=0.646, train_loss_epoch=0.531]SUCCESS: vision_encoder.blocks.2.1.spatial_block.conv1.fn.dw.weight is Updating! Grad Norm: 0.064250
Epoch 6:  10%|█         | 1/10 [00:07<01:09,  0.13it/s, v_num=ettq, train_loss_step=0.493, val_loss=0.646, train_loss_epoch=0.531]Epoch 6:  10%|█         | 1/10 [00:07<01:09,  0.13it/s, v_num=ettq, train_loss_step=0.580, val_loss=0.646, train_loss_epoch=0.531]SUCCESS: vision_encoder.blocks.2.1.spatial_block.conv1.fn.dw.weight is Updating! Grad Norm: 0.051211
Epoch 6:  20%|██        | 2/10 [00:14<00:56,  0.14it/s, v_num=ettq, train_loss_step=0.580, val_loss=0.646, train_loss_epoch=0.531]Epoch 6:  20%|██        | 2/10 [00:14<00:56,  0.14it/s, v_num=ettq, train_loss_step=0.505, val_loss=0.646, train_loss_epoch=0.531]SUCCESS: vision_encoder.blocks.2.1.spatial_block.conv1.fn.dw.weight is Updating! Grad Norm: 0.045845
Epoch 6:  30%|███       | 3/10 [00:20<00:48,  0.15it/s, v_num=ettq, train_loss_step=0.505, val_loss=0.646, train_loss_epoch=0.531]Epoch 6:  30%|███       | 3/10 [00:20<00:48,  0.14it/s, v_num=ettq, train_loss_step=0.529, val_loss=0.646, train_loss_epoch=0.531]SUCCESS: vision_encoder.blocks.2.1.spatial_block.conv1.fn.dw.weight is Updating! Grad Norm: 0.080158
Epoch 6:  40%|████      | 4/10 [00:27<00:40,  0.15it/s, v_num=ettq, train_loss_step=0.529, val_loss=0.646, train_loss_epoch=0.531]Epoch 6:  40%|████      | 4/10 [00:27<00:40,  0.15it/s, v_num=ettq, train_loss_step=0.498, val_loss=0.646, train_loss_epoch=0.531]SUCCESS: vision_encoder.blocks.2.1.spatial_block.conv1.fn.dw.weight is Updating! Grad Norm: 0.060705
Epoch 6:  50%|█████     | 5/10 [00:33<00:33,  0.15it/s, v_num=ettq, train_loss_step=0.498, val_loss=0.646, train_loss_epoch=0.531]Epoch 6:  50%|█████     | 5/10 [00:33<00:33,  0.15it/s, v_num=ettq, train_loss_step=0.593, val_loss=0.646, train_loss_epoch=0.531]SUCCESS: vision_encoder.blocks.2.1.spatial_block.conv1.fn.dw.weight is Updating! Grad Norm: 0.063573
Epoch 6:  60%|██████    | 6/10 [00:40<00:26,  0.15it/s, v_num=ettq, train_loss_step=0.593, val_loss=0.646, train_loss_epoch=0.531]Epoch 6:  60%|██████    | 6/10 [00:40<00:26,  0.15it/s, v_num=ettq, train_loss_step=0.539, val_loss=0.646, train_loss_epoch=0.531]SUCCESS: vision_encoder.blocks.2.1.spatial_block.conv1.fn.dw.weight is Updating! Grad Norm: 0.068905
Epoch 6:  70%|███████   | 7/10 [00:46<00:20,  0.15it/s, v_num=ettq, train_loss_step=0.539, val_loss=0.646, train_loss_epoch=0.531]Epoch 6:  70%|███████   | 7/10 [00:46<00:20,  0.15it/s, v_num=ettq, train_loss_step=0.576, val_loss=0.646, train_loss_epoch=0.531]SUCCESS: vision_encoder.blocks.2.1.spatial_block.conv1.fn.dw.weight is Updating! Grad Norm: 0.075595
Epoch 6:  80%|████████  | 8/10 [00:53<00:13,  0.15it/s, v_num=ettq, train_loss_step=0.576, val_loss=0.646, train_loss_epoch=0.531]Epoch 6:  80%|████████  | 8/10 [00:53<00:13,  0.15it/s, v_num=ettq, train_loss_step=0.485, val_loss=0.646, train_loss_epoch=0.531]SUCCESS: vision_encoder.blocks.2.1.spatial_block.conv1.fn.dw.weight is Updating! Grad Norm: 0.059658
Epoch 6:  90%|█████████ | 9/10 [00:59<00:06,  0.15it/s, v_num=ettq, train_loss_step=0.485, val_loss=0.646, train_loss_epoch=0.531]Epoch 6:  90%|█████████ | 9/10 [00:59<00:06,  0.15it/s, v_num=ettq, train_loss_step=0.355, val_loss=0.646, train_loss_epoch=0.531]SUCCESS: vision_encoder.blocks.2.1.spatial_block.conv1.fn.dw.weight is Updating! Grad Norm: 0.112402
Epoch 6: 100%|██████████| 10/10 [01:06<00:00,  0.15it/s, v_num=ettq, train_loss_step=0.355, val_loss=0.646, train_loss_epoch=0.531]Epoch 6: 100%|██████████| 10/10 [01:06<00:00,  0.15it/s, v_num=ettq, train_loss_step=0.494, val_loss=0.646, train_loss_epoch=0.531]
Validation: |          | 0/? [00:00<?, ?it/s][A
Validation:   0%|          | 0/4 [00:00<?, ?it/s][A
Validation DataLoader 0:   0%|          | 0/4 [00:00<?, ?it/s][Atensor(0.5188, device='cuda:0')
tensor(-0.0466, device='cuda:0')

Validation DataLoader 0:  25%|██▌       | 1/4 [00:01<00:04,  0.65it/s][Atensor(0.3986, device='cuda:0')
tensor(-0.0655, device='cuda:0')

Validation DataLoader 0:  50%|█████     | 2/4 [00:03<00:03,  0.64it/s][Atensor(0.3890, device='cuda:0')
tensor(-0.0781, device='cuda:0')

Validation DataLoader 0:  75%|███████▌  | 3/4 [00:04<00:01,  0.64it/s][Atensor(0.3651, device='cuda:0')
tensor(-0.0654, device='cuda:0')

Validation DataLoader 0: 100%|██████████| 4/4 [00:05<00:00,  0.76it/s][A
==================================================
Stage: VAL
Predicted class distribution: 0s = 46, 1s = 61
Actual label distribution:    0s = 80, 1s = 27
Actual Imbalance Ratio (0:1): 2.96:1
==================================================
✅ Model is predicting both classes.
Saved test predictions and probabilities to validation_results_fold_final.xlsx

                                                                      [AEpoch 6: 100%|██████████| 10/10 [01:12<00:00,  0.14it/s, v_num=ettq, train_loss_step=0.494, val_loss=0.637, train_loss_epoch=0.531]Epoch 6: 100%|██████████| 10/10 [01:12<00:00,  0.14it/s, v_num=ettq, train_loss_step=0.494, val_loss=0.637, train_loss_epoch=0.515]Epoch 6:   0%|          | 0/10 [00:00<?, ?it/s, v_num=ettq, train_loss_step=0.494, val_loss=0.637, train_loss_epoch=0.515]         Epoch 7:   0%|          | 0/10 [00:00<?, ?it/s, v_num=ettq, train_loss_step=0.494, val_loss=0.637, train_loss_epoch=0.515]SUCCESS: vision_encoder.blocks.2.1.spatial_block.conv1.fn.dw.weight is Updating! Grad Norm: 0.066959
Epoch 7:  10%|█         | 1/10 [00:07<01:08,  0.13it/s, v_num=ettq, train_loss_step=0.494, val_loss=0.637, train_loss_epoch=0.515]Epoch 7:  10%|█         | 1/10 [00:07<01:09,  0.13it/s, v_num=ettq, train_loss_step=0.538, val_loss=0.637, train_loss_epoch=0.515]SUCCESS: vision_encoder.blocks.2.1.spatial_block.conv1.fn.dw.weight is Updating! Grad Norm: 0.056687
Epoch 7:  20%|██        | 2/10 [00:14<00:56,  0.14it/s, v_num=ettq, train_loss_step=0.538, val_loss=0.637, train_loss_epoch=0.515]Epoch 7:  20%|██        | 2/10 [00:14<00:56,  0.14it/s, v_num=ettq, train_loss_step=0.529, val_loss=0.637, train_loss_epoch=0.515]SUCCESS: vision_encoder.blocks.2.1.spatial_block.conv1.fn.dw.weight is Updating! Grad Norm: 0.072637
Epoch 7:  30%|███       | 3/10 [00:20<00:48,  0.15it/s, v_num=ettq, train_loss_step=0.529, val_loss=0.637, train_loss_epoch=0.515]Epoch 7:  30%|███       | 3/10 [00:20<00:48,  0.15it/s, v_num=ettq, train_loss_step=0.427, val_loss=0.637, train_loss_epoch=0.515]SUCCESS: vision_encoder.blocks.2.1.spatial_block.conv1.fn.dw.weight is Updating! Grad Norm: 0.044580
Epoch 7:  40%|████      | 4/10 [00:27<00:40,  0.15it/s, v_num=ettq, train_loss_step=0.427, val_loss=0.637, train_loss_epoch=0.515]Epoch 7:  40%|████      | 4/10 [00:27<00:40,  0.15it/s, v_num=ettq, train_loss_step=0.538, val_loss=0.637, train_loss_epoch=0.515]SUCCESS: vision_encoder.blocks.2.1.spatial_block.conv1.fn.dw.weight is Updating! Grad Norm: 0.057886
Epoch 7:  50%|█████     | 5/10 [00:33<00:33,  0.15it/s, v_num=ettq, train_loss_step=0.538, val_loss=0.637, train_loss_epoch=0.515]Epoch 7:  50%|█████     | 5/10 [00:33<00:33,  0.15it/s, v_num=ettq, train_loss_step=0.533, val_loss=0.637, train_loss_epoch=0.515]SUCCESS: vision_encoder.blocks.2.1.spatial_block.conv1.fn.dw.weight is Updating! Grad Norm: 0.049559
Epoch 7:  60%|██████    | 6/10 [00:40<00:26,  0.15it/s, v_num=ettq, train_loss_step=0.533, val_loss=0.637, train_loss_epoch=0.515]Epoch 7:  60%|██████    | 6/10 [00:40<00:26,  0.15it/s, v_num=ettq, train_loss_step=0.520, val_loss=0.637, train_loss_epoch=0.515]SUCCESS: vision_encoder.blocks.2.1.spatial_block.conv1.fn.dw.weight is Updating! Grad Norm: 0.042165
Epoch 7:  70%|███████   | 7/10 [00:46<00:19,  0.15it/s, v_num=ettq, train_loss_step=0.520, val_loss=0.637, train_loss_epoch=0.515]Epoch 7:  70%|███████   | 7/10 [00:46<00:19,  0.15it/s, v_num=ettq, train_loss_step=0.449, val_loss=0.637, train_loss_epoch=0.515]SUCCESS: vision_encoder.blocks.2.1.spatial_block.conv1.fn.dw.weight is Updating! Grad Norm: 0.044959
Epoch 7:  80%|████████  | 8/10 [00:53<00:13,  0.15it/s, v_num=ettq, train_loss_step=0.449, val_loss=0.637, train_loss_epoch=0.515]Epoch 7:  80%|████████  | 8/10 [00:53<00:13,  0.15it/s, v_num=ettq, train_loss_step=0.462, val_loss=0.637, train_loss_epoch=0.515]SUCCESS: vision_encoder.blocks.2.1.spatial_block.conv1.fn.dw.weight is Updating! Grad Norm: 0.049393
Epoch 7:  90%|█████████ | 9/10 [00:59<00:06,  0.15it/s, v_num=ettq, train_loss_step=0.462, val_loss=0.637, train_loss_epoch=0.515]Epoch 7:  90%|█████████ | 9/10 [00:59<00:06,  0.15it/s, v_num=ettq, train_loss_step=0.542, val_loss=0.637, train_loss_epoch=0.515]SUCCESS: vision_encoder.blocks.2.1.spatial_block.conv1.fn.dw.weight is Updating! Grad Norm: 0.060198
Epoch 7: 100%|██████████| 10/10 [01:06<00:00,  0.15it/s, v_num=ettq, train_loss_step=0.542, val_loss=0.637, train_loss_epoch=0.515]Epoch 7: 100%|██████████| 10/10 [01:06<00:00,  0.15it/s, v_num=ettq, train_loss_step=0.440, val_loss=0.637, train_loss_epoch=0.515]
Validation: |          | 0/? [00:00<?, ?it/s][A
Validation:   0%|          | 0/4 [00:00<?, ?it/s][A
Validation DataLoader 0:   0%|          | 0/4 [00:00<?, ?it/s][Atensor(0.5755, device='cuda:0')
tensor(-0.0450, device='cuda:0')

Validation DataLoader 0:  25%|██▌       | 1/4 [00:01<00:04,  0.65it/s][Atensor(0.4453, device='cuda:0')
tensor(-0.0709, device='cuda:0')

Validation DataLoader 0:  50%|█████     | 2/4 [00:03<00:03,  0.65it/s][Atensor(0.4381, device='cuda:0')
tensor(-0.0696, device='cuda:0')

Validation DataLoader 0:  75%|███████▌  | 3/4 [00:04<00:01,  0.64it/s][Atensor(0.4113, device='cuda:0')
tensor(-0.0725, device='cuda:0')

Validation DataLoader 0: 100%|██████████| 4/4 [00:05<00:00,  0.76it/s][A
==================================================
Stage: VAL
Predicted class distribution: 0s = 56, 1s = 51
Actual label distribution:    0s = 80, 1s = 27
Actual Imbalance Ratio (0:1): 2.96:1
==================================================
✅ Model is predicting both classes.
Saved test predictions and probabilities to validation_results_fold_final.xlsx

                                                                      [AEpoch 7: 100%|██████████| 10/10 [01:11<00:00,  0.14it/s, v_num=ettq, train_loss_step=0.440, val_loss=0.629, train_loss_epoch=0.515]Epoch 7: 100%|██████████| 10/10 [01:11<00:00,  0.14it/s, v_num=ettq, train_loss_step=0.440, val_loss=0.629, train_loss_epoch=0.498]Epoch 7:   0%|          | 0/10 [00:00<?, ?it/s, v_num=ettq, train_loss_step=0.440, val_loss=0.629, train_loss_epoch=0.498]         Epoch 8:   0%|          | 0/10 [00:00<?, ?it/s, v_num=ettq, train_loss_step=0.440, val_loss=0.629, train_loss_epoch=0.498]SUCCESS: vision_encoder.blocks.2.1.spatial_block.conv1.fn.dw.weight is Updating! Grad Norm: 0.062257
Epoch 8:  10%|█         | 1/10 [00:08<01:12,  0.12it/s, v_num=ettq, train_loss_step=0.440, val_loss=0.629, train_loss_epoch=0.498]Epoch 8:  10%|█         | 1/10 [00:08<01:12,  0.12it/s, v_num=ettq, train_loss_step=0.353, val_loss=0.629, train_loss_epoch=0.498]SUCCESS: vision_encoder.blocks.2.1.spatial_block.conv1.fn.dw.weight is Updating! Grad Norm: 0.057888
Epoch 8:  20%|██        | 2/10 [00:14<00:58,  0.14it/s, v_num=ettq, train_loss_step=0.353, val_loss=0.629, train_loss_epoch=0.498]Epoch 8:  20%|██        | 2/10 [00:14<00:58,  0.14it/s, v_num=ettq, train_loss_step=0.467, val_loss=0.629, train_loss_epoch=0.498]SUCCESS: vision_encoder.blocks.2.1.spatial_block.conv1.fn.dw.weight is Updating! Grad Norm: 0.061568
Epoch 8:  30%|███       | 3/10 [00:21<00:49,  0.14it/s, v_num=ettq, train_loss_step=0.467, val_loss=0.629, train_loss_epoch=0.498]Epoch 8:  30%|███       | 3/10 [00:21<00:49,  0.14it/s, v_num=ettq, train_loss_step=0.635, val_loss=0.629, train_loss_epoch=0.498]SUCCESS: vision_encoder.blocks.2.1.spatial_block.conv1.fn.dw.weight is Updating! Grad Norm: 0.055822
Epoch 8:  40%|████      | 4/10 [00:27<00:41,  0.15it/s, v_num=ettq, train_loss_step=0.635, val_loss=0.629, train_loss_epoch=0.498]Epoch 8:  40%|████      | 4/10 [00:27<00:41,  0.15it/s, v_num=ettq, train_loss_step=0.510, val_loss=0.629, train_loss_epoch=0.498]SUCCESS: vision_encoder.blocks.2.1.spatial_block.conv1.fn.dw.weight is Updating! Grad Norm: 0.064371
Epoch 8:  50%|█████     | 5/10 [00:33<00:33,  0.15it/s, v_num=ettq, train_loss_step=0.510, val_loss=0.629, train_loss_epoch=0.498]Epoch 8:  50%|█████     | 5/10 [00:33<00:33,  0.15it/s, v_num=ettq, train_loss_step=0.477, val_loss=0.629, train_loss_epoch=0.498]SUCCESS: vision_encoder.blocks.2.1.spatial_block.conv1.fn.dw.weight is Updating! Grad Norm: 0.046696
Epoch 8:  60%|██████    | 6/10 [00:40<00:26,  0.15it/s, v_num=ettq, train_loss_step=0.477, val_loss=0.629, train_loss_epoch=0.498]Epoch 8:  60%|██████    | 6/10 [00:40<00:26,  0.15it/s, v_num=ettq, train_loss_step=0.439, val_loss=0.629, train_loss_epoch=0.498]SUCCESS: vision_encoder.blocks.2.1.spatial_block.conv1.fn.dw.weight is Updating! Grad Norm: 0.052557
Epoch 8:  70%|███████   | 7/10 [00:46<00:20,  0.15it/s, v_num=ettq, train_loss_step=0.439, val_loss=0.629, train_loss_epoch=0.498]Epoch 8:  70%|███████   | 7/10 [00:46<00:20,  0.15it/s, v_num=ettq, train_loss_step=0.467, val_loss=0.629, train_loss_epoch=0.498]SUCCESS: vision_encoder.blocks.2.1.spatial_block.conv1.fn.dw.weight is Updating! Grad Norm: 0.060439
Epoch 8:  80%|████████  | 8/10 [00:53<00:13,  0.15it/s, v_num=ettq, train_loss_step=0.467, val_loss=0.629, train_loss_epoch=0.498]Epoch 8:  80%|████████  | 8/10 [00:53<00:13,  0.15it/s, v_num=ettq, train_loss_step=0.461, val_loss=0.629, train_loss_epoch=0.498]SUCCESS: vision_encoder.blocks.2.1.spatial_block.conv1.fn.dw.weight is Updating! Grad Norm: 0.063605
Epoch 8:  90%|█████████ | 9/10 [00:59<00:06,  0.15it/s, v_num=ettq, train_loss_step=0.461, val_loss=0.629, train_loss_epoch=0.498]Epoch 8:  90%|█████████ | 9/10 [00:59<00:06,  0.15it/s, v_num=ettq, train_loss_step=0.512, val_loss=0.629, train_loss_epoch=0.498]SUCCESS: vision_encoder.blocks.2.1.spatial_block.conv1.fn.dw.weight is Updating! Grad Norm: 0.055713
Epoch 8: 100%|██████████| 10/10 [01:06<00:00,  0.15it/s, v_num=ettq, train_loss_step=0.512, val_loss=0.629, train_loss_epoch=0.498]Epoch 8: 100%|██████████| 10/10 [01:06<00:00,  0.15it/s, v_num=ettq, train_loss_step=0.516, val_loss=0.629, train_loss_epoch=0.498]
Validation: |          | 0/? [00:00<?, ?it/s][A
Validation:   0%|          | 0/4 [00:00<?, ?it/s][A
Validation DataLoader 0:   0%|          | 0/4 [00:00<?, ?it/s][Atensor(0.6146, device='cuda:0')
tensor(-0.0417, device='cuda:0')

Validation DataLoader 0:  25%|██▌       | 1/4 [00:01<00:04,  0.65it/s][Atensor(0.4813, device='cuda:0')
tensor(-0.0743, device='cuda:0')

Validation DataLoader 0:  50%|█████     | 2/4 [00:03<00:03,  0.65it/s][Atensor(0.4899, device='cuda:0')
tensor(-0.0494, device='cuda:0')

Validation DataLoader 0:  75%|███████▌  | 3/4 [00:04<00:01,  0.65it/s][Atensor(0.4470, device='cuda:0')
tensor(-0.0765, device='cuda:0')

Validation DataLoader 0: 100%|██████████| 4/4 [00:05<00:00,  0.77it/s][A
==================================================
Stage: VAL
Predicted class distribution: 0s = 58, 1s = 49
Actual label distribution:    0s = 80, 1s = 27
Actual Imbalance Ratio (0:1): 2.96:1
==================================================
✅ Model is predicting both classes.
Saved test predictions and probabilities to validation_results_fold_final.xlsx

                                                                      [AEpoch 8: 100%|██████████| 10/10 [01:12<00:00,  0.14it/s, v_num=ettq, train_loss_step=0.516, val_loss=0.622, train_loss_epoch=0.498]Epoch 8: 100%|██████████| 10/10 [01:12<00:00,  0.14it/s, v_num=ettq, train_loss_step=0.516, val_loss=0.622, train_loss_epoch=0.484]Epoch 8:   0%|          | 0/10 [00:00<?, ?it/s, v_num=ettq, train_loss_step=0.516, val_loss=0.622, train_loss_epoch=0.484]         Epoch 9:   0%|          | 0/10 [00:00<?, ?it/s, v_num=ettq, train_loss_step=0.516, val_loss=0.622, train_loss_epoch=0.484]SUCCESS: vision_encoder.blocks.2.1.spatial_block.conv1.fn.dw.weight is Updating! Grad Norm: 0.052802
Epoch 9:  10%|█         | 1/10 [00:07<01:08,  0.13it/s, v_num=ettq, train_loss_step=0.516, val_loss=0.622, train_loss_epoch=0.484]Epoch 9:  10%|█         | 1/10 [00:07<01:08,  0.13it/s, v_num=ettq, train_loss_step=0.494, val_loss=0.622, train_loss_epoch=0.484]SUCCESS: vision_encoder.blocks.2.1.spatial_block.conv1.fn.dw.weight is Updating! Grad Norm: 0.084172
Epoch 9:  20%|██        | 2/10 [00:14<00:56,  0.14it/s, v_num=ettq, train_loss_step=0.494, val_loss=0.622, train_loss_epoch=0.484]Epoch 9:  20%|██        | 2/10 [00:14<00:56,  0.14it/s, v_num=ettq, train_loss_step=0.521, val_loss=0.622, train_loss_epoch=0.484]SUCCESS: vision_encoder.blocks.2.1.spatial_block.conv1.fn.dw.weight is Updating! Grad Norm: 0.072566
Epoch 9:  30%|███       | 3/10 [00:20<00:47,  0.15it/s, v_num=ettq, train_loss_step=0.521, val_loss=0.622, train_loss_epoch=0.484]Epoch 9:  30%|███       | 3/10 [00:20<00:48,  0.15it/s, v_num=ettq, train_loss_step=0.443, val_loss=0.622, train_loss_epoch=0.484]SUCCESS: vision_encoder.blocks.2.1.spatial_block.conv1.fn.dw.weight is Updating! Grad Norm: 0.060380
Epoch 9:  40%|████      | 4/10 [00:27<00:40,  0.15it/s, v_num=ettq, train_loss_step=0.443, val_loss=0.622, train_loss_epoch=0.484]Epoch 9:  40%|████      | 4/10 [00:27<00:40,  0.15it/s, v_num=ettq, train_loss_step=0.428, val_loss=0.622, train_loss_epoch=0.484]SUCCESS: vision_encoder.blocks.2.1.spatial_block.conv1.fn.dw.weight is Updating! Grad Norm: 0.055834
Epoch 9:  50%|█████     | 5/10 [00:33<00:33,  0.15it/s, v_num=ettq, train_loss_step=0.428, val_loss=0.622, train_loss_epoch=0.484]Epoch 9:  50%|█████     | 5/10 [00:33<00:33,  0.15it/s, v_num=ettq, train_loss_step=0.432, val_loss=0.622, train_loss_epoch=0.484]SUCCESS: vision_encoder.blocks.2.1.spatial_block.conv1.fn.dw.weight is Updating! Grad Norm: 0.056635
Epoch 9:  60%|██████    | 6/10 [00:40<00:26,  0.15it/s, v_num=ettq, train_loss_step=0.432, val_loss=0.622, train_loss_epoch=0.484]Epoch 9:  60%|██████    | 6/10 [00:40<00:26,  0.15it/s, v_num=ettq, train_loss_step=0.501, val_loss=0.622, train_loss_epoch=0.484]SUCCESS: vision_encoder.blocks.2.1.spatial_block.conv1.fn.dw.weight is Updating! Grad Norm: 0.060581
Epoch 9:  70%|███████   | 7/10 [00:46<00:19,  0.15it/s, v_num=ettq, train_loss_step=0.501, val_loss=0.622, train_loss_epoch=0.484]Epoch 9:  70%|███████   | 7/10 [00:46<00:19,  0.15it/s, v_num=ettq, train_loss_step=0.473, val_loss=0.622, train_loss_epoch=0.484]SUCCESS: vision_encoder.blocks.2.1.spatial_block.conv1.fn.dw.weight is Updating! Grad Norm: 0.051590
Epoch 9:  80%|████████  | 8/10 [00:53<00:13,  0.15it/s, v_num=ettq, train_loss_step=0.473, val_loss=0.622, train_loss_epoch=0.484]Epoch 9:  80%|████████  | 8/10 [00:53<00:13,  0.15it/s, v_num=ettq, train_loss_step=0.479, val_loss=0.622, train_loss_epoch=0.484]SUCCESS: vision_encoder.blocks.2.1.spatial_block.conv1.fn.dw.weight is Updating! Grad Norm: 0.041557
Epoch 9:  90%|█████████ | 9/10 [00:59<00:06,  0.15it/s, v_num=ettq, train_loss_step=0.479, val_loss=0.622, train_loss_epoch=0.484]Epoch 9:  90%|█████████ | 9/10 [00:59<00:06,  0.15it/s, v_num=ettq, train_loss_step=0.449, val_loss=0.622, train_loss_epoch=0.484]SUCCESS: vision_encoder.blocks.2.1.spatial_block.conv1.fn.dw.weight is Updating! Grad Norm: 0.056034
Epoch 9: 100%|██████████| 10/10 [01:06<00:00,  0.15it/s, v_num=ettq, train_loss_step=0.449, val_loss=0.622, train_loss_epoch=0.484]Epoch 9: 100%|██████████| 10/10 [01:06<00:00,  0.15it/s, v_num=ettq, train_loss_step=0.447, val_loss=0.622, train_loss_epoch=0.484]
Validation: |          | 0/? [00:00<?, ?it/s][A
Validation:   0%|          | 0/4 [00:00<?, ?it/s][A
Validation DataLoader 0:   0%|          | 0/4 [00:00<?, ?it/s][Atensor(0.6489, device='cuda:0')
tensor(-0.0324, device='cuda:0')

Validation DataLoader 0:  25%|██▌       | 1/4 [00:01<00:04,  0.65it/s][Atensor(0.5477, device='cuda:0')
tensor(-0.0806, device='cuda:0')

Validation DataLoader 0:  50%|█████     | 2/4 [00:03<00:03,  0.65it/s][Atensor(0.5553, device='cuda:0')
tensor(-0.0526, device='cuda:0')

Validation DataLoader 0:  75%|███████▌  | 3/4 [00:04<00:01,  0.64it/s][Atensor(0.4883, device='cuda:0')
tensor(-0.0815, device='cuda:0')

Validation DataLoader 0: 100%|██████████| 4/4 [00:05<00:00,  0.76it/s][A
==================================================
Stage: VAL
Predicted class distribution: 0s = 61, 1s = 46
Actual label distribution:    0s = 80, 1s = 27
Actual Imbalance Ratio (0:1): 2.96:1
==================================================
✅ Model is predicting both classes.
Saved test predictions and probabilities to validation_results_fold_final.xlsx

                                                                      [AEpoch 9: 100%|██████████| 10/10 [01:11<00:00,  0.14it/s, v_num=ettq, train_loss_step=0.447, val_loss=0.614, train_loss_epoch=0.484]Epoch 9: 100%|██████████| 10/10 [01:11<00:00,  0.14it/s, v_num=ettq, train_loss_step=0.447, val_loss=0.614, train_loss_epoch=0.467]Epoch 9:   0%|          | 0/10 [00:00<?, ?it/s, v_num=ettq, train_loss_step=0.447, val_loss=0.614, train_loss_epoch=0.467]         Epoch 10:   0%|          | 0/10 [00:00<?, ?it/s, v_num=ettq, train_loss_step=0.447, val_loss=0.614, train_loss_epoch=0.467]SUCCESS: vision_encoder.blocks.2.1.spatial_block.conv1.fn.dw.weight is Updating! Grad Norm: 0.063680
Epoch 10:  10%|█         | 1/10 [00:08<01:12,  0.12it/s, v_num=ettq, train_loss_step=0.447, val_loss=0.614, train_loss_epoch=0.467]Epoch 10:  10%|█         | 1/10 [00:08<01:12,  0.12it/s, v_num=ettq, train_loss_step=0.459, val_loss=0.614, train_loss_epoch=0.467]SUCCESS: vision_encoder.blocks.2.1.spatial_block.conv1.fn.dw.weight is Updating! Grad Norm: 0.083482
Epoch 10:  20%|██        | 2/10 [00:14<00:57,  0.14it/s, v_num=ettq, train_loss_step=0.459, val_loss=0.614, train_loss_epoch=0.467]Epoch 10:  20%|██        | 2/10 [00:14<00:58,  0.14it/s, v_num=ettq, train_loss_step=0.489, val_loss=0.614, train_loss_epoch=0.467]SUCCESS: vision_encoder.blocks.2.1.spatial_block.conv1.fn.dw.weight is Updating! Grad Norm: 0.070062
Epoch 10:  30%|███       | 3/10 [00:20<00:48,  0.14it/s, v_num=ettq, train_loss_step=0.489, val_loss=0.614, train_loss_epoch=0.467]Epoch 10:  30%|███       | 3/10 [00:20<00:48,  0.14it/s, v_num=ettq, train_loss_step=0.514, val_loss=0.614, train_loss_epoch=0.467]SUCCESS: vision_encoder.blocks.2.1.spatial_block.conv1.fn.dw.weight is Updating! Grad Norm: 0.066661
Epoch 10:  40%|████      | 4/10 [00:27<00:41,  0.15it/s, v_num=ettq, train_loss_step=0.514, val_loss=0.614, train_loss_epoch=0.467]Epoch 10:  40%|████      | 4/10 [00:27<00:41,  0.15it/s, v_num=ettq, train_loss_step=0.428, val_loss=0.614, train_loss_epoch=0.467]SUCCESS: vision_encoder.blocks.2.1.spatial_block.conv1.fn.dw.weight is Updating! Grad Norm: 0.046357
Epoch 10:  50%|█████     | 5/10 [00:33<00:33,  0.15it/s, v_num=ettq, train_loss_step=0.428, val_loss=0.614, train_loss_epoch=0.467]Epoch 10:  50%|█████     | 5/10 [00:34<00:34,  0.15it/s, v_num=ettq, train_loss_step=0.499, val_loss=0.614, train_loss_epoch=0.467]SUCCESS: vision_encoder.blocks.2.1.spatial_block.conv1.fn.dw.weight is Updating! Grad Norm: 0.055443
Epoch 10:  60%|██████    | 6/10 [00:40<00:27,  0.15it/s, v_num=ettq, train_loss_step=0.499, val_loss=0.614, train_loss_epoch=0.467]Epoch 10:  60%|██████    | 6/10 [00:40<00:27,  0.15it/s, v_num=ettq, train_loss_step=0.434, val_loss=0.614, train_loss_epoch=0.467]SUCCESS: vision_encoder.blocks.2.1.spatial_block.conv1.fn.dw.weight is Updating! Grad Norm: 0.053784
Epoch 10:  70%|███████   | 7/10 [00:47<00:20,  0.15it/s, v_num=ettq, train_loss_step=0.434, val_loss=0.614, train_loss_epoch=0.467]Epoch 10:  70%|███████   | 7/10 [00:47<00:20,  0.15it/s, v_num=ettq, train_loss_step=0.480, val_loss=0.614, train_loss_epoch=0.467]SUCCESS: vision_encoder.blocks.2.1.spatial_block.conv1.fn.dw.weight is Updating! Grad Norm: 0.073425
Epoch 10:  80%|████████  | 8/10 [00:53<00:13,  0.15it/s, v_num=ettq, train_loss_step=0.480, val_loss=0.614, train_loss_epoch=0.467]Epoch 10:  80%|████████  | 8/10 [00:53<00:13,  0.15it/s, v_num=ettq, train_loss_step=0.457, val_loss=0.614, train_loss_epoch=0.467]SUCCESS: vision_encoder.blocks.2.1.spatial_block.conv1.fn.dw.weight is Updating! Grad Norm: 0.069190
Epoch 10:  90%|█████████ | 9/10 [01:00<00:06,  0.15it/s, v_num=ettq, train_loss_step=0.457, val_loss=0.614, train_loss_epoch=0.467]Epoch 10:  90%|█████████ | 9/10 [01:00<00:06,  0.15it/s, v_num=ettq, train_loss_step=0.495, val_loss=0.614, train_loss_epoch=0.467]SUCCESS: vision_encoder.blocks.2.1.spatial_block.conv1.fn.dw.weight is Updating! Grad Norm: 0.074276
Epoch 10: 100%|██████████| 10/10 [01:06<00:00,  0.15it/s, v_num=ettq, train_loss_step=0.495, val_loss=0.614, train_loss_epoch=0.467]Epoch 10: 100%|██████████| 10/10 [01:06<00:00,  0.15it/s, v_num=ettq, train_loss_step=0.425, val_loss=0.614, train_loss_epoch=0.467]
Validation: |          | 0/? [00:00<?, ?it/s][A
Validation:   0%|          | 0/4 [00:00<?, ?it/s][A
Validation DataLoader 0:   0%|          | 0/4 [00:00<?, ?it/s][Atensor(0.7044, device='cuda:0')
tensor(-0.0385, device='cuda:0')

Validation DataLoader 0:  25%|██▌       | 1/4 [00:01<00:04,  0.65it/s][Atensor(0.6020, device='cuda:0')
tensor(-0.0849, device='cuda:0')

Validation DataLoader 0:  50%|█████     | 2/4 [00:03<00:03,  0.65it/s][Atensor(0.6083, device='cuda:0')
tensor(-0.0740, device='cuda:0')

Validation DataLoader 0:  75%|███████▌  | 3/4 [00:04<00:01,  0.64it/s][Atensor(0.5284, device='cuda:0')
tensor(-0.0959, device='cuda:0')

Validation DataLoader 0: 100%|██████████| 4/4 [00:05<00:00,  0.76it/s][A
==================================================
Stage: VAL
Predicted class distribution: 0s = 65, 1s = 42
Actual label distribution:    0s = 80, 1s = 27
Actual Imbalance Ratio (0:1): 2.96:1
==================================================
✅ Model is predicting both classes.
Saved test predictions and probabilities to validation_results_fold_final.xlsx

                                                                      [AEpoch 10: 100%|██████████| 10/10 [01:12<00:00,  0.14it/s, v_num=ettq, train_loss_step=0.425, val_loss=0.609, train_loss_epoch=0.467]Epoch 10: 100%|██████████| 10/10 [01:12<00:00,  0.14it/s, v_num=ettq, train_loss_step=0.425, val_loss=0.609, train_loss_epoch=0.468]Epoch 10:   0%|          | 0/10 [00:00<?, ?it/s, v_num=ettq, train_loss_step=0.425, val_loss=0.609, train_loss_epoch=0.468]         Epoch 11:   0%|          | 0/10 [00:00<?, ?it/s, v_num=ettq, train_loss_step=0.425, val_loss=0.609, train_loss_epoch=0.468]SUCCESS: vision_encoder.blocks.2.1.spatial_block.conv1.fn.dw.weight is Updating! Grad Norm: 0.073296
Epoch 11:  10%|█         | 1/10 [00:07<01:08,  0.13it/s, v_num=ettq, train_loss_step=0.425, val_loss=0.609, train_loss_epoch=0.468]Epoch 11:  10%|█         | 1/10 [00:07<01:08,  0.13it/s, v_num=ettq, train_loss_step=0.413, val_loss=0.609, train_loss_epoch=0.468]SUCCESS: vision_encoder.blocks.2.1.spatial_block.conv1.fn.dw.weight is Updating! Grad Norm: 0.041211
Epoch 11:  20%|██        | 2/10 [00:14<00:56,  0.14it/s, v_num=ettq, train_loss_step=0.413, val_loss=0.609, train_loss_epoch=0.468]Epoch 11:  20%|██        | 2/10 [00:14<00:56,  0.14it/s, v_num=ettq, train_loss_step=0.378, val_loss=0.609, train_loss_epoch=0.468]SUCCESS: vision_encoder.blocks.2.1.spatial_block.conv1.fn.dw.weight is Updating! Grad Norm: 0.068018
Epoch 11:  30%|███       | 3/10 [00:20<00:48,  0.15it/s, v_num=ettq, train_loss_step=0.378, val_loss=0.609, train_loss_epoch=0.468]Epoch 11:  30%|███       | 3/10 [00:20<00:48,  0.15it/s, v_num=ettq, train_loss_step=0.522, val_loss=0.609, train_loss_epoch=0.468]SUCCESS: vision_encoder.blocks.2.1.spatial_block.conv1.fn.dw.weight is Updating! Grad Norm: 0.041622
Epoch 11:  40%|████      | 4/10 [00:27<00:40,  0.15it/s, v_num=ettq, train_loss_step=0.522, val_loss=0.609, train_loss_epoch=0.468]Epoch 11:  40%|████      | 4/10 [00:27<00:40,  0.15it/s, v_num=ettq, train_loss_step=0.350, val_loss=0.609, train_loss_epoch=0.468]SUCCESS: vision_encoder.blocks.2.1.spatial_block.conv1.fn.dw.weight is Updating! Grad Norm: 0.088255
Epoch 11:  50%|█████     | 5/10 [00:33<00:33,  0.15it/s, v_num=ettq, train_loss_step=0.350, val_loss=0.609, train_loss_epoch=0.468]Epoch 11:  50%|█████     | 5/10 [00:33<00:33,  0.15it/s, v_num=ettq, train_loss_step=0.489, val_loss=0.609, train_loss_epoch=0.468]SUCCESS: vision_encoder.blocks.2.1.spatial_block.conv1.fn.dw.weight is Updating! Grad Norm: 0.087602
Epoch 11:  60%|██████    | 6/10 [00:40<00:26,  0.15it/s, v_num=ettq, train_loss_step=0.489, val_loss=0.609, train_loss_epoch=0.468]Epoch 11:  60%|██████    | 6/10 [00:40<00:26,  0.15it/s, v_num=ettq, train_loss_step=0.507, val_loss=0.609, train_loss_epoch=0.468]SUCCESS: vision_encoder.blocks.2.1.spatial_block.conv1.fn.dw.weight is Updating! Grad Norm: 0.069316
Epoch 11:  70%|███████   | 7/10 [00:46<00:20,  0.15it/s, v_num=ettq, train_loss_step=0.507, val_loss=0.609, train_loss_epoch=0.468]Epoch 11:  70%|███████   | 7/10 [00:46<00:20,  0.15it/s, v_num=ettq, train_loss_step=0.387, val_loss=0.609, train_loss_epoch=0.468]SUCCESS: vision_encoder.blocks.2.1.spatial_block.conv1.fn.dw.weight is Updating! Grad Norm: 0.078447
Epoch 11:  80%|████████  | 8/10 [00:53<00:13,  0.15it/s, v_num=ettq, train_loss_step=0.387, val_loss=0.609, train_loss_epoch=0.468]Epoch 11:  80%|████████  | 8/10 [00:53<00:13,  0.15it/s, v_num=ettq, train_loss_step=0.445, val_loss=0.609, train_loss_epoch=0.468]SUCCESS: vision_encoder.blocks.2.1.spatial_block.conv1.fn.dw.weight is Updating! Grad Norm: 0.056165
Epoch 11:  90%|█████████ | 9/10 [00:59<00:06,  0.15it/s, v_num=ettq, train_loss_step=0.445, val_loss=0.609, train_loss_epoch=0.468]Epoch 11:  90%|█████████ | 9/10 [00:59<00:06,  0.15it/s, v_num=ettq, train_loss_step=0.499, val_loss=0.609, train_loss_epoch=0.468]SUCCESS: vision_encoder.blocks.2.1.spatial_block.conv1.fn.dw.weight is Updating! Grad Norm: 0.057559
Epoch 11: 100%|██████████| 10/10 [01:06<00:00,  0.15it/s, v_num=ettq, train_loss_step=0.499, val_loss=0.609, train_loss_epoch=0.468]Epoch 11: 100%|██████████| 10/10 [01:06<00:00,  0.15it/s, v_num=ettq, train_loss_step=0.444, val_loss=0.609, train_loss_epoch=0.468]
Validation: |          | 0/? [00:00<?, ?it/s][A
Validation:   0%|          | 0/4 [00:00<?, ?it/s][A
Validation DataLoader 0:   0%|          | 0/4 [00:00<?, ?it/s][Atensor(0.7688, device='cuda:0')
tensor(-0.0326, device='cuda:0')

Validation DataLoader 0:  25%|██▌       | 1/4 [00:01<00:04,  0.65it/s][Atensor(0.6539, device='cuda:0')
tensor(-0.0926, device='cuda:0')

Validation DataLoader 0:  50%|█████     | 2/4 [00:03<00:03,  0.65it/s][Atensor(0.6717, device='cuda:0')
tensor(-0.0832, device='cuda:0')

Validation DataLoader 0:  75%|███████▌  | 3/4 [00:04<00:01,  0.64it/s][Atensor(0.5747, device='cuda:0')
tensor(-0.0796, device='cuda:0')

Validation DataLoader 0: 100%|██████████| 4/4 [00:05<00:00,  0.76it/s][A
==================================================
Stage: VAL
Predicted class distribution: 0s = 73, 1s = 34
Actual label distribution:    0s = 80, 1s = 27
Actual Imbalance Ratio (0:1): 2.96:1
==================================================
✅ Model is predicting both classes.
Saved test predictions and probabilities to validation_results_fold_final.xlsx

                                                                      [AEpoch 11: 100%|██████████| 10/10 [01:12<00:00,  0.14it/s, v_num=ettq, train_loss_step=0.444, val_loss=0.599, train_loss_epoch=0.468]Epoch 11: 100%|██████████| 10/10 [01:12<00:00,  0.14it/s, v_num=ettq, train_loss_step=0.444, val_loss=0.599, train_loss_epoch=0.444]Epoch 11:   0%|          | 0/10 [00:00<?, ?it/s, v_num=ettq, train_loss_step=0.444, val_loss=0.599, train_loss_epoch=0.444]         Epoch 12:   0%|          | 0/10 [00:00<?, ?it/s, v_num=ettq, train_loss_step=0.444, val_loss=0.599, train_loss_epoch=0.444]SUCCESS: vision_encoder.blocks.2.1.spatial_block.conv1.fn.dw.weight is Updating! Grad Norm: 0.073126
Epoch 12:  10%|█         | 1/10 [00:07<01:08,  0.13it/s, v_num=ettq, train_loss_step=0.444, val_loss=0.599, train_loss_epoch=0.444]Epoch 12:  10%|█         | 1/10 [00:07<01:08,  0.13it/s, v_num=ettq, train_loss_step=0.451, val_loss=0.599, train_loss_epoch=0.444]SUCCESS: vision_encoder.blocks.2.1.spatial_block.conv1.fn.dw.weight is Updating! Grad Norm: 0.089101
Epoch 12:  20%|██        | 2/10 [00:14<00:56,  0.14it/s, v_num=ettq, train_loss_step=0.451, val_loss=0.599, train_loss_epoch=0.444]Epoch 12:  20%|██        | 2/10 [00:14<00:56,  0.14it/s, v_num=ettq, train_loss_step=0.443, val_loss=0.599, train_loss_epoch=0.444]SUCCESS: vision_encoder.blocks.2.1.spatial_block.conv1.fn.dw.weight is Updating! Grad Norm: 0.068404
Epoch 12:  30%|███       | 3/10 [00:20<00:48,  0.15it/s, v_num=ettq, train_loss_step=0.443, val_loss=0.599, train_loss_epoch=0.444]Epoch 12:  30%|███       | 3/10 [00:20<00:48,  0.15it/s, v_num=ettq, train_loss_step=0.611, val_loss=0.599, train_loss_epoch=0.444]SUCCESS: vision_encoder.blocks.2.1.spatial_block.conv1.fn.dw.weight is Updating! Grad Norm: 0.057340
Epoch 12:  40%|████      | 4/10 [00:27<00:40,  0.15it/s, v_num=ettq, train_loss_step=0.611, val_loss=0.599, train_loss_epoch=0.444]Epoch 12:  40%|████      | 4/10 [00:27<00:40,  0.15it/s, v_num=ettq, train_loss_step=0.384, val_loss=0.599, train_loss_epoch=0.444]SUCCESS: vision_encoder.blocks.2.1.spatial_block.conv1.fn.dw.weight is Updating! Grad Norm: 0.071540
Epoch 12:  50%|█████     | 5/10 [00:33<00:33,  0.15it/s, v_num=ettq, train_loss_step=0.384, val_loss=0.599, train_loss_epoch=0.444]Epoch 12:  50%|█████     | 5/10 [00:33<00:33,  0.15it/s, v_num=ettq, train_loss_step=0.430, val_loss=0.599, train_loss_epoch=0.444]SUCCESS: vision_encoder.blocks.2.1.spatial_block.conv1.fn.dw.weight is Updating! Grad Norm: 0.042103
Epoch 12:  60%|██████    | 6/10 [00:40<00:26,  0.15it/s, v_num=ettq, train_loss_step=0.430, val_loss=0.599, train_loss_epoch=0.444]Epoch 12:  60%|██████    | 6/10 [00:40<00:26,  0.15it/s, v_num=ettq, train_loss_step=0.276, val_loss=0.599, train_loss_epoch=0.444]SUCCESS: vision_encoder.blocks.2.1.spatial_block.conv1.fn.dw.weight is Updating! Grad Norm: 0.049117
Epoch 12:  70%|███████   | 7/10 [00:46<00:19,  0.15it/s, v_num=ettq, train_loss_step=0.276, val_loss=0.599, train_loss_epoch=0.444]Epoch 12:  70%|███████   | 7/10 [00:46<00:19,  0.15it/s, v_num=ettq, train_loss_step=0.548, val_loss=0.599, train_loss_epoch=0.444]SUCCESS: vision_encoder.blocks.2.1.spatial_block.conv1.fn.dw.weight is Updating! Grad Norm: 0.064898
Epoch 12:  80%|████████  | 8/10 [00:53<00:13,  0.15it/s, v_num=ettq, train_loss_step=0.548, val_loss=0.599, train_loss_epoch=0.444]Epoch 12:  80%|████████  | 8/10 [00:53<00:13,  0.15it/s, v_num=ettq, train_loss_step=0.439, val_loss=0.599, train_loss_epoch=0.444]SUCCESS: vision_encoder.blocks.2.1.spatial_block.conv1.fn.dw.weight is Updating! Grad Norm: 0.071773
Epoch 12:  90%|█████████ | 9/10 [00:59<00:06,  0.15it/s, v_num=ettq, train_loss_step=0.439, val_loss=0.599, train_loss_epoch=0.444]Epoch 12:  90%|█████████ | 9/10 [00:59<00:06,  0.15it/s, v_num=ettq, train_loss_step=0.382, val_loss=0.599, train_loss_epoch=0.444]SUCCESS: vision_encoder.blocks.2.1.spatial_block.conv1.fn.dw.weight is Updating! Grad Norm: 0.096880
Epoch 12: 100%|██████████| 10/10 [01:06<00:00,  0.15it/s, v_num=ettq, train_loss_step=0.382, val_loss=0.599, train_loss_epoch=0.444]Epoch 12: 100%|██████████| 10/10 [01:06<00:00,  0.15it/s, v_num=ettq, train_loss_step=0.392, val_loss=0.599, train_loss_epoch=0.444]
Validation: |          | 0/? [00:00<?, ?it/s][A
Validation:   0%|          | 0/4 [00:00<?, ?it/s][A
Validation DataLoader 0:   0%|          | 0/4 [00:00<?, ?it/s][Atensor(0.8078, device='cuda:0')
tensor(-0.0469, device='cuda:0')

Validation DataLoader 0:  25%|██▌       | 1/4 [00:01<00:04,  0.65it/s][Atensor(0.6912, device='cuda:0')
tensor(-0.0999, device='cuda:0')

Validation DataLoader 0:  50%|█████     | 2/4 [00:03<00:03,  0.65it/s][Atensor(0.7205, device='cuda:0')
tensor(-0.0746, device='cuda:0')

Validation DataLoader 0:  75%|███████▌  | 3/4 [00:04<00:01,  0.64it/s][Atensor(0.6254, device='cuda:0')
tensor(-0.0814, device='cuda:0')

Validation DataLoader 0: 100%|██████████| 4/4 [00:05<00:00,  0.76it/s][A
==================================================
Stage: VAL
Predicted class distribution: 0s = 75, 1s = 32
Actual label distribution:    0s = 80, 1s = 27
Actual Imbalance Ratio (0:1): 2.96:1
==================================================
✅ Model is predicting both classes.
Saved test predictions and probabilities to validation_results_fold_final.xlsx

                                                                      [AEpoch 12: 100%|██████████| 10/10 [01:12<00:00,  0.14it/s, v_num=ettq, train_loss_step=0.392, val_loss=0.594, train_loss_epoch=0.444]Epoch 12: 100%|██████████| 10/10 [01:12<00:00,  0.14it/s, v_num=ettq, train_loss_step=0.392, val_loss=0.594, train_loss_epoch=0.436]Epoch 12:   0%|          | 0/10 [00:00<?, ?it/s, v_num=ettq, train_loss_step=0.392, val_loss=0.594, train_loss_epoch=0.436]         Epoch 13:   0%|          | 0/10 [00:00<?, ?it/s, v_num=ettq, train_loss_step=0.392, val_loss=0.594, train_loss_epoch=0.436]SUCCESS: vision_encoder.blocks.2.1.spatial_block.conv1.fn.dw.weight is Updating! Grad Norm: 0.063115
Epoch 13:  10%|█         | 1/10 [00:07<01:05,  0.14it/s, v_num=ettq, train_loss_step=0.392, val_loss=0.594, train_loss_epoch=0.436]Epoch 13:  10%|█         | 1/10 [00:07<01:06,  0.14it/s, v_num=ettq, train_loss_step=0.556, val_loss=0.594, train_loss_epoch=0.436]SUCCESS: vision_encoder.blocks.2.1.spatial_block.conv1.fn.dw.weight is Updating! Grad Norm: 0.062878
Epoch 13:  20%|██        | 2/10 [00:13<00:55,  0.15it/s, v_num=ettq, train_loss_step=0.556, val_loss=0.594, train_loss_epoch=0.436]Epoch 13:  20%|██        | 2/10 [00:13<00:55,  0.14it/s, v_num=ettq, train_loss_step=0.326, val_loss=0.594, train_loss_epoch=0.436]SUCCESS: vision_encoder.blocks.2.1.spatial_block.conv1.fn.dw.weight is Updating! Grad Norm: 0.065135
Epoch 13:  30%|███       | 3/10 [00:20<00:47,  0.15it/s, v_num=ettq, train_loss_step=0.326, val_loss=0.594, train_loss_epoch=0.436]Epoch 13:  30%|███       | 3/10 [00:20<00:47,  0.15it/s, v_num=ettq, train_loss_step=0.421, val_loss=0.594, train_loss_epoch=0.436]SUCCESS: vision_encoder.blocks.2.1.spatial_block.conv1.fn.dw.weight is Updating! Grad Norm: 0.051081
Epoch 13:  40%|████      | 4/10 [00:26<00:40,  0.15it/s, v_num=ettq, train_loss_step=0.421, val_loss=0.594, train_loss_epoch=0.436]Epoch 13:  40%|████      | 4/10 [00:26<00:40,  0.15it/s, v_num=ettq, train_loss_step=0.348, val_loss=0.594, train_loss_epoch=0.436]SUCCESS: vision_encoder.blocks.2.1.spatial_block.conv1.fn.dw.weight is Updating! Grad Norm: 0.051055
Epoch 13:  50%|█████     | 5/10 [00:33<00:33,  0.15it/s, v_num=ettq, train_loss_step=0.348, val_loss=0.594, train_loss_epoch=0.436]Epoch 13:  50%|█████     | 5/10 [00:33<00:33,  0.15it/s, v_num=ettq, train_loss_step=0.388, val_loss=0.594, train_loss_epoch=0.436]SUCCESS: vision_encoder.blocks.2.1.spatial_block.conv1.fn.dw.weight is Updating! Grad Norm: 0.120700
Epoch 13:  60%|██████    | 6/10 [00:39<00:26,  0.15it/s, v_num=ettq, train_loss_step=0.388, val_loss=0.594, train_loss_epoch=0.436]Epoch 13:  60%|██████    | 6/10 [00:39<00:26,  0.15it/s, v_num=ettq, train_loss_step=0.475, val_loss=0.594, train_loss_epoch=0.436]SUCCESS: vision_encoder.blocks.2.1.spatial_block.conv1.fn.dw.weight is Updating! Grad Norm: 0.092353
Epoch 13:  70%|███████   | 7/10 [00:46<00:19,  0.15it/s, v_num=ettq, train_loss_step=0.475, val_loss=0.594, train_loss_epoch=0.436]Epoch 13:  70%|███████   | 7/10 [00:46<00:19,  0.15it/s, v_num=ettq, train_loss_step=0.454, val_loss=0.594, train_loss_epoch=0.436]SUCCESS: vision_encoder.blocks.2.1.spatial_block.conv1.fn.dw.weight is Updating! Grad Norm: 0.065096
Epoch 13:  80%|████████  | 8/10 [00:52<00:13,  0.15it/s, v_num=ettq, train_loss_step=0.454, val_loss=0.594, train_loss_epoch=0.436]Epoch 13:  80%|████████  | 8/10 [00:52<00:13,  0.15it/s, v_num=ettq, train_loss_step=0.394, val_loss=0.594, train_loss_epoch=0.436]SUCCESS: vision_encoder.blocks.2.1.spatial_block.conv1.fn.dw.weight is Updating! Grad Norm: 0.062271
Epoch 13:  90%|█████████ | 9/10 [00:59<00:06,  0.15it/s, v_num=ettq, train_loss_step=0.394, val_loss=0.594, train_loss_epoch=0.436]Epoch 13:  90%|█████████ | 9/10 [00:59<00:06,  0.15it/s, v_num=ettq, train_loss_step=0.415, val_loss=0.594, train_loss_epoch=0.436]SUCCESS: vision_encoder.blocks.2.1.spatial_block.conv1.fn.dw.weight is Updating! Grad Norm: 0.045542
Epoch 13: 100%|██████████| 10/10 [01:05<00:00,  0.15it/s, v_num=ettq, train_loss_step=0.415, val_loss=0.594, train_loss_epoch=0.436]Epoch 13: 100%|██████████| 10/10 [01:05<00:00,  0.15it/s, v_num=ettq, train_loss_step=0.421, val_loss=0.594, train_loss_epoch=0.436]
Validation: |          | 0/? [00:00<?, ?it/s][A
Validation:   0%|          | 0/4 [00:00<?, ?it/s][A
Validation DataLoader 0:   0%|          | 0/4 [00:00<?, ?it/s][Atensor(0.8469, device='cuda:0')
tensor(-0.0407, device='cuda:0')

Validation DataLoader 0:  25%|██▌       | 1/4 [00:01<00:04,  0.65it/s][Atensor(0.7464, device='cuda:0')
tensor(-0.1240, device='cuda:0')

Validation DataLoader 0:  50%|█████     | 2/4 [00:03<00:03,  0.65it/s][Atensor(0.7735, device='cuda:0')
tensor(-0.0780, device='cuda:0')

Validation DataLoader 0:  75%|███████▌  | 3/4 [00:04<00:01,  0.64it/s][Atensor(0.6609, device='cuda:0')
tensor(-0.0706, device='cuda:0')

Validation DataLoader 0: 100%|██████████| 4/4 [00:05<00:00,  0.76it/s][A
==================================================
Stage: VAL
Predicted class distribution: 0s = 83, 1s = 24
Actual label distribution:    0s = 80, 1s = 27
Actual Imbalance Ratio (0:1): 2.96:1
==================================================
✅ Model is predicting both classes.
Saved test predictions and probabilities to validation_results_fold_final.xlsx

                                                                      [AEpoch 13: 100%|██████████| 10/10 [01:11<00:00,  0.14it/s, v_num=ettq, train_loss_step=0.421, val_loss=0.586, train_loss_epoch=0.436]Epoch 13: 100%|██████████| 10/10 [01:11<00:00,  0.14it/s, v_num=ettq, train_loss_step=0.421, val_loss=0.586, train_loss_epoch=0.420]Epoch 13:   0%|          | 0/10 [00:00<?, ?it/s, v_num=ettq, train_loss_step=0.421, val_loss=0.586, train_loss_epoch=0.420]         Epoch 14:   0%|          | 0/10 [00:00<?, ?it/s, v_num=ettq, train_loss_step=0.421, val_loss=0.586, train_loss_epoch=0.420]SUCCESS: vision_encoder.blocks.2.1.spatial_block.conv1.fn.dw.weight is Updating! Grad Norm: 0.063417
Epoch 14:  10%|█         | 1/10 [00:07<01:08,  0.13it/s, v_num=ettq, train_loss_step=0.421, val_loss=0.586, train_loss_epoch=0.420]Epoch 14:  10%|█         | 1/10 [00:07<01:08,  0.13it/s, v_num=ettq, train_loss_step=0.518, val_loss=0.586, train_loss_epoch=0.420]SUCCESS: vision_encoder.blocks.2.1.spatial_block.conv1.fn.dw.weight is Updating! Grad Norm: 0.063270
Epoch 14:  20%|██        | 2/10 [00:14<00:56,  0.14it/s, v_num=ettq, train_loss_step=0.518, val_loss=0.586, train_loss_epoch=0.420]Epoch 14:  20%|██        | 2/10 [00:14<00:56,  0.14it/s, v_num=ettq, train_loss_step=0.420, val_loss=0.586, train_loss_epoch=0.420]SUCCESS: vision_encoder.blocks.2.1.spatial_block.conv1.fn.dw.weight is Updating! Grad Norm: 0.079152
Epoch 14:  30%|███       | 3/10 [00:20<00:48,  0.15it/s, v_num=ettq, train_loss_step=0.420, val_loss=0.586, train_loss_epoch=0.420]Epoch 14:  30%|███       | 3/10 [00:20<00:48,  0.15it/s, v_num=ettq, train_loss_step=0.329, val_loss=0.586, train_loss_epoch=0.420]SUCCESS: vision_encoder.blocks.2.1.spatial_block.conv1.fn.dw.weight is Updating! Grad Norm: 0.108299
Epoch 14:  40%|████      | 4/10 [00:27<00:40,  0.15it/s, v_num=ettq, train_loss_step=0.329, val_loss=0.586, train_loss_epoch=0.420]Epoch 14:  40%|████      | 4/10 [00:27<00:40,  0.15it/s, v_num=ettq, train_loss_step=0.427, val_loss=0.586, train_loss_epoch=0.420]SUCCESS: vision_encoder.blocks.2.1.spatial_block.conv1.fn.dw.weight is Updating! Grad Norm: 0.061596
Epoch 14:  50%|█████     | 5/10 [00:33<00:33,  0.15it/s, v_num=ettq, train_loss_step=0.427, val_loss=0.586, train_loss_epoch=0.420]Epoch 14:  50%|█████     | 5/10 [00:33<00:33,  0.15it/s, v_num=ettq, train_loss_step=0.421, val_loss=0.586, train_loss_epoch=0.420]SUCCESS: vision_encoder.blocks.2.1.spatial_block.conv1.fn.dw.weight is Updating! Grad Norm: 0.054850
Epoch 14:  60%|██████    | 6/10 [00:40<00:26,  0.15it/s, v_num=ettq, train_loss_step=0.421, val_loss=0.586, train_loss_epoch=0.420]Epoch 14:  60%|██████    | 6/10 [00:40<00:26,  0.15it/s, v_num=ettq, train_loss_step=0.318, val_loss=0.586, train_loss_epoch=0.420]SUCCESS: vision_encoder.blocks.2.1.spatial_block.conv1.fn.dw.weight is Updating! Grad Norm: 0.173627
Epoch 14:  70%|███████   | 7/10 [00:46<00:19,  0.15it/s, v_num=ettq, train_loss_step=0.318, val_loss=0.586, train_loss_epoch=0.420]Epoch 14:  70%|███████   | 7/10 [00:46<00:19,  0.15it/s, v_num=ettq, train_loss_step=0.357, val_loss=0.586, train_loss_epoch=0.420]SUCCESS: vision_encoder.blocks.2.1.spatial_block.conv1.fn.dw.weight is Updating! Grad Norm: 0.054975
Epoch 14:  80%|████████  | 8/10 [00:53<00:13,  0.15it/s, v_num=ettq, train_loss_step=0.357, val_loss=0.586, train_loss_epoch=0.420]Epoch 14:  80%|████████  | 8/10 [00:53<00:13,  0.15it/s, v_num=ettq, train_loss_step=0.367, val_loss=0.586, train_loss_epoch=0.420]SUCCESS: vision_encoder.blocks.2.1.spatial_block.conv1.fn.dw.weight is Updating! Grad Norm: 0.052210
Epoch 14:  90%|█████████ | 9/10 [00:59<00:06,  0.15it/s, v_num=ettq, train_loss_step=0.367, val_loss=0.586, train_loss_epoch=0.420]Epoch 14:  90%|█████████ | 9/10 [00:59<00:06,  0.15it/s, v_num=ettq, train_loss_step=0.388, val_loss=0.586, train_loss_epoch=0.420]SUCCESS: vision_encoder.blocks.2.1.spatial_block.conv1.fn.dw.weight is Updating! Grad Norm: 0.062994
Epoch 14: 100%|██████████| 10/10 [01:06<00:00,  0.15it/s, v_num=ettq, train_loss_step=0.388, val_loss=0.586, train_loss_epoch=0.420]Epoch 14: 100%|██████████| 10/10 [01:06<00:00,  0.15it/s, v_num=ettq, train_loss_step=0.436, val_loss=0.586, train_loss_epoch=0.420]
Validation: |          | 0/? [00:00<?, ?it/s][A
Validation:   0%|          | 0/4 [00:00<?, ?it/s][A
Validation DataLoader 0:   0%|          | 0/4 [00:00<?, ?it/s][Atensor(0.9096, device='cuda:0')
tensor(-0.0392, device='cuda:0')

Validation DataLoader 0:  25%|██▌       | 1/4 [00:01<00:04,  0.65it/s][Atensor(0.8151, device='cuda:0')
tensor(-0.1576, device='cuda:0')

Validation DataLoader 0:  50%|█████     | 2/4 [00:03<00:03,  0.64it/s][Atensor(0.8410, device='cuda:0')
tensor(-0.1147, device='cuda:0')

Validation DataLoader 0:  75%|███████▌  | 3/4 [00:04<00:01,  0.64it/s][Atensor(0.7083, device='cuda:0')
tensor(-0.0562, device='cuda:0')

Validation DataLoader 0: 100%|██████████| 4/4 [00:05<00:00,  0.76it/s][A
==================================================
Stage: VAL
Predicted class distribution: 0s = 84, 1s = 23
Actual label distribution:    0s = 80, 1s = 27
Actual Imbalance Ratio (0:1): 2.96:1
==================================================
✅ Model is predicting both classes.
Saved test predictions and probabilities to validation_results_fold_final.xlsx

                                                                      [AEpoch 14: 100%|██████████| 10/10 [01:11<00:00,  0.14it/s, v_num=ettq, train_loss_step=0.436, val_loss=0.578, train_loss_epoch=0.420]Epoch 14: 100%|██████████| 10/10 [01:11<00:00,  0.14it/s, v_num=ettq, train_loss_step=0.436, val_loss=0.578, train_loss_epoch=0.398]Epoch 14:   0%|          | 0/10 [00:00<?, ?it/s, v_num=ettq, train_loss_step=0.436, val_loss=0.578, train_loss_epoch=0.398]         Epoch 15:   0%|          | 0/10 [00:00<?, ?it/s, v_num=ettq, train_loss_step=0.436, val_loss=0.578, train_loss_epoch=0.398]SUCCESS: vision_encoder.blocks.2.1.spatial_block.conv1.fn.dw.weight is Updating! Grad Norm: 0.073741
Epoch 15:  10%|█         | 1/10 [00:08<01:12,  0.12it/s, v_num=ettq, train_loss_step=0.436, val_loss=0.578, train_loss_epoch=0.398]Epoch 15:  10%|█         | 1/10 [00:08<01:12,  0.12it/s, v_num=ettq, train_loss_step=0.322, val_loss=0.578, train_loss_epoch=0.398]SUCCESS: vision_encoder.blocks.2.1.spatial_block.conv1.fn.dw.weight is Updating! Grad Norm: 0.072126
Epoch 15:  20%|██        | 2/10 [00:14<00:58,  0.14it/s, v_num=ettq, train_loss_step=0.322, val_loss=0.578, train_loss_epoch=0.398]Epoch 15:  20%|██        | 2/10 [00:14<00:58,  0.14it/s, v_num=ettq, train_loss_step=0.362, val_loss=0.578, train_loss_epoch=0.398]SUCCESS: vision_encoder.blocks.2.1.spatial_block.conv1.fn.dw.weight is Updating! Grad Norm: 0.061570
Epoch 15:  30%|███       | 3/10 [00:20<00:48,  0.14it/s, v_num=ettq, train_loss_step=0.362, val_loss=0.578, train_loss_epoch=0.398]Epoch 15:  30%|███       | 3/10 [00:21<00:49,  0.14it/s, v_num=ettq, train_loss_step=0.359, val_loss=0.578, train_loss_epoch=0.398]SUCCESS: vision_encoder.blocks.2.1.spatial_block.conv1.fn.dw.weight is Updating! Grad Norm: 0.045086
Epoch 15:  40%|████      | 4/10 [00:27<00:41,  0.15it/s, v_num=ettq, train_loss_step=0.359, val_loss=0.578, train_loss_epoch=0.398]Epoch 15:  40%|████      | 4/10 [00:27<00:41,  0.15it/s, v_num=ettq, train_loss_step=0.368, val_loss=0.578, train_loss_epoch=0.398]SUCCESS: vision_encoder.blocks.2.1.spatial_block.conv1.fn.dw.weight is Updating! Grad Norm: 0.051546
Epoch 15:  50%|█████     | 5/10 [00:34<00:34,  0.15it/s, v_num=ettq, train_loss_step=0.368, val_loss=0.578, train_loss_epoch=0.398]Epoch 15:  50%|█████     | 5/10 [00:34<00:34,  0.15it/s, v_num=ettq, train_loss_step=0.371, val_loss=0.578, train_loss_epoch=0.398]SUCCESS: vision_encoder.blocks.2.1.spatial_block.conv1.fn.dw.weight is Updating! Grad Norm: 0.058574
Epoch 15:  60%|██████    | 6/10 [00:40<00:27,  0.15it/s, v_num=ettq, train_loss_step=0.371, val_loss=0.578, train_loss_epoch=0.398]Epoch 15:  60%|██████    | 6/10 [00:40<00:27,  0.15it/s, v_num=ettq, train_loss_step=0.259, val_loss=0.578, train_loss_epoch=0.398]SUCCESS: vision_encoder.blocks.2.1.spatial_block.conv1.fn.dw.weight is Updating! Grad Norm: 0.065116
Epoch 15:  70%|███████   | 7/10 [00:47<00:20,  0.15it/s, v_num=ettq, train_loss_step=0.259, val_loss=0.578, train_loss_epoch=0.398]Epoch 15:  70%|███████   | 7/10 [00:47<00:20,  0.15it/s, v_num=ettq, train_loss_step=0.401, val_loss=0.578, train_loss_epoch=0.398]SUCCESS: vision_encoder.blocks.2.1.spatial_block.conv1.fn.dw.weight is Updating! Grad Norm: 0.043668
Epoch 15:  80%|████████  | 8/10 [00:53<00:13,  0.15it/s, v_num=ettq, train_loss_step=0.401, val_loss=0.578, train_loss_epoch=0.398]Epoch 15:  80%|████████  | 8/10 [00:53<00:13,  0.15it/s, v_num=ettq, train_loss_step=0.348, val_loss=0.578, train_loss_epoch=0.398]SUCCESS: vision_encoder.blocks.2.1.spatial_block.conv1.fn.dw.weight is Updating! Grad Norm: 0.055892
Epoch 15:  90%|█████████ | 9/10 [01:00<00:06,  0.15it/s, v_num=ettq, train_loss_step=0.348, val_loss=0.578, train_loss_epoch=0.398]Epoch 15:  90%|█████████ | 9/10 [01:00<00:06,  0.15it/s, v_num=ettq, train_loss_step=0.447, val_loss=0.578, train_loss_epoch=0.398]SUCCESS: vision_encoder.blocks.2.1.spatial_block.conv1.fn.dw.weight is Updating! Grad Norm: 0.079787
Epoch 15: 100%|██████████| 10/10 [01:06<00:00,  0.15it/s, v_num=ettq, train_loss_step=0.447, val_loss=0.578, train_loss_epoch=0.398]Epoch 15: 100%|██████████| 10/10 [01:06<00:00,  0.15it/s, v_num=ettq, train_loss_step=0.429, val_loss=0.578, train_loss_epoch=0.398]
Validation: |          | 0/? [00:00<?, ?it/s][A
Validation:   0%|          | 0/4 [00:00<?, ?it/s][A
Validation DataLoader 0:   0%|          | 0/4 [00:00<?, ?it/s][Atensor(0.9659, device='cuda:0')
tensor(-0.0296, device='cuda:0')

Validation DataLoader 0:  25%|██▌       | 1/4 [00:01<00:04,  0.65it/s][Atensor(0.8506, device='cuda:0')
tensor(-0.2137, device='cuda:0')

Validation DataLoader 0:  50%|█████     | 2/4 [00:03<00:03,  0.64it/s][Atensor(0.8975, device='cuda:0')
tensor(-0.1252, device='cuda:0')

Validation DataLoader 0:  75%|███████▌  | 3/4 [00:04<00:01,  0.64it/s][Atensor(0.7603, device='cuda:0')
tensor(-0.0451, device='cuda:0')

Validation DataLoader 0: 100%|██████████| 4/4 [00:05<00:00,  0.76it/s][A
==================================================
Stage: VAL
Predicted class distribution: 0s = 88, 1s = 19
Actual label distribution:    0s = 80, 1s = 27
Actual Imbalance Ratio (0:1): 2.96:1
==================================================
✅ Model is predicting both classes.
Saved test predictions and probabilities to validation_results_fold_final.xlsx

                                                                      [AEpoch 15: 100%|██████████| 10/10 [01:12<00:00,  0.14it/s, v_num=ettq, train_loss_step=0.429, val_loss=0.573, train_loss_epoch=0.398]Epoch 15: 100%|██████████| 10/10 [01:12<00:00,  0.14it/s, v_num=ettq, train_loss_step=0.429, val_loss=0.573, train_loss_epoch=0.367]Epoch 15:   0%|          | 0/10 [00:00<?, ?it/s, v_num=ettq, train_loss_step=0.429, val_loss=0.573, train_loss_epoch=0.367]         Epoch 16:   0%|          | 0/10 [00:00<?, ?it/s, v_num=ettq, train_loss_step=0.429, val_loss=0.573, train_loss_epoch=0.367]SUCCESS: vision_encoder.blocks.2.1.spatial_block.conv1.fn.dw.weight is Updating! Grad Norm: 0.043573
Epoch 16:  10%|█         | 1/10 [00:07<01:08,  0.13it/s, v_num=ettq, train_loss_step=0.429, val_loss=0.573, train_loss_epoch=0.367]Epoch 16:  10%|█         | 1/10 [00:07<01:08,  0.13it/s, v_num=ettq, train_loss_step=0.419, val_loss=0.573, train_loss_epoch=0.367]SUCCESS: vision_encoder.blocks.2.1.spatial_block.conv1.fn.dw.weight is Updating! Grad Norm: 0.062232
Epoch 16:  20%|██        | 2/10 [00:14<00:56,  0.14it/s, v_num=ettq, train_loss_step=0.419, val_loss=0.573, train_loss_epoch=0.367]Epoch 16:  20%|██        | 2/10 [00:14<00:56,  0.14it/s, v_num=ettq, train_loss_step=0.400, val_loss=0.573, train_loss_epoch=0.367]SUCCESS: vision_encoder.blocks.2.1.spatial_block.conv1.fn.dw.weight is Updating! Grad Norm: 0.064551
Epoch 16:  30%|███       | 3/10 [00:20<00:48,  0.15it/s, v_num=ettq, train_loss_step=0.400, val_loss=0.573, train_loss_epoch=0.367]Epoch 16:  30%|███       | 3/10 [00:20<00:48,  0.15it/s, v_num=ettq, train_loss_step=0.472, val_loss=0.573, train_loss_epoch=0.367]SUCCESS: vision_encoder.blocks.2.1.spatial_block.conv1.fn.dw.weight is Updating! Grad Norm: 0.078825
Epoch 16:  40%|████      | 4/10 [00:27<00:40,  0.15it/s, v_num=ettq, train_loss_step=0.472, val_loss=0.573, train_loss_epoch=0.367]Epoch 16:  40%|████      | 4/10 [00:27<00:40,  0.15it/s, v_num=ettq, train_loss_step=0.300, val_loss=0.573, train_loss_epoch=0.367]SUCCESS: vision_encoder.blocks.2.1.spatial_block.conv1.fn.dw.weight is Updating! Grad Norm: 0.047782
Epoch 16:  50%|█████     | 5/10 [00:33<00:33,  0.15it/s, v_num=ettq, train_loss_step=0.300, val_loss=0.573, train_loss_epoch=0.367]Epoch 16:  50%|█████     | 5/10 [00:33<00:33,  0.15it/s, v_num=ettq, train_loss_step=0.313, val_loss=0.573, train_loss_epoch=0.367]SUCCESS: vision_encoder.blocks.2.1.spatial_block.conv1.fn.dw.weight is Updating! Grad Norm: 0.047087
Epoch 16:  60%|██████    | 6/10 [00:40<00:26,  0.15it/s, v_num=ettq, train_loss_step=0.313, val_loss=0.573, train_loss_epoch=0.367]Epoch 16:  60%|██████    | 6/10 [00:40<00:26,  0.15it/s, v_num=ettq, train_loss_step=0.419, val_loss=0.573, train_loss_epoch=0.367]SUCCESS: vision_encoder.blocks.2.1.spatial_block.conv1.fn.dw.weight is Updating! Grad Norm: 0.048143
Epoch 16:  70%|███████   | 7/10 [00:46<00:20,  0.15it/s, v_num=ettq, train_loss_step=0.419, val_loss=0.573, train_loss_epoch=0.367]Epoch 16:  70%|███████   | 7/10 [00:46<00:20,  0.15it/s, v_num=ettq, train_loss_step=0.364, val_loss=0.573, train_loss_epoch=0.367]SUCCESS: vision_encoder.blocks.2.1.spatial_block.conv1.fn.dw.weight is Updating! Grad Norm: 0.092440
Epoch 16:  80%|████████  | 8/10 [00:53<00:13,  0.15it/s, v_num=ettq, train_loss_step=0.364, val_loss=0.573, train_loss_epoch=0.367]Epoch 16:  80%|████████  | 8/10 [00:53<00:13,  0.15it/s, v_num=ettq, train_loss_step=0.287, val_loss=0.573, train_loss_epoch=0.367]SUCCESS: vision_encoder.blocks.2.1.spatial_block.conv1.fn.dw.weight is Updating! Grad Norm: 0.080873
Epoch 16:  90%|█████████ | 9/10 [00:59<00:06,  0.15it/s, v_num=ettq, train_loss_step=0.287, val_loss=0.573, train_loss_epoch=0.367]Epoch 16:  90%|█████████ | 9/10 [00:59<00:06,  0.15it/s, v_num=ettq, train_loss_step=0.324, val_loss=0.573, train_loss_epoch=0.367]SUCCESS: vision_encoder.blocks.2.1.spatial_block.conv1.fn.dw.weight is Updating! Grad Norm: 0.060414
Epoch 16: 100%|██████████| 10/10 [01:06<00:00,  0.15it/s, v_num=ettq, train_loss_step=0.324, val_loss=0.573, train_loss_epoch=0.367]Epoch 16: 100%|██████████| 10/10 [01:06<00:00,  0.15it/s, v_num=ettq, train_loss_step=0.350, val_loss=0.573, train_loss_epoch=0.367]
Validation: |          | 0/? [00:00<?, ?it/s][A
Validation:   0%|          | 0/4 [00:00<?, ?it/s][A
Validation DataLoader 0:   0%|          | 0/4 [00:00<?, ?it/s][Atensor(1.0246, device='cuda:0')
tensor(-0.0105, device='cuda:0')

Validation DataLoader 0:  25%|██▌       | 1/4 [00:01<00:04,  0.65it/s][Atensor(0.9182, device='cuda:0')
tensor(-0.1675, device='cuda:0')

Validation DataLoader 0:  50%|█████     | 2/4 [00:03<00:03,  0.65it/s][Atensor(0.9634, device='cuda:0')
tensor(-0.0771, device='cuda:0')

Validation DataLoader 0:  75%|███████▌  | 3/4 [00:04<00:01,  0.64it/s][Atensor(0.8107, device='cuda:0')
tensor(0.0028, device='cuda:0')

Validation DataLoader 0: 100%|██████████| 4/4 [00:05<00:00,  0.76it/s][A
==================================================
Stage: VAL
Predicted class distribution: 0s = 90, 1s = 17
Actual label distribution:    0s = 80, 1s = 27
Actual Imbalance Ratio (0:1): 2.96:1
==================================================
✅ Model is predicting both classes.
Saved test predictions and probabilities to validation_results_fold_final.xlsx

                                                                      [AEpoch 16: 100%|██████████| 10/10 [01:12<00:00,  0.14it/s, v_num=ettq, train_loss_step=0.350, val_loss=0.559, train_loss_epoch=0.367]Epoch 16: 100%|██████████| 10/10 [01:12<00:00,  0.14it/s, v_num=ettq, train_loss_step=0.350, val_loss=0.559, train_loss_epoch=0.365]Epoch 16:   0%|          | 0/10 [00:00<?, ?it/s, v_num=ettq, train_loss_step=0.350, val_loss=0.559, train_loss_epoch=0.365]         Epoch 17:   0%|          | 0/10 [00:00<?, ?it/s, v_num=ettq, train_loss_step=0.350, val_loss=0.559, train_loss_epoch=0.365]SUCCESS: vision_encoder.blocks.2.1.spatial_block.conv1.fn.dw.weight is Updating! Grad Norm: 0.080146
Epoch 17:  10%|█         | 1/10 [00:07<01:11,  0.13it/s, v_num=ettq, train_loss_step=0.350, val_loss=0.559, train_loss_epoch=0.365]Epoch 17:  10%|█         | 1/10 [00:07<01:11,  0.13it/s, v_num=ettq, train_loss_step=0.336, val_loss=0.559, train_loss_epoch=0.365]SUCCESS: vision_encoder.blocks.2.1.spatial_block.conv1.fn.dw.weight is Updating! Grad Norm: 0.060303
Epoch 17:  20%|██        | 2/10 [00:14<00:57,  0.14it/s, v_num=ettq, train_loss_step=0.336, val_loss=0.559, train_loss_epoch=0.365]Epoch 17:  20%|██        | 2/10 [00:14<00:57,  0.14it/s, v_num=ettq, train_loss_step=0.321, val_loss=0.559, train_loss_epoch=0.365]SUCCESS: vision_encoder.blocks.2.1.spatial_block.conv1.fn.dw.weight is Updating! Grad Norm: 0.050511
Epoch 17:  30%|███       | 3/10 [00:20<00:48,  0.14it/s, v_num=ettq, train_loss_step=0.321, val_loss=0.559, train_loss_epoch=0.365]Epoch 17:  30%|███       | 3/10 [00:20<00:48,  0.14it/s, v_num=ettq, train_loss_step=0.270, val_loss=0.559, train_loss_epoch=0.365]SUCCESS: vision_encoder.blocks.2.1.spatial_block.conv1.fn.dw.weight is Updating! Grad Norm: 0.045705
Epoch 17:  40%|████      | 4/10 [00:27<00:41,  0.15it/s, v_num=ettq, train_loss_step=0.270, val_loss=0.559, train_loss_epoch=0.365]Epoch 17:  40%|████      | 4/10 [00:27<00:41,  0.15it/s, v_num=ettq, train_loss_step=0.336, val_loss=0.559, train_loss_epoch=0.365]SUCCESS: vision_encoder.blocks.2.1.spatial_block.conv1.fn.dw.weight is Updating! Grad Norm: 0.056654
Epoch 17:  50%|█████     | 5/10 [00:33<00:33,  0.15it/s, v_num=ettq, train_loss_step=0.336, val_loss=0.559, train_loss_epoch=0.365]Epoch 17:  50%|█████     | 5/10 [00:33<00:33,  0.15it/s, v_num=ettq, train_loss_step=0.422, val_loss=0.559, train_loss_epoch=0.365]SUCCESS: vision_encoder.blocks.2.1.spatial_block.conv1.fn.dw.weight is Updating! Grad Norm: 0.065985
Epoch 17:  60%|██████    | 6/10 [00:40<00:26,  0.15it/s, v_num=ettq, train_loss_step=0.422, val_loss=0.559, train_loss_epoch=0.365]Epoch 17:  60%|██████    | 6/10 [00:40<00:26,  0.15it/s, v_num=ettq, train_loss_step=0.420, val_loss=0.559, train_loss_epoch=0.365]SUCCESS: vision_encoder.blocks.2.1.spatial_block.conv1.fn.dw.weight is Updating! Grad Norm: 0.068936
Epoch 17:  70%|███████   | 7/10 [00:46<00:20,  0.15it/s, v_num=ettq, train_loss_step=0.420, val_loss=0.559, train_loss_epoch=0.365]Epoch 17:  70%|███████   | 7/10 [00:47<00:20,  0.15it/s, v_num=ettq, train_loss_step=0.280, val_loss=0.559, train_loss_epoch=0.365]SUCCESS: vision_encoder.blocks.2.1.spatial_block.conv1.fn.dw.weight is Updating! Grad Norm: 0.055794
Epoch 17:  80%|████████  | 8/10 [00:53<00:13,  0.15it/s, v_num=ettq, train_loss_step=0.280, val_loss=0.559, train_loss_epoch=0.365]Epoch 17:  80%|████████  | 8/10 [00:53<00:13,  0.15it/s, v_num=ettq, train_loss_step=0.365, val_loss=0.559, train_loss_epoch=0.365]SUCCESS: vision_encoder.blocks.2.1.spatial_block.conv1.fn.dw.weight is Updating! Grad Norm: 0.139649
Epoch 17:  90%|█████████ | 9/10 [01:00<00:06,  0.15it/s, v_num=ettq, train_loss_step=0.365, val_loss=0.559, train_loss_epoch=0.365]Epoch 17:  90%|█████████ | 9/10 [01:00<00:06,  0.15it/s, v_num=ettq, train_loss_step=0.367, val_loss=0.559, train_loss_epoch=0.365]SUCCESS: vision_encoder.blocks.2.1.spatial_block.conv1.fn.dw.weight is Updating! Grad Norm: 0.054656
Epoch 17: 100%|██████████| 10/10 [01:06<00:00,  0.15it/s, v_num=ettq, train_loss_step=0.367, val_loss=0.559, train_loss_epoch=0.365]Epoch 17: 100%|██████████| 10/10 [01:06<00:00,  0.15it/s, v_num=ettq, train_loss_step=0.439, val_loss=0.559, train_loss_epoch=0.365]
Validation: |          | 0/? [00:00<?, ?it/s][A
Validation:   0%|          | 0/4 [00:00<?, ?it/s][A
Validation DataLoader 0:   0%|          | 0/4 [00:00<?, ?it/s][Atensor(1.0301, device='cuda:0')
tensor(-0.0145, device='cuda:0')

Validation DataLoader 0:  25%|██▌       | 1/4 [00:01<00:04,  0.65it/s][Atensor(0.9570, device='cuda:0')
tensor(-0.2196, device='cuda:0')

Validation DataLoader 0:  50%|█████     | 2/4 [00:03<00:03,  0.65it/s][Atensor(1.0018, device='cuda:0')
tensor(-0.1117, device='cuda:0')

Validation DataLoader 0:  75%|███████▌  | 3/4 [00:04<00:01,  0.64it/s][Atensor(0.8265, device='cuda:0')
tensor(-0.0109, device='cuda:0')

Validation DataLoader 0: 100%|██████████| 4/4 [00:05<00:00,  0.76it/s][A
==================================================
Stage: VAL
Predicted class distribution: 0s = 90, 1s = 17
Actual label distribution:    0s = 80, 1s = 27
Actual Imbalance Ratio (0:1): 2.96:1
==================================================
✅ Model is predicting both classes.
Saved test predictions and probabilities to validation_results_fold_final.xlsx

                                                                      [AEpoch 17: 100%|██████████| 10/10 [01:12<00:00,  0.14it/s, v_num=ettq, train_loss_step=0.439, val_loss=0.555, train_loss_epoch=0.365]Epoch 17: 100%|██████████| 10/10 [01:12<00:00,  0.14it/s, v_num=ettq, train_loss_step=0.439, val_loss=0.555, train_loss_epoch=0.356]Epoch 17:   0%|          | 0/10 [00:00<?, ?it/s, v_num=ettq, train_loss_step=0.439, val_loss=0.555, train_loss_epoch=0.356]         Epoch 18:   0%|          | 0/10 [00:00<?, ?it/s, v_num=ettq, train_loss_step=0.439, val_loss=0.555, train_loss_epoch=0.356]SUCCESS: vision_encoder.blocks.2.1.spatial_block.conv1.fn.dw.weight is Updating! Grad Norm: 0.107502
Epoch 18:  10%|█         | 1/10 [00:07<01:08,  0.13it/s, v_num=ettq, train_loss_step=0.439, val_loss=0.555, train_loss_epoch=0.356]Epoch 18:  10%|█         | 1/10 [00:07<01:08,  0.13it/s, v_num=ettq, train_loss_step=0.418, val_loss=0.555, train_loss_epoch=0.356]SUCCESS: vision_encoder.blocks.2.1.spatial_block.conv1.fn.dw.weight is Updating! Grad Norm: 0.087955
Epoch 18:  20%|██        | 2/10 [00:14<00:56,  0.14it/s, v_num=ettq, train_loss_step=0.418, val_loss=0.555, train_loss_epoch=0.356]Epoch 18:  20%|██        | 2/10 [00:14<00:56,  0.14it/s, v_num=ettq, train_loss_step=0.331, val_loss=0.555, train_loss_epoch=0.356]SUCCESS: vision_encoder.blocks.2.1.spatial_block.conv1.fn.dw.weight is Updating! Grad Norm: 0.073385
Epoch 18:  30%|███       | 3/10 [00:20<00:48,  0.15it/s, v_num=ettq, train_loss_step=0.331, val_loss=0.555, train_loss_epoch=0.356]Epoch 18:  30%|███       | 3/10 [00:20<00:48,  0.15it/s, v_num=ettq, train_loss_step=0.362, val_loss=0.555, train_loss_epoch=0.356]SUCCESS: vision_encoder.blocks.2.1.spatial_block.conv1.fn.dw.weight is Updating! Grad Norm: 0.079672
Epoch 18:  40%|████      | 4/10 [00:27<00:40,  0.15it/s, v_num=ettq, train_loss_step=0.362, val_loss=0.555, train_loss_epoch=0.356]Epoch 18:  40%|████      | 4/10 [00:27<00:40,  0.15it/s, v_num=ettq, train_loss_step=0.333, val_loss=0.555, train_loss_epoch=0.356]SUCCESS: vision_encoder.blocks.2.1.spatial_block.conv1.fn.dw.weight is Updating! Grad Norm: 0.066038
Epoch 18:  50%|█████     | 5/10 [00:33<00:33,  0.15it/s, v_num=ettq, train_loss_step=0.333, val_loss=0.555, train_loss_epoch=0.356]Epoch 18:  50%|█████     | 5/10 [00:33<00:33,  0.15it/s, v_num=ettq, train_loss_step=0.249, val_loss=0.555, train_loss_epoch=0.356]SUCCESS: vision_encoder.blocks.2.1.spatial_block.conv1.fn.dw.weight is Updating! Grad Norm: 0.090686
Epoch 18:  60%|██████    | 6/10 [00:40<00:26,  0.15it/s, v_num=ettq, train_loss_step=0.249, val_loss=0.555, train_loss_epoch=0.356]Epoch 18:  60%|██████    | 6/10 [00:40<00:26,  0.15it/s, v_num=ettq, train_loss_step=0.276, val_loss=0.555, train_loss_epoch=0.356]SUCCESS: vision_encoder.blocks.2.1.spatial_block.conv1.fn.dw.weight is Updating! Grad Norm: 0.076422
Epoch 18:  70%|███████   | 7/10 [00:46<00:19,  0.15it/s, v_num=ettq, train_loss_step=0.276, val_loss=0.555, train_loss_epoch=0.356]Epoch 18:  70%|███████   | 7/10 [00:46<00:19,  0.15it/s, v_num=ettq, train_loss_step=0.379, val_loss=0.555, train_loss_epoch=0.356]SUCCESS: vision_encoder.blocks.2.1.spatial_block.conv1.fn.dw.weight is Updating! Grad Norm: 0.056954
Epoch 18:  80%|████████  | 8/10 [00:53<00:13,  0.15it/s, v_num=ettq, train_loss_step=0.379, val_loss=0.555, train_loss_epoch=0.356]Epoch 18:  80%|████████  | 8/10 [00:53<00:13,  0.15it/s, v_num=ettq, train_loss_step=0.296, val_loss=0.555, train_loss_epoch=0.356]SUCCESS: vision_encoder.blocks.2.1.spatial_block.conv1.fn.dw.weight is Updating! Grad Norm: 0.067981
Epoch 18:  90%|█████████ | 9/10 [00:59<00:06,  0.15it/s, v_num=ettq, train_loss_step=0.296, val_loss=0.555, train_loss_epoch=0.356]Epoch 18:  90%|█████████ | 9/10 [00:59<00:06,  0.15it/s, v_num=ettq, train_loss_step=0.325, val_loss=0.555, train_loss_epoch=0.356]SUCCESS: vision_encoder.blocks.2.1.spatial_block.conv1.fn.dw.weight is Updating! Grad Norm: 0.078864
Epoch 18: 100%|██████████| 10/10 [01:06<00:00,  0.15it/s, v_num=ettq, train_loss_step=0.325, val_loss=0.555, train_loss_epoch=0.356]Epoch 18: 100%|██████████| 10/10 [01:06<00:00,  0.15it/s, v_num=ettq, train_loss_step=0.370, val_loss=0.555, train_loss_epoch=0.356]
Validation: |          | 0/? [00:00<?, ?it/s][A
Validation:   0%|          | 0/4 [00:00<?, ?it/s][A
Validation DataLoader 0:   0%|          | 0/4 [00:00<?, ?it/s][Atensor(1.0600, device='cuda:0')
tensor(-0.0284, device='cuda:0')

Validation DataLoader 0:  25%|██▌       | 1/4 [00:01<00:04,  0.65it/s][Atensor(1.0088, device='cuda:0')
tensor(-0.2940, device='cuda:0')

Validation DataLoader 0:  50%|█████     | 2/4 [00:03<00:03,  0.65it/s][Atensor(1.0603, device='cuda:0')
tensor(-0.1489, device='cuda:0')

Validation DataLoader 0:  75%|███████▌  | 3/4 [00:04<00:01,  0.64it/s][Atensor(0.8631, device='cuda:0')
tensor(-0.0360, device='cuda:0')

Validation DataLoader 0: 100%|██████████| 4/4 [00:05<00:00,  0.76it/s][A
==================================================
Stage: VAL
Predicted class distribution: 0s = 89, 1s = 18
Actual label distribution:    0s = 80, 1s = 27
Actual Imbalance Ratio (0:1): 2.96:1
==================================================
✅ Model is predicting both classes.
Saved test predictions and probabilities to validation_results_fold_final.xlsx

                                                                      [AEpoch 18: 100%|██████████| 10/10 [01:11<00:00,  0.14it/s, v_num=ettq, train_loss_step=0.370, val_loss=0.557, train_loss_epoch=0.356]Epoch 18: 100%|██████████| 10/10 [01:11<00:00,  0.14it/s, v_num=ettq, train_loss_step=0.370, val_loss=0.557, train_loss_epoch=0.334]Epoch 18:   0%|          | 0/10 [00:00<?, ?it/s, v_num=ettq, train_loss_step=0.370, val_loss=0.557, train_loss_epoch=0.334]         Epoch 19:   0%|          | 0/10 [00:00<?, ?it/s, v_num=ettq, train_loss_step=0.370, val_loss=0.557, train_loss_epoch=0.334]SUCCESS: vision_encoder.blocks.2.1.spatial_block.conv1.fn.dw.weight is Updating! Grad Norm: 0.075454
Epoch 19:  10%|█         | 1/10 [00:08<01:12,  0.12it/s, v_num=ettq, train_loss_step=0.370, val_loss=0.557, train_loss_epoch=0.334]Epoch 19:  10%|█         | 1/10 [00:08<01:12,  0.12it/s, v_num=ettq, train_loss_step=0.295, val_loss=0.557, train_loss_epoch=0.334]SUCCESS: vision_encoder.blocks.2.1.spatial_block.conv1.fn.dw.weight is Updating! Grad Norm: 0.088029
Epoch 19:  20%|██        | 2/10 [00:14<00:58,  0.14it/s, v_num=ettq, train_loss_step=0.295, val_loss=0.557, train_loss_epoch=0.334]Epoch 19:  20%|██        | 2/10 [00:14<00:58,  0.14it/s, v_num=ettq, train_loss_step=0.245, val_loss=0.557, train_loss_epoch=0.334]SUCCESS: vision_encoder.blocks.2.1.spatial_block.conv1.fn.dw.weight is Updating! Grad Norm: 0.067231
Epoch 19:  30%|███       | 3/10 [00:21<00:49,  0.14it/s, v_num=ettq, train_loss_step=0.245, val_loss=0.557, train_loss_epoch=0.334]Epoch 19:  30%|███       | 3/10 [00:21<00:49,  0.14it/s, v_num=ettq, train_loss_step=0.275, val_loss=0.557, train_loss_epoch=0.334]SUCCESS: vision_encoder.blocks.2.1.spatial_block.conv1.fn.dw.weight is Updating! Grad Norm: 0.223734
Epoch 19:  40%|████      | 4/10 [00:27<00:41,  0.14it/s, v_num=ettq, train_loss_step=0.275, val_loss=0.557, train_loss_epoch=0.334]Epoch 19:  40%|████      | 4/10 [00:27<00:41,  0.14it/s, v_num=ettq, train_loss_step=0.485, val_loss=0.557, train_loss_epoch=0.334]SUCCESS: vision_encoder.blocks.2.1.spatial_block.conv1.fn.dw.weight is Updating! Grad Norm: 0.077656
Epoch 19:  50%|█████     | 5/10 [00:34<00:34,  0.15it/s, v_num=ettq, train_loss_step=0.485, val_loss=0.557, train_loss_epoch=0.334]Epoch 19:  50%|█████     | 5/10 [00:34<00:34,  0.15it/s, v_num=ettq, train_loss_step=0.424, val_loss=0.557, train_loss_epoch=0.334]SUCCESS: vision_encoder.blocks.2.1.spatial_block.conv1.fn.dw.weight is Updating! Grad Norm: 0.080711
Epoch 19:  60%|██████    | 6/10 [00:40<00:27,  0.15it/s, v_num=ettq, train_loss_step=0.424, val_loss=0.557, train_loss_epoch=0.334]Epoch 19:  60%|██████    | 6/10 [00:40<00:27,  0.15it/s, v_num=ettq, train_loss_step=0.267, val_loss=0.557, train_loss_epoch=0.334]SUCCESS: vision_encoder.blocks.2.1.spatial_block.conv1.fn.dw.weight is Updating! Grad Norm: 0.142806
Epoch 19:  70%|███████   | 7/10 [00:47<00:20,  0.15it/s, v_num=ettq, train_loss_step=0.267, val_loss=0.557, train_loss_epoch=0.334]Epoch 19:  70%|███████   | 7/10 [00:47<00:20,  0.15it/s, v_num=ettq, train_loss_step=0.327, val_loss=0.557, train_loss_epoch=0.334]SUCCESS: vision_encoder.blocks.2.1.spatial_block.conv1.fn.dw.weight is Updating! Grad Norm: 0.096194
Epoch 19:  80%|████████  | 8/10 [00:53<00:13,  0.15it/s, v_num=ettq, train_loss_step=0.327, val_loss=0.557, train_loss_epoch=0.334]Epoch 19:  80%|████████  | 8/10 [00:53<00:13,  0.15it/s, v_num=ettq, train_loss_step=0.273, val_loss=0.557, train_loss_epoch=0.334]SUCCESS: vision_encoder.blocks.2.1.spatial_block.conv1.fn.dw.weight is Updating! Grad Norm: 0.137096
Epoch 19:  90%|█████████ | 9/10 [01:00<00:06,  0.15it/s, v_num=ettq, train_loss_step=0.273, val_loss=0.557, train_loss_epoch=0.334]Epoch 19:  90%|█████████ | 9/10 [01:00<00:06,  0.15it/s, v_num=ettq, train_loss_step=0.379, val_loss=0.557, train_loss_epoch=0.334]SUCCESS: vision_encoder.blocks.2.1.spatial_block.conv1.fn.dw.weight is Updating! Grad Norm: 0.190780
Epoch 19: 100%|██████████| 10/10 [01:06<00:00,  0.15it/s, v_num=ettq, train_loss_step=0.379, val_loss=0.557, train_loss_epoch=0.334]Epoch 19: 100%|██████████| 10/10 [01:06<00:00,  0.15it/s, v_num=ettq, train_loss_step=0.361, val_loss=0.557, train_loss_epoch=0.334]
Validation: |          | 0/? [00:00<?, ?it/s][A
Validation:   0%|          | 0/4 [00:00<?, ?it/s][A
Validation DataLoader 0:   0%|          | 0/4 [00:00<?, ?it/s][Atensor(1.1391, device='cuda:0')
tensor(-0.0522, device='cuda:0')

Validation DataLoader 0:  25%|██▌       | 1/4 [00:01<00:04,  0.65it/s][Atensor(1.0894, device='cuda:0')
tensor(-0.3484, device='cuda:0')

Validation DataLoader 0:  50%|█████     | 2/4 [00:03<00:03,  0.64it/s][Atensor(1.1526, device='cuda:0')
tensor(-0.1639, device='cuda:0')

Validation DataLoader 0:  75%|███████▌  | 3/4 [00:04<00:01,  0.64it/s][Atensor(0.9360, device='cuda:0')
tensor(-0.0348, device='cuda:0')

Validation DataLoader 0: 100%|██████████| 4/4 [00:05<00:00,  0.76it/s][A
==================================================
Stage: VAL
Predicted class distribution: 0s = 91, 1s = 16
Actual label distribution:    0s = 80, 1s = 27
Actual Imbalance Ratio (0:1): 2.96:1
==================================================
✅ Model is predicting both classes.
Saved test predictions and probabilities to validation_results_fold_final.xlsx

                                                                      [AEpoch 19: 100%|██████████| 10/10 [01:12<00:00,  0.14it/s, v_num=ettq, train_loss_step=0.361, val_loss=0.555, train_loss_epoch=0.334]Epoch 19: 100%|██████████| 10/10 [01:12<00:00,  0.14it/s, v_num=ettq, train_loss_step=0.361, val_loss=0.555, train_loss_epoch=0.333]Epoch 19:   0%|          | 0/10 [00:00<?, ?it/s, v_num=ettq, train_loss_step=0.361, val_loss=0.555, train_loss_epoch=0.333]         Epoch 20:   0%|          | 0/10 [00:00<?, ?it/s, v_num=ettq, train_loss_step=0.361, val_loss=0.555, train_loss_epoch=0.333]SUCCESS: vision_encoder.blocks.2.1.spatial_block.conv1.fn.dw.weight is Updating! Grad Norm: 0.141790
Epoch 20:  10%|█         | 1/10 [00:07<01:08,  0.13it/s, v_num=ettq, train_loss_step=0.361, val_loss=0.555, train_loss_epoch=0.333]Epoch 20:  10%|█         | 1/10 [00:07<01:08,  0.13it/s, v_num=ettq, train_loss_step=0.363, val_loss=0.555, train_loss_epoch=0.333]SUCCESS: vision_encoder.blocks.2.1.spatial_block.conv1.fn.dw.weight is Updating! Grad Norm: 0.087180
Epoch 20:  20%|██        | 2/10 [00:14<00:56,  0.14it/s, v_num=ettq, train_loss_step=0.363, val_loss=0.555, train_loss_epoch=0.333]Epoch 20:  20%|██        | 2/10 [00:14<00:56,  0.14it/s, v_num=ettq, train_loss_step=0.239, val_loss=0.555, train_loss_epoch=0.333]SUCCESS: vision_encoder.blocks.2.1.spatial_block.conv1.fn.dw.weight is Updating! Grad Norm: 0.069955
Epoch 20:  30%|███       | 3/10 [00:20<00:48,  0.15it/s, v_num=ettq, train_loss_step=0.239, val_loss=0.555, train_loss_epoch=0.333]Epoch 20:  30%|███       | 3/10 [00:20<00:48,  0.15it/s, v_num=ettq, train_loss_step=0.322, val_loss=0.555, train_loss_epoch=0.333]SUCCESS: vision_encoder.blocks.2.1.spatial_block.conv1.fn.dw.weight is Updating! Grad Norm: 0.075650
Epoch 20:  40%|████      | 4/10 [00:27<00:40,  0.15it/s, v_num=ettq, train_loss_step=0.322, val_loss=0.555, train_loss_epoch=0.333]Epoch 20:  40%|████      | 4/10 [00:27<00:40,  0.15it/s, v_num=ettq, train_loss_step=0.341, val_loss=0.555, train_loss_epoch=0.333]SUCCESS: vision_encoder.blocks.2.1.spatial_block.conv1.fn.dw.weight is Updating! Grad Norm: 0.068381
Epoch 20:  50%|█████     | 5/10 [00:33<00:33,  0.15it/s, v_num=ettq, train_loss_step=0.341, val_loss=0.555, train_loss_epoch=0.333]Epoch 20:  50%|█████     | 5/10 [00:33<00:33,  0.15it/s, v_num=ettq, train_loss_step=0.283, val_loss=0.555, train_loss_epoch=0.333]SUCCESS: vision_encoder.blocks.2.1.spatial_block.conv1.fn.dw.weight is Updating! Grad Norm: 0.184283
Epoch 20:  60%|██████    | 6/10 [00:40<00:26,  0.15it/s, v_num=ettq, train_loss_step=0.283, val_loss=0.555, train_loss_epoch=0.333]Epoch 20:  60%|██████    | 6/10 [00:40<00:26,  0.15it/s, v_num=ettq, train_loss_step=0.376, val_loss=0.555, train_loss_epoch=0.333]SUCCESS: vision_encoder.blocks.2.1.spatial_block.conv1.fn.dw.weight is Updating! Grad Norm: 0.083678
Epoch 20:  70%|███████   | 7/10 [00:46<00:19,  0.15it/s, v_num=ettq, train_loss_step=0.376, val_loss=0.555, train_loss_epoch=0.333]Epoch 20:  70%|███████   | 7/10 [00:46<00:19,  0.15it/s, v_num=ettq, train_loss_step=0.292, val_loss=0.555, train_loss_epoch=0.333]SUCCESS: vision_encoder.blocks.2.1.spatial_block.conv1.fn.dw.weight is Updating! Grad Norm: 0.073816
Epoch 20:  80%|████████  | 8/10 [00:53<00:13,  0.15it/s, v_num=ettq, train_loss_step=0.292, val_loss=0.555, train_loss_epoch=0.333]Epoch 20:  80%|████████  | 8/10 [00:53<00:13,  0.15it/s, v_num=ettq, train_loss_step=0.279, val_loss=0.555, train_loss_epoch=0.333]SUCCESS: vision_encoder.blocks.2.1.spatial_block.conv1.fn.dw.weight is Updating! Grad Norm: 0.065685
Epoch 20:  90%|█████████ | 9/10 [00:59<00:06,  0.15it/s, v_num=ettq, train_loss_step=0.279, val_loss=0.555, train_loss_epoch=0.333]Epoch 20:  90%|█████████ | 9/10 [00:59<00:06,  0.15it/s, v_num=ettq, train_loss_step=0.223, val_loss=0.555, train_loss_epoch=0.333]SUCCESS: vision_encoder.blocks.2.1.spatial_block.conv1.fn.dw.weight is Updating! Grad Norm: 0.067175
Epoch 20: 100%|██████████| 10/10 [01:06<00:00,  0.15it/s, v_num=ettq, train_loss_step=0.223, val_loss=0.555, train_loss_epoch=0.333]Epoch 20: 100%|██████████| 10/10 [01:06<00:00,  0.15it/s, v_num=ettq, train_loss_step=0.402, val_loss=0.555, train_loss_epoch=0.333]
Validation: |          | 0/? [00:00<?, ?it/s][A
Validation:   0%|          | 0/4 [00:00<?, ?it/s][A
Validation DataLoader 0:   0%|          | 0/4 [00:00<?, ?it/s][Atensor(1.2090, device='cuda:0')
tensor(-0.0575, device='cuda:0')

Validation DataLoader 0:  25%|██▌       | 1/4 [00:01<00:04,  0.65it/s][Atensor(1.1665, device='cuda:0')
tensor(-0.2990, device='cuda:0')

Validation DataLoader 0:  50%|█████     | 2/4 [00:03<00:03,  0.65it/s][Atensor(1.2350, device='cuda:0')
tensor(-0.1236, device='cuda:0')

Validation DataLoader 0:  75%|███████▌  | 3/4 [00:04<00:01,  0.64it/s][Atensor(0.9988, device='cuda:0')
tensor(-0.0276, device='cuda:0')

Validation DataLoader 0: 100%|██████████| 4/4 [00:05<00:00,  0.76it/s][A
==================================================
Stage: VAL
Predicted class distribution: 0s = 94, 1s = 13
Actual label distribution:    0s = 80, 1s = 27
Actual Imbalance Ratio (0:1): 2.96:1
==================================================
✅ Model is predicting both classes.
Saved test predictions and probabilities to validation_results_fold_final.xlsx

                                                                      [AEpoch 20: 100%|██████████| 10/10 [01:12<00:00,  0.14it/s, v_num=ettq, train_loss_step=0.402, val_loss=0.546, train_loss_epoch=0.333]Epoch 20: 100%|██████████| 10/10 [01:12<00:00,  0.14it/s, v_num=ettq, train_loss_step=0.402, val_loss=0.546, train_loss_epoch=0.312]Epoch 20:   0%|          | 0/10 [00:00<?, ?it/s, v_num=ettq, train_loss_step=0.402, val_loss=0.546, train_loss_epoch=0.312]         Epoch 21:   0%|          | 0/10 [00:00<?, ?it/s, v_num=ettq, train_loss_step=0.402, val_loss=0.546, train_loss_epoch=0.312]SUCCESS: vision_encoder.blocks.2.1.spatial_block.conv1.fn.dw.weight is Updating! Grad Norm: 0.063721
Epoch 21:  10%|█         | 1/10 [00:07<01:08,  0.13it/s, v_num=ettq, train_loss_step=0.402, val_loss=0.546, train_loss_epoch=0.312]Epoch 21:  10%|█         | 1/10 [00:07<01:08,  0.13it/s, v_num=ettq, train_loss_step=0.384, val_loss=0.546, train_loss_epoch=0.312]SUCCESS: vision_encoder.blocks.2.1.spatial_block.conv1.fn.dw.weight is Updating! Grad Norm: 0.127861
Epoch 21:  20%|██        | 2/10 [00:14<00:56,  0.14it/s, v_num=ettq, train_loss_step=0.384, val_loss=0.546, train_loss_epoch=0.312]Epoch 21:  20%|██        | 2/10 [00:14<00:56,  0.14it/s, v_num=ettq, train_loss_step=0.310, val_loss=0.546, train_loss_epoch=0.312]SUCCESS: vision_encoder.blocks.2.1.spatial_block.conv1.fn.dw.weight is Updating! Grad Norm: 0.065993
Epoch 21:  30%|███       | 3/10 [00:20<00:48,  0.15it/s, v_num=ettq, train_loss_step=0.310, val_loss=0.546, train_loss_epoch=0.312]Epoch 21:  30%|███       | 3/10 [00:20<00:48,  0.15it/s, v_num=ettq, train_loss_step=0.332, val_loss=0.546, train_loss_epoch=0.312]SUCCESS: vision_encoder.blocks.2.1.spatial_block.conv1.fn.dw.weight is Updating! Grad Norm: 0.093626
Epoch 21:  40%|████      | 4/10 [00:27<00:40,  0.15it/s, v_num=ettq, train_loss_step=0.332, val_loss=0.546, train_loss_epoch=0.312]Epoch 21:  40%|████      | 4/10 [00:27<00:40,  0.15it/s, v_num=ettq, train_loss_step=0.260, val_loss=0.546, train_loss_epoch=0.312]SUCCESS: vision_encoder.blocks.2.1.spatial_block.conv1.fn.dw.weight is Updating! Grad Norm: 0.150096
Epoch 21:  50%|█████     | 5/10 [00:33<00:33,  0.15it/s, v_num=ettq, train_loss_step=0.260, val_loss=0.546, train_loss_epoch=0.312]Epoch 21:  50%|█████     | 5/10 [00:33<00:33,  0.15it/s, v_num=ettq, train_loss_step=0.304, val_loss=0.546, train_loss_epoch=0.312]SUCCESS: vision_encoder.blocks.2.1.spatial_block.conv1.fn.dw.weight is Updating! Grad Norm: 0.145066
Epoch 21:  60%|██████    | 6/10 [00:40<00:26,  0.15it/s, v_num=ettq, train_loss_step=0.304, val_loss=0.546, train_loss_epoch=0.312]Epoch 21:  60%|██████    | 6/10 [00:40<00:26,  0.15it/s, v_num=ettq, train_loss_step=0.219, val_loss=0.546, train_loss_epoch=0.312]SUCCESS: vision_encoder.blocks.2.1.spatial_block.conv1.fn.dw.weight is Updating! Grad Norm: 0.072673
Epoch 21:  70%|███████   | 7/10 [00:46<00:20,  0.15it/s, v_num=ettq, train_loss_step=0.219, val_loss=0.546, train_loss_epoch=0.312]Epoch 21:  70%|███████   | 7/10 [00:46<00:20,  0.15it/s, v_num=ettq, train_loss_step=0.219, val_loss=0.546, train_loss_epoch=0.312]SUCCESS: vision_encoder.blocks.2.1.spatial_block.conv1.fn.dw.weight is Updating! Grad Norm: 0.055363
Epoch 21:  80%|████████  | 8/10 [00:53<00:13,  0.15it/s, v_num=ettq, train_loss_step=0.219, val_loss=0.546, train_loss_epoch=0.312]Epoch 21:  80%|████████  | 8/10 [00:53<00:13,  0.15it/s, v_num=ettq, train_loss_step=0.193, val_loss=0.546, train_loss_epoch=0.312]SUCCESS: vision_encoder.blocks.2.1.spatial_block.conv1.fn.dw.weight is Updating! Grad Norm: 0.183723
Epoch 21:  90%|█████████ | 9/10 [00:59<00:06,  0.15it/s, v_num=ettq, train_loss_step=0.193, val_loss=0.546, train_loss_epoch=0.312]Epoch 21:  90%|█████████ | 9/10 [00:59<00:06,  0.15it/s, v_num=ettq, train_loss_step=0.384, val_loss=0.546, train_loss_epoch=0.312]SUCCESS: vision_encoder.blocks.2.1.spatial_block.conv1.fn.dw.weight is Updating! Grad Norm: 0.055352
Epoch 21: 100%|██████████| 10/10 [01:06<00:00,  0.15it/s, v_num=ettq, train_loss_step=0.384, val_loss=0.546, train_loss_epoch=0.312]Epoch 21: 100%|██████████| 10/10 [01:06<00:00,  0.15it/s, v_num=ettq, train_loss_step=0.346, val_loss=0.546, train_loss_epoch=0.312]
Validation: |          | 0/? [00:00<?, ?it/s][A
Validation:   0%|          | 0/4 [00:00<?, ?it/s][A
Validation DataLoader 0:   0%|          | 0/4 [00:00<?, ?it/s][Atensor(1.2641, device='cuda:0')
tensor(-0.0267, device='cuda:0')

Validation DataLoader 0:  25%|██▌       | 1/4 [00:01<00:04,  0.65it/s][Atensor(1.2419, device='cuda:0')
tensor(-0.3038, device='cuda:0')

Validation DataLoader 0:  50%|█████     | 2/4 [00:03<00:03,  0.64it/s][Atensor(1.2792, device='cuda:0')
tensor(-0.1343, device='cuda:0')

Validation DataLoader 0:  75%|███████▌  | 3/4 [00:04<00:01,  0.64it/s][Atensor(1.0365, device='cuda:0')
tensor(-0.0183, device='cuda:0')

Validation DataLoader 0: 100%|██████████| 4/4 [00:05<00:00,  0.76it/s][A
==================================================
Stage: VAL
Predicted class distribution: 0s = 96, 1s = 11
Actual label distribution:    0s = 80, 1s = 27
Actual Imbalance Ratio (0:1): 2.96:1
==================================================
✅ Model is predicting both classes.
Saved test predictions and probabilities to validation_results_fold_final.xlsx

                                                                      [AEpoch 21: 100%|██████████| 10/10 [01:12<00:00,  0.14it/s, v_num=ettq, train_loss_step=0.346, val_loss=0.538, train_loss_epoch=0.312]Epoch 21: 100%|██████████| 10/10 [01:12<00:00,  0.14it/s, v_num=ettq, train_loss_step=0.346, val_loss=0.538, train_loss_epoch=0.295]Epoch 21:   0%|          | 0/10 [00:00<?, ?it/s, v_num=ettq, train_loss_step=0.346, val_loss=0.538, train_loss_epoch=0.295]         Epoch 22:   0%|          | 0/10 [00:00<?, ?it/s, v_num=ettq, train_loss_step=0.346, val_loss=0.538, train_loss_epoch=0.295]SUCCESS: vision_encoder.blocks.2.1.spatial_block.conv1.fn.dw.weight is Updating! Grad Norm: 0.074492
Epoch 22:  10%|█         | 1/10 [00:07<01:08,  0.13it/s, v_num=ettq, train_loss_step=0.346, val_loss=0.538, train_loss_epoch=0.295]Epoch 22:  10%|█         | 1/10 [00:07<01:09,  0.13it/s, v_num=ettq, train_loss_step=0.243, val_loss=0.538, train_loss_epoch=0.295]SUCCESS: vision_encoder.blocks.2.1.spatial_block.conv1.fn.dw.weight is Updating! Grad Norm: 0.077442
Epoch 22:  20%|██        | 2/10 [00:14<00:56,  0.14it/s, v_num=ettq, train_loss_step=0.243, val_loss=0.538, train_loss_epoch=0.295]Epoch 22:  20%|██        | 2/10 [00:14<00:56,  0.14it/s, v_num=ettq, train_loss_step=0.334, val_loss=0.538, train_loss_epoch=0.295]SUCCESS: vision_encoder.blocks.2.1.spatial_block.conv1.fn.dw.weight is Updating! Grad Norm: 0.080462
Epoch 22:  30%|███       | 3/10 [00:20<00:48,  0.15it/s, v_num=ettq, train_loss_step=0.334, val_loss=0.538, train_loss_epoch=0.295]Epoch 22:  30%|███       | 3/10 [00:20<00:48,  0.15it/s, v_num=ettq, train_loss_step=0.252, val_loss=0.538, train_loss_epoch=0.295]SUCCESS: vision_encoder.blocks.2.1.spatial_block.conv1.fn.dw.weight is Updating! Grad Norm: 0.040597
Epoch 22:  40%|████      | 4/10 [00:27<00:40,  0.15it/s, v_num=ettq, train_loss_step=0.252, val_loss=0.538, train_loss_epoch=0.295]Epoch 22:  40%|████      | 4/10 [00:27<00:40,  0.15it/s, v_num=ettq, train_loss_step=0.224, val_loss=0.538, train_loss_epoch=0.295]SUCCESS: vision_encoder.blocks.2.1.spatial_block.conv1.fn.dw.weight is Updating! Grad Norm: 0.096916
Epoch 22:  50%|█████     | 5/10 [00:33<00:33,  0.15it/s, v_num=ettq, train_loss_step=0.224, val_loss=0.538, train_loss_epoch=0.295]Epoch 22:  50%|█████     | 5/10 [00:33<00:33,  0.15it/s, v_num=ettq, train_loss_step=0.196, val_loss=0.538, train_loss_epoch=0.295]SUCCESS: vision_encoder.blocks.2.1.spatial_block.conv1.fn.dw.weight is Updating! Grad Norm: 0.049098
Epoch 22:  60%|██████    | 6/10 [00:40<00:26,  0.15it/s, v_num=ettq, train_loss_step=0.196, val_loss=0.538, train_loss_epoch=0.295]Epoch 22:  60%|██████    | 6/10 [00:40<00:26,  0.15it/s, v_num=ettq, train_loss_step=0.266, val_loss=0.538, train_loss_epoch=0.295]SUCCESS: vision_encoder.blocks.2.1.spatial_block.conv1.fn.dw.weight is Updating! Grad Norm: 0.084232
Epoch 22:  70%|███████   | 7/10 [00:46<00:20,  0.15it/s, v_num=ettq, train_loss_step=0.266, val_loss=0.538, train_loss_epoch=0.295]Epoch 22:  70%|███████   | 7/10 [00:46<00:20,  0.15it/s, v_num=ettq, train_loss_step=0.213, val_loss=0.538, train_loss_epoch=0.295]SUCCESS: vision_encoder.blocks.2.1.spatial_block.conv1.fn.dw.weight is Updating! Grad Norm: 0.066493
Epoch 22:  80%|████████  | 8/10 [00:53<00:13,  0.15it/s, v_num=ettq, train_loss_step=0.213, val_loss=0.538, train_loss_epoch=0.295]Epoch 22:  80%|████████  | 8/10 [00:53<00:13,  0.15it/s, v_num=ettq, train_loss_step=0.219, val_loss=0.538, train_loss_epoch=0.295]SUCCESS: vision_encoder.blocks.2.1.spatial_block.conv1.fn.dw.weight is Updating! Grad Norm: 0.125852
Epoch 22:  90%|█████████ | 9/10 [00:59<00:06,  0.15it/s, v_num=ettq, train_loss_step=0.219, val_loss=0.538, train_loss_epoch=0.295]Epoch 22:  90%|█████████ | 9/10 [00:59<00:06,  0.15it/s, v_num=ettq, train_loss_step=0.318, val_loss=0.538, train_loss_epoch=0.295]SUCCESS: vision_encoder.blocks.2.1.spatial_block.conv1.fn.dw.weight is Updating! Grad Norm: 0.123812
Epoch 22: 100%|██████████| 10/10 [01:06<00:00,  0.15it/s, v_num=ettq, train_loss_step=0.318, val_loss=0.538, train_loss_epoch=0.295]Epoch 22: 100%|██████████| 10/10 [01:06<00:00,  0.15it/s, v_num=ettq, train_loss_step=0.351, val_loss=0.538, train_loss_epoch=0.295]
Validation: |          | 0/? [00:00<?, ?it/s][A
Validation:   0%|          | 0/4 [00:00<?, ?it/s][A
Validation DataLoader 0:   0%|          | 0/4 [00:00<?, ?it/s][Atensor(1.3152, device='cuda:0')
tensor(-0.1677, device='cuda:0')

Validation DataLoader 0:  25%|██▌       | 1/4 [00:01<00:04,  0.65it/s][Atensor(1.2796, device='cuda:0')
tensor(-0.3807, device='cuda:0')

Validation DataLoader 0:  50%|█████     | 2/4 [00:03<00:03,  0.64it/s][Atensor(1.3589, device='cuda:0')
tensor(-0.1543, device='cuda:0')

Validation DataLoader 0:  75%|███████▌  | 3/4 [00:04<00:01,  0.64it/s][Atensor(1.0974, device='cuda:0')
tensor(-0.0052, device='cuda:0')

Validation DataLoader 0: 100%|██████████| 4/4 [00:05<00:00,  0.76it/s][A
==================================================
Stage: VAL
Predicted class distribution: 0s = 94, 1s = 13
Actual label distribution:    0s = 80, 1s = 27
Actual Imbalance Ratio (0:1): 2.96:1
==================================================
✅ Model is predicting both classes.
Saved test predictions and probabilities to validation_results_fold_final.xlsx

                                                                      [AEpoch 22: 100%|██████████| 10/10 [01:12<00:00,  0.14it/s, v_num=ettq, train_loss_step=0.351, val_loss=0.544, train_loss_epoch=0.295]Epoch 22: 100%|██████████| 10/10 [01:12<00:00,  0.14it/s, v_num=ettq, train_loss_step=0.351, val_loss=0.544, train_loss_epoch=0.261]Epoch 22:   0%|          | 0/10 [00:00<?, ?it/s, v_num=ettq, train_loss_step=0.351, val_loss=0.544, train_loss_epoch=0.261]         Epoch 23:   0%|          | 0/10 [00:00<?, ?it/s, v_num=ettq, train_loss_step=0.351, val_loss=0.544, train_loss_epoch=0.261]SUCCESS: vision_encoder.blocks.2.1.spatial_block.conv1.fn.dw.weight is Updating! Grad Norm: 0.052010
Epoch 23:  10%|█         | 1/10 [00:07<01:09,  0.13it/s, v_num=ettq, train_loss_step=0.351, val_loss=0.544, train_loss_epoch=0.261]Epoch 23:  10%|█         | 1/10 [00:07<01:09,  0.13it/s, v_num=ettq, train_loss_step=0.165, val_loss=0.544, train_loss_epoch=0.261]SUCCESS: vision_encoder.blocks.2.1.spatial_block.conv1.fn.dw.weight is Updating! Grad Norm: 0.217371
Epoch 23:  20%|██        | 2/10 [00:14<00:56,  0.14it/s, v_num=ettq, train_loss_step=0.165, val_loss=0.544, train_loss_epoch=0.261]Epoch 23:  20%|██        | 2/10 [00:14<00:57,  0.14it/s, v_num=ettq, train_loss_step=0.405, val_loss=0.544, train_loss_epoch=0.261]SUCCESS: vision_encoder.blocks.2.1.spatial_block.conv1.fn.dw.weight is Updating! Grad Norm: 0.147236
Epoch 23:  30%|███       | 3/10 [00:20<00:48,  0.14it/s, v_num=ettq, train_loss_step=0.405, val_loss=0.544, train_loss_epoch=0.261]Epoch 23:  30%|███       | 3/10 [00:20<00:48,  0.14it/s, v_num=ettq, train_loss_step=0.216, val_loss=0.544, train_loss_epoch=0.261]SUCCESS: vision_encoder.blocks.2.1.spatial_block.conv1.fn.dw.weight is Updating! Grad Norm: 0.080070
Epoch 23:  40%|████      | 4/10 [00:27<00:40,  0.15it/s, v_num=ettq, train_loss_step=0.216, val_loss=0.544, train_loss_epoch=0.261]Epoch 23:  40%|████      | 4/10 [00:27<00:40,  0.15it/s, v_num=ettq, train_loss_step=0.145, val_loss=0.544, train_loss_epoch=0.261]SUCCESS: vision_encoder.blocks.2.1.spatial_block.conv1.fn.dw.weight is Updating! Grad Norm: 0.077096
Epoch 23:  50%|█████     | 5/10 [00:33<00:33,  0.15it/s, v_num=ettq, train_loss_step=0.145, val_loss=0.544, train_loss_epoch=0.261]Epoch 23:  50%|█████     | 5/10 [00:33<00:33,  0.15it/s, v_num=ettq, train_loss_step=0.134, val_loss=0.544, train_loss_epoch=0.261]SUCCESS: vision_encoder.blocks.2.1.spatial_block.conv1.fn.dw.weight is Updating! Grad Norm: 0.074940
Epoch 23:  60%|██████    | 6/10 [00:40<00:26,  0.15it/s, v_num=ettq, train_loss_step=0.134, val_loss=0.544, train_loss_epoch=0.261]Epoch 23:  60%|██████    | 6/10 [00:40<00:26,  0.15it/s, v_num=ettq, train_loss_step=0.232, val_loss=0.544, train_loss_epoch=0.261]SUCCESS: vision_encoder.blocks.2.1.spatial_block.conv1.fn.dw.weight is Updating! Grad Norm: 0.219102
Epoch 23:  70%|███████   | 7/10 [00:46<00:20,  0.15it/s, v_num=ettq, train_loss_step=0.232, val_loss=0.544, train_loss_epoch=0.261]Epoch 23:  70%|███████   | 7/10 [00:46<00:20,  0.15it/s, v_num=ettq, train_loss_step=0.329, val_loss=0.544, train_loss_epoch=0.261]SUCCESS: vision_encoder.blocks.2.1.spatial_block.conv1.fn.dw.weight is Updating! Grad Norm: 0.147339
Epoch 23:  80%|████████  | 8/10 [00:53<00:13,  0.15it/s, v_num=ettq, train_loss_step=0.329, val_loss=0.544, train_loss_epoch=0.261]Epoch 23:  80%|████████  | 8/10 [00:53<00:13,  0.15it/s, v_num=ettq, train_loss_step=0.212, val_loss=0.544, train_loss_epoch=0.261]SUCCESS: vision_encoder.blocks.2.1.spatial_block.conv1.fn.dw.weight is Updating! Grad Norm: 0.100219
Epoch 23:  90%|█████████ | 9/10 [00:59<00:06,  0.15it/s, v_num=ettq, train_loss_step=0.212, val_loss=0.544, train_loss_epoch=0.261]Epoch 23:  90%|█████████ | 9/10 [00:59<00:06,  0.15it/s, v_num=ettq, train_loss_step=0.360, val_loss=0.544, train_loss_epoch=0.261]SUCCESS: vision_encoder.blocks.2.1.spatial_block.conv1.fn.dw.weight is Updating! Grad Norm: 0.097068
Epoch 23: 100%|██████████| 10/10 [01:06<00:00,  0.15it/s, v_num=ettq, train_loss_step=0.360, val_loss=0.544, train_loss_epoch=0.261]Epoch 23: 100%|██████████| 10/10 [01:06<00:00,  0.15it/s, v_num=ettq, train_loss_step=0.218, val_loss=0.544, train_loss_epoch=0.261]
Validation: |          | 0/? [00:00<?, ?it/s][A
Validation:   0%|          | 0/4 [00:00<?, ?it/s][A
Validation DataLoader 0:   0%|          | 0/4 [00:00<?, ?it/s][Atensor(1.3925, device='cuda:0')
tensor(0.0204, device='cuda:0')

Validation DataLoader 0:  25%|██▌       | 1/4 [00:01<00:04,  0.65it/s][Atensor(1.3808, device='cuda:0')
tensor(-0.4100, device='cuda:0')

Validation DataLoader 0:  50%|█████     | 2/4 [00:03<00:03,  0.64it/s][Atensor(1.4349, device='cuda:0')
tensor(-0.1182, device='cuda:0')

Validation DataLoader 0:  75%|███████▌  | 3/4 [00:04<00:01,  0.64it/s][Atensor(1.1763, device='cuda:0')
tensor(0.0340, device='cuda:0')

Validation DataLoader 0: 100%|██████████| 4/4 [00:05<00:00,  0.76it/s][A
==================================================
Stage: VAL
Predicted class distribution: 0s = 97, 1s = 10
Actual label distribution:    0s = 80, 1s = 27
Actual Imbalance Ratio (0:1): 2.96:1
==================================================
✅ Model is predicting both classes.
Saved test predictions and probabilities to validation_results_fold_final.xlsx

                                                                      [AEpoch 23: 100%|██████████| 10/10 [01:12<00:00,  0.14it/s, v_num=ettq, train_loss_step=0.218, val_loss=0.537, train_loss_epoch=0.261]Epoch 23: 100%|██████████| 10/10 [01:12<00:00,  0.14it/s, v_num=ettq, train_loss_step=0.218, val_loss=0.537, train_loss_epoch=0.242]Epoch 23:   0%|          | 0/10 [00:00<?, ?it/s, v_num=ettq, train_loss_step=0.218, val_loss=0.537, train_loss_epoch=0.242]         Epoch 24:   0%|          | 0/10 [00:00<?, ?it/s, v_num=ettq, train_loss_step=0.218, val_loss=0.537, train_loss_epoch=0.242]SUCCESS: vision_encoder.blocks.2.1.spatial_block.conv1.fn.dw.weight is Updating! Grad Norm: 0.069570
Epoch 24:  10%|█         | 1/10 [00:07<01:08,  0.13it/s, v_num=ettq, train_loss_step=0.218, val_loss=0.537, train_loss_epoch=0.242]Epoch 24:  10%|█         | 1/10 [00:07<01:08,  0.13it/s, v_num=ettq, train_loss_step=0.292, val_loss=0.537, train_loss_epoch=0.242]SUCCESS: vision_encoder.blocks.2.1.spatial_block.conv1.fn.dw.weight is Updating! Grad Norm: 0.145435
Epoch 24:  20%|██        | 2/10 [00:14<00:56,  0.14it/s, v_num=ettq, train_loss_step=0.292, val_loss=0.537, train_loss_epoch=0.242]Epoch 24:  20%|██        | 2/10 [00:14<00:56,  0.14it/s, v_num=ettq, train_loss_step=0.198, val_loss=0.537, train_loss_epoch=0.242]SUCCESS: vision_encoder.blocks.2.1.spatial_block.conv1.fn.dw.weight is Updating! Grad Norm: 0.108974
Epoch 24:  30%|███       | 3/10 [00:20<00:48,  0.15it/s, v_num=ettq, train_loss_step=0.198, val_loss=0.537, train_loss_epoch=0.242]Epoch 24:  30%|███       | 3/10 [00:20<00:48,  0.15it/s, v_num=ettq, train_loss_step=0.265, val_loss=0.537, train_loss_epoch=0.242]SUCCESS: vision_encoder.blocks.2.1.spatial_block.conv1.fn.dw.weight is Updating! Grad Norm: 0.072317
Epoch 24:  40%|████      | 4/10 [00:27<00:40,  0.15it/s, v_num=ettq, train_loss_step=0.265, val_loss=0.537, train_loss_epoch=0.242]Epoch 24:  40%|████      | 4/10 [00:27<00:40,  0.15it/s, v_num=ettq, train_loss_step=0.107, val_loss=0.537, train_loss_epoch=0.242]SUCCESS: vision_encoder.blocks.2.1.spatial_block.conv1.fn.dw.weight is Updating! Grad Norm: 0.073193
Epoch 24:  50%|█████     | 5/10 [00:33<00:33,  0.15it/s, v_num=ettq, train_loss_step=0.107, val_loss=0.537, train_loss_epoch=0.242]Epoch 24:  50%|█████     | 5/10 [00:33<00:33,  0.15it/s, v_num=ettq, train_loss_step=0.140, val_loss=0.537, train_loss_epoch=0.242]SUCCESS: vision_encoder.blocks.2.1.spatial_block.conv1.fn.dw.weight is Updating! Grad Norm: 0.607089
Epoch 24:  60%|██████    | 6/10 [00:40<00:26,  0.15it/s, v_num=ettq, train_loss_step=0.140, val_loss=0.537, train_loss_epoch=0.242]Epoch 24:  60%|██████    | 6/10 [00:40<00:26,  0.15it/s, v_num=ettq, train_loss_step=0.402, val_loss=0.537, train_loss_epoch=0.242]SUCCESS: vision_encoder.blocks.2.1.spatial_block.conv1.fn.dw.weight is Updating! Grad Norm: 0.134935
Epoch 24:  70%|███████   | 7/10 [00:46<00:20,  0.15it/s, v_num=ettq, train_loss_step=0.402, val_loss=0.537, train_loss_epoch=0.242]Epoch 24:  70%|███████   | 7/10 [00:46<00:20,  0.15it/s, v_num=ettq, train_loss_step=0.192, val_loss=0.537, train_loss_epoch=0.242]SUCCESS: vision_encoder.blocks.2.1.spatial_block.conv1.fn.dw.weight is Updating! Grad Norm: 0.065772
Epoch 24:  80%|████████  | 8/10 [00:53<00:13,  0.15it/s, v_num=ettq, train_loss_step=0.192, val_loss=0.537, train_loss_epoch=0.242]Epoch 24:  80%|████████  | 8/10 [00:53<00:13,  0.15it/s, v_num=ettq, train_loss_step=0.302, val_loss=0.537, train_loss_epoch=0.242]SUCCESS: vision_encoder.blocks.2.1.spatial_block.conv1.fn.dw.weight is Updating! Grad Norm: 0.063166
Epoch 24:  90%|█████████ | 9/10 [00:59<00:06,  0.15it/s, v_num=ettq, train_loss_step=0.302, val_loss=0.537, train_loss_epoch=0.242]Epoch 24:  90%|█████████ | 9/10 [00:59<00:06,  0.15it/s, v_num=ettq, train_loss_step=0.149, val_loss=0.537, train_loss_epoch=0.242]SUCCESS: vision_encoder.blocks.2.1.spatial_block.conv1.fn.dw.weight is Updating! Grad Norm: 0.075347
Epoch 24: 100%|██████████| 10/10 [01:06<00:00,  0.15it/s, v_num=ettq, train_loss_step=0.149, val_loss=0.537, train_loss_epoch=0.242]Epoch 24: 100%|██████████| 10/10 [01:06<00:00,  0.15it/s, v_num=ettq, train_loss_step=0.248, val_loss=0.537, train_loss_epoch=0.242]
Validation: |          | 0/? [00:00<?, ?it/s][A
Validation:   0%|          | 0/4 [00:00<?, ?it/s][A
Validation DataLoader 0:   0%|          | 0/4 [00:00<?, ?it/s][Atensor(1.3934, device='cuda:0')
tensor(-0.3476, device='cuda:0')

Validation DataLoader 0:  25%|██▌       | 1/4 [00:01<00:04,  0.65it/s][Atensor(1.3915, device='cuda:0')
tensor(-0.5306, device='cuda:0')

Validation DataLoader 0:  50%|█████     | 2/4 [00:03<00:03,  0.64it/s][Atensor(1.4613, device='cuda:0')
tensor(-0.2765, device='cuda:0')

Validation DataLoader 0:  75%|███████▌  | 3/4 [00:04<00:01,  0.64it/s][Atensor(1.1718, device='cuda:0')
tensor(0.0471, device='cuda:0')

Validation DataLoader 0: 100%|██████████| 4/4 [00:05<00:00,  0.76it/s][A
==================================================
Stage: VAL
Predicted class distribution: 0s = 94, 1s = 13
Actual label distribution:    0s = 80, 1s = 27
Actual Imbalance Ratio (0:1): 2.96:1
==================================================
✅ Model is predicting both classes.
Saved test predictions and probabilities to validation_results_fold_final.xlsx

                                                                      [AEpoch 24: 100%|██████████| 10/10 [01:12<00:00,  0.14it/s, v_num=ettq, train_loss_step=0.248, val_loss=0.542, train_loss_epoch=0.242]Epoch 24: 100%|██████████| 10/10 [01:12<00:00,  0.14it/s, v_num=ettq, train_loss_step=0.248, val_loss=0.542, train_loss_epoch=0.229]Epoch 24:   0%|          | 0/10 [00:00<?, ?it/s, v_num=ettq, train_loss_step=0.248, val_loss=0.542, train_loss_epoch=0.229]         Epoch 25:   0%|          | 0/10 [00:00<?, ?it/s, v_num=ettq, train_loss_step=0.248, val_loss=0.542, train_loss_epoch=0.229]SUCCESS: vision_encoder.blocks.2.1.spatial_block.conv1.fn.dw.weight is Updating! Grad Norm: 0.406279
Epoch 25:  10%|█         | 1/10 [00:07<01:09,  0.13it/s, v_num=ettq, train_loss_step=0.248, val_loss=0.542, train_loss_epoch=0.229]Epoch 25:  10%|█         | 1/10 [00:07<01:09,  0.13it/s, v_num=ettq, train_loss_step=0.415, val_loss=0.542, train_loss_epoch=0.229]SUCCESS: vision_encoder.blocks.2.1.spatial_block.conv1.fn.dw.weight is Updating! Grad Norm: 0.051608
Epoch 25:  20%|██        | 2/10 [00:14<00:56,  0.14it/s, v_num=ettq, train_loss_step=0.415, val_loss=0.542, train_loss_epoch=0.229]Epoch 25:  20%|██        | 2/10 [00:14<00:57,  0.14it/s, v_num=ettq, train_loss_step=0.117, val_loss=0.542, train_loss_epoch=0.229]SUCCESS: vision_encoder.blocks.2.1.spatial_block.conv1.fn.dw.weight is Updating! Grad Norm: 0.276353
Epoch 25:  30%|███       | 3/10 [00:20<00:48,  0.14it/s, v_num=ettq, train_loss_step=0.117, val_loss=0.542, train_loss_epoch=0.229]Epoch 25:  30%|███       | 3/10 [00:20<00:48,  0.14it/s, v_num=ettq, train_loss_step=0.284, val_loss=0.542, train_loss_epoch=0.229]SUCCESS: vision_encoder.blocks.2.1.spatial_block.conv1.fn.dw.weight is Updating! Grad Norm: 0.132644
Epoch 25:  40%|████      | 4/10 [00:27<00:40,  0.15it/s, v_num=ettq, train_loss_step=0.284, val_loss=0.542, train_loss_epoch=0.229]Epoch 25:  40%|████      | 4/10 [00:27<00:40,  0.15it/s, v_num=ettq, train_loss_step=0.235, val_loss=0.542, train_loss_epoch=0.229]SUCCESS: vision_encoder.blocks.2.1.spatial_block.conv1.fn.dw.weight is Updating! Grad Norm: 0.137438
Epoch 25:  50%|█████     | 5/10 [00:33<00:33,  0.15it/s, v_num=ettq, train_loss_step=0.235, val_loss=0.542, train_loss_epoch=0.229]Epoch 25:  50%|█████     | 5/10 [00:33<00:33,  0.15it/s, v_num=ettq, train_loss_step=0.140, val_loss=0.542, train_loss_epoch=0.229]SUCCESS: vision_encoder.blocks.2.1.spatial_block.conv1.fn.dw.weight is Updating! Grad Norm: 0.072646
Epoch 25:  60%|██████    | 6/10 [00:40<00:26,  0.15it/s, v_num=ettq, train_loss_step=0.140, val_loss=0.542, train_loss_epoch=0.229]Epoch 25:  60%|██████    | 6/10 [00:40<00:26,  0.15it/s, v_num=ettq, train_loss_step=0.236, val_loss=0.542, train_loss_epoch=0.229]SUCCESS: vision_encoder.blocks.2.1.spatial_block.conv1.fn.dw.weight is Updating! Grad Norm: 0.088652
Epoch 25:  70%|███████   | 7/10 [00:46<00:20,  0.15it/s, v_num=ettq, train_loss_step=0.236, val_loss=0.542, train_loss_epoch=0.229]Epoch 25:  70%|███████   | 7/10 [00:46<00:20,  0.15it/s, v_num=ettq, train_loss_step=0.238, val_loss=0.542, train_loss_epoch=0.229]SUCCESS: vision_encoder.blocks.2.1.spatial_block.conv1.fn.dw.weight is Updating! Grad Norm: 0.086391
Epoch 25:  80%|████████  | 8/10 [00:53<00:13,  0.15it/s, v_num=ettq, train_loss_step=0.238, val_loss=0.542, train_loss_epoch=0.229]Epoch 25:  80%|████████  | 8/10 [00:53<00:13,  0.15it/s, v_num=ettq, train_loss_step=0.230, val_loss=0.542, train_loss_epoch=0.229]SUCCESS: vision_encoder.blocks.2.1.spatial_block.conv1.fn.dw.weight is Updating! Grad Norm: 0.062247
Epoch 25:  90%|█████████ | 9/10 [00:59<00:06,  0.15it/s, v_num=ettq, train_loss_step=0.230, val_loss=0.542, train_loss_epoch=0.229]Epoch 25:  90%|█████████ | 9/10 [00:59<00:06,  0.15it/s, v_num=ettq, train_loss_step=0.102, val_loss=0.542, train_loss_epoch=0.229]SUCCESS: vision_encoder.blocks.2.1.spatial_block.conv1.fn.dw.weight is Updating! Grad Norm: 0.097752
Epoch 25: 100%|██████████| 10/10 [01:06<00:00,  0.15it/s, v_num=ettq, train_loss_step=0.102, val_loss=0.542, train_loss_epoch=0.229]Epoch 25: 100%|██████████| 10/10 [01:06<00:00,  0.15it/s, v_num=ettq, train_loss_step=0.196, val_loss=0.542, train_loss_epoch=0.229]
Validation: |          | 0/? [00:00<?, ?it/s][A
Validation:   0%|          | 0/4 [00:00<?, ?it/s][A
Validation DataLoader 0:   0%|          | 0/4 [00:00<?, ?it/s][Atensor(1.5047, device='cuda:0')
tensor(-0.1437, device='cuda:0')

Validation DataLoader 0:  25%|██▌       | 1/4 [00:01<00:04,  0.65it/s][Atensor(1.5386, device='cuda:0')
tensor(-0.4996, device='cuda:0')

Validation DataLoader 0:  50%|█████     | 2/4 [00:03<00:03,  0.65it/s][Atensor(1.5818, device='cuda:0')
tensor(-0.3140, device='cuda:0')

Validation DataLoader 0:  75%|███████▌  | 3/4 [00:04<00:01,  0.64it/s][Atensor(1.2644, device='cuda:0')
tensor(0.0754, device='cuda:0')

Validation DataLoader 0: 100%|██████████| 4/4 [00:05<00:00,  0.76it/s][A
==================================================
Stage: VAL
Predicted class distribution: 0s = 98, 1s = 9
Actual label distribution:    0s = 80, 1s = 27
Actual Imbalance Ratio (0:1): 2.96:1
==================================================
✅ Model is predicting both classes.
Saved test predictions and probabilities to validation_results_fold_final.xlsx

                                                                      [AEpoch 25: 100%|██████████| 10/10 [01:12<00:00,  0.14it/s, v_num=ettq, train_loss_step=0.196, val_loss=0.533, train_loss_epoch=0.229]Epoch 25: 100%|██████████| 10/10 [01:12<00:00,  0.14it/s, v_num=ettq, train_loss_step=0.196, val_loss=0.533, train_loss_epoch=0.219]Epoch 25:   0%|          | 0/10 [00:00<?, ?it/s, v_num=ettq, train_loss_step=0.196, val_loss=0.533, train_loss_epoch=0.219]         Epoch 26:   0%|          | 0/10 [00:00<?, ?it/s, v_num=ettq, train_loss_step=0.196, val_loss=0.533, train_loss_epoch=0.219]SUCCESS: vision_encoder.blocks.2.1.spatial_block.conv1.fn.dw.weight is Updating! Grad Norm: 0.060266
Epoch 26:  10%|█         | 1/10 [00:07<01:08,  0.13it/s, v_num=ettq, train_loss_step=0.196, val_loss=0.533, train_loss_epoch=0.219]Epoch 26:  10%|█         | 1/10 [00:07<01:08,  0.13it/s, v_num=ettq, train_loss_step=0.196, val_loss=0.533, train_loss_epoch=0.219]SUCCESS: vision_encoder.blocks.2.1.spatial_block.conv1.fn.dw.weight is Updating! Grad Norm: 0.080616
Epoch 26:  20%|██        | 2/10 [00:14<00:56,  0.14it/s, v_num=ettq, train_loss_step=0.196, val_loss=0.533, train_loss_epoch=0.219]Epoch 26:  20%|██        | 2/10 [00:14<00:56,  0.14it/s, v_num=ettq, train_loss_step=0.257, val_loss=0.533, train_loss_epoch=0.219]SUCCESS: vision_encoder.blocks.2.1.spatial_block.conv1.fn.dw.weight is Updating! Grad Norm: 0.069027
Epoch 26:  30%|███       | 3/10 [00:20<00:48,  0.15it/s, v_num=ettq, train_loss_step=0.257, val_loss=0.533, train_loss_epoch=0.219]Epoch 26:  30%|███       | 3/10 [00:20<00:48,  0.15it/s, v_num=ettq, train_loss_step=0.202, val_loss=0.533, train_loss_epoch=0.219]SUCCESS: vision_encoder.blocks.2.1.spatial_block.conv1.fn.dw.weight is Updating! Grad Norm: 0.070283
Epoch 26:  40%|████      | 4/10 [00:27<00:40,  0.15it/s, v_num=ettq, train_loss_step=0.202, val_loss=0.533, train_loss_epoch=0.219]Epoch 26:  40%|████      | 4/10 [00:27<00:40,  0.15it/s, v_num=ettq, train_loss_step=0.0959, val_loss=0.533, train_loss_epoch=0.219]SUCCESS: vision_encoder.blocks.2.1.spatial_block.conv1.fn.dw.weight is Updating! Grad Norm: 0.111502
Epoch 26:  50%|█████     | 5/10 [00:33<00:33,  0.15it/s, v_num=ettq, train_loss_step=0.0959, val_loss=0.533, train_loss_epoch=0.219]Epoch 26:  50%|█████     | 5/10 [00:33<00:33,  0.15it/s, v_num=ettq, train_loss_step=0.270, val_loss=0.533, train_loss_epoch=0.219] SUCCESS: vision_encoder.blocks.2.1.spatial_block.conv1.fn.dw.weight is Updating! Grad Norm: 0.076440
Epoch 26:  60%|██████    | 6/10 [00:40<00:26,  0.15it/s, v_num=ettq, train_loss_step=0.270, val_loss=0.533, train_loss_epoch=0.219]Epoch 26:  60%|██████    | 6/10 [00:40<00:26,  0.15it/s, v_num=ettq, train_loss_step=0.197, val_loss=0.533, train_loss_epoch=0.219]SUCCESS: vision_encoder.blocks.2.1.spatial_block.conv1.fn.dw.weight is Updating! Grad Norm: 0.176436
Epoch 26:  70%|███████   | 7/10 [00:46<00:19,  0.15it/s, v_num=ettq, train_loss_step=0.197, val_loss=0.533, train_loss_epoch=0.219]Epoch 26:  70%|███████   | 7/10 [00:46<00:19,  0.15it/s, v_num=ettq, train_loss_step=0.366, val_loss=0.533, train_loss_epoch=0.219]SUCCESS: vision_encoder.blocks.2.1.spatial_block.conv1.fn.dw.weight is Updating! Grad Norm: 0.151263
Epoch 26:  80%|████████  | 8/10 [00:53<00:13,  0.15it/s, v_num=ettq, train_loss_step=0.366, val_loss=0.533, train_loss_epoch=0.219]Epoch 26:  80%|████████  | 8/10 [00:53<00:13,  0.15it/s, v_num=ettq, train_loss_step=0.252, val_loss=0.533, train_loss_epoch=0.219]SUCCESS: vision_encoder.blocks.2.1.spatial_block.conv1.fn.dw.weight is Updating! Grad Norm: 0.149854
Epoch 26:  90%|█████████ | 9/10 [00:59<00:06,  0.15it/s, v_num=ettq, train_loss_step=0.252, val_loss=0.533, train_loss_epoch=0.219]Epoch 26:  90%|█████████ | 9/10 [00:59<00:06,  0.15it/s, v_num=ettq, train_loss_step=0.109, val_loss=0.533, train_loss_epoch=0.219]SUCCESS: vision_encoder.blocks.2.1.spatial_block.conv1.fn.dw.weight is Updating! Grad Norm: 0.062933
Epoch 26: 100%|██████████| 10/10 [01:06<00:00,  0.15it/s, v_num=ettq, train_loss_step=0.109, val_loss=0.533, train_loss_epoch=0.219]Epoch 26: 100%|██████████| 10/10 [01:06<00:00,  0.15it/s, v_num=ettq, train_loss_step=0.193, val_loss=0.533, train_loss_epoch=0.219]
Validation: |          | 0/? [00:00<?, ?it/s][A
Validation:   0%|          | 0/4 [00:00<?, ?it/s][A
Validation DataLoader 0:   0%|          | 0/4 [00:00<?, ?it/s][Atensor(1.5388, device='cuda:0')
tensor(-0.0456, device='cuda:0')

Validation DataLoader 0:  25%|██▌       | 1/4 [00:01<00:04,  0.65it/s][Atensor(1.5637, device='cuda:0')
tensor(-0.5171, device='cuda:0')

Validation DataLoader 0:  50%|█████     | 2/4 [00:03<00:03,  0.65it/s][Atensor(1.5984, device='cuda:0')
tensor(-0.4266, device='cuda:0')

Validation DataLoader 0:  75%|███████▌  | 3/4 [00:04<00:01,  0.64it/s][Atensor(1.3136, device='cuda:0')
tensor(0.0708, device='cuda:0')

Validation DataLoader 0: 100%|██████████| 4/4 [00:05<00:00,  0.76it/s][A
==================================================
Stage: VAL
Predicted class distribution: 0s = 98, 1s = 9
Actual label distribution:    0s = 80, 1s = 27
Actual Imbalance Ratio (0:1): 2.96:1
==================================================
✅ Model is predicting both classes.
Saved test predictions and probabilities to validation_results_fold_final.xlsx

                                                                      [AEpoch 26: 100%|██████████| 10/10 [01:12<00:00,  0.14it/s, v_num=ettq, train_loss_step=0.193, val_loss=0.534, train_loss_epoch=0.219]Epoch 26: 100%|██████████| 10/10 [01:12<00:00,  0.14it/s, v_num=ettq, train_loss_step=0.193, val_loss=0.534, train_loss_epoch=0.214]Epoch 26:   0%|          | 0/10 [00:00<?, ?it/s, v_num=ettq, train_loss_step=0.193, val_loss=0.534, train_loss_epoch=0.214]         Epoch 27:   0%|          | 0/10 [00:00<?, ?it/s, v_num=ettq, train_loss_step=0.193, val_loss=0.534, train_loss_epoch=0.214]SUCCESS: vision_encoder.blocks.2.1.spatial_block.conv1.fn.dw.weight is Updating! Grad Norm: 0.087338
Epoch 27:  10%|█         | 1/10 [00:07<01:09,  0.13it/s, v_num=ettq, train_loss_step=0.193, val_loss=0.534, train_loss_epoch=0.214]Epoch 27:  10%|█         | 1/10 [00:07<01:09,  0.13it/s, v_num=ettq, train_loss_step=0.185, val_loss=0.534, train_loss_epoch=0.214]SUCCESS: vision_encoder.blocks.2.1.spatial_block.conv1.fn.dw.weight is Updating! Grad Norm: 0.114520
Epoch 27:  20%|██        | 2/10 [00:14<00:56,  0.14it/s, v_num=ettq, train_loss_step=0.185, val_loss=0.534, train_loss_epoch=0.214]Epoch 27:  20%|██        | 2/10 [00:14<00:57,  0.14it/s, v_num=ettq, train_loss_step=0.231, val_loss=0.534, train_loss_epoch=0.214]SUCCESS: vision_encoder.blocks.2.1.spatial_block.conv1.fn.dw.weight is Updating! Grad Norm: 0.052077
Epoch 27:  30%|███       | 3/10 [00:20<00:48,  0.14it/s, v_num=ettq, train_loss_step=0.231, val_loss=0.534, train_loss_epoch=0.214]Epoch 27:  30%|███       | 3/10 [00:20<00:48,  0.14it/s, v_num=ettq, train_loss_step=0.195, val_loss=0.534, train_loss_epoch=0.214]SUCCESS: vision_encoder.blocks.2.1.spatial_block.conv1.fn.dw.weight is Updating! Grad Norm: 0.246947
Epoch 27:  40%|████      | 4/10 [00:27<00:40,  0.15it/s, v_num=ettq, train_loss_step=0.195, val_loss=0.534, train_loss_epoch=0.214]Epoch 27:  40%|████      | 4/10 [00:27<00:40,  0.15it/s, v_num=ettq, train_loss_step=0.362, val_loss=0.534, train_loss_epoch=0.214]SUCCESS: vision_encoder.blocks.2.1.spatial_block.conv1.fn.dw.weight is Updating! Grad Norm: 1.037407
Epoch 27:  50%|█████     | 5/10 [00:33<00:33,  0.15it/s, v_num=ettq, train_loss_step=0.362, val_loss=0.534, train_loss_epoch=0.214]Epoch 27:  50%|█████     | 5/10 [00:33<00:33,  0.15it/s, v_num=ettq, train_loss_step=0.498, val_loss=0.534, train_loss_epoch=0.214]SUCCESS: vision_encoder.blocks.2.1.spatial_block.conv1.fn.dw.weight is Updating! Grad Norm: 0.189206
Epoch 27:  60%|██████    | 6/10 [00:40<00:26,  0.15it/s, v_num=ettq, train_loss_step=0.498, val_loss=0.534, train_loss_epoch=0.214]Epoch 27:  60%|██████    | 6/10 [00:40<00:26,  0.15it/s, v_num=ettq, train_loss_step=0.181, val_loss=0.534, train_loss_epoch=0.214]SUCCESS: vision_encoder.blocks.2.1.spatial_block.conv1.fn.dw.weight is Updating! Grad Norm: 0.149560
Epoch 27:  70%|███████   | 7/10 [00:46<00:20,  0.15it/s, v_num=ettq, train_loss_step=0.181, val_loss=0.534, train_loss_epoch=0.214]Epoch 27:  70%|███████   | 7/10 [00:46<00:20,  0.15it/s, v_num=ettq, train_loss_step=0.156, val_loss=0.534, train_loss_epoch=0.214]SUCCESS: vision_encoder.blocks.2.1.spatial_block.conv1.fn.dw.weight is Updating! Grad Norm: 0.220503
Epoch 27:  80%|████████  | 8/10 [00:53<00:13,  0.15it/s, v_num=ettq, train_loss_step=0.156, val_loss=0.534, train_loss_epoch=0.214]Epoch 27:  80%|████████  | 8/10 [00:53<00:13,  0.15it/s, v_num=ettq, train_loss_step=0.195, val_loss=0.534, train_loss_epoch=0.214]SUCCESS: vision_encoder.blocks.2.1.spatial_block.conv1.fn.dw.weight is Updating! Grad Norm: 0.289191
Epoch 27:  90%|█████████ | 9/10 [00:59<00:06,  0.15it/s, v_num=ettq, train_loss_step=0.195, val_loss=0.534, train_loss_epoch=0.214]Epoch 27:  90%|█████████ | 9/10 [00:59<00:06,  0.15it/s, v_num=ettq, train_loss_step=0.0934, val_loss=0.534, train_loss_epoch=0.214]SUCCESS: vision_encoder.blocks.2.1.spatial_block.conv1.fn.dw.weight is Updating! Grad Norm: 0.267298
Epoch 27: 100%|██████████| 10/10 [01:06<00:00,  0.15it/s, v_num=ettq, train_loss_step=0.0934, val_loss=0.534, train_loss_epoch=0.214]Epoch 27: 100%|██████████| 10/10 [01:06<00:00,  0.15it/s, v_num=ettq, train_loss_step=0.376, val_loss=0.534, train_loss_epoch=0.214] 
Validation: |          | 0/? [00:00<?, ?it/s][A
Validation:   0%|          | 0/4 [00:00<?, ?it/s][A
Validation DataLoader 0:   0%|          | 0/4 [00:00<?, ?it/s][Atensor(1.3432, device='cuda:0')
tensor(-0.6503, device='cuda:0')

Validation DataLoader 0:  25%|██▌       | 1/4 [00:01<00:04,  0.65it/s][Atensor(1.3936, device='cuda:0')
tensor(-0.5429, device='cuda:0')

Validation DataLoader 0:  50%|█████     | 2/4 [00:03<00:03,  0.64it/s][Atensor(1.7578, device='cuda:0')
tensor(-0.5753, device='cuda:0')

Validation DataLoader 0:  75%|███████▌  | 3/4 [00:04<00:01,  0.64it/s][Atensor(1.4106, device='cuda:0')
tensor(-0.4421, device='cuda:0')

Validation DataLoader 0: 100%|██████████| 4/4 [00:05<00:00,  0.76it/s][A
==================================================
Stage: VAL
Predicted class distribution: 0s = 61, 1s = 46
Actual label distribution:    0s = 80, 1s = 27
Actual Imbalance Ratio (0:1): 2.96:1
==================================================
✅ Model is predicting both classes.
Saved test predictions and probabilities to validation_results_fold_final.xlsx

                                                                      [AEpoch 27: 100%|██████████| 10/10 [01:12<00:00,  0.14it/s, v_num=ettq, train_loss_step=0.376, val_loss=0.616, train_loss_epoch=0.214]Epoch 27: 100%|██████████| 10/10 [01:12<00:00,  0.14it/s, v_num=ettq, train_loss_step=0.376, val_loss=0.616, train_loss_epoch=0.247]Epoch 27:   0%|          | 0/10 [00:00<?, ?it/s, v_num=ettq, train_loss_step=0.376, val_loss=0.616, train_loss_epoch=0.247]         Epoch 28:   0%|          | 0/10 [00:00<?, ?it/s, v_num=ettq, train_loss_step=0.376, val_loss=0.616, train_loss_epoch=0.247]SUCCESS: vision_encoder.blocks.2.1.spatial_block.conv1.fn.dw.weight is Updating! Grad Norm: 0.252391
Epoch 28:  10%|█         | 1/10 [00:07<01:09,  0.13it/s, v_num=ettq, train_loss_step=0.376, val_loss=0.616, train_loss_epoch=0.247]Epoch 28:  10%|█         | 1/10 [00:07<01:09,  0.13it/s, v_num=ettq, train_loss_step=0.180, val_loss=0.616, train_loss_epoch=0.247]SUCCESS: vision_encoder.blocks.2.1.spatial_block.conv1.fn.dw.weight is Updating! Grad Norm: 0.224171
Epoch 28:  20%|██        | 2/10 [00:14<00:56,  0.14it/s, v_num=ettq, train_loss_step=0.180, val_loss=0.616, train_loss_epoch=0.247]Epoch 28:  20%|██        | 2/10 [00:14<00:57,  0.14it/s, v_num=ettq, train_loss_step=0.209, val_loss=0.616, train_loss_epoch=0.247]SUCCESS: vision_encoder.blocks.2.1.spatial_block.conv1.fn.dw.weight is Updating! Grad Norm: 0.381027
Epoch 28:  30%|███       | 3/10 [00:20<00:48,  0.14it/s, v_num=ettq, train_loss_step=0.209, val_loss=0.616, train_loss_epoch=0.247]Epoch 28:  30%|███       | 3/10 [00:20<00:48,  0.14it/s, v_num=ettq, train_loss_step=0.260, val_loss=0.616, train_loss_epoch=0.247]SUCCESS: vision_encoder.blocks.2.1.spatial_block.conv1.fn.dw.weight is Updating! Grad Norm: 0.198664
Epoch 28:  40%|████      | 4/10 [00:27<00:40,  0.15it/s, v_num=ettq, train_loss_step=0.260, val_loss=0.616, train_loss_epoch=0.247]Epoch 28:  40%|████      | 4/10 [00:27<00:41,  0.15it/s, v_num=ettq, train_loss_step=0.245, val_loss=0.616, train_loss_epoch=0.247]SUCCESS: vision_encoder.blocks.2.1.spatial_block.conv1.fn.dw.weight is Updating! Grad Norm: 0.081430
Epoch 28:  50%|█████     | 5/10 [00:33<00:33,  0.15it/s, v_num=ettq, train_loss_step=0.245, val_loss=0.616, train_loss_epoch=0.247]Epoch 28:  50%|█████     | 5/10 [00:33<00:33,  0.15it/s, v_num=ettq, train_loss_step=0.245, val_loss=0.616, train_loss_epoch=0.247]SUCCESS: vision_encoder.blocks.2.1.spatial_block.conv1.fn.dw.weight is Updating! Grad Norm: 0.120102
Epoch 28:  60%|██████    | 6/10 [00:40<00:26,  0.15it/s, v_num=ettq, train_loss_step=0.245, val_loss=0.616, train_loss_epoch=0.247]Epoch 28:  60%|██████    | 6/10 [00:40<00:26,  0.15it/s, v_num=ettq, train_loss_step=0.209, val_loss=0.616, train_loss_epoch=0.247]SUCCESS: vision_encoder.blocks.2.1.spatial_block.conv1.fn.dw.weight is Updating! Grad Norm: 0.072071
Epoch 28:  70%|███████   | 7/10 [00:46<00:20,  0.15it/s, v_num=ettq, train_loss_step=0.209, val_loss=0.616, train_loss_epoch=0.247]Epoch 28:  70%|███████   | 7/10 [00:46<00:20,  0.15it/s, v_num=ettq, train_loss_step=0.244, val_loss=0.616, train_loss_epoch=0.247]SUCCESS: vision_encoder.blocks.2.1.spatial_block.conv1.fn.dw.weight is Updating! Grad Norm: 0.078288
Epoch 28:  80%|████████  | 8/10 [00:53<00:13,  0.15it/s, v_num=ettq, train_loss_step=0.244, val_loss=0.616, train_loss_epoch=0.247]Epoch 28:  80%|████████  | 8/10 [00:53<00:13,  0.15it/s, v_num=ettq, train_loss_step=0.118, val_loss=0.616, train_loss_epoch=0.247]SUCCESS: vision_encoder.blocks.2.1.spatial_block.conv1.fn.dw.weight is Updating! Grad Norm: 0.061079
Epoch 28:  90%|█████████ | 9/10 [00:59<00:06,  0.15it/s, v_num=ettq, train_loss_step=0.118, val_loss=0.616, train_loss_epoch=0.247]Epoch 28:  90%|█████████ | 9/10 [00:59<00:06,  0.15it/s, v_num=ettq, train_loss_step=0.123, val_loss=0.616, train_loss_epoch=0.247]SUCCESS: vision_encoder.blocks.2.1.spatial_block.conv1.fn.dw.weight is Updating! Grad Norm: 0.132237
Epoch 28: 100%|██████████| 10/10 [01:06<00:00,  0.15it/s, v_num=ettq, train_loss_step=0.123, val_loss=0.616, train_loss_epoch=0.247]Epoch 28: 100%|██████████| 10/10 [01:06<00:00,  0.15it/s, v_num=ettq, train_loss_step=0.205, val_loss=0.616, train_loss_epoch=0.247]
Validation: |          | 0/? [00:00<?, ?it/s][A
Validation:   0%|          | 0/4 [00:00<?, ?it/s][A
Validation DataLoader 0:   0%|          | 0/4 [00:00<?, ?it/s][Atensor(1.8488, device='cuda:0')
tensor(0.0879, device='cuda:0')

Validation DataLoader 0:  25%|██▌       | 1/4 [00:01<00:04,  0.65it/s][Atensor(1.8241, device='cuda:0')
tensor(-0.2102, device='cuda:0')

Validation DataLoader 0:  50%|█████     | 2/4 [00:03<00:03,  0.64it/s][Atensor(1.8376, device='cuda:0')
tensor(-0.2467, device='cuda:0')

Validation DataLoader 0:  75%|███████▌  | 3/4 [00:04<00:01,  0.64it/s][Atensor(1.5921, device='cuda:0')
tensor(0.0932, device='cuda:0')

Validation DataLoader 0: 100%|██████████| 4/4 [00:05<00:00,  0.76it/s][A
==================================================
Stage: VAL
Predicted class distribution: 0s = 102, 1s = 5
Actual label distribution:    0s = 80, 1s = 27
Actual Imbalance Ratio (0:1): 2.96:1
==================================================
✅ Model is predicting both classes.
Saved test predictions and probabilities to validation_results_fold_final.xlsx

                                                                      [AEpoch 28: 100%|██████████| 10/10 [01:12<00:00,  0.14it/s, v_num=ettq, train_loss_step=0.205, val_loss=0.565, train_loss_epoch=0.247]Epoch 28: 100%|██████████| 10/10 [01:12<00:00,  0.14it/s, v_num=ettq, train_loss_step=0.205, val_loss=0.565, train_loss_epoch=0.204]Epoch 28:   0%|          | 0/10 [00:00<?, ?it/s, v_num=ettq, train_loss_step=0.205, val_loss=0.565, train_loss_epoch=0.204]         Epoch 29:   0%|          | 0/10 [00:00<?, ?it/s, v_num=ettq, train_loss_step=0.205, val_loss=0.565, train_loss_epoch=0.204]SUCCESS: vision_encoder.blocks.2.1.spatial_block.conv1.fn.dw.weight is Updating! Grad Norm: 0.080843
Epoch 29:  10%|█         | 1/10 [00:07<01:09,  0.13it/s, v_num=ettq, train_loss_step=0.205, val_loss=0.565, train_loss_epoch=0.204]Epoch 29:  10%|█         | 1/10 [00:07<01:09,  0.13it/s, v_num=ettq, train_loss_step=0.260, val_loss=0.565, train_loss_epoch=0.204]SUCCESS: vision_encoder.blocks.2.1.spatial_block.conv1.fn.dw.weight is Updating! Grad Norm: 0.050936
Epoch 29:  20%|██        | 2/10 [00:14<00:56,  0.14it/s, v_num=ettq, train_loss_step=0.260, val_loss=0.565, train_loss_epoch=0.204]Epoch 29:  20%|██        | 2/10 [00:14<00:56,  0.14it/s, v_num=ettq, train_loss_step=0.230, val_loss=0.565, train_loss_epoch=0.204]SUCCESS: vision_encoder.blocks.2.1.spatial_block.conv1.fn.dw.weight is Updating! Grad Norm: 0.091343
Epoch 29:  30%|███       | 3/10 [00:20<00:48,  0.14it/s, v_num=ettq, train_loss_step=0.230, val_loss=0.565, train_loss_epoch=0.204]Epoch 29:  30%|███       | 3/10 [00:20<00:48,  0.14it/s, v_num=ettq, train_loss_step=0.225, val_loss=0.565, train_loss_epoch=0.204]SUCCESS: vision_encoder.blocks.2.1.spatial_block.conv1.fn.dw.weight is Updating! Grad Norm: 0.117099
Epoch 29:  40%|████      | 4/10 [00:27<00:40,  0.15it/s, v_num=ettq, train_loss_step=0.225, val_loss=0.565, train_loss_epoch=0.204]Epoch 29:  40%|████      | 4/10 [00:27<00:40,  0.15it/s, v_num=ettq, train_loss_step=0.123, val_loss=0.565, train_loss_epoch=0.204]SUCCESS: vision_encoder.blocks.2.1.spatial_block.conv1.fn.dw.weight is Updating! Grad Norm: 0.118752
Epoch 29:  50%|█████     | 5/10 [00:33<00:33,  0.15it/s, v_num=ettq, train_loss_step=0.123, val_loss=0.565, train_loss_epoch=0.204]Epoch 29:  50%|█████     | 5/10 [00:33<00:33,  0.15it/s, v_num=ettq, train_loss_step=0.0567, val_loss=0.565, train_loss_epoch=0.204]SUCCESS: vision_encoder.blocks.2.1.spatial_block.conv1.fn.dw.weight is Updating! Grad Norm: 0.290240
Epoch 29:  60%|██████    | 6/10 [00:40<00:26,  0.15it/s, v_num=ettq, train_loss_step=0.0567, val_loss=0.565, train_loss_epoch=0.204]Epoch 29:  60%|██████    | 6/10 [00:40<00:26,  0.15it/s, v_num=ettq, train_loss_step=0.237, val_loss=0.565, train_loss_epoch=0.204] SUCCESS: vision_encoder.blocks.2.1.spatial_block.conv1.fn.dw.weight is Updating! Grad Norm: 0.109963
Epoch 29:  70%|███████   | 7/10 [00:46<00:20,  0.15it/s, v_num=ettq, train_loss_step=0.237, val_loss=0.565, train_loss_epoch=0.204]Epoch 29:  70%|███████   | 7/10 [00:46<00:20,  0.15it/s, v_num=ettq, train_loss_step=0.169, val_loss=0.565, train_loss_epoch=0.204]SUCCESS: vision_encoder.blocks.2.1.spatial_block.conv1.fn.dw.weight is Updating! Grad Norm: 0.130636
Epoch 29:  80%|████████  | 8/10 [00:53<00:13,  0.15it/s, v_num=ettq, train_loss_step=0.169, val_loss=0.565, train_loss_epoch=0.204]Epoch 29:  80%|████████  | 8/10 [00:53<00:13,  0.15it/s, v_num=ettq, train_loss_step=0.318, val_loss=0.565, train_loss_epoch=0.204]SUCCESS: vision_encoder.blocks.2.1.spatial_block.conv1.fn.dw.weight is Updating! Grad Norm: 0.100799
Epoch 29:  90%|█████████ | 9/10 [00:59<00:06,  0.15it/s, v_num=ettq, train_loss_step=0.318, val_loss=0.565, train_loss_epoch=0.204]Epoch 29:  90%|█████████ | 9/10 [00:59<00:06,  0.15it/s, v_num=ettq, train_loss_step=0.154, val_loss=0.565, train_loss_epoch=0.204]SUCCESS: vision_encoder.blocks.2.1.spatial_block.conv1.fn.dw.weight is Updating! Grad Norm: 0.084172
Epoch 29: 100%|██████████| 10/10 [01:06<00:00,  0.15it/s, v_num=ettq, train_loss_step=0.154, val_loss=0.565, train_loss_epoch=0.204]Epoch 29: 100%|██████████| 10/10 [01:06<00:00,  0.15it/s, v_num=ettq, train_loss_step=0.141, val_loss=0.565, train_loss_epoch=0.204]
Validation: |          | 0/? [00:00<?, ?it/s][A
Validation:   0%|          | 0/4 [00:00<?, ?it/s][A
Validation DataLoader 0:   0%|          | 0/4 [00:00<?, ?it/s][Atensor(1.7228, device='cuda:0')
tensor(0.0389, device='cuda:0')

Validation DataLoader 0:  25%|██▌       | 1/4 [00:01<00:04,  0.65it/s][Atensor(1.6791, device='cuda:0')
tensor(-0.3888, device='cuda:0')

Validation DataLoader 0:  50%|█████     | 2/4 [00:03<00:03,  0.65it/s][Atensor(1.7382, device='cuda:0')
tensor(-0.3629, device='cuda:0')

Validation DataLoader 0:  75%|███████▌  | 3/4 [00:04<00:01,  0.64it/s][Atensor(1.4944, device='cuda:0')
tensor(0.0683, device='cuda:0')

Validation DataLoader 0: 100%|██████████| 4/4 [00:05<00:00,  0.76it/s][A
==================================================
Stage: VAL
Predicted class distribution: 0s = 98, 1s = 9
Actual label distribution:    0s = 80, 1s = 27
Actual Imbalance Ratio (0:1): 2.96:1
==================================================
✅ Model is predicting both classes.
Saved test predictions and probabilities to validation_results_fold_final.xlsx

                                                                      [AEpoch 29: 100%|██████████| 10/10 [01:12<00:00,  0.14it/s, v_num=ettq, train_loss_step=0.141, val_loss=0.553, train_loss_epoch=0.204]Epoch 29: 100%|██████████| 10/10 [01:12<00:00,  0.14it/s, v_num=ettq, train_loss_step=0.141, val_loss=0.553, train_loss_epoch=0.191]Epoch 29:   0%|          | 0/10 [00:00<?, ?it/s, v_num=ettq, train_loss_step=0.141, val_loss=0.553, train_loss_epoch=0.191]         Epoch 30:   0%|          | 0/10 [00:00<?, ?it/s, v_num=ettq, train_loss_step=0.141, val_loss=0.553, train_loss_epoch=0.191]SUCCESS: vision_encoder.blocks.2.1.spatial_block.conv1.fn.dw.weight is Updating! Grad Norm: 0.160316
Epoch 30:  10%|█         | 1/10 [00:07<01:09,  0.13it/s, v_num=ettq, train_loss_step=0.141, val_loss=0.553, train_loss_epoch=0.191]Epoch 30:  10%|█         | 1/10 [00:07<01:09,  0.13it/s, v_num=ettq, train_loss_step=0.300, val_loss=0.553, train_loss_epoch=0.191]SUCCESS: vision_encoder.blocks.2.1.spatial_block.conv1.fn.dw.weight is Updating! Grad Norm: 0.076566
Epoch 30:  20%|██        | 2/10 [00:14<00:56,  0.14it/s, v_num=ettq, train_loss_step=0.300, val_loss=0.553, train_loss_epoch=0.191]Epoch 30:  20%|██        | 2/10 [00:14<00:56,  0.14it/s, v_num=ettq, train_loss_step=0.263, val_loss=0.553, train_loss_epoch=0.191]SUCCESS: vision_encoder.blocks.2.1.spatial_block.conv1.fn.dw.weight is Updating! Grad Norm: 0.080826
Epoch 30:  30%|███       | 3/10 [00:20<00:48,  0.14it/s, v_num=ettq, train_loss_step=0.263, val_loss=0.553, train_loss_epoch=0.191]Epoch 30:  30%|███       | 3/10 [00:20<00:48,  0.14it/s, v_num=ettq, train_loss_step=0.118, val_loss=0.553, train_loss_epoch=0.191]SUCCESS: vision_encoder.blocks.2.1.spatial_block.conv1.fn.dw.weight is Updating! Grad Norm: 0.080566
Epoch 30:  40%|████      | 4/10 [00:27<00:40,  0.15it/s, v_num=ettq, train_loss_step=0.118, val_loss=0.553, train_loss_epoch=0.191]Epoch 30:  40%|████      | 4/10 [00:27<00:40,  0.15it/s, v_num=ettq, train_loss_step=0.166, val_loss=0.553, train_loss_epoch=0.191]SUCCESS: vision_encoder.blocks.2.1.spatial_block.conv1.fn.dw.weight is Updating! Grad Norm: 0.077565
Epoch 30:  50%|█████     | 5/10 [00:33<00:33,  0.15it/s, v_num=ettq, train_loss_step=0.166, val_loss=0.553, train_loss_epoch=0.191]Epoch 30:  50%|█████     | 5/10 [00:33<00:33,  0.15it/s, v_num=ettq, train_loss_step=0.0716, val_loss=0.553, train_loss_epoch=0.191]SUCCESS: vision_encoder.blocks.2.1.spatial_block.conv1.fn.dw.weight is Updating! Grad Norm: 0.090588
Epoch 30:  60%|██████    | 6/10 [00:40<00:26,  0.15it/s, v_num=ettq, train_loss_step=0.0716, val_loss=0.553, train_loss_epoch=0.191]Epoch 30:  60%|██████    | 6/10 [00:40<00:26,  0.15it/s, v_num=ettq, train_loss_step=0.124, val_loss=0.553, train_loss_epoch=0.191] SUCCESS: vision_encoder.blocks.2.1.spatial_block.conv1.fn.dw.weight is Updating! Grad Norm: 0.075340
Epoch 30:  70%|███████   | 7/10 [00:46<00:20,  0.15it/s, v_num=ettq, train_loss_step=0.124, val_loss=0.553, train_loss_epoch=0.191]Epoch 30:  70%|███████   | 7/10 [00:46<00:20,  0.15it/s, v_num=ettq, train_loss_step=0.156, val_loss=0.553, train_loss_epoch=0.191]SUCCESS: vision_encoder.blocks.2.1.spatial_block.conv1.fn.dw.weight is Updating! Grad Norm: 0.074447
Epoch 30:  80%|████████  | 8/10 [00:53<00:13,  0.15it/s, v_num=ettq, train_loss_step=0.156, val_loss=0.553, train_loss_epoch=0.191]Epoch 30:  80%|████████  | 8/10 [00:53<00:13,  0.15it/s, v_num=ettq, train_loss_step=0.150, val_loss=0.553, train_loss_epoch=0.191]SUCCESS: vision_encoder.blocks.2.1.spatial_block.conv1.fn.dw.weight is Updating! Grad Norm: 0.108446
Epoch 30:  90%|█████████ | 9/10 [00:59<00:06,  0.15it/s, v_num=ettq, train_loss_step=0.150, val_loss=0.553, train_loss_epoch=0.191]Epoch 30:  90%|█████████ | 9/10 [00:59<00:06,  0.15it/s, v_num=ettq, train_loss_step=0.180, val_loss=0.553, train_loss_epoch=0.191]SUCCESS: vision_encoder.blocks.2.1.spatial_block.conv1.fn.dw.weight is Updating! Grad Norm: 0.136793
Epoch 30: 100%|██████████| 10/10 [01:06<00:00,  0.15it/s, v_num=ettq, train_loss_step=0.180, val_loss=0.553, train_loss_epoch=0.191]Epoch 30: 100%|██████████| 10/10 [01:06<00:00,  0.15it/s, v_num=ettq, train_loss_step=0.208, val_loss=0.553, train_loss_epoch=0.191]
Validation: |          | 0/? [00:00<?, ?it/s][A
Validation:   0%|          | 0/4 [00:00<?, ?it/s][A
Validation DataLoader 0:   0%|          | 0/4 [00:00<?, ?it/s][Atensor(1.7800, device='cuda:0')
tensor(-0.6392, device='cuda:0')

Validation DataLoader 0:  25%|██▌       | 1/4 [00:01<00:04,  0.65it/s][Atensor(1.6397, device='cuda:0')
tensor(-0.5123, device='cuda:0')

Validation DataLoader 0:  50%|█████     | 2/4 [00:03<00:03,  0.65it/s][Atensor(1.8669, device='cuda:0')
tensor(-0.4899, device='cuda:0')

Validation DataLoader 0:  75%|███████▌  | 3/4 [00:04<00:01,  0.64it/s][Atensor(1.5909, device='cuda:0')
tensor(0.0390, device='cuda:0')

Validation DataLoader 0: 100%|██████████| 4/4 [00:05<00:00,  0.76it/s][A
==================================================
Stage: VAL
Predicted class distribution: 0s = 90, 1s = 17
Actual label distribution:    0s = 80, 1s = 27
Actual Imbalance Ratio (0:1): 2.96:1
==================================================
✅ Model is predicting both classes.
Saved test predictions and probabilities to validation_results_fold_final.xlsx

                                                                      [AEpoch 30: 100%|██████████| 10/10 [01:12<00:00,  0.14it/s, v_num=ettq, train_loss_step=0.208, val_loss=0.580, train_loss_epoch=0.191]Epoch 30: 100%|██████████| 10/10 [01:12<00:00,  0.14it/s, v_num=ettq, train_loss_step=0.208, val_loss=0.580, train_loss_epoch=0.174]Epoch 30:   0%|          | 0/10 [00:00<?, ?it/s, v_num=ettq, train_loss_step=0.208, val_loss=0.580, train_loss_epoch=0.174]         Epoch 31:   0%|          | 0/10 [00:00<?, ?it/s, v_num=ettq, train_loss_step=0.208, val_loss=0.580, train_loss_epoch=0.174]SUCCESS: vision_encoder.blocks.2.1.spatial_block.conv1.fn.dw.weight is Updating! Grad Norm: 0.101209
Epoch 31:  10%|█         | 1/10 [00:07<01:09,  0.13it/s, v_num=ettq, train_loss_step=0.208, val_loss=0.580, train_loss_epoch=0.174]Epoch 31:  10%|█         | 1/10 [00:07<01:09,  0.13it/s, v_num=ettq, train_loss_step=0.157, val_loss=0.580, train_loss_epoch=0.174]SUCCESS: vision_encoder.blocks.2.1.spatial_block.conv1.fn.dw.weight is Updating! Grad Norm: 0.091976
Epoch 31:  20%|██        | 2/10 [00:14<00:56,  0.14it/s, v_num=ettq, train_loss_step=0.157, val_loss=0.580, train_loss_epoch=0.174]Epoch 31:  20%|██        | 2/10 [00:14<00:56,  0.14it/s, v_num=ettq, train_loss_step=0.236, val_loss=0.580, train_loss_epoch=0.174]SUCCESS: vision_encoder.blocks.2.1.spatial_block.conv1.fn.dw.weight is Updating! Grad Norm: 0.066913
Epoch 31:  30%|███       | 3/10 [00:20<00:48,  0.14it/s, v_num=ettq, train_loss_step=0.236, val_loss=0.580, train_loss_epoch=0.174]Epoch 31:  30%|███       | 3/10 [00:20<00:48,  0.14it/s, v_num=ettq, train_loss_step=0.124, val_loss=0.580, train_loss_epoch=0.174]SUCCESS: vision_encoder.blocks.2.1.spatial_block.conv1.fn.dw.weight is Updating! Grad Norm: 0.135426
Epoch 31:  40%|████      | 4/10 [00:27<00:40,  0.15it/s, v_num=ettq, train_loss_step=0.124, val_loss=0.580, train_loss_epoch=0.174]Epoch 31:  40%|████      | 4/10 [00:27<00:40,  0.15it/s, v_num=ettq, train_loss_step=0.107, val_loss=0.580, train_loss_epoch=0.174]SUCCESS: vision_encoder.blocks.2.1.spatial_block.conv1.fn.dw.weight is Updating! Grad Norm: 0.218358
Epoch 31:  50%|█████     | 5/10 [00:33<00:33,  0.15it/s, v_num=ettq, train_loss_step=0.107, val_loss=0.580, train_loss_epoch=0.174]Epoch 31:  50%|█████     | 5/10 [00:33<00:33,  0.15it/s, v_num=ettq, train_loss_step=0.198, val_loss=0.580, train_loss_epoch=0.174]SUCCESS: vision_encoder.blocks.2.1.spatial_block.conv1.fn.dw.weight is Updating! Grad Norm: 0.054753
Epoch 31:  60%|██████    | 6/10 [00:40<00:26,  0.15it/s, v_num=ettq, train_loss_step=0.198, val_loss=0.580, train_loss_epoch=0.174]Epoch 31:  60%|██████    | 6/10 [00:40<00:26,  0.15it/s, v_num=ettq, train_loss_step=0.0736, val_loss=0.580, train_loss_epoch=0.174]SUCCESS: vision_encoder.blocks.2.1.spatial_block.conv1.fn.dw.weight is Updating! Grad Norm: 0.111571
Epoch 31:  70%|███████   | 7/10 [00:46<00:20,  0.15it/s, v_num=ettq, train_loss_step=0.0736, val_loss=0.580, train_loss_epoch=0.174]Epoch 31:  70%|███████   | 7/10 [00:46<00:20,  0.15it/s, v_num=ettq, train_loss_step=0.0881, val_loss=0.580, train_loss_epoch=0.174]SUCCESS: vision_encoder.blocks.2.1.spatial_block.conv1.fn.dw.weight is Updating! Grad Norm: 0.109279
Epoch 31:  80%|████████  | 8/10 [00:53<00:13,  0.15it/s, v_num=ettq, train_loss_step=0.0881, val_loss=0.580, train_loss_epoch=0.174]Epoch 31:  80%|████████  | 8/10 [00:53<00:13,  0.15it/s, v_num=ettq, train_loss_step=0.0474, val_loss=0.580, train_loss_epoch=0.174]SUCCESS: vision_encoder.blocks.2.1.spatial_block.conv1.fn.dw.weight is Updating! Grad Norm: 0.094483
Epoch 31:  90%|█████████ | 9/10 [00:59<00:06,  0.15it/s, v_num=ettq, train_loss_step=0.0474, val_loss=0.580, train_loss_epoch=0.174]Epoch 31:  90%|█████████ | 9/10 [00:59<00:06,  0.15it/s, v_num=ettq, train_loss_step=0.179, val_loss=0.580, train_loss_epoch=0.174] SUCCESS: vision_encoder.blocks.2.1.spatial_block.conv1.fn.dw.weight is Updating! Grad Norm: 0.122056
Epoch 31: 100%|██████████| 10/10 [01:06<00:00,  0.15it/s, v_num=ettq, train_loss_step=0.179, val_loss=0.580, train_loss_epoch=0.174]Epoch 31: 100%|██████████| 10/10 [01:06<00:00,  0.15it/s, v_num=ettq, train_loss_step=0.183, val_loss=0.580, train_loss_epoch=0.174]
Validation: |          | 0/? [00:00<?, ?it/s][A
Validation:   0%|          | 0/4 [00:00<?, ?it/s][A
Validation DataLoader 0:   0%|          | 0/4 [00:00<?, ?it/s][Atensor(1.9229, device='cuda:0')
tensor(-0.5223, device='cuda:0')

Validation DataLoader 0:  25%|██▌       | 1/4 [00:01<00:04,  0.65it/s][Atensor(1.8583, device='cuda:0')
tensor(-0.4722, device='cuda:0')

Validation DataLoader 0:  50%|█████     | 2/4 [00:03<00:03,  0.65it/s][Atensor(1.9799, device='cuda:0')
tensor(-0.4632, device='cuda:0')

Validation DataLoader 0:  75%|███████▌  | 3/4 [00:04<00:01,  0.64it/s][Atensor(1.7125, device='cuda:0')
tensor(0.0793, device='cuda:0')

Validation DataLoader 0: 100%|██████████| 4/4 [00:05<00:00,  0.76it/s][A
==================================================
Stage: VAL
Predicted class distribution: 0s = 98, 1s = 9
Actual label distribution:    0s = 80, 1s = 27
Actual Imbalance Ratio (0:1): 2.96:1
==================================================
✅ Model is predicting both classes.
Saved test predictions and probabilities to validation_results_fold_final.xlsx

                                                                      [AEpoch 31: 100%|██████████| 10/10 [01:12<00:00,  0.14it/s, v_num=ettq, train_loss_step=0.183, val_loss=0.589, train_loss_epoch=0.174]Epoch 31: 100%|██████████| 10/10 [01:12<00:00,  0.14it/s, v_num=ettq, train_loss_step=0.183, val_loss=0.589, train_loss_epoch=0.139]Epoch 31:   0%|          | 0/10 [00:00<?, ?it/s, v_num=ettq, train_loss_step=0.183, val_loss=0.589, train_loss_epoch=0.139]         Epoch 32:   0%|          | 0/10 [00:00<?, ?it/s, v_num=ettq, train_loss_step=0.183, val_loss=0.589, train_loss_epoch=0.139]SUCCESS: vision_encoder.blocks.2.1.spatial_block.conv1.fn.dw.weight is Updating! Grad Norm: 0.061912
Epoch 32:  10%|█         | 1/10 [00:07<01:09,  0.13it/s, v_num=ettq, train_loss_step=0.183, val_loss=0.589, train_loss_epoch=0.139]Epoch 32:  10%|█         | 1/10 [00:07<01:09,  0.13it/s, v_num=ettq, train_loss_step=0.229, val_loss=0.589, train_loss_epoch=0.139]SUCCESS: vision_encoder.blocks.2.1.spatial_block.conv1.fn.dw.weight is Updating! Grad Norm: 0.082842
Epoch 32:  20%|██        | 2/10 [00:14<00:56,  0.14it/s, v_num=ettq, train_loss_step=0.229, val_loss=0.589, train_loss_epoch=0.139]Epoch 32:  20%|██        | 2/10 [00:14<00:56,  0.14it/s, v_num=ettq, train_loss_step=0.224, val_loss=0.589, train_loss_epoch=0.139]SUCCESS: vision_encoder.blocks.2.1.spatial_block.conv1.fn.dw.weight is Updating! Grad Norm: 0.094501
Epoch 32:  30%|███       | 3/10 [00:20<00:48,  0.14it/s, v_num=ettq, train_loss_step=0.224, val_loss=0.589, train_loss_epoch=0.139]Epoch 32:  30%|███       | 3/10 [00:20<00:48,  0.14it/s, v_num=ettq, train_loss_step=0.126, val_loss=0.589, train_loss_epoch=0.139]SUCCESS: vision_encoder.blocks.2.1.spatial_block.conv1.fn.dw.weight is Updating! Grad Norm: 0.084158
Epoch 32:  40%|████      | 4/10 [00:27<00:40,  0.15it/s, v_num=ettq, train_loss_step=0.126, val_loss=0.589, train_loss_epoch=0.139]Epoch 32:  40%|████      | 4/10 [00:27<00:40,  0.15it/s, v_num=ettq, train_loss_step=0.017, val_loss=0.589, train_loss_epoch=0.139]SUCCESS: vision_encoder.blocks.2.1.spatial_block.conv1.fn.dw.weight is Updating! Grad Norm: 0.151477
Epoch 32:  50%|█████     | 5/10 [00:33<00:33,  0.15it/s, v_num=ettq, train_loss_step=0.017, val_loss=0.589, train_loss_epoch=0.139]Epoch 32:  50%|█████     | 5/10 [00:33<00:33,  0.15it/s, v_num=ettq, train_loss_step=0.116, val_loss=0.589, train_loss_epoch=0.139]SUCCESS: vision_encoder.blocks.2.1.spatial_block.conv1.fn.dw.weight is Updating! Grad Norm: 0.061781
Epoch 32:  60%|██████    | 6/10 [00:40<00:26,  0.15it/s, v_num=ettq, train_loss_step=0.116, val_loss=0.589, train_loss_epoch=0.139]Epoch 32:  60%|██████    | 6/10 [00:40<00:26,  0.15it/s, v_num=ettq, train_loss_step=0.102, val_loss=0.589, train_loss_epoch=0.139]SUCCESS: vision_encoder.blocks.2.1.spatial_block.conv1.fn.dw.weight is Updating! Grad Norm: 0.067788
Epoch 32:  70%|███████   | 7/10 [00:46<00:20,  0.15it/s, v_num=ettq, train_loss_step=0.102, val_loss=0.589, train_loss_epoch=0.139]Epoch 32:  70%|███████   | 7/10 [00:46<00:20,  0.15it/s, v_num=ettq, train_loss_step=0.0318, val_loss=0.589, train_loss_epoch=0.139]SUCCESS: vision_encoder.blocks.2.1.spatial_block.conv1.fn.dw.weight is Updating! Grad Norm: 0.262105
Epoch 32:  80%|████████  | 8/10 [00:53<00:13,  0.15it/s, v_num=ettq, train_loss_step=0.0318, val_loss=0.589, train_loss_epoch=0.139]Epoch 32:  80%|████████  | 8/10 [00:53<00:13,  0.15it/s, v_num=ettq, train_loss_step=0.177, val_loss=0.589, train_loss_epoch=0.139] SUCCESS: vision_encoder.blocks.2.1.spatial_block.conv1.fn.dw.weight is Updating! Grad Norm: 0.113170
Epoch 32:  90%|█████████ | 9/10 [00:59<00:06,  0.15it/s, v_num=ettq, train_loss_step=0.177, val_loss=0.589, train_loss_epoch=0.139]Epoch 32:  90%|█████████ | 9/10 [00:59<00:06,  0.15it/s, v_num=ettq, train_loss_step=0.124, val_loss=0.589, train_loss_epoch=0.139]SUCCESS: vision_encoder.blocks.2.1.spatial_block.conv1.fn.dw.weight is Updating! Grad Norm: 0.066380
Epoch 32: 100%|██████████| 10/10 [01:06<00:00,  0.15it/s, v_num=ettq, train_loss_step=0.124, val_loss=0.589, train_loss_epoch=0.139]Epoch 32: 100%|██████████| 10/10 [01:06<00:00,  0.15it/s, v_num=ettq, train_loss_step=0.0398, val_loss=0.589, train_loss_epoch=0.139]
Validation: |          | 0/? [00:00<?, ?it/s][A
Validation:   0%|          | 0/4 [00:00<?, ?it/s][A
Validation DataLoader 0:   0%|          | 0/4 [00:00<?, ?it/s][Atensor(1.9193, device='cuda:0')
tensor(-0.6580, device='cuda:0')

Validation DataLoader 0:  25%|██▌       | 1/4 [00:01<00:04,  0.65it/s][Atensor(1.9258, device='cuda:0')
tensor(-0.5182, device='cuda:0')

Validation DataLoader 0:  50%|█████     | 2/4 [00:03<00:03,  0.65it/s][Atensor(1.9987, device='cuda:0')
tensor(-0.5347, device='cuda:0')

Validation DataLoader 0:  75%|███████▌  | 3/4 [00:04<00:01,  0.64it/s][Atensor(1.7249, device='cuda:0')
tensor(0.0831, device='cuda:0')

Validation DataLoader 0: 100%|██████████| 4/4 [00:05<00:00,  0.76it/s][A
==================================================
Stage: VAL
Predicted class distribution: 0s = 95, 1s = 12
Actual label distribution:    0s = 80, 1s = 27
Actual Imbalance Ratio (0:1): 2.96:1
==================================================
✅ Model is predicting both classes.
Saved test predictions and probabilities to validation_results_fold_final.xlsx

                                                                      [AEpoch 32: 100%|██████████| 10/10 [01:12<00:00,  0.14it/s, v_num=ettq, train_loss_step=0.0398, val_loss=0.592, train_loss_epoch=0.139]Epoch 32: 100%|██████████| 10/10 [01:12<00:00,  0.14it/s, v_num=ettq, train_loss_step=0.0398, val_loss=0.592, train_loss_epoch=0.119]Epoch 32:   0%|          | 0/10 [00:00<?, ?it/s, v_num=ettq, train_loss_step=0.0398, val_loss=0.592, train_loss_epoch=0.119]         Epoch 33:   0%|          | 0/10 [00:00<?, ?it/s, v_num=ettq, train_loss_step=0.0398, val_loss=0.592, train_loss_epoch=0.119]SUCCESS: vision_encoder.blocks.2.1.spatial_block.conv1.fn.dw.weight is Updating! Grad Norm: 0.084902
Epoch 33:  10%|█         | 1/10 [00:07<01:11,  0.13it/s, v_num=ettq, train_loss_step=0.0398, val_loss=0.592, train_loss_epoch=0.119]Epoch 33:  10%|█         | 1/10 [00:08<01:12,  0.12it/s, v_num=ettq, train_loss_step=0.180, val_loss=0.592, train_loss_epoch=0.119] SUCCESS: vision_encoder.blocks.2.1.spatial_block.conv1.fn.dw.weight is Updating! Grad Norm: 0.096942
Epoch 33:  20%|██        | 2/10 [00:14<00:58,  0.14it/s, v_num=ettq, train_loss_step=0.180, val_loss=0.592, train_loss_epoch=0.119]Epoch 33:  20%|██        | 2/10 [00:14<00:58,  0.14it/s, v_num=ettq, train_loss_step=0.0534, val_loss=0.592, train_loss_epoch=0.119]SUCCESS: vision_encoder.blocks.2.1.spatial_block.conv1.fn.dw.weight is Updating! Grad Norm: 0.083546
Epoch 33:  30%|███       | 3/10 [00:21<00:49,  0.14it/s, v_num=ettq, train_loss_step=0.0534, val_loss=0.592, train_loss_epoch=0.119]Epoch 33:  30%|███       | 3/10 [00:21<00:49,  0.14it/s, v_num=ettq, train_loss_step=0.108, val_loss=0.592, train_loss_epoch=0.119] SUCCESS: vision_encoder.blocks.2.1.spatial_block.conv1.fn.dw.weight is Updating! Grad Norm: 0.096386
Epoch 33:  40%|████      | 4/10 [00:27<00:41,  0.15it/s, v_num=ettq, train_loss_step=0.108, val_loss=0.592, train_loss_epoch=0.119]Epoch 33:  40%|████      | 4/10 [00:27<00:41,  0.15it/s, v_num=ettq, train_loss_step=0.0982, val_loss=0.592, train_loss_epoch=0.119]SUCCESS: vision_encoder.blocks.2.1.spatial_block.conv1.fn.dw.weight is Updating! Grad Norm: 0.087549
Epoch 33:  50%|█████     | 5/10 [00:34<00:34,  0.15it/s, v_num=ettq, train_loss_step=0.0982, val_loss=0.592, train_loss_epoch=0.119]Epoch 33:  50%|█████     | 5/10 [00:34<00:34,  0.15it/s, v_num=ettq, train_loss_step=0.0781, val_loss=0.592, train_loss_epoch=0.119]SUCCESS: vision_encoder.blocks.2.1.spatial_block.conv1.fn.dw.weight is Updating! Grad Norm: 0.156572
Epoch 33:  60%|██████    | 6/10 [00:40<00:27,  0.15it/s, v_num=ettq, train_loss_step=0.0781, val_loss=0.592, train_loss_epoch=0.119]Epoch 33:  60%|██████    | 6/10 [00:40<00:27,  0.15it/s, v_num=ettq, train_loss_step=0.259, val_loss=0.592, train_loss_epoch=0.119] SUCCESS: vision_encoder.blocks.2.1.spatial_block.conv1.fn.dw.weight is Updating! Grad Norm: 0.139227
Epoch 33:  70%|███████   | 7/10 [00:47<00:20,  0.15it/s, v_num=ettq, train_loss_step=0.259, val_loss=0.592, train_loss_epoch=0.119]Epoch 33:  70%|███████   | 7/10 [00:47<00:20,  0.15it/s, v_num=ettq, train_loss_step=0.0595, val_loss=0.592, train_loss_epoch=0.119]SUCCESS: vision_encoder.blocks.2.1.spatial_block.conv1.fn.dw.weight is Updating! Grad Norm: 0.155540
Epoch 33:  80%|████████  | 8/10 [00:53<00:13,  0.15it/s, v_num=ettq, train_loss_step=0.0595, val_loss=0.592, train_loss_epoch=0.119]Epoch 33:  80%|████████  | 8/10 [00:53<00:13,  0.15it/s, v_num=ettq, train_loss_step=0.185, val_loss=0.592, train_loss_epoch=0.119] SUCCESS: vision_encoder.blocks.2.1.spatial_block.conv1.fn.dw.weight is Updating! Grad Norm: 0.098030
Epoch 33:  90%|█████████ | 9/10 [01:00<00:06,  0.15it/s, v_num=ettq, train_loss_step=0.185, val_loss=0.592, train_loss_epoch=0.119]Epoch 33:  90%|█████████ | 9/10 [01:00<00:06,  0.15it/s, v_num=ettq, train_loss_step=-0.000939, val_loss=0.592, train_loss_epoch=0.119]SUCCESS: vision_encoder.blocks.2.1.spatial_block.conv1.fn.dw.weight is Updating! Grad Norm: 0.075750
Epoch 33: 100%|██████████| 10/10 [01:06<00:00,  0.15it/s, v_num=ettq, train_loss_step=-0.000939, val_loss=0.592, train_loss_epoch=0.119]Epoch 33: 100%|██████████| 10/10 [01:06<00:00,  0.15it/s, v_num=ettq, train_loss_step=0.0769, val_loss=0.592, train_loss_epoch=0.119]   
Validation: |          | 0/? [00:00<?, ?it/s][A
Validation:   0%|          | 0/4 [00:00<?, ?it/s][A
Validation DataLoader 0:   0%|          | 0/4 [00:00<?, ?it/s][Atensor(1.9863, device='cuda:0')
tensor(-0.8119, device='cuda:0')

Validation DataLoader 0:  25%|██▌       | 1/4 [00:01<00:04,  0.65it/s][Atensor(1.9857, device='cuda:0')
tensor(-0.5903, device='cuda:0')

Validation DataLoader 0:  50%|█████     | 2/4 [00:03<00:03,  0.65it/s][Atensor(2.1147, device='cuda:0')
tensor(-0.6052, device='cuda:0')

Validation DataLoader 0:  75%|███████▌  | 3/4 [00:04<00:01,  0.64it/s][Atensor(1.8197, device='cuda:0')
tensor(0.0822, device='cuda:0')

Validation DataLoader 0: 100%|██████████| 4/4 [00:05<00:00,  0.76it/s][A
==================================================
Stage: VAL
Predicted class distribution: 0s = 95, 1s = 12
Actual label distribution:    0s = 80, 1s = 27
Actual Imbalance Ratio (0:1): 2.96:1
==================================================
✅ Model is predicting both classes.
Saved test predictions and probabilities to validation_results_fold_final.xlsx

                                                                      [AEpoch 33: 100%|██████████| 10/10 [01:12<00:00,  0.14it/s, v_num=ettq, train_loss_step=0.0769, val_loss=0.611, train_loss_epoch=0.119]Epoch 33: 100%|██████████| 10/10 [01:12<00:00,  0.14it/s, v_num=ettq, train_loss_step=0.0769, val_loss=0.611, train_loss_epoch=0.110]Epoch 33:   0%|          | 0/10 [00:00<?, ?it/s, v_num=ettq, train_loss_step=0.0769, val_loss=0.611, train_loss_epoch=0.110]         Epoch 34:   0%|          | 0/10 [00:00<?, ?it/s, v_num=ettq, train_loss_step=0.0769, val_loss=0.611, train_loss_epoch=0.110]SUCCESS: vision_encoder.blocks.2.1.spatial_block.conv1.fn.dw.weight is Updating! Grad Norm: 0.196804
Epoch 34:  10%|█         | 1/10 [00:07<01:08,  0.13it/s, v_num=ettq, train_loss_step=0.0769, val_loss=0.611, train_loss_epoch=0.110]Epoch 34:  10%|█         | 1/10 [00:07<01:09,  0.13it/s, v_num=ettq, train_loss_step=0.141, val_loss=0.611, train_loss_epoch=0.110] SUCCESS: vision_encoder.blocks.2.1.spatial_block.conv1.fn.dw.weight is Updating! Grad Norm: 0.257686
Epoch 34:  20%|██        | 2/10 [00:14<00:56,  0.14it/s, v_num=ettq, train_loss_step=0.141, val_loss=0.611, train_loss_epoch=0.110]Epoch 34:  20%|██        | 2/10 [00:14<00:56,  0.14it/s, v_num=ettq, train_loss_step=0.214, val_loss=0.611, train_loss_epoch=0.110]SUCCESS: vision_encoder.blocks.2.1.spatial_block.conv1.fn.dw.weight is Updating! Grad Norm: 0.073612
Epoch 34:  30%|███       | 3/10 [00:20<00:48,  0.14it/s, v_num=ettq, train_loss_step=0.214, val_loss=0.611, train_loss_epoch=0.110]Epoch 34:  30%|███       | 3/10 [00:20<00:48,  0.14it/s, v_num=ettq, train_loss_step=0.0258, val_loss=0.611, train_loss_epoch=0.110]SUCCESS: vision_encoder.blocks.2.1.spatial_block.conv1.fn.dw.weight is Updating! Grad Norm: 0.093234
Epoch 34:  40%|████      | 4/10 [00:27<00:40,  0.15it/s, v_num=ettq, train_loss_step=0.0258, val_loss=0.611, train_loss_epoch=0.110]Epoch 34:  40%|████      | 4/10 [00:27<00:40,  0.15it/s, v_num=ettq, train_loss_step=0.109, val_loss=0.611, train_loss_epoch=0.110] SUCCESS: vision_encoder.blocks.2.1.spatial_block.conv1.fn.dw.weight is Updating! Grad Norm: 0.185503
Epoch 34:  50%|█████     | 5/10 [00:33<00:33,  0.15it/s, v_num=ettq, train_loss_step=0.109, val_loss=0.611, train_loss_epoch=0.110]Epoch 34:  50%|█████     | 5/10 [00:33<00:33,  0.15it/s, v_num=ettq, train_loss_step=0.183, val_loss=0.611, train_loss_epoch=0.110]SUCCESS: vision_encoder.blocks.2.1.spatial_block.conv1.fn.dw.weight is Updating! Grad Norm: 0.185802
Epoch 34:  60%|██████    | 6/10 [00:40<00:26,  0.15it/s, v_num=ettq, train_loss_step=0.183, val_loss=0.611, train_loss_epoch=0.110]Epoch 34:  60%|██████    | 6/10 [00:40<00:26,  0.15it/s, v_num=ettq, train_loss_step=0.171, val_loss=0.611, train_loss_epoch=0.110]SUCCESS: vision_encoder.blocks.2.1.spatial_block.conv1.fn.dw.weight is Updating! Grad Norm: 0.292029
Epoch 34:  70%|███████   | 7/10 [00:46<00:20,  0.15it/s, v_num=ettq, train_loss_step=0.171, val_loss=0.611, train_loss_epoch=0.110]Epoch 34:  70%|███████   | 7/10 [00:46<00:20,  0.15it/s, v_num=ettq, train_loss_step=0.118, val_loss=0.611, train_loss_epoch=0.110]SUCCESS: vision_encoder.blocks.2.1.spatial_block.conv1.fn.dw.weight is Updating! Grad Norm: 0.182241
Epoch 34:  80%|████████  | 8/10 [00:53<00:13,  0.15it/s, v_num=ettq, train_loss_step=0.118, val_loss=0.611, train_loss_epoch=0.110]Epoch 34:  80%|████████  | 8/10 [00:53<00:13,  0.15it/s, v_num=ettq, train_loss_step=0.0441, val_loss=0.611, train_loss_epoch=0.110]SUCCESS: vision_encoder.blocks.2.1.spatial_block.conv1.fn.dw.weight is Updating! Grad Norm: 0.170947
Epoch 34:  90%|█████████ | 9/10 [00:59<00:06,  0.15it/s, v_num=ettq, train_loss_step=0.0441, val_loss=0.611, train_loss_epoch=0.110]Epoch 34:  90%|█████████ | 9/10 [00:59<00:06,  0.15it/s, v_num=ettq, train_loss_step=0.0625, val_loss=0.611, train_loss_epoch=0.110]SUCCESS: vision_encoder.blocks.2.1.spatial_block.conv1.fn.dw.weight is Updating! Grad Norm: 0.088951
Epoch 34: 100%|██████████| 10/10 [01:06<00:00,  0.15it/s, v_num=ettq, train_loss_step=0.0625, val_loss=0.611, train_loss_epoch=0.110]Epoch 34: 100%|██████████| 10/10 [01:06<00:00,  0.15it/s, v_num=ettq, train_loss_step=0.0706, val_loss=0.611, train_loss_epoch=0.110]
Validation: |          | 0/? [00:00<?, ?it/s][A
Validation:   0%|          | 0/4 [00:00<?, ?it/s][A
Validation DataLoader 0:   0%|          | 0/4 [00:00<?, ?it/s][Atensor(2.1133, device='cuda:0')
tensor(-0.7887, device='cuda:0')

Validation DataLoader 0:  25%|██▌       | 1/4 [00:01<00:04,  0.65it/s][Atensor(2.0485, device='cuda:0')
tensor(-0.6011, device='cuda:0')

Validation DataLoader 0:  50%|█████     | 2/4 [00:03<00:03,  0.64it/s][Atensor(2.1899, device='cuda:0')
tensor(-0.5942, device='cuda:0')

Validation DataLoader 0:  75%|███████▌  | 3/4 [00:04<00:01,  0.64it/s][Atensor(1.9014, device='cuda:0')
tensor(0.0647, device='cuda:0')

Validation DataLoader 0: 100%|██████████| 4/4 [00:05<00:00,  0.76it/s][A
==================================================
Stage: VAL
Predicted class distribution: 0s = 94, 1s = 13
Actual label distribution:    0s = 80, 1s = 27
Actual Imbalance Ratio (0:1): 2.96:1
==================================================
✅ Model is predicting both classes.
Saved test predictions and probabilities to validation_results_fold_final.xlsx

                                                                      [AEpoch 34: 100%|██████████| 10/10 [01:12<00:00,  0.14it/s, v_num=ettq, train_loss_step=0.0706, val_loss=0.641, train_loss_epoch=0.110]Epoch 34: 100%|██████████| 10/10 [01:12<00:00,  0.14it/s, v_num=ettq, train_loss_step=0.0706, val_loss=0.641, train_loss_epoch=0.114]Epoch 34:   0%|          | 0/10 [00:00<?, ?it/s, v_num=ettq, train_loss_step=0.0706, val_loss=0.641, train_loss_epoch=0.114]         Epoch 35:   0%|          | 0/10 [00:00<?, ?it/s, v_num=ettq, train_loss_step=0.0706, val_loss=0.641, train_loss_epoch=0.114]SUCCESS: vision_encoder.blocks.2.1.spatial_block.conv1.fn.dw.weight is Updating! Grad Norm: 0.081996
Epoch 35:  10%|█         | 1/10 [00:07<01:09,  0.13it/s, v_num=ettq, train_loss_step=0.0706, val_loss=0.641, train_loss_epoch=0.114]Epoch 35:  10%|█         | 1/10 [00:07<01:09,  0.13it/s, v_num=ettq, train_loss_step=0.00859, val_loss=0.641, train_loss_epoch=0.114]SUCCESS: vision_encoder.blocks.2.1.spatial_block.conv1.fn.dw.weight is Updating! Grad Norm: 0.096257
Epoch 35:  20%|██        | 2/10 [00:14<00:56,  0.14it/s, v_num=ettq, train_loss_step=0.00859, val_loss=0.641, train_loss_epoch=0.114]Epoch 35:  20%|██        | 2/10 [00:14<00:56,  0.14it/s, v_num=ettq, train_loss_step=0.130, val_loss=0.641, train_loss_epoch=0.114]  SUCCESS: vision_encoder.blocks.2.1.spatial_block.conv1.fn.dw.weight is Updating! Grad Norm: 0.097661
Epoch 35:  30%|███       | 3/10 [00:20<00:48,  0.14it/s, v_num=ettq, train_loss_step=0.130, val_loss=0.641, train_loss_epoch=0.114]Epoch 35:  30%|███       | 3/10 [00:20<00:48,  0.14it/s, v_num=ettq, train_loss_step=0.090, val_loss=0.641, train_loss_epoch=0.114]SUCCESS: vision_encoder.blocks.2.1.spatial_block.conv1.fn.dw.weight is Updating! Grad Norm: 0.129682
Epoch 35:  40%|████      | 4/10 [00:27<00:40,  0.15it/s, v_num=ettq, train_loss_step=0.090, val_loss=0.641, train_loss_epoch=0.114]Epoch 35:  40%|████      | 4/10 [00:27<00:40,  0.15it/s, v_num=ettq, train_loss_step=0.0632, val_loss=0.641, train_loss_epoch=0.114]SUCCESS: vision_encoder.blocks.2.1.spatial_block.conv1.fn.dw.weight is Updating! Grad Norm: 0.086474
Epoch 35:  50%|█████     | 5/10 [00:33<00:33,  0.15it/s, v_num=ettq, train_loss_step=0.0632, val_loss=0.641, train_loss_epoch=0.114]Epoch 35:  50%|█████     | 5/10 [00:33<00:33,  0.15it/s, v_num=ettq, train_loss_step=0.125, val_loss=0.641, train_loss_epoch=0.114] SUCCESS: vision_encoder.blocks.2.1.spatial_block.conv1.fn.dw.weight is Updating! Grad Norm: 0.091920
Epoch 35:  60%|██████    | 6/10 [00:40<00:26,  0.15it/s, v_num=ettq, train_loss_step=0.125, val_loss=0.641, train_loss_epoch=0.114]Epoch 35:  60%|██████    | 6/10 [00:40<00:26,  0.15it/s, v_num=ettq, train_loss_step=-0.0139, val_loss=0.641, train_loss_epoch=0.114]SUCCESS: vision_encoder.blocks.2.1.spatial_block.conv1.fn.dw.weight is Updating! Grad Norm: 0.091664
Epoch 35:  70%|███████   | 7/10 [00:46<00:20,  0.15it/s, v_num=ettq, train_loss_step=-0.0139, val_loss=0.641, train_loss_epoch=0.114]Epoch 35:  70%|███████   | 7/10 [00:46<00:20,  0.15it/s, v_num=ettq, train_loss_step=0.117, val_loss=0.641, train_loss_epoch=0.114]  SUCCESS: vision_encoder.blocks.2.1.spatial_block.conv1.fn.dw.weight is Updating! Grad Norm: 0.068450
Epoch 35:  80%|████████  | 8/10 [00:53<00:13,  0.15it/s, v_num=ettq, train_loss_step=0.117, val_loss=0.641, train_loss_epoch=0.114]Epoch 35:  80%|████████  | 8/10 [00:53<00:13,  0.15it/s, v_num=ettq, train_loss_step=0.0868, val_loss=0.641, train_loss_epoch=0.114]SUCCESS: vision_encoder.blocks.2.1.spatial_block.conv1.fn.dw.weight is Updating! Grad Norm: 0.155728
Epoch 35:  90%|█████████ | 9/10 [00:59<00:06,  0.15it/s, v_num=ettq, train_loss_step=0.0868, val_loss=0.641, train_loss_epoch=0.114]Epoch 35:  90%|█████████ | 9/10 [00:59<00:06,  0.15it/s, v_num=ettq, train_loss_step=0.0425, val_loss=0.641, train_loss_epoch=0.114]SUCCESS: vision_encoder.blocks.2.1.spatial_block.conv1.fn.dw.weight is Updating! Grad Norm: 0.088676
Epoch 35: 100%|██████████| 10/10 [01:06<00:00,  0.15it/s, v_num=ettq, train_loss_step=0.0425, val_loss=0.641, train_loss_epoch=0.114]Epoch 35: 100%|██████████| 10/10 [01:06<00:00,  0.15it/s, v_num=ettq, train_loss_step=0.0157, val_loss=0.641, train_loss_epoch=0.114]
Validation: |          | 0/? [00:00<?, ?it/s][A
Validation:   0%|          | 0/4 [00:00<?, ?it/s][A
Validation DataLoader 0:   0%|          | 0/4 [00:00<?, ?it/s][Atensor(2.2453, device='cuda:0')
tensor(-0.7177, device='cuda:0')

Validation DataLoader 0:  25%|██▌       | 1/4 [00:01<00:04,  0.65it/s][Atensor(2.2025, device='cuda:0')
tensor(-0.5915, device='cuda:0')

Validation DataLoader 0:  50%|█████     | 2/4 [00:03<00:03,  0.65it/s][Atensor(2.2731, device='cuda:0')
tensor(-0.4932, device='cuda:0')

Validation DataLoader 0:  75%|███████▌  | 3/4 [00:04<00:01,  0.64it/s][Atensor(1.9677, device='cuda:0')
tensor(0.0957, device='cuda:0')

Validation DataLoader 0: 100%|██████████| 4/4 [00:05<00:00,  0.76it/s][A
==================================================
Stage: VAL
Predicted class distribution: 0s = 98, 1s = 9
Actual label distribution:    0s = 80, 1s = 27
Actual Imbalance Ratio (0:1): 2.96:1
==================================================
✅ Model is predicting both classes.
Saved test predictions and probabilities to validation_results_fold_final.xlsx

                                                                      [AEpoch 35: 100%|██████████| 10/10 [01:12<00:00,  0.14it/s, v_num=ettq, train_loss_step=0.0157, val_loss=0.697, train_loss_epoch=0.114]Epoch 35: 100%|██████████| 10/10 [01:12<00:00,  0.14it/s, v_num=ettq, train_loss_step=0.0157, val_loss=0.697, train_loss_epoch=0.0665]Epoch 35:   0%|          | 0/10 [00:00<?, ?it/s, v_num=ettq, train_loss_step=0.0157, val_loss=0.697, train_loss_epoch=0.0665]         Epoch 36:   0%|          | 0/10 [00:00<?, ?it/s, v_num=ettq, train_loss_step=0.0157, val_loss=0.697, train_loss_epoch=0.0665]SUCCESS: vision_encoder.blocks.2.1.spatial_block.conv1.fn.dw.weight is Updating! Grad Norm: 0.199192
Epoch 36:  10%|█         | 1/10 [00:07<01:11,  0.13it/s, v_num=ettq, train_loss_step=0.0157, val_loss=0.697, train_loss_epoch=0.0665]Epoch 36:  10%|█         | 1/10 [00:08<01:12,  0.12it/s, v_num=ettq, train_loss_step=0.0231, val_loss=0.697, train_loss_epoch=0.0665]SUCCESS: vision_encoder.blocks.2.1.spatial_block.conv1.fn.dw.weight is Updating! Grad Norm: 0.118899
Epoch 36:  20%|██        | 2/10 [00:14<00:58,  0.14it/s, v_num=ettq, train_loss_step=0.0231, val_loss=0.697, train_loss_epoch=0.0665]Epoch 36:  20%|██        | 2/10 [00:14<00:58,  0.14it/s, v_num=ettq, train_loss_step=0.0789, val_loss=0.697, train_loss_epoch=0.0665]SUCCESS: vision_encoder.blocks.2.1.spatial_block.conv1.fn.dw.weight is Updating! Grad Norm: 0.147113
Epoch 36:  30%|███       | 3/10 [00:21<00:49,  0.14it/s, v_num=ettq, train_loss_step=0.0789, val_loss=0.697, train_loss_epoch=0.0665]Epoch 36:  30%|███       | 3/10 [00:21<00:49,  0.14it/s, v_num=ettq, train_loss_step=0.0719, val_loss=0.697, train_loss_epoch=0.0665]SUCCESS: vision_encoder.blocks.2.1.spatial_block.conv1.fn.dw.weight is Updating! Grad Norm: 0.128605
Epoch 36:  40%|████      | 4/10 [00:27<00:41,  0.15it/s, v_num=ettq, train_loss_step=0.0719, val_loss=0.697, train_loss_epoch=0.0665]Epoch 36:  40%|████      | 4/10 [00:27<00:41,  0.15it/s, v_num=ettq, train_loss_step=0.0221, val_loss=0.697, train_loss_epoch=0.0665]SUCCESS: vision_encoder.blocks.2.1.spatial_block.conv1.fn.dw.weight is Updating! Grad Norm: 0.207166
Epoch 36:  50%|█████     | 5/10 [00:34<00:34,  0.15it/s, v_num=ettq, train_loss_step=0.0221, val_loss=0.697, train_loss_epoch=0.0665]Epoch 36:  50%|█████     | 5/10 [00:34<00:34,  0.15it/s, v_num=ettq, train_loss_step=0.111, val_loss=0.697, train_loss_epoch=0.0665] SUCCESS: vision_encoder.blocks.2.1.spatial_block.conv1.fn.dw.weight is Updating! Grad Norm: 0.103633
Epoch 36:  60%|██████    | 6/10 [00:40<00:27,  0.15it/s, v_num=ettq, train_loss_step=0.111, val_loss=0.697, train_loss_epoch=0.0665]Epoch 36:  60%|██████    | 6/10 [00:40<00:27,  0.15it/s, v_num=ettq, train_loss_step=0.0547, val_loss=0.697, train_loss_epoch=0.0665]SUCCESS: vision_encoder.blocks.2.1.spatial_block.conv1.fn.dw.weight is Updating! Grad Norm: 0.066048
Epoch 36:  70%|███████   | 7/10 [00:47<00:20,  0.15it/s, v_num=ettq, train_loss_step=0.0547, val_loss=0.697, train_loss_epoch=0.0665]Epoch 36:  70%|███████   | 7/10 [00:47<00:20,  0.15it/s, v_num=ettq, train_loss_step=0.092, val_loss=0.697, train_loss_epoch=0.0665] SUCCESS: vision_encoder.blocks.2.1.spatial_block.conv1.fn.dw.weight is Updating! Grad Norm: 0.090278
Epoch 36:  80%|████████  | 8/10 [00:53<00:13,  0.15it/s, v_num=ettq, train_loss_step=0.092, val_loss=0.697, train_loss_epoch=0.0665]Epoch 36:  80%|████████  | 8/10 [00:53<00:13,  0.15it/s, v_num=ettq, train_loss_step=0.0792, val_loss=0.697, train_loss_epoch=0.0665]SUCCESS: vision_encoder.blocks.2.1.spatial_block.conv1.fn.dw.weight is Updating! Grad Norm: 0.163953
Epoch 36:  90%|█████████ | 9/10 [01:00<00:06,  0.15it/s, v_num=ettq, train_loss_step=0.0792, val_loss=0.697, train_loss_epoch=0.0665]Epoch 36:  90%|█████████ | 9/10 [01:00<00:06,  0.15it/s, v_num=ettq, train_loss_step=0.0438, val_loss=0.697, train_loss_epoch=0.0665]SUCCESS: vision_encoder.blocks.2.1.spatial_block.conv1.fn.dw.weight is Updating! Grad Norm: 0.305208
Epoch 36: 100%|██████████| 10/10 [01:06<00:00,  0.15it/s, v_num=ettq, train_loss_step=0.0438, val_loss=0.697, train_loss_epoch=0.0665]Epoch 36: 100%|██████████| 10/10 [01:07<00:00,  0.15it/s, v_num=ettq, train_loss_step=0.119, val_loss=0.697, train_loss_epoch=0.0665] 
Validation: |          | 0/? [00:00<?, ?it/s][A
Validation:   0%|          | 0/4 [00:00<?, ?it/s][A
Validation DataLoader 0:   0%|          | 0/4 [00:00<?, ?it/s][Atensor(2.1846, device='cuda:0')
tensor(-0.9490, device='cuda:0')

Validation DataLoader 0:  25%|██▌       | 1/4 [00:01<00:04,  0.65it/s][Atensor(2.1117, device='cuda:0')
tensor(-0.6648, device='cuda:0')

Validation DataLoader 0:  50%|█████     | 2/4 [00:03<00:03,  0.65it/s][Atensor(2.2602, device='cuda:0')
tensor(-0.5813, device='cuda:0')

Validation DataLoader 0:  75%|███████▌  | 3/4 [00:04<00:01,  0.64it/s][Atensor(1.9261, device='cuda:0')
tensor(0.1066, device='cuda:0')

Validation DataLoader 0: 100%|██████████| 4/4 [00:05<00:00,  0.76it/s][A
==================================================
Stage: VAL
Predicted class distribution: 0s = 93, 1s = 14
Actual label distribution:    0s = 80, 1s = 27
Actual Imbalance Ratio (0:1): 2.96:1
==================================================
✅ Model is predicting both classes.
Saved test predictions and probabilities to validation_results_fold_final.xlsx

                                                                      [AEpoch 36: 100%|██████████| 10/10 [01:12<00:00,  0.14it/s, v_num=ettq, train_loss_step=0.119, val_loss=0.682, train_loss_epoch=0.0665]Epoch 36: 100%|██████████| 10/10 [01:12<00:00,  0.14it/s, v_num=ettq, train_loss_step=0.119, val_loss=0.682, train_loss_epoch=0.0695]Epoch 36:   0%|          | 0/10 [00:00<?, ?it/s, v_num=ettq, train_loss_step=0.119, val_loss=0.682, train_loss_epoch=0.0695]         Epoch 37:   0%|          | 0/10 [00:00<?, ?it/s, v_num=ettq, train_loss_step=0.119, val_loss=0.682, train_loss_epoch=0.0695]SUCCESS: vision_encoder.blocks.2.1.spatial_block.conv1.fn.dw.weight is Updating! Grad Norm: 0.178830
Epoch 37:  10%|█         | 1/10 [00:08<01:12,  0.12it/s, v_num=ettq, train_loss_step=0.119, val_loss=0.682, train_loss_epoch=0.0695]Epoch 37:  10%|█         | 1/10 [00:08<01:12,  0.12it/s, v_num=ettq, train_loss_step=0.0148, val_loss=0.682, train_loss_epoch=0.0695]SUCCESS: vision_encoder.blocks.2.1.spatial_block.conv1.fn.dw.weight is Updating! Grad Norm: 0.088099
Epoch 37:  20%|██        | 2/10 [00:14<00:58,  0.14it/s, v_num=ettq, train_loss_step=0.0148, val_loss=0.682, train_loss_epoch=0.0695]Epoch 37:  20%|██        | 2/10 [00:14<00:58,  0.14it/s, v_num=ettq, train_loss_step=0.0504, val_loss=0.682, train_loss_epoch=0.0695]SUCCESS: vision_encoder.blocks.2.1.spatial_block.conv1.fn.dw.weight is Updating! Grad Norm: 0.184405
Epoch 37:  30%|███       | 3/10 [00:21<00:49,  0.14it/s, v_num=ettq, train_loss_step=0.0504, val_loss=0.682, train_loss_epoch=0.0695]Epoch 37:  30%|███       | 3/10 [00:21<00:49,  0.14it/s, v_num=ettq, train_loss_step=0.00469, val_loss=0.682, train_loss_epoch=0.0695]SUCCESS: vision_encoder.blocks.2.1.spatial_block.conv1.fn.dw.weight is Updating! Grad Norm: 1.065607
Epoch 37:  40%|████      | 4/10 [00:27<00:41,  0.14it/s, v_num=ettq, train_loss_step=0.00469, val_loss=0.682, train_loss_epoch=0.0695]Epoch 37:  40%|████      | 4/10 [00:27<00:41,  0.14it/s, v_num=ettq, train_loss_step=0.382, val_loss=0.682, train_loss_epoch=0.0695]  SUCCESS: vision_encoder.blocks.2.1.spatial_block.conv1.fn.dw.weight is Updating! Grad Norm: 0.189359
Epoch 37:  50%|█████     | 5/10 [00:34<00:34,  0.15it/s, v_num=ettq, train_loss_step=0.382, val_loss=0.682, train_loss_epoch=0.0695]Epoch 37:  50%|█████     | 5/10 [00:34<00:34,  0.15it/s, v_num=ettq, train_loss_step=0.154, val_loss=0.682, train_loss_epoch=0.0695]SUCCESS: vision_encoder.blocks.2.1.spatial_block.conv1.fn.dw.weight is Updating! Grad Norm: 0.159683
Epoch 37:  60%|██████    | 6/10 [00:40<00:27,  0.15it/s, v_num=ettq, train_loss_step=0.154, val_loss=0.682, train_loss_epoch=0.0695]Epoch 37:  60%|██████    | 6/10 [00:40<00:27,  0.15it/s, v_num=ettq, train_loss_step=0.090, val_loss=0.682, train_loss_epoch=0.0695]SUCCESS: vision_encoder.blocks.2.1.spatial_block.conv1.fn.dw.weight is Updating! Grad Norm: 0.454047
Epoch 37:  70%|███████   | 7/10 [00:47<00:20,  0.15it/s, v_num=ettq, train_loss_step=0.090, val_loss=0.682, train_loss_epoch=0.0695]Epoch 37:  70%|███████   | 7/10 [00:47<00:20,  0.15it/s, v_num=ettq, train_loss_step=0.095, val_loss=0.682, train_loss_epoch=0.0695]SUCCESS: vision_encoder.blocks.2.1.spatial_block.conv1.fn.dw.weight is Updating! Grad Norm: 0.338555
Epoch 37:  80%|████████  | 8/10 [00:53<00:13,  0.15it/s, v_num=ettq, train_loss_step=0.095, val_loss=0.682, train_loss_epoch=0.0695]Epoch 37:  80%|████████  | 8/10 [00:53<00:13,  0.15it/s, v_num=ettq, train_loss_step=0.0163, val_loss=0.682, train_loss_epoch=0.0695]SUCCESS: vision_encoder.blocks.2.1.spatial_block.conv1.fn.dw.weight is Updating! Grad Norm: 0.143946
Epoch 37:  90%|█████████ | 9/10 [01:00<00:06,  0.15it/s, v_num=ettq, train_loss_step=0.0163, val_loss=0.682, train_loss_epoch=0.0695]Epoch 37:  90%|█████████ | 9/10 [01:00<00:06,  0.15it/s, v_num=ettq, train_loss_step=0.037, val_loss=0.682, train_loss_epoch=0.0695] SUCCESS: vision_encoder.blocks.2.1.spatial_block.conv1.fn.dw.weight is Updating! Grad Norm: 0.282770
Epoch 37: 100%|██████████| 10/10 [01:06<00:00,  0.15it/s, v_num=ettq, train_loss_step=0.037, val_loss=0.682, train_loss_epoch=0.0695]Epoch 37: 100%|██████████| 10/10 [01:06<00:00,  0.15it/s, v_num=ettq, train_loss_step=0.100, val_loss=0.682, train_loss_epoch=0.0695]
Validation: |          | 0/? [00:00<?, ?it/s][A
Validation:   0%|          | 0/4 [00:00<?, ?it/s][A
Validation DataLoader 0:   0%|          | 0/4 [00:00<?, ?it/s][Atensor(2.3324, device='cuda:0')
tensor(-0.8104, device='cuda:0')

Validation DataLoader 0:  25%|██▌       | 1/4 [00:01<00:04,  0.65it/s][Atensor(2.2328, device='cuda:0')
tensor(-0.5988, device='cuda:0')

Validation DataLoader 0:  50%|█████     | 2/4 [00:03<00:03,  0.64it/s][Atensor(2.4665, device='cuda:0')
tensor(-0.5309, device='cuda:0')

Validation DataLoader 0:  75%|███████▌  | 3/4 [00:04<00:01,  0.64it/s][Atensor(2.1252, device='cuda:0')
tensor(0.1316, device='cuda:0')

Validation DataLoader 0: 100%|██████████| 4/4 [00:05<00:00,  0.76it/s][A
==================================================
Stage: VAL
Predicted class distribution: 0s = 92, 1s = 15
Actual label distribution:    0s = 80, 1s = 27
Actual Imbalance Ratio (0:1): 2.96:1
==================================================
✅ Model is predicting both classes.
Saved test predictions and probabilities to validation_results_fold_final.xlsx

                                                                      [AEpoch 37: 100%|██████████| 10/10 [01:12<00:00,  0.14it/s, v_num=ettq, train_loss_step=0.100, val_loss=0.701, train_loss_epoch=0.0695]Epoch 37: 100%|██████████| 10/10 [01:12<00:00,  0.14it/s, v_num=ettq, train_loss_step=0.100, val_loss=0.701, train_loss_epoch=0.0944]Epoch 37:   0%|          | 0/10 [00:00<?, ?it/s, v_num=ettq, train_loss_step=0.100, val_loss=0.701, train_loss_epoch=0.0944]         Epoch 38:   0%|          | 0/10 [00:00<?, ?it/s, v_num=ettq, train_loss_step=0.100, val_loss=0.701, train_loss_epoch=0.0944]SUCCESS: vision_encoder.blocks.2.1.spatial_block.conv1.fn.dw.weight is Updating! Grad Norm: 0.241666
Epoch 38:  10%|█         | 1/10 [00:07<01:08,  0.13it/s, v_num=ettq, train_loss_step=0.100, val_loss=0.701, train_loss_epoch=0.0944]Epoch 38:  10%|█         | 1/10 [00:07<01:08,  0.13it/s, v_num=ettq, train_loss_step=0.118, val_loss=0.701, train_loss_epoch=0.0944]SUCCESS: vision_encoder.blocks.2.1.spatial_block.conv1.fn.dw.weight is Updating! Grad Norm: 0.072780
Epoch 38:  20%|██        | 2/10 [00:14<00:56,  0.14it/s, v_num=ettq, train_loss_step=0.118, val_loss=0.701, train_loss_epoch=0.0944]Epoch 38:  20%|██        | 2/10 [00:14<00:56,  0.14it/s, v_num=ettq, train_loss_step=0.074, val_loss=0.701, train_loss_epoch=0.0944]SUCCESS: vision_encoder.blocks.2.1.spatial_block.conv1.fn.dw.weight is Updating! Grad Norm: 0.078169
Epoch 38:  30%|███       | 3/10 [00:20<00:48,  0.14it/s, v_num=ettq, train_loss_step=0.074, val_loss=0.701, train_loss_epoch=0.0944]Epoch 38:  30%|███       | 3/10 [00:20<00:48,  0.14it/s, v_num=ettq, train_loss_step=0.0416, val_loss=0.701, train_loss_epoch=0.0944]SUCCESS: vision_encoder.blocks.2.1.spatial_block.conv1.fn.dw.weight is Updating! Grad Norm: 0.087137
Epoch 38:  40%|████      | 4/10 [00:27<00:40,  0.15it/s, v_num=ettq, train_loss_step=0.0416, val_loss=0.701, train_loss_epoch=0.0944]Epoch 38:  40%|████      | 4/10 [00:27<00:40,  0.15it/s, v_num=ettq, train_loss_step=0.0272, val_loss=0.701, train_loss_epoch=0.0944]SUCCESS: vision_encoder.blocks.2.1.spatial_block.conv1.fn.dw.weight is Updating! Grad Norm: 0.074101
Epoch 38:  50%|█████     | 5/10 [00:33<00:33,  0.15it/s, v_num=ettq, train_loss_step=0.0272, val_loss=0.701, train_loss_epoch=0.0944]Epoch 38:  50%|█████     | 5/10 [00:33<00:33,  0.15it/s, v_num=ettq, train_loss_step=0.0341, val_loss=0.701, train_loss_epoch=0.0944]SUCCESS: vision_encoder.blocks.2.1.spatial_block.conv1.fn.dw.weight is Updating! Grad Norm: 0.085949
Epoch 38:  60%|██████    | 6/10 [00:40<00:26,  0.15it/s, v_num=ettq, train_loss_step=0.0341, val_loss=0.701, train_loss_epoch=0.0944]Epoch 38:  60%|██████    | 6/10 [00:40<00:26,  0.15it/s, v_num=ettq, train_loss_step=0.109, val_loss=0.701, train_loss_epoch=0.0944] SUCCESS: vision_encoder.blocks.2.1.spatial_block.conv1.fn.dw.weight is Updating! Grad Norm: 0.422786
Epoch 38:  70%|███████   | 7/10 [00:46<00:20,  0.15it/s, v_num=ettq, train_loss_step=0.109, val_loss=0.701, train_loss_epoch=0.0944]Epoch 38:  70%|███████   | 7/10 [00:46<00:20,  0.15it/s, v_num=ettq, train_loss_step=0.129, val_loss=0.701, train_loss_epoch=0.0944]SUCCESS: vision_encoder.blocks.2.1.spatial_block.conv1.fn.dw.weight is Updating! Grad Norm: 0.156014
Epoch 38:  80%|████████  | 8/10 [00:53<00:13,  0.15it/s, v_num=ettq, train_loss_step=0.129, val_loss=0.701, train_loss_epoch=0.0944]Epoch 38:  80%|████████  | 8/10 [00:53<00:13,  0.15it/s, v_num=ettq, train_loss_step=0.133, val_loss=0.701, train_loss_epoch=0.0944]SUCCESS: vision_encoder.blocks.2.1.spatial_block.conv1.fn.dw.weight is Updating! Grad Norm: 0.149229
Epoch 38:  90%|█████████ | 9/10 [00:59<00:06,  0.15it/s, v_num=ettq, train_loss_step=0.133, val_loss=0.701, train_loss_epoch=0.0944]Epoch 38:  90%|█████████ | 9/10 [00:59<00:06,  0.15it/s, v_num=ettq, train_loss_step=0.0812, val_loss=0.701, train_loss_epoch=0.0944]SUCCESS: vision_encoder.blocks.2.1.spatial_block.conv1.fn.dw.weight is Updating! Grad Norm: 0.159746
Epoch 38: 100%|██████████| 10/10 [01:06<00:00,  0.15it/s, v_num=ettq, train_loss_step=0.0812, val_loss=0.701, train_loss_epoch=0.0944]Epoch 38: 100%|██████████| 10/10 [01:06<00:00,  0.15it/s, v_num=ettq, train_loss_step=-0.00236, val_loss=0.701, train_loss_epoch=0.0944]
Validation: |          | 0/? [00:00<?, ?it/s][A
Validation:   0%|          | 0/4 [00:00<?, ?it/s][A
Validation DataLoader 0:   0%|          | 0/4 [00:00<?, ?it/s][Atensor(2.3451, device='cuda:0')
tensor(0.1569, device='cuda:0')

Validation DataLoader 0:  25%|██▌       | 1/4 [00:01<00:04,  0.65it/s][Atensor(2.3532, device='cuda:0')
tensor(-0.5071, device='cuda:0')

Validation DataLoader 0:  50%|█████     | 2/4 [00:03<00:03,  0.65it/s][Atensor(2.3724, device='cuda:0')
tensor(-0.4614, device='cuda:0')

Validation DataLoader 0:  75%|███████▌  | 3/4 [00:04<00:01,  0.64it/s][Atensor(2.0912, device='cuda:0')
tensor(0.1407, device='cuda:0')

Validation DataLoader 0: 100%|██████████| 4/4 [00:05<00:00,  0.76it/s][A
==================================================
Stage: VAL
Predicted class distribution: 0s = 104, 1s = 3
Actual label distribution:    0s = 80, 1s = 27
Actual Imbalance Ratio (0:1): 2.96:1
==================================================
✅ Model is predicting both classes.
Saved test predictions and probabilities to validation_results_fold_final.xlsx

                                                                      [AEpoch 38: 100%|██████████| 10/10 [01:12<00:00,  0.14it/s, v_num=ettq, train_loss_step=-0.00236, val_loss=0.742, train_loss_epoch=0.0944]Epoch 38: 100%|██████████| 10/10 [01:12<00:00,  0.14it/s, v_num=ettq, train_loss_step=-0.00236, val_loss=0.742, train_loss_epoch=0.0745]Epoch 38:   0%|          | 0/10 [00:00<?, ?it/s, v_num=ettq, train_loss_step=-0.00236, val_loss=0.742, train_loss_epoch=0.0745]         Epoch 39:   0%|          | 0/10 [00:00<?, ?it/s, v_num=ettq, train_loss_step=-0.00236, val_loss=0.742, train_loss_epoch=0.0745]SUCCESS: vision_encoder.blocks.2.1.spatial_block.conv1.fn.dw.weight is Updating! Grad Norm: 1.002480
Epoch 39:  10%|█         | 1/10 [00:07<01:11,  0.13it/s, v_num=ettq, train_loss_step=-0.00236, val_loss=0.742, train_loss_epoch=0.0745]Epoch 39:  10%|█         | 1/10 [00:07<01:11,  0.13it/s, v_num=ettq, train_loss_step=0.321, val_loss=0.742, train_loss_epoch=0.0745]   SUCCESS: vision_encoder.blocks.2.1.spatial_block.conv1.fn.dw.weight is Updating! Grad Norm: 0.088194
Epoch 39:  20%|██        | 2/10 [00:14<00:57,  0.14it/s, v_num=ettq, train_loss_step=0.321, val_loss=0.742, train_loss_epoch=0.0745]Epoch 39:  20%|██        | 2/10 [00:14<00:58,  0.14it/s, v_num=ettq, train_loss_step=-0.0171, val_loss=0.742, train_loss_epoch=0.0745]SUCCESS: vision_encoder.blocks.2.1.spatial_block.conv1.fn.dw.weight is Updating! Grad Norm: 0.073069
Epoch 39:  30%|███       | 3/10 [00:21<00:49,  0.14it/s, v_num=ettq, train_loss_step=-0.0171, val_loss=0.742, train_loss_epoch=0.0745]Epoch 39:  30%|███       | 3/10 [00:21<00:49,  0.14it/s, v_num=ettq, train_loss_step=-0.0373, val_loss=0.742, train_loss_epoch=0.0745]SUCCESS: vision_encoder.blocks.2.1.spatial_block.conv1.fn.dw.weight is Updating! Grad Norm: 0.086016
Epoch 39:  40%|████      | 4/10 [00:27<00:41,  0.15it/s, v_num=ettq, train_loss_step=-0.0373, val_loss=0.742, train_loss_epoch=0.0745]Epoch 39:  40%|████      | 4/10 [00:27<00:41,  0.15it/s, v_num=ettq, train_loss_step=0.0902, val_loss=0.742, train_loss_epoch=0.0745] SUCCESS: vision_encoder.blocks.2.1.spatial_block.conv1.fn.dw.weight is Updating! Grad Norm: 0.261206
Epoch 39:  50%|█████     | 5/10 [00:34<00:34,  0.15it/s, v_num=ettq, train_loss_step=0.0902, val_loss=0.742, train_loss_epoch=0.0745]Epoch 39:  50%|█████     | 5/10 [00:34<00:34,  0.15it/s, v_num=ettq, train_loss_step=-0.0197, val_loss=0.742, train_loss_epoch=0.0745]SUCCESS: vision_encoder.blocks.2.1.spatial_block.conv1.fn.dw.weight is Updating! Grad Norm: 0.116060
Epoch 39:  60%|██████    | 6/10 [00:40<00:27,  0.15it/s, v_num=ettq, train_loss_step=-0.0197, val_loss=0.742, train_loss_epoch=0.0745]Epoch 39:  60%|██████    | 6/10 [00:40<00:27,  0.15it/s, v_num=ettq, train_loss_step=0.014, val_loss=0.742, train_loss_epoch=0.0745]  SUCCESS: vision_encoder.blocks.2.1.spatial_block.conv1.fn.dw.weight is Updating! Grad Norm: 0.115996
Epoch 39:  70%|███████   | 7/10 [00:47<00:20,  0.15it/s, v_num=ettq, train_loss_step=0.014, val_loss=0.742, train_loss_epoch=0.0745]Epoch 39:  70%|███████   | 7/10 [00:47<00:20,  0.15it/s, v_num=ettq, train_loss_step=0.134, val_loss=0.742, train_loss_epoch=0.0745]SUCCESS: vision_encoder.blocks.2.1.spatial_block.conv1.fn.dw.weight is Updating! Grad Norm: 0.200744
Epoch 39:  80%|████████  | 8/10 [00:53<00:13,  0.15it/s, v_num=ettq, train_loss_step=0.134, val_loss=0.742, train_loss_epoch=0.0745]Epoch 39:  80%|████████  | 8/10 [00:53<00:13,  0.15it/s, v_num=ettq, train_loss_step=0.118, val_loss=0.742, train_loss_epoch=0.0745]SUCCESS: vision_encoder.blocks.2.1.spatial_block.conv1.fn.dw.weight is Updating! Grad Norm: 0.134344
Epoch 39:  90%|█████████ | 9/10 [01:00<00:06,  0.15it/s, v_num=ettq, train_loss_step=0.118, val_loss=0.742, train_loss_epoch=0.0745]Epoch 39:  90%|█████████ | 9/10 [01:00<00:06,  0.15it/s, v_num=ettq, train_loss_step=-0.0463, val_loss=0.742, train_loss_epoch=0.0745]SUCCESS: vision_encoder.blocks.2.1.spatial_block.conv1.fn.dw.weight is Updating! Grad Norm: 0.117893
Epoch 39: 100%|██████████| 10/10 [01:06<00:00,  0.15it/s, v_num=ettq, train_loss_step=-0.0463, val_loss=0.742, train_loss_epoch=0.0745]Epoch 39: 100%|██████████| 10/10 [01:06<00:00,  0.15it/s, v_num=ettq, train_loss_step=0.178, val_loss=0.742, train_loss_epoch=0.0745]  
Validation: |          | 0/? [00:00<?, ?it/s][A
Validation:   0%|          | 0/4 [00:00<?, ?it/s][A
Validation DataLoader 0:   0%|          | 0/4 [00:00<?, ?it/s][Atensor(2.3335, device='cuda:0')
tensor(-0.8676, device='cuda:0')

Validation DataLoader 0:  25%|██▌       | 1/4 [00:01<00:04,  0.65it/s][Atensor(2.3764, device='cuda:0')
tensor(-0.6783, device='cuda:0')

Validation DataLoader 0:  50%|█████     | 2/4 [00:03<00:03,  0.65it/s][Atensor(2.4718, device='cuda:0')
tensor(-0.6647, device='cuda:0')

Validation DataLoader 0:  75%|███████▌  | 3/4 [00:04<00:01,  0.64it/s][Atensor(2.1135, device='cuda:0')
tensor(0.0252, device='cuda:0')

Validation DataLoader 0: 100%|██████████| 4/4 [00:05<00:00,  0.76it/s][A
==================================================
Stage: VAL
Predicted class distribution: 0s = 89, 1s = 18
Actual label distribution:    0s = 80, 1s = 27
Actual Imbalance Ratio (0:1): 2.96:1
==================================================
✅ Model is predicting both classes.
Saved test predictions and probabilities to validation_results_fold_final.xlsx

                                                                      [AEpoch 39: 100%|██████████| 10/10 [01:12<00:00,  0.14it/s, v_num=ettq, train_loss_step=0.178, val_loss=0.721, train_loss_epoch=0.0745]Epoch 39: 100%|██████████| 10/10 [01:12<00:00,  0.14it/s, v_num=ettq, train_loss_step=0.178, val_loss=0.721, train_loss_epoch=0.0734]Epoch 39:   0%|          | 0/10 [00:00<?, ?it/s, v_num=ettq, train_loss_step=0.178, val_loss=0.721, train_loss_epoch=0.0734]         Epoch 40:   0%|          | 0/10 [00:00<?, ?it/s, v_num=ettq, train_loss_step=0.178, val_loss=0.721, train_loss_epoch=0.0734]SUCCESS: vision_encoder.blocks.2.1.spatial_block.conv1.fn.dw.weight is Updating! Grad Norm: 0.179561
Epoch 40:  10%|█         | 1/10 [00:07<01:09,  0.13it/s, v_num=ettq, train_loss_step=0.178, val_loss=0.721, train_loss_epoch=0.0734]Epoch 40:  10%|█         | 1/10 [00:07<01:09,  0.13it/s, v_num=ettq, train_loss_step=0.0574, val_loss=0.721, train_loss_epoch=0.0734]SUCCESS: vision_encoder.blocks.2.1.spatial_block.conv1.fn.dw.weight is Updating! Grad Norm: 0.230479
Epoch 40:  20%|██        | 2/10 [00:14<00:56,  0.14it/s, v_num=ettq, train_loss_step=0.0574, val_loss=0.721, train_loss_epoch=0.0734]Epoch 40:  20%|██        | 2/10 [00:14<00:56,  0.14it/s, v_num=ettq, train_loss_step=0.129, val_loss=0.721, train_loss_epoch=0.0734] SUCCESS: vision_encoder.blocks.2.1.spatial_block.conv1.fn.dw.weight is Updating! Grad Norm: 0.094090
Epoch 40:  30%|███       | 3/10 [00:20<00:48,  0.14it/s, v_num=ettq, train_loss_step=0.129, val_loss=0.721, train_loss_epoch=0.0734]Epoch 40:  30%|███       | 3/10 [00:20<00:48,  0.14it/s, v_num=ettq, train_loss_step=0.0879, val_loss=0.721, train_loss_epoch=0.0734]SUCCESS: vision_encoder.blocks.2.1.spatial_block.conv1.fn.dw.weight is Updating! Grad Norm: 0.102032
Epoch 40:  40%|████      | 4/10 [00:27<00:40,  0.15it/s, v_num=ettq, train_loss_step=0.0879, val_loss=0.721, train_loss_epoch=0.0734]Epoch 40:  40%|████      | 4/10 [00:27<00:40,  0.15it/s, v_num=ettq, train_loss_step=-0.000793, val_loss=0.721, train_loss_epoch=0.0734]SUCCESS: vision_encoder.blocks.2.1.spatial_block.conv1.fn.dw.weight is Updating! Grad Norm: 0.088878
Epoch 40:  50%|█████     | 5/10 [00:33<00:33,  0.15it/s, v_num=ettq, train_loss_step=-0.000793, val_loss=0.721, train_loss_epoch=0.0734]Epoch 40:  50%|█████     | 5/10 [00:33<00:33,  0.15it/s, v_num=ettq, train_loss_step=-0.00892, val_loss=0.721, train_loss_epoch=0.0734] SUCCESS: vision_encoder.blocks.2.1.spatial_block.conv1.fn.dw.weight is Updating! Grad Norm: 0.065186
Epoch 40:  60%|██████    | 6/10 [00:40<00:26,  0.15it/s, v_num=ettq, train_loss_step=-0.00892, val_loss=0.721, train_loss_epoch=0.0734]Epoch 40:  60%|██████    | 6/10 [00:40<00:26,  0.15it/s, v_num=ettq, train_loss_step=-0.127, val_loss=0.721, train_loss_epoch=0.0734]  SUCCESS: vision_encoder.blocks.2.1.spatial_block.conv1.fn.dw.weight is Updating! Grad Norm: 0.061640
Epoch 40:  70%|███████   | 7/10 [00:46<00:20,  0.15it/s, v_num=ettq, train_loss_step=-0.127, val_loss=0.721, train_loss_epoch=0.0734]Epoch 40:  70%|███████   | 7/10 [00:46<00:20,  0.15it/s, v_num=ettq, train_loss_step=-0.0176, val_loss=0.721, train_loss_epoch=0.0734]SUCCESS: vision_encoder.blocks.2.1.spatial_block.conv1.fn.dw.weight is Updating! Grad Norm: 0.085407
Epoch 40:  80%|████████  | 8/10 [00:53<00:13,  0.15it/s, v_num=ettq, train_loss_step=-0.0176, val_loss=0.721, train_loss_epoch=0.0734]Epoch 40:  80%|████████  | 8/10 [00:53<00:13,  0.15it/s, v_num=ettq, train_loss_step=-0.0335, val_loss=0.721, train_loss_epoch=0.0734]SUCCESS: vision_encoder.blocks.2.1.spatial_block.conv1.fn.dw.weight is Updating! Grad Norm: 0.082800
Epoch 40:  90%|█████████ | 9/10 [00:59<00:06,  0.15it/s, v_num=ettq, train_loss_step=-0.0335, val_loss=0.721, train_loss_epoch=0.0734]Epoch 40:  90%|█████████ | 9/10 [00:59<00:06,  0.15it/s, v_num=ettq, train_loss_step=0.00706, val_loss=0.721, train_loss_epoch=0.0734]SUCCESS: vision_encoder.blocks.2.1.spatial_block.conv1.fn.dw.weight is Updating! Grad Norm: 0.140575
Epoch 40: 100%|██████████| 10/10 [01:06<00:00,  0.15it/s, v_num=ettq, train_loss_step=0.00706, val_loss=0.721, train_loss_epoch=0.0734]Epoch 40: 100%|██████████| 10/10 [01:06<00:00,  0.15it/s, v_num=ettq, train_loss_step=0.0101, val_loss=0.721, train_loss_epoch=0.0734] 
Validation: |          | 0/? [00:00<?, ?it/s][A
Validation:   0%|          | 0/4 [00:00<?, ?it/s][A
Validation DataLoader 0:   0%|          | 0/4 [00:00<?, ?it/s][Atensor(2.4363, device='cuda:0')
tensor(-0.7517, device='cuda:0')

Validation DataLoader 0:  25%|██▌       | 1/4 [00:01<00:04,  0.65it/s][Atensor(2.5080, device='cuda:0')
tensor(-0.7240, device='cuda:0')

Validation DataLoader 0:  50%|█████     | 2/4 [00:03<00:03,  0.65it/s][Atensor(2.5196, device='cuda:0')
tensor(-0.6914, device='cuda:0')

Validation DataLoader 0:  75%|███████▌  | 3/4 [00:04<00:01,  0.64it/s][Atensor(2.1985, device='cuda:0')
tensor(0.1838, device='cuda:0')

Validation DataLoader 0: 100%|██████████| 4/4 [00:05<00:00,  0.76it/s][A
==================================================
Stage: VAL
Predicted class distribution: 0s = 99, 1s = 8
Actual label distribution:    0s = 80, 1s = 27
Actual Imbalance Ratio (0:1): 2.96:1
==================================================
✅ Model is predicting both classes.
Saved test predictions and probabilities to validation_results_fold_final.xlsx

                                                                      [AEpoch 40: 100%|██████████| 10/10 [01:12<00:00,  0.14it/s, v_num=ettq, train_loss_step=0.0101, val_loss=0.804, train_loss_epoch=0.0734]Epoch 40: 100%|██████████| 10/10 [01:12<00:00,  0.14it/s, v_num=ettq, train_loss_step=0.0101, val_loss=0.804, train_loss_epoch=0.0104]Epoch 40: 100%|██████████| 10/10 [01:12<00:00,  0.14it/s, v_num=ettq, train_loss_step=0.0101, val_loss=0.804, train_loss_epoch=0.0104]
Testing: |          | 0/? [00:00<?, ?it/s]Testing:   0%|          | 0/3 [00:00<?, ?it/s]Testing DataLoader 0:   0%|          | 0/3 [00:00<?, ?it/s]Testing DataLoader 0:  33%|███▎      | 1/3 [00:01<00:03,  0.66it/s]Testing DataLoader 0:  67%|██████▋   | 2/3 [00:03<00:01,  0.65it/s]Testing DataLoader 0: 100%|██████████| 3/3 [00:03<00:00,  0.77it/s]Saved test predictions and probabilities to test_results_fold_final.xlsx

==================================================
Stage: TEST
Predicted class distribution: 0s = 74, 1s = 6
Actual label distribution:    0s = 60, 1s = 20
Actual Imbalance Ratio (0:1): 3.00:1
==================================================
✅ Model is predicting both classes.
Testing DataLoader 0: 100%|██████████| 3/3 [00:04<00:00,  0.73it/s]
┏━━━━━━━━━━━━━━━━━━━━━━━━━━━┳━━━━━━━━━━━━━━━━━━━━━━━━━━━┓
┃        Test metric        ┃       DataLoader 0        ┃
┡━━━━━━━━━━━━━━━━━━━━━━━━━━━╇━━━━━━━━━━━━━━━━━━━━━━━━━━━┩
│        test_auroc         │    0.6018518209457397     │
│     test_balanced_acc     │    0.4833333492279053     │
│        test_cindex        │    0.5989385843276978     │
│       test_f1_score       │    0.07692307978868484    │
│         test_ibs          │    0.13025857508182526    │
│      test_precision       │    0.45495495200157166    │
│        test_recall        │    0.4833333492279053     │
└───────────────────────────┴───────────────────────────┘

====================== STARTING FOLD 2/3 ======================
The model has 360,919,554 trainable parameters.
Sanity Checking: |          | 0/? [00:00<?, ?it/s]Sanity Checking:   0%|          | 0/2 [00:00<?, ?it/s]Sanity Checking DataLoader 0:   0%|          | 0/2 [00:00<?, ?it/s]tensor(0.2256, device='cuda:0')
tensor(-0.2730, device='cuda:0')
Sanity Checking DataLoader 0:  50%|█████     | 1/2 [00:01<00:01,  0.66it/s]tensor(0.2453, device='cuda:0')
tensor(-0.2269, device='cuda:0')
Sanity Checking DataLoader 0: 100%|██████████| 2/2 [00:03<00:00,  0.65it/s]
==================================================
Stage: VAL
Predicted class distribution: 0s = 0, 1s = 64
Actual label distribution:    0s = 48, 1s = 16
Actual Imbalance Ratio (0:1): 3.00:1
==================================================
⚠️ Model is predicting only class 1 (minority class). It is ignoring the majority class!
Saved test predictions and probabilities to validation_results_fold_final.xlsx
                                                                           Training: |          | 0/? [00:00<?, ?it/s]Training:   0%|          | 0/10 [00:00<?, ?it/s]Epoch 0:   0%|          | 0/10 [00:00<?, ?it/s] 🔥 Successfully training: convs.0.proj.weight
SUCCESS: vision_encoder.blocks.2.1.spatial_block.conv1.fn.dw.weight is Updating! Grad Norm: 0.057587
Epoch 0:  10%|█         | 1/10 [00:07<01:09,  0.13it/s]Epoch 0:  10%|█         | 1/10 [00:07<01:09,  0.13it/s, v_num=h5iu, train_loss_step=0.651]SUCCESS: vision_encoder.blocks.2.1.spatial_block.conv1.fn.dw.weight is Updating! Grad Norm: 0.046629
Epoch 0:  20%|██        | 2/10 [00:14<00:56,  0.14it/s, v_num=h5iu, train_loss_step=0.651]Epoch 0:  20%|██        | 2/10 [00:14<00:56,  0.14it/s, v_num=h5iu, train_loss_step=0.601]SUCCESS: vision_encoder.blocks.2.1.spatial_block.conv1.fn.dw.weight is Updating! Grad Norm: 0.038531
Epoch 0:  30%|███       | 3/10 [00:20<00:48,  0.15it/s, v_num=h5iu, train_loss_step=0.601]Epoch 0:  30%|███       | 3/10 [00:20<00:48,  0.14it/s, v_num=h5iu, train_loss_step=0.598]SUCCESS: vision_encoder.blocks.2.1.spatial_block.conv1.fn.dw.weight is Updating! Grad Norm: 0.043735
Epoch 0:  40%|████      | 4/10 [00:27<00:40,  0.15it/s, v_num=h5iu, train_loss_step=0.598]Epoch 0:  40%|████      | 4/10 [00:27<00:40,  0.15it/s, v_num=h5iu, train_loss_step=0.608]SUCCESS: vision_encoder.blocks.2.1.spatial_block.conv1.fn.dw.weight is Updating! Grad Norm: 0.049664
Epoch 0:  50%|█████     | 5/10 [00:33<00:33,  0.15it/s, v_num=h5iu, train_loss_step=0.608]Epoch 0:  50%|█████     | 5/10 [00:33<00:33,  0.15it/s, v_num=h5iu, train_loss_step=0.602]SUCCESS: vision_encoder.blocks.2.1.spatial_block.conv1.fn.dw.weight is Updating! Grad Norm: 0.059503
Epoch 0:  60%|██████    | 6/10 [00:40<00:26,  0.15it/s, v_num=h5iu, train_loss_step=0.602]Epoch 0:  60%|██████    | 6/10 [00:40<00:26,  0.15it/s, v_num=h5iu, train_loss_step=0.657]SUCCESS: vision_encoder.blocks.2.1.spatial_block.conv1.fn.dw.weight is Updating! Grad Norm: 0.046811
Epoch 0:  70%|███████   | 7/10 [00:46<00:20,  0.15it/s, v_num=h5iu, train_loss_step=0.657]Epoch 0:  70%|███████   | 7/10 [00:46<00:20,  0.15it/s, v_num=h5iu, train_loss_step=0.626]SUCCESS: vision_encoder.blocks.2.1.spatial_block.conv1.fn.dw.weight is Updating! Grad Norm: 0.049692
Epoch 0:  80%|████████  | 8/10 [00:53<00:13,  0.15it/s, v_num=h5iu, train_loss_step=0.626]Epoch 0:  80%|████████  | 8/10 [00:53<00:13,  0.15it/s, v_num=h5iu, train_loss_step=0.499]SUCCESS: vision_encoder.blocks.2.1.spatial_block.conv1.fn.dw.weight is Updating! Grad Norm: 0.093332
Epoch 0:  90%|█████████ | 9/10 [00:59<00:06,  0.15it/s, v_num=h5iu, train_loss_step=0.499]Epoch 0:  90%|█████████ | 9/10 [00:59<00:06,  0.15it/s, v_num=h5iu, train_loss_step=0.542]SUCCESS: vision_encoder.blocks.2.1.spatial_block.conv1.fn.dw.weight is Updating! Grad Norm: 0.053127
Epoch 0: 100%|██████████| 10/10 [01:06<00:00,  0.15it/s, v_num=h5iu, train_loss_step=0.542]Epoch 0: 100%|██████████| 10/10 [01:06<00:00,  0.15it/s, v_num=h5iu, train_loss_step=0.573]
Validation: |          | 0/? [00:00<?, ?it/s][A
Validation:   0%|          | 0/4 [00:00<?, ?it/s][A
Validation DataLoader 0:   0%|          | 0/4 [00:00<?, ?it/s][Atensor(0.2557, device='cuda:0')
tensor(-0.1662, device='cuda:0')

Validation DataLoader 0:  25%|██▌       | 1/4 [00:01<00:04,  0.65it/s][Atensor(0.2318, device='cuda:0')
tensor(-0.1730, device='cuda:0')

Validation DataLoader 0:  50%|█████     | 2/4 [00:03<00:03,  0.65it/s][Atensor(0.2355, device='cuda:0')
tensor(-0.1216, device='cuda:0')

Validation DataLoader 0:  75%|███████▌  | 3/4 [00:04<00:01,  0.64it/s][Atensor(0.2489, device='cuda:0')
tensor(-0.1240, device='cuda:0')

Validation DataLoader 0: 100%|██████████| 4/4 [00:05<00:00,  0.76it/s][A
==================================================
Stage: VAL
Predicted class distribution: 0s = 1, 1s = 106
Actual label distribution:    0s = 80, 1s = 27
Actual Imbalance Ratio (0:1): 2.96:1
==================================================
✅ Model is predicting both classes.
Saved test predictions and probabilities to validation_results_fold_final.xlsx

                                                                      [AEpoch 0: 100%|██████████| 10/10 [01:12<00:00,  0.14it/s, v_num=h5iu, train_loss_step=0.573, val_loss=0.658]Epoch 0: 100%|██████████| 10/10 [01:12<00:00,  0.14it/s, v_num=h5iu, train_loss_step=0.573, val_loss=0.658, train_loss_epoch=0.596]Epoch 0:   0%|          | 0/10 [00:00<?, ?it/s, v_num=h5iu, train_loss_step=0.573, val_loss=0.658, train_loss_epoch=0.596]         Epoch 1:   0%|          | 0/10 [00:00<?, ?it/s, v_num=h5iu, train_loss_step=0.573, val_loss=0.658, train_loss_epoch=0.596]SUCCESS: vision_encoder.blocks.2.1.spatial_block.conv1.fn.dw.weight is Updating! Grad Norm: 0.051458
Epoch 1:  10%|█         | 1/10 [00:08<01:15,  0.12it/s, v_num=h5iu, train_loss_step=0.573, val_loss=0.658, train_loss_epoch=0.596]Epoch 1:  10%|█         | 1/10 [00:08<01:15,  0.12it/s, v_num=h5iu, train_loss_step=0.573, val_loss=0.658, train_loss_epoch=0.596]SUCCESS: vision_encoder.blocks.2.1.spatial_block.conv1.fn.dw.weight is Updating! Grad Norm: 0.046041
Epoch 1:  20%|██        | 2/10 [00:14<00:59,  0.14it/s, v_num=h5iu, train_loss_step=0.573, val_loss=0.658, train_loss_epoch=0.596]Epoch 1:  20%|██        | 2/10 [00:14<00:59,  0.13it/s, v_num=h5iu, train_loss_step=0.605, val_loss=0.658, train_loss_epoch=0.596]SUCCESS: vision_encoder.blocks.2.1.spatial_block.conv1.fn.dw.weight is Updating! Grad Norm: 0.055437
Epoch 1:  30%|███       | 3/10 [00:21<00:49,  0.14it/s, v_num=h5iu, train_loss_step=0.605, val_loss=0.658, train_loss_epoch=0.596]Epoch 1:  30%|███       | 3/10 [00:21<00:49,  0.14it/s, v_num=h5iu, train_loss_step=0.526, val_loss=0.658, train_loss_epoch=0.596]SUCCESS: vision_encoder.blocks.2.1.spatial_block.conv1.fn.dw.weight is Updating! Grad Norm: 0.052387
Epoch 1:  40%|████      | 4/10 [00:27<00:41,  0.14it/s, v_num=h5iu, train_loss_step=0.526, val_loss=0.658, train_loss_epoch=0.596]Epoch 1:  40%|████      | 4/10 [00:27<00:41,  0.14it/s, v_num=h5iu, train_loss_step=0.638, val_loss=0.658, train_loss_epoch=0.596]SUCCESS: vision_encoder.blocks.2.1.spatial_block.conv1.fn.dw.weight is Updating! Grad Norm: 0.052437
Epoch 1:  50%|█████     | 5/10 [00:34<00:34,  0.15it/s, v_num=h5iu, train_loss_step=0.638, val_loss=0.658, train_loss_epoch=0.596]Epoch 1:  50%|█████     | 5/10 [00:34<00:34,  0.15it/s, v_num=h5iu, train_loss_step=0.559, val_loss=0.658, train_loss_epoch=0.596]SUCCESS: vision_encoder.blocks.2.1.spatial_block.conv1.fn.dw.weight is Updating! Grad Norm: 0.096471
Epoch 1:  60%|██████    | 6/10 [00:40<00:27,  0.15it/s, v_num=h5iu, train_loss_step=0.559, val_loss=0.658, train_loss_epoch=0.596]Epoch 1:  60%|██████    | 6/10 [00:40<00:27,  0.15it/s, v_num=h5iu, train_loss_step=0.542, val_loss=0.658, train_loss_epoch=0.596]SUCCESS: vision_encoder.blocks.2.1.spatial_block.conv1.fn.dw.weight is Updating! Grad Norm: 0.053028
Epoch 1:  70%|███████   | 7/10 [00:47<00:20,  0.15it/s, v_num=h5iu, train_loss_step=0.542, val_loss=0.658, train_loss_epoch=0.596]Epoch 1:  70%|███████   | 7/10 [00:47<00:20,  0.15it/s, v_num=h5iu, train_loss_step=0.592, val_loss=0.658, train_loss_epoch=0.596]SUCCESS: vision_encoder.blocks.2.1.spatial_block.conv1.fn.dw.weight is Updating! Grad Norm: 0.037278
Epoch 1:  80%|████████  | 8/10 [00:53<00:13,  0.15it/s, v_num=h5iu, train_loss_step=0.592, val_loss=0.658, train_loss_epoch=0.596]Epoch 1:  80%|████████  | 8/10 [00:53<00:13,  0.15it/s, v_num=h5iu, train_loss_step=0.639, val_loss=0.658, train_loss_epoch=0.596]SUCCESS: vision_encoder.blocks.2.1.spatial_block.conv1.fn.dw.weight is Updating! Grad Norm: 0.047345
Epoch 1:  90%|█████████ | 9/10 [01:00<00:06,  0.15it/s, v_num=h5iu, train_loss_step=0.639, val_loss=0.658, train_loss_epoch=0.596]Epoch 1:  90%|█████████ | 9/10 [01:00<00:06,  0.15it/s, v_num=h5iu, train_loss_step=0.654, val_loss=0.658, train_loss_epoch=0.596]SUCCESS: vision_encoder.blocks.2.1.spatial_block.conv1.fn.dw.weight is Updating! Grad Norm: 0.059698
Epoch 1: 100%|██████████| 10/10 [01:06<00:00,  0.15it/s, v_num=h5iu, train_loss_step=0.654, val_loss=0.658, train_loss_epoch=0.596]Epoch 1: 100%|██████████| 10/10 [01:06<00:00,  0.15it/s, v_num=h5iu, train_loss_step=0.520, val_loss=0.658, train_loss_epoch=0.596]
Validation: |          | 0/? [00:00<?, ?it/s][A
Validation:   0%|          | 0/4 [00:00<?, ?it/s][A
Validation DataLoader 0:   0%|          | 0/4 [00:00<?, ?it/s][Atensor(0.3003, device='cuda:0')
tensor(-0.1641, device='cuda:0')

Validation DataLoader 0:  25%|██▌       | 1/4 [00:01<00:04,  0.65it/s][Atensor(0.2751, device='cuda:0')
tensor(-0.1614, device='cuda:0')

Validation DataLoader 0:  50%|█████     | 2/4 [00:03<00:03,  0.65it/s][Atensor(0.2827, device='cuda:0')
tensor(-0.1402, device='cuda:0')

Validation DataLoader 0:  75%|███████▌  | 3/4 [00:04<00:01,  0.65it/s][Atensor(0.3064, device='cuda:0')
tensor(-0.1297, device='cuda:0')

Validation DataLoader 0: 100%|██████████| 4/4 [00:05<00:00,  0.77it/s][A
==================================================
Stage: VAL
Predicted class distribution: 0s = 15, 1s = 92
Actual label distribution:    0s = 80, 1s = 27
Actual Imbalance Ratio (0:1): 2.96:1
==================================================
✅ Model is predicting both classes.
Saved test predictions and probabilities to validation_results_fold_final.xlsx

                                                                      [AEpoch 1: 100%|██████████| 10/10 [01:13<00:00,  0.14it/s, v_num=h5iu, train_loss_step=0.520, val_loss=0.638, train_loss_epoch=0.596]Epoch 1: 100%|██████████| 10/10 [01:13<00:00,  0.14it/s, v_num=h5iu, train_loss_step=0.520, val_loss=0.638, train_loss_epoch=0.585]Epoch 1:   0%|          | 0/10 [00:00<?, ?it/s, v_num=h5iu, train_loss_step=0.520, val_loss=0.638, train_loss_epoch=0.585]         Epoch 2:   0%|          | 0/10 [00:00<?, ?it/s, v_num=h5iu, train_loss_step=0.520, val_loss=0.638, train_loss_epoch=0.585]SUCCESS: vision_encoder.blocks.2.1.spatial_block.conv1.fn.dw.weight is Updating! Grad Norm: 0.057039
Epoch 2:  10%|█         | 1/10 [00:08<01:14,  0.12it/s, v_num=h5iu, train_loss_step=0.520, val_loss=0.638, train_loss_epoch=0.585]Epoch 2:  10%|█         | 1/10 [00:08<01:14,  0.12it/s, v_num=h5iu, train_loss_step=0.646, val_loss=0.638, train_loss_epoch=0.585]SUCCESS: vision_encoder.blocks.2.1.spatial_block.conv1.fn.dw.weight is Updating! Grad Norm: 0.049117
Epoch 2:  20%|██        | 2/10 [00:14<00:58,  0.14it/s, v_num=h5iu, train_loss_step=0.646, val_loss=0.638, train_loss_epoch=0.585]Epoch 2:  20%|██        | 2/10 [00:14<00:58,  0.14it/s, v_num=h5iu, train_loss_step=0.521, val_loss=0.638, train_loss_epoch=0.585]SUCCESS: vision_encoder.blocks.2.1.spatial_block.conv1.fn.dw.weight is Updating! Grad Norm: 0.048101
Epoch 2:  30%|███       | 3/10 [00:21<00:49,  0.14it/s, v_num=h5iu, train_loss_step=0.521, val_loss=0.638, train_loss_epoch=0.585]Epoch 2:  30%|███       | 3/10 [00:21<00:49,  0.14it/s, v_num=h5iu, train_loss_step=0.556, val_loss=0.638, train_loss_epoch=0.585]SUCCESS: vision_encoder.blocks.2.1.spatial_block.conv1.fn.dw.weight is Updating! Grad Norm: 0.032293
Epoch 2:  40%|████      | 4/10 [00:27<00:41,  0.14it/s, v_num=h5iu, train_loss_step=0.556, val_loss=0.638, train_loss_epoch=0.585]Epoch 2:  40%|████      | 4/10 [00:27<00:41,  0.14it/s, v_num=h5iu, train_loss_step=0.484, val_loss=0.638, train_loss_epoch=0.585]SUCCESS: vision_encoder.blocks.2.1.spatial_block.conv1.fn.dw.weight is Updating! Grad Norm: 0.055534
Epoch 2:  50%|█████     | 5/10 [00:34<00:34,  0.15it/s, v_num=h5iu, train_loss_step=0.484, val_loss=0.638, train_loss_epoch=0.585]Epoch 2:  50%|█████     | 5/10 [00:34<00:34,  0.15it/s, v_num=h5iu, train_loss_step=0.487, val_loss=0.638, train_loss_epoch=0.585]SUCCESS: vision_encoder.blocks.2.1.spatial_block.conv1.fn.dw.weight is Updating! Grad Norm: 0.042453
Epoch 2:  60%|██████    | 6/10 [00:40<00:27,  0.15it/s, v_num=h5iu, train_loss_step=0.487, val_loss=0.638, train_loss_epoch=0.585]Epoch 2:  60%|██████    | 6/10 [00:40<00:27,  0.15it/s, v_num=h5iu, train_loss_step=0.611, val_loss=0.638, train_loss_epoch=0.585]SUCCESS: vision_encoder.blocks.2.1.spatial_block.conv1.fn.dw.weight is Updating! Grad Norm: 0.035910
Epoch 2:  70%|███████   | 7/10 [00:47<00:20,  0.15it/s, v_num=h5iu, train_loss_step=0.611, val_loss=0.638, train_loss_epoch=0.585]Epoch 2:  70%|███████   | 7/10 [00:47<00:20,  0.15it/s, v_num=h5iu, train_loss_step=0.635, val_loss=0.638, train_loss_epoch=0.585]SUCCESS: vision_encoder.blocks.2.1.spatial_block.conv1.fn.dw.weight is Updating! Grad Norm: 0.042455
Epoch 2:  80%|████████  | 8/10 [00:53<00:13,  0.15it/s, v_num=h5iu, train_loss_step=0.635, val_loss=0.638, train_loss_epoch=0.585]Epoch 2:  80%|████████  | 8/10 [00:53<00:13,  0.15it/s, v_num=h5iu, train_loss_step=0.584, val_loss=0.638, train_loss_epoch=0.585]SUCCESS: vision_encoder.blocks.2.1.spatial_block.conv1.fn.dw.weight is Updating! Grad Norm: 0.069512
Epoch 2:  90%|█████████ | 9/10 [01:00<00:06,  0.15it/s, v_num=h5iu, train_loss_step=0.584, val_loss=0.638, train_loss_epoch=0.585]Epoch 2:  90%|█████████ | 9/10 [01:00<00:06,  0.15it/s, v_num=h5iu, train_loss_step=0.545, val_loss=0.638, train_loss_epoch=0.585]SUCCESS: vision_encoder.blocks.2.1.spatial_block.conv1.fn.dw.weight is Updating! Grad Norm: 0.041850
Epoch 2: 100%|██████████| 10/10 [01:06<00:00,  0.15it/s, v_num=h5iu, train_loss_step=0.545, val_loss=0.638, train_loss_epoch=0.585]Epoch 2: 100%|██████████| 10/10 [01:06<00:00,  0.15it/s, v_num=h5iu, train_loss_step=0.545, val_loss=0.638, train_loss_epoch=0.585]
Validation: |          | 0/? [00:00<?, ?it/s][A
Validation:   0%|          | 0/4 [00:00<?, ?it/s][A
Validation DataLoader 0:   0%|          | 0/4 [00:00<?, ?it/s][Atensor(0.3577, device='cuda:0')
tensor(-0.1598, device='cuda:0')

Validation DataLoader 0:  25%|██▌       | 1/4 [00:01<00:04,  0.65it/s][Atensor(0.3724, device='cuda:0')
tensor(-0.1698, device='cuda:0')

Validation DataLoader 0:  50%|█████     | 2/4 [00:03<00:03,  0.65it/s][Atensor(0.3716, device='cuda:0')
tensor(-0.1451, device='cuda:0')

Validation DataLoader 0:  75%|███████▌  | 3/4 [00:04<00:01,  0.65it/s][Atensor(0.3985, device='cuda:0')
tensor(-0.1092, device='cuda:0')

Validation DataLoader 0: 100%|██████████| 4/4 [00:05<00:00,  0.77it/s][A
==================================================
Stage: VAL
Predicted class distribution: 0s = 38, 1s = 69
Actual label distribution:    0s = 80, 1s = 27
Actual Imbalance Ratio (0:1): 2.96:1
==================================================
✅ Model is predicting both classes.
Saved test predictions and probabilities to validation_results_fold_final.xlsx

                                                                      [AEpoch 2: 100%|██████████| 10/10 [01:13<00:00,  0.14it/s, v_num=h5iu, train_loss_step=0.545, val_loss=0.609, train_loss_epoch=0.585]Epoch 2: 100%|██████████| 10/10 [01:13<00:00,  0.14it/s, v_num=h5iu, train_loss_step=0.545, val_loss=0.609, train_loss_epoch=0.561]Epoch 2:   0%|          | 0/10 [00:00<?, ?it/s, v_num=h5iu, train_loss_step=0.545, val_loss=0.609, train_loss_epoch=0.561]         Epoch 3:   0%|          | 0/10 [00:00<?, ?it/s, v_num=h5iu, train_loss_step=0.545, val_loss=0.609, train_loss_epoch=0.561]SUCCESS: vision_encoder.blocks.2.1.spatial_block.conv1.fn.dw.weight is Updating! Grad Norm: 0.043141
Epoch 3:  10%|█         | 1/10 [00:08<01:14,  0.12it/s, v_num=h5iu, train_loss_step=0.545, val_loss=0.609, train_loss_epoch=0.561]Epoch 3:  10%|█         | 1/10 [00:08<01:14,  0.12it/s, v_num=h5iu, train_loss_step=0.500, val_loss=0.609, train_loss_epoch=0.561]SUCCESS: vision_encoder.blocks.2.1.spatial_block.conv1.fn.dw.weight is Updating! Grad Norm: 0.043256
Epoch 3:  20%|██        | 2/10 [00:14<00:58,  0.14it/s, v_num=h5iu, train_loss_step=0.500, val_loss=0.609, train_loss_epoch=0.561]Epoch 3:  20%|██        | 2/10 [00:14<00:58,  0.14it/s, v_num=h5iu, train_loss_step=0.558, val_loss=0.609, train_loss_epoch=0.561]SUCCESS: vision_encoder.blocks.2.1.spatial_block.conv1.fn.dw.weight is Updating! Grad Norm: 0.054992
Epoch 3:  30%|███       | 3/10 [00:21<00:49,  0.14it/s, v_num=h5iu, train_loss_step=0.558, val_loss=0.609, train_loss_epoch=0.561]Epoch 3:  30%|███       | 3/10 [00:21<00:49,  0.14it/s, v_num=h5iu, train_loss_step=0.477, val_loss=0.609, train_loss_epoch=0.561]SUCCESS: vision_encoder.blocks.2.1.spatial_block.conv1.fn.dw.weight is Updating! Grad Norm: 0.045825
Epoch 3:  40%|████      | 4/10 [00:27<00:41,  0.14it/s, v_num=h5iu, train_loss_step=0.477, val_loss=0.609, train_loss_epoch=0.561]Epoch 3:  40%|████      | 4/10 [00:27<00:41,  0.14it/s, v_num=h5iu, train_loss_step=0.550, val_loss=0.609, train_loss_epoch=0.561]SUCCESS: vision_encoder.blocks.2.1.spatial_block.conv1.fn.dw.weight is Updating! Grad Norm: 0.065704
Epoch 3:  50%|█████     | 5/10 [00:34<00:34,  0.15it/s, v_num=h5iu, train_loss_step=0.550, val_loss=0.609, train_loss_epoch=0.561]Epoch 3:  50%|█████     | 5/10 [00:34<00:34,  0.15it/s, v_num=h5iu, train_loss_step=0.420, val_loss=0.609, train_loss_epoch=0.561]SUCCESS: vision_encoder.blocks.2.1.spatial_block.conv1.fn.dw.weight is Updating! Grad Norm: 0.041678
Epoch 3:  60%|██████    | 6/10 [00:40<00:27,  0.15it/s, v_num=h5iu, train_loss_step=0.420, val_loss=0.609, train_loss_epoch=0.561]Epoch 3:  60%|██████    | 6/10 [00:40<00:27,  0.15it/s, v_num=h5iu, train_loss_step=0.572, val_loss=0.609, train_loss_epoch=0.561]SUCCESS: vision_encoder.blocks.2.1.spatial_block.conv1.fn.dw.weight is Updating! Grad Norm: 0.066954
Epoch 3:  70%|███████   | 7/10 [00:47<00:20,  0.15it/s, v_num=h5iu, train_loss_step=0.572, val_loss=0.609, train_loss_epoch=0.561]Epoch 3:  70%|███████   | 7/10 [00:47<00:20,  0.15it/s, v_num=h5iu, train_loss_step=0.457, val_loss=0.609, train_loss_epoch=0.561]SUCCESS: vision_encoder.blocks.2.1.spatial_block.conv1.fn.dw.weight is Updating! Grad Norm: 0.056745
Epoch 3:  80%|████████  | 8/10 [00:53<00:13,  0.15it/s, v_num=h5iu, train_loss_step=0.457, val_loss=0.609, train_loss_epoch=0.561]Epoch 3:  80%|████████  | 8/10 [00:53<00:13,  0.15it/s, v_num=h5iu, train_loss_step=0.558, val_loss=0.609, train_loss_epoch=0.561]SUCCESS: vision_encoder.blocks.2.1.spatial_block.conv1.fn.dw.weight is Updating! Grad Norm: 0.039610
Epoch 3:  90%|█████████ | 9/10 [00:59<00:06,  0.15it/s, v_num=h5iu, train_loss_step=0.558, val_loss=0.609, train_loss_epoch=0.561]Epoch 3:  90%|█████████ | 9/10 [00:59<00:06,  0.15it/s, v_num=h5iu, train_loss_step=0.614, val_loss=0.609, train_loss_epoch=0.561]SUCCESS: vision_encoder.blocks.2.1.spatial_block.conv1.fn.dw.weight is Updating! Grad Norm: 0.039071
Epoch 3: 100%|██████████| 10/10 [01:06<00:00,  0.15it/s, v_num=h5iu, train_loss_step=0.614, val_loss=0.609, train_loss_epoch=0.561]Epoch 3: 100%|██████████| 10/10 [01:06<00:00,  0.15it/s, v_num=h5iu, train_loss_step=0.577, val_loss=0.609, train_loss_epoch=0.561]
Validation: |          | 0/? [00:00<?, ?it/s][A
Validation:   0%|          | 0/4 [00:00<?, ?it/s][A
Validation DataLoader 0:   0%|          | 0/4 [00:00<?, ?it/s][Atensor(0.4582, device='cuda:0')
tensor(-0.1526, device='cuda:0')

Validation DataLoader 0:  25%|██▌       | 1/4 [00:01<00:04,  0.66it/s][Atensor(0.4551, device='cuda:0')
tensor(-0.1810, device='cuda:0')

Validation DataLoader 0:  50%|█████     | 2/4 [00:03<00:03,  0.65it/s][Atensor(0.4470, device='cuda:0')
tensor(-0.1445, device='cuda:0')

Validation DataLoader 0:  75%|███████▌  | 3/4 [00:04<00:01,  0.65it/s][Atensor(0.4781, device='cuda:0')
tensor(-0.0972, device='cuda:0')

Validation DataLoader 0: 100%|██████████| 4/4 [00:05<00:00,  0.77it/s][A
==================================================
Stage: VAL
Predicted class distribution: 0s = 54, 1s = 53
Actual label distribution:    0s = 80, 1s = 27
Actual Imbalance Ratio (0:1): 2.96:1
==================================================
✅ Model is predicting both classes.
Saved test predictions and probabilities to validation_results_fold_final.xlsx

                                                                      [AEpoch 3: 100%|██████████| 10/10 [01:12<00:00,  0.14it/s, v_num=h5iu, train_loss_step=0.577, val_loss=0.582, train_loss_epoch=0.561]Epoch 3: 100%|██████████| 10/10 [01:12<00:00,  0.14it/s, v_num=h5iu, train_loss_step=0.577, val_loss=0.582, train_loss_epoch=0.528]Epoch 3:   0%|          | 0/10 [00:00<?, ?it/s, v_num=h5iu, train_loss_step=0.577, val_loss=0.582, train_loss_epoch=0.528]         Epoch 4:   0%|          | 0/10 [00:00<?, ?it/s, v_num=h5iu, train_loss_step=0.577, val_loss=0.582, train_loss_epoch=0.528]SUCCESS: vision_encoder.blocks.2.1.spatial_block.conv1.fn.dw.weight is Updating! Grad Norm: 0.038175
Epoch 4:  10%|█         | 1/10 [00:08<01:12,  0.12it/s, v_num=h5iu, train_loss_step=0.577, val_loss=0.582, train_loss_epoch=0.528]Epoch 4:  10%|█         | 1/10 [00:08<01:12,  0.12it/s, v_num=h5iu, train_loss_step=0.576, val_loss=0.582, train_loss_epoch=0.528]SUCCESS: vision_encoder.blocks.2.1.spatial_block.conv1.fn.dw.weight is Updating! Grad Norm: 0.104280
Epoch 4:  20%|██        | 2/10 [00:14<00:57,  0.14it/s, v_num=h5iu, train_loss_step=0.576, val_loss=0.582, train_loss_epoch=0.528]Epoch 4:  20%|██        | 2/10 [00:14<00:57,  0.14it/s, v_num=h5iu, train_loss_step=0.518, val_loss=0.582, train_loss_epoch=0.528]SUCCESS: vision_encoder.blocks.2.1.spatial_block.conv1.fn.dw.weight is Updating! Grad Norm: 0.052648
Epoch 4:  30%|███       | 3/10 [00:20<00:48,  0.14it/s, v_num=h5iu, train_loss_step=0.518, val_loss=0.582, train_loss_epoch=0.528]Epoch 4:  30%|███       | 3/10 [00:20<00:48,  0.14it/s, v_num=h5iu, train_loss_step=0.418, val_loss=0.582, train_loss_epoch=0.528]SUCCESS: vision_encoder.blocks.2.1.spatial_block.conv1.fn.dw.weight is Updating! Grad Norm: 0.062441
Epoch 4:  40%|████      | 4/10 [00:27<00:41,  0.15it/s, v_num=h5iu, train_loss_step=0.418, val_loss=0.582, train_loss_epoch=0.528]Epoch 4:  40%|████      | 4/10 [00:27<00:41,  0.15it/s, v_num=h5iu, train_loss_step=0.524, val_loss=0.582, train_loss_epoch=0.528]SUCCESS: vision_encoder.blocks.2.1.spatial_block.conv1.fn.dw.weight is Updating! Grad Norm: 0.048421
Epoch 4:  50%|█████     | 5/10 [00:33<00:33,  0.15it/s, v_num=h5iu, train_loss_step=0.524, val_loss=0.582, train_loss_epoch=0.528]Epoch 4:  50%|█████     | 5/10 [00:33<00:33,  0.15it/s, v_num=h5iu, train_loss_step=0.496, val_loss=0.582, train_loss_epoch=0.528]SUCCESS: vision_encoder.blocks.2.1.spatial_block.conv1.fn.dw.weight is Updating! Grad Norm: 0.043560
Epoch 4:  60%|██████    | 6/10 [00:40<00:26,  0.15it/s, v_num=h5iu, train_loss_step=0.496, val_loss=0.582, train_loss_epoch=0.528]Epoch 4:  60%|██████    | 6/10 [00:40<00:26,  0.15it/s, v_num=h5iu, train_loss_step=0.536, val_loss=0.582, train_loss_epoch=0.528]SUCCESS: vision_encoder.blocks.2.1.spatial_block.conv1.fn.dw.weight is Updating! Grad Norm: 0.039852
Epoch 4:  70%|███████   | 7/10 [00:46<00:20,  0.15it/s, v_num=h5iu, train_loss_step=0.536, val_loss=0.582, train_loss_epoch=0.528]Epoch 4:  70%|███████   | 7/10 [00:46<00:20,  0.15it/s, v_num=h5iu, train_loss_step=0.508, val_loss=0.582, train_loss_epoch=0.528]SUCCESS: vision_encoder.blocks.2.1.spatial_block.conv1.fn.dw.weight is Updating! Grad Norm: 0.041616
Epoch 4:  80%|████████  | 8/10 [00:53<00:13,  0.15it/s, v_num=h5iu, train_loss_step=0.508, val_loss=0.582, train_loss_epoch=0.528]Epoch 4:  80%|████████  | 8/10 [00:53<00:13,  0.15it/s, v_num=h5iu, train_loss_step=0.565, val_loss=0.582, train_loss_epoch=0.528]SUCCESS: vision_encoder.blocks.2.1.spatial_block.conv1.fn.dw.weight is Updating! Grad Norm: 0.078090
Epoch 4:  90%|█████████ | 9/10 [00:59<00:06,  0.15it/s, v_num=h5iu, train_loss_step=0.565, val_loss=0.582, train_loss_epoch=0.528]Epoch 4:  90%|█████████ | 9/10 [00:59<00:06,  0.15it/s, v_num=h5iu, train_loss_step=0.490, val_loss=0.582, train_loss_epoch=0.528]SUCCESS: vision_encoder.blocks.2.1.spatial_block.conv1.fn.dw.weight is Updating! Grad Norm: 0.042028
Epoch 4: 100%|██████████| 10/10 [01:06<00:00,  0.15it/s, v_num=h5iu, train_loss_step=0.490, val_loss=0.582, train_loss_epoch=0.528]Epoch 4: 100%|██████████| 10/10 [01:06<00:00,  0.15it/s, v_num=h5iu, train_loss_step=0.519, val_loss=0.582, train_loss_epoch=0.528]
Validation: |          | 0/? [00:00<?, ?it/s][A
Validation:   0%|          | 0/4 [00:00<?, ?it/s][A
Validation DataLoader 0:   0%|          | 0/4 [00:00<?, ?it/s][Atensor(0.5449, device='cuda:0')
tensor(-0.1546, device='cuda:0')

Validation DataLoader 0:  25%|██▌       | 1/4 [00:01<00:04,  0.65it/s][Atensor(0.5270, device='cuda:0')
tensor(-0.1980, device='cuda:0')

Validation DataLoader 0:  50%|█████     | 2/4 [00:03<00:03,  0.65it/s][Atensor(0.5231, device='cuda:0')
tensor(-0.1389, device='cuda:0')

Validation DataLoader 0:  75%|███████▌  | 3/4 [00:04<00:01,  0.64it/s][Atensor(0.5409, device='cuda:0')
tensor(-0.0966, device='cuda:0')

Validation DataLoader 0: 100%|██████████| 4/4 [00:05<00:00,  0.77it/s][A
==================================================
Stage: VAL
Predicted class distribution: 0s = 70, 1s = 37
Actual label distribution:    0s = 80, 1s = 27
Actual Imbalance Ratio (0:1): 2.96:1
==================================================
✅ Model is predicting both classes.
Saved test predictions and probabilities to validation_results_fold_final.xlsx

                                                                      [AEpoch 4: 100%|██████████| 10/10 [01:12<00:00,  0.14it/s, v_num=h5iu, train_loss_step=0.519, val_loss=0.559, train_loss_epoch=0.528]Epoch 4: 100%|██████████| 10/10 [01:12<00:00,  0.14it/s, v_num=h5iu, train_loss_step=0.519, val_loss=0.559, train_loss_epoch=0.515]Epoch 4:   0%|          | 0/10 [00:00<?, ?it/s, v_num=h5iu, train_loss_step=0.519, val_loss=0.559, train_loss_epoch=0.515]         Epoch 5:   0%|          | 0/10 [00:00<?, ?it/s, v_num=h5iu, train_loss_step=0.519, val_loss=0.559, train_loss_epoch=0.515]SUCCESS: vision_encoder.blocks.2.1.spatial_block.conv1.fn.dw.weight is Updating! Grad Norm: 0.067733
Epoch 5:  10%|█         | 1/10 [00:08<01:14,  0.12it/s, v_num=h5iu, train_loss_step=0.519, val_loss=0.559, train_loss_epoch=0.515]Epoch 5:  10%|█         | 1/10 [00:08<01:15,  0.12it/s, v_num=h5iu, train_loss_step=0.523, val_loss=0.559, train_loss_epoch=0.515]SUCCESS: vision_encoder.blocks.2.1.spatial_block.conv1.fn.dw.weight is Updating! Grad Norm: 0.065401
Epoch 5:  20%|██        | 2/10 [00:14<00:59,  0.14it/s, v_num=h5iu, train_loss_step=0.523, val_loss=0.559, train_loss_epoch=0.515]Epoch 5:  20%|██        | 2/10 [00:14<00:59,  0.14it/s, v_num=h5iu, train_loss_step=0.547, val_loss=0.559, train_loss_epoch=0.515]SUCCESS: vision_encoder.blocks.2.1.spatial_block.conv1.fn.dw.weight is Updating! Grad Norm: 0.082515
Epoch 5:  30%|███       | 3/10 [00:21<00:49,  0.14it/s, v_num=h5iu, train_loss_step=0.547, val_loss=0.559, train_loss_epoch=0.515]Epoch 5:  30%|███       | 3/10 [00:21<00:49,  0.14it/s, v_num=h5iu, train_loss_step=0.495, val_loss=0.559, train_loss_epoch=0.515]SUCCESS: vision_encoder.blocks.2.1.spatial_block.conv1.fn.dw.weight is Updating! Grad Norm: 0.058550
Epoch 5:  40%|████      | 4/10 [00:27<00:41,  0.14it/s, v_num=h5iu, train_loss_step=0.495, val_loss=0.559, train_loss_epoch=0.515]Epoch 5:  40%|████      | 4/10 [00:27<00:41,  0.14it/s, v_num=h5iu, train_loss_step=0.418, val_loss=0.559, train_loss_epoch=0.515]SUCCESS: vision_encoder.blocks.2.1.spatial_block.conv1.fn.dw.weight is Updating! Grad Norm: 0.101103
Epoch 5:  50%|█████     | 5/10 [00:34<00:34,  0.15it/s, v_num=h5iu, train_loss_step=0.418, val_loss=0.559, train_loss_epoch=0.515]Epoch 5:  50%|█████     | 5/10 [00:34<00:34,  0.15it/s, v_num=h5iu, train_loss_step=0.574, val_loss=0.559, train_loss_epoch=0.515]SUCCESS: vision_encoder.blocks.2.1.spatial_block.conv1.fn.dw.weight is Updating! Grad Norm: 0.050680
Epoch 5:  60%|██████    | 6/10 [00:40<00:27,  0.15it/s, v_num=h5iu, train_loss_step=0.574, val_loss=0.559, train_loss_epoch=0.515]Epoch 5:  60%|██████    | 6/10 [00:40<00:27,  0.15it/s, v_num=h5iu, train_loss_step=0.492, val_loss=0.559, train_loss_epoch=0.515]SUCCESS: vision_encoder.blocks.2.1.spatial_block.conv1.fn.dw.weight is Updating! Grad Norm: 0.058743
Epoch 5:  70%|███████   | 7/10 [00:47<00:20,  0.15it/s, v_num=h5iu, train_loss_step=0.492, val_loss=0.559, train_loss_epoch=0.515]Epoch 5:  70%|███████   | 7/10 [00:47<00:20,  0.15it/s, v_num=h5iu, train_loss_step=0.425, val_loss=0.559, train_loss_epoch=0.515]SUCCESS: vision_encoder.blocks.2.1.spatial_block.conv1.fn.dw.weight is Updating! Grad Norm: 0.036698
Epoch 5:  80%|████████  | 8/10 [00:53<00:13,  0.15it/s, v_num=h5iu, train_loss_step=0.425, val_loss=0.559, train_loss_epoch=0.515]Epoch 5:  80%|████████  | 8/10 [00:53<00:13,  0.15it/s, v_num=h5iu, train_loss_step=0.519, val_loss=0.559, train_loss_epoch=0.515]SUCCESS: vision_encoder.blocks.2.1.spatial_block.conv1.fn.dw.weight is Updating! Grad Norm: 0.046079
Epoch 5:  90%|█████████ | 9/10 [01:00<00:06,  0.15it/s, v_num=h5iu, train_loss_step=0.519, val_loss=0.559, train_loss_epoch=0.515]Epoch 5:  90%|█████████ | 9/10 [01:00<00:06,  0.15it/s, v_num=h5iu, train_loss_step=0.494, val_loss=0.559, train_loss_epoch=0.515]SUCCESS: vision_encoder.blocks.2.1.spatial_block.conv1.fn.dw.weight is Updating! Grad Norm: 0.043141
Epoch 5: 100%|██████████| 10/10 [01:06<00:00,  0.15it/s, v_num=h5iu, train_loss_step=0.494, val_loss=0.559, train_loss_epoch=0.515]Epoch 5: 100%|██████████| 10/10 [01:06<00:00,  0.15it/s, v_num=h5iu, train_loss_step=0.602, val_loss=0.559, train_loss_epoch=0.515]
Validation: |          | 0/? [00:00<?, ?it/s][A
Validation:   0%|          | 0/4 [00:00<?, ?it/s][A
Validation DataLoader 0:   0%|          | 0/4 [00:00<?, ?it/s][Atensor(0.6206, device='cuda:0')
tensor(-0.1387, device='cuda:0')

Validation DataLoader 0:  25%|██▌       | 1/4 [00:01<00:04,  0.66it/s][Atensor(0.5876, device='cuda:0')
tensor(-0.1882, device='cuda:0')

Validation DataLoader 0:  50%|█████     | 2/4 [00:03<00:03,  0.65it/s][Atensor(0.5879, device='cuda:0')
tensor(-0.2176, device='cuda:0')

Validation DataLoader 0:  75%|███████▌  | 3/4 [00:04<00:01,  0.65it/s][Atensor(0.5799, device='cuda:0')
tensor(-0.1127, device='cuda:0')

Validation DataLoader 0: 100%|██████████| 4/4 [00:05<00:00,  0.77it/s][A
==================================================
Stage: VAL
Predicted class distribution: 0s = 71, 1s = 36
Actual label distribution:    0s = 80, 1s = 27
Actual Imbalance Ratio (0:1): 2.96:1
==================================================
✅ Model is predicting both classes.
Saved test predictions and probabilities to validation_results_fold_final.xlsx

                                                                      [AEpoch 5: 100%|██████████| 10/10 [01:13<00:00,  0.14it/s, v_num=h5iu, train_loss_step=0.602, val_loss=0.537, train_loss_epoch=0.515]Epoch 5: 100%|██████████| 10/10 [01:13<00:00,  0.14it/s, v_num=h5iu, train_loss_step=0.602, val_loss=0.537, train_loss_epoch=0.509]Epoch 5:   0%|          | 0/10 [00:00<?, ?it/s, v_num=h5iu, train_loss_step=0.602, val_loss=0.537, train_loss_epoch=0.509]         Epoch 6:   0%|          | 0/10 [00:00<?, ?it/s, v_num=h5iu, train_loss_step=0.602, val_loss=0.537, train_loss_epoch=0.509]SUCCESS: vision_encoder.blocks.2.1.spatial_block.conv1.fn.dw.weight is Updating! Grad Norm: 0.053622
Epoch 6:  10%|█         | 1/10 [00:08<01:14,  0.12it/s, v_num=h5iu, train_loss_step=0.602, val_loss=0.537, train_loss_epoch=0.509]Epoch 6:  10%|█         | 1/10 [00:08<01:14,  0.12it/s, v_num=h5iu, train_loss_step=0.504, val_loss=0.537, train_loss_epoch=0.509]SUCCESS: vision_encoder.blocks.2.1.spatial_block.conv1.fn.dw.weight is Updating! Grad Norm: 0.070428
Epoch 6:  20%|██        | 2/10 [00:14<00:58,  0.14it/s, v_num=h5iu, train_loss_step=0.504, val_loss=0.537, train_loss_epoch=0.509]Epoch 6:  20%|██        | 2/10 [00:14<00:58,  0.14it/s, v_num=h5iu, train_loss_step=0.416, val_loss=0.537, train_loss_epoch=0.509]SUCCESS: vision_encoder.blocks.2.1.spatial_block.conv1.fn.dw.weight is Updating! Grad Norm: 0.059758
Epoch 6:  30%|███       | 3/10 [00:21<00:49,  0.14it/s, v_num=h5iu, train_loss_step=0.416, val_loss=0.537, train_loss_epoch=0.509]Epoch 6:  30%|███       | 3/10 [00:21<00:49,  0.14it/s, v_num=h5iu, train_loss_step=0.512, val_loss=0.537, train_loss_epoch=0.509]SUCCESS: vision_encoder.blocks.2.1.spatial_block.conv1.fn.dw.weight is Updating! Grad Norm: 0.058093
Epoch 6:  40%|████      | 4/10 [00:27<00:41,  0.14it/s, v_num=h5iu, train_loss_step=0.512, val_loss=0.537, train_loss_epoch=0.509]Epoch 6:  40%|████      | 4/10 [00:27<00:41,  0.14it/s, v_num=h5iu, train_loss_step=0.499, val_loss=0.537, train_loss_epoch=0.509]SUCCESS: vision_encoder.blocks.2.1.spatial_block.conv1.fn.dw.weight is Updating! Grad Norm: 0.056306
Epoch 6:  50%|█████     | 5/10 [00:34<00:34,  0.15it/s, v_num=h5iu, train_loss_step=0.499, val_loss=0.537, train_loss_epoch=0.509]Epoch 6:  50%|█████     | 5/10 [00:34<00:34,  0.15it/s, v_num=h5iu, train_loss_step=0.451, val_loss=0.537, train_loss_epoch=0.509]SUCCESS: vision_encoder.blocks.2.1.spatial_block.conv1.fn.dw.weight is Updating! Grad Norm: 0.038946
Epoch 6:  60%|██████    | 6/10 [00:40<00:27,  0.15it/s, v_num=h5iu, train_loss_step=0.451, val_loss=0.537, train_loss_epoch=0.509]Epoch 6:  60%|██████    | 6/10 [00:40<00:27,  0.15it/s, v_num=h5iu, train_loss_step=0.484, val_loss=0.537, train_loss_epoch=0.509]SUCCESS: vision_encoder.blocks.2.1.spatial_block.conv1.fn.dw.weight is Updating! Grad Norm: 0.060898
Epoch 6:  70%|███████   | 7/10 [00:47<00:20,  0.15it/s, v_num=h5iu, train_loss_step=0.484, val_loss=0.537, train_loss_epoch=0.509]Epoch 6:  70%|███████   | 7/10 [00:47<00:20,  0.15it/s, v_num=h5iu, train_loss_step=0.486, val_loss=0.537, train_loss_epoch=0.509]SUCCESS: vision_encoder.blocks.2.1.spatial_block.conv1.fn.dw.weight is Updating! Grad Norm: 0.052217
Epoch 6:  80%|████████  | 8/10 [00:53<00:13,  0.15it/s, v_num=h5iu, train_loss_step=0.486, val_loss=0.537, train_loss_epoch=0.509]Epoch 6:  80%|████████  | 8/10 [00:53<00:13,  0.15it/s, v_num=h5iu, train_loss_step=0.464, val_loss=0.537, train_loss_epoch=0.509]SUCCESS: vision_encoder.blocks.2.1.spatial_block.conv1.fn.dw.weight is Updating! Grad Norm: 0.051356
Epoch 6:  90%|█████████ | 9/10 [01:00<00:06,  0.15it/s, v_num=h5iu, train_loss_step=0.464, val_loss=0.537, train_loss_epoch=0.509]Epoch 6:  90%|█████████ | 9/10 [01:00<00:06,  0.15it/s, v_num=h5iu, train_loss_step=0.383, val_loss=0.537, train_loss_epoch=0.509]SUCCESS: vision_encoder.blocks.2.1.spatial_block.conv1.fn.dw.weight is Updating! Grad Norm: 0.036634
Epoch 6: 100%|██████████| 10/10 [01:06<00:00,  0.15it/s, v_num=h5iu, train_loss_step=0.383, val_loss=0.537, train_loss_epoch=0.509]Epoch 6: 100%|██████████| 10/10 [01:06<00:00,  0.15it/s, v_num=h5iu, train_loss_step=0.375, val_loss=0.537, train_loss_epoch=0.509]
Validation: |          | 0/? [00:00<?, ?it/s][A
Validation:   0%|          | 0/4 [00:00<?, ?it/s][A
Validation DataLoader 0:   0%|          | 0/4 [00:00<?, ?it/s][Atensor(0.7312, device='cuda:0')
tensor(-0.1183, device='cuda:0')

Validation DataLoader 0:  25%|██▌       | 1/4 [00:01<00:04,  0.66it/s][Atensor(0.6839, device='cuda:0')
tensor(-0.1862, device='cuda:0')

Validation DataLoader 0:  50%|█████     | 2/4 [00:03<00:03,  0.65it/s][Atensor(0.6836, device='cuda:0')
tensor(-0.2776, device='cuda:0')

Validation DataLoader 0:  75%|███████▌  | 3/4 [00:04<00:01,  0.65it/s][Atensor(0.6306, device='cuda:0')
tensor(-0.2048, device='cuda:0')

Validation DataLoader 0: 100%|██████████| 4/4 [00:05<00:00,  0.77it/s][A
==================================================
Stage: VAL
Predicted class distribution: 0s = 75, 1s = 32
Actual label distribution:    0s = 80, 1s = 27
Actual Imbalance Ratio (0:1): 2.96:1
==================================================
✅ Model is predicting both classes.
Saved test predictions and probabilities to validation_results_fold_final.xlsx

                                                                      [AEpoch 6: 100%|██████████| 10/10 [01:12<00:00,  0.14it/s, v_num=h5iu, train_loss_step=0.375, val_loss=0.508, train_loss_epoch=0.509]Epoch 6: 100%|██████████| 10/10 [01:12<00:00,  0.14it/s, v_num=h5iu, train_loss_step=0.375, val_loss=0.508, train_loss_epoch=0.457]Epoch 6:   0%|          | 0/10 [00:00<?, ?it/s, v_num=h5iu, train_loss_step=0.375, val_loss=0.508, train_loss_epoch=0.457]         Epoch 7:   0%|          | 0/10 [00:00<?, ?it/s, v_num=h5iu, train_loss_step=0.375, val_loss=0.508, train_loss_epoch=0.457]SUCCESS: vision_encoder.blocks.2.1.spatial_block.conv1.fn.dw.weight is Updating! Grad Norm: 0.057034
Epoch 7:  10%|█         | 1/10 [00:08<01:14,  0.12it/s, v_num=h5iu, train_loss_step=0.375, val_loss=0.508, train_loss_epoch=0.457]Epoch 7:  10%|█         | 1/10 [00:08<01:14,  0.12it/s, v_num=h5iu, train_loss_step=0.324, val_loss=0.508, train_loss_epoch=0.457]SUCCESS: vision_encoder.blocks.2.1.spatial_block.conv1.fn.dw.weight is Updating! Grad Norm: 0.041269
Epoch 7:  20%|██        | 2/10 [00:14<00:58,  0.14it/s, v_num=h5iu, train_loss_step=0.324, val_loss=0.508, train_loss_epoch=0.457]Epoch 7:  20%|██        | 2/10 [00:14<00:58,  0.14it/s, v_num=h5iu, train_loss_step=0.453, val_loss=0.508, train_loss_epoch=0.457]SUCCESS: vision_encoder.blocks.2.1.spatial_block.conv1.fn.dw.weight is Updating! Grad Norm: 0.058508
Epoch 7:  30%|███       | 3/10 [00:21<00:49,  0.14it/s, v_num=h5iu, train_loss_step=0.453, val_loss=0.508, train_loss_epoch=0.457]Epoch 7:  30%|███       | 3/10 [00:21<00:49,  0.14it/s, v_num=h5iu, train_loss_step=0.494, val_loss=0.508, train_loss_epoch=0.457]SUCCESS: vision_encoder.blocks.2.1.spatial_block.conv1.fn.dw.weight is Updating! Grad Norm: 0.059935
Epoch 7:  40%|████      | 4/10 [00:27<00:41,  0.14it/s, v_num=h5iu, train_loss_step=0.494, val_loss=0.508, train_loss_epoch=0.457]Epoch 7:  40%|████      | 4/10 [00:27<00:41,  0.14it/s, v_num=h5iu, train_loss_step=0.474, val_loss=0.508, train_loss_epoch=0.457]SUCCESS: vision_encoder.blocks.2.1.spatial_block.conv1.fn.dw.weight is Updating! Grad Norm: 0.062875
Epoch 7:  50%|█████     | 5/10 [00:34<00:34,  0.15it/s, v_num=h5iu, train_loss_step=0.474, val_loss=0.508, train_loss_epoch=0.457]Epoch 7:  50%|█████     | 5/10 [00:34<00:34,  0.15it/s, v_num=h5iu, train_loss_step=0.460, val_loss=0.508, train_loss_epoch=0.457]SUCCESS: vision_encoder.blocks.2.1.spatial_block.conv1.fn.dw.weight is Updating! Grad Norm: 0.082747
Epoch 7:  60%|██████    | 6/10 [00:40<00:27,  0.15it/s, v_num=h5iu, train_loss_step=0.460, val_loss=0.508, train_loss_epoch=0.457]Epoch 7:  60%|██████    | 6/10 [00:40<00:27,  0.15it/s, v_num=h5iu, train_loss_step=0.464, val_loss=0.508, train_loss_epoch=0.457]SUCCESS: vision_encoder.blocks.2.1.spatial_block.conv1.fn.dw.weight is Updating! Grad Norm: 0.114933
Epoch 7:  70%|███████   | 7/10 [00:47<00:20,  0.15it/s, v_num=h5iu, train_loss_step=0.464, val_loss=0.508, train_loss_epoch=0.457]Epoch 7:  70%|███████   | 7/10 [00:47<00:20,  0.15it/s, v_num=h5iu, train_loss_step=0.408, val_loss=0.508, train_loss_epoch=0.457]SUCCESS: vision_encoder.blocks.2.1.spatial_block.conv1.fn.dw.weight is Updating! Grad Norm: 0.116242
Epoch 7:  80%|████████  | 8/10 [00:53<00:13,  0.15it/s, v_num=h5iu, train_loss_step=0.408, val_loss=0.508, train_loss_epoch=0.457]Epoch 7:  80%|████████  | 8/10 [00:53<00:13,  0.15it/s, v_num=h5iu, train_loss_step=0.443, val_loss=0.508, train_loss_epoch=0.457]SUCCESS: vision_encoder.blocks.2.1.spatial_block.conv1.fn.dw.weight is Updating! Grad Norm: 0.063830
Epoch 7:  90%|█████████ | 9/10 [01:00<00:06,  0.15it/s, v_num=h5iu, train_loss_step=0.443, val_loss=0.508, train_loss_epoch=0.457]Epoch 7:  90%|█████████ | 9/10 [01:00<00:06,  0.15it/s, v_num=h5iu, train_loss_step=0.378, val_loss=0.508, train_loss_epoch=0.457]SUCCESS: vision_encoder.blocks.2.1.spatial_block.conv1.fn.dw.weight is Updating! Grad Norm: 0.084088
Epoch 7: 100%|██████████| 10/10 [01:06<00:00,  0.15it/s, v_num=h5iu, train_loss_step=0.378, val_loss=0.508, train_loss_epoch=0.457]Epoch 7: 100%|██████████| 10/10 [01:06<00:00,  0.15it/s, v_num=h5iu, train_loss_step=0.380, val_loss=0.508, train_loss_epoch=0.457]
Validation: |          | 0/? [00:00<?, ?it/s][A
Validation:   0%|          | 0/4 [00:00<?, ?it/s][A
Validation DataLoader 0:   0%|          | 0/4 [00:00<?, ?it/s][Atensor(0.8353, device='cuda:0')
tensor(-0.1185, device='cuda:0')

Validation DataLoader 0:  25%|██▌       | 1/4 [00:01<00:04,  0.65it/s][Atensor(0.7967, device='cuda:0')
tensor(-0.1946, device='cuda:0')

Validation DataLoader 0:  50%|█████     | 2/4 [00:03<00:03,  0.65it/s][Atensor(0.7834, device='cuda:0')
tensor(-0.3146, device='cuda:0')

Validation DataLoader 0:  75%|███████▌  | 3/4 [00:04<00:01,  0.64it/s][Atensor(0.7515, device='cuda:0')
tensor(-0.2123, device='cuda:0')

Validation DataLoader 0: 100%|██████████| 4/4 [00:05<00:00,  0.76it/s][A
==================================================
Stage: VAL
Predicted class distribution: 0s = 78, 1s = 29
Actual label distribution:    0s = 80, 1s = 27
Actual Imbalance Ratio (0:1): 2.96:1
==================================================
✅ Model is predicting both classes.
Saved test predictions and probabilities to validation_results_fold_final.xlsx

                                                                      [AEpoch 7: 100%|██████████| 10/10 [01:13<00:00,  0.14it/s, v_num=h5iu, train_loss_step=0.380, val_loss=0.474, train_loss_epoch=0.457]Epoch 7: 100%|██████████| 10/10 [01:13<00:00,  0.14it/s, v_num=h5iu, train_loss_step=0.380, val_loss=0.474, train_loss_epoch=0.428]Epoch 7:   0%|          | 0/10 [00:00<?, ?it/s, v_num=h5iu, train_loss_step=0.380, val_loss=0.474, train_loss_epoch=0.428]         Epoch 8:   0%|          | 0/10 [00:00<?, ?it/s, v_num=h5iu, train_loss_step=0.380, val_loss=0.474, train_loss_epoch=0.428]SUCCESS: vision_encoder.blocks.2.1.spatial_block.conv1.fn.dw.weight is Updating! Grad Norm: 0.063926
Epoch 8:  10%|█         | 1/10 [00:08<01:14,  0.12it/s, v_num=h5iu, train_loss_step=0.380, val_loss=0.474, train_loss_epoch=0.428]Epoch 8:  10%|█         | 1/10 [00:08<01:15,  0.12it/s, v_num=h5iu, train_loss_step=0.387, val_loss=0.474, train_loss_epoch=0.428]SUCCESS: vision_encoder.blocks.2.1.spatial_block.conv1.fn.dw.weight is Updating! Grad Norm: 0.062084
Epoch 8:  20%|██        | 2/10 [00:14<00:59,  0.14it/s, v_num=h5iu, train_loss_step=0.387, val_loss=0.474, train_loss_epoch=0.428]Epoch 8:  20%|██        | 2/10 [00:14<00:59,  0.14it/s, v_num=h5iu, train_loss_step=0.384, val_loss=0.474, train_loss_epoch=0.428]SUCCESS: vision_encoder.blocks.2.1.spatial_block.conv1.fn.dw.weight is Updating! Grad Norm: 0.051483
Epoch 8:  30%|███       | 3/10 [00:21<00:49,  0.14it/s, v_num=h5iu, train_loss_step=0.384, val_loss=0.474, train_loss_epoch=0.428]Epoch 8:  30%|███       | 3/10 [00:21<00:49,  0.14it/s, v_num=h5iu, train_loss_step=0.481, val_loss=0.474, train_loss_epoch=0.428]SUCCESS: vision_encoder.blocks.2.1.spatial_block.conv1.fn.dw.weight is Updating! Grad Norm: 0.089523
Epoch 8:  40%|████      | 4/10 [00:27<00:41,  0.14it/s, v_num=h5iu, train_loss_step=0.481, val_loss=0.474, train_loss_epoch=0.428]Epoch 8:  40%|████      | 4/10 [00:27<00:41,  0.14it/s, v_num=h5iu, train_loss_step=0.411, val_loss=0.474, train_loss_epoch=0.428]SUCCESS: vision_encoder.blocks.2.1.spatial_block.conv1.fn.dw.weight is Updating! Grad Norm: 0.149781
Epoch 8:  50%|█████     | 5/10 [00:34<00:34,  0.15it/s, v_num=h5iu, train_loss_step=0.411, val_loss=0.474, train_loss_epoch=0.428]Epoch 8:  50%|█████     | 5/10 [00:34<00:34,  0.15it/s, v_num=h5iu, train_loss_step=0.463, val_loss=0.474, train_loss_epoch=0.428]SUCCESS: vision_encoder.blocks.2.1.spatial_block.conv1.fn.dw.weight is Updating! Grad Norm: 0.049511
Epoch 8:  60%|██████    | 6/10 [00:40<00:27,  0.15it/s, v_num=h5iu, train_loss_step=0.463, val_loss=0.474, train_loss_epoch=0.428]Epoch 8:  60%|██████    | 6/10 [00:40<00:27,  0.15it/s, v_num=h5iu, train_loss_step=0.389, val_loss=0.474, train_loss_epoch=0.428]SUCCESS: vision_encoder.blocks.2.1.spatial_block.conv1.fn.dw.weight is Updating! Grad Norm: 0.046276
Epoch 8:  70%|███████   | 7/10 [00:47<00:20,  0.15it/s, v_num=h5iu, train_loss_step=0.389, val_loss=0.474, train_loss_epoch=0.428]Epoch 8:  70%|███████   | 7/10 [00:47<00:20,  0.15it/s, v_num=h5iu, train_loss_step=0.377, val_loss=0.474, train_loss_epoch=0.428]SUCCESS: vision_encoder.blocks.2.1.spatial_block.conv1.fn.dw.weight is Updating! Grad Norm: 0.097257
Epoch 8:  80%|████████  | 8/10 [00:53<00:13,  0.15it/s, v_num=h5iu, train_loss_step=0.377, val_loss=0.474, train_loss_epoch=0.428]Epoch 8:  80%|████████  | 8/10 [00:53<00:13,  0.15it/s, v_num=h5iu, train_loss_step=0.437, val_loss=0.474, train_loss_epoch=0.428]SUCCESS: vision_encoder.blocks.2.1.spatial_block.conv1.fn.dw.weight is Updating! Grad Norm: 0.074410
Epoch 8:  90%|█████████ | 9/10 [01:00<00:06,  0.15it/s, v_num=h5iu, train_loss_step=0.437, val_loss=0.474, train_loss_epoch=0.428]Epoch 8:  90%|█████████ | 9/10 [01:00<00:06,  0.15it/s, v_num=h5iu, train_loss_step=0.485, val_loss=0.474, train_loss_epoch=0.428]SUCCESS: vision_encoder.blocks.2.1.spatial_block.conv1.fn.dw.weight is Updating! Grad Norm: 0.083147
Epoch 8: 100%|██████████| 10/10 [01:06<00:00,  0.15it/s, v_num=h5iu, train_loss_step=0.485, val_loss=0.474, train_loss_epoch=0.428]Epoch 8: 100%|██████████| 10/10 [01:06<00:00,  0.15it/s, v_num=h5iu, train_loss_step=0.470, val_loss=0.474, train_loss_epoch=0.428]
Validation: |          | 0/? [00:00<?, ?it/s][A
Validation:   0%|          | 0/4 [00:00<?, ?it/s][A
Validation DataLoader 0:   0%|          | 0/4 [00:00<?, ?it/s][Atensor(0.8817, device='cuda:0')
tensor(-0.1033, device='cuda:0')

Validation DataLoader 0:  25%|██▌       | 1/4 [00:01<00:04,  0.65it/s][Atensor(0.8519, device='cuda:0')
tensor(-0.2206, device='cuda:0')

Validation DataLoader 0:  50%|█████     | 2/4 [00:03<00:03,  0.65it/s][Atensor(0.8222, device='cuda:0')
tensor(-0.3197, device='cuda:0')

Validation DataLoader 0:  75%|███████▌  | 3/4 [00:04<00:01,  0.65it/s][Atensor(0.8121, device='cuda:0')
tensor(-0.1232, device='cuda:0')

Validation DataLoader 0: 100%|██████████| 4/4 [00:05<00:00,  0.77it/s][A
==================================================
Stage: VAL
Predicted class distribution: 0s = 82, 1s = 25
Actual label distribution:    0s = 80, 1s = 27
Actual Imbalance Ratio (0:1): 2.96:1
==================================================
✅ Model is predicting both classes.
Saved test predictions and probabilities to validation_results_fold_final.xlsx

                                                                      [AEpoch 8: 100%|██████████| 10/10 [01:13<00:00,  0.14it/s, v_num=h5iu, train_loss_step=0.470, val_loss=0.463, train_loss_epoch=0.428]Epoch 8: 100%|██████████| 10/10 [01:13<00:00,  0.14it/s, v_num=h5iu, train_loss_step=0.470, val_loss=0.463, train_loss_epoch=0.429]Epoch 8:   0%|          | 0/10 [00:00<?, ?it/s, v_num=h5iu, train_loss_step=0.470, val_loss=0.463, train_loss_epoch=0.429]         Epoch 9:   0%|          | 0/10 [00:00<?, ?it/s, v_num=h5iu, train_loss_step=0.470, val_loss=0.463, train_loss_epoch=0.429]SUCCESS: vision_encoder.blocks.2.1.spatial_block.conv1.fn.dw.weight is Updating! Grad Norm: 0.075776
Epoch 9:  10%|█         | 1/10 [00:08<01:14,  0.12it/s, v_num=h5iu, train_loss_step=0.470, val_loss=0.463, train_loss_epoch=0.429]Epoch 9:  10%|█         | 1/10 [00:08<01:14,  0.12it/s, v_num=h5iu, train_loss_step=0.421, val_loss=0.463, train_loss_epoch=0.429]SUCCESS: vision_encoder.blocks.2.1.spatial_block.conv1.fn.dw.weight is Updating! Grad Norm: 0.069074
Epoch 9:  20%|██        | 2/10 [00:14<00:59,  0.14it/s, v_num=h5iu, train_loss_step=0.421, val_loss=0.463, train_loss_epoch=0.429]Epoch 9:  20%|██        | 2/10 [00:14<00:59,  0.14it/s, v_num=h5iu, train_loss_step=0.455, val_loss=0.463, train_loss_epoch=0.429]SUCCESS: vision_encoder.blocks.2.1.spatial_block.conv1.fn.dw.weight is Updating! Grad Norm: 0.051117
Epoch 9:  30%|███       | 3/10 [00:21<00:49,  0.14it/s, v_num=h5iu, train_loss_step=0.455, val_loss=0.463, train_loss_epoch=0.429]Epoch 9:  30%|███       | 3/10 [00:21<00:49,  0.14it/s, v_num=h5iu, train_loss_step=0.360, val_loss=0.463, train_loss_epoch=0.429]SUCCESS: vision_encoder.blocks.2.1.spatial_block.conv1.fn.dw.weight is Updating! Grad Norm: 0.077344
Epoch 9:  40%|████      | 4/10 [00:27<00:41,  0.14it/s, v_num=h5iu, train_loss_step=0.360, val_loss=0.463, train_loss_epoch=0.429]Epoch 9:  40%|████      | 4/10 [00:27<00:41,  0.14it/s, v_num=h5iu, train_loss_step=0.389, val_loss=0.463, train_loss_epoch=0.429]SUCCESS: vision_encoder.blocks.2.1.spatial_block.conv1.fn.dw.weight is Updating! Grad Norm: 0.060375
Epoch 9:  50%|█████     | 5/10 [00:34<00:34,  0.15it/s, v_num=h5iu, train_loss_step=0.389, val_loss=0.463, train_loss_epoch=0.429]Epoch 9:  50%|█████     | 5/10 [00:34<00:34,  0.15it/s, v_num=h5iu, train_loss_step=0.478, val_loss=0.463, train_loss_epoch=0.429]SUCCESS: vision_encoder.blocks.2.1.spatial_block.conv1.fn.dw.weight is Updating! Grad Norm: 0.087119
Epoch 9:  60%|██████    | 6/10 [00:40<00:27,  0.15it/s, v_num=h5iu, train_loss_step=0.478, val_loss=0.463, train_loss_epoch=0.429]Epoch 9:  60%|██████    | 6/10 [00:40<00:27,  0.15it/s, v_num=h5iu, train_loss_step=0.376, val_loss=0.463, train_loss_epoch=0.429]SUCCESS: vision_encoder.blocks.2.1.spatial_block.conv1.fn.dw.weight is Updating! Grad Norm: 0.048714
Epoch 9:  70%|███████   | 7/10 [00:47<00:20,  0.15it/s, v_num=h5iu, train_loss_step=0.376, val_loss=0.463, train_loss_epoch=0.429]Epoch 9:  70%|███████   | 7/10 [00:47<00:20,  0.15it/s, v_num=h5iu, train_loss_step=0.365, val_loss=0.463, train_loss_epoch=0.429]SUCCESS: vision_encoder.blocks.2.1.spatial_block.conv1.fn.dw.weight is Updating! Grad Norm: 0.055644
Epoch 9:  80%|████████  | 8/10 [00:53<00:13,  0.15it/s, v_num=h5iu, train_loss_step=0.365, val_loss=0.463, train_loss_epoch=0.429]Epoch 9:  80%|████████  | 8/10 [00:53<00:13,  0.15it/s, v_num=h5iu, train_loss_step=0.440, val_loss=0.463, train_loss_epoch=0.429]SUCCESS: vision_encoder.blocks.2.1.spatial_block.conv1.fn.dw.weight is Updating! Grad Norm: 0.092173
Epoch 9:  90%|█████████ | 9/10 [01:00<00:06,  0.15it/s, v_num=h5iu, train_loss_step=0.440, val_loss=0.463, train_loss_epoch=0.429]Epoch 9:  90%|█████████ | 9/10 [01:00<00:06,  0.15it/s, v_num=h5iu, train_loss_step=0.369, val_loss=0.463, train_loss_epoch=0.429]SUCCESS: vision_encoder.blocks.2.1.spatial_block.conv1.fn.dw.weight is Updating! Grad Norm: 0.063352
Epoch 9: 100%|██████████| 10/10 [01:06<00:00,  0.15it/s, v_num=h5iu, train_loss_step=0.369, val_loss=0.463, train_loss_epoch=0.429]Epoch 9: 100%|██████████| 10/10 [01:06<00:00,  0.15it/s, v_num=h5iu, train_loss_step=0.323, val_loss=0.463, train_loss_epoch=0.429]
Validation: |          | 0/? [00:00<?, ?it/s][A
Validation:   0%|          | 0/4 [00:00<?, ?it/s][A
Validation DataLoader 0:   0%|          | 0/4 [00:00<?, ?it/s][Atensor(0.9555, device='cuda:0')
tensor(-0.0800, device='cuda:0')

Validation DataLoader 0:  25%|██▌       | 1/4 [00:01<00:04,  0.65it/s][Atensor(0.9210, device='cuda:0')
tensor(-0.2641, device='cuda:0')

Validation DataLoader 0:  50%|█████     | 2/4 [00:03<00:03,  0.65it/s][Atensor(0.8966, device='cuda:0')
tensor(-0.3933, device='cuda:0')

Validation DataLoader 0:  75%|███████▌  | 3/4 [00:04<00:01,  0.64it/s][Atensor(0.8842, device='cuda:0')
tensor(-0.1766, device='cuda:0')

Validation DataLoader 0: 100%|██████████| 4/4 [00:05<00:00,  0.76it/s][A
==================================================
Stage: VAL
Predicted class distribution: 0s = 84, 1s = 23
Actual label distribution:    0s = 80, 1s = 27
Actual Imbalance Ratio (0:1): 2.96:1
==================================================
✅ Model is predicting both classes.
Saved test predictions and probabilities to validation_results_fold_final.xlsx

                                                                      [AEpoch 9: 100%|██████████| 10/10 [01:13<00:00,  0.14it/s, v_num=h5iu, train_loss_step=0.323, val_loss=0.438, train_loss_epoch=0.429]Epoch 9: 100%|██████████| 10/10 [01:13<00:00,  0.14it/s, v_num=h5iu, train_loss_step=0.323, val_loss=0.438, train_loss_epoch=0.398]Epoch 9:   0%|          | 0/10 [00:00<?, ?it/s, v_num=h5iu, train_loss_step=0.323, val_loss=0.438, train_loss_epoch=0.398]         Epoch 10:   0%|          | 0/10 [00:00<?, ?it/s, v_num=h5iu, train_loss_step=0.323, val_loss=0.438, train_loss_epoch=0.398]SUCCESS: vision_encoder.blocks.2.1.spatial_block.conv1.fn.dw.weight is Updating! Grad Norm: 0.115199
Epoch 10:  10%|█         | 1/10 [00:07<01:11,  0.13it/s, v_num=h5iu, train_loss_step=0.323, val_loss=0.438, train_loss_epoch=0.398]Epoch 10:  10%|█         | 1/10 [00:07<01:11,  0.13it/s, v_num=h5iu, train_loss_step=0.455, val_loss=0.438, train_loss_epoch=0.398]SUCCESS: vision_encoder.blocks.2.1.spatial_block.conv1.fn.dw.weight is Updating! Grad Norm: 0.081657
Epoch 10:  20%|██        | 2/10 [00:14<00:57,  0.14it/s, v_num=h5iu, train_loss_step=0.455, val_loss=0.438, train_loss_epoch=0.398]Epoch 10:  20%|██        | 2/10 [00:14<00:57,  0.14it/s, v_num=h5iu, train_loss_step=0.338, val_loss=0.438, train_loss_epoch=0.398]SUCCESS: vision_encoder.blocks.2.1.spatial_block.conv1.fn.dw.weight is Updating! Grad Norm: 0.067683
Epoch 10:  30%|███       | 3/10 [00:20<00:48,  0.14it/s, v_num=h5iu, train_loss_step=0.338, val_loss=0.438, train_loss_epoch=0.398]Epoch 10:  30%|███       | 3/10 [00:20<00:48,  0.14it/s, v_num=h5iu, train_loss_step=0.425, val_loss=0.438, train_loss_epoch=0.398]SUCCESS: vision_encoder.blocks.2.1.spatial_block.conv1.fn.dw.weight is Updating! Grad Norm: 0.050125
Epoch 10:  40%|████      | 4/10 [00:27<00:41,  0.15it/s, v_num=h5iu, train_loss_step=0.425, val_loss=0.438, train_loss_epoch=0.398]Epoch 10:  40%|████      | 4/10 [00:27<00:41,  0.15it/s, v_num=h5iu, train_loss_step=0.278, val_loss=0.438, train_loss_epoch=0.398]SUCCESS: vision_encoder.blocks.2.1.spatial_block.conv1.fn.dw.weight is Updating! Grad Norm: 0.061497
Epoch 10:  50%|█████     | 5/10 [00:33<00:33,  0.15it/s, v_num=h5iu, train_loss_step=0.278, val_loss=0.438, train_loss_epoch=0.398]Epoch 10:  50%|█████     | 5/10 [00:33<00:33,  0.15it/s, v_num=h5iu, train_loss_step=0.363, val_loss=0.438, train_loss_epoch=0.398]SUCCESS: vision_encoder.blocks.2.1.spatial_block.conv1.fn.dw.weight is Updating! Grad Norm: 0.148384
Epoch 10:  60%|██████    | 6/10 [00:40<00:26,  0.15it/s, v_num=h5iu, train_loss_step=0.363, val_loss=0.438, train_loss_epoch=0.398]Epoch 10:  60%|██████    | 6/10 [00:40<00:26,  0.15it/s, v_num=h5iu, train_loss_step=0.400, val_loss=0.438, train_loss_epoch=0.398]SUCCESS: vision_encoder.blocks.2.1.spatial_block.conv1.fn.dw.weight is Updating! Grad Norm: 0.077335
Epoch 10:  70%|███████   | 7/10 [00:46<00:20,  0.15it/s, v_num=h5iu, train_loss_step=0.400, val_loss=0.438, train_loss_epoch=0.398]Epoch 10:  70%|███████   | 7/10 [00:46<00:20,  0.15it/s, v_num=h5iu, train_loss_step=0.413, val_loss=0.438, train_loss_epoch=0.398]SUCCESS: vision_encoder.blocks.2.1.spatial_block.conv1.fn.dw.weight is Updating! Grad Norm: 0.064340
Epoch 10:  80%|████████  | 8/10 [00:53<00:13,  0.15it/s, v_num=h5iu, train_loss_step=0.413, val_loss=0.438, train_loss_epoch=0.398]Epoch 10:  80%|████████  | 8/10 [00:53<00:13,  0.15it/s, v_num=h5iu, train_loss_step=0.345, val_loss=0.438, train_loss_epoch=0.398]SUCCESS: vision_encoder.blocks.2.1.spatial_block.conv1.fn.dw.weight is Updating! Grad Norm: 0.063088
Epoch 10:  90%|█████████ | 9/10 [00:59<00:06,  0.15it/s, v_num=h5iu, train_loss_step=0.345, val_loss=0.438, train_loss_epoch=0.398]Epoch 10:  90%|█████████ | 9/10 [01:00<00:06,  0.15it/s, v_num=h5iu, train_loss_step=0.341, val_loss=0.438, train_loss_epoch=0.398]SUCCESS: vision_encoder.blocks.2.1.spatial_block.conv1.fn.dw.weight is Updating! Grad Norm: 0.074686
Epoch 10: 100%|██████████| 10/10 [01:06<00:00,  0.15it/s, v_num=h5iu, train_loss_step=0.341, val_loss=0.438, train_loss_epoch=0.398]Epoch 10: 100%|██████████| 10/10 [01:06<00:00,  0.15it/s, v_num=h5iu, train_loss_step=0.384, val_loss=0.438, train_loss_epoch=0.398]
Validation: |          | 0/? [00:00<?, ?it/s][A
Validation:   0%|          | 0/4 [00:00<?, ?it/s][A
Validation DataLoader 0:   0%|          | 0/4 [00:00<?, ?it/s][Atensor(1.0860, device='cuda:0')
tensor(-0.1942, device='cuda:0')

Validation DataLoader 0:  25%|██▌       | 1/4 [00:01<00:04,  0.65it/s][Atensor(1.0290, device='cuda:0')
tensor(-0.2696, device='cuda:0')

Validation DataLoader 0:  50%|█████     | 2/4 [00:03<00:03,  0.65it/s][Atensor(1.0403, device='cuda:0')
tensor(-0.5005, device='cuda:0')

Validation DataLoader 0:  75%|███████▌  | 3/4 [00:04<00:01,  0.64it/s][Atensor(1.0179, device='cuda:0')
tensor(-0.2093, device='cuda:0')

Validation DataLoader 0: 100%|██████████| 4/4 [00:05<00:00,  0.77it/s][A
==================================================
Stage: VAL
Predicted class distribution: 0s = 83, 1s = 24
Actual label distribution:    0s = 80, 1s = 27
Actual Imbalance Ratio (0:1): 2.96:1
==================================================
✅ Model is predicting both classes.
Saved test predictions and probabilities to validation_results_fold_final.xlsx

                                                                      [AEpoch 10: 100%|██████████| 10/10 [01:13<00:00,  0.14it/s, v_num=h5iu, train_loss_step=0.384, val_loss=0.402, train_loss_epoch=0.398]Epoch 10: 100%|██████████| 10/10 [01:13<00:00,  0.14it/s, v_num=h5iu, train_loss_step=0.384, val_loss=0.402, train_loss_epoch=0.374]Epoch 10:   0%|          | 0/10 [00:00<?, ?it/s, v_num=h5iu, train_loss_step=0.384, val_loss=0.402, train_loss_epoch=0.374]         Epoch 11:   0%|          | 0/10 [00:00<?, ?it/s, v_num=h5iu, train_loss_step=0.384, val_loss=0.402, train_loss_epoch=0.374]SUCCESS: vision_encoder.blocks.2.1.spatial_block.conv1.fn.dw.weight is Updating! Grad Norm: 0.059674
Epoch 11:  10%|█         | 1/10 [00:08<01:14,  0.12it/s, v_num=h5iu, train_loss_step=0.384, val_loss=0.402, train_loss_epoch=0.374]Epoch 11:  10%|█         | 1/10 [00:08<01:14,  0.12it/s, v_num=h5iu, train_loss_step=0.327, val_loss=0.402, train_loss_epoch=0.374]SUCCESS: vision_encoder.blocks.2.1.spatial_block.conv1.fn.dw.weight is Updating! Grad Norm: 0.091718
Epoch 11:  20%|██        | 2/10 [00:14<00:58,  0.14it/s, v_num=h5iu, train_loss_step=0.327, val_loss=0.402, train_loss_epoch=0.374]Epoch 11:  20%|██        | 2/10 [00:14<00:58,  0.14it/s, v_num=h5iu, train_loss_step=0.267, val_loss=0.402, train_loss_epoch=0.374]SUCCESS: vision_encoder.blocks.2.1.spatial_block.conv1.fn.dw.weight is Updating! Grad Norm: 0.058362
Epoch 11:  30%|███       | 3/10 [00:21<00:49,  0.14it/s, v_num=h5iu, train_loss_step=0.267, val_loss=0.402, train_loss_epoch=0.374]Epoch 11:  30%|███       | 3/10 [00:21<00:49,  0.14it/s, v_num=h5iu, train_loss_step=0.363, val_loss=0.402, train_loss_epoch=0.374]SUCCESS: vision_encoder.blocks.2.1.spatial_block.conv1.fn.dw.weight is Updating! Grad Norm: 0.040714
Epoch 11:  40%|████      | 4/10 [00:27<00:41,  0.14it/s, v_num=h5iu, train_loss_step=0.363, val_loss=0.402, train_loss_epoch=0.374]Epoch 11:  40%|████      | 4/10 [00:27<00:41,  0.14it/s, v_num=h5iu, train_loss_step=0.219, val_loss=0.402, train_loss_epoch=0.374]SUCCESS: vision_encoder.blocks.2.1.spatial_block.conv1.fn.dw.weight is Updating! Grad Norm: 0.137646
Epoch 11:  50%|█████     | 5/10 [00:34<00:34,  0.15it/s, v_num=h5iu, train_loss_step=0.219, val_loss=0.402, train_loss_epoch=0.374]Epoch 11:  50%|█████     | 5/10 [00:34<00:34,  0.15it/s, v_num=h5iu, train_loss_step=0.361, val_loss=0.402, train_loss_epoch=0.374]SUCCESS: vision_encoder.blocks.2.1.spatial_block.conv1.fn.dw.weight is Updating! Grad Norm: 0.069481
Epoch 11:  60%|██████    | 6/10 [00:40<00:27,  0.15it/s, v_num=h5iu, train_loss_step=0.361, val_loss=0.402, train_loss_epoch=0.374]Epoch 11:  60%|██████    | 6/10 [00:40<00:27,  0.15it/s, v_num=h5iu, train_loss_step=0.357, val_loss=0.402, train_loss_epoch=0.374]SUCCESS: vision_encoder.blocks.2.1.spatial_block.conv1.fn.dw.weight is Updating! Grad Norm: 0.114195
Epoch 11:  70%|███████   | 7/10 [00:47<00:20,  0.15it/s, v_num=h5iu, train_loss_step=0.357, val_loss=0.402, train_loss_epoch=0.374]Epoch 11:  70%|███████   | 7/10 [00:47<00:20,  0.15it/s, v_num=h5iu, train_loss_step=0.333, val_loss=0.402, train_loss_epoch=0.374]SUCCESS: vision_encoder.blocks.2.1.spatial_block.conv1.fn.dw.weight is Updating! Grad Norm: 0.093773
Epoch 11:  80%|████████  | 8/10 [00:53<00:13,  0.15it/s, v_num=h5iu, train_loss_step=0.333, val_loss=0.402, train_loss_epoch=0.374]Epoch 11:  80%|████████  | 8/10 [00:53<00:13,  0.15it/s, v_num=h5iu, train_loss_step=0.474, val_loss=0.402, train_loss_epoch=0.374]SUCCESS: vision_encoder.blocks.2.1.spatial_block.conv1.fn.dw.weight is Updating! Grad Norm: 0.090602
Epoch 11:  90%|█████████ | 9/10 [01:00<00:06,  0.15it/s, v_num=h5iu, train_loss_step=0.474, val_loss=0.402, train_loss_epoch=0.374]Epoch 11:  90%|█████████ | 9/10 [01:00<00:06,  0.15it/s, v_num=h5iu, train_loss_step=0.385, val_loss=0.402, train_loss_epoch=0.374]SUCCESS: vision_encoder.blocks.2.1.spatial_block.conv1.fn.dw.weight is Updating! Grad Norm: 0.084496
Epoch 11: 100%|██████████| 10/10 [01:06<00:00,  0.15it/s, v_num=h5iu, train_loss_step=0.385, val_loss=0.402, train_loss_epoch=0.374]Epoch 11: 100%|██████████| 10/10 [01:06<00:00,  0.15it/s, v_num=h5iu, train_loss_step=0.309, val_loss=0.402, train_loss_epoch=0.374]
Validation: |          | 0/? [00:00<?, ?it/s][A
Validation:   0%|          | 0/4 [00:00<?, ?it/s][A
Validation DataLoader 0:   0%|          | 0/4 [00:00<?, ?it/s][Atensor(1.1786, device='cuda:0')
tensor(-0.0562, device='cuda:0')

Validation DataLoader 0:  25%|██▌       | 1/4 [00:01<00:04,  0.65it/s][Atensor(1.1281, device='cuda:0')
tensor(-0.2453, device='cuda:0')

Validation DataLoader 0:  50%|█████     | 2/4 [00:03<00:03,  0.65it/s][Atensor(1.1168, device='cuda:0')
tensor(-0.5605, device='cuda:0')

Validation DataLoader 0:  75%|███████▌  | 3/4 [00:04<00:01,  0.65it/s][Atensor(1.0859, device='cuda:0')
tensor(-0.1119, device='cuda:0')

Validation DataLoader 0: 100%|██████████| 4/4 [00:05<00:00,  0.77it/s][A
==================================================
Stage: VAL
Predicted class distribution: 0s = 88, 1s = 19
Actual label distribution:    0s = 80, 1s = 27
Actual Imbalance Ratio (0:1): 2.96:1
==================================================
✅ Model is predicting both classes.
Saved test predictions and probabilities to validation_results_fold_final.xlsx

                                                                      [AEpoch 11: 100%|██████████| 10/10 [01:13<00:00,  0.14it/s, v_num=h5iu, train_loss_step=0.309, val_loss=0.390, train_loss_epoch=0.374]Epoch 11: 100%|██████████| 10/10 [01:13<00:00,  0.14it/s, v_num=h5iu, train_loss_step=0.309, val_loss=0.390, train_loss_epoch=0.340]Epoch 11:   0%|          | 0/10 [00:00<?, ?it/s, v_num=h5iu, train_loss_step=0.309, val_loss=0.390, train_loss_epoch=0.340]         Epoch 12:   0%|          | 0/10 [00:00<?, ?it/s, v_num=h5iu, train_loss_step=0.309, val_loss=0.390, train_loss_epoch=0.340]SUCCESS: vision_encoder.blocks.2.1.spatial_block.conv1.fn.dw.weight is Updating! Grad Norm: 0.082100
Epoch 12:  10%|█         | 1/10 [00:08<01:14,  0.12it/s, v_num=h5iu, train_loss_step=0.309, val_loss=0.390, train_loss_epoch=0.340]Epoch 12:  10%|█         | 1/10 [00:08<01:14,  0.12it/s, v_num=h5iu, train_loss_step=0.264, val_loss=0.390, train_loss_epoch=0.340]SUCCESS: vision_encoder.blocks.2.1.spatial_block.conv1.fn.dw.weight is Updating! Grad Norm: 0.097171
Epoch 12:  20%|██        | 2/10 [00:14<00:58,  0.14it/s, v_num=h5iu, train_loss_step=0.264, val_loss=0.390, train_loss_epoch=0.340]Epoch 12:  20%|██        | 2/10 [00:14<00:59,  0.14it/s, v_num=h5iu, train_loss_step=0.341, val_loss=0.390, train_loss_epoch=0.340]SUCCESS: vision_encoder.blocks.2.1.spatial_block.conv1.fn.dw.weight is Updating! Grad Norm: 0.069823
Epoch 12:  30%|███       | 3/10 [00:21<00:49,  0.14it/s, v_num=h5iu, train_loss_step=0.341, val_loss=0.390, train_loss_epoch=0.340]Epoch 12:  30%|███       | 3/10 [00:21<00:49,  0.14it/s, v_num=h5iu, train_loss_step=0.376, val_loss=0.390, train_loss_epoch=0.340]SUCCESS: vision_encoder.blocks.2.1.spatial_block.conv1.fn.dw.weight is Updating! Grad Norm: 0.070181
Epoch 12:  40%|████      | 4/10 [00:27<00:41,  0.14it/s, v_num=h5iu, train_loss_step=0.376, val_loss=0.390, train_loss_epoch=0.340]Epoch 12:  40%|████      | 4/10 [00:27<00:41,  0.14it/s, v_num=h5iu, train_loss_step=0.296, val_loss=0.390, train_loss_epoch=0.340]SUCCESS: vision_encoder.blocks.2.1.spatial_block.conv1.fn.dw.weight is Updating! Grad Norm: 0.123891
Epoch 12:  50%|█████     | 5/10 [00:34<00:34,  0.15it/s, v_num=h5iu, train_loss_step=0.296, val_loss=0.390, train_loss_epoch=0.340]Epoch 12:  50%|█████     | 5/10 [00:34<00:34,  0.15it/s, v_num=h5iu, train_loss_step=0.232, val_loss=0.390, train_loss_epoch=0.340]SUCCESS: vision_encoder.blocks.2.1.spatial_block.conv1.fn.dw.weight is Updating! Grad Norm: 0.057208
Epoch 12:  60%|██████    | 6/10 [00:40<00:27,  0.15it/s, v_num=h5iu, train_loss_step=0.232, val_loss=0.390, train_loss_epoch=0.340]Epoch 12:  60%|██████    | 6/10 [00:40<00:27,  0.15it/s, v_num=h5iu, train_loss_step=0.342, val_loss=0.390, train_loss_epoch=0.340]SUCCESS: vision_encoder.blocks.2.1.spatial_block.conv1.fn.dw.weight is Updating! Grad Norm: 0.099867
Epoch 12:  70%|███████   | 7/10 [00:47<00:20,  0.15it/s, v_num=h5iu, train_loss_step=0.342, val_loss=0.390, train_loss_epoch=0.340]Epoch 12:  70%|███████   | 7/10 [00:47<00:20,  0.15it/s, v_num=h5iu, train_loss_step=0.365, val_loss=0.390, train_loss_epoch=0.340]SUCCESS: vision_encoder.blocks.2.1.spatial_block.conv1.fn.dw.weight is Updating! Grad Norm: 0.086045
Epoch 12:  80%|████████  | 8/10 [00:53<00:13,  0.15it/s, v_num=h5iu, train_loss_step=0.365, val_loss=0.390, train_loss_epoch=0.340]Epoch 12:  80%|████████  | 8/10 [00:53<00:13,  0.15it/s, v_num=h5iu, train_loss_step=0.302, val_loss=0.390, train_loss_epoch=0.340]SUCCESS: vision_encoder.blocks.2.1.spatial_block.conv1.fn.dw.weight is Updating! Grad Norm: 0.083260
Epoch 12:  90%|█████████ | 9/10 [01:00<00:06,  0.15it/s, v_num=h5iu, train_loss_step=0.302, val_loss=0.390, train_loss_epoch=0.340]Epoch 12:  90%|█████████ | 9/10 [01:00<00:06,  0.15it/s, v_num=h5iu, train_loss_step=0.309, val_loss=0.390, train_loss_epoch=0.340]SUCCESS: vision_encoder.blocks.2.1.spatial_block.conv1.fn.dw.weight is Updating! Grad Norm: 0.088795
Epoch 12: 100%|██████████| 10/10 [01:06<00:00,  0.15it/s, v_num=h5iu, train_loss_step=0.309, val_loss=0.390, train_loss_epoch=0.340]Epoch 12: 100%|██████████| 10/10 [01:06<00:00,  0.15it/s, v_num=h5iu, train_loss_step=0.370, val_loss=0.390, train_loss_epoch=0.340]
Validation: |          | 0/? [00:00<?, ?it/s][A
Validation:   0%|          | 0/4 [00:00<?, ?it/s][A
Validation DataLoader 0:   0%|          | 0/4 [00:00<?, ?it/s][Atensor(1.2577, device='cuda:0')
tensor(-0.0816, device='cuda:0')

Validation DataLoader 0:  25%|██▌       | 1/4 [00:01<00:04,  0.65it/s][Atensor(1.1950, device='cuda:0')
tensor(-0.3344, device='cuda:0')

Validation DataLoader 0:  50%|█████     | 2/4 [00:03<00:03,  0.65it/s][Atensor(1.1683, device='cuda:0')
tensor(-0.6723, device='cuda:0')

Validation DataLoader 0:  75%|███████▌  | 3/4 [00:04<00:01,  0.65it/s][Atensor(1.1342, device='cuda:0')
tensor(-0.1826, device='cuda:0')

Validation DataLoader 0: 100%|██████████| 4/4 [00:05<00:00,  0.77it/s][A
==================================================
Stage: VAL
Predicted class distribution: 0s = 86, 1s = 21
Actual label distribution:    0s = 80, 1s = 27
Actual Imbalance Ratio (0:1): 2.96:1
==================================================
✅ Model is predicting both classes.
Saved test predictions and probabilities to validation_results_fold_final.xlsx

                                                                      [AEpoch 12: 100%|██████████| 10/10 [01:13<00:00,  0.14it/s, v_num=h5iu, train_loss_step=0.370, val_loss=0.368, train_loss_epoch=0.340]Epoch 12: 100%|██████████| 10/10 [01:13<00:00,  0.14it/s, v_num=h5iu, train_loss_step=0.370, val_loss=0.368, train_loss_epoch=0.320]Epoch 12:   0%|          | 0/10 [00:00<?, ?it/s, v_num=h5iu, train_loss_step=0.370, val_loss=0.368, train_loss_epoch=0.320]         Epoch 13:   0%|          | 0/10 [00:00<?, ?it/s, v_num=h5iu, train_loss_step=0.370, val_loss=0.368, train_loss_epoch=0.320]SUCCESS: vision_encoder.blocks.2.1.spatial_block.conv1.fn.dw.weight is Updating! Grad Norm: 0.063136
Epoch 13:  10%|█         | 1/10 [00:08<01:14,  0.12it/s, v_num=h5iu, train_loss_step=0.370, val_loss=0.368, train_loss_epoch=0.320]Epoch 13:  10%|█         | 1/10 [00:08<01:14,  0.12it/s, v_num=h5iu, train_loss_step=0.266, val_loss=0.368, train_loss_epoch=0.320]SUCCESS: vision_encoder.blocks.2.1.spatial_block.conv1.fn.dw.weight is Updating! Grad Norm: 0.104385
Epoch 13:  20%|██        | 2/10 [00:14<00:58,  0.14it/s, v_num=h5iu, train_loss_step=0.266, val_loss=0.368, train_loss_epoch=0.320]Epoch 13:  20%|██        | 2/10 [00:14<00:58,  0.14it/s, v_num=h5iu, train_loss_step=0.308, val_loss=0.368, train_loss_epoch=0.320]SUCCESS: vision_encoder.blocks.2.1.spatial_block.conv1.fn.dw.weight is Updating! Grad Norm: 0.381950
Epoch 13:  30%|███       | 3/10 [00:21<00:49,  0.14it/s, v_num=h5iu, train_loss_step=0.308, val_loss=0.368, train_loss_epoch=0.320]Epoch 13:  30%|███       | 3/10 [00:21<00:49,  0.14it/s, v_num=h5iu, train_loss_step=0.269, val_loss=0.368, train_loss_epoch=0.320]SUCCESS: vision_encoder.blocks.2.1.spatial_block.conv1.fn.dw.weight is Updating! Grad Norm: 0.150580
Epoch 13:  40%|████      | 4/10 [00:27<00:41,  0.14it/s, v_num=h5iu, train_loss_step=0.269, val_loss=0.368, train_loss_epoch=0.320]Epoch 13:  40%|████      | 4/10 [00:27<00:41,  0.14it/s, v_num=h5iu, train_loss_step=0.341, val_loss=0.368, train_loss_epoch=0.320]SUCCESS: vision_encoder.blocks.2.1.spatial_block.conv1.fn.dw.weight is Updating! Grad Norm: 0.229774
Epoch 13:  50%|█████     | 5/10 [00:34<00:34,  0.15it/s, v_num=h5iu, train_loss_step=0.341, val_loss=0.368, train_loss_epoch=0.320]Epoch 13:  50%|█████     | 5/10 [00:34<00:34,  0.15it/s, v_num=h5iu, train_loss_step=0.224, val_loss=0.368, train_loss_epoch=0.320]SUCCESS: vision_encoder.blocks.2.1.spatial_block.conv1.fn.dw.weight is Updating! Grad Norm: 0.196162
Epoch 13:  60%|██████    | 6/10 [00:40<00:27,  0.15it/s, v_num=h5iu, train_loss_step=0.224, val_loss=0.368, train_loss_epoch=0.320]Epoch 13:  60%|██████    | 6/10 [00:40<00:27,  0.15it/s, v_num=h5iu, train_loss_step=0.414, val_loss=0.368, train_loss_epoch=0.320]SUCCESS: vision_encoder.blocks.2.1.spatial_block.conv1.fn.dw.weight is Updating! Grad Norm: 0.183334
Epoch 13:  70%|███████   | 7/10 [00:47<00:20,  0.15it/s, v_num=h5iu, train_loss_step=0.414, val_loss=0.368, train_loss_epoch=0.320]Epoch 13:  70%|███████   | 7/10 [00:47<00:20,  0.15it/s, v_num=h5iu, train_loss_step=0.241, val_loss=0.368, train_loss_epoch=0.320]SUCCESS: vision_encoder.blocks.2.1.spatial_block.conv1.fn.dw.weight is Updating! Grad Norm: 0.064307
Epoch 13:  80%|████████  | 8/10 [00:53<00:13,  0.15it/s, v_num=h5iu, train_loss_step=0.241, val_loss=0.368, train_loss_epoch=0.320]Epoch 13:  80%|████████  | 8/10 [00:53<00:13,  0.15it/s, v_num=h5iu, train_loss_step=0.335, val_loss=0.368, train_loss_epoch=0.320]SUCCESS: vision_encoder.blocks.2.1.spatial_block.conv1.fn.dw.weight is Updating! Grad Norm: 0.188964
Epoch 13:  90%|█████████ | 9/10 [01:00<00:06,  0.15it/s, v_num=h5iu, train_loss_step=0.335, val_loss=0.368, train_loss_epoch=0.320]Epoch 13:  90%|█████████ | 9/10 [01:00<00:06,  0.15it/s, v_num=h5iu, train_loss_step=0.364, val_loss=0.368, train_loss_epoch=0.320]SUCCESS: vision_encoder.blocks.2.1.spatial_block.conv1.fn.dw.weight is Updating! Grad Norm: 0.212239
Epoch 13: 100%|██████████| 10/10 [01:06<00:00,  0.15it/s, v_num=h5iu, train_loss_step=0.364, val_loss=0.368, train_loss_epoch=0.320]Epoch 13: 100%|██████████| 10/10 [01:06<00:00,  0.15it/s, v_num=h5iu, train_loss_step=0.311, val_loss=0.368, train_loss_epoch=0.320]
Validation: |          | 0/? [00:00<?, ?it/s][A
Validation:   0%|          | 0/4 [00:00<?, ?it/s][A
Validation DataLoader 0:   0%|          | 0/4 [00:00<?, ?it/s][Atensor(1.4114, device='cuda:0')
tensor(-0.0486, device='cuda:0')

Validation DataLoader 0:  25%|██▌       | 1/4 [00:01<00:04,  0.65it/s][Atensor(1.3587, device='cuda:0')
tensor(-0.1886, device='cuda:0')

Validation DataLoader 0:  50%|█████     | 2/4 [00:03<00:03,  0.65it/s][Atensor(1.3095, device='cuda:0')
tensor(-0.6849, device='cuda:0')

Validation DataLoader 0:  75%|███████▌  | 3/4 [00:04<00:01,  0.64it/s][Atensor(1.2676, device='cuda:0')
tensor(-0.1168, device='cuda:0')

Validation DataLoader 0: 100%|██████████| 4/4 [00:05<00:00,  0.77it/s][A
==================================================
Stage: VAL
Predicted class distribution: 0s = 93, 1s = 14
Actual label distribution:    0s = 80, 1s = 27
Actual Imbalance Ratio (0:1): 2.96:1
==================================================
✅ Model is predicting both classes.
Saved test predictions and probabilities to validation_results_fold_final.xlsx

                                                                      [AEpoch 13: 100%|██████████| 10/10 [01:13<00:00,  0.14it/s, v_num=h5iu, train_loss_step=0.311, val_loss=0.346, train_loss_epoch=0.320]Epoch 13: 100%|██████████| 10/10 [01:13<00:00,  0.14it/s, v_num=h5iu, train_loss_step=0.311, val_loss=0.346, train_loss_epoch=0.307]Epoch 13:   0%|          | 0/10 [00:00<?, ?it/s, v_num=h5iu, train_loss_step=0.311, val_loss=0.346, train_loss_epoch=0.307]         Epoch 14:   0%|          | 0/10 [00:00<?, ?it/s, v_num=h5iu, train_loss_step=0.311, val_loss=0.346, train_loss_epoch=0.307]SUCCESS: vision_encoder.blocks.2.1.spatial_block.conv1.fn.dw.weight is Updating! Grad Norm: 0.053574
Epoch 14:  10%|█         | 1/10 [00:08<01:14,  0.12it/s, v_num=h5iu, train_loss_step=0.311, val_loss=0.346, train_loss_epoch=0.307]Epoch 14:  10%|█         | 1/10 [00:08<01:14,  0.12it/s, v_num=h5iu, train_loss_step=0.219, val_loss=0.346, train_loss_epoch=0.307]SUCCESS: vision_encoder.blocks.2.1.spatial_block.conv1.fn.dw.weight is Updating! Grad Norm: 0.055617
Epoch 14:  20%|██        | 2/10 [00:14<00:58,  0.14it/s, v_num=h5iu, train_loss_step=0.219, val_loss=0.346, train_loss_epoch=0.307]Epoch 14:  20%|██        | 2/10 [00:14<00:59,  0.14it/s, v_num=h5iu, train_loss_step=0.198, val_loss=0.346, train_loss_epoch=0.307]SUCCESS: vision_encoder.blocks.2.1.spatial_block.conv1.fn.dw.weight is Updating! Grad Norm: 0.072280
Epoch 14:  30%|███       | 3/10 [00:21<00:49,  0.14it/s, v_num=h5iu, train_loss_step=0.198, val_loss=0.346, train_loss_epoch=0.307]Epoch 14:  30%|███       | 3/10 [00:21<00:49,  0.14it/s, v_num=h5iu, train_loss_step=0.324, val_loss=0.346, train_loss_epoch=0.307]SUCCESS: vision_encoder.blocks.2.1.spatial_block.conv1.fn.dw.weight is Updating! Grad Norm: 0.234012
Epoch 14:  40%|████      | 4/10 [00:27<00:41,  0.14it/s, v_num=h5iu, train_loss_step=0.324, val_loss=0.346, train_loss_epoch=0.307]Epoch 14:  40%|████      | 4/10 [00:27<00:41,  0.14it/s, v_num=h5iu, train_loss_step=0.236, val_loss=0.346, train_loss_epoch=0.307]SUCCESS: vision_encoder.blocks.2.1.spatial_block.conv1.fn.dw.weight is Updating! Grad Norm: 0.323369
Epoch 14:  50%|█████     | 5/10 [00:34<00:34,  0.15it/s, v_num=h5iu, train_loss_step=0.236, val_loss=0.346, train_loss_epoch=0.307]Epoch 14:  50%|█████     | 5/10 [00:34<00:34,  0.15it/s, v_num=h5iu, train_loss_step=0.480, val_loss=0.346, train_loss_epoch=0.307]SUCCESS: vision_encoder.blocks.2.1.spatial_block.conv1.fn.dw.weight is Updating! Grad Norm: 0.130249
Epoch 14:  60%|██████    | 6/10 [00:40<00:27,  0.15it/s, v_num=h5iu, train_loss_step=0.480, val_loss=0.346, train_loss_epoch=0.307]Epoch 14:  60%|██████    | 6/10 [00:40<00:27,  0.15it/s, v_num=h5iu, train_loss_step=0.381, val_loss=0.346, train_loss_epoch=0.307]SUCCESS: vision_encoder.blocks.2.1.spatial_block.conv1.fn.dw.weight is Updating! Grad Norm: 0.161700
Epoch 14:  70%|███████   | 7/10 [00:47<00:20,  0.15it/s, v_num=h5iu, train_loss_step=0.381, val_loss=0.346, train_loss_epoch=0.307]Epoch 14:  70%|███████   | 7/10 [00:47<00:20,  0.15it/s, v_num=h5iu, train_loss_step=0.322, val_loss=0.346, train_loss_epoch=0.307]SUCCESS: vision_encoder.blocks.2.1.spatial_block.conv1.fn.dw.weight is Updating! Grad Norm: 0.104486
Epoch 14:  80%|████████  | 8/10 [00:53<00:13,  0.15it/s, v_num=h5iu, train_loss_step=0.322, val_loss=0.346, train_loss_epoch=0.307]Epoch 14:  80%|████████  | 8/10 [00:53<00:13,  0.15it/s, v_num=h5iu, train_loss_step=0.277, val_loss=0.346, train_loss_epoch=0.307]SUCCESS: vision_encoder.blocks.2.1.spatial_block.conv1.fn.dw.weight is Updating! Grad Norm: 0.205945
Epoch 14:  90%|█████████ | 9/10 [01:00<00:06,  0.15it/s, v_num=h5iu, train_loss_step=0.277, val_loss=0.346, train_loss_epoch=0.307]Epoch 14:  90%|█████████ | 9/10 [01:00<00:06,  0.15it/s, v_num=h5iu, train_loss_step=0.312, val_loss=0.346, train_loss_epoch=0.307]SUCCESS: vision_encoder.blocks.2.1.spatial_block.conv1.fn.dw.weight is Updating! Grad Norm: 0.501592
Epoch 14: 100%|██████████| 10/10 [01:06<00:00,  0.15it/s, v_num=h5iu, train_loss_step=0.312, val_loss=0.346, train_loss_epoch=0.307]Epoch 14: 100%|██████████| 10/10 [01:06<00:00,  0.15it/s, v_num=h5iu, train_loss_step=0.496, val_loss=0.346, train_loss_epoch=0.307]
Validation: |          | 0/? [00:00<?, ?it/s][A
Validation:   0%|          | 0/4 [00:00<?, ?it/s][A
Validation DataLoader 0:   0%|          | 0/4 [00:00<?, ?it/s][Atensor(1.4002, device='cuda:0')
tensor(-0.2958, device='cuda:0')

Validation DataLoader 0:  25%|██▌       | 1/4 [00:01<00:04,  0.65it/s][Atensor(1.3573, device='cuda:0')
tensor(-0.3276, device='cuda:0')

Validation DataLoader 0:  50%|█████     | 2/4 [00:03<00:03,  0.65it/s][Atensor(1.3038, device='cuda:0')
tensor(-0.7289, device='cuda:0')

Validation DataLoader 0:  75%|███████▌  | 3/4 [00:04<00:01,  0.64it/s][Atensor(1.2545, device='cuda:0')
tensor(-0.0992, device='cuda:0')

Validation DataLoader 0: 100%|██████████| 4/4 [00:05<00:00,  0.77it/s][A
==================================================
Stage: VAL
Predicted class distribution: 0s = 83, 1s = 24
Actual label distribution:    0s = 80, 1s = 27
Actual Imbalance Ratio (0:1): 2.96:1
==================================================
✅ Model is predicting both classes.
Saved test predictions and probabilities to validation_results_fold_final.xlsx

                                                                      [AEpoch 14: 100%|██████████| 10/10 [01:13<00:00,  0.14it/s, v_num=h5iu, train_loss_step=0.496, val_loss=0.335, train_loss_epoch=0.307]Epoch 14: 100%|██████████| 10/10 [01:13<00:00,  0.14it/s, v_num=h5iu, train_loss_step=0.496, val_loss=0.335, train_loss_epoch=0.325]Epoch 14:   0%|          | 0/10 [00:00<?, ?it/s, v_num=h5iu, train_loss_step=0.496, val_loss=0.335, train_loss_epoch=0.325]         Epoch 15:   0%|          | 0/10 [00:00<?, ?it/s, v_num=h5iu, train_loss_step=0.496, val_loss=0.335, train_loss_epoch=0.325]SUCCESS: vision_encoder.blocks.2.1.spatial_block.conv1.fn.dw.weight is Updating! Grad Norm: 0.177185
Epoch 15:  10%|█         | 1/10 [00:08<01:14,  0.12it/s, v_num=h5iu, train_loss_step=0.496, val_loss=0.335, train_loss_epoch=0.325]Epoch 15:  10%|█         | 1/10 [00:08<01:14,  0.12it/s, v_num=h5iu, train_loss_step=0.327, val_loss=0.335, train_loss_epoch=0.325]SUCCESS: vision_encoder.blocks.2.1.spatial_block.conv1.fn.dw.weight is Updating! Grad Norm: 0.265122
Epoch 15:  20%|██        | 2/10 [00:14<00:58,  0.14it/s, v_num=h5iu, train_loss_step=0.327, val_loss=0.335, train_loss_epoch=0.325]Epoch 15:  20%|██        | 2/10 [00:14<00:58,  0.14it/s, v_num=h5iu, train_loss_step=0.251, val_loss=0.335, train_loss_epoch=0.325]SUCCESS: vision_encoder.blocks.2.1.spatial_block.conv1.fn.dw.weight is Updating! Grad Norm: 0.307319
Epoch 15:  30%|███       | 3/10 [00:21<00:49,  0.14it/s, v_num=h5iu, train_loss_step=0.251, val_loss=0.335, train_loss_epoch=0.325]Epoch 15:  30%|███       | 3/10 [00:21<00:49,  0.14it/s, v_num=h5iu, train_loss_step=0.306, val_loss=0.335, train_loss_epoch=0.325]SUCCESS: vision_encoder.blocks.2.1.spatial_block.conv1.fn.dw.weight is Updating! Grad Norm: 0.246547
Epoch 15:  40%|████      | 4/10 [00:27<00:41,  0.14it/s, v_num=h5iu, train_loss_step=0.306, val_loss=0.335, train_loss_epoch=0.325]Epoch 15:  40%|████      | 4/10 [00:27<00:41,  0.14it/s, v_num=h5iu, train_loss_step=0.351, val_loss=0.335, train_loss_epoch=0.325]SUCCESS: vision_encoder.blocks.2.1.spatial_block.conv1.fn.dw.weight is Updating! Grad Norm: 0.107357
Epoch 15:  50%|█████     | 5/10 [00:34<00:34,  0.15it/s, v_num=h5iu, train_loss_step=0.351, val_loss=0.335, train_loss_epoch=0.325]Epoch 15:  50%|█████     | 5/10 [00:34<00:34,  0.15it/s, v_num=h5iu, train_loss_step=0.254, val_loss=0.335, train_loss_epoch=0.325]SUCCESS: vision_encoder.blocks.2.1.spatial_block.conv1.fn.dw.weight is Updating! Grad Norm: 0.119722
Epoch 15:  60%|██████    | 6/10 [00:40<00:27,  0.15it/s, v_num=h5iu, train_loss_step=0.254, val_loss=0.335, train_loss_epoch=0.325]Epoch 15:  60%|██████    | 6/10 [00:40<00:27,  0.15it/s, v_num=h5iu, train_loss_step=0.235, val_loss=0.335, train_loss_epoch=0.325]SUCCESS: vision_encoder.blocks.2.1.spatial_block.conv1.fn.dw.weight is Updating! Grad Norm: 0.092812
Epoch 15:  70%|███████   | 7/10 [00:47<00:20,  0.15it/s, v_num=h5iu, train_loss_step=0.235, val_loss=0.335, train_loss_epoch=0.325]Epoch 15:  70%|███████   | 7/10 [00:47<00:20,  0.15it/s, v_num=h5iu, train_loss_step=0.316, val_loss=0.335, train_loss_epoch=0.325]SUCCESS: vision_encoder.blocks.2.1.spatial_block.conv1.fn.dw.weight is Updating! Grad Norm: 0.123285
Epoch 15:  80%|████████  | 8/10 [00:53<00:13,  0.15it/s, v_num=h5iu, train_loss_step=0.316, val_loss=0.335, train_loss_epoch=0.325]Epoch 15:  80%|████████  | 8/10 [00:53<00:13,  0.15it/s, v_num=h5iu, train_loss_step=0.326, val_loss=0.335, train_loss_epoch=0.325]SUCCESS: vision_encoder.blocks.2.1.spatial_block.conv1.fn.dw.weight is Updating! Grad Norm: 0.086639
Epoch 15:  90%|█████████ | 9/10 [01:00<00:06,  0.15it/s, v_num=h5iu, train_loss_step=0.326, val_loss=0.335, train_loss_epoch=0.325]Epoch 15:  90%|█████████ | 9/10 [01:00<00:06,  0.15it/s, v_num=h5iu, train_loss_step=0.355, val_loss=0.335, train_loss_epoch=0.325]SUCCESS: vision_encoder.blocks.2.1.spatial_block.conv1.fn.dw.weight is Updating! Grad Norm: 0.159703
Epoch 15: 100%|██████████| 10/10 [01:06<00:00,  0.15it/s, v_num=h5iu, train_loss_step=0.355, val_loss=0.335, train_loss_epoch=0.325]Epoch 15: 100%|██████████| 10/10 [01:06<00:00,  0.15it/s, v_num=h5iu, train_loss_step=0.240, val_loss=0.335, train_loss_epoch=0.325]
Validation: |          | 0/? [00:00<?, ?it/s][A
Validation:   0%|          | 0/4 [00:00<?, ?it/s][A
Validation DataLoader 0:   0%|          | 0/4 [00:00<?, ?it/s][Atensor(1.5729, device='cuda:0')
tensor(-0.4091, device='cuda:0')

Validation DataLoader 0:  25%|██▌       | 1/4 [00:01<00:04,  0.65it/s][Atensor(1.5508, device='cuda:0')
tensor(-0.3923, device='cuda:0')

Validation DataLoader 0:  50%|█████     | 2/4 [00:03<00:03,  0.65it/s][Atensor(1.4968, device='cuda:0')
tensor(-0.6771, device='cuda:0')

Validation DataLoader 0:  75%|███████▌  | 3/4 [00:04<00:01,  0.64it/s][Atensor(1.4164, device='cuda:0')
tensor(-0.1427, device='cuda:0')

Validation DataLoader 0: 100%|██████████| 4/4 [00:05<00:00,  0.76it/s][A
==================================================
Stage: VAL
Predicted class distribution: 0s = 86, 1s = 21
Actual label distribution:    0s = 80, 1s = 27
Actual Imbalance Ratio (0:1): 2.96:1
==================================================
✅ Model is predicting both classes.
Saved test predictions and probabilities to validation_results_fold_final.xlsx

                                                                      [AEpoch 15: 100%|██████████| 10/10 [01:13<00:00,  0.14it/s, v_num=h5iu, train_loss_step=0.240, val_loss=0.312, train_loss_epoch=0.325]Epoch 15: 100%|██████████| 10/10 [01:13<00:00,  0.14it/s, v_num=h5iu, train_loss_step=0.240, val_loss=0.312, train_loss_epoch=0.296]Epoch 15:   0%|          | 0/10 [00:00<?, ?it/s, v_num=h5iu, train_loss_step=0.240, val_loss=0.312, train_loss_epoch=0.296]         Epoch 16:   0%|          | 0/10 [00:00<?, ?it/s, v_num=h5iu, train_loss_step=0.240, val_loss=0.312, train_loss_epoch=0.296]SUCCESS: vision_encoder.blocks.2.1.spatial_block.conv1.fn.dw.weight is Updating! Grad Norm: 0.100669
Epoch 16:  10%|█         | 1/10 [00:08<01:14,  0.12it/s, v_num=h5iu, train_loss_step=0.240, val_loss=0.312, train_loss_epoch=0.296]Epoch 16:  10%|█         | 1/10 [00:08<01:14,  0.12it/s, v_num=h5iu, train_loss_step=0.239, val_loss=0.312, train_loss_epoch=0.296]SUCCESS: vision_encoder.blocks.2.1.spatial_block.conv1.fn.dw.weight is Updating! Grad Norm: 0.065747
Epoch 16:  20%|██        | 2/10 [00:14<00:59,  0.14it/s, v_num=h5iu, train_loss_step=0.239, val_loss=0.312, train_loss_epoch=0.296]Epoch 16:  20%|██        | 2/10 [00:14<00:59,  0.14it/s, v_num=h5iu, train_loss_step=0.177, val_loss=0.312, train_loss_epoch=0.296]SUCCESS: vision_encoder.blocks.2.1.spatial_block.conv1.fn.dw.weight is Updating! Grad Norm: 0.063982
Epoch 16:  30%|███       | 3/10 [00:21<00:49,  0.14it/s, v_num=h5iu, train_loss_step=0.177, val_loss=0.312, train_loss_epoch=0.296]Epoch 16:  30%|███       | 3/10 [00:21<00:49,  0.14it/s, v_num=h5iu, train_loss_step=0.179, val_loss=0.312, train_loss_epoch=0.296]SUCCESS: vision_encoder.blocks.2.1.spatial_block.conv1.fn.dw.weight is Updating! Grad Norm: 0.117465
Epoch 16:  40%|████      | 4/10 [00:27<00:41,  0.14it/s, v_num=h5iu, train_loss_step=0.179, val_loss=0.312, train_loss_epoch=0.296]Epoch 16:  40%|████      | 4/10 [00:27<00:41,  0.14it/s, v_num=h5iu, train_loss_step=0.220, val_loss=0.312, train_loss_epoch=0.296]SUCCESS: vision_encoder.blocks.2.1.spatial_block.conv1.fn.dw.weight is Updating! Grad Norm: 0.145377
Epoch 16:  50%|█████     | 5/10 [00:34<00:34,  0.15it/s, v_num=h5iu, train_loss_step=0.220, val_loss=0.312, train_loss_epoch=0.296]Epoch 16:  50%|█████     | 5/10 [00:34<00:34,  0.15it/s, v_num=h5iu, train_loss_step=0.212, val_loss=0.312, train_loss_epoch=0.296]SUCCESS: vision_encoder.blocks.2.1.spatial_block.conv1.fn.dw.weight is Updating! Grad Norm: 0.074168
Epoch 16:  60%|██████    | 6/10 [00:40<00:27,  0.15it/s, v_num=h5iu, train_loss_step=0.212, val_loss=0.312, train_loss_epoch=0.296]Epoch 16:  60%|██████    | 6/10 [00:40<00:27,  0.15it/s, v_num=h5iu, train_loss_step=0.181, val_loss=0.312, train_loss_epoch=0.296]SUCCESS: vision_encoder.blocks.2.1.spatial_block.conv1.fn.dw.weight is Updating! Grad Norm: 0.051485
Epoch 16:  70%|███████   | 7/10 [00:47<00:20,  0.15it/s, v_num=h5iu, train_loss_step=0.181, val_loss=0.312, train_loss_epoch=0.296]Epoch 16:  70%|███████   | 7/10 [00:47<00:20,  0.15it/s, v_num=h5iu, train_loss_step=0.231, val_loss=0.312, train_loss_epoch=0.296]SUCCESS: vision_encoder.blocks.2.1.spatial_block.conv1.fn.dw.weight is Updating! Grad Norm: 0.053308
Epoch 16:  80%|████████  | 8/10 [00:53<00:13,  0.15it/s, v_num=h5iu, train_loss_step=0.231, val_loss=0.312, train_loss_epoch=0.296]Epoch 16:  80%|████████  | 8/10 [00:53<00:13,  0.15it/s, v_num=h5iu, train_loss_step=0.143, val_loss=0.312, train_loss_epoch=0.296]SUCCESS: vision_encoder.blocks.2.1.spatial_block.conv1.fn.dw.weight is Updating! Grad Norm: 0.075667
Epoch 16:  90%|█████████ | 9/10 [01:00<00:06,  0.15it/s, v_num=h5iu, train_loss_step=0.143, val_loss=0.312, train_loss_epoch=0.296]Epoch 16:  90%|█████████ | 9/10 [01:00<00:06,  0.15it/s, v_num=h5iu, train_loss_step=0.290, val_loss=0.312, train_loss_epoch=0.296]SUCCESS: vision_encoder.blocks.2.1.spatial_block.conv1.fn.dw.weight is Updating! Grad Norm: 0.160894
Epoch 16: 100%|██████████| 10/10 [01:06<00:00,  0.15it/s, v_num=h5iu, train_loss_step=0.290, val_loss=0.312, train_loss_epoch=0.296]Epoch 16: 100%|██████████| 10/10 [01:06<00:00,  0.15it/s, v_num=h5iu, train_loss_step=0.258, val_loss=0.312, train_loss_epoch=0.296]
Validation: |          | 0/? [00:00<?, ?it/s][A
Validation:   0%|          | 0/4 [00:00<?, ?it/s][A
Validation DataLoader 0:   0%|          | 0/4 [00:00<?, ?it/s][Atensor(1.6034, device='cuda:0')
tensor(-0.0207, device='cuda:0')

Validation DataLoader 0:  25%|██▌       | 1/4 [00:01<00:04,  0.65it/s][Atensor(1.5744, device='cuda:0')
tensor(-0.2328, device='cuda:0')

Validation DataLoader 0:  50%|█████     | 2/4 [00:03<00:03,  0.65it/s][Atensor(1.5090, device='cuda:0')
tensor(-0.7098, device='cuda:0')

Validation DataLoader 0:  75%|███████▌  | 3/4 [00:04<00:01,  0.64it/s][Atensor(1.4385, device='cuda:0')
tensor(-0.0636, device='cuda:0')

Validation DataLoader 0: 100%|██████████| 4/4 [00:05<00:00,  0.77it/s][A
==================================================
Stage: VAL
Predicted class distribution: 0s = 96, 1s = 11
Actual label distribution:    0s = 80, 1s = 27
Actual Imbalance Ratio (0:1): 2.96:1
==================================================
✅ Model is predicting both classes.
Saved test predictions and probabilities to validation_results_fold_final.xlsx

                                                                      [AEpoch 16: 100%|██████████| 10/10 [01:13<00:00,  0.14it/s, v_num=h5iu, train_loss_step=0.258, val_loss=0.347, train_loss_epoch=0.296]Epoch 16: 100%|██████████| 10/10 [01:13<00:00,  0.14it/s, v_num=h5iu, train_loss_step=0.258, val_loss=0.347, train_loss_epoch=0.213]Epoch 16:   0%|          | 0/10 [00:00<?, ?it/s, v_num=h5iu, train_loss_step=0.258, val_loss=0.347, train_loss_epoch=0.213]         Epoch 17:   0%|          | 0/10 [00:00<?, ?it/s, v_num=h5iu, train_loss_step=0.258, val_loss=0.347, train_loss_epoch=0.213]SUCCESS: vision_encoder.blocks.2.1.spatial_block.conv1.fn.dw.weight is Updating! Grad Norm: 0.084868
Epoch 17:  10%|█         | 1/10 [00:08<01:14,  0.12it/s, v_num=h5iu, train_loss_step=0.258, val_loss=0.347, train_loss_epoch=0.213]Epoch 17:  10%|█         | 1/10 [00:08<01:15,  0.12it/s, v_num=h5iu, train_loss_step=0.279, val_loss=0.347, train_loss_epoch=0.213]SUCCESS: vision_encoder.blocks.2.1.spatial_block.conv1.fn.dw.weight is Updating! Grad Norm: 0.042740
Epoch 17:  20%|██        | 2/10 [00:14<00:59,  0.13it/s, v_num=h5iu, train_loss_step=0.279, val_loss=0.347, train_loss_epoch=0.213]Epoch 17:  20%|██        | 2/10 [00:14<00:59,  0.13it/s, v_num=h5iu, train_loss_step=0.175, val_loss=0.347, train_loss_epoch=0.213]SUCCESS: vision_encoder.blocks.2.1.spatial_block.conv1.fn.dw.weight is Updating! Grad Norm: 0.273438
Epoch 17:  30%|███       | 3/10 [00:21<00:49,  0.14it/s, v_num=h5iu, train_loss_step=0.175, val_loss=0.347, train_loss_epoch=0.213]Epoch 17:  30%|███       | 3/10 [00:21<00:49,  0.14it/s, v_num=h5iu, train_loss_step=0.226, val_loss=0.347, train_loss_epoch=0.213]SUCCESS: vision_encoder.blocks.2.1.spatial_block.conv1.fn.dw.weight is Updating! Grad Norm: 0.097083
Epoch 17:  40%|████      | 4/10 [00:27<00:41,  0.14it/s, v_num=h5iu, train_loss_step=0.226, val_loss=0.347, train_loss_epoch=0.213]Epoch 17:  40%|████      | 4/10 [00:27<00:41,  0.14it/s, v_num=h5iu, train_loss_step=0.156, val_loss=0.347, train_loss_epoch=0.213]SUCCESS: vision_encoder.blocks.2.1.spatial_block.conv1.fn.dw.weight is Updating! Grad Norm: 0.156182
Epoch 17:  50%|█████     | 5/10 [00:34<00:34,  0.15it/s, v_num=h5iu, train_loss_step=0.156, val_loss=0.347, train_loss_epoch=0.213]Epoch 17:  50%|█████     | 5/10 [00:34<00:34,  0.15it/s, v_num=h5iu, train_loss_step=0.257, val_loss=0.347, train_loss_epoch=0.213]SUCCESS: vision_encoder.blocks.2.1.spatial_block.conv1.fn.dw.weight is Updating! Grad Norm: 0.259454
Epoch 17:  60%|██████    | 6/10 [00:40<00:27,  0.15it/s, v_num=h5iu, train_loss_step=0.257, val_loss=0.347, train_loss_epoch=0.213]Epoch 17:  60%|██████    | 6/10 [00:40<00:27,  0.15it/s, v_num=h5iu, train_loss_step=0.295, val_loss=0.347, train_loss_epoch=0.213]SUCCESS: vision_encoder.blocks.2.1.spatial_block.conv1.fn.dw.weight is Updating! Grad Norm: 0.079824
Epoch 17:  70%|███████   | 7/10 [00:47<00:20,  0.15it/s, v_num=h5iu, train_loss_step=0.295, val_loss=0.347, train_loss_epoch=0.213]Epoch 17:  70%|███████   | 7/10 [00:47<00:20,  0.15it/s, v_num=h5iu, train_loss_step=0.173, val_loss=0.347, train_loss_epoch=0.213]SUCCESS: vision_encoder.blocks.2.1.spatial_block.conv1.fn.dw.weight is Updating! Grad Norm: 0.074625
Epoch 17:  80%|████████  | 8/10 [00:53<00:13,  0.15it/s, v_num=h5iu, train_loss_step=0.173, val_loss=0.347, train_loss_epoch=0.213]Epoch 17:  80%|████████  | 8/10 [00:53<00:13,  0.15it/s, v_num=h5iu, train_loss_step=0.223, val_loss=0.347, train_loss_epoch=0.213]SUCCESS: vision_encoder.blocks.2.1.spatial_block.conv1.fn.dw.weight is Updating! Grad Norm: 0.278870
Epoch 17:  90%|█████████ | 9/10 [01:00<00:06,  0.15it/s, v_num=h5iu, train_loss_step=0.223, val_loss=0.347, train_loss_epoch=0.213]Epoch 17:  90%|█████████ | 9/10 [01:00<00:06,  0.15it/s, v_num=h5iu, train_loss_step=0.178, val_loss=0.347, train_loss_epoch=0.213]SUCCESS: vision_encoder.blocks.2.1.spatial_block.conv1.fn.dw.weight is Updating! Grad Norm: 0.119216
Epoch 17: 100%|██████████| 10/10 [01:06<00:00,  0.15it/s, v_num=h5iu, train_loss_step=0.178, val_loss=0.347, train_loss_epoch=0.213]Epoch 17: 100%|██████████| 10/10 [01:07<00:00,  0.15it/s, v_num=h5iu, train_loss_step=0.245, val_loss=0.347, train_loss_epoch=0.213]
Validation: |          | 0/? [00:00<?, ?it/s][A
Validation:   0%|          | 0/4 [00:00<?, ?it/s][A
Validation DataLoader 0:   0%|          | 0/4 [00:00<?, ?it/s][Atensor(1.6415, device='cuda:0')
tensor(-0.5125, device='cuda:0')

Validation DataLoader 0:  25%|██▌       | 1/4 [00:01<00:04,  0.65it/s][Atensor(1.6371, device='cuda:0')
tensor(-0.6868, device='cuda:0')

Validation DataLoader 0:  50%|█████     | 2/4 [00:03<00:03,  0.65it/s][Atensor(1.5876, device='cuda:0')
tensor(-0.8188, device='cuda:0')

Validation DataLoader 0:  75%|███████▌  | 3/4 [00:04<00:01,  0.64it/s][Atensor(1.4457, device='cuda:0')
tensor(-0.3241, device='cuda:0')

Validation DataLoader 0: 100%|██████████| 4/4 [00:05<00:00,  0.76it/s][A
==================================================
Stage: VAL
Predicted class distribution: 0s = 80, 1s = 27
Actual label distribution:    0s = 80, 1s = 27
Actual Imbalance Ratio (0:1): 2.96:1
==================================================
✅ Model is predicting both classes.
Saved test predictions and probabilities to validation_results_fold_final.xlsx

                                                                      [AEpoch 17: 100%|██████████| 10/10 [01:13<00:00,  0.14it/s, v_num=h5iu, train_loss_step=0.245, val_loss=0.301, train_loss_epoch=0.213]Epoch 17: 100%|██████████| 10/10 [01:13<00:00,  0.14it/s, v_num=h5iu, train_loss_step=0.245, val_loss=0.301, train_loss_epoch=0.221]Epoch 17:   0%|          | 0/10 [00:00<?, ?it/s, v_num=h5iu, train_loss_step=0.245, val_loss=0.301, train_loss_epoch=0.221]         Epoch 18:   0%|          | 0/10 [00:00<?, ?it/s, v_num=h5iu, train_loss_step=0.245, val_loss=0.301, train_loss_epoch=0.221]SUCCESS: vision_encoder.blocks.2.1.spatial_block.conv1.fn.dw.weight is Updating! Grad Norm: 0.194780
Epoch 18:  10%|█         | 1/10 [00:08<01:14,  0.12it/s, v_num=h5iu, train_loss_step=0.245, val_loss=0.301, train_loss_epoch=0.221]Epoch 18:  10%|█         | 1/10 [00:08<01:14,  0.12it/s, v_num=h5iu, train_loss_step=0.207, val_loss=0.301, train_loss_epoch=0.221]SUCCESS: vision_encoder.blocks.2.1.spatial_block.conv1.fn.dw.weight is Updating! Grad Norm: 0.142918
Epoch 18:  20%|██        | 2/10 [00:14<00:58,  0.14it/s, v_num=h5iu, train_loss_step=0.207, val_loss=0.301, train_loss_epoch=0.221]Epoch 18:  20%|██        | 2/10 [00:14<00:58,  0.14it/s, v_num=h5iu, train_loss_step=0.216, val_loss=0.301, train_loss_epoch=0.221]SUCCESS: vision_encoder.blocks.2.1.spatial_block.conv1.fn.dw.weight is Updating! Grad Norm: 0.085013
Epoch 18:  30%|███       | 3/10 [00:21<00:49,  0.14it/s, v_num=h5iu, train_loss_step=0.216, val_loss=0.301, train_loss_epoch=0.221]Epoch 18:  30%|███       | 3/10 [00:21<00:49,  0.14it/s, v_num=h5iu, train_loss_step=0.205, val_loss=0.301, train_loss_epoch=0.221]SUCCESS: vision_encoder.blocks.2.1.spatial_block.conv1.fn.dw.weight is Updating! Grad Norm: 0.150904
Epoch 18:  40%|████      | 4/10 [00:27<00:41,  0.14it/s, v_num=h5iu, train_loss_step=0.205, val_loss=0.301, train_loss_epoch=0.221]Epoch 18:  40%|████      | 4/10 [00:27<00:41,  0.14it/s, v_num=h5iu, train_loss_step=0.198, val_loss=0.301, train_loss_epoch=0.221]SUCCESS: vision_encoder.blocks.2.1.spatial_block.conv1.fn.dw.weight is Updating! Grad Norm: 0.149003
Epoch 18:  50%|█████     | 5/10 [00:34<00:34,  0.15it/s, v_num=h5iu, train_loss_step=0.198, val_loss=0.301, train_loss_epoch=0.221]Epoch 18:  50%|█████     | 5/10 [00:34<00:34,  0.15it/s, v_num=h5iu, train_loss_step=0.406, val_loss=0.301, train_loss_epoch=0.221]SUCCESS: vision_encoder.blocks.2.1.spatial_block.conv1.fn.dw.weight is Updating! Grad Norm: 0.071440
Epoch 18:  60%|██████    | 6/10 [00:40<00:27,  0.15it/s, v_num=h5iu, train_loss_step=0.406, val_loss=0.301, train_loss_epoch=0.221]Epoch 18:  60%|██████    | 6/10 [00:40<00:27,  0.15it/s, v_num=h5iu, train_loss_step=0.152, val_loss=0.301, train_loss_epoch=0.221]SUCCESS: vision_encoder.blocks.2.1.spatial_block.conv1.fn.dw.weight is Updating! Grad Norm: 0.419305
Epoch 18:  70%|███████   | 7/10 [00:47<00:20,  0.15it/s, v_num=h5iu, train_loss_step=0.152, val_loss=0.301, train_loss_epoch=0.221]Epoch 18:  70%|███████   | 7/10 [00:47<00:20,  0.15it/s, v_num=h5iu, train_loss_step=0.258, val_loss=0.301, train_loss_epoch=0.221]SUCCESS: vision_encoder.blocks.2.1.spatial_block.conv1.fn.dw.weight is Updating! Grad Norm: 0.144389
Epoch 18:  80%|████████  | 8/10 [00:53<00:13,  0.15it/s, v_num=h5iu, train_loss_step=0.258, val_loss=0.301, train_loss_epoch=0.221]Epoch 18:  80%|████████  | 8/10 [00:53<00:13,  0.15it/s, v_num=h5iu, train_loss_step=0.115, val_loss=0.301, train_loss_epoch=0.221]SUCCESS: vision_encoder.blocks.2.1.spatial_block.conv1.fn.dw.weight is Updating! Grad Norm: 0.116246
Epoch 18:  90%|█████████ | 9/10 [01:00<00:06,  0.15it/s, v_num=h5iu, train_loss_step=0.115, val_loss=0.301, train_loss_epoch=0.221]Epoch 18:  90%|█████████ | 9/10 [01:00<00:06,  0.15it/s, v_num=h5iu, train_loss_step=0.265, val_loss=0.301, train_loss_epoch=0.221]SUCCESS: vision_encoder.blocks.2.1.spatial_block.conv1.fn.dw.weight is Updating! Grad Norm: 0.071531
Epoch 18: 100%|██████████| 10/10 [01:06<00:00,  0.15it/s, v_num=h5iu, train_loss_step=0.265, val_loss=0.301, train_loss_epoch=0.221]Epoch 18: 100%|██████████| 10/10 [01:06<00:00,  0.15it/s, v_num=h5iu, train_loss_step=0.138, val_loss=0.301, train_loss_epoch=0.221]
Validation: |          | 0/? [00:00<?, ?it/s][A
Validation:   0%|          | 0/4 [00:00<?, ?it/s][A
Validation DataLoader 0:   0%|          | 0/4 [00:00<?, ?it/s][Atensor(1.7813, device='cuda:0')
tensor(-0.6214, device='cuda:0')

Validation DataLoader 0:  25%|██▌       | 1/4 [00:01<00:04,  0.65it/s][Atensor(1.8295, device='cuda:0')
tensor(-0.6951, device='cuda:0')

Validation DataLoader 0:  50%|█████     | 2/4 [00:03<00:03,  0.65it/s][Atensor(1.7747, device='cuda:0')
tensor(-0.7671, device='cuda:0')

Validation DataLoader 0:  75%|███████▌  | 3/4 [00:04<00:01,  0.64it/s][Atensor(1.5720, device='cuda:0')
tensor(-0.5751, device='cuda:0')

Validation DataLoader 0: 100%|██████████| 4/4 [00:05<00:00,  0.76it/s][A
==================================================
Stage: VAL
Predicted class distribution: 0s = 77, 1s = 30
Actual label distribution:    0s = 80, 1s = 27
Actual Imbalance Ratio (0:1): 2.96:1
==================================================
✅ Model is predicting both classes.
Saved test predictions and probabilities to validation_results_fold_final.xlsx

                                                                      [AEpoch 18: 100%|██████████| 10/10 [01:13<00:00,  0.14it/s, v_num=h5iu, train_loss_step=0.138, val_loss=0.298, train_loss_epoch=0.221]Epoch 18: 100%|██████████| 10/10 [01:13<00:00,  0.14it/s, v_num=h5iu, train_loss_step=0.138, val_loss=0.298, train_loss_epoch=0.216]Epoch 18:   0%|          | 0/10 [00:00<?, ?it/s, v_num=h5iu, train_loss_step=0.138, val_loss=0.298, train_loss_epoch=0.216]         Epoch 19:   0%|          | 0/10 [00:00<?, ?it/s, v_num=h5iu, train_loss_step=0.138, val_loss=0.298, train_loss_epoch=0.216]SUCCESS: vision_encoder.blocks.2.1.spatial_block.conv1.fn.dw.weight is Updating! Grad Norm: 0.155457
Epoch 19:  10%|█         | 1/10 [00:08<01:19,  0.11it/s, v_num=h5iu, train_loss_step=0.138, val_loss=0.298, train_loss_epoch=0.216]Epoch 19:  10%|█         | 1/10 [00:08<01:19,  0.11it/s, v_num=h5iu, train_loss_step=0.212, val_loss=0.298, train_loss_epoch=0.216]SUCCESS: vision_encoder.blocks.2.1.spatial_block.conv1.fn.dw.weight is Updating! Grad Norm: 0.403709
Epoch 19:  20%|██        | 2/10 [00:15<01:01,  0.13it/s, v_num=h5iu, train_loss_step=0.212, val_loss=0.298, train_loss_epoch=0.216]Epoch 19:  20%|██        | 2/10 [00:15<01:01,  0.13it/s, v_num=h5iu, train_loss_step=0.207, val_loss=0.298, train_loss_epoch=0.216]SUCCESS: vision_encoder.blocks.2.1.spatial_block.conv1.fn.dw.weight is Updating! Grad Norm: 0.324947
Epoch 19:  30%|███       | 3/10 [00:21<00:50,  0.14it/s, v_num=h5iu, train_loss_step=0.207, val_loss=0.298, train_loss_epoch=0.216]Epoch 19:  30%|███       | 3/10 [00:21<00:50,  0.14it/s, v_num=h5iu, train_loss_step=0.326, val_loss=0.298, train_loss_epoch=0.216]SUCCESS: vision_encoder.blocks.2.1.spatial_block.conv1.fn.dw.weight is Updating! Grad Norm: 0.127706
Epoch 19:  40%|████      | 4/10 [00:28<00:42,  0.14it/s, v_num=h5iu, train_loss_step=0.326, val_loss=0.298, train_loss_epoch=0.216]Epoch 19:  40%|████      | 4/10 [00:28<00:42,  0.14it/s, v_num=h5iu, train_loss_step=0.237, val_loss=0.298, train_loss_epoch=0.216]SUCCESS: vision_encoder.blocks.2.1.spatial_block.conv1.fn.dw.weight is Updating! Grad Norm: 0.100472
Epoch 19:  50%|█████     | 5/10 [00:34<00:34,  0.14it/s, v_num=h5iu, train_loss_step=0.237, val_loss=0.298, train_loss_epoch=0.216]Epoch 19:  50%|█████     | 5/10 [00:34<00:34,  0.14it/s, v_num=h5iu, train_loss_step=0.285, val_loss=0.298, train_loss_epoch=0.216]SUCCESS: vision_encoder.blocks.2.1.spatial_block.conv1.fn.dw.weight is Updating! Grad Norm: 0.212787
Epoch 19:  60%|██████    | 6/10 [00:41<00:27,  0.15it/s, v_num=h5iu, train_loss_step=0.285, val_loss=0.298, train_loss_epoch=0.216]Epoch 19:  60%|██████    | 6/10 [00:41<00:27,  0.15it/s, v_num=h5iu, train_loss_step=0.219, val_loss=0.298, train_loss_epoch=0.216]SUCCESS: vision_encoder.blocks.2.1.spatial_block.conv1.fn.dw.weight is Updating! Grad Norm: 0.084717
Epoch 19:  70%|███████   | 7/10 [00:47<00:20,  0.15it/s, v_num=h5iu, train_loss_step=0.219, val_loss=0.298, train_loss_epoch=0.216]Epoch 19:  70%|███████   | 7/10 [00:47<00:20,  0.15it/s, v_num=h5iu, train_loss_step=0.121, val_loss=0.298, train_loss_epoch=0.216]SUCCESS: vision_encoder.blocks.2.1.spatial_block.conv1.fn.dw.weight is Updating! Grad Norm: 0.095473
Epoch 19:  80%|████████  | 8/10 [00:54<00:13,  0.15it/s, v_num=h5iu, train_loss_step=0.121, val_loss=0.298, train_loss_epoch=0.216]Epoch 19:  80%|████████  | 8/10 [00:54<00:13,  0.15it/s, v_num=h5iu, train_loss_step=0.0679, val_loss=0.298, train_loss_epoch=0.216]SUCCESS: vision_encoder.blocks.2.1.spatial_block.conv1.fn.dw.weight is Updating! Grad Norm: 0.225207
Epoch 19:  90%|█████████ | 9/10 [01:00<00:06,  0.15it/s, v_num=h5iu, train_loss_step=0.0679, val_loss=0.298, train_loss_epoch=0.216]Epoch 19:  90%|█████████ | 9/10 [01:00<00:06,  0.15it/s, v_num=h5iu, train_loss_step=0.209, val_loss=0.298, train_loss_epoch=0.216] SUCCESS: vision_encoder.blocks.2.1.spatial_block.conv1.fn.dw.weight is Updating! Grad Norm: 0.138403
Epoch 19: 100%|██████████| 10/10 [01:07<00:00,  0.15it/s, v_num=h5iu, train_loss_step=0.209, val_loss=0.298, train_loss_epoch=0.216]Epoch 19: 100%|██████████| 10/10 [01:07<00:00,  0.15it/s, v_num=h5iu, train_loss_step=0.248, val_loss=0.298, train_loss_epoch=0.216]
Validation: |          | 0/? [00:00<?, ?it/s][A
Validation:   0%|          | 0/4 [00:00<?, ?it/s][A
Validation DataLoader 0:   0%|          | 0/4 [00:00<?, ?it/s][Atensor(2.0155, device='cuda:0')
tensor(0.0463, device='cuda:0')

Validation DataLoader 0:  25%|██▌       | 1/4 [00:01<00:04,  0.66it/s][Atensor(1.9699, device='cuda:0')
tensor(-0.2690, device='cuda:0')

Validation DataLoader 0:  50%|█████     | 2/4 [00:03<00:03,  0.65it/s][Atensor(1.9172, device='cuda:0')
tensor(-0.6372, device='cuda:0')

Validation DataLoader 0:  75%|███████▌  | 3/4 [00:04<00:01,  0.65it/s][Atensor(1.7922, device='cuda:0')
tensor(-0.0804, device='cuda:0')

Validation DataLoader 0: 100%|██████████| 4/4 [00:05<00:00,  0.77it/s][A
==================================================
Stage: VAL
Predicted class distribution: 0s = 98, 1s = 9
Actual label distribution:    0s = 80, 1s = 27
Actual Imbalance Ratio (0:1): 2.96:1
==================================================
✅ Model is predicting both classes.
Saved test predictions and probabilities to validation_results_fold_final.xlsx

                                                                      [AEpoch 19: 100%|██████████| 10/10 [01:13<00:00,  0.14it/s, v_num=h5iu, train_loss_step=0.248, val_loss=0.351, train_loss_epoch=0.216]Epoch 19: 100%|██████████| 10/10 [01:13<00:00,  0.14it/s, v_num=h5iu, train_loss_step=0.248, val_loss=0.351, train_loss_epoch=0.213]Epoch 19:   0%|          | 0/10 [00:00<?, ?it/s, v_num=h5iu, train_loss_step=0.248, val_loss=0.351, train_loss_epoch=0.213]         Epoch 20:   0%|          | 0/10 [00:00<?, ?it/s, v_num=h5iu, train_loss_step=0.248, val_loss=0.351, train_loss_epoch=0.213]SUCCESS: vision_encoder.blocks.2.1.spatial_block.conv1.fn.dw.weight is Updating! Grad Norm: 0.092133
Epoch 20:  10%|█         | 1/10 [00:08<01:15,  0.12it/s, v_num=h5iu, train_loss_step=0.248, val_loss=0.351, train_loss_epoch=0.213]Epoch 20:  10%|█         | 1/10 [00:08<01:16,  0.12it/s, v_num=h5iu, train_loss_step=0.156, val_loss=0.351, train_loss_epoch=0.213]SUCCESS: vision_encoder.blocks.2.1.spatial_block.conv1.fn.dw.weight is Updating! Grad Norm: 2577.189941
Epoch 20:  20%|██        | 2/10 [00:14<00:59,  0.13it/s, v_num=h5iu, train_loss_step=0.156, val_loss=0.351, train_loss_epoch=0.213]Epoch 20:  20%|██        | 2/10 [00:14<00:59,  0.13it/s, v_num=h5iu, train_loss_step=228.0, val_loss=0.351, train_loss_epoch=0.213]SUCCESS: vision_encoder.blocks.2.1.spatial_block.conv1.fn.dw.weight is Updating! Grad Norm: 0.276011
Epoch 20:  30%|███       | 3/10 [00:21<00:50,  0.14it/s, v_num=h5iu, train_loss_step=228.0, val_loss=0.351, train_loss_epoch=0.213]Epoch 20:  30%|███       | 3/10 [00:21<00:50,  0.14it/s, v_num=h5iu, train_loss_step=0.0678, val_loss=0.351, train_loss_epoch=0.213]SUCCESS: vision_encoder.blocks.2.1.spatial_block.conv1.fn.dw.weight is Updating! Grad Norm: 0.434869
Epoch 20:  40%|████      | 4/10 [00:27<00:41,  0.14it/s, v_num=h5iu, train_loss_step=0.0678, val_loss=0.351, train_loss_epoch=0.213]Epoch 20:  40%|████      | 4/10 [00:27<00:41,  0.14it/s, v_num=h5iu, train_loss_step=0.279, val_loss=0.351, train_loss_epoch=0.213] SUCCESS: vision_encoder.blocks.2.1.spatial_block.conv1.fn.dw.weight is Updating! Grad Norm: 0.579117
Epoch 20:  50%|█████     | 5/10 [00:34<00:34,  0.14it/s, v_num=h5iu, train_loss_step=0.279, val_loss=0.351, train_loss_epoch=0.213]Epoch 20:  50%|█████     | 5/10 [00:34<00:34,  0.14it/s, v_num=h5iu, train_loss_step=0.443, val_loss=0.351, train_loss_epoch=0.213]SUCCESS: vision_encoder.blocks.2.1.spatial_block.conv1.fn.dw.weight is Updating! Grad Norm: 0.311600
Epoch 20:  60%|██████    | 6/10 [00:41<00:27,  0.15it/s, v_num=h5iu, train_loss_step=0.443, val_loss=0.351, train_loss_epoch=0.213]Epoch 20:  60%|██████    | 6/10 [00:41<00:27,  0.15it/s, v_num=h5iu, train_loss_step=0.278, val_loss=0.351, train_loss_epoch=0.213]SUCCESS: vision_encoder.blocks.2.1.spatial_block.conv1.fn.dw.weight is Updating! Grad Norm: 0.250062
Epoch 20:  70%|███████   | 7/10 [00:47<00:20,  0.15it/s, v_num=h5iu, train_loss_step=0.278, val_loss=0.351, train_loss_epoch=0.213]Epoch 20:  70%|███████   | 7/10 [00:47<00:20,  0.15it/s, v_num=h5iu, train_loss_step=0.324, val_loss=0.351, train_loss_epoch=0.213]SUCCESS: vision_encoder.blocks.2.1.spatial_block.conv1.fn.dw.weight is Updating! Grad Norm: 0.210311
Epoch 20:  80%|████████  | 8/10 [00:54<00:13,  0.15it/s, v_num=h5iu, train_loss_step=0.324, val_loss=0.351, train_loss_epoch=0.213]Epoch 20:  80%|████████  | 8/10 [00:54<00:13,  0.15it/s, v_num=h5iu, train_loss_step=0.369, val_loss=0.351, train_loss_epoch=0.213]SUCCESS: vision_encoder.blocks.2.1.spatial_block.conv1.fn.dw.weight is Updating! Grad Norm: 0.106607
Epoch 20:  90%|█████████ | 9/10 [01:00<00:06,  0.15it/s, v_num=h5iu, train_loss_step=0.369, val_loss=0.351, train_loss_epoch=0.213]Epoch 20:  90%|█████████ | 9/10 [01:00<00:06,  0.15it/s, v_num=h5iu, train_loss_step=0.525, val_loss=0.351, train_loss_epoch=0.213]SUCCESS: vision_encoder.blocks.2.1.spatial_block.conv1.fn.dw.weight is Updating! Grad Norm: 0.166755
Epoch 20: 100%|██████████| 10/10 [01:07<00:00,  0.15it/s, v_num=h5iu, train_loss_step=0.525, val_loss=0.351, train_loss_epoch=0.213]Epoch 20: 100%|██████████| 10/10 [01:07<00:00,  0.15it/s, v_num=h5iu, train_loss_step=0.585, val_loss=0.351, train_loss_epoch=0.213]
Validation: |          | 0/? [00:00<?, ?it/s][A
Validation:   0%|          | 0/4 [00:00<?, ?it/s][A
Validation DataLoader 0:   0%|          | 0/4 [00:00<?, ?it/s][Atensor(0.8058, device='cuda:0')
tensor(-0.5768, device='cuda:0')

Validation DataLoader 0:  25%|██▌       | 1/4 [00:01<00:04,  0.65it/s][Atensor(0.2942, device='cuda:0')
tensor(-0.5211, device='cuda:0')

Validation DataLoader 0:  50%|█████     | 2/4 [00:03<00:03,  0.65it/s][Atensor(1.0692, device='cuda:0')
tensor(-0.5297, device='cuda:0')

Validation DataLoader 0:  75%|███████▌  | 3/4 [00:04<00:01,  0.64it/s][Atensor(0.2537, device='cuda:0')
tensor(-0.4972, device='cuda:0')

Validation DataLoader 0: 100%|██████████| 4/4 [00:05<00:00,  0.76it/s][A
==================================================
Stage: VAL
Predicted class distribution: 0s = 4, 1s = 103
Actual label distribution:    0s = 80, 1s = 27
Actual Imbalance Ratio (0:1): 2.96:1
==================================================
✅ Model is predicting both classes.
Saved test predictions and probabilities to validation_results_fold_final.xlsx

                                                                      [AEpoch 20: 100%|██████████| 10/10 [01:13<00:00,  0.14it/s, v_num=h5iu, train_loss_step=0.585, val_loss=0.882, train_loss_epoch=0.213]Epoch 20: 100%|██████████| 10/10 [01:13<00:00,  0.14it/s, v_num=h5iu, train_loss_step=0.585, val_loss=0.882, train_loss_epoch=23.10]Epoch 20:   0%|          | 0/10 [00:00<?, ?it/s, v_num=h5iu, train_loss_step=0.585, val_loss=0.882, train_loss_epoch=23.10]         Epoch 21:   0%|          | 0/10 [00:00<?, ?it/s, v_num=h5iu, train_loss_step=0.585, val_loss=0.882, train_loss_epoch=23.10]SUCCESS: vision_encoder.blocks.2.1.spatial_block.conv1.fn.dw.weight is Updating! Grad Norm: 0.197280
Epoch 21:  10%|█         | 1/10 [00:07<01:09,  0.13it/s, v_num=h5iu, train_loss_step=0.585, val_loss=0.882, train_loss_epoch=23.10]Epoch 21:  10%|█         | 1/10 [00:07<01:10,  0.13it/s, v_num=h5iu, train_loss_step=0.437, val_loss=0.882, train_loss_epoch=23.10]SUCCESS: vision_encoder.blocks.2.1.spatial_block.conv1.fn.dw.weight is Updating! Grad Norm: 0.152313
Epoch 21:  20%|██        | 2/10 [00:14<00:57,  0.14it/s, v_num=h5iu, train_loss_step=0.437, val_loss=0.882, train_loss_epoch=23.10]Epoch 21:  20%|██        | 2/10 [00:14<00:57,  0.14it/s, v_num=h5iu, train_loss_step=0.555, val_loss=0.882, train_loss_epoch=23.10]SUCCESS: vision_encoder.blocks.2.1.spatial_block.conv1.fn.dw.weight is Updating! Grad Norm: 0.137983
Epoch 21:  30%|███       | 3/10 [00:20<00:48,  0.14it/s, v_num=h5iu, train_loss_step=0.555, val_loss=0.882, train_loss_epoch=23.10]Epoch 21:  30%|███       | 3/10 [00:20<00:48,  0.14it/s, v_num=h5iu, train_loss_step=0.570, val_loss=0.882, train_loss_epoch=23.10]SUCCESS: vision_encoder.blocks.2.1.spatial_block.conv1.fn.dw.weight is Updating! Grad Norm: 0.144150
Epoch 21:  40%|████      | 4/10 [00:27<00:41,  0.15it/s, v_num=h5iu, train_loss_step=0.570, val_loss=0.882, train_loss_epoch=23.10]Epoch 21:  40%|████      | 4/10 [00:27<00:41,  0.15it/s, v_num=h5iu, train_loss_step=0.518, val_loss=0.882, train_loss_epoch=23.10]SUCCESS: vision_encoder.blocks.2.1.spatial_block.conv1.fn.dw.weight is Updating! Grad Norm: 0.074078
Epoch 21:  50%|█████     | 5/10 [00:33<00:33,  0.15it/s, v_num=h5iu, train_loss_step=0.518, val_loss=0.882, train_loss_epoch=23.10]Epoch 21:  50%|█████     | 5/10 [00:33<00:33,  0.15it/s, v_num=h5iu, train_loss_step=0.517, val_loss=0.882, train_loss_epoch=23.10]SUCCESS: vision_encoder.blocks.2.1.spatial_block.conv1.fn.dw.weight is Updating! Grad Norm: 0.106683
Epoch 21:  60%|██████    | 6/10 [00:40<00:26,  0.15it/s, v_num=h5iu, train_loss_step=0.517, val_loss=0.882, train_loss_epoch=23.10]Epoch 21:  60%|██████    | 6/10 [00:40<00:26,  0.15it/s, v_num=h5iu, train_loss_step=0.476, val_loss=0.882, train_loss_epoch=23.10]SUCCESS: vision_encoder.blocks.2.1.spatial_block.conv1.fn.dw.weight is Updating! Grad Norm: 0.098217
Epoch 21:  70%|███████   | 7/10 [00:46<00:20,  0.15it/s, v_num=h5iu, train_loss_step=0.476, val_loss=0.882, train_loss_epoch=23.10]Epoch 21:  70%|███████   | 7/10 [00:46<00:20,  0.15it/s, v_num=h5iu, train_loss_step=0.400, val_loss=0.882, train_loss_epoch=23.10]SUCCESS: vision_encoder.blocks.2.1.spatial_block.conv1.fn.dw.weight is Updating! Grad Norm: 0.072193
Epoch 21:  80%|████████  | 8/10 [00:53<00:13,  0.15it/s, v_num=h5iu, train_loss_step=0.400, val_loss=0.882, train_loss_epoch=23.10]Epoch 21:  80%|████████  | 8/10 [00:53<00:13,  0.15it/s, v_num=h5iu, train_loss_step=0.523, val_loss=0.882, train_loss_epoch=23.10]SUCCESS: vision_encoder.blocks.2.1.spatial_block.conv1.fn.dw.weight is Updating! Grad Norm: 0.098193
Epoch 21:  90%|█████████ | 9/10 [01:00<00:06,  0.15it/s, v_num=h5iu, train_loss_step=0.523, val_loss=0.882, train_loss_epoch=23.10]Epoch 21:  90%|█████████ | 9/10 [01:00<00:06,  0.15it/s, v_num=h5iu, train_loss_step=0.514, val_loss=0.882, train_loss_epoch=23.10]SUCCESS: vision_encoder.blocks.2.1.spatial_block.conv1.fn.dw.weight is Updating! Grad Norm: 0.124273
Epoch 21: 100%|██████████| 10/10 [01:06<00:00,  0.15it/s, v_num=h5iu, train_loss_step=0.514, val_loss=0.882, train_loss_epoch=23.10]Epoch 21: 100%|██████████| 10/10 [01:06<00:00,  0.15it/s, v_num=h5iu, train_loss_step=0.602, val_loss=0.882, train_loss_epoch=23.10]
Validation: |          | 0/? [00:00<?, ?it/s][A
Validation:   0%|          | 0/4 [00:00<?, ?it/s][A
Validation DataLoader 0:   0%|          | 0/4 [00:00<?, ?it/s][Atensor(0.5649, device='cuda:0')
tensor(-0.3486, device='cuda:0')

Validation DataLoader 0:  25%|██▌       | 1/4 [00:01<00:04,  0.65it/s][Atensor(0.3007, device='cuda:0')
tensor(-0.3136, device='cuda:0')

Validation DataLoader 0:  50%|█████     | 2/4 [00:03<00:03,  0.65it/s][Atensor(0.8274, device='cuda:0')
tensor(-0.2930, device='cuda:0')

Validation DataLoader 0:  75%|███████▌  | 3/4 [00:04<00:01,  0.64it/s][Atensor(0.4417, device='cuda:0')
tensor(-0.2553, device='cuda:0')

Validation DataLoader 0: 100%|██████████| 4/4 [00:05<00:00,  0.76it/s][A
==================================================
Stage: VAL
Predicted class distribution: 0s = 11, 1s = 96
Actual label distribution:    0s = 80, 1s = 27
Actual Imbalance Ratio (0:1): 2.96:1
==================================================
✅ Model is predicting both classes.
Saved test predictions and probabilities to validation_results_fold_final.xlsx

                                                                      [AEpoch 21: 100%|██████████| 10/10 [01:12<00:00,  0.14it/s, v_num=h5iu, train_loss_step=0.602, val_loss=0.715, train_loss_epoch=23.10]Epoch 21: 100%|██████████| 10/10 [01:12<00:00,  0.14it/s, v_num=h5iu, train_loss_step=0.602, val_loss=0.715, train_loss_epoch=0.511]Epoch 21:   0%|          | 0/10 [00:00<?, ?it/s, v_num=h5iu, train_loss_step=0.602, val_loss=0.715, train_loss_epoch=0.511]         Epoch 22:   0%|          | 0/10 [00:00<?, ?it/s, v_num=h5iu, train_loss_step=0.602, val_loss=0.715, train_loss_epoch=0.511]SUCCESS: vision_encoder.blocks.2.1.spatial_block.conv1.fn.dw.weight is Updating! Grad Norm: 0.077873
Epoch 22:  10%|█         | 1/10 [00:07<01:09,  0.13it/s, v_num=h5iu, train_loss_step=0.602, val_loss=0.715, train_loss_epoch=0.511]Epoch 22:  10%|█         | 1/10 [00:07<01:09,  0.13it/s, v_num=h5iu, train_loss_step=0.554, val_loss=0.715, train_loss_epoch=0.511]SUCCESS: vision_encoder.blocks.2.1.spatial_block.conv1.fn.dw.weight is Updating! Grad Norm: 0.132719
Epoch 22:  20%|██        | 2/10 [00:14<00:56,  0.14it/s, v_num=h5iu, train_loss_step=0.554, val_loss=0.715, train_loss_epoch=0.511]Epoch 22:  20%|██        | 2/10 [00:14<00:57,  0.14it/s, v_num=h5iu, train_loss_step=0.630, val_loss=0.715, train_loss_epoch=0.511]SUCCESS: vision_encoder.blocks.2.1.spatial_block.conv1.fn.dw.weight is Updating! Grad Norm: 0.081229
Epoch 22:  30%|███       | 3/10 [00:20<00:48,  0.14it/s, v_num=h5iu, train_loss_step=0.630, val_loss=0.715, train_loss_epoch=0.511]Epoch 22:  30%|███       | 3/10 [00:20<00:48,  0.14it/s, v_num=h5iu, train_loss_step=0.523, val_loss=0.715, train_loss_epoch=0.511]SUCCESS: vision_encoder.blocks.2.1.spatial_block.conv1.fn.dw.weight is Updating! Grad Norm: 0.122749
Epoch 22:  40%|████      | 4/10 [00:27<00:40,  0.15it/s, v_num=h5iu, train_loss_step=0.523, val_loss=0.715, train_loss_epoch=0.511]Epoch 22:  40%|████      | 4/10 [00:27<00:40,  0.15it/s, v_num=h5iu, train_loss_step=0.564, val_loss=0.715, train_loss_epoch=0.511]SUCCESS: vision_encoder.blocks.2.1.spatial_block.conv1.fn.dw.weight is Updating! Grad Norm: 0.065079
Epoch 22:  50%|█████     | 5/10 [00:33<00:33,  0.15it/s, v_num=h5iu, train_loss_step=0.564, val_loss=0.715, train_loss_epoch=0.511]Epoch 22:  50%|█████     | 5/10 [00:33<00:33,  0.15it/s, v_num=h5iu, train_loss_step=0.507, val_loss=0.715, train_loss_epoch=0.511]SUCCESS: vision_encoder.blocks.2.1.spatial_block.conv1.fn.dw.weight is Updating! Grad Norm: 0.092210
Epoch 22:  60%|██████    | 6/10 [00:40<00:26,  0.15it/s, v_num=h5iu, train_loss_step=0.507, val_loss=0.715, train_loss_epoch=0.511]Epoch 22:  60%|██████    | 6/10 [00:40<00:26,  0.15it/s, v_num=h5iu, train_loss_step=0.397, val_loss=0.715, train_loss_epoch=0.511]SUCCESS: vision_encoder.blocks.2.1.spatial_block.conv1.fn.dw.weight is Updating! Grad Norm: 0.100954
Epoch 22:  70%|███████   | 7/10 [00:46<00:20,  0.15it/s, v_num=h5iu, train_loss_step=0.397, val_loss=0.715, train_loss_epoch=0.511]Epoch 22:  70%|███████   | 7/10 [00:46<00:20,  0.15it/s, v_num=h5iu, train_loss_step=0.447, val_loss=0.715, train_loss_epoch=0.511]SUCCESS: vision_encoder.blocks.2.1.spatial_block.conv1.fn.dw.weight is Updating! Grad Norm: 0.106549
Epoch 22:  80%|████████  | 8/10 [00:53<00:13,  0.15it/s, v_num=h5iu, train_loss_step=0.447, val_loss=0.715, train_loss_epoch=0.511]Epoch 22:  80%|████████  | 8/10 [00:53<00:13,  0.15it/s, v_num=h5iu, train_loss_step=0.591, val_loss=0.715, train_loss_epoch=0.511]SUCCESS: vision_encoder.blocks.2.1.spatial_block.conv1.fn.dw.weight is Updating! Grad Norm: 0.077254
Epoch 22:  90%|█████████ | 9/10 [00:59<00:06,  0.15it/s, v_num=h5iu, train_loss_step=0.591, val_loss=0.715, train_loss_epoch=0.511]Epoch 22:  90%|█████████ | 9/10 [00:59<00:06,  0.15it/s, v_num=h5iu, train_loss_step=0.514, val_loss=0.715, train_loss_epoch=0.511]SUCCESS: vision_encoder.blocks.2.1.spatial_block.conv1.fn.dw.weight is Updating! Grad Norm: 0.080214
Epoch 22: 100%|██████████| 10/10 [01:06<00:00,  0.15it/s, v_num=h5iu, train_loss_step=0.514, val_loss=0.715, train_loss_epoch=0.511]Epoch 22: 100%|██████████| 10/10 [01:06<00:00,  0.15it/s, v_num=h5iu, train_loss_step=0.519, val_loss=0.715, train_loss_epoch=0.511]
Validation: |          | 0/? [00:00<?, ?it/s][A
Validation:   0%|          | 0/4 [00:00<?, ?it/s][A
Validation DataLoader 0:   0%|          | 0/4 [00:00<?, ?it/s][Atensor(0.8102, device='cuda:0')
tensor(-0.2647, device='cuda:0')

Validation DataLoader 0:  25%|██▌       | 1/4 [00:01<00:04,  0.65it/s][Atensor(0.5068, device='cuda:0')
tensor(-0.2427, device='cuda:0')

Validation DataLoader 0:  50%|█████     | 2/4 [00:03<00:03,  0.65it/s][Atensor(1.1367, device='cuda:0')
tensor(-0.2203, device='cuda:0')

Validation DataLoader 0:  75%|███████▌  | 3/4 [00:04<00:01,  0.64it/s][Atensor(0.7016, device='cuda:0')
tensor(-0.1751, device='cuda:0')

Validation DataLoader 0: 100%|██████████| 4/4 [00:05<00:00,  0.76it/s][A
==================================================
Stage: VAL
Predicted class distribution: 0s = 25, 1s = 82
Actual label distribution:    0s = 80, 1s = 27
Actual Imbalance Ratio (0:1): 2.96:1
==================================================
✅ Model is predicting both classes.
Saved test predictions and probabilities to validation_results_fold_final.xlsx

                                                                      [AEpoch 22: 100%|██████████| 10/10 [01:12<00:00,  0.14it/s, v_num=h5iu, train_loss_step=0.519, val_loss=0.638, train_loss_epoch=0.511]Epoch 22: 100%|██████████| 10/10 [01:12<00:00,  0.14it/s, v_num=h5iu, train_loss_step=0.519, val_loss=0.638, train_loss_epoch=0.525]Epoch 22:   0%|          | 0/10 [00:00<?, ?it/s, v_num=h5iu, train_loss_step=0.519, val_loss=0.638, train_loss_epoch=0.525]         Epoch 23:   0%|          | 0/10 [00:00<?, ?it/s, v_num=h5iu, train_loss_step=0.519, val_loss=0.638, train_loss_epoch=0.525]SUCCESS: vision_encoder.blocks.2.1.spatial_block.conv1.fn.dw.weight is Updating! Grad Norm: 0.068772
Epoch 23:  10%|█         | 1/10 [00:07<01:06,  0.14it/s, v_num=h5iu, train_loss_step=0.519, val_loss=0.638, train_loss_epoch=0.525]Epoch 23:  10%|█         | 1/10 [00:07<01:06,  0.13it/s, v_num=h5iu, train_loss_step=0.536, val_loss=0.638, train_loss_epoch=0.525]SUCCESS: vision_encoder.blocks.2.1.spatial_block.conv1.fn.dw.weight is Updating! Grad Norm: 0.082913
Epoch 23:  20%|██        | 2/10 [00:13<00:55,  0.14it/s, v_num=h5iu, train_loss_step=0.536, val_loss=0.638, train_loss_epoch=0.525]Epoch 23:  20%|██        | 2/10 [00:13<00:55,  0.14it/s, v_num=h5iu, train_loss_step=0.457, val_loss=0.638, train_loss_epoch=0.525]SUCCESS: vision_encoder.blocks.2.1.spatial_block.conv1.fn.dw.weight is Updating! Grad Norm: 0.075401
Epoch 23:  30%|███       | 3/10 [00:20<00:47,  0.15it/s, v_num=h5iu, train_loss_step=0.457, val_loss=0.638, train_loss_epoch=0.525]Epoch 23:  30%|███       | 3/10 [00:20<00:47,  0.15it/s, v_num=h5iu, train_loss_step=0.542, val_loss=0.638, train_loss_epoch=0.525]SUCCESS: vision_encoder.blocks.2.1.spatial_block.conv1.fn.dw.weight is Updating! Grad Norm: 0.088619
Epoch 23:  40%|████      | 4/10 [00:26<00:40,  0.15it/s, v_num=h5iu, train_loss_step=0.542, val_loss=0.638, train_loss_epoch=0.525]Epoch 23:  40%|████      | 4/10 [00:27<00:40,  0.15it/s, v_num=h5iu, train_loss_step=0.478, val_loss=0.638, train_loss_epoch=0.525]SUCCESS: vision_encoder.blocks.2.1.spatial_block.conv1.fn.dw.weight is Updating! Grad Norm: 0.080977
Epoch 23:  50%|█████     | 5/10 [00:33<00:33,  0.15it/s, v_num=h5iu, train_loss_step=0.478, val_loss=0.638, train_loss_epoch=0.525]Epoch 23:  50%|█████     | 5/10 [00:33<00:33,  0.15it/s, v_num=h5iu, train_loss_step=0.524, val_loss=0.638, train_loss_epoch=0.525]SUCCESS: vision_encoder.blocks.2.1.spatial_block.conv1.fn.dw.weight is Updating! Grad Norm: 0.088304
Epoch 23:  60%|██████    | 6/10 [00:40<00:26,  0.15it/s, v_num=h5iu, train_loss_step=0.524, val_loss=0.638, train_loss_epoch=0.525]Epoch 23:  60%|██████    | 6/10 [00:40<00:26,  0.15it/s, v_num=h5iu, train_loss_step=0.487, val_loss=0.638, train_loss_epoch=0.525]SUCCESS: vision_encoder.blocks.2.1.spatial_block.conv1.fn.dw.weight is Updating! Grad Norm: 0.086706
Epoch 23:  70%|███████   | 7/10 [00:46<00:19,  0.15it/s, v_num=h5iu, train_loss_step=0.487, val_loss=0.638, train_loss_epoch=0.525]Epoch 23:  70%|███████   | 7/10 [00:46<00:19,  0.15it/s, v_num=h5iu, train_loss_step=0.485, val_loss=0.638, train_loss_epoch=0.525]SUCCESS: vision_encoder.blocks.2.1.spatial_block.conv1.fn.dw.weight is Updating! Grad Norm: 0.064360
Epoch 23:  80%|████████  | 8/10 [00:53<00:13,  0.15it/s, v_num=h5iu, train_loss_step=0.485, val_loss=0.638, train_loss_epoch=0.525]Epoch 23:  80%|████████  | 8/10 [00:53<00:13,  0.15it/s, v_num=h5iu, train_loss_step=0.462, val_loss=0.638, train_loss_epoch=0.525]SUCCESS: vision_encoder.blocks.2.1.spatial_block.conv1.fn.dw.weight is Updating! Grad Norm: 0.094165
Epoch 23:  90%|█████████ | 9/10 [00:59<00:06,  0.15it/s, v_num=h5iu, train_loss_step=0.462, val_loss=0.638, train_loss_epoch=0.525]Epoch 23:  90%|█████████ | 9/10 [00:59<00:06,  0.15it/s, v_num=h5iu, train_loss_step=0.508, val_loss=0.638, train_loss_epoch=0.525]SUCCESS: vision_encoder.blocks.2.1.spatial_block.conv1.fn.dw.weight is Updating! Grad Norm: 0.122101
Epoch 23: 100%|██████████| 10/10 [01:06<00:00,  0.15it/s, v_num=h5iu, train_loss_step=0.508, val_loss=0.638, train_loss_epoch=0.525]Epoch 23: 100%|██████████| 10/10 [01:06<00:00,  0.15it/s, v_num=h5iu, train_loss_step=0.534, val_loss=0.638, train_loss_epoch=0.525]
Validation: |          | 0/? [00:00<?, ?it/s][A
Validation:   0%|          | 0/4 [00:00<?, ?it/s][A
Validation DataLoader 0:   0%|          | 0/4 [00:00<?, ?it/s][Atensor(0.9812, device='cuda:0')
tensor(-0.2190, device='cuda:0')

Validation DataLoader 0:  25%|██▌       | 1/4 [00:01<00:04,  0.65it/s][Atensor(0.6418, device='cuda:0')
tensor(-0.2084, device='cuda:0')

Validation DataLoader 0:  50%|█████     | 2/4 [00:03<00:03,  0.65it/s][Atensor(1.3200, device='cuda:0')
tensor(-0.1888, device='cuda:0')

Validation DataLoader 0:  75%|███████▌  | 3/4 [00:04<00:01,  0.64it/s][Atensor(0.8596, device='cuda:0')
tensor(-0.1368, device='cuda:0')

Validation DataLoader 0: 100%|██████████| 4/4 [00:05<00:00,  0.76it/s][A
==================================================
Stage: VAL
Predicted class distribution: 0s = 31, 1s = 76
Actual label distribution:    0s = 80, 1s = 27
Actual Imbalance Ratio (0:1): 2.96:1
==================================================
✅ Model is predicting both classes.
Saved test predictions and probabilities to validation_results_fold_final.xlsx

                                                                      [AEpoch 23: 100%|██████████| 10/10 [01:11<00:00,  0.14it/s, v_num=h5iu, train_loss_step=0.534, val_loss=0.591, train_loss_epoch=0.525]Epoch 23: 100%|██████████| 10/10 [01:11<00:00,  0.14it/s, v_num=h5iu, train_loss_step=0.534, val_loss=0.591, train_loss_epoch=0.501]Epoch 23:   0%|          | 0/10 [00:00<?, ?it/s, v_num=h5iu, train_loss_step=0.534, val_loss=0.591, train_loss_epoch=0.501]         Epoch 24:   0%|          | 0/10 [00:00<?, ?it/s, v_num=h5iu, train_loss_step=0.534, val_loss=0.591, train_loss_epoch=0.501]SUCCESS: vision_encoder.blocks.2.1.spatial_block.conv1.fn.dw.weight is Updating! Grad Norm: 0.066239
Epoch 24:  10%|█         | 1/10 [00:07<01:09,  0.13it/s, v_num=h5iu, train_loss_step=0.534, val_loss=0.591, train_loss_epoch=0.501]Epoch 24:  10%|█         | 1/10 [00:07<01:09,  0.13it/s, v_num=h5iu, train_loss_step=0.534, val_loss=0.591, train_loss_epoch=0.501]SUCCESS: vision_encoder.blocks.2.1.spatial_block.conv1.fn.dw.weight is Updating! Grad Norm: 0.066476
Epoch 24:  20%|██        | 2/10 [00:14<00:56,  0.14it/s, v_num=h5iu, train_loss_step=0.534, val_loss=0.591, train_loss_epoch=0.501]Epoch 24:  20%|██        | 2/10 [00:14<00:57,  0.14it/s, v_num=h5iu, train_loss_step=0.432, val_loss=0.591, train_loss_epoch=0.501]SUCCESS: vision_encoder.blocks.2.1.spatial_block.conv1.fn.dw.weight is Updating! Grad Norm: 0.106473
Epoch 24:  30%|███       | 3/10 [00:20<00:48,  0.14it/s, v_num=h5iu, train_loss_step=0.432, val_loss=0.591, train_loss_epoch=0.501]Epoch 24:  30%|███       | 3/10 [00:20<00:48,  0.14it/s, v_num=h5iu, train_loss_step=0.499, val_loss=0.591, train_loss_epoch=0.501]SUCCESS: vision_encoder.blocks.2.1.spatial_block.conv1.fn.dw.weight is Updating! Grad Norm: 0.055913
Epoch 24:  40%|████      | 4/10 [00:27<00:40,  0.15it/s, v_num=h5iu, train_loss_step=0.499, val_loss=0.591, train_loss_epoch=0.501]Epoch 24:  40%|████      | 4/10 [00:27<00:40,  0.15it/s, v_num=h5iu, train_loss_step=0.582, val_loss=0.591, train_loss_epoch=0.501]SUCCESS: vision_encoder.blocks.2.1.spatial_block.conv1.fn.dw.weight is Updating! Grad Norm: 0.101975
Epoch 24:  50%|█████     | 5/10 [00:33<00:33,  0.15it/s, v_num=h5iu, train_loss_step=0.582, val_loss=0.591, train_loss_epoch=0.501]Epoch 24:  50%|█████     | 5/10 [00:33<00:33,  0.15it/s, v_num=h5iu, train_loss_step=0.481, val_loss=0.591, train_loss_epoch=0.501]SUCCESS: vision_encoder.blocks.2.1.spatial_block.conv1.fn.dw.weight is Updating! Grad Norm: 0.083955
Epoch 24:  60%|██████    | 6/10 [00:40<00:26,  0.15it/s, v_num=h5iu, train_loss_step=0.481, val_loss=0.591, train_loss_epoch=0.501]Epoch 24:  60%|██████    | 6/10 [00:40<00:26,  0.15it/s, v_num=h5iu, train_loss_step=0.484, val_loss=0.591, train_loss_epoch=0.501]SUCCESS: vision_encoder.blocks.2.1.spatial_block.conv1.fn.dw.weight is Updating! Grad Norm: 0.059301
Epoch 24:  70%|███████   | 7/10 [00:46<00:20,  0.15it/s, v_num=h5iu, train_loss_step=0.484, val_loss=0.591, train_loss_epoch=0.501]Epoch 24:  70%|███████   | 7/10 [00:46<00:20,  0.15it/s, v_num=h5iu, train_loss_step=0.478, val_loss=0.591, train_loss_epoch=0.501]SUCCESS: vision_encoder.blocks.2.1.spatial_block.conv1.fn.dw.weight is Updating! Grad Norm: 0.087992
Epoch 24:  80%|████████  | 8/10 [00:53<00:13,  0.15it/s, v_num=h5iu, train_loss_step=0.478, val_loss=0.591, train_loss_epoch=0.501]Epoch 24:  80%|████████  | 8/10 [00:53<00:13,  0.15it/s, v_num=h5iu, train_loss_step=0.529, val_loss=0.591, train_loss_epoch=0.501]SUCCESS: vision_encoder.blocks.2.1.spatial_block.conv1.fn.dw.weight is Updating! Grad Norm: 0.064556
Epoch 24:  90%|█████████ | 9/10 [00:59<00:06,  0.15it/s, v_num=h5iu, train_loss_step=0.529, val_loss=0.591, train_loss_epoch=0.501]Epoch 24:  90%|█████████ | 9/10 [00:59<00:06,  0.15it/s, v_num=h5iu, train_loss_step=0.416, val_loss=0.591, train_loss_epoch=0.501]SUCCESS: vision_encoder.blocks.2.1.spatial_block.conv1.fn.dw.weight is Updating! Grad Norm: 0.085351
Epoch 24: 100%|██████████| 10/10 [01:06<00:00,  0.15it/s, v_num=h5iu, train_loss_step=0.416, val_loss=0.591, train_loss_epoch=0.501]Epoch 24: 100%|██████████| 10/10 [01:06<00:00,  0.15it/s, v_num=h5iu, train_loss_step=0.551, val_loss=0.591, train_loss_epoch=0.501]
Validation: |          | 0/? [00:00<?, ?it/s][A
Validation:   0%|          | 0/4 [00:00<?, ?it/s][A
Validation DataLoader 0:   0%|          | 0/4 [00:00<?, ?it/s][Atensor(1.0346, device='cuda:0')
tensor(-0.2128, device='cuda:0')

Validation DataLoader 0:  25%|██▌       | 1/4 [00:01<00:04,  0.65it/s][Atensor(0.6809, device='cuda:0')
tensor(-0.2000, device='cuda:0')

Validation DataLoader 0:  50%|█████     | 2/4 [00:03<00:03,  0.65it/s][Atensor(1.3294, device='cuda:0')
tensor(-0.1880, device='cuda:0')

Validation DataLoader 0:  75%|███████▌  | 3/4 [00:04<00:01,  0.64it/s][Atensor(0.9109, device='cuda:0')
tensor(-0.1350, device='cuda:0')

Validation DataLoader 0: 100%|██████████| 4/4 [00:05<00:00,  0.76it/s][A
==================================================
Stage: VAL
Predicted class distribution: 0s = 35, 1s = 72
Actual label distribution:    0s = 80, 1s = 27
Actual Imbalance Ratio (0:1): 2.96:1
==================================================
✅ Model is predicting both classes.
Saved test predictions and probabilities to validation_results_fold_final.xlsx

                                                                      [AEpoch 24: 100%|██████████| 10/10 [01:12<00:00,  0.14it/s, v_num=h5iu, train_loss_step=0.551, val_loss=0.577, train_loss_epoch=0.501]Epoch 24: 100%|██████████| 10/10 [01:12<00:00,  0.14it/s, v_num=h5iu, train_loss_step=0.551, val_loss=0.577, train_loss_epoch=0.499]Epoch 24:   0%|          | 0/10 [00:00<?, ?it/s, v_num=h5iu, train_loss_step=0.551, val_loss=0.577, train_loss_epoch=0.499]         Epoch 25:   0%|          | 0/10 [00:00<?, ?it/s, v_num=h5iu, train_loss_step=0.551, val_loss=0.577, train_loss_epoch=0.499]SUCCESS: vision_encoder.blocks.2.1.spatial_block.conv1.fn.dw.weight is Updating! Grad Norm: 0.080562
Epoch 25:  10%|█         | 1/10 [00:07<01:09,  0.13it/s, v_num=h5iu, train_loss_step=0.551, val_loss=0.577, train_loss_epoch=0.499]Epoch 25:  10%|█         | 1/10 [00:07<01:09,  0.13it/s, v_num=h5iu, train_loss_step=0.506, val_loss=0.577, train_loss_epoch=0.499]SUCCESS: vision_encoder.blocks.2.1.spatial_block.conv1.fn.dw.weight is Updating! Grad Norm: 0.103736
Epoch 25:  20%|██        | 2/10 [00:14<00:56,  0.14it/s, v_num=h5iu, train_loss_step=0.506, val_loss=0.577, train_loss_epoch=0.499]Epoch 25:  20%|██        | 2/10 [00:14<00:56,  0.14it/s, v_num=h5iu, train_loss_step=0.459, val_loss=0.577, train_loss_epoch=0.499]SUCCESS: vision_encoder.blocks.2.1.spatial_block.conv1.fn.dw.weight is Updating! Grad Norm: 0.071470
Epoch 25:  30%|███       | 3/10 [00:20<00:48,  0.14it/s, v_num=h5iu, train_loss_step=0.459, val_loss=0.577, train_loss_epoch=0.499]Epoch 25:  30%|███       | 3/10 [00:20<00:48,  0.14it/s, v_num=h5iu, train_loss_step=0.492, val_loss=0.577, train_loss_epoch=0.499]SUCCESS: vision_encoder.blocks.2.1.spatial_block.conv1.fn.dw.weight is Updating! Grad Norm: 0.122904
Epoch 25:  40%|████      | 4/10 [00:27<00:40,  0.15it/s, v_num=h5iu, train_loss_step=0.492, val_loss=0.577, train_loss_epoch=0.499]Epoch 25:  40%|████      | 4/10 [00:27<00:40,  0.15it/s, v_num=h5iu, train_loss_step=0.512, val_loss=0.577, train_loss_epoch=0.499]SUCCESS: vision_encoder.blocks.2.1.spatial_block.conv1.fn.dw.weight is Updating! Grad Norm: 0.056653
Epoch 25:  50%|█████     | 5/10 [00:33<00:33,  0.15it/s, v_num=h5iu, train_loss_step=0.512, val_loss=0.577, train_loss_epoch=0.499]Epoch 25:  50%|█████     | 5/10 [00:33<00:33,  0.15it/s, v_num=h5iu, train_loss_step=0.497, val_loss=0.577, train_loss_epoch=0.499]SUCCESS: vision_encoder.blocks.2.1.spatial_block.conv1.fn.dw.weight is Updating! Grad Norm: 0.080747
Epoch 25:  60%|██████    | 6/10 [00:40<00:26,  0.15it/s, v_num=h5iu, train_loss_step=0.497, val_loss=0.577, train_loss_epoch=0.499]Epoch 25:  60%|██████    | 6/10 [00:40<00:26,  0.15it/s, v_num=h5iu, train_loss_step=0.446, val_loss=0.577, train_loss_epoch=0.499]SUCCESS: vision_encoder.blocks.2.1.spatial_block.conv1.fn.dw.weight is Updating! Grad Norm: 0.068303
Epoch 25:  70%|███████   | 7/10 [00:46<00:20,  0.15it/s, v_num=h5iu, train_loss_step=0.446, val_loss=0.577, train_loss_epoch=0.499]Epoch 25:  70%|███████   | 7/10 [00:46<00:20,  0.15it/s, v_num=h5iu, train_loss_step=0.542, val_loss=0.577, train_loss_epoch=0.499]SUCCESS: vision_encoder.blocks.2.1.spatial_block.conv1.fn.dw.weight is Updating! Grad Norm: 0.059292
Epoch 25:  80%|████████  | 8/10 [00:53<00:13,  0.15it/s, v_num=h5iu, train_loss_step=0.542, val_loss=0.577, train_loss_epoch=0.499]Epoch 25:  80%|████████  | 8/10 [00:53<00:13,  0.15it/s, v_num=h5iu, train_loss_step=0.502, val_loss=0.577, train_loss_epoch=0.499]SUCCESS: vision_encoder.blocks.2.1.spatial_block.conv1.fn.dw.weight is Updating! Grad Norm: 0.088405
Epoch 25:  90%|█████████ | 9/10 [00:59<00:06,  0.15it/s, v_num=h5iu, train_loss_step=0.502, val_loss=0.577, train_loss_epoch=0.499]Epoch 25:  90%|█████████ | 9/10 [00:59<00:06,  0.15it/s, v_num=h5iu, train_loss_step=0.530, val_loss=0.577, train_loss_epoch=0.499]SUCCESS: vision_encoder.blocks.2.1.spatial_block.conv1.fn.dw.weight is Updating! Grad Norm: 0.077925
Epoch 25: 100%|██████████| 10/10 [01:06<00:00,  0.15it/s, v_num=h5iu, train_loss_step=0.530, val_loss=0.577, train_loss_epoch=0.499]Epoch 25: 100%|██████████| 10/10 [01:06<00:00,  0.15it/s, v_num=h5iu, train_loss_step=0.543, val_loss=0.577, train_loss_epoch=0.499]
Validation: |          | 0/? [00:00<?, ?it/s][A
Validation:   0%|          | 0/4 [00:00<?, ?it/s][A
Validation DataLoader 0:   0%|          | 0/4 [00:00<?, ?it/s][Atensor(1.0641, device='cuda:0')
tensor(-0.2161, device='cuda:0')

Validation DataLoader 0:  25%|██▌       | 1/4 [00:01<00:04,  0.65it/s][Atensor(0.7060, device='cuda:0')
tensor(-0.2061, device='cuda:0')

Validation DataLoader 0:  50%|█████     | 2/4 [00:03<00:03,  0.65it/s][Atensor(1.3071, device='cuda:0')
tensor(-0.1918, device='cuda:0')

Validation DataLoader 0:  75%|███████▌  | 3/4 [00:04<00:01,  0.64it/s][Atensor(0.9433, device='cuda:0')
tensor(-0.1379, device='cuda:0')

Validation DataLoader 0: 100%|██████████| 4/4 [00:05<00:00,  0.76it/s][A
==================================================
Stage: VAL
Predicted class distribution: 0s = 36, 1s = 71
Actual label distribution:    0s = 80, 1s = 27
Actual Imbalance Ratio (0:1): 2.96:1
==================================================
✅ Model is predicting both classes.
Saved test predictions and probabilities to validation_results_fold_final.xlsx

                                                                      [AEpoch 25: 100%|██████████| 10/10 [01:12<00:00,  0.14it/s, v_num=h5iu, train_loss_step=0.543, val_loss=0.571, train_loss_epoch=0.499]Epoch 25: 100%|██████████| 10/10 [01:12<00:00,  0.14it/s, v_num=h5iu, train_loss_step=0.543, val_loss=0.571, train_loss_epoch=0.503]Epoch 25:   0%|          | 0/10 [00:00<?, ?it/s, v_num=h5iu, train_loss_step=0.543, val_loss=0.571, train_loss_epoch=0.503]         Epoch 26:   0%|          | 0/10 [00:00<?, ?it/s, v_num=h5iu, train_loss_step=0.543, val_loss=0.571, train_loss_epoch=0.503]SUCCESS: vision_encoder.blocks.2.1.spatial_block.conv1.fn.dw.weight is Updating! Grad Norm: 0.071014
Epoch 26:  10%|█         | 1/10 [00:07<01:09,  0.13it/s, v_num=h5iu, train_loss_step=0.543, val_loss=0.571, train_loss_epoch=0.503]Epoch 26:  10%|█         | 1/10 [00:07<01:09,  0.13it/s, v_num=h5iu, train_loss_step=0.577, val_loss=0.571, train_loss_epoch=0.503]SUCCESS: vision_encoder.blocks.2.1.spatial_block.conv1.fn.dw.weight is Updating! Grad Norm: 0.184702
Epoch 26:  20%|██        | 2/10 [00:14<00:57,  0.14it/s, v_num=h5iu, train_loss_step=0.577, val_loss=0.571, train_loss_epoch=0.503]Epoch 26:  20%|██        | 2/10 [00:14<00:57,  0.14it/s, v_num=h5iu, train_loss_step=0.760, val_loss=0.571, train_loss_epoch=0.503]SUCCESS: vision_encoder.blocks.2.1.spatial_block.conv1.fn.dw.weight is Updating! Grad Norm: 0.082410
Epoch 26:  30%|███       | 3/10 [00:20<00:48,  0.14it/s, v_num=h5iu, train_loss_step=0.760, val_loss=0.571, train_loss_epoch=0.503]Epoch 26:  30%|███       | 3/10 [00:20<00:48,  0.14it/s, v_num=h5iu, train_loss_step=0.526, val_loss=0.571, train_loss_epoch=0.503]SUCCESS: vision_encoder.blocks.2.1.spatial_block.conv1.fn.dw.weight is Updating! Grad Norm: 0.088913
Epoch 26:  40%|████      | 4/10 [00:27<00:40,  0.15it/s, v_num=h5iu, train_loss_step=0.526, val_loss=0.571, train_loss_epoch=0.503]Epoch 26:  40%|████      | 4/10 [00:27<00:40,  0.15it/s, v_num=h5iu, train_loss_step=0.356, val_loss=0.571, train_loss_epoch=0.503]SUCCESS: vision_encoder.blocks.2.1.spatial_block.conv1.fn.dw.weight is Updating! Grad Norm: 0.090309
Epoch 26:  50%|█████     | 5/10 [00:33<00:33,  0.15it/s, v_num=h5iu, train_loss_step=0.356, val_loss=0.571, train_loss_epoch=0.503]Epoch 26:  50%|█████     | 5/10 [00:33<00:33,  0.15it/s, v_num=h5iu, train_loss_step=0.650, val_loss=0.571, train_loss_epoch=0.503]SUCCESS: vision_encoder.blocks.2.1.spatial_block.conv1.fn.dw.weight is Updating! Grad Norm: 0.114525
Epoch 26:  60%|██████    | 6/10 [00:40<00:26,  0.15it/s, v_num=h5iu, train_loss_step=0.650, val_loss=0.571, train_loss_epoch=0.503]Epoch 26:  60%|██████    | 6/10 [00:40<00:26,  0.15it/s, v_num=h5iu, train_loss_step=0.510, val_loss=0.571, train_loss_epoch=0.503]SUCCESS: vision_encoder.blocks.2.1.spatial_block.conv1.fn.dw.weight is Updating! Grad Norm: 0.101931
Epoch 26:  70%|███████   | 7/10 [00:46<00:20,  0.15it/s, v_num=h5iu, train_loss_step=0.510, val_loss=0.571, train_loss_epoch=0.503]Epoch 26:  70%|███████   | 7/10 [00:46<00:20,  0.15it/s, v_num=h5iu, train_loss_step=0.508, val_loss=0.571, train_loss_epoch=0.503]SUCCESS: vision_encoder.blocks.2.1.spatial_block.conv1.fn.dw.weight is Updating! Grad Norm: 0.063345
Epoch 26:  80%|████████  | 8/10 [00:53<00:13,  0.15it/s, v_num=h5iu, train_loss_step=0.508, val_loss=0.571, train_loss_epoch=0.503]Epoch 26:  80%|████████  | 8/10 [00:53<00:13,  0.15it/s, v_num=h5iu, train_loss_step=0.433, val_loss=0.571, train_loss_epoch=0.503]SUCCESS: vision_encoder.blocks.2.1.spatial_block.conv1.fn.dw.weight is Updating! Grad Norm: 0.051716
Epoch 26:  90%|█████████ | 9/10 [00:59<00:06,  0.15it/s, v_num=h5iu, train_loss_step=0.433, val_loss=0.571, train_loss_epoch=0.503]Epoch 26:  90%|█████████ | 9/10 [00:59<00:06,  0.15it/s, v_num=h5iu, train_loss_step=0.385, val_loss=0.571, train_loss_epoch=0.503]SUCCESS: vision_encoder.blocks.2.1.spatial_block.conv1.fn.dw.weight is Updating! Grad Norm: 0.092451
Epoch 26: 100%|██████████| 10/10 [01:06<00:00,  0.15it/s, v_num=h5iu, train_loss_step=0.385, val_loss=0.571, train_loss_epoch=0.503]Epoch 26: 100%|██████████| 10/10 [01:06<00:00,  0.15it/s, v_num=h5iu, train_loss_step=0.477, val_loss=0.571, train_loss_epoch=0.503]
Validation: |          | 0/? [00:00<?, ?it/s][A
Validation:   0%|          | 0/4 [00:00<?, ?it/s][A
Validation DataLoader 0:   0%|          | 0/4 [00:00<?, ?it/s][Atensor(1.0703, device='cuda:0')
tensor(-0.2154, device='cuda:0')

Validation DataLoader 0:  25%|██▌       | 1/4 [00:01<00:04,  0.65it/s][Atensor(0.7157, device='cuda:0')
tensor(-0.2079, device='cuda:0')

Validation DataLoader 0:  50%|█████     | 2/4 [00:03<00:03,  0.65it/s][Atensor(1.2420, device='cuda:0')
tensor(-0.1933, device='cuda:0')

Validation DataLoader 0:  75%|███████▌  | 3/4 [00:04<00:01,  0.64it/s][Atensor(0.9459, device='cuda:0')
tensor(-0.1408, device='cuda:0')

Validation DataLoader 0: 100%|██████████| 4/4 [00:05<00:00,  0.76it/s][A
==================================================
Stage: VAL
Predicted class distribution: 0s = 37, 1s = 70
Actual label distribution:    0s = 80, 1s = 27
Actual Imbalance Ratio (0:1): 2.96:1
==================================================
✅ Model is predicting both classes.
Saved test predictions and probabilities to validation_results_fold_final.xlsx

                                                                      [AEpoch 26: 100%|██████████| 10/10 [01:12<00:00,  0.14it/s, v_num=h5iu, train_loss_step=0.477, val_loss=0.569, train_loss_epoch=0.503]Epoch 26: 100%|██████████| 10/10 [01:12<00:00,  0.14it/s, v_num=h5iu, train_loss_step=0.477, val_loss=0.569, train_loss_epoch=0.518]Epoch 26:   0%|          | 0/10 [00:00<?, ?it/s, v_num=h5iu, train_loss_step=0.477, val_loss=0.569, train_loss_epoch=0.518]         Epoch 27:   0%|          | 0/10 [00:00<?, ?it/s, v_num=h5iu, train_loss_step=0.477, val_loss=0.569, train_loss_epoch=0.518]SUCCESS: vision_encoder.blocks.2.1.spatial_block.conv1.fn.dw.weight is Updating! Grad Norm: 0.118695
Epoch 27:  10%|█         | 1/10 [00:08<01:12,  0.12it/s, v_num=h5iu, train_loss_step=0.477, val_loss=0.569, train_loss_epoch=0.518]Epoch 27:  10%|█         | 1/10 [00:08<01:12,  0.12it/s, v_num=h5iu, train_loss_step=0.507, val_loss=0.569, train_loss_epoch=0.518]SUCCESS: vision_encoder.blocks.2.1.spatial_block.conv1.fn.dw.weight is Updating! Grad Norm: 0.078510
Epoch 27:  20%|██        | 2/10 [00:14<00:58,  0.14it/s, v_num=h5iu, train_loss_step=0.507, val_loss=0.569, train_loss_epoch=0.518]Epoch 27:  20%|██        | 2/10 [00:14<00:58,  0.14it/s, v_num=h5iu, train_loss_step=0.464, val_loss=0.569, train_loss_epoch=0.518]SUCCESS: vision_encoder.blocks.2.1.spatial_block.conv1.fn.dw.weight is Updating! Grad Norm: 0.106144
Epoch 27:  30%|███       | 3/10 [00:21<00:49,  0.14it/s, v_num=h5iu, train_loss_step=0.464, val_loss=0.569, train_loss_epoch=0.518]Epoch 27:  30%|███       | 3/10 [00:21<00:49,  0.14it/s, v_num=h5iu, train_loss_step=0.451, val_loss=0.569, train_loss_epoch=0.518]SUCCESS: vision_encoder.blocks.2.1.spatial_block.conv1.fn.dw.weight is Updating! Grad Norm: 0.074137
Epoch 27:  40%|████      | 4/10 [00:27<00:41,  0.14it/s, v_num=h5iu, train_loss_step=0.451, val_loss=0.569, train_loss_epoch=0.518]Epoch 27:  40%|████      | 4/10 [00:27<00:41,  0.14it/s, v_num=h5iu, train_loss_step=0.502, val_loss=0.569, train_loss_epoch=0.518]SUCCESS: vision_encoder.blocks.2.1.spatial_block.conv1.fn.dw.weight is Updating! Grad Norm: 0.089962
Epoch 27:  50%|█████     | 5/10 [00:34<00:34,  0.15it/s, v_num=h5iu, train_loss_step=0.502, val_loss=0.569, train_loss_epoch=0.518]Epoch 27:  50%|█████     | 5/10 [00:34<00:34,  0.15it/s, v_num=h5iu, train_loss_step=0.471, val_loss=0.569, train_loss_epoch=0.518]SUCCESS: vision_encoder.blocks.2.1.spatial_block.conv1.fn.dw.weight is Updating! Grad Norm: 0.127990
Epoch 27:  60%|██████    | 6/10 [00:40<00:27,  0.15it/s, v_num=h5iu, train_loss_step=0.471, val_loss=0.569, train_loss_epoch=0.518]Epoch 27:  60%|██████    | 6/10 [00:40<00:27,  0.15it/s, v_num=h5iu, train_loss_step=0.471, val_loss=0.569, train_loss_epoch=0.518]SUCCESS: vision_encoder.blocks.2.1.spatial_block.conv1.fn.dw.weight is Updating! Grad Norm: 0.068679
Epoch 27:  70%|███████   | 7/10 [00:47<00:20,  0.15it/s, v_num=h5iu, train_loss_step=0.471, val_loss=0.569, train_loss_epoch=0.518]Epoch 27:  70%|███████   | 7/10 [00:47<00:20,  0.15it/s, v_num=h5iu, train_loss_step=0.521, val_loss=0.569, train_loss_epoch=0.518]SUCCESS: vision_encoder.blocks.2.1.spatial_block.conv1.fn.dw.weight is Updating! Grad Norm: 0.056345
Epoch 27:  80%|████████  | 8/10 [00:53<00:13,  0.15it/s, v_num=h5iu, train_loss_step=0.521, val_loss=0.569, train_loss_epoch=0.518]Epoch 27:  80%|████████  | 8/10 [00:53<00:13,  0.15it/s, v_num=h5iu, train_loss_step=0.522, val_loss=0.569, train_loss_epoch=0.518]SUCCESS: vision_encoder.blocks.2.1.spatial_block.conv1.fn.dw.weight is Updating! Grad Norm: 0.105006
Epoch 27:  90%|█████████ | 9/10 [01:00<00:06,  0.15it/s, v_num=h5iu, train_loss_step=0.522, val_loss=0.569, train_loss_epoch=0.518]Epoch 27:  90%|█████████ | 9/10 [01:00<00:06,  0.15it/s, v_num=h5iu, train_loss_step=0.584, val_loss=0.569, train_loss_epoch=0.518]SUCCESS: vision_encoder.blocks.2.1.spatial_block.conv1.fn.dw.weight is Updating! Grad Norm: 0.084379
Epoch 27: 100%|██████████| 10/10 [01:06<00:00,  0.15it/s, v_num=h5iu, train_loss_step=0.584, val_loss=0.569, train_loss_epoch=0.518]Epoch 27: 100%|██████████| 10/10 [01:06<00:00,  0.15it/s, v_num=h5iu, train_loss_step=0.424, val_loss=0.569, train_loss_epoch=0.518]
Validation: |          | 0/? [00:00<?, ?it/s][A
Validation:   0%|          | 0/4 [00:00<?, ?it/s][A
Validation DataLoader 0:   0%|          | 0/4 [00:00<?, ?it/s][Atensor(1.1369, device='cuda:0')
tensor(-0.2034, device='cuda:0')

Validation DataLoader 0:  25%|██▌       | 1/4 [00:01<00:04,  0.65it/s][Atensor(0.7681, device='cuda:0')
tensor(-0.1929, device='cuda:0')

Validation DataLoader 0:  50%|█████     | 2/4 [00:03<00:03,  0.65it/s][Atensor(1.2639, device='cuda:0')
tensor(-0.1893, device='cuda:0')

Validation DataLoader 0:  75%|███████▌  | 3/4 [00:04<00:01,  0.64it/s][Atensor(1.0087, device='cuda:0')
tensor(-0.1340, device='cuda:0')

Validation DataLoader 0: 100%|██████████| 4/4 [00:05<00:00,  0.76it/s][A
==================================================
Stage: VAL
Predicted class distribution: 0s = 41, 1s = 66
Actual label distribution:    0s = 80, 1s = 27
Actual Imbalance Ratio (0:1): 2.96:1
==================================================
✅ Model is predicting both classes.
Saved test predictions and probabilities to validation_results_fold_final.xlsx

                                                                      [AEpoch 27: 100%|██████████| 10/10 [01:12<00:00,  0.14it/s, v_num=h5iu, train_loss_step=0.424, val_loss=0.552, train_loss_epoch=0.518]Epoch 27: 100%|██████████| 10/10 [01:12<00:00,  0.14it/s, v_num=h5iu, train_loss_step=0.424, val_loss=0.552, train_loss_epoch=0.492]Epoch 27:   0%|          | 0/10 [00:00<?, ?it/s, v_num=h5iu, train_loss_step=0.424, val_loss=0.552, train_loss_epoch=0.492]         Epoch 28:   0%|          | 0/10 [00:00<?, ?it/s, v_num=h5iu, train_loss_step=0.424, val_loss=0.552, train_loss_epoch=0.492]SUCCESS: vision_encoder.blocks.2.1.spatial_block.conv1.fn.dw.weight is Updating! Grad Norm: 0.070793
Epoch 28:  10%|█         | 1/10 [00:07<01:09,  0.13it/s, v_num=h5iu, train_loss_step=0.424, val_loss=0.552, train_loss_epoch=0.492]Epoch 28:  10%|█         | 1/10 [00:07<01:09,  0.13it/s, v_num=h5iu, train_loss_step=0.475, val_loss=0.552, train_loss_epoch=0.492]SUCCESS: vision_encoder.blocks.2.1.spatial_block.conv1.fn.dw.weight is Updating! Grad Norm: 0.070683
Epoch 28:  20%|██        | 2/10 [00:14<00:56,  0.14it/s, v_num=h5iu, train_loss_step=0.475, val_loss=0.552, train_loss_epoch=0.492]Epoch 28:  20%|██        | 2/10 [00:14<00:57,  0.14it/s, v_num=h5iu, train_loss_step=0.377, val_loss=0.552, train_loss_epoch=0.492]SUCCESS: vision_encoder.blocks.2.1.spatial_block.conv1.fn.dw.weight is Updating! Grad Norm: 0.066141
Epoch 28:  30%|███       | 3/10 [00:20<00:48,  0.14it/s, v_num=h5iu, train_loss_step=0.377, val_loss=0.552, train_loss_epoch=0.492]Epoch 28:  30%|███       | 3/10 [00:20<00:48,  0.14it/s, v_num=h5iu, train_loss_step=0.594, val_loss=0.552, train_loss_epoch=0.492]SUCCESS: vision_encoder.blocks.2.1.spatial_block.conv1.fn.dw.weight is Updating! Grad Norm: 0.065412
Epoch 28:  40%|████      | 4/10 [00:27<00:40,  0.15it/s, v_num=h5iu, train_loss_step=0.594, val_loss=0.552, train_loss_epoch=0.492]Epoch 28:  40%|████      | 4/10 [00:27<00:40,  0.15it/s, v_num=h5iu, train_loss_step=0.551, val_loss=0.552, train_loss_epoch=0.492]SUCCESS: vision_encoder.blocks.2.1.spatial_block.conv1.fn.dw.weight is Updating! Grad Norm: 0.081465
Epoch 28:  50%|█████     | 5/10 [00:33<00:33,  0.15it/s, v_num=h5iu, train_loss_step=0.551, val_loss=0.552, train_loss_epoch=0.492]Epoch 28:  50%|█████     | 5/10 [00:33<00:33,  0.15it/s, v_num=h5iu, train_loss_step=0.436, val_loss=0.552, train_loss_epoch=0.492]SUCCESS: vision_encoder.blocks.2.1.spatial_block.conv1.fn.dw.weight is Updating! Grad Norm: 0.126819
Epoch 28:  60%|██████    | 6/10 [00:40<00:26,  0.15it/s, v_num=h5iu, train_loss_step=0.436, val_loss=0.552, train_loss_epoch=0.492]Epoch 28:  60%|██████    | 6/10 [00:40<00:26,  0.15it/s, v_num=h5iu, train_loss_step=0.532, val_loss=0.552, train_loss_epoch=0.492]SUCCESS: vision_encoder.blocks.2.1.spatial_block.conv1.fn.dw.weight is Updating! Grad Norm: 0.084841
Epoch 28:  70%|███████   | 7/10 [00:46<00:20,  0.15it/s, v_num=h5iu, train_loss_step=0.532, val_loss=0.552, train_loss_epoch=0.492]Epoch 28:  70%|███████   | 7/10 [00:46<00:20,  0.15it/s, v_num=h5iu, train_loss_step=0.437, val_loss=0.552, train_loss_epoch=0.492]SUCCESS: vision_encoder.blocks.2.1.spatial_block.conv1.fn.dw.weight is Updating! Grad Norm: 0.103430
Epoch 28:  80%|████████  | 8/10 [00:53<00:13,  0.15it/s, v_num=h5iu, train_loss_step=0.437, val_loss=0.552, train_loss_epoch=0.492]Epoch 28:  80%|████████  | 8/10 [00:53<00:13,  0.15it/s, v_num=h5iu, train_loss_step=0.519, val_loss=0.552, train_loss_epoch=0.492]SUCCESS: vision_encoder.blocks.2.1.spatial_block.conv1.fn.dw.weight is Updating! Grad Norm: 0.081027
Epoch 28:  90%|█████████ | 9/10 [00:59<00:06,  0.15it/s, v_num=h5iu, train_loss_step=0.519, val_loss=0.552, train_loss_epoch=0.492]Epoch 28:  90%|█████████ | 9/10 [00:59<00:06,  0.15it/s, v_num=h5iu, train_loss_step=0.459, val_loss=0.552, train_loss_epoch=0.492]SUCCESS: vision_encoder.blocks.2.1.spatial_block.conv1.fn.dw.weight is Updating! Grad Norm: 0.090855
Epoch 28: 100%|██████████| 10/10 [01:06<00:00,  0.15it/s, v_num=h5iu, train_loss_step=0.459, val_loss=0.552, train_loss_epoch=0.492]Epoch 28: 100%|██████████| 10/10 [01:06<00:00,  0.15it/s, v_num=h5iu, train_loss_step=0.426, val_loss=0.552, train_loss_epoch=0.492]
Validation: |          | 0/? [00:00<?, ?it/s][A
Validation:   0%|          | 0/4 [00:00<?, ?it/s][A
Validation DataLoader 0:   0%|          | 0/4 [00:00<?, ?it/s][Atensor(1.1901, device='cuda:0')
tensor(-0.1962, device='cuda:0')

Validation DataLoader 0:  25%|██▌       | 1/4 [00:01<00:04,  0.65it/s][Atensor(0.8143, device='cuda:0')
tensor(-0.1806, device='cuda:0')

Validation DataLoader 0:  50%|█████     | 2/4 [00:03<00:03,  0.65it/s][Atensor(1.2686, device='cuda:0')
tensor(-0.1883, device='cuda:0')

Validation DataLoader 0:  75%|███████▌  | 3/4 [00:04<00:01,  0.64it/s][Atensor(1.0660, device='cuda:0')
tensor(-0.1220, device='cuda:0')

Validation DataLoader 0: 100%|██████████| 4/4 [00:05<00:00,  0.76it/s][A
==================================================
Stage: VAL
Predicted class distribution: 0s = 44, 1s = 63
Actual label distribution:    0s = 80, 1s = 27
Actual Imbalance Ratio (0:1): 2.96:1
==================================================
✅ Model is predicting both classes.
Saved test predictions and probabilities to validation_results_fold_final.xlsx

                                                                      [AEpoch 28: 100%|██████████| 10/10 [01:12<00:00,  0.14it/s, v_num=h5iu, train_loss_step=0.426, val_loss=0.538, train_loss_epoch=0.492]Epoch 28: 100%|██████████| 10/10 [01:12<00:00,  0.14it/s, v_num=h5iu, train_loss_step=0.426, val_loss=0.538, train_loss_epoch=0.481]Epoch 28:   0%|          | 0/10 [00:00<?, ?it/s, v_num=h5iu, train_loss_step=0.426, val_loss=0.538, train_loss_epoch=0.481]         Epoch 29:   0%|          | 0/10 [00:00<?, ?it/s, v_num=h5iu, train_loss_step=0.426, val_loss=0.538, train_loss_epoch=0.481]SUCCESS: vision_encoder.blocks.2.1.spatial_block.conv1.fn.dw.weight is Updating! Grad Norm: 0.075513
Epoch 29:  10%|█         | 1/10 [00:07<01:09,  0.13it/s, v_num=h5iu, train_loss_step=0.426, val_loss=0.538, train_loss_epoch=0.481]Epoch 29:  10%|█         | 1/10 [00:07<01:09,  0.13it/s, v_num=h5iu, train_loss_step=0.446, val_loss=0.538, train_loss_epoch=0.481]SUCCESS: vision_encoder.blocks.2.1.spatial_block.conv1.fn.dw.weight is Updating! Grad Norm: 0.103958
Epoch 29:  20%|██        | 2/10 [00:14<00:56,  0.14it/s, v_num=h5iu, train_loss_step=0.446, val_loss=0.538, train_loss_epoch=0.481]Epoch 29:  20%|██        | 2/10 [00:14<00:56,  0.14it/s, v_num=h5iu, train_loss_step=0.384, val_loss=0.538, train_loss_epoch=0.481]SUCCESS: vision_encoder.blocks.2.1.spatial_block.conv1.fn.dw.weight is Updating! Grad Norm: 0.232046
Epoch 29:  30%|███       | 3/10 [00:20<00:48,  0.14it/s, v_num=h5iu, train_loss_step=0.384, val_loss=0.538, train_loss_epoch=0.481]Epoch 29:  30%|███       | 3/10 [00:20<00:48,  0.14it/s, v_num=h5iu, train_loss_step=0.588, val_loss=0.538, train_loss_epoch=0.481]SUCCESS: vision_encoder.blocks.2.1.spatial_block.conv1.fn.dw.weight is Updating! Grad Norm: 0.104085
Epoch 29:  40%|████      | 4/10 [00:27<00:40,  0.15it/s, v_num=h5iu, train_loss_step=0.588, val_loss=0.538, train_loss_epoch=0.481]Epoch 29:  40%|████      | 4/10 [00:27<00:40,  0.15it/s, v_num=h5iu, train_loss_step=0.432, val_loss=0.538, train_loss_epoch=0.481]SUCCESS: vision_encoder.blocks.2.1.spatial_block.conv1.fn.dw.weight is Updating! Grad Norm: 0.088859
Epoch 29:  50%|█████     | 5/10 [00:33<00:33,  0.15it/s, v_num=h5iu, train_loss_step=0.432, val_loss=0.538, train_loss_epoch=0.481]Epoch 29:  50%|█████     | 5/10 [00:33<00:33,  0.15it/s, v_num=h5iu, train_loss_step=0.479, val_loss=0.538, train_loss_epoch=0.481]SUCCESS: vision_encoder.blocks.2.1.spatial_block.conv1.fn.dw.weight is Updating! Grad Norm: 0.082465
Epoch 29:  60%|██████    | 6/10 [00:40<00:26,  0.15it/s, v_num=h5iu, train_loss_step=0.479, val_loss=0.538, train_loss_epoch=0.481]Epoch 29:  60%|██████    | 6/10 [00:40<00:26,  0.15it/s, v_num=h5iu, train_loss_step=0.472, val_loss=0.538, train_loss_epoch=0.481]SUCCESS: vision_encoder.blocks.2.1.spatial_block.conv1.fn.dw.weight is Updating! Grad Norm: 0.101330
Epoch 29:  70%|███████   | 7/10 [00:46<00:20,  0.15it/s, v_num=h5iu, train_loss_step=0.472, val_loss=0.538, train_loss_epoch=0.481]Epoch 29:  70%|███████   | 7/10 [00:46<00:20,  0.15it/s, v_num=h5iu, train_loss_step=0.524, val_loss=0.538, train_loss_epoch=0.481]SUCCESS: vision_encoder.blocks.2.1.spatial_block.conv1.fn.dw.weight is Updating! Grad Norm: 0.079131
Epoch 29:  80%|████████  | 8/10 [00:53<00:13,  0.15it/s, v_num=h5iu, train_loss_step=0.524, val_loss=0.538, train_loss_epoch=0.481]Epoch 29:  80%|████████  | 8/10 [00:53<00:13,  0.15it/s, v_num=h5iu, train_loss_step=0.539, val_loss=0.538, train_loss_epoch=0.481]SUCCESS: vision_encoder.blocks.2.1.spatial_block.conv1.fn.dw.weight is Updating! Grad Norm: 0.076643
Epoch 29:  90%|█████████ | 9/10 [00:59<00:06,  0.15it/s, v_num=h5iu, train_loss_step=0.539, val_loss=0.538, train_loss_epoch=0.481]Epoch 29:  90%|█████████ | 9/10 [00:59<00:06,  0.15it/s, v_num=h5iu, train_loss_step=0.490, val_loss=0.538, train_loss_epoch=0.481]SUCCESS: vision_encoder.blocks.2.1.spatial_block.conv1.fn.dw.weight is Updating! Grad Norm: 0.101322
Epoch 29: 100%|██████████| 10/10 [01:06<00:00,  0.15it/s, v_num=h5iu, train_loss_step=0.490, val_loss=0.538, train_loss_epoch=0.481]Epoch 29: 100%|██████████| 10/10 [01:06<00:00,  0.15it/s, v_num=h5iu, train_loss_step=0.503, val_loss=0.538, train_loss_epoch=0.481]
Validation: |          | 0/? [00:00<?, ?it/s][A
Validation:   0%|          | 0/4 [00:00<?, ?it/s][A
Validation DataLoader 0:   0%|          | 0/4 [00:00<?, ?it/s][Atensor(1.1652, device='cuda:0')
tensor(-0.2053, device='cuda:0')

Validation DataLoader 0:  25%|██▌       | 1/4 [00:01<00:04,  0.65it/s][Atensor(0.8005, device='cuda:0')
tensor(-0.1958, device='cuda:0')

Validation DataLoader 0:  50%|█████     | 2/4 [00:03<00:03,  0.65it/s][Atensor(1.1830, device='cuda:0')
tensor(-0.2019, device='cuda:0')

Validation DataLoader 0:  75%|███████▌  | 3/4 [00:04<00:01,  0.64it/s][Atensor(1.0396, device='cuda:0')
tensor(-0.1392, device='cuda:0')

Validation DataLoader 0: 100%|██████████| 4/4 [00:05<00:00,  0.76it/s][A
==================================================
Stage: VAL
Predicted class distribution: 0s = 43, 1s = 64
Actual label distribution:    0s = 80, 1s = 27
Actual Imbalance Ratio (0:1): 2.96:1
==================================================
✅ Model is predicting both classes.
Saved test predictions and probabilities to validation_results_fold_final.xlsx

                                                                      [AEpoch 29: 100%|██████████| 10/10 [01:12<00:00,  0.14it/s, v_num=h5iu, train_loss_step=0.503, val_loss=0.544, train_loss_epoch=0.481]Epoch 29: 100%|██████████| 10/10 [01:12<00:00,  0.14it/s, v_num=h5iu, train_loss_step=0.503, val_loss=0.544, train_loss_epoch=0.486]Epoch 29:   0%|          | 0/10 [00:00<?, ?it/s, v_num=h5iu, train_loss_step=0.503, val_loss=0.544, train_loss_epoch=0.486]         Epoch 30:   0%|          | 0/10 [00:00<?, ?it/s, v_num=h5iu, train_loss_step=0.503, val_loss=0.544, train_loss_epoch=0.486]SUCCESS: vision_encoder.blocks.2.1.spatial_block.conv1.fn.dw.weight is Updating! Grad Norm: 0.129015
Epoch 30:  10%|█         | 1/10 [00:07<01:09,  0.13it/s, v_num=h5iu, train_loss_step=0.503, val_loss=0.544, train_loss_epoch=0.486]Epoch 30:  10%|█         | 1/10 [00:07<01:10,  0.13it/s, v_num=h5iu, train_loss_step=0.508, val_loss=0.544, train_loss_epoch=0.486]SUCCESS: vision_encoder.blocks.2.1.spatial_block.conv1.fn.dw.weight is Updating! Grad Norm: 0.079969
Epoch 30:  20%|██        | 2/10 [00:14<00:57,  0.14it/s, v_num=h5iu, train_loss_step=0.508, val_loss=0.544, train_loss_epoch=0.486]Epoch 30:  20%|██        | 2/10 [00:14<00:57,  0.14it/s, v_num=h5iu, train_loss_step=0.451, val_loss=0.544, train_loss_epoch=0.486]SUCCESS: vision_encoder.blocks.2.1.spatial_block.conv1.fn.dw.weight is Updating! Grad Norm: 0.073446
Epoch 30:  30%|███       | 3/10 [00:20<00:48,  0.14it/s, v_num=h5iu, train_loss_step=0.451, val_loss=0.544, train_loss_epoch=0.486]Epoch 30:  30%|███       | 3/10 [00:20<00:48,  0.14it/s, v_num=h5iu, train_loss_step=0.516, val_loss=0.544, train_loss_epoch=0.486]SUCCESS: vision_encoder.blocks.2.1.spatial_block.conv1.fn.dw.weight is Updating! Grad Norm: 0.076533
Epoch 30:  40%|████      | 4/10 [00:27<00:41,  0.15it/s, v_num=h5iu, train_loss_step=0.516, val_loss=0.544, train_loss_epoch=0.486]Epoch 30:  40%|████      | 4/10 [00:27<00:41,  0.15it/s, v_num=h5iu, train_loss_step=0.392, val_loss=0.544, train_loss_epoch=0.486]SUCCESS: vision_encoder.blocks.2.1.spatial_block.conv1.fn.dw.weight is Updating! Grad Norm: 0.094039
Epoch 30:  50%|█████     | 5/10 [00:33<00:33,  0.15it/s, v_num=h5iu, train_loss_step=0.392, val_loss=0.544, train_loss_epoch=0.486]Epoch 30:  50%|█████     | 5/10 [00:33<00:33,  0.15it/s, v_num=h5iu, train_loss_step=0.435, val_loss=0.544, train_loss_epoch=0.486]SUCCESS: vision_encoder.blocks.2.1.spatial_block.conv1.fn.dw.weight is Updating! Grad Norm: 0.067029
Epoch 30:  60%|██████    | 6/10 [00:40<00:26,  0.15it/s, v_num=h5iu, train_loss_step=0.435, val_loss=0.544, train_loss_epoch=0.486]Epoch 30:  60%|██████    | 6/10 [00:40<00:26,  0.15it/s, v_num=h5iu, train_loss_step=0.474, val_loss=0.544, train_loss_epoch=0.486]SUCCESS: vision_encoder.blocks.2.1.spatial_block.conv1.fn.dw.weight is Updating! Grad Norm: 0.090025
Epoch 30:  70%|███████   | 7/10 [00:46<00:20,  0.15it/s, v_num=h5iu, train_loss_step=0.474, val_loss=0.544, train_loss_epoch=0.486]Epoch 30:  70%|███████   | 7/10 [00:46<00:20,  0.15it/s, v_num=h5iu, train_loss_step=0.451, val_loss=0.544, train_loss_epoch=0.486]SUCCESS: vision_encoder.blocks.2.1.spatial_block.conv1.fn.dw.weight is Updating! Grad Norm: 0.055922
Epoch 30:  80%|████████  | 8/10 [00:53<00:13,  0.15it/s, v_num=h5iu, train_loss_step=0.451, val_loss=0.544, train_loss_epoch=0.486]Epoch 30:  80%|████████  | 8/10 [00:53<00:13,  0.15it/s, v_num=h5iu, train_loss_step=0.393, val_loss=0.544, train_loss_epoch=0.486]SUCCESS: vision_encoder.blocks.2.1.spatial_block.conv1.fn.dw.weight is Updating! Grad Norm: 0.066487
Epoch 30:  90%|█████████ | 9/10 [00:59<00:06,  0.15it/s, v_num=h5iu, train_loss_step=0.393, val_loss=0.544, train_loss_epoch=0.486]Epoch 30:  90%|█████████ | 9/10 [00:59<00:06,  0.15it/s, v_num=h5iu, train_loss_step=0.467, val_loss=0.544, train_loss_epoch=0.486]SUCCESS: vision_encoder.blocks.2.1.spatial_block.conv1.fn.dw.weight is Updating! Grad Norm: 0.105920
Epoch 30: 100%|██████████| 10/10 [01:06<00:00,  0.15it/s, v_num=h5iu, train_loss_step=0.467, val_loss=0.544, train_loss_epoch=0.486]Epoch 30: 100%|██████████| 10/10 [01:06<00:00,  0.15it/s, v_num=h5iu, train_loss_step=0.470, val_loss=0.544, train_loss_epoch=0.486]
Validation: |          | 0/? [00:00<?, ?it/s][A
Validation:   0%|          | 0/4 [00:00<?, ?it/s][A
Validation DataLoader 0:   0%|          | 0/4 [00:00<?, ?it/s][Atensor(1.2218, device='cuda:0')
tensor(-0.1938, device='cuda:0')

Validation DataLoader 0:  25%|██▌       | 1/4 [00:01<00:04,  0.65it/s][Atensor(0.8487, device='cuda:0')
tensor(-0.1813, device='cuda:0')

Validation DataLoader 0:  50%|█████     | 2/4 [00:03<00:03,  0.65it/s][Atensor(1.1803, device='cuda:0')
tensor(-0.1958, device='cuda:0')

Validation DataLoader 0:  75%|███████▌  | 3/4 [00:04<00:01,  0.64it/s][Atensor(1.0928, device='cuda:0')
tensor(-0.1297, device='cuda:0')

Validation DataLoader 0: 100%|██████████| 4/4 [00:05<00:00,  0.76it/s][A
==================================================
Stage: VAL
Predicted class distribution: 0s = 44, 1s = 63
Actual label distribution:    0s = 80, 1s = 27
Actual Imbalance Ratio (0:1): 2.96:1
==================================================
✅ Model is predicting both classes.
Saved test predictions and probabilities to validation_results_fold_final.xlsx

                                                                      [AEpoch 30: 100%|██████████| 10/10 [01:12<00:00,  0.14it/s, v_num=h5iu, train_loss_step=0.470, val_loss=0.530, train_loss_epoch=0.486]Epoch 30: 100%|██████████| 10/10 [01:12<00:00,  0.14it/s, v_num=h5iu, train_loss_step=0.470, val_loss=0.530, train_loss_epoch=0.456]Epoch 30:   0%|          | 0/10 [00:00<?, ?it/s, v_num=h5iu, train_loss_step=0.470, val_loss=0.530, train_loss_epoch=0.456]         Epoch 31:   0%|          | 0/10 [00:00<?, ?it/s, v_num=h5iu, train_loss_step=0.470, val_loss=0.530, train_loss_epoch=0.456]SUCCESS: vision_encoder.blocks.2.1.spatial_block.conv1.fn.dw.weight is Updating! Grad Norm: 0.062895
Epoch 31:  10%|█         | 1/10 [00:08<01:12,  0.12it/s, v_num=h5iu, train_loss_step=0.470, val_loss=0.530, train_loss_epoch=0.456]Epoch 31:  10%|█         | 1/10 [00:08<01:12,  0.12it/s, v_num=h5iu, train_loss_step=0.362, val_loss=0.530, train_loss_epoch=0.456]SUCCESS: vision_encoder.blocks.2.1.spatial_block.conv1.fn.dw.weight is Updating! Grad Norm: 0.074913
Epoch 31:  20%|██        | 2/10 [00:14<00:58,  0.14it/s, v_num=h5iu, train_loss_step=0.362, val_loss=0.530, train_loss_epoch=0.456]Epoch 31:  20%|██        | 2/10 [00:14<00:58,  0.14it/s, v_num=h5iu, train_loss_step=0.512, val_loss=0.530, train_loss_epoch=0.456]SUCCESS: vision_encoder.blocks.2.1.spatial_block.conv1.fn.dw.weight is Updating! Grad Norm: 0.059341
Epoch 31:  30%|███       | 3/10 [00:21<00:49,  0.14it/s, v_num=h5iu, train_loss_step=0.512, val_loss=0.530, train_loss_epoch=0.456]Epoch 31:  30%|███       | 3/10 [00:21<00:49,  0.14it/s, v_num=h5iu, train_loss_step=0.435, val_loss=0.530, train_loss_epoch=0.456]SUCCESS: vision_encoder.blocks.2.1.spatial_block.conv1.fn.dw.weight is Updating! Grad Norm: 0.102578
Epoch 31:  40%|████      | 4/10 [00:27<00:41,  0.14it/s, v_num=h5iu, train_loss_step=0.435, val_loss=0.530, train_loss_epoch=0.456]Epoch 31:  40%|████      | 4/10 [00:27<00:41,  0.14it/s, v_num=h5iu, train_loss_step=0.467, val_loss=0.530, train_loss_epoch=0.456]SUCCESS: vision_encoder.blocks.2.1.spatial_block.conv1.fn.dw.weight is Updating! Grad Norm: 0.091355
Epoch 31:  50%|█████     | 5/10 [00:34<00:34,  0.15it/s, v_num=h5iu, train_loss_step=0.467, val_loss=0.530, train_loss_epoch=0.456]Epoch 31:  50%|█████     | 5/10 [00:34<00:34,  0.15it/s, v_num=h5iu, train_loss_step=0.450, val_loss=0.530, train_loss_epoch=0.456]SUCCESS: vision_encoder.blocks.2.1.spatial_block.conv1.fn.dw.weight is Updating! Grad Norm: 0.074765
Epoch 31:  60%|██████    | 6/10 [00:40<00:27,  0.15it/s, v_num=h5iu, train_loss_step=0.450, val_loss=0.530, train_loss_epoch=0.456]Epoch 31:  60%|██████    | 6/10 [00:40<00:27,  0.15it/s, v_num=h5iu, train_loss_step=0.561, val_loss=0.530, train_loss_epoch=0.456]SUCCESS: vision_encoder.blocks.2.1.spatial_block.conv1.fn.dw.weight is Updating! Grad Norm: 0.074137
Epoch 31:  70%|███████   | 7/10 [00:47<00:20,  0.15it/s, v_num=h5iu, train_loss_step=0.561, val_loss=0.530, train_loss_epoch=0.456]Epoch 31:  70%|███████   | 7/10 [00:47<00:20,  0.15it/s, v_num=h5iu, train_loss_step=0.525, val_loss=0.530, train_loss_epoch=0.456]SUCCESS: vision_encoder.blocks.2.1.spatial_block.conv1.fn.dw.weight is Updating! Grad Norm: 0.089903
Epoch 31:  80%|████████  | 8/10 [00:53<00:13,  0.15it/s, v_num=h5iu, train_loss_step=0.525, val_loss=0.530, train_loss_epoch=0.456]Epoch 31:  80%|████████  | 8/10 [00:53<00:13,  0.15it/s, v_num=h5iu, train_loss_step=0.506, val_loss=0.530, train_loss_epoch=0.456]SUCCESS: vision_encoder.blocks.2.1.spatial_block.conv1.fn.dw.weight is Updating! Grad Norm: 0.172339
Epoch 31:  90%|█████████ | 9/10 [01:00<00:06,  0.15it/s, v_num=h5iu, train_loss_step=0.506, val_loss=0.530, train_loss_epoch=0.456]Epoch 31:  90%|█████████ | 9/10 [01:00<00:06,  0.15it/s, v_num=h5iu, train_loss_step=0.553, val_loss=0.530, train_loss_epoch=0.456]SUCCESS: vision_encoder.blocks.2.1.spatial_block.conv1.fn.dw.weight is Updating! Grad Norm: 0.088789
Epoch 31: 100%|██████████| 10/10 [01:06<00:00,  0.15it/s, v_num=h5iu, train_loss_step=0.553, val_loss=0.530, train_loss_epoch=0.456]Epoch 31: 100%|██████████| 10/10 [01:06<00:00,  0.15it/s, v_num=h5iu, train_loss_step=0.363, val_loss=0.530, train_loss_epoch=0.456]
Validation: |          | 0/? [00:00<?, ?it/s][A
Validation:   0%|          | 0/4 [00:00<?, ?it/s][A
Validation DataLoader 0:   0%|          | 0/4 [00:00<?, ?it/s][Atensor(1.2362, device='cuda:0')
tensor(-0.1973, device='cuda:0')

Validation DataLoader 0:  25%|██▌       | 1/4 [00:01<00:04,  0.65it/s][Atensor(0.8632, device='cuda:0')
tensor(-0.1845, device='cuda:0')

Validation DataLoader 0:  50%|█████     | 2/4 [00:03<00:03,  0.65it/s][Atensor(1.1240, device='cuda:0')
tensor(-0.1991, device='cuda:0')

Validation DataLoader 0:  75%|███████▌  | 3/4 [00:04<00:01,  0.64it/s][Atensor(1.1044, device='cuda:0')
tensor(-0.1325, device='cuda:0')

Validation DataLoader 0: 100%|██████████| 4/4 [00:05<00:00,  0.76it/s][A
==================================================
Stage: VAL
Predicted class distribution: 0s = 45, 1s = 62
Actual label distribution:    0s = 80, 1s = 27
Actual Imbalance Ratio (0:1): 2.96:1
==================================================
✅ Model is predicting both classes.
Saved test predictions and probabilities to validation_results_fold_final.xlsx

                                                                      [AEpoch 31: 100%|██████████| 10/10 [01:12<00:00,  0.14it/s, v_num=h5iu, train_loss_step=0.363, val_loss=0.530, train_loss_epoch=0.456]Epoch 31: 100%|██████████| 10/10 [01:12<00:00,  0.14it/s, v_num=h5iu, train_loss_step=0.363, val_loss=0.530, train_loss_epoch=0.473]Epoch 31:   0%|          | 0/10 [00:00<?, ?it/s, v_num=h5iu, train_loss_step=0.363, val_loss=0.530, train_loss_epoch=0.473]         Epoch 32:   0%|          | 0/10 [00:00<?, ?it/s, v_num=h5iu, train_loss_step=0.363, val_loss=0.530, train_loss_epoch=0.473]SUCCESS: vision_encoder.blocks.2.1.spatial_block.conv1.fn.dw.weight is Updating! Grad Norm: 0.071620
Epoch 32:  10%|█         | 1/10 [00:08<01:13,  0.12it/s, v_num=h5iu, train_loss_step=0.363, val_loss=0.530, train_loss_epoch=0.473]Epoch 32:  10%|█         | 1/10 [00:08<01:13,  0.12it/s, v_num=h5iu, train_loss_step=0.408, val_loss=0.530, train_loss_epoch=0.473]SUCCESS: vision_encoder.blocks.2.1.spatial_block.conv1.fn.dw.weight is Updating! Grad Norm: 0.080037
Epoch 32:  20%|██        | 2/10 [00:14<00:58,  0.14it/s, v_num=h5iu, train_loss_step=0.408, val_loss=0.530, train_loss_epoch=0.473]Epoch 32:  20%|██        | 2/10 [00:14<00:58,  0.14it/s, v_num=h5iu, train_loss_step=0.386, val_loss=0.530, train_loss_epoch=0.473]SUCCESS: vision_encoder.blocks.2.1.spatial_block.conv1.fn.dw.weight is Updating! Grad Norm: 0.053907
Epoch 32:  30%|███       | 3/10 [00:21<00:49,  0.14it/s, v_num=h5iu, train_loss_step=0.386, val_loss=0.530, train_loss_epoch=0.473]Epoch 32:  30%|███       | 3/10 [00:21<00:49,  0.14it/s, v_num=h5iu, train_loss_step=0.456, val_loss=0.530, train_loss_epoch=0.473]SUCCESS: vision_encoder.blocks.2.1.spatial_block.conv1.fn.dw.weight is Updating! Grad Norm: 0.085080
Epoch 32:  40%|████      | 4/10 [00:27<00:41,  0.14it/s, v_num=h5iu, train_loss_step=0.456, val_loss=0.530, train_loss_epoch=0.473]Epoch 32:  40%|████      | 4/10 [00:27<00:41,  0.14it/s, v_num=h5iu, train_loss_step=0.463, val_loss=0.530, train_loss_epoch=0.473]SUCCESS: vision_encoder.blocks.2.1.spatial_block.conv1.fn.dw.weight is Updating! Grad Norm: 0.071870
Epoch 32:  50%|█████     | 5/10 [00:34<00:34,  0.15it/s, v_num=h5iu, train_loss_step=0.463, val_loss=0.530, train_loss_epoch=0.473]Epoch 32:  50%|█████     | 5/10 [00:34<00:34,  0.15it/s, v_num=h5iu, train_loss_step=0.469, val_loss=0.530, train_loss_epoch=0.473]SUCCESS: vision_encoder.blocks.2.1.spatial_block.conv1.fn.dw.weight is Updating! Grad Norm: 0.062089
Epoch 32:  60%|██████    | 6/10 [00:40<00:27,  0.15it/s, v_num=h5iu, train_loss_step=0.469, val_loss=0.530, train_loss_epoch=0.473]Epoch 32:  60%|██████    | 6/10 [00:40<00:27,  0.15it/s, v_num=h5iu, train_loss_step=0.492, val_loss=0.530, train_loss_epoch=0.473]SUCCESS: vision_encoder.blocks.2.1.spatial_block.conv1.fn.dw.weight is Updating! Grad Norm: 0.077172
Epoch 32:  70%|███████   | 7/10 [00:47<00:20,  0.15it/s, v_num=h5iu, train_loss_step=0.492, val_loss=0.530, train_loss_epoch=0.473]Epoch 32:  70%|███████   | 7/10 [00:47<00:20,  0.15it/s, v_num=h5iu, train_loss_step=0.436, val_loss=0.530, train_loss_epoch=0.473]SUCCESS: vision_encoder.blocks.2.1.spatial_block.conv1.fn.dw.weight is Updating! Grad Norm: 0.094068
Epoch 32:  80%|████████  | 8/10 [00:53<00:13,  0.15it/s, v_num=h5iu, train_loss_step=0.436, val_loss=0.530, train_loss_epoch=0.473]Epoch 32:  80%|████████  | 8/10 [00:53<00:13,  0.15it/s, v_num=h5iu, train_loss_step=0.523, val_loss=0.530, train_loss_epoch=0.473]SUCCESS: vision_encoder.blocks.2.1.spatial_block.conv1.fn.dw.weight is Updating! Grad Norm: 0.096849
Epoch 32:  90%|█████████ | 9/10 [01:00<00:06,  0.15it/s, v_num=h5iu, train_loss_step=0.523, val_loss=0.530, train_loss_epoch=0.473]Epoch 32:  90%|█████████ | 9/10 [01:00<00:06,  0.15it/s, v_num=h5iu, train_loss_step=0.424, val_loss=0.530, train_loss_epoch=0.473]SUCCESS: vision_encoder.blocks.2.1.spatial_block.conv1.fn.dw.weight is Updating! Grad Norm: 0.098645
Epoch 32: 100%|██████████| 10/10 [01:06<00:00,  0.15it/s, v_num=h5iu, train_loss_step=0.424, val_loss=0.530, train_loss_epoch=0.473]Epoch 32: 100%|██████████| 10/10 [01:06<00:00,  0.15it/s, v_num=h5iu, train_loss_step=0.532, val_loss=0.530, train_loss_epoch=0.473]
Validation: |          | 0/? [00:00<?, ?it/s][A
Validation:   0%|          | 0/4 [00:00<?, ?it/s][A
Validation DataLoader 0:   0%|          | 0/4 [00:00<?, ?it/s][Atensor(1.2504, device='cuda:0')
tensor(-0.1997, device='cuda:0')

Validation DataLoader 0:  25%|██▌       | 1/4 [00:01<00:04,  0.65it/s][Atensor(0.8859, device='cuda:0')
tensor(-0.1880, device='cuda:0')

Validation DataLoader 0:  50%|█████     | 2/4 [00:03<00:03,  0.65it/s][Atensor(1.1046, device='cuda:0')
tensor(-0.2040, device='cuda:0')

Validation DataLoader 0:  75%|███████▌  | 3/4 [00:04<00:01,  0.64it/s][Atensor(1.1209, device='cuda:0')
tensor(-0.1372, device='cuda:0')

Validation DataLoader 0: 100%|██████████| 4/4 [00:05<00:00,  0.76it/s][A
==================================================
Stage: VAL
Predicted class distribution: 0s = 46, 1s = 61
Actual label distribution:    0s = 80, 1s = 27
Actual Imbalance Ratio (0:1): 2.96:1
==================================================
✅ Model is predicting both classes.
Saved test predictions and probabilities to validation_results_fold_final.xlsx

                                                                      [AEpoch 32: 100%|██████████| 10/10 [01:12<00:00,  0.14it/s, v_num=h5iu, train_loss_step=0.532, val_loss=0.524, train_loss_epoch=0.473]Epoch 32: 100%|██████████| 10/10 [01:12<00:00,  0.14it/s, v_num=h5iu, train_loss_step=0.532, val_loss=0.524, train_loss_epoch=0.459]Epoch 32:   0%|          | 0/10 [00:00<?, ?it/s, v_num=h5iu, train_loss_step=0.532, val_loss=0.524, train_loss_epoch=0.459]         Epoch 33:   0%|          | 0/10 [00:00<?, ?it/s, v_num=h5iu, train_loss_step=0.532, val_loss=0.524, train_loss_epoch=0.459]SUCCESS: vision_encoder.blocks.2.1.spatial_block.conv1.fn.dw.weight is Updating! Grad Norm: 0.069289
Epoch 33:  10%|█         | 1/10 [00:07<01:09,  0.13it/s, v_num=h5iu, train_loss_step=0.532, val_loss=0.524, train_loss_epoch=0.459]Epoch 33:  10%|█         | 1/10 [00:07<01:09,  0.13it/s, v_num=h5iu, train_loss_step=0.370, val_loss=0.524, train_loss_epoch=0.459]SUCCESS: vision_encoder.blocks.2.1.spatial_block.conv1.fn.dw.weight is Updating! Grad Norm: 0.141875
Epoch 33:  20%|██        | 2/10 [00:14<00:57,  0.14it/s, v_num=h5iu, train_loss_step=0.370, val_loss=0.524, train_loss_epoch=0.459]Epoch 33:  20%|██        | 2/10 [00:14<00:57,  0.14it/s, v_num=h5iu, train_loss_step=0.571, val_loss=0.524, train_loss_epoch=0.459]SUCCESS: vision_encoder.blocks.2.1.spatial_block.conv1.fn.dw.weight is Updating! Grad Norm: 0.111004
Epoch 33:  30%|███       | 3/10 [00:20<00:48,  0.14it/s, v_num=h5iu, train_loss_step=0.571, val_loss=0.524, train_loss_epoch=0.459]Epoch 33:  30%|███       | 3/10 [00:20<00:48,  0.14it/s, v_num=h5iu, train_loss_step=0.431, val_loss=0.524, train_loss_epoch=0.459]SUCCESS: vision_encoder.blocks.2.1.spatial_block.conv1.fn.dw.weight is Updating! Grad Norm: 0.098475
Epoch 33:  40%|████      | 4/10 [00:27<00:40,  0.15it/s, v_num=h5iu, train_loss_step=0.431, val_loss=0.524, train_loss_epoch=0.459]Epoch 33:  40%|████      | 4/10 [00:27<00:41,  0.15it/s, v_num=h5iu, train_loss_step=0.382, val_loss=0.524, train_loss_epoch=0.459]SUCCESS: vision_encoder.blocks.2.1.spatial_block.conv1.fn.dw.weight is Updating! Grad Norm: 0.059065
Epoch 33:  50%|█████     | 5/10 [00:33<00:33,  0.15it/s, v_num=h5iu, train_loss_step=0.382, val_loss=0.524, train_loss_epoch=0.459]Epoch 33:  50%|█████     | 5/10 [00:33<00:33,  0.15it/s, v_num=h5iu, train_loss_step=0.516, val_loss=0.524, train_loss_epoch=0.459]SUCCESS: vision_encoder.blocks.2.1.spatial_block.conv1.fn.dw.weight is Updating! Grad Norm: 0.085570
Epoch 33:  60%|██████    | 6/10 [00:40<00:26,  0.15it/s, v_num=h5iu, train_loss_step=0.516, val_loss=0.524, train_loss_epoch=0.459]Epoch 33:  60%|██████    | 6/10 [00:40<00:26,  0.15it/s, v_num=h5iu, train_loss_step=0.452, val_loss=0.524, train_loss_epoch=0.459]SUCCESS: vision_encoder.blocks.2.1.spatial_block.conv1.fn.dw.weight is Updating! Grad Norm: 0.072855
Epoch 33:  70%|███████   | 7/10 [00:46<00:20,  0.15it/s, v_num=h5iu, train_loss_step=0.452, val_loss=0.524, train_loss_epoch=0.459]Epoch 33:  70%|███████   | 7/10 [00:46<00:20,  0.15it/s, v_num=h5iu, train_loss_step=0.409, val_loss=0.524, train_loss_epoch=0.459]SUCCESS: vision_encoder.blocks.2.1.spatial_block.conv1.fn.dw.weight is Updating! Grad Norm: 0.082481
Epoch 33:  80%|████████  | 8/10 [00:53<00:13,  0.15it/s, v_num=h5iu, train_loss_step=0.409, val_loss=0.524, train_loss_epoch=0.459]Epoch 33:  80%|████████  | 8/10 [00:53<00:13,  0.15it/s, v_num=h5iu, train_loss_step=0.420, val_loss=0.524, train_loss_epoch=0.459]SUCCESS: vision_encoder.blocks.2.1.spatial_block.conv1.fn.dw.weight is Updating! Grad Norm: 0.075356
Epoch 33:  90%|█████████ | 9/10 [00:59<00:06,  0.15it/s, v_num=h5iu, train_loss_step=0.420, val_loss=0.524, train_loss_epoch=0.459]Epoch 33:  90%|█████████ | 9/10 [00:59<00:06,  0.15it/s, v_num=h5iu, train_loss_step=0.454, val_loss=0.524, train_loss_epoch=0.459]SUCCESS: vision_encoder.blocks.2.1.spatial_block.conv1.fn.dw.weight is Updating! Grad Norm: 0.070566
Epoch 33: 100%|██████████| 10/10 [01:06<00:00,  0.15it/s, v_num=h5iu, train_loss_step=0.454, val_loss=0.524, train_loss_epoch=0.459]Epoch 33: 100%|██████████| 10/10 [01:06<00:00,  0.15it/s, v_num=h5iu, train_loss_step=0.479, val_loss=0.524, train_loss_epoch=0.459]
Validation: |          | 0/? [00:00<?, ?it/s][A
Validation:   0%|          | 0/4 [00:00<?, ?it/s][A
Validation DataLoader 0:   0%|          | 0/4 [00:00<?, ?it/s][Atensor(1.2724, device='cuda:0')
tensor(-0.1997, device='cuda:0')

Validation DataLoader 0:  25%|██▌       | 1/4 [00:01<00:04,  0.65it/s][Atensor(0.9056, device='cuda:0')
tensor(-0.1886, device='cuda:0')

Validation DataLoader 0:  50%|█████     | 2/4 [00:03<00:03,  0.65it/s][Atensor(1.0753, device='cuda:0')
tensor(-0.2106, device='cuda:0')

Validation DataLoader 0:  75%|███████▌  | 3/4 [00:04<00:01,  0.64it/s][Atensor(1.1451, device='cuda:0')
tensor(-0.1421, device='cuda:0')

Validation DataLoader 0: 100%|██████████| 4/4 [00:05<00:00,  0.76it/s][A
==================================================
Stage: VAL
Predicted class distribution: 0s = 48, 1s = 59
Actual label distribution:    0s = 80, 1s = 27
Actual Imbalance Ratio (0:1): 2.96:1
==================================================
✅ Model is predicting both classes.
Saved test predictions and probabilities to validation_results_fold_final.xlsx

                                                                      [AEpoch 33: 100%|██████████| 10/10 [01:12<00:00,  0.14it/s, v_num=h5iu, train_loss_step=0.479, val_loss=0.519, train_loss_epoch=0.459]Epoch 33: 100%|██████████| 10/10 [01:12<00:00,  0.14it/s, v_num=h5iu, train_loss_step=0.479, val_loss=0.519, train_loss_epoch=0.449]Epoch 33: 100%|██████████| 10/10 [01:12<00:00,  0.14it/s, v_num=h5iu, train_loss_step=0.479, val_loss=0.519, train_loss_epoch=0.449]
Testing: |          | 0/? [00:00<?, ?it/s]Testing:   0%|          | 0/3 [00:00<?, ?it/s]Testing DataLoader 0:   0%|          | 0/3 [00:00<?, ?it/s]Testing DataLoader 0:  33%|███▎      | 1/3 [00:01<00:03,  0.66it/s]Testing DataLoader 0:  67%|██████▋   | 2/3 [00:03<00:01,  0.65it/s]Testing DataLoader 0: 100%|██████████| 3/3 [00:03<00:00,  0.78it/s]Saved test predictions and probabilities to test_results_fold_final.xlsx

==================================================
Stage: TEST
Predicted class distribution: 0s = 58, 1s = 22
Actual label distribution:    0s = 60, 1s = 20
Actual Imbalance Ratio (0:1): 3.00:1
==================================================
✅ Model is predicting both classes.
Testing DataLoader 0: 100%|██████████| 3/3 [00:04<00:00,  0.73it/s]
┏━━━━━━━━━━━━━━━━━━━━━━━━━━━┳━━━━━━━━━━━━━━━━━━━━━━━━━━━┓
┃        Test metric        ┃       DataLoader 0        ┃
┡━━━━━━━━━━━━━━━━━━━━━━━━━━━╇━━━━━━━━━━━━━━━━━━━━━━━━━━━┩
│        test_auroc         │    0.6388888955116272     │
│     test_balanced_acc     │     0.550000011920929     │
│        test_cindex        │    0.6398786902427673     │
│       test_f1_score       │    0.3333333432674408     │
│         test_ibs          │    0.13364137709140778    │
│      test_precision       │    0.5470219850540161     │
│        test_recall        │     0.550000011920929     │
└───────────────────────────┴───────────────────────────┘

====================== STARTING FOLD 3/3 ======================
The model has 360,919,554 trainable parameters.
Sanity Checking: |          | 0/? [00:00<?, ?it/s]Sanity Checking:   0%|          | 0/2 [00:00<?, ?it/s]Sanity Checking DataLoader 0:   0%|          | 0/2 [00:00<?, ?it/s]tensor(0.1200, device='cuda:0')
tensor(-0.1064, device='cuda:0')
Sanity Checking DataLoader 0:  50%|█████     | 1/2 [00:01<00:01,  0.66it/s]tensor(0.1174, device='cuda:0')
tensor(-0.0783, device='cuda:0')
Sanity Checking DataLoader 0: 100%|██████████| 2/2 [00:03<00:00,  0.65it/s]
==================================================
Stage: VAL
Predicted class distribution: 0s = 0, 1s = 64
Actual label distribution:    0s = 52, 1s = 12
Actual Imbalance Ratio (0:1): 4.33:1
==================================================
⚠️ Model is predicting only class 1 (minority class). It is ignoring the majority class!
Saved test predictions and probabilities to validation_results_fold_final.xlsx
                                                                           Training: |          | 0/? [00:00<?, ?it/s]Training:   0%|          | 0/10 [00:00<?, ?it/s]Epoch 0:   0%|          | 0/10 [00:00<?, ?it/s] 🔥 Successfully training: convs.0.proj.weight
SUCCESS: vision_encoder.blocks.2.1.spatial_block.conv1.fn.dw.weight is Updating! Grad Norm: 0.065448
Epoch 0:  10%|█         | 1/10 [00:07<01:08,  0.13it/s]Epoch 0:  10%|█         | 1/10 [00:07<01:08,  0.13it/s, v_num=nqhy, train_loss_step=0.598]SUCCESS: vision_encoder.blocks.2.1.spatial_block.conv1.fn.dw.weight is Updating! Grad Norm: 0.060585
Epoch 0:  20%|██        | 2/10 [00:14<00:56,  0.14it/s, v_num=nqhy, train_loss_step=0.598]Epoch 0:  20%|██        | 2/10 [00:14<00:56,  0.14it/s, v_num=nqhy, train_loss_step=0.587]SUCCESS: vision_encoder.blocks.2.1.spatial_block.conv1.fn.dw.weight is Updating! Grad Norm: 0.089145
Epoch 0:  30%|███       | 3/10 [00:20<00:48,  0.15it/s, v_num=nqhy, train_loss_step=0.587]Epoch 0:  30%|███       | 3/10 [00:20<00:48,  0.15it/s, v_num=nqhy, train_loss_step=0.622]SUCCESS: vision_encoder.blocks.2.1.spatial_block.conv1.fn.dw.weight is Updating! Grad Norm: 0.068353
Epoch 0:  40%|████      | 4/10 [00:27<00:40,  0.15it/s, v_num=nqhy, train_loss_step=0.622]Epoch 0:  40%|████      | 4/10 [00:27<00:40,  0.15it/s, v_num=nqhy, train_loss_step=0.660]SUCCESS: vision_encoder.blocks.2.1.spatial_block.conv1.fn.dw.weight is Updating! Grad Norm: 0.120851
Epoch 0:  50%|█████     | 5/10 [00:33<00:33,  0.15it/s, v_num=nqhy, train_loss_step=0.660]Epoch 0:  50%|█████     | 5/10 [00:33<00:33,  0.15it/s, v_num=nqhy, train_loss_step=0.665]SUCCESS: vision_encoder.blocks.2.1.spatial_block.conv1.fn.dw.weight is Updating! Grad Norm: 0.078170
Epoch 0:  60%|██████    | 6/10 [00:40<00:26,  0.15it/s, v_num=nqhy, train_loss_step=0.665]Epoch 0:  60%|██████    | 6/10 [00:40<00:26,  0.15it/s, v_num=nqhy, train_loss_step=0.572]SUCCESS: vision_encoder.blocks.2.1.spatial_block.conv1.fn.dw.weight is Updating! Grad Norm: 0.053718
Epoch 0:  70%|███████   | 7/10 [00:46<00:19,  0.15it/s, v_num=nqhy, train_loss_step=0.572]Epoch 0:  70%|███████   | 7/10 [00:46<00:19,  0.15it/s, v_num=nqhy, train_loss_step=0.608]SUCCESS: vision_encoder.blocks.2.1.spatial_block.conv1.fn.dw.weight is Updating! Grad Norm: 0.113364
Epoch 0:  80%|████████  | 8/10 [00:52<00:13,  0.15it/s, v_num=nqhy, train_loss_step=0.608]Epoch 0:  80%|████████  | 8/10 [00:52<00:13,  0.15it/s, v_num=nqhy, train_loss_step=0.605]SUCCESS: vision_encoder.blocks.2.1.spatial_block.conv1.fn.dw.weight is Updating! Grad Norm: 0.039879
Epoch 0:  90%|█████████ | 9/10 [00:59<00:06,  0.15it/s, v_num=nqhy, train_loss_step=0.605]Epoch 0:  90%|█████████ | 9/10 [00:59<00:06,  0.15it/s, v_num=nqhy, train_loss_step=0.645]SUCCESS: vision_encoder.blocks.2.1.spatial_block.conv1.fn.dw.weight is Updating! Grad Norm: 0.078654
Epoch 0: 100%|██████████| 10/10 [01:05<00:00,  0.15it/s, v_num=nqhy, train_loss_step=0.645]Epoch 0: 100%|██████████| 10/10 [01:05<00:00,  0.15it/s, v_num=nqhy, train_loss_step=0.515]
Validation: |          | 0/? [00:00<?, ?it/s][A
Validation:   0%|          | 0/4 [00:00<?, ?it/s][A
Validation DataLoader 0:   0%|          | 0/4 [00:00<?, ?it/s][Atensor(0.1592, device='cuda:0')
tensor(-0.0560, device='cuda:0')

Validation DataLoader 0:  25%|██▌       | 1/4 [00:01<00:04,  0.66it/s][Atensor(0.1624, device='cuda:0')
tensor(-0.0636, device='cuda:0')

Validation DataLoader 0:  50%|█████     | 2/4 [00:03<00:03,  0.65it/s][Atensor(0.1369, device='cuda:0')
tensor(-0.1096, device='cuda:0')

Validation DataLoader 0:  75%|███████▌  | 3/4 [00:04<00:01,  0.65it/s][Atensor(0.1464, device='cuda:0')
tensor(0.0165, device='cuda:0')

Validation DataLoader 0: 100%|██████████| 4/4 [00:05<00:00,  0.78it/s][A
==================================================
Stage: VAL
Predicted class distribution: 0s = 0, 1s = 106
Actual label distribution:    0s = 80, 1s = 26
Actual Imbalance Ratio (0:1): 3.08:1
==================================================
⚠️ Model is predicting only class 1 (minority class). It is ignoring the majority class!
Saved test predictions and probabilities to validation_results_fold_final.xlsx

                                                                      [AEpoch 0: 100%|██████████| 10/10 [01:12<00:00,  0.14it/s, v_num=nqhy, train_loss_step=0.515, val_loss=0.641]Epoch 0: 100%|██████████| 10/10 [01:12<00:00,  0.14it/s, v_num=nqhy, train_loss_step=0.515, val_loss=0.641, train_loss_epoch=0.608]Epoch 0:   0%|          | 0/10 [00:00<?, ?it/s, v_num=nqhy, train_loss_step=0.515, val_loss=0.641, train_loss_epoch=0.608]         Epoch 1:   0%|          | 0/10 [00:00<?, ?it/s, v_num=nqhy, train_loss_step=0.515, val_loss=0.641, train_loss_epoch=0.608]SUCCESS: vision_encoder.blocks.2.1.spatial_block.conv1.fn.dw.weight is Updating! Grad Norm: 0.083589
Epoch 1:  10%|█         | 1/10 [00:08<01:14,  0.12it/s, v_num=nqhy, train_loss_step=0.515, val_loss=0.641, train_loss_epoch=0.608]Epoch 1:  10%|█         | 1/10 [00:08<01:15,  0.12it/s, v_num=nqhy, train_loss_step=0.631, val_loss=0.641, train_loss_epoch=0.608]SUCCESS: vision_encoder.blocks.2.1.spatial_block.conv1.fn.dw.weight is Updating! Grad Norm: 0.040193
Epoch 1:  20%|██        | 2/10 [00:14<00:59,  0.14it/s, v_num=nqhy, train_loss_step=0.631, val_loss=0.641, train_loss_epoch=0.608]Epoch 1:  20%|██        | 2/10 [00:14<00:59,  0.14it/s, v_num=nqhy, train_loss_step=0.527, val_loss=0.641, train_loss_epoch=0.608]SUCCESS: vision_encoder.blocks.2.1.spatial_block.conv1.fn.dw.weight is Updating! Grad Norm: 0.056202
Epoch 1:  30%|███       | 3/10 [00:21<00:49,  0.14it/s, v_num=nqhy, train_loss_step=0.527, val_loss=0.641, train_loss_epoch=0.608]Epoch 1:  30%|███       | 3/10 [00:21<00:49,  0.14it/s, v_num=nqhy, train_loss_step=0.610, val_loss=0.641, train_loss_epoch=0.608]SUCCESS: vision_encoder.blocks.2.1.spatial_block.conv1.fn.dw.weight is Updating! Grad Norm: 0.045964
Epoch 1:  40%|████      | 4/10 [00:27<00:41,  0.14it/s, v_num=nqhy, train_loss_step=0.610, val_loss=0.641, train_loss_epoch=0.608]Epoch 1:  40%|████      | 4/10 [00:27<00:41,  0.14it/s, v_num=nqhy, train_loss_step=0.475, val_loss=0.641, train_loss_epoch=0.608]SUCCESS: vision_encoder.blocks.2.1.spatial_block.conv1.fn.dw.weight is Updating! Grad Norm: 0.101795
Epoch 1:  50%|█████     | 5/10 [00:34<00:34,  0.15it/s, v_num=nqhy, train_loss_step=0.475, val_loss=0.641, train_loss_epoch=0.608]Epoch 1:  50%|█████     | 5/10 [00:34<00:34,  0.15it/s, v_num=nqhy, train_loss_step=0.517, val_loss=0.641, train_loss_epoch=0.608]SUCCESS: vision_encoder.blocks.2.1.spatial_block.conv1.fn.dw.weight is Updating! Grad Norm: 0.078858
Epoch 1:  60%|██████    | 6/10 [00:40<00:27,  0.15it/s, v_num=nqhy, train_loss_step=0.517, val_loss=0.641, train_loss_epoch=0.608]Epoch 1:  60%|██████    | 6/10 [00:40<00:27,  0.15it/s, v_num=nqhy, train_loss_step=0.550, val_loss=0.641, train_loss_epoch=0.608]SUCCESS: vision_encoder.blocks.2.1.spatial_block.conv1.fn.dw.weight is Updating! Grad Norm: 0.118110
Epoch 1:  70%|███████   | 7/10 [00:47<00:20,  0.15it/s, v_num=nqhy, train_loss_step=0.550, val_loss=0.641, train_loss_epoch=0.608]Epoch 1:  70%|███████   | 7/10 [00:47<00:20,  0.15it/s, v_num=nqhy, train_loss_step=0.605, val_loss=0.641, train_loss_epoch=0.608]SUCCESS: vision_encoder.blocks.2.1.spatial_block.conv1.fn.dw.weight is Updating! Grad Norm: 0.079189
Epoch 1:  80%|████████  | 8/10 [00:53<00:13,  0.15it/s, v_num=nqhy, train_loss_step=0.605, val_loss=0.641, train_loss_epoch=0.608]Epoch 1:  80%|████████  | 8/10 [00:53<00:13,  0.15it/s, v_num=nqhy, train_loss_step=0.572, val_loss=0.641, train_loss_epoch=0.608]SUCCESS: vision_encoder.blocks.2.1.spatial_block.conv1.fn.dw.weight is Updating! Grad Norm: 0.092912
Epoch 1:  90%|█████████ | 9/10 [00:59<00:06,  0.15it/s, v_num=nqhy, train_loss_step=0.572, val_loss=0.641, train_loss_epoch=0.608]Epoch 1:  90%|█████████ | 9/10 [00:59<00:06,  0.15it/s, v_num=nqhy, train_loss_step=0.574, val_loss=0.641, train_loss_epoch=0.608]SUCCESS: vision_encoder.blocks.2.1.spatial_block.conv1.fn.dw.weight is Updating! Grad Norm: 0.069026
Epoch 1: 100%|██████████| 10/10 [01:06<00:00,  0.15it/s, v_num=nqhy, train_loss_step=0.574, val_loss=0.641, train_loss_epoch=0.608]Epoch 1: 100%|██████████| 10/10 [01:06<00:00,  0.15it/s, v_num=nqhy, train_loss_step=0.584, val_loss=0.641, train_loss_epoch=0.608]
Validation: |          | 0/? [00:00<?, ?it/s][A
Validation:   0%|          | 0/4 [00:00<?, ?it/s][A
Validation DataLoader 0:   0%|          | 0/4 [00:00<?, ?it/s][Atensor(0.2295, device='cuda:0')
tensor(-0.1859, device='cuda:0')

Validation DataLoader 0:  25%|██▌       | 1/4 [00:01<00:04,  0.66it/s][Atensor(0.2686, device='cuda:0')
tensor(-0.1623, device='cuda:0')

Validation DataLoader 0:  50%|█████     | 2/4 [00:03<00:03,  0.65it/s][Atensor(0.2173, device='cuda:0')
tensor(-0.2162, device='cuda:0')

Validation DataLoader 0:  75%|███████▌  | 3/4 [00:04<00:01,  0.65it/s][Atensor(0.2194, device='cuda:0')
tensor(0.0243, device='cuda:0')

Validation DataLoader 0: 100%|██████████| 4/4 [00:05<00:00,  0.78it/s][A
==================================================
Stage: VAL
Predicted class distribution: 0s = 24, 1s = 82
Actual label distribution:    0s = 80, 1s = 26
Actual Imbalance Ratio (0:1): 3.08:1
==================================================
✅ Model is predicting both classes.
Saved test predictions and probabilities to validation_results_fold_final.xlsx

                                                                      [AEpoch 1: 100%|██████████| 10/10 [01:13<00:00,  0.14it/s, v_num=nqhy, train_loss_step=0.584, val_loss=0.589, train_loss_epoch=0.608]Epoch 1: 100%|██████████| 10/10 [01:13<00:00,  0.14it/s, v_num=nqhy, train_loss_step=0.584, val_loss=0.589, train_loss_epoch=0.564]Epoch 1:   0%|          | 0/10 [00:00<?, ?it/s, v_num=nqhy, train_loss_step=0.584, val_loss=0.589, train_loss_epoch=0.564]         Epoch 2:   0%|          | 0/10 [00:00<?, ?it/s, v_num=nqhy, train_loss_step=0.584, val_loss=0.589, train_loss_epoch=0.564]SUCCESS: vision_encoder.blocks.2.1.spatial_block.conv1.fn.dw.weight is Updating! Grad Norm: 0.051486
Epoch 2:  10%|█         | 1/10 [00:08<01:14,  0.12it/s, v_num=nqhy, train_loss_step=0.584, val_loss=0.589, train_loss_epoch=0.564]Epoch 2:  10%|█         | 1/10 [00:08<01:15,  0.12it/s, v_num=nqhy, train_loss_step=0.540, val_loss=0.589, train_loss_epoch=0.564]SUCCESS: vision_encoder.blocks.2.1.spatial_block.conv1.fn.dw.weight is Updating! Grad Norm: 0.092421
Epoch 2:  20%|██        | 2/10 [00:14<00:58,  0.14it/s, v_num=nqhy, train_loss_step=0.540, val_loss=0.589, train_loss_epoch=0.564]Epoch 2:  20%|██        | 2/10 [00:14<00:58,  0.14it/s, v_num=nqhy, train_loss_step=0.572, val_loss=0.589, train_loss_epoch=0.564]SUCCESS: vision_encoder.blocks.2.1.spatial_block.conv1.fn.dw.weight is Updating! Grad Norm: 0.058733
Epoch 2:  30%|███       | 3/10 [00:21<00:49,  0.14it/s, v_num=nqhy, train_loss_step=0.572, val_loss=0.589, train_loss_epoch=0.564]Epoch 2:  30%|███       | 3/10 [00:21<00:49,  0.14it/s, v_num=nqhy, train_loss_step=0.411, val_loss=0.589, train_loss_epoch=0.564]SUCCESS: vision_encoder.blocks.2.1.spatial_block.conv1.fn.dw.weight is Updating! Grad Norm: 0.057588
Epoch 2:  40%|████      | 4/10 [00:27<00:41,  0.14it/s, v_num=nqhy, train_loss_step=0.411, val_loss=0.589, train_loss_epoch=0.564]Epoch 2:  40%|████      | 4/10 [00:27<00:41,  0.14it/s, v_num=nqhy, train_loss_step=0.600, val_loss=0.589, train_loss_epoch=0.564]SUCCESS: vision_encoder.blocks.2.1.spatial_block.conv1.fn.dw.weight is Updating! Grad Norm: 0.056506
Epoch 2:  50%|█████     | 5/10 [00:34<00:34,  0.15it/s, v_num=nqhy, train_loss_step=0.600, val_loss=0.589, train_loss_epoch=0.564]Epoch 2:  50%|█████     | 5/10 [00:34<00:34,  0.15it/s, v_num=nqhy, train_loss_step=0.613, val_loss=0.589, train_loss_epoch=0.564]SUCCESS: vision_encoder.blocks.2.1.spatial_block.conv1.fn.dw.weight is Updating! Grad Norm: 0.060197
Epoch 2:  60%|██████    | 6/10 [00:40<00:26,  0.15it/s, v_num=nqhy, train_loss_step=0.613, val_loss=0.589, train_loss_epoch=0.564]Epoch 2:  60%|██████    | 6/10 [00:40<00:27,  0.15it/s, v_num=nqhy, train_loss_step=0.517, val_loss=0.589, train_loss_epoch=0.564]SUCCESS: vision_encoder.blocks.2.1.spatial_block.conv1.fn.dw.weight is Updating! Grad Norm: 0.127428
Epoch 2:  70%|███████   | 7/10 [00:46<00:20,  0.15it/s, v_num=nqhy, train_loss_step=0.517, val_loss=0.589, train_loss_epoch=0.564]Epoch 2:  70%|███████   | 7/10 [00:46<00:20,  0.15it/s, v_num=nqhy, train_loss_step=0.494, val_loss=0.589, train_loss_epoch=0.564]SUCCESS: vision_encoder.blocks.2.1.spatial_block.conv1.fn.dw.weight is Updating! Grad Norm: 0.206186
Epoch 2:  80%|████████  | 8/10 [00:53<00:13,  0.15it/s, v_num=nqhy, train_loss_step=0.494, val_loss=0.589, train_loss_epoch=0.564]Epoch 2:  80%|████████  | 8/10 [00:53<00:13,  0.15it/s, v_num=nqhy, train_loss_step=0.573, val_loss=0.589, train_loss_epoch=0.564]SUCCESS: vision_encoder.blocks.2.1.spatial_block.conv1.fn.dw.weight is Updating! Grad Norm: 0.126096
Epoch 2:  90%|█████████ | 9/10 [00:59<00:06,  0.15it/s, v_num=nqhy, train_loss_step=0.573, val_loss=0.589, train_loss_epoch=0.564]Epoch 2:  90%|█████████ | 9/10 [00:59<00:06,  0.15it/s, v_num=nqhy, train_loss_step=0.418, val_loss=0.589, train_loss_epoch=0.564]SUCCESS: vision_encoder.blocks.2.1.spatial_block.conv1.fn.dw.weight is Updating! Grad Norm: 0.069804
Epoch 2: 100%|██████████| 10/10 [01:06<00:00,  0.15it/s, v_num=nqhy, train_loss_step=0.418, val_loss=0.589, train_loss_epoch=0.564]Epoch 2: 100%|██████████| 10/10 [01:06<00:00,  0.15it/s, v_num=nqhy, train_loss_step=0.443, val_loss=0.589, train_loss_epoch=0.564]
Validation: |          | 0/? [00:00<?, ?it/s][A
Validation:   0%|          | 0/4 [00:00<?, ?it/s][A
Validation DataLoader 0:   0%|          | 0/4 [00:00<?, ?it/s][Atensor(0.3542, device='cuda:0')
tensor(-0.3060, device='cuda:0')

Validation DataLoader 0:  25%|██▌       | 1/4 [00:01<00:04,  0.66it/s][Atensor(0.4191, device='cuda:0')
tensor(-0.2169, device='cuda:0')

Validation DataLoader 0:  50%|█████     | 2/4 [00:03<00:03,  0.65it/s][Atensor(0.3288, device='cuda:0')
tensor(-0.3150, device='cuda:0')

Validation DataLoader 0:  75%|███████▌  | 3/4 [00:04<00:01,  0.65it/s][Atensor(0.3175, device='cuda:0')
tensor(0.0048, device='cuda:0')

Validation DataLoader 0: 100%|██████████| 4/4 [00:05<00:00,  0.78it/s][A
==================================================
Stage: VAL
Predicted class distribution: 0s = 64, 1s = 42
Actual label distribution:    0s = 80, 1s = 26
Actual Imbalance Ratio (0:1): 3.08:1
==================================================
✅ Model is predicting both classes.
Saved test predictions and probabilities to validation_results_fold_final.xlsx

                                                                      [AEpoch 2: 100%|██████████| 10/10 [01:12<00:00,  0.14it/s, v_num=nqhy, train_loss_step=0.443, val_loss=0.535, train_loss_epoch=0.564]Epoch 2: 100%|██████████| 10/10 [01:12<00:00,  0.14it/s, v_num=nqhy, train_loss_step=0.443, val_loss=0.535, train_loss_epoch=0.518]Epoch 2:   0%|          | 0/10 [00:00<?, ?it/s, v_num=nqhy, train_loss_step=0.443, val_loss=0.535, train_loss_epoch=0.518]         Epoch 3:   0%|          | 0/10 [00:00<?, ?it/s, v_num=nqhy, train_loss_step=0.443, val_loss=0.535, train_loss_epoch=0.518]SUCCESS: vision_encoder.blocks.2.1.spatial_block.conv1.fn.dw.weight is Updating! Grad Norm: 0.052812
Epoch 3:  10%|█         | 1/10 [00:08<01:13,  0.12it/s, v_num=nqhy, train_loss_step=0.443, val_loss=0.535, train_loss_epoch=0.518]Epoch 3:  10%|█         | 1/10 [00:08<01:14,  0.12it/s, v_num=nqhy, train_loss_step=0.525, val_loss=0.535, train_loss_epoch=0.518]SUCCESS: vision_encoder.blocks.2.1.spatial_block.conv1.fn.dw.weight is Updating! Grad Norm: 0.091658
Epoch 3:  20%|██        | 2/10 [00:14<00:58,  0.14it/s, v_num=nqhy, train_loss_step=0.525, val_loss=0.535, train_loss_epoch=0.518]Epoch 3:  20%|██        | 2/10 [00:14<00:58,  0.14it/s, v_num=nqhy, train_loss_step=0.497, val_loss=0.535, train_loss_epoch=0.518]SUCCESS: vision_encoder.blocks.2.1.spatial_block.conv1.fn.dw.weight is Updating! Grad Norm: 0.066106
Epoch 3:  30%|███       | 3/10 [00:21<00:49,  0.14it/s, v_num=nqhy, train_loss_step=0.497, val_loss=0.535, train_loss_epoch=0.518]Epoch 3:  30%|███       | 3/10 [00:21<00:49,  0.14it/s, v_num=nqhy, train_loss_step=0.491, val_loss=0.535, train_loss_epoch=0.518]SUCCESS: vision_encoder.blocks.2.1.spatial_block.conv1.fn.dw.weight is Updating! Grad Norm: 0.143906
Epoch 3:  40%|████      | 4/10 [00:27<00:41,  0.15it/s, v_num=nqhy, train_loss_step=0.491, val_loss=0.535, train_loss_epoch=0.518]Epoch 3:  40%|████      | 4/10 [00:27<00:41,  0.15it/s, v_num=nqhy, train_loss_step=0.403, val_loss=0.535, train_loss_epoch=0.518]SUCCESS: vision_encoder.blocks.2.1.spatial_block.conv1.fn.dw.weight is Updating! Grad Norm: 0.096483
Epoch 3:  50%|█████     | 5/10 [00:33<00:33,  0.15it/s, v_num=nqhy, train_loss_step=0.403, val_loss=0.535, train_loss_epoch=0.518]Epoch 3:  50%|█████     | 5/10 [00:33<00:33,  0.15it/s, v_num=nqhy, train_loss_step=0.493, val_loss=0.535, train_loss_epoch=0.518]SUCCESS: vision_encoder.blocks.2.1.spatial_block.conv1.fn.dw.weight is Updating! Grad Norm: 0.047094
Epoch 3:  60%|██████    | 6/10 [00:40<00:26,  0.15it/s, v_num=nqhy, train_loss_step=0.493, val_loss=0.535, train_loss_epoch=0.518]Epoch 3:  60%|██████    | 6/10 [00:40<00:26,  0.15it/s, v_num=nqhy, train_loss_step=0.408, val_loss=0.535, train_loss_epoch=0.518]SUCCESS: vision_encoder.blocks.2.1.spatial_block.conv1.fn.dw.weight is Updating! Grad Norm: 0.085396
Epoch 3:  70%|███████   | 7/10 [00:46<00:20,  0.15it/s, v_num=nqhy, train_loss_step=0.408, val_loss=0.535, train_loss_epoch=0.518]Epoch 3:  70%|███████   | 7/10 [00:46<00:20,  0.15it/s, v_num=nqhy, train_loss_step=0.547, val_loss=0.535, train_loss_epoch=0.518]SUCCESS: vision_encoder.blocks.2.1.spatial_block.conv1.fn.dw.weight is Updating! Grad Norm: 0.062202
Epoch 3:  80%|████████  | 8/10 [00:53<00:13,  0.15it/s, v_num=nqhy, train_loss_step=0.547, val_loss=0.535, train_loss_epoch=0.518]Epoch 3:  80%|████████  | 8/10 [00:53<00:13,  0.15it/s, v_num=nqhy, train_loss_step=0.538, val_loss=0.535, train_loss_epoch=0.518]SUCCESS: vision_encoder.blocks.2.1.spatial_block.conv1.fn.dw.weight is Updating! Grad Norm: 0.108127
Epoch 3:  90%|█████████ | 9/10 [00:59<00:06,  0.15it/s, v_num=nqhy, train_loss_step=0.538, val_loss=0.535, train_loss_epoch=0.518]Epoch 3:  90%|█████████ | 9/10 [00:59<00:06,  0.15it/s, v_num=nqhy, train_loss_step=0.450, val_loss=0.535, train_loss_epoch=0.518]SUCCESS: vision_encoder.blocks.2.1.spatial_block.conv1.fn.dw.weight is Updating! Grad Norm: 0.139337
Epoch 3: 100%|██████████| 10/10 [01:06<00:00,  0.15it/s, v_num=nqhy, train_loss_step=0.450, val_loss=0.535, train_loss_epoch=0.518]Epoch 3: 100%|██████████| 10/10 [01:06<00:00,  0.15it/s, v_num=nqhy, train_loss_step=0.375, val_loss=0.535, train_loss_epoch=0.518]
Validation: |          | 0/? [00:00<?, ?it/s][A
Validation:   0%|          | 0/4 [00:00<?, ?it/s][A
Validation DataLoader 0:   0%|          | 0/4 [00:00<?, ?it/s][Atensor(0.4772, device='cuda:0')
tensor(-0.4374, device='cuda:0')

Validation DataLoader 0:  25%|██▌       | 1/4 [00:01<00:04,  0.66it/s][Atensor(0.5518, device='cuda:0')
tensor(-0.2950, device='cuda:0')

Validation DataLoader 0:  50%|█████     | 2/4 [00:03<00:03,  0.65it/s][Atensor(0.4596, device='cuda:0')
tensor(-0.4342, device='cuda:0')

Validation DataLoader 0:  75%|███████▌  | 3/4 [00:04<00:01,  0.65it/s][Atensor(0.4180, device='cuda:0')
tensor(-0.0105, device='cuda:0')

Validation DataLoader 0: 100%|██████████| 4/4 [00:05<00:00,  0.78it/s][A
==================================================
Stage: VAL
Predicted class distribution: 0s = 74, 1s = 32
Actual label distribution:    0s = 80, 1s = 26
Actual Imbalance Ratio (0:1): 3.08:1
==================================================
✅ Model is predicting both classes.
Saved test predictions and probabilities to validation_results_fold_final.xlsx

                                                                      [AEpoch 3: 100%|██████████| 10/10 [01:12<00:00,  0.14it/s, v_num=nqhy, train_loss_step=0.375, val_loss=0.489, train_loss_epoch=0.518]Epoch 3: 100%|██████████| 10/10 [01:12<00:00,  0.14it/s, v_num=nqhy, train_loss_step=0.375, val_loss=0.489, train_loss_epoch=0.473]Epoch 3:   0%|          | 0/10 [00:00<?, ?it/s, v_num=nqhy, train_loss_step=0.375, val_loss=0.489, train_loss_epoch=0.473]         Epoch 4:   0%|          | 0/10 [00:00<?, ?it/s, v_num=nqhy, train_loss_step=0.375, val_loss=0.489, train_loss_epoch=0.473]SUCCESS: vision_encoder.blocks.2.1.spatial_block.conv1.fn.dw.weight is Updating! Grad Norm: 0.073168
Epoch 4:  10%|█         | 1/10 [00:08<01:17,  0.12it/s, v_num=nqhy, train_loss_step=0.375, val_loss=0.489, train_loss_epoch=0.473]Epoch 4:  10%|█         | 1/10 [00:08<01:18,  0.12it/s, v_num=nqhy, train_loss_step=0.404, val_loss=0.489, train_loss_epoch=0.473]SUCCESS: vision_encoder.blocks.2.1.spatial_block.conv1.fn.dw.weight is Updating! Grad Norm: 0.095303
Epoch 4:  20%|██        | 2/10 [00:15<01:00,  0.13it/s, v_num=nqhy, train_loss_step=0.404, val_loss=0.489, train_loss_epoch=0.473]Epoch 4:  20%|██        | 2/10 [00:15<01:00,  0.13it/s, v_num=nqhy, train_loss_step=0.461, val_loss=0.489, train_loss_epoch=0.473]SUCCESS: vision_encoder.blocks.2.1.spatial_block.conv1.fn.dw.weight is Updating! Grad Norm: 0.078271
Epoch 4:  30%|███       | 3/10 [00:21<00:50,  0.14it/s, v_num=nqhy, train_loss_step=0.461, val_loss=0.489, train_loss_epoch=0.473]Epoch 4:  30%|███       | 3/10 [00:21<00:50,  0.14it/s, v_num=nqhy, train_loss_step=0.447, val_loss=0.489, train_loss_epoch=0.473]SUCCESS: vision_encoder.blocks.2.1.spatial_block.conv1.fn.dw.weight is Updating! Grad Norm: 0.072091
Epoch 4:  40%|████      | 4/10 [00:27<00:41,  0.14it/s, v_num=nqhy, train_loss_step=0.447, val_loss=0.489, train_loss_epoch=0.473]Epoch 4:  40%|████      | 4/10 [00:27<00:41,  0.14it/s, v_num=nqhy, train_loss_step=0.371, val_loss=0.489, train_loss_epoch=0.473]SUCCESS: vision_encoder.blocks.2.1.spatial_block.conv1.fn.dw.weight is Updating! Grad Norm: 0.168557
Epoch 4:  50%|█████     | 5/10 [00:34<00:34,  0.15it/s, v_num=nqhy, train_loss_step=0.371, val_loss=0.489, train_loss_epoch=0.473]Epoch 4:  50%|█████     | 5/10 [00:34<00:34,  0.15it/s, v_num=nqhy, train_loss_step=0.451, val_loss=0.489, train_loss_epoch=0.473]SUCCESS: vision_encoder.blocks.2.1.spatial_block.conv1.fn.dw.weight is Updating! Grad Norm: 0.070169
Epoch 4:  60%|██████    | 6/10 [00:40<00:27,  0.15it/s, v_num=nqhy, train_loss_step=0.451, val_loss=0.489, train_loss_epoch=0.473]Epoch 4:  60%|██████    | 6/10 [00:40<00:27,  0.15it/s, v_num=nqhy, train_loss_step=0.427, val_loss=0.489, train_loss_epoch=0.473]SUCCESS: vision_encoder.blocks.2.1.spatial_block.conv1.fn.dw.weight is Updating! Grad Norm: 0.117875
Epoch 4:  70%|███████   | 7/10 [00:47<00:20,  0.15it/s, v_num=nqhy, train_loss_step=0.427, val_loss=0.489, train_loss_epoch=0.473]Epoch 4:  70%|███████   | 7/10 [00:47<00:20,  0.15it/s, v_num=nqhy, train_loss_step=0.486, val_loss=0.489, train_loss_epoch=0.473]SUCCESS: vision_encoder.blocks.2.1.spatial_block.conv1.fn.dw.weight is Updating! Grad Norm: 0.089303
Epoch 4:  80%|████████  | 8/10 [00:53<00:13,  0.15it/s, v_num=nqhy, train_loss_step=0.486, val_loss=0.489, train_loss_epoch=0.473]Epoch 4:  80%|████████  | 8/10 [00:53<00:13,  0.15it/s, v_num=nqhy, train_loss_step=0.461, val_loss=0.489, train_loss_epoch=0.473]SUCCESS: vision_encoder.blocks.2.1.spatial_block.conv1.fn.dw.weight is Updating! Grad Norm: 0.215539
Epoch 4:  90%|█████████ | 9/10 [01:00<00:06,  0.15it/s, v_num=nqhy, train_loss_step=0.461, val_loss=0.489, train_loss_epoch=0.473]Epoch 4:  90%|█████████ | 9/10 [01:00<00:06,  0.15it/s, v_num=nqhy, train_loss_step=0.393, val_loss=0.489, train_loss_epoch=0.473]SUCCESS: vision_encoder.blocks.2.1.spatial_block.conv1.fn.dw.weight is Updating! Grad Norm: 0.090577
Epoch 4: 100%|██████████| 10/10 [01:06<00:00,  0.15it/s, v_num=nqhy, train_loss_step=0.393, val_loss=0.489, train_loss_epoch=0.473]Epoch 4: 100%|██████████| 10/10 [01:06<00:00,  0.15it/s, v_num=nqhy, train_loss_step=0.400, val_loss=0.489, train_loss_epoch=0.473]
Validation: |          | 0/? [00:00<?, ?it/s][A
Validation:   0%|          | 0/4 [00:00<?, ?it/s][A
Validation DataLoader 0:   0%|          | 0/4 [00:00<?, ?it/s][Atensor(0.6007, device='cuda:0')
tensor(-0.5399, device='cuda:0')

Validation DataLoader 0:  25%|██▌       | 1/4 [00:01<00:04,  0.66it/s][Atensor(0.6675, device='cuda:0')
tensor(-0.2918, device='cuda:0')

Validation DataLoader 0:  50%|█████     | 2/4 [00:03<00:03,  0.65it/s][Atensor(0.5652, device='cuda:0')
tensor(-0.5431, device='cuda:0')

Validation DataLoader 0:  75%|███████▌  | 3/4 [00:04<00:01,  0.65it/s][Atensor(0.5004, device='cuda:0')
tensor(-0.0019, device='cuda:0')

Validation DataLoader 0: 100%|██████████| 4/4 [00:05<00:00,  0.78it/s][A
==================================================
Stage: VAL
Predicted class distribution: 0s = 77, 1s = 29
Actual label distribution:    0s = 80, 1s = 26
Actual Imbalance Ratio (0:1): 3.08:1
==================================================
✅ Model is predicting both classes.
Saved test predictions and probabilities to validation_results_fold_final.xlsx

                                                                      [AEpoch 4: 100%|██████████| 10/10 [01:13<00:00,  0.14it/s, v_num=nqhy, train_loss_step=0.400, val_loss=0.446, train_loss_epoch=0.473]Epoch 4: 100%|██████████| 10/10 [01:13<00:00,  0.14it/s, v_num=nqhy, train_loss_step=0.400, val_loss=0.446, train_loss_epoch=0.430]Epoch 4:   0%|          | 0/10 [00:00<?, ?it/s, v_num=nqhy, train_loss_step=0.400, val_loss=0.446, train_loss_epoch=0.430]         Epoch 5:   0%|          | 0/10 [00:00<?, ?it/s, v_num=nqhy, train_loss_step=0.400, val_loss=0.446, train_loss_epoch=0.430]SUCCESS: vision_encoder.blocks.2.1.spatial_block.conv1.fn.dw.weight is Updating! Grad Norm: 0.088565
Epoch 5:  10%|█         | 1/10 [00:08<01:14,  0.12it/s, v_num=nqhy, train_loss_step=0.400, val_loss=0.446, train_loss_epoch=0.430]Epoch 5:  10%|█         | 1/10 [00:08<01:14,  0.12it/s, v_num=nqhy, train_loss_step=0.443, val_loss=0.446, train_loss_epoch=0.430]SUCCESS: vision_encoder.blocks.2.1.spatial_block.conv1.fn.dw.weight is Updating! Grad Norm: 0.258335
Epoch 5:  20%|██        | 2/10 [00:14<00:58,  0.14it/s, v_num=nqhy, train_loss_step=0.443, val_loss=0.446, train_loss_epoch=0.430]Epoch 5:  20%|██        | 2/10 [00:14<00:58,  0.14it/s, v_num=nqhy, train_loss_step=0.368, val_loss=0.446, train_loss_epoch=0.430]SUCCESS: vision_encoder.blocks.2.1.spatial_block.conv1.fn.dw.weight is Updating! Grad Norm: 0.067484
Epoch 5:  30%|███       | 3/10 [00:21<00:49,  0.14it/s, v_num=nqhy, train_loss_step=0.368, val_loss=0.446, train_loss_epoch=0.430]Epoch 5:  30%|███       | 3/10 [00:21<00:49,  0.14it/s, v_num=nqhy, train_loss_step=0.362, val_loss=0.446, train_loss_epoch=0.430]SUCCESS: vision_encoder.blocks.2.1.spatial_block.conv1.fn.dw.weight is Updating! Grad Norm: 0.081106
Epoch 5:  40%|████      | 4/10 [00:27<00:41,  0.14it/s, v_num=nqhy, train_loss_step=0.362, val_loss=0.446, train_loss_epoch=0.430]Epoch 5:  40%|████      | 4/10 [00:27<00:41,  0.14it/s, v_num=nqhy, train_loss_step=0.429, val_loss=0.446, train_loss_epoch=0.430]SUCCESS: vision_encoder.blocks.2.1.spatial_block.conv1.fn.dw.weight is Updating! Grad Norm: 0.126116
Epoch 5:  50%|█████     | 5/10 [00:34<00:34,  0.15it/s, v_num=nqhy, train_loss_step=0.429, val_loss=0.446, train_loss_epoch=0.430]Epoch 5:  50%|█████     | 5/10 [00:34<00:34,  0.15it/s, v_num=nqhy, train_loss_step=0.348, val_loss=0.446, train_loss_epoch=0.430]SUCCESS: vision_encoder.blocks.2.1.spatial_block.conv1.fn.dw.weight is Updating! Grad Norm: 0.258278
Epoch 5:  60%|██████    | 6/10 [00:40<00:27,  0.15it/s, v_num=nqhy, train_loss_step=0.348, val_loss=0.446, train_loss_epoch=0.430]Epoch 5:  60%|██████    | 6/10 [00:40<00:27,  0.15it/s, v_num=nqhy, train_loss_step=0.411, val_loss=0.446, train_loss_epoch=0.430]SUCCESS: vision_encoder.blocks.2.1.spatial_block.conv1.fn.dw.weight is Updating! Grad Norm: 0.083255
Epoch 5:  70%|███████   | 7/10 [00:46<00:20,  0.15it/s, v_num=nqhy, train_loss_step=0.411, val_loss=0.446, train_loss_epoch=0.430]Epoch 5:  70%|███████   | 7/10 [00:46<00:20,  0.15it/s, v_num=nqhy, train_loss_step=0.311, val_loss=0.446, train_loss_epoch=0.430]SUCCESS: vision_encoder.blocks.2.1.spatial_block.conv1.fn.dw.weight is Updating! Grad Norm: 0.382746
Epoch 5:  80%|████████  | 8/10 [00:53<00:13,  0.15it/s, v_num=nqhy, train_loss_step=0.311, val_loss=0.446, train_loss_epoch=0.430]Epoch 5:  80%|████████  | 8/10 [00:53<00:13,  0.15it/s, v_num=nqhy, train_loss_step=0.309, val_loss=0.446, train_loss_epoch=0.430]SUCCESS: vision_encoder.blocks.2.1.spatial_block.conv1.fn.dw.weight is Updating! Grad Norm: 0.164081
Epoch 5:  90%|█████████ | 9/10 [00:59<00:06,  0.15it/s, v_num=nqhy, train_loss_step=0.309, val_loss=0.446, train_loss_epoch=0.430]Epoch 5:  90%|█████████ | 9/10 [00:59<00:06,  0.15it/s, v_num=nqhy, train_loss_step=0.526, val_loss=0.446, train_loss_epoch=0.430]SUCCESS: vision_encoder.blocks.2.1.spatial_block.conv1.fn.dw.weight is Updating! Grad Norm: 0.188899
Epoch 5: 100%|██████████| 10/10 [01:06<00:00,  0.15it/s, v_num=nqhy, train_loss_step=0.526, val_loss=0.446, train_loss_epoch=0.430]Epoch 5: 100%|██████████| 10/10 [01:06<00:00,  0.15it/s, v_num=nqhy, train_loss_step=0.367, val_loss=0.446, train_loss_epoch=0.430]
Validation: |          | 0/? [00:00<?, ?it/s][A
Validation:   0%|          | 0/4 [00:00<?, ?it/s][A
Validation DataLoader 0:   0%|          | 0/4 [00:00<?, ?it/s][Atensor(0.7622, device='cuda:0')
tensor(-0.6936, device='cuda:0')

Validation DataLoader 0:  25%|██▌       | 1/4 [00:01<00:04,  0.66it/s][Atensor(0.8133, device='cuda:0')
tensor(-0.5617, device='cuda:0')

Validation DataLoader 0:  50%|█████     | 2/4 [00:03<00:03,  0.65it/s][Atensor(0.6183, device='cuda:0')
tensor(-0.6662, device='cuda:0')

Validation DataLoader 0:  75%|███████▌  | 3/4 [00:04<00:01,  0.65it/s][Atensor(0.5650, device='cuda:0')
tensor(0.0006, device='cuda:0')

Validation DataLoader 0: 100%|██████████| 4/4 [00:05<00:00,  0.78it/s][A
==================================================
Stage: VAL
Predicted class distribution: 0s = 76, 1s = 30
Actual label distribution:    0s = 80, 1s = 26
Actual Imbalance Ratio (0:1): 3.08:1
==================================================
✅ Model is predicting both classes.
Saved test predictions and probabilities to validation_results_fold_final.xlsx

                                                                      [AEpoch 5: 100%|██████████| 10/10 [01:13<00:00,  0.14it/s, v_num=nqhy, train_loss_step=0.367, val_loss=0.381, train_loss_epoch=0.430]Epoch 5: 100%|██████████| 10/10 [01:13<00:00,  0.14it/s, v_num=nqhy, train_loss_step=0.367, val_loss=0.381, train_loss_epoch=0.387]Epoch 5:   0%|          | 0/10 [00:00<?, ?it/s, v_num=nqhy, train_loss_step=0.367, val_loss=0.381, train_loss_epoch=0.387]         Epoch 6:   0%|          | 0/10 [00:00<?, ?it/s, v_num=nqhy, train_loss_step=0.367, val_loss=0.381, train_loss_epoch=0.387]SUCCESS: vision_encoder.blocks.2.1.spatial_block.conv1.fn.dw.weight is Updating! Grad Norm: 0.791733
Epoch 6:  10%|█         | 1/10 [00:08<01:14,  0.12it/s, v_num=nqhy, train_loss_step=0.367, val_loss=0.381, train_loss_epoch=0.387]Epoch 6:  10%|█         | 1/10 [00:08<01:14,  0.12it/s, v_num=nqhy, train_loss_step=0.613, val_loss=0.381, train_loss_epoch=0.387]SUCCESS: vision_encoder.blocks.2.1.spatial_block.conv1.fn.dw.weight is Updating! Grad Norm: 0.168460
Epoch 6:  20%|██        | 2/10 [00:14<00:58,  0.14it/s, v_num=nqhy, train_loss_step=0.613, val_loss=0.381, train_loss_epoch=0.387]Epoch 6:  20%|██        | 2/10 [00:14<00:58,  0.14it/s, v_num=nqhy, train_loss_step=0.492, val_loss=0.381, train_loss_epoch=0.387]SUCCESS: vision_encoder.blocks.2.1.spatial_block.conv1.fn.dw.weight is Updating! Grad Norm: 0.173764
Epoch 6:  30%|███       | 3/10 [00:21<00:49,  0.14it/s, v_num=nqhy, train_loss_step=0.492, val_loss=0.381, train_loss_epoch=0.387]Epoch 6:  30%|███       | 3/10 [00:21<00:49,  0.14it/s, v_num=nqhy, train_loss_step=0.372, val_loss=0.381, train_loss_epoch=0.387]SUCCESS: vision_encoder.blocks.2.1.spatial_block.conv1.fn.dw.weight is Updating! Grad Norm: 0.415596
Epoch 6:  40%|████      | 4/10 [00:27<00:41,  0.14it/s, v_num=nqhy, train_loss_step=0.372, val_loss=0.381, train_loss_epoch=0.387]Epoch 6:  40%|████      | 4/10 [00:27<00:41,  0.14it/s, v_num=nqhy, train_loss_step=0.371, val_loss=0.381, train_loss_epoch=0.387]SUCCESS: vision_encoder.blocks.2.1.spatial_block.conv1.fn.dw.weight is Updating! Grad Norm: 0.134606
Epoch 6:  50%|█████     | 5/10 [00:34<00:34,  0.15it/s, v_num=nqhy, train_loss_step=0.371, val_loss=0.381, train_loss_epoch=0.387]Epoch 6:  50%|█████     | 5/10 [00:34<00:34,  0.15it/s, v_num=nqhy, train_loss_step=0.343, val_loss=0.381, train_loss_epoch=0.387]SUCCESS: vision_encoder.blocks.2.1.spatial_block.conv1.fn.dw.weight is Updating! Grad Norm: 0.093665
Epoch 6:  60%|██████    | 6/10 [00:40<00:27,  0.15it/s, v_num=nqhy, train_loss_step=0.343, val_loss=0.381, train_loss_epoch=0.387]Epoch 6:  60%|██████    | 6/10 [00:40<00:27,  0.15it/s, v_num=nqhy, train_loss_step=0.287, val_loss=0.381, train_loss_epoch=0.387]SUCCESS: vision_encoder.blocks.2.1.spatial_block.conv1.fn.dw.weight is Updating! Grad Norm: 0.060597
Epoch 6:  70%|███████   | 7/10 [00:46<00:20,  0.15it/s, v_num=nqhy, train_loss_step=0.287, val_loss=0.381, train_loss_epoch=0.387]Epoch 6:  70%|███████   | 7/10 [00:46<00:20,  0.15it/s, v_num=nqhy, train_loss_step=0.343, val_loss=0.381, train_loss_epoch=0.387]SUCCESS: vision_encoder.blocks.2.1.spatial_block.conv1.fn.dw.weight is Updating! Grad Norm: 0.064561
Epoch 6:  80%|████████  | 8/10 [00:53<00:13,  0.15it/s, v_num=nqhy, train_loss_step=0.343, val_loss=0.381, train_loss_epoch=0.387]Epoch 6:  80%|████████  | 8/10 [00:53<00:13,  0.15it/s, v_num=nqhy, train_loss_step=0.299, val_loss=0.381, train_loss_epoch=0.387]SUCCESS: vision_encoder.blocks.2.1.spatial_block.conv1.fn.dw.weight is Updating! Grad Norm: 0.092667
Epoch 6:  90%|█████████ | 9/10 [00:59<00:06,  0.15it/s, v_num=nqhy, train_loss_step=0.299, val_loss=0.381, train_loss_epoch=0.387]Epoch 6:  90%|█████████ | 9/10 [00:59<00:06,  0.15it/s, v_num=nqhy, train_loss_step=0.317, val_loss=0.381, train_loss_epoch=0.387]SUCCESS: vision_encoder.blocks.2.1.spatial_block.conv1.fn.dw.weight is Updating! Grad Norm: 0.070911
Epoch 6: 100%|██████████| 10/10 [01:06<00:00,  0.15it/s, v_num=nqhy, train_loss_step=0.317, val_loss=0.381, train_loss_epoch=0.387]Epoch 6: 100%|██████████| 10/10 [01:06<00:00,  0.15it/s, v_num=nqhy, train_loss_step=0.339, val_loss=0.381, train_loss_epoch=0.387]
Validation: |          | 0/? [00:00<?, ?it/s][A
Validation:   0%|          | 0/4 [00:00<?, ?it/s][A
Validation DataLoader 0:   0%|          | 0/4 [00:00<?, ?it/s][Atensor(0.9128, device='cuda:0')
tensor(-0.6449, device='cuda:0')

Validation DataLoader 0:  25%|██▌       | 1/4 [00:01<00:04,  0.66it/s][Atensor(0.9744, device='cuda:0')
tensor(-0.3741, device='cuda:0')

Validation DataLoader 0:  50%|█████     | 2/4 [00:03<00:03,  0.65it/s][Atensor(0.8582, device='cuda:0')
tensor(-0.6295, device='cuda:0')

Validation DataLoader 0:  75%|███████▌  | 3/4 [00:04<00:01,  0.65it/s][Atensor(0.8328, device='cuda:0')
tensor(0.0296, device='cuda:0')

Validation DataLoader 0: 100%|██████████| 4/4 [00:05<00:00,  0.78it/s][A
==================================================
Stage: VAL
Predicted class distribution: 0s = 87, 1s = 19
Actual label distribution:    0s = 80, 1s = 26
Actual Imbalance Ratio (0:1): 3.08:1
==================================================
✅ Model is predicting both classes.
Saved test predictions and probabilities to validation_results_fold_final.xlsx

                                                                      [AEpoch 6: 100%|██████████| 10/10 [01:13<00:00,  0.14it/s, v_num=nqhy, train_loss_step=0.339, val_loss=0.334, train_loss_epoch=0.387]Epoch 6: 100%|██████████| 10/10 [01:13<00:00,  0.14it/s, v_num=nqhy, train_loss_step=0.339, val_loss=0.334, train_loss_epoch=0.377]Epoch 6:   0%|          | 0/10 [00:00<?, ?it/s, v_num=nqhy, train_loss_step=0.339, val_loss=0.334, train_loss_epoch=0.377]         Epoch 7:   0%|          | 0/10 [00:00<?, ?it/s, v_num=nqhy, train_loss_step=0.339, val_loss=0.334, train_loss_epoch=0.377]SUCCESS: vision_encoder.blocks.2.1.spatial_block.conv1.fn.dw.weight is Updating! Grad Norm: 0.266174
Epoch 7:  10%|█         | 1/10 [00:08<01:15,  0.12it/s, v_num=nqhy, train_loss_step=0.339, val_loss=0.334, train_loss_epoch=0.377]Epoch 7:  10%|█         | 1/10 [00:08<01:15,  0.12it/s, v_num=nqhy, train_loss_step=0.344, val_loss=0.334, train_loss_epoch=0.377]SUCCESS: vision_encoder.blocks.2.1.spatial_block.conv1.fn.dw.weight is Updating! Grad Norm: 0.066075
Epoch 7:  20%|██        | 2/10 [00:14<00:59,  0.13it/s, v_num=nqhy, train_loss_step=0.344, val_loss=0.334, train_loss_epoch=0.377]Epoch 7:  20%|██        | 2/10 [00:14<00:59,  0.13it/s, v_num=nqhy, train_loss_step=0.398, val_loss=0.334, train_loss_epoch=0.377]SUCCESS: vision_encoder.blocks.2.1.spatial_block.conv1.fn.dw.weight is Updating! Grad Norm: 0.213686
Epoch 7:  30%|███       | 3/10 [00:21<00:49,  0.14it/s, v_num=nqhy, train_loss_step=0.398, val_loss=0.334, train_loss_epoch=0.377]Epoch 7:  30%|███       | 3/10 [00:21<00:49,  0.14it/s, v_num=nqhy, train_loss_step=0.432, val_loss=0.334, train_loss_epoch=0.377]SUCCESS: vision_encoder.blocks.2.1.spatial_block.conv1.fn.dw.weight is Updating! Grad Norm: 0.163600
Epoch 7:  40%|████      | 4/10 [00:27<00:41,  0.14it/s, v_num=nqhy, train_loss_step=0.432, val_loss=0.334, train_loss_epoch=0.377]Epoch 7:  40%|████      | 4/10 [00:27<00:41,  0.14it/s, v_num=nqhy, train_loss_step=0.218, val_loss=0.334, train_loss_epoch=0.377]SUCCESS: vision_encoder.blocks.2.1.spatial_block.conv1.fn.dw.weight is Updating! Grad Norm: 0.202734
Epoch 7:  50%|█████     | 5/10 [00:34<00:34,  0.15it/s, v_num=nqhy, train_loss_step=0.218, val_loss=0.334, train_loss_epoch=0.377]Epoch 7:  50%|█████     | 5/10 [00:34<00:34,  0.15it/s, v_num=nqhy, train_loss_step=0.413, val_loss=0.334, train_loss_epoch=0.377]SUCCESS: vision_encoder.blocks.2.1.spatial_block.conv1.fn.dw.weight is Updating! Grad Norm: 0.100033
Epoch 7:  60%|██████    | 6/10 [00:40<00:27,  0.15it/s, v_num=nqhy, train_loss_step=0.413, val_loss=0.334, train_loss_epoch=0.377]Epoch 7:  60%|██████    | 6/10 [00:40<00:27,  0.15it/s, v_num=nqhy, train_loss_step=0.318, val_loss=0.334, train_loss_epoch=0.377]SUCCESS: vision_encoder.blocks.2.1.spatial_block.conv1.fn.dw.weight is Updating! Grad Norm: 0.070745
Epoch 7:  70%|███████   | 7/10 [00:47<00:20,  0.15it/s, v_num=nqhy, train_loss_step=0.318, val_loss=0.334, train_loss_epoch=0.377]Epoch 7:  70%|███████   | 7/10 [00:47<00:20,  0.15it/s, v_num=nqhy, train_loss_step=0.400, val_loss=0.334, train_loss_epoch=0.377]SUCCESS: vision_encoder.blocks.2.1.spatial_block.conv1.fn.dw.weight is Updating! Grad Norm: 0.097297
Epoch 7:  80%|████████  | 8/10 [00:53<00:13,  0.15it/s, v_num=nqhy, train_loss_step=0.400, val_loss=0.334, train_loss_epoch=0.377]Epoch 7:  80%|████████  | 8/10 [00:53<00:13,  0.15it/s, v_num=nqhy, train_loss_step=0.345, val_loss=0.334, train_loss_epoch=0.377]SUCCESS: vision_encoder.blocks.2.1.spatial_block.conv1.fn.dw.weight is Updating! Grad Norm: 0.422741
Epoch 7:  90%|█████████ | 9/10 [01:00<00:06,  0.15it/s, v_num=nqhy, train_loss_step=0.345, val_loss=0.334, train_loss_epoch=0.377]Epoch 7:  90%|█████████ | 9/10 [01:00<00:06,  0.15it/s, v_num=nqhy, train_loss_step=0.267, val_loss=0.334, train_loss_epoch=0.377]SUCCESS: vision_encoder.blocks.2.1.spatial_block.conv1.fn.dw.weight is Updating! Grad Norm: 0.125329
Epoch 7: 100%|██████████| 10/10 [01:06<00:00,  0.15it/s, v_num=nqhy, train_loss_step=0.267, val_loss=0.334, train_loss_epoch=0.377]Epoch 7: 100%|██████████| 10/10 [01:06<00:00,  0.15it/s, v_num=nqhy, train_loss_step=0.257, val_loss=0.334, train_loss_epoch=0.377]
Validation: |          | 0/? [00:00<?, ?it/s][A
Validation:   0%|          | 0/4 [00:00<?, ?it/s][A
Validation DataLoader 0:   0%|          | 0/4 [00:00<?, ?it/s][Atensor(0.9783, device='cuda:0')
tensor(-0.7203, device='cuda:0')

Validation DataLoader 0:  25%|██▌       | 1/4 [00:01<00:04,  0.65it/s][Atensor(1.0448, device='cuda:0')
tensor(-0.5897, device='cuda:0')

Validation DataLoader 0:  50%|█████     | 2/4 [00:03<00:03,  0.65it/s][Atensor(0.9387, device='cuda:0')
tensor(-0.7227, device='cuda:0')

Validation DataLoader 0:  75%|███████▌  | 3/4 [00:04<00:01,  0.65it/s][Atensor(0.8740, device='cuda:0')
tensor(0.0301, device='cuda:0')

Validation DataLoader 0: 100%|██████████| 4/4 [00:05<00:00,  0.78it/s][A
==================================================
Stage: VAL
Predicted class distribution: 0s = 82, 1s = 24
Actual label distribution:    0s = 80, 1s = 26
Actual Imbalance Ratio (0:1): 3.08:1
==================================================
✅ Model is predicting both classes.
Saved test predictions and probabilities to validation_results_fold_final.xlsx

                                                                      [AEpoch 7: 100%|██████████| 10/10 [01:13<00:00,  0.14it/s, v_num=nqhy, train_loss_step=0.257, val_loss=0.288, train_loss_epoch=0.377]Epoch 7: 100%|██████████| 10/10 [01:13<00:00,  0.14it/s, v_num=nqhy, train_loss_step=0.257, val_loss=0.288, train_loss_epoch=0.339]Epoch 7:   0%|          | 0/10 [00:00<?, ?it/s, v_num=nqhy, train_loss_step=0.257, val_loss=0.288, train_loss_epoch=0.339]         Epoch 8:   0%|          | 0/10 [00:00<?, ?it/s, v_num=nqhy, train_loss_step=0.257, val_loss=0.288, train_loss_epoch=0.339]SUCCESS: vision_encoder.blocks.2.1.spatial_block.conv1.fn.dw.weight is Updating! Grad Norm: 0.089608
Epoch 8:  10%|█         | 1/10 [00:08<01:14,  0.12it/s, v_num=nqhy, train_loss_step=0.257, val_loss=0.288, train_loss_epoch=0.339]Epoch 8:  10%|█         | 1/10 [00:08<01:14,  0.12it/s, v_num=nqhy, train_loss_step=0.413, val_loss=0.288, train_loss_epoch=0.339]SUCCESS: vision_encoder.blocks.2.1.spatial_block.conv1.fn.dw.weight is Updating! Grad Norm: 0.094560
Epoch 8:  20%|██        | 2/10 [00:14<00:58,  0.14it/s, v_num=nqhy, train_loss_step=0.413, val_loss=0.288, train_loss_epoch=0.339]Epoch 8:  20%|██        | 2/10 [00:14<00:59,  0.14it/s, v_num=nqhy, train_loss_step=0.296, val_loss=0.288, train_loss_epoch=0.339]SUCCESS: vision_encoder.blocks.2.1.spatial_block.conv1.fn.dw.weight is Updating! Grad Norm: 0.189254
Epoch 8:  30%|███       | 3/10 [00:21<00:49,  0.14it/s, v_num=nqhy, train_loss_step=0.296, val_loss=0.288, train_loss_epoch=0.339]Epoch 8:  30%|███       | 3/10 [00:21<00:49,  0.14it/s, v_num=nqhy, train_loss_step=0.261, val_loss=0.288, train_loss_epoch=0.339]SUCCESS: vision_encoder.blocks.2.1.spatial_block.conv1.fn.dw.weight is Updating! Grad Norm: 0.131264
Epoch 8:  40%|████      | 4/10 [00:27<00:41,  0.14it/s, v_num=nqhy, train_loss_step=0.261, val_loss=0.288, train_loss_epoch=0.339]Epoch 8:  40%|████      | 4/10 [00:27<00:41,  0.14it/s, v_num=nqhy, train_loss_step=0.262, val_loss=0.288, train_loss_epoch=0.339]SUCCESS: vision_encoder.blocks.2.1.spatial_block.conv1.fn.dw.weight is Updating! Grad Norm: 0.572632
Epoch 8:  50%|█████     | 5/10 [00:34<00:34,  0.15it/s, v_num=nqhy, train_loss_step=0.262, val_loss=0.288, train_loss_epoch=0.339]Epoch 8:  50%|█████     | 5/10 [00:34<00:34,  0.15it/s, v_num=nqhy, train_loss_step=0.380, val_loss=0.288, train_loss_epoch=0.339]SUCCESS: vision_encoder.blocks.2.1.spatial_block.conv1.fn.dw.weight is Updating! Grad Norm: 0.144642
Epoch 8:  60%|██████    | 6/10 [00:40<00:27,  0.15it/s, v_num=nqhy, train_loss_step=0.380, val_loss=0.288, train_loss_epoch=0.339]Epoch 8:  60%|██████    | 6/10 [00:40<00:27,  0.15it/s, v_num=nqhy, train_loss_step=0.444, val_loss=0.288, train_loss_epoch=0.339]SUCCESS: vision_encoder.blocks.2.1.spatial_block.conv1.fn.dw.weight is Updating! Grad Norm: 0.107865
Epoch 8:  70%|███████   | 7/10 [00:47<00:20,  0.15it/s, v_num=nqhy, train_loss_step=0.444, val_loss=0.288, train_loss_epoch=0.339]Epoch 8:  70%|███████   | 7/10 [00:47<00:20,  0.15it/s, v_num=nqhy, train_loss_step=0.275, val_loss=0.288, train_loss_epoch=0.339]SUCCESS: vision_encoder.blocks.2.1.spatial_block.conv1.fn.dw.weight is Updating! Grad Norm: 0.066781
Epoch 8:  80%|████████  | 8/10 [00:53<00:13,  0.15it/s, v_num=nqhy, train_loss_step=0.275, val_loss=0.288, train_loss_epoch=0.339]Epoch 8:  80%|████████  | 8/10 [00:53<00:13,  0.15it/s, v_num=nqhy, train_loss_step=0.332, val_loss=0.288, train_loss_epoch=0.339]SUCCESS: vision_encoder.blocks.2.1.spatial_block.conv1.fn.dw.weight is Updating! Grad Norm: 0.168055
Epoch 8:  90%|█████████ | 9/10 [01:00<00:06,  0.15it/s, v_num=nqhy, train_loss_step=0.332, val_loss=0.288, train_loss_epoch=0.339]Epoch 8:  90%|█████████ | 9/10 [01:00<00:06,  0.15it/s, v_num=nqhy, train_loss_step=0.272, val_loss=0.288, train_loss_epoch=0.339]SUCCESS: vision_encoder.blocks.2.1.spatial_block.conv1.fn.dw.weight is Updating! Grad Norm: 0.164894
Epoch 8: 100%|██████████| 10/10 [01:06<00:00,  0.15it/s, v_num=nqhy, train_loss_step=0.272, val_loss=0.288, train_loss_epoch=0.339]Epoch 8: 100%|██████████| 10/10 [01:06<00:00,  0.15it/s, v_num=nqhy, train_loss_step=0.263, val_loss=0.288, train_loss_epoch=0.339]
Validation: |          | 0/? [00:00<?, ?it/s][A
Validation:   0%|          | 0/4 [00:00<?, ?it/s][A
Validation DataLoader 0:   0%|          | 0/4 [00:00<?, ?it/s][Atensor(1.1601, device='cuda:0')
tensor(-0.6532, device='cuda:0')

Validation DataLoader 0:  25%|██▌       | 1/4 [00:01<00:04,  0.65it/s][Atensor(1.1989, device='cuda:0')
tensor(-0.4043, device='cuda:0')

Validation DataLoader 0:  50%|█████     | 2/4 [00:03<00:03,  0.65it/s][Atensor(1.0977, device='cuda:0')
tensor(-0.6758, device='cuda:0')

Validation DataLoader 0:  75%|███████▌  | 3/4 [00:04<00:01,  0.64it/s][Atensor(1.0258, device='cuda:0')
tensor(0.0569, device='cuda:0')

Validation DataLoader 0: 100%|██████████| 4/4 [00:05<00:00,  0.78it/s][A
==================================================
Stage: VAL
Predicted class distribution: 0s = 88, 1s = 18
Actual label distribution:    0s = 80, 1s = 26
Actual Imbalance Ratio (0:1): 3.08:1
==================================================
✅ Model is predicting both classes.
Saved test predictions and probabilities to validation_results_fold_final.xlsx

                                                                      [AEpoch 8: 100%|██████████| 10/10 [01:13<00:00,  0.14it/s, v_num=nqhy, train_loss_step=0.263, val_loss=0.253, train_loss_epoch=0.339]Epoch 8: 100%|██████████| 10/10 [01:13<00:00,  0.14it/s, v_num=nqhy, train_loss_step=0.263, val_loss=0.253, train_loss_epoch=0.320]Epoch 8:   0%|          | 0/10 [00:00<?, ?it/s, v_num=nqhy, train_loss_step=0.263, val_loss=0.253, train_loss_epoch=0.320]         Epoch 9:   0%|          | 0/10 [00:00<?, ?it/s, v_num=nqhy, train_loss_step=0.263, val_loss=0.253, train_loss_epoch=0.320]SUCCESS: vision_encoder.blocks.2.1.spatial_block.conv1.fn.dw.weight is Updating! Grad Norm: 0.070023
Epoch 9:  10%|█         | 1/10 [00:08<01:14,  0.12it/s, v_num=nqhy, train_loss_step=0.263, val_loss=0.253, train_loss_epoch=0.320]Epoch 9:  10%|█         | 1/10 [00:08<01:14,  0.12it/s, v_num=nqhy, train_loss_step=0.291, val_loss=0.253, train_loss_epoch=0.320]SUCCESS: vision_encoder.blocks.2.1.spatial_block.conv1.fn.dw.weight is Updating! Grad Norm: 0.115267
Epoch 9:  20%|██        | 2/10 [00:14<00:58,  0.14it/s, v_num=nqhy, train_loss_step=0.291, val_loss=0.253, train_loss_epoch=0.320]Epoch 9:  20%|██        | 2/10 [00:14<00:58,  0.14it/s, v_num=nqhy, train_loss_step=0.256, val_loss=0.253, train_loss_epoch=0.320]SUCCESS: vision_encoder.blocks.2.1.spatial_block.conv1.fn.dw.weight is Updating! Grad Norm: 0.079524
Epoch 9:  30%|███       | 3/10 [00:21<00:49,  0.14it/s, v_num=nqhy, train_loss_step=0.256, val_loss=0.253, train_loss_epoch=0.320]Epoch 9:  30%|███       | 3/10 [00:21<00:49,  0.14it/s, v_num=nqhy, train_loss_step=0.318, val_loss=0.253, train_loss_epoch=0.320]SUCCESS: vision_encoder.blocks.2.1.spatial_block.conv1.fn.dw.weight is Updating! Grad Norm: 0.109828
Epoch 9:  40%|████      | 4/10 [00:27<00:41,  0.14it/s, v_num=nqhy, train_loss_step=0.318, val_loss=0.253, train_loss_epoch=0.320]Epoch 9:  40%|████      | 4/10 [00:27<00:41,  0.14it/s, v_num=nqhy, train_loss_step=0.260, val_loss=0.253, train_loss_epoch=0.320]SUCCESS: vision_encoder.blocks.2.1.spatial_block.conv1.fn.dw.weight is Updating! Grad Norm: 0.239608
Epoch 9:  50%|█████     | 5/10 [00:34<00:34,  0.15it/s, v_num=nqhy, train_loss_step=0.260, val_loss=0.253, train_loss_epoch=0.320]Epoch 9:  50%|█████     | 5/10 [00:34<00:34,  0.15it/s, v_num=nqhy, train_loss_step=0.324, val_loss=0.253, train_loss_epoch=0.320]SUCCESS: vision_encoder.blocks.2.1.spatial_block.conv1.fn.dw.weight is Updating! Grad Norm: 0.118409
Epoch 9:  60%|██████    | 6/10 [00:40<00:27,  0.15it/s, v_num=nqhy, train_loss_step=0.324, val_loss=0.253, train_loss_epoch=0.320]Epoch 9:  60%|██████    | 6/10 [00:40<00:27,  0.15it/s, v_num=nqhy, train_loss_step=0.324, val_loss=0.253, train_loss_epoch=0.320]SUCCESS: vision_encoder.blocks.2.1.spatial_block.conv1.fn.dw.weight is Updating! Grad Norm: 0.082701
Epoch 9:  70%|███████   | 7/10 [00:47<00:20,  0.15it/s, v_num=nqhy, train_loss_step=0.324, val_loss=0.253, train_loss_epoch=0.320]Epoch 9:  70%|███████   | 7/10 [00:47<00:20,  0.15it/s, v_num=nqhy, train_loss_step=0.396, val_loss=0.253, train_loss_epoch=0.320]SUCCESS: vision_encoder.blocks.2.1.spatial_block.conv1.fn.dw.weight is Updating! Grad Norm: 0.100876
Epoch 9:  80%|████████  | 8/10 [00:53<00:13,  0.15it/s, v_num=nqhy, train_loss_step=0.396, val_loss=0.253, train_loss_epoch=0.320]Epoch 9:  80%|████████  | 8/10 [00:53<00:13,  0.15it/s, v_num=nqhy, train_loss_step=0.156, val_loss=0.253, train_loss_epoch=0.320]SUCCESS: vision_encoder.blocks.2.1.spatial_block.conv1.fn.dw.weight is Updating! Grad Norm: 0.126098
Epoch 9:  90%|█████████ | 9/10 [01:00<00:06,  0.15it/s, v_num=nqhy, train_loss_step=0.156, val_loss=0.253, train_loss_epoch=0.320]Epoch 9:  90%|█████████ | 9/10 [01:00<00:06,  0.15it/s, v_num=nqhy, train_loss_step=0.257, val_loss=0.253, train_loss_epoch=0.320]SUCCESS: vision_encoder.blocks.2.1.spatial_block.conv1.fn.dw.weight is Updating! Grad Norm: 0.311027
Epoch 9: 100%|██████████| 10/10 [01:06<00:00,  0.15it/s, v_num=nqhy, train_loss_step=0.257, val_loss=0.253, train_loss_epoch=0.320]Epoch 9: 100%|██████████| 10/10 [01:06<00:00,  0.15it/s, v_num=nqhy, train_loss_step=0.286, val_loss=0.253, train_loss_epoch=0.320]
Validation: |          | 0/? [00:00<?, ?it/s][A
Validation:   0%|          | 0/4 [00:00<?, ?it/s][A
Validation DataLoader 0:   0%|          | 0/4 [00:00<?, ?it/s][Atensor(1.2205, device='cuda:0')
tensor(-0.7144, device='cuda:0')

Validation DataLoader 0:  25%|██▌       | 1/4 [00:01<00:04,  0.65it/s][Atensor(1.2496, device='cuda:0')
tensor(-0.3824, device='cuda:0')

Validation DataLoader 0:  50%|█████     | 2/4 [00:03<00:03,  0.65it/s][Atensor(1.1594, device='cuda:0')
tensor(-0.7530, device='cuda:0')

Validation DataLoader 0:  75%|███████▌  | 3/4 [00:04<00:01,  0.65it/s][Atensor(1.0669, device='cuda:0')
tensor(0.0695, device='cuda:0')

Validation DataLoader 0: 100%|██████████| 4/4 [00:05<00:00,  0.78it/s][A
==================================================
Stage: VAL
Predicted class distribution: 0s = 88, 1s = 18
Actual label distribution:    0s = 80, 1s = 26
Actual Imbalance Ratio (0:1): 3.08:1
==================================================
✅ Model is predicting both classes.
Saved test predictions and probabilities to validation_results_fold_final.xlsx

                                                                      [AEpoch 9: 100%|██████████| 10/10 [01:13<00:00,  0.14it/s, v_num=nqhy, train_loss_step=0.286, val_loss=0.233, train_loss_epoch=0.320]Epoch 9: 100%|██████████| 10/10 [01:13<00:00,  0.14it/s, v_num=nqhy, train_loss_step=0.286, val_loss=0.233, train_loss_epoch=0.287]Epoch 9:   0%|          | 0/10 [00:00<?, ?it/s, v_num=nqhy, train_loss_step=0.286, val_loss=0.233, train_loss_epoch=0.287]         Epoch 10:   0%|          | 0/10 [00:00<?, ?it/s, v_num=nqhy, train_loss_step=0.286, val_loss=0.233, train_loss_epoch=0.287]SUCCESS: vision_encoder.blocks.2.1.spatial_block.conv1.fn.dw.weight is Updating! Grad Norm: 0.219452
Epoch 10:  10%|█         | 1/10 [00:08<01:14,  0.12it/s, v_num=nqhy, train_loss_step=0.286, val_loss=0.233, train_loss_epoch=0.287]Epoch 10:  10%|█         | 1/10 [00:08<01:14,  0.12it/s, v_num=nqhy, train_loss_step=0.313, val_loss=0.233, train_loss_epoch=0.287]SUCCESS: vision_encoder.blocks.2.1.spatial_block.conv1.fn.dw.weight is Updating! Grad Norm: 1.721047
Epoch 10:  20%|██        | 2/10 [00:14<00:58,  0.14it/s, v_num=nqhy, train_loss_step=0.313, val_loss=0.233, train_loss_epoch=0.287]Epoch 10:  20%|██        | 2/10 [00:14<00:59,  0.14it/s, v_num=nqhy, train_loss_step=0.472, val_loss=0.233, train_loss_epoch=0.287]SUCCESS: vision_encoder.blocks.2.1.spatial_block.conv1.fn.dw.weight is Updating! Grad Norm: 0.083360
Epoch 10:  30%|███       | 3/10 [00:21<00:49,  0.14it/s, v_num=nqhy, train_loss_step=0.472, val_loss=0.233, train_loss_epoch=0.287]Epoch 10:  30%|███       | 3/10 [00:21<00:49,  0.14it/s, v_num=nqhy, train_loss_step=0.277, val_loss=0.233, train_loss_epoch=0.287]SUCCESS: vision_encoder.blocks.2.1.spatial_block.conv1.fn.dw.weight is Updating! Grad Norm: 0.074057
Epoch 10:  40%|████      | 4/10 [00:27<00:41,  0.14it/s, v_num=nqhy, train_loss_step=0.277, val_loss=0.233, train_loss_epoch=0.287]Epoch 10:  40%|████      | 4/10 [00:27<00:41,  0.14it/s, v_num=nqhy, train_loss_step=0.338, val_loss=0.233, train_loss_epoch=0.287]SUCCESS: vision_encoder.blocks.2.1.spatial_block.conv1.fn.dw.weight is Updating! Grad Norm: 0.085471
Epoch 10:  50%|█████     | 5/10 [00:34<00:34,  0.15it/s, v_num=nqhy, train_loss_step=0.338, val_loss=0.233, train_loss_epoch=0.287]Epoch 10:  50%|█████     | 5/10 [00:34<00:34,  0.15it/s, v_num=nqhy, train_loss_step=0.230, val_loss=0.233, train_loss_epoch=0.287]SUCCESS: vision_encoder.blocks.2.1.spatial_block.conv1.fn.dw.weight is Updating! Grad Norm: 0.110586
Epoch 10:  60%|██████    | 6/10 [00:40<00:27,  0.15it/s, v_num=nqhy, train_loss_step=0.230, val_loss=0.233, train_loss_epoch=0.287]Epoch 10:  60%|██████    | 6/10 [00:40<00:27,  0.15it/s, v_num=nqhy, train_loss_step=0.278, val_loss=0.233, train_loss_epoch=0.287]SUCCESS: vision_encoder.blocks.2.1.spatial_block.conv1.fn.dw.weight is Updating! Grad Norm: 0.124394
Epoch 10:  70%|███████   | 7/10 [00:47<00:20,  0.15it/s, v_num=nqhy, train_loss_step=0.278, val_loss=0.233, train_loss_epoch=0.287]Epoch 10:  70%|███████   | 7/10 [00:47<00:20,  0.15it/s, v_num=nqhy, train_loss_step=0.266, val_loss=0.233, train_loss_epoch=0.287]SUCCESS: vision_encoder.blocks.2.1.spatial_block.conv1.fn.dw.weight is Updating! Grad Norm: 0.089384
Epoch 10:  80%|████████  | 8/10 [00:53<00:13,  0.15it/s, v_num=nqhy, train_loss_step=0.266, val_loss=0.233, train_loss_epoch=0.287]Epoch 10:  80%|████████  | 8/10 [00:53<00:13,  0.15it/s, v_num=nqhy, train_loss_step=0.239, val_loss=0.233, train_loss_epoch=0.287]SUCCESS: vision_encoder.blocks.2.1.spatial_block.conv1.fn.dw.weight is Updating! Grad Norm: 0.163997
Epoch 10:  90%|█████████ | 9/10 [01:00<00:06,  0.15it/s, v_num=nqhy, train_loss_step=0.239, val_loss=0.233, train_loss_epoch=0.287]Epoch 10:  90%|█████████ | 9/10 [01:00<00:06,  0.15it/s, v_num=nqhy, train_loss_step=0.282, val_loss=0.233, train_loss_epoch=0.287]SUCCESS: vision_encoder.blocks.2.1.spatial_block.conv1.fn.dw.weight is Updating! Grad Norm: 0.233598
Epoch 10: 100%|██████████| 10/10 [01:06<00:00,  0.15it/s, v_num=nqhy, train_loss_step=0.282, val_loss=0.233, train_loss_epoch=0.287]Epoch 10: 100%|██████████| 10/10 [01:06<00:00,  0.15it/s, v_num=nqhy, train_loss_step=0.264, val_loss=0.233, train_loss_epoch=0.287]
Validation: |          | 0/? [00:00<?, ?it/s][A
Validation:   0%|          | 0/4 [00:00<?, ?it/s][A
Validation DataLoader 0:   0%|          | 0/4 [00:00<?, ?it/s][Atensor(1.2747, device='cuda:0')
tensor(-0.7160, device='cuda:0')

Validation DataLoader 0:  25%|██▌       | 1/4 [00:01<00:04,  0.65it/s][Atensor(1.3098, device='cuda:0')
tensor(-0.4860, device='cuda:0')

Validation DataLoader 0:  50%|█████     | 2/4 [00:03<00:03,  0.65it/s][Atensor(1.2214, device='cuda:0')
tensor(-0.6962, device='cuda:0')

Validation DataLoader 0:  75%|███████▌  | 3/4 [00:04<00:01,  0.64it/s][Atensor(1.0389, device='cuda:0')
tensor(0.0658, device='cuda:0')

Validation DataLoader 0: 100%|██████████| 4/4 [00:05<00:00,  0.78it/s][A
==================================================
Stage: VAL
Predicted class distribution: 0s = 86, 1s = 20
Actual label distribution:    0s = 80, 1s = 26
Actual Imbalance Ratio (0:1): 3.08:1
==================================================
✅ Model is predicting both classes.
Saved test predictions and probabilities to validation_results_fold_final.xlsx

                                                                      [AEpoch 10: 100%|██████████| 10/10 [01:13<00:00,  0.14it/s, v_num=nqhy, train_loss_step=0.264, val_loss=0.219, train_loss_epoch=0.287]Epoch 10: 100%|██████████| 10/10 [01:13<00:00,  0.14it/s, v_num=nqhy, train_loss_step=0.264, val_loss=0.219, train_loss_epoch=0.296]Epoch 10:   0%|          | 0/10 [00:00<?, ?it/s, v_num=nqhy, train_loss_step=0.264, val_loss=0.219, train_loss_epoch=0.296]         Epoch 11:   0%|          | 0/10 [00:00<?, ?it/s, v_num=nqhy, train_loss_step=0.264, val_loss=0.219, train_loss_epoch=0.296]SUCCESS: vision_encoder.blocks.2.1.spatial_block.conv1.fn.dw.weight is Updating! Grad Norm: 0.299385
Epoch 11:  10%|█         | 1/10 [00:08<01:15,  0.12it/s, v_num=nqhy, train_loss_step=0.264, val_loss=0.219, train_loss_epoch=0.296]Epoch 11:  10%|█         | 1/10 [00:08<01:15,  0.12it/s, v_num=nqhy, train_loss_step=0.336, val_loss=0.219, train_loss_epoch=0.296]SUCCESS: vision_encoder.blocks.2.1.spatial_block.conv1.fn.dw.weight is Updating! Grad Norm: 0.167685
Epoch 11:  20%|██        | 2/10 [00:14<00:59,  0.14it/s, v_num=nqhy, train_loss_step=0.336, val_loss=0.219, train_loss_epoch=0.296]Epoch 11:  20%|██        | 2/10 [00:14<00:59,  0.14it/s, v_num=nqhy, train_loss_step=0.167, val_loss=0.219, train_loss_epoch=0.296]SUCCESS: vision_encoder.blocks.2.1.spatial_block.conv1.fn.dw.weight is Updating! Grad Norm: 0.308680
Epoch 11:  30%|███       | 3/10 [00:21<00:49,  0.14it/s, v_num=nqhy, train_loss_step=0.167, val_loss=0.219, train_loss_epoch=0.296]Epoch 11:  30%|███       | 3/10 [00:21<00:49,  0.14it/s, v_num=nqhy, train_loss_step=0.182, val_loss=0.219, train_loss_epoch=0.296]SUCCESS: vision_encoder.blocks.2.1.spatial_block.conv1.fn.dw.weight is Updating! Grad Norm: 0.461966
Epoch 11:  40%|████      | 4/10 [00:27<00:41,  0.14it/s, v_num=nqhy, train_loss_step=0.182, val_loss=0.219, train_loss_epoch=0.296]Epoch 11:  40%|████      | 4/10 [00:27<00:41,  0.14it/s, v_num=nqhy, train_loss_step=0.213, val_loss=0.219, train_loss_epoch=0.296]SUCCESS: vision_encoder.blocks.2.1.spatial_block.conv1.fn.dw.weight is Updating! Grad Norm: 0.058901
Epoch 11:  50%|█████     | 5/10 [00:34<00:34,  0.15it/s, v_num=nqhy, train_loss_step=0.213, val_loss=0.219, train_loss_epoch=0.296]Epoch 11:  50%|█████     | 5/10 [00:34<00:34,  0.15it/s, v_num=nqhy, train_loss_step=0.263, val_loss=0.219, train_loss_epoch=0.296]SUCCESS: vision_encoder.blocks.2.1.spatial_block.conv1.fn.dw.weight is Updating! Grad Norm: 0.147286
Epoch 11:  60%|██████    | 6/10 [00:40<00:27,  0.15it/s, v_num=nqhy, train_loss_step=0.263, val_loss=0.219, train_loss_epoch=0.296]Epoch 11:  60%|██████    | 6/10 [00:40<00:27,  0.15it/s, v_num=nqhy, train_loss_step=0.169, val_loss=0.219, train_loss_epoch=0.296]SUCCESS: vision_encoder.blocks.2.1.spatial_block.conv1.fn.dw.weight is Updating! Grad Norm: 0.196645
Epoch 11:  70%|███████   | 7/10 [00:47<00:20,  0.15it/s, v_num=nqhy, train_loss_step=0.169, val_loss=0.219, train_loss_epoch=0.296]Epoch 11:  70%|███████   | 7/10 [00:47<00:20,  0.15it/s, v_num=nqhy, train_loss_step=0.243, val_loss=0.219, train_loss_epoch=0.296]SUCCESS: vision_encoder.blocks.2.1.spatial_block.conv1.fn.dw.weight is Updating! Grad Norm: 0.119118
Epoch 11:  80%|████████  | 8/10 [00:53<00:13,  0.15it/s, v_num=nqhy, train_loss_step=0.243, val_loss=0.219, train_loss_epoch=0.296]Epoch 11:  80%|████████  | 8/10 [00:53<00:13,  0.15it/s, v_num=nqhy, train_loss_step=0.195, val_loss=0.219, train_loss_epoch=0.296]SUCCESS: vision_encoder.blocks.2.1.spatial_block.conv1.fn.dw.weight is Updating! Grad Norm: 0.082406
Epoch 11:  90%|█████████ | 9/10 [01:00<00:06,  0.15it/s, v_num=nqhy, train_loss_step=0.195, val_loss=0.219, train_loss_epoch=0.296]Epoch 11:  90%|█████████ | 9/10 [01:00<00:06,  0.15it/s, v_num=nqhy, train_loss_step=0.203, val_loss=0.219, train_loss_epoch=0.296]SUCCESS: vision_encoder.blocks.2.1.spatial_block.conv1.fn.dw.weight is Updating! Grad Norm: 0.085746
Epoch 11: 100%|██████████| 10/10 [01:06<00:00,  0.15it/s, v_num=nqhy, train_loss_step=0.203, val_loss=0.219, train_loss_epoch=0.296]Epoch 11: 100%|██████████| 10/10 [01:06<00:00,  0.15it/s, v_num=nqhy, train_loss_step=0.339, val_loss=0.219, train_loss_epoch=0.296]
Validation: |          | 0/? [00:00<?, ?it/s][A
Validation:   0%|          | 0/4 [00:00<?, ?it/s][A
Validation DataLoader 0:   0%|          | 0/4 [00:00<?, ?it/s][Atensor(1.3540, device='cuda:0')
tensor(-0.7278, device='cuda:0')

Validation DataLoader 0:  25%|██▌       | 1/4 [00:01<00:04,  0.65it/s][Atensor(1.4030, device='cuda:0')
tensor(-0.5089, device='cuda:0')

Validation DataLoader 0:  50%|█████     | 2/4 [00:03<00:03,  0.65it/s][Atensor(1.3112, device='cuda:0')
tensor(-0.6654, device='cuda:0')

Validation DataLoader 0:  75%|███████▌  | 3/4 [00:04<00:01,  0.64it/s][Atensor(1.1355, device='cuda:0')
tensor(0.0813, device='cuda:0')

Validation DataLoader 0: 100%|██████████| 4/4 [00:05<00:00,  0.78it/s][A
==================================================
Stage: VAL
Predicted class distribution: 0s = 86, 1s = 20
Actual label distribution:    0s = 80, 1s = 26
Actual Imbalance Ratio (0:1): 3.08:1
==================================================
✅ Model is predicting both classes.
Saved test predictions and probabilities to validation_results_fold_final.xlsx

                                                                      [AEpoch 11: 100%|██████████| 10/10 [01:13<00:00,  0.14it/s, v_num=nqhy, train_loss_step=0.339, val_loss=0.210, train_loss_epoch=0.296]Epoch 11: 100%|██████████| 10/10 [01:13<00:00,  0.14it/s, v_num=nqhy, train_loss_step=0.339, val_loss=0.210, train_loss_epoch=0.231]Epoch 11:   0%|          | 0/10 [00:00<?, ?it/s, v_num=nqhy, train_loss_step=0.339, val_loss=0.210, train_loss_epoch=0.231]         Epoch 12:   0%|          | 0/10 [00:00<?, ?it/s, v_num=nqhy, train_loss_step=0.339, val_loss=0.210, train_loss_epoch=0.231]SUCCESS: vision_encoder.blocks.2.1.spatial_block.conv1.fn.dw.weight is Updating! Grad Norm: 0.092432
Epoch 12:  10%|█         | 1/10 [00:08<01:14,  0.12it/s, v_num=nqhy, train_loss_step=0.339, val_loss=0.210, train_loss_epoch=0.231]Epoch 12:  10%|█         | 1/10 [00:08<01:14,  0.12it/s, v_num=nqhy, train_loss_step=0.372, val_loss=0.210, train_loss_epoch=0.231]SUCCESS: vision_encoder.blocks.2.1.spatial_block.conv1.fn.dw.weight is Updating! Grad Norm: 0.092237
Epoch 12:  20%|██        | 2/10 [00:14<00:59,  0.14it/s, v_num=nqhy, train_loss_step=0.372, val_loss=0.210, train_loss_epoch=0.231]Epoch 12:  20%|██        | 2/10 [00:14<00:59,  0.14it/s, v_num=nqhy, train_loss_step=0.254, val_loss=0.210, train_loss_epoch=0.231]SUCCESS: vision_encoder.blocks.2.1.spatial_block.conv1.fn.dw.weight is Updating! Grad Norm: 0.075519
Epoch 12:  30%|███       | 3/10 [00:21<00:49,  0.14it/s, v_num=nqhy, train_loss_step=0.254, val_loss=0.210, train_loss_epoch=0.231]Epoch 12:  30%|███       | 3/10 [00:21<00:49,  0.14it/s, v_num=nqhy, train_loss_step=0.223, val_loss=0.210, train_loss_epoch=0.231]SUCCESS: vision_encoder.blocks.2.1.spatial_block.conv1.fn.dw.weight is Updating! Grad Norm: 0.167415
Epoch 12:  40%|████      | 4/10 [00:27<00:41,  0.14it/s, v_num=nqhy, train_loss_step=0.223, val_loss=0.210, train_loss_epoch=0.231]Epoch 12:  40%|████      | 4/10 [00:27<00:41,  0.14it/s, v_num=nqhy, train_loss_step=0.261, val_loss=0.210, train_loss_epoch=0.231]SUCCESS: vision_encoder.blocks.2.1.spatial_block.conv1.fn.dw.weight is Updating! Grad Norm: 0.183133
Epoch 12:  50%|█████     | 5/10 [00:34<00:34,  0.15it/s, v_num=nqhy, train_loss_step=0.261, val_loss=0.210, train_loss_epoch=0.231]Epoch 12:  50%|█████     | 5/10 [00:34<00:34,  0.15it/s, v_num=nqhy, train_loss_step=0.307, val_loss=0.210, train_loss_epoch=0.231]SUCCESS: vision_encoder.blocks.2.1.spatial_block.conv1.fn.dw.weight is Updating! Grad Norm: 0.163484
Epoch 12:  60%|██████    | 6/10 [00:40<00:27,  0.15it/s, v_num=nqhy, train_loss_step=0.307, val_loss=0.210, train_loss_epoch=0.231]Epoch 12:  60%|██████    | 6/10 [00:40<00:27,  0.15it/s, v_num=nqhy, train_loss_step=0.209, val_loss=0.210, train_loss_epoch=0.231]SUCCESS: vision_encoder.blocks.2.1.spatial_block.conv1.fn.dw.weight is Updating! Grad Norm: 0.068256
Epoch 12:  70%|███████   | 7/10 [00:47<00:20,  0.15it/s, v_num=nqhy, train_loss_step=0.209, val_loss=0.210, train_loss_epoch=0.231]Epoch 12:  70%|███████   | 7/10 [00:47<00:20,  0.15it/s, v_num=nqhy, train_loss_step=0.233, val_loss=0.210, train_loss_epoch=0.231]SUCCESS: vision_encoder.blocks.2.1.spatial_block.conv1.fn.dw.weight is Updating! Grad Norm: 0.195297
Epoch 12:  80%|████████  | 8/10 [00:53<00:13,  0.15it/s, v_num=nqhy, train_loss_step=0.233, val_loss=0.210, train_loss_epoch=0.231]Epoch 12:  80%|████████  | 8/10 [00:53<00:13,  0.15it/s, v_num=nqhy, train_loss_step=0.144, val_loss=0.210, train_loss_epoch=0.231]SUCCESS: vision_encoder.blocks.2.1.spatial_block.conv1.fn.dw.weight is Updating! Grad Norm: 0.132126
Epoch 12:  90%|█████████ | 9/10 [01:00<00:06,  0.15it/s, v_num=nqhy, train_loss_step=0.144, val_loss=0.210, train_loss_epoch=0.231]Epoch 12:  90%|█████████ | 9/10 [01:00<00:06,  0.15it/s, v_num=nqhy, train_loss_step=0.202, val_loss=0.210, train_loss_epoch=0.231]SUCCESS: vision_encoder.blocks.2.1.spatial_block.conv1.fn.dw.weight is Updating! Grad Norm: 0.084332
Epoch 12: 100%|██████████| 10/10 [01:06<00:00,  0.15it/s, v_num=nqhy, train_loss_step=0.202, val_loss=0.210, train_loss_epoch=0.231]Epoch 12: 100%|██████████| 10/10 [01:06<00:00,  0.15it/s, v_num=nqhy, train_loss_step=0.161, val_loss=0.210, train_loss_epoch=0.231]
Validation: |          | 0/? [00:00<?, ?it/s][A
Validation:   0%|          | 0/4 [00:00<?, ?it/s][A
Validation DataLoader 0:   0%|          | 0/4 [00:00<?, ?it/s][Atensor(1.4619, device='cuda:0')
tensor(-0.7555, device='cuda:0')

Validation DataLoader 0:  25%|██▌       | 1/4 [00:01<00:04,  0.65it/s][Atensor(1.5086, device='cuda:0')
tensor(-0.5358, device='cuda:0')

Validation DataLoader 0:  50%|█████     | 2/4 [00:03<00:03,  0.65it/s][Atensor(1.4224, device='cuda:0')
tensor(-0.6932, device='cuda:0')

Validation DataLoader 0:  75%|███████▌  | 3/4 [00:04<00:01,  0.64it/s][Atensor(1.2550, device='cuda:0')
tensor(0.1011, device='cuda:0')

Validation DataLoader 0: 100%|██████████| 4/4 [00:05<00:00,  0.77it/s][A
==================================================
Stage: VAL
Predicted class distribution: 0s = 88, 1s = 18
Actual label distribution:    0s = 80, 1s = 26
Actual Imbalance Ratio (0:1): 3.08:1
==================================================
✅ Model is predicting both classes.
Saved test predictions and probabilities to validation_results_fold_final.xlsx

                                                                      [AEpoch 12: 100%|██████████| 10/10 [01:13<00:00,  0.14it/s, v_num=nqhy, train_loss_step=0.161, val_loss=0.186, train_loss_epoch=0.231]Epoch 12: 100%|██████████| 10/10 [01:13<00:00,  0.14it/s, v_num=nqhy, train_loss_step=0.161, val_loss=0.186, train_loss_epoch=0.236]Epoch 12:   0%|          | 0/10 [00:00<?, ?it/s, v_num=nqhy, train_loss_step=0.161, val_loss=0.186, train_loss_epoch=0.236]         Epoch 13:   0%|          | 0/10 [00:00<?, ?it/s, v_num=nqhy, train_loss_step=0.161, val_loss=0.186, train_loss_epoch=0.236]SUCCESS: vision_encoder.blocks.2.1.spatial_block.conv1.fn.dw.weight is Updating! Grad Norm: 0.316110
Epoch 13:  10%|█         | 1/10 [00:08<01:15,  0.12it/s, v_num=nqhy, train_loss_step=0.161, val_loss=0.186, train_loss_epoch=0.236]Epoch 13:  10%|█         | 1/10 [00:08<01:15,  0.12it/s, v_num=nqhy, train_loss_step=0.206, val_loss=0.186, train_loss_epoch=0.236]SUCCESS: vision_encoder.blocks.2.1.spatial_block.conv1.fn.dw.weight is Updating! Grad Norm: 0.404713
Epoch 13:  20%|██        | 2/10 [00:14<00:59,  0.14it/s, v_num=nqhy, train_loss_step=0.206, val_loss=0.186, train_loss_epoch=0.236]Epoch 13:  20%|██        | 2/10 [00:14<00:59,  0.13it/s, v_num=nqhy, train_loss_step=0.280, val_loss=0.186, train_loss_epoch=0.236]SUCCESS: vision_encoder.blocks.2.1.spatial_block.conv1.fn.dw.weight is Updating! Grad Norm: 0.068030
Epoch 13:  30%|███       | 3/10 [00:21<00:49,  0.14it/s, v_num=nqhy, train_loss_step=0.280, val_loss=0.186, train_loss_epoch=0.236]Epoch 13:  30%|███       | 3/10 [00:21<00:49,  0.14it/s, v_num=nqhy, train_loss_step=0.320, val_loss=0.186, train_loss_epoch=0.236]SUCCESS: vision_encoder.blocks.2.1.spatial_block.conv1.fn.dw.weight is Updating! Grad Norm: 0.148426
Epoch 13:  40%|████      | 4/10 [00:27<00:41,  0.14it/s, v_num=nqhy, train_loss_step=0.320, val_loss=0.186, train_loss_epoch=0.236]Epoch 13:  40%|████      | 4/10 [00:27<00:41,  0.14it/s, v_num=nqhy, train_loss_step=0.213, val_loss=0.186, train_loss_epoch=0.236]SUCCESS: vision_encoder.blocks.2.1.spatial_block.conv1.fn.dw.weight is Updating! Grad Norm: 0.074086
Epoch 13:  50%|█████     | 5/10 [00:34<00:34,  0.15it/s, v_num=nqhy, train_loss_step=0.213, val_loss=0.186, train_loss_epoch=0.236]Epoch 13:  50%|█████     | 5/10 [00:34<00:34,  0.15it/s, v_num=nqhy, train_loss_step=0.125, val_loss=0.186, train_loss_epoch=0.236]SUCCESS: vision_encoder.blocks.2.1.spatial_block.conv1.fn.dw.weight is Updating! Grad Norm: 0.117846
Epoch 13:  60%|██████    | 6/10 [00:40<00:27,  0.15it/s, v_num=nqhy, train_loss_step=0.125, val_loss=0.186, train_loss_epoch=0.236]Epoch 13:  60%|██████    | 6/10 [00:40<00:27,  0.15it/s, v_num=nqhy, train_loss_step=0.188, val_loss=0.186, train_loss_epoch=0.236]SUCCESS: vision_encoder.blocks.2.1.spatial_block.conv1.fn.dw.weight is Updating! Grad Norm: 0.225537
Epoch 13:  70%|███████   | 7/10 [00:47<00:20,  0.15it/s, v_num=nqhy, train_loss_step=0.188, val_loss=0.186, train_loss_epoch=0.236]Epoch 13:  70%|███████   | 7/10 [00:47<00:20,  0.15it/s, v_num=nqhy, train_loss_step=0.286, val_loss=0.186, train_loss_epoch=0.236]SUCCESS: vision_encoder.blocks.2.1.spatial_block.conv1.fn.dw.weight is Updating! Grad Norm: 0.222943
Epoch 13:  80%|████████  | 8/10 [00:53<00:13,  0.15it/s, v_num=nqhy, train_loss_step=0.286, val_loss=0.186, train_loss_epoch=0.236]Epoch 13:  80%|████████  | 8/10 [00:53<00:13,  0.15it/s, v_num=nqhy, train_loss_step=0.134, val_loss=0.186, train_loss_epoch=0.236]SUCCESS: vision_encoder.blocks.2.1.spatial_block.conv1.fn.dw.weight is Updating! Grad Norm: 0.214891
Epoch 13:  90%|█████████ | 9/10 [01:00<00:06,  0.15it/s, v_num=nqhy, train_loss_step=0.134, val_loss=0.186, train_loss_epoch=0.236]Epoch 13:  90%|█████████ | 9/10 [01:00<00:06,  0.15it/s, v_num=nqhy, train_loss_step=0.238, val_loss=0.186, train_loss_epoch=0.236]SUCCESS: vision_encoder.blocks.2.1.spatial_block.conv1.fn.dw.weight is Updating! Grad Norm: 0.381109
Epoch 13: 100%|██████████| 10/10 [01:06<00:00,  0.15it/s, v_num=nqhy, train_loss_step=0.238, val_loss=0.186, train_loss_epoch=0.236]Epoch 13: 100%|██████████| 10/10 [01:06<00:00,  0.15it/s, v_num=nqhy, train_loss_step=0.152, val_loss=0.186, train_loss_epoch=0.236]
Validation: |          | 0/? [00:00<?, ?it/s][A
Validation:   0%|          | 0/4 [00:00<?, ?it/s][A
Validation DataLoader 0:   0%|          | 0/4 [00:00<?, ?it/s][Atensor(1.6014, device='cuda:0')
tensor(-0.7455, device='cuda:0')

Validation DataLoader 0:  25%|██▌       | 1/4 [00:01<00:04,  0.65it/s][Atensor(1.6389, device='cuda:0')
tensor(-0.5570, device='cuda:0')

Validation DataLoader 0:  50%|█████     | 2/4 [00:03<00:03,  0.65it/s][Atensor(1.5743, device='cuda:0')
tensor(-0.6962, device='cuda:0')

Validation DataLoader 0:  75%|███████▌  | 3/4 [00:04<00:01,  0.64it/s][Atensor(1.3820, device='cuda:0')
tensor(0.1094, device='cuda:0')

Validation DataLoader 0: 100%|██████████| 4/4 [00:05<00:00,  0.78it/s][A
==================================================
Stage: VAL
Predicted class distribution: 0s = 86, 1s = 20
Actual label distribution:    0s = 80, 1s = 26
Actual Imbalance Ratio (0:1): 3.08:1
==================================================
✅ Model is predicting both classes.
Saved test predictions and probabilities to validation_results_fold_final.xlsx

                                                                      [AEpoch 13: 100%|██████████| 10/10 [01:13<00:00,  0.14it/s, v_num=nqhy, train_loss_step=0.152, val_loss=0.157, train_loss_epoch=0.236]Epoch 13: 100%|██████████| 10/10 [01:13<00:00,  0.14it/s, v_num=nqhy, train_loss_step=0.152, val_loss=0.157, train_loss_epoch=0.214]Epoch 13:   0%|          | 0/10 [00:00<?, ?it/s, v_num=nqhy, train_loss_step=0.152, val_loss=0.157, train_loss_epoch=0.214]         Epoch 14:   0%|          | 0/10 [00:00<?, ?it/s, v_num=nqhy, train_loss_step=0.152, val_loss=0.157, train_loss_epoch=0.214]SUCCESS: vision_encoder.blocks.2.1.spatial_block.conv1.fn.dw.weight is Updating! Grad Norm: 0.122261
Epoch 14:  10%|█         | 1/10 [00:08<01:15,  0.12it/s, v_num=nqhy, train_loss_step=0.152, val_loss=0.157, train_loss_epoch=0.214]Epoch 14:  10%|█         | 1/10 [00:08<01:16,  0.12it/s, v_num=nqhy, train_loss_step=0.311, val_loss=0.157, train_loss_epoch=0.214]SUCCESS: vision_encoder.blocks.2.1.spatial_block.conv1.fn.dw.weight is Updating! Grad Norm: 3.250221
Epoch 14:  20%|██        | 2/10 [00:14<00:59,  0.13it/s, v_num=nqhy, train_loss_step=0.311, val_loss=0.157, train_loss_epoch=0.214]Epoch 14:  20%|██        | 2/10 [00:14<00:59,  0.13it/s, v_num=nqhy, train_loss_step=0.916, val_loss=0.157, train_loss_epoch=0.214]SUCCESS: vision_encoder.blocks.2.1.spatial_block.conv1.fn.dw.weight is Updating! Grad Norm: 0.268635
Epoch 14:  30%|███       | 3/10 [00:21<00:49,  0.14it/s, v_num=nqhy, train_loss_step=0.916, val_loss=0.157, train_loss_epoch=0.214]Epoch 14:  30%|███       | 3/10 [00:21<00:49,  0.14it/s, v_num=nqhy, train_loss_step=0.116, val_loss=0.157, train_loss_epoch=0.214]SUCCESS: vision_encoder.blocks.2.1.spatial_block.conv1.fn.dw.weight is Updating! Grad Norm: 0.549371
Epoch 14:  40%|████      | 4/10 [00:27<00:41,  0.14it/s, v_num=nqhy, train_loss_step=0.116, val_loss=0.157, train_loss_epoch=0.214]Epoch 14:  40%|████      | 4/10 [00:27<00:41,  0.14it/s, v_num=nqhy, train_loss_step=0.373, val_loss=0.157, train_loss_epoch=0.214]SUCCESS: vision_encoder.blocks.2.1.spatial_block.conv1.fn.dw.weight is Updating! Grad Norm: 0.252285
Epoch 14:  50%|█████     | 5/10 [00:34<00:34,  0.15it/s, v_num=nqhy, train_loss_step=0.373, val_loss=0.157, train_loss_epoch=0.214]Epoch 14:  50%|█████     | 5/10 [00:34<00:34,  0.15it/s, v_num=nqhy, train_loss_step=0.203, val_loss=0.157, train_loss_epoch=0.214]SUCCESS: vision_encoder.blocks.2.1.spatial_block.conv1.fn.dw.weight is Updating! Grad Norm: 0.311097
Epoch 14:  60%|██████    | 6/10 [00:40<00:27,  0.15it/s, v_num=nqhy, train_loss_step=0.203, val_loss=0.157, train_loss_epoch=0.214]Epoch 14:  60%|██████    | 6/10 [00:40<00:27,  0.15it/s, v_num=nqhy, train_loss_step=0.172, val_loss=0.157, train_loss_epoch=0.214]SUCCESS: vision_encoder.blocks.2.1.spatial_block.conv1.fn.dw.weight is Updating! Grad Norm: 0.166318
Epoch 14:  70%|███████   | 7/10 [00:47<00:20,  0.15it/s, v_num=nqhy, train_loss_step=0.172, val_loss=0.157, train_loss_epoch=0.214]Epoch 14:  70%|███████   | 7/10 [00:47<00:20,  0.15it/s, v_num=nqhy, train_loss_step=0.215, val_loss=0.157, train_loss_epoch=0.214]SUCCESS: vision_encoder.blocks.2.1.spatial_block.conv1.fn.dw.weight is Updating! Grad Norm: 0.466837
Epoch 14:  80%|████████  | 8/10 [00:53<00:13,  0.15it/s, v_num=nqhy, train_loss_step=0.215, val_loss=0.157, train_loss_epoch=0.214]Epoch 14:  80%|████████  | 8/10 [00:53<00:13,  0.15it/s, v_num=nqhy, train_loss_step=0.126, val_loss=0.157, train_loss_epoch=0.214]SUCCESS: vision_encoder.blocks.2.1.spatial_block.conv1.fn.dw.weight is Updating! Grad Norm: 0.264636
Epoch 14:  90%|█████████ | 9/10 [01:00<00:06,  0.15it/s, v_num=nqhy, train_loss_step=0.126, val_loss=0.157, train_loss_epoch=0.214]Epoch 14:  90%|█████████ | 9/10 [01:00<00:06,  0.15it/s, v_num=nqhy, train_loss_step=0.281, val_loss=0.157, train_loss_epoch=0.214]SUCCESS: vision_encoder.blocks.2.1.spatial_block.conv1.fn.dw.weight is Updating! Grad Norm: 0.342817
Epoch 14: 100%|██████████| 10/10 [01:06<00:00,  0.15it/s, v_num=nqhy, train_loss_step=0.281, val_loss=0.157, train_loss_epoch=0.214]Epoch 14: 100%|██████████| 10/10 [01:06<00:00,  0.15it/s, v_num=nqhy, train_loss_step=0.193, val_loss=0.157, train_loss_epoch=0.214]
Validation: |          | 0/? [00:00<?, ?it/s][A
Validation:   0%|          | 0/4 [00:00<?, ?it/s][A
Validation DataLoader 0:   0%|          | 0/4 [00:00<?, ?it/s][Atensor(1.7568, device='cuda:0')
tensor(-0.6509, device='cuda:0')

Validation DataLoader 0:  25%|██▌       | 1/4 [00:01<00:04,  0.65it/s][Atensor(1.8040, device='cuda:0')
tensor(-0.5329, device='cuda:0')

Validation DataLoader 0:  50%|█████     | 2/4 [00:03<00:03,  0.65it/s][Atensor(1.7512, device='cuda:0')
tensor(-0.5860, device='cuda:0')

Validation DataLoader 0:  75%|███████▌  | 3/4 [00:04<00:01,  0.64it/s][Atensor(1.4918, device='cuda:0')
tensor(-0.3030, device='cuda:0')

Validation DataLoader 0: 100%|██████████| 4/4 [00:05<00:00,  0.77it/s][A
==================================================
Stage: VAL
Predicted class distribution: 0s = 80, 1s = 26
Actual label distribution:    0s = 80, 1s = 26
Actual Imbalance Ratio (0:1): 3.08:1
==================================================
✅ Model is predicting both classes.
Saved test predictions and probabilities to validation_results_fold_final.xlsx

                                                                      [AEpoch 14: 100%|██████████| 10/10 [01:13<00:00,  0.14it/s, v_num=nqhy, train_loss_step=0.193, val_loss=0.175, train_loss_epoch=0.214]Epoch 14: 100%|██████████| 10/10 [01:13<00:00,  0.14it/s, v_num=nqhy, train_loss_step=0.193, val_loss=0.175, train_loss_epoch=0.291]Epoch 14:   0%|          | 0/10 [00:00<?, ?it/s, v_num=nqhy, train_loss_step=0.193, val_loss=0.175, train_loss_epoch=0.291]         Epoch 15:   0%|          | 0/10 [00:00<?, ?it/s, v_num=nqhy, train_loss_step=0.193, val_loss=0.175, train_loss_epoch=0.291]SUCCESS: vision_encoder.blocks.2.1.spatial_block.conv1.fn.dw.weight is Updating! Grad Norm: 0.279350
Epoch 15:  10%|█         | 1/10 [00:08<01:16,  0.12it/s, v_num=nqhy, train_loss_step=0.193, val_loss=0.175, train_loss_epoch=0.291]Epoch 15:  10%|█         | 1/10 [00:08<01:16,  0.12it/s, v_num=nqhy, train_loss_step=0.263, val_loss=0.175, train_loss_epoch=0.291]SUCCESS: vision_encoder.blocks.2.1.spatial_block.conv1.fn.dw.weight is Updating! Grad Norm: 0.289164
Epoch 15:  20%|██        | 2/10 [00:15<01:00,  0.13it/s, v_num=nqhy, train_loss_step=0.263, val_loss=0.175, train_loss_epoch=0.291]Epoch 15:  20%|██        | 2/10 [00:15<01:00,  0.13it/s, v_num=nqhy, train_loss_step=0.255, val_loss=0.175, train_loss_epoch=0.291]SUCCESS: vision_encoder.blocks.2.1.spatial_block.conv1.fn.dw.weight is Updating! Grad Norm: 0.080911
Epoch 15:  30%|███       | 3/10 [00:21<00:50,  0.14it/s, v_num=nqhy, train_loss_step=0.255, val_loss=0.175, train_loss_epoch=0.291]Epoch 15:  30%|███       | 3/10 [00:21<00:50,  0.14it/s, v_num=nqhy, train_loss_step=0.099, val_loss=0.175, train_loss_epoch=0.291]SUCCESS: vision_encoder.blocks.2.1.spatial_block.conv1.fn.dw.weight is Updating! Grad Norm: 0.073909
Epoch 15:  40%|████      | 4/10 [00:28<00:42,  0.14it/s, v_num=nqhy, train_loss_step=0.099, val_loss=0.175, train_loss_epoch=0.291]Epoch 15:  40%|████      | 4/10 [00:28<00:42,  0.14it/s, v_num=nqhy, train_loss_step=0.178, val_loss=0.175, train_loss_epoch=0.291]SUCCESS: vision_encoder.blocks.2.1.spatial_block.conv1.fn.dw.weight is Updating! Grad Norm: 0.151626
Epoch 15:  50%|█████     | 5/10 [00:34<00:34,  0.14it/s, v_num=nqhy, train_loss_step=0.178, val_loss=0.175, train_loss_epoch=0.291]Epoch 15:  50%|█████     | 5/10 [00:34<00:34,  0.14it/s, v_num=nqhy, train_loss_step=0.201, val_loss=0.175, train_loss_epoch=0.291]SUCCESS: vision_encoder.blocks.2.1.spatial_block.conv1.fn.dw.weight is Updating! Grad Norm: 0.076835
Epoch 15:  60%|██████    | 6/10 [00:41<00:27,  0.15it/s, v_num=nqhy, train_loss_step=0.201, val_loss=0.175, train_loss_epoch=0.291]Epoch 15:  60%|██████    | 6/10 [00:41<00:27,  0.15it/s, v_num=nqhy, train_loss_step=0.150, val_loss=0.175, train_loss_epoch=0.291]SUCCESS: vision_encoder.blocks.2.1.spatial_block.conv1.fn.dw.weight is Updating! Grad Norm: 0.116924
Epoch 15:  70%|███████   | 7/10 [00:47<00:20,  0.15it/s, v_num=nqhy, train_loss_step=0.150, val_loss=0.175, train_loss_epoch=0.291]Epoch 15:  70%|███████   | 7/10 [00:47<00:20,  0.15it/s, v_num=nqhy, train_loss_step=0.154, val_loss=0.175, train_loss_epoch=0.291]SUCCESS: vision_encoder.blocks.2.1.spatial_block.conv1.fn.dw.weight is Updating! Grad Norm: 0.199564
Epoch 15:  80%|████████  | 8/10 [00:54<00:13,  0.15it/s, v_num=nqhy, train_loss_step=0.154, val_loss=0.175, train_loss_epoch=0.291]Epoch 15:  80%|████████  | 8/10 [00:54<00:13,  0.15it/s, v_num=nqhy, train_loss_step=0.0283, val_loss=0.175, train_loss_epoch=0.291]SUCCESS: vision_encoder.blocks.2.1.spatial_block.conv1.fn.dw.weight is Updating! Grad Norm: 0.121599
Epoch 15:  90%|█████████ | 9/10 [01:00<00:06,  0.15it/s, v_num=nqhy, train_loss_step=0.0283, val_loss=0.175, train_loss_epoch=0.291]Epoch 15:  90%|█████████ | 9/10 [01:00<00:06,  0.15it/s, v_num=nqhy, train_loss_step=0.233, val_loss=0.175, train_loss_epoch=0.291] SUCCESS: vision_encoder.blocks.2.1.spatial_block.conv1.fn.dw.weight is Updating! Grad Norm: 0.134100
Epoch 15: 100%|██████████| 10/10 [01:07<00:00,  0.15it/s, v_num=nqhy, train_loss_step=0.233, val_loss=0.175, train_loss_epoch=0.291]Epoch 15: 100%|██████████| 10/10 [01:07<00:00,  0.15it/s, v_num=nqhy, train_loss_step=0.016, val_loss=0.175, train_loss_epoch=0.291]
Validation: |          | 0/? [00:00<?, ?it/s][A
Validation:   0%|          | 0/4 [00:00<?, ?it/s][A
Validation DataLoader 0:   0%|          | 0/4 [00:00<?, ?it/s][Atensor(1.7913, device='cuda:0')
tensor(-0.6776, device='cuda:0')

Validation DataLoader 0:  25%|██▌       | 1/4 [00:01<00:04,  0.65it/s][Atensor(1.7901, device='cuda:0')
tensor(-0.2969, device='cuda:0')

Validation DataLoader 0:  50%|█████     | 2/4 [00:03<00:03,  0.65it/s][Atensor(1.7302, device='cuda:0')
tensor(-0.5681, device='cuda:0')

Validation DataLoader 0:  75%|███████▌  | 3/4 [00:04<00:01,  0.64it/s][Atensor(1.5792, device='cuda:0')
tensor(0.1710, device='cuda:0')

Validation DataLoader 0: 100%|██████████| 4/4 [00:05<00:00,  0.77it/s][A
==================================================
Stage: VAL
Predicted class distribution: 0s = 91, 1s = 15
Actual label distribution:    0s = 80, 1s = 26
Actual Imbalance Ratio (0:1): 3.08:1
==================================================
✅ Model is predicting both classes.
Saved test predictions and probabilities to validation_results_fold_final.xlsx

                                                                      [AEpoch 15: 100%|██████████| 10/10 [01:13<00:00,  0.14it/s, v_num=nqhy, train_loss_step=0.016, val_loss=0.175, train_loss_epoch=0.291]Epoch 15: 100%|██████████| 10/10 [01:13<00:00,  0.14it/s, v_num=nqhy, train_loss_step=0.016, val_loss=0.175, train_loss_epoch=0.158]Epoch 15:   0%|          | 0/10 [00:00<?, ?it/s, v_num=nqhy, train_loss_step=0.016, val_loss=0.175, train_loss_epoch=0.158]         Epoch 16:   0%|          | 0/10 [00:00<?, ?it/s, v_num=nqhy, train_loss_step=0.016, val_loss=0.175, train_loss_epoch=0.158]SUCCESS: vision_encoder.blocks.2.1.spatial_block.conv1.fn.dw.weight is Updating! Grad Norm: 0.233825
Epoch 16:  10%|█         | 1/10 [00:08<01:16,  0.12it/s, v_num=nqhy, train_loss_step=0.016, val_loss=0.175, train_loss_epoch=0.158]Epoch 16:  10%|█         | 1/10 [00:08<01:16,  0.12it/s, v_num=nqhy, train_loss_step=0.137, val_loss=0.175, train_loss_epoch=0.158]SUCCESS: vision_encoder.blocks.2.1.spatial_block.conv1.fn.dw.weight is Updating! Grad Norm: 0.074066
Epoch 16:  20%|██        | 2/10 [00:15<01:00,  0.13it/s, v_num=nqhy, train_loss_step=0.137, val_loss=0.175, train_loss_epoch=0.158]Epoch 16:  20%|██        | 2/10 [00:15<01:00,  0.13it/s, v_num=nqhy, train_loss_step=0.227, val_loss=0.175, train_loss_epoch=0.158]SUCCESS: vision_encoder.blocks.2.1.spatial_block.conv1.fn.dw.weight is Updating! Grad Norm: 0.100626
Epoch 16:  30%|███       | 3/10 [00:21<00:50,  0.14it/s, v_num=nqhy, train_loss_step=0.227, val_loss=0.175, train_loss_epoch=0.158]Epoch 16:  30%|███       | 3/10 [00:21<00:50,  0.14it/s, v_num=nqhy, train_loss_step=0.220, val_loss=0.175, train_loss_epoch=0.158]SUCCESS: vision_encoder.blocks.2.1.spatial_block.conv1.fn.dw.weight is Updating! Grad Norm: 0.074139
Epoch 16:  40%|████      | 4/10 [00:28<00:42,  0.14it/s, v_num=nqhy, train_loss_step=0.220, val_loss=0.175, train_loss_epoch=0.158]Epoch 16:  40%|████      | 4/10 [00:28<00:42,  0.14it/s, v_num=nqhy, train_loss_step=0.0778, val_loss=0.175, train_loss_epoch=0.158]SUCCESS: vision_encoder.blocks.2.1.spatial_block.conv1.fn.dw.weight is Updating! Grad Norm: 0.074515
Epoch 16:  50%|█████     | 5/10 [00:34<00:34,  0.14it/s, v_num=nqhy, train_loss_step=0.0778, val_loss=0.175, train_loss_epoch=0.158]Epoch 16:  50%|█████     | 5/10 [00:34<00:34,  0.14it/s, v_num=nqhy, train_loss_step=0.230, val_loss=0.175, train_loss_epoch=0.158] SUCCESS: vision_encoder.blocks.2.1.spatial_block.conv1.fn.dw.weight is Updating! Grad Norm: 0.070114
Epoch 16:  60%|██████    | 6/10 [00:41<00:27,  0.15it/s, v_num=nqhy, train_loss_step=0.230, val_loss=0.175, train_loss_epoch=0.158]Epoch 16:  60%|██████    | 6/10 [00:41<00:27,  0.15it/s, v_num=nqhy, train_loss_step=0.0457, val_loss=0.175, train_loss_epoch=0.158]SUCCESS: vision_encoder.blocks.2.1.spatial_block.conv1.fn.dw.weight is Updating! Grad Norm: 0.316219
Epoch 16:  70%|███████   | 7/10 [00:47<00:20,  0.15it/s, v_num=nqhy, train_loss_step=0.0457, val_loss=0.175, train_loss_epoch=0.158]Epoch 16:  70%|███████   | 7/10 [00:47<00:20,  0.15it/s, v_num=nqhy, train_loss_step=0.192, val_loss=0.175, train_loss_epoch=0.158] SUCCESS: vision_encoder.blocks.2.1.spatial_block.conv1.fn.dw.weight is Updating! Grad Norm: 0.132208
Epoch 16:  80%|████████  | 8/10 [00:54<00:13,  0.15it/s, v_num=nqhy, train_loss_step=0.192, val_loss=0.175, train_loss_epoch=0.158]Epoch 16:  80%|████████  | 8/10 [00:54<00:13,  0.15it/s, v_num=nqhy, train_loss_step=0.240, val_loss=0.175, train_loss_epoch=0.158]SUCCESS: vision_encoder.blocks.2.1.spatial_block.conv1.fn.dw.weight is Updating! Grad Norm: 0.128684
Epoch 16:  90%|█████████ | 9/10 [01:00<00:06,  0.15it/s, v_num=nqhy, train_loss_step=0.240, val_loss=0.175, train_loss_epoch=0.158]Epoch 16:  90%|█████████ | 9/10 [01:00<00:06,  0.15it/s, v_num=nqhy, train_loss_step=0.179, val_loss=0.175, train_loss_epoch=0.158]SUCCESS: vision_encoder.blocks.2.1.spatial_block.conv1.fn.dw.weight is Updating! Grad Norm: 0.119284
Epoch 16: 100%|██████████| 10/10 [01:07<00:00,  0.15it/s, v_num=nqhy, train_loss_step=0.179, val_loss=0.175, train_loss_epoch=0.158]Epoch 16: 100%|██████████| 10/10 [01:07<00:00,  0.15it/s, v_num=nqhy, train_loss_step=0.229, val_loss=0.175, train_loss_epoch=0.158]
Validation: |          | 0/? [00:00<?, ?it/s][A
Validation:   0%|          | 0/4 [00:00<?, ?it/s][A
Validation DataLoader 0:   0%|          | 0/4 [00:00<?, ?it/s][Atensor(1.7407, device='cuda:0')
tensor(-0.7653, device='cuda:0')

Validation DataLoader 0:  25%|██▌       | 1/4 [00:01<00:04,  0.65it/s][Atensor(1.7581, device='cuda:0')
tensor(-0.5060, device='cuda:0')

Validation DataLoader 0:  50%|█████     | 2/4 [00:03<00:03,  0.65it/s][Atensor(1.6909, device='cuda:0')
tensor(-0.6537, device='cuda:0')

Validation DataLoader 0:  75%|███████▌  | 3/4 [00:04<00:01,  0.64it/s][Atensor(1.4949, device='cuda:0')
tensor(0.1483, device='cuda:0')

Validation DataLoader 0: 100%|██████████| 4/4 [00:05<00:00,  0.77it/s][A
==================================================
Stage: VAL
Predicted class distribution: 0s = 88, 1s = 18
Actual label distribution:    0s = 80, 1s = 26
Actual Imbalance Ratio (0:1): 3.08:1
==================================================
✅ Model is predicting both classes.
Saved test predictions and probabilities to validation_results_fold_final.xlsx

                                                                      [AEpoch 16: 100%|██████████| 10/10 [01:13<00:00,  0.14it/s, v_num=nqhy, train_loss_step=0.229, val_loss=0.156, train_loss_epoch=0.158]Epoch 16: 100%|██████████| 10/10 [01:13<00:00,  0.14it/s, v_num=nqhy, train_loss_step=0.229, val_loss=0.156, train_loss_epoch=0.178]Epoch 16:   0%|          | 0/10 [00:00<?, ?it/s, v_num=nqhy, train_loss_step=0.229, val_loss=0.156, train_loss_epoch=0.178]         Epoch 17:   0%|          | 0/10 [00:00<?, ?it/s, v_num=nqhy, train_loss_step=0.229, val_loss=0.156, train_loss_epoch=0.178]SUCCESS: vision_encoder.blocks.2.1.spatial_block.conv1.fn.dw.weight is Updating! Grad Norm: 0.379648
Epoch 17:  10%|█         | 1/10 [00:08<01:15,  0.12it/s, v_num=nqhy, train_loss_step=0.229, val_loss=0.156, train_loss_epoch=0.178]Epoch 17:  10%|█         | 1/10 [00:08<01:15,  0.12it/s, v_num=nqhy, train_loss_step=0.205, val_loss=0.156, train_loss_epoch=0.178]SUCCESS: vision_encoder.blocks.2.1.spatial_block.conv1.fn.dw.weight is Updating! Grad Norm: 0.124628
Epoch 17:  20%|██        | 2/10 [00:14<00:59,  0.13it/s, v_num=nqhy, train_loss_step=0.205, val_loss=0.156, train_loss_epoch=0.178]Epoch 17:  20%|██        | 2/10 [00:14<00:59,  0.13it/s, v_num=nqhy, train_loss_step=0.166, val_loss=0.156, train_loss_epoch=0.178]SUCCESS: vision_encoder.blocks.2.1.spatial_block.conv1.fn.dw.weight is Updating! Grad Norm: 0.049633
Epoch 17:  30%|███       | 3/10 [00:21<00:49,  0.14it/s, v_num=nqhy, train_loss_step=0.166, val_loss=0.156, train_loss_epoch=0.178]Epoch 17:  30%|███       | 3/10 [00:21<00:49,  0.14it/s, v_num=nqhy, train_loss_step=0.101, val_loss=0.156, train_loss_epoch=0.178]SUCCESS: vision_encoder.blocks.2.1.spatial_block.conv1.fn.dw.weight is Updating! Grad Norm: 0.264917
Epoch 17:  40%|████      | 4/10 [00:27<00:41,  0.14it/s, v_num=nqhy, train_loss_step=0.101, val_loss=0.156, train_loss_epoch=0.178]Epoch 17:  40%|████      | 4/10 [00:27<00:41,  0.14it/s, v_num=nqhy, train_loss_step=0.103, val_loss=0.156, train_loss_epoch=0.178]SUCCESS: vision_encoder.blocks.2.1.spatial_block.conv1.fn.dw.weight is Updating! Grad Norm: 0.077084
Epoch 17:  50%|█████     | 5/10 [00:34<00:34,  0.15it/s, v_num=nqhy, train_loss_step=0.103, val_loss=0.156, train_loss_epoch=0.178]Epoch 17:  50%|█████     | 5/10 [00:34<00:34,  0.15it/s, v_num=nqhy, train_loss_step=0.160, val_loss=0.156, train_loss_epoch=0.178]SUCCESS: vision_encoder.blocks.2.1.spatial_block.conv1.fn.dw.weight is Updating! Grad Norm: 0.184734
Epoch 17:  60%|██████    | 6/10 [00:40<00:27,  0.15it/s, v_num=nqhy, train_loss_step=0.160, val_loss=0.156, train_loss_epoch=0.178]Epoch 17:  60%|██████    | 6/10 [00:40<00:27,  0.15it/s, v_num=nqhy, train_loss_step=0.111, val_loss=0.156, train_loss_epoch=0.178]SUCCESS: vision_encoder.blocks.2.1.spatial_block.conv1.fn.dw.weight is Updating! Grad Norm: 0.075648
Epoch 17:  70%|███████   | 7/10 [00:47<00:20,  0.15it/s, v_num=nqhy, train_loss_step=0.111, val_loss=0.156, train_loss_epoch=0.178]Epoch 17:  70%|███████   | 7/10 [00:47<00:20,  0.15it/s, v_num=nqhy, train_loss_step=0.100, val_loss=0.156, train_loss_epoch=0.178]SUCCESS: vision_encoder.blocks.2.1.spatial_block.conv1.fn.dw.weight is Updating! Grad Norm: 0.157015
Epoch 17:  80%|████████  | 8/10 [00:53<00:13,  0.15it/s, v_num=nqhy, train_loss_step=0.100, val_loss=0.156, train_loss_epoch=0.178]Epoch 17:  80%|████████  | 8/10 [00:53<00:13,  0.15it/s, v_num=nqhy, train_loss_step=0.116, val_loss=0.156, train_loss_epoch=0.178]SUCCESS: vision_encoder.blocks.2.1.spatial_block.conv1.fn.dw.weight is Updating! Grad Norm: 0.288941
Epoch 17:  90%|█████████ | 9/10 [01:00<00:06,  0.15it/s, v_num=nqhy, train_loss_step=0.116, val_loss=0.156, train_loss_epoch=0.178]Epoch 17:  90%|█████████ | 9/10 [01:00<00:06,  0.15it/s, v_num=nqhy, train_loss_step=0.248, val_loss=0.156, train_loss_epoch=0.178]SUCCESS: vision_encoder.blocks.2.1.spatial_block.conv1.fn.dw.weight is Updating! Grad Norm: 0.209019
Epoch 17: 100%|██████████| 10/10 [01:06<00:00,  0.15it/s, v_num=nqhy, train_loss_step=0.248, val_loss=0.156, train_loss_epoch=0.178]Epoch 17: 100%|██████████| 10/10 [01:06<00:00,  0.15it/s, v_num=nqhy, train_loss_step=0.157, val_loss=0.156, train_loss_epoch=0.178]
Validation: |          | 0/? [00:00<?, ?it/s][A
Validation:   0%|          | 0/4 [00:00<?, ?it/s][A
Validation DataLoader 0:   0%|          | 0/4 [00:00<?, ?it/s][Atensor(1.8065, device='cuda:0')
tensor(-0.8069, device='cuda:0')

Validation DataLoader 0:  25%|██▌       | 1/4 [00:01<00:04,  0.65it/s][Atensor(1.8305, device='cuda:0')
tensor(-0.5697, device='cuda:0')

Validation DataLoader 0:  50%|█████     | 2/4 [00:03<00:03,  0.65it/s][Atensor(1.7613, device='cuda:0')
tensor(-0.7045, device='cuda:0')

Validation DataLoader 0:  75%|███████▌  | 3/4 [00:04<00:01,  0.63it/s][Atensor(1.5301, device='cuda:0')
tensor(0.1550, device='cuda:0')

Validation DataLoader 0: 100%|██████████| 4/4 [00:05<00:00,  0.76it/s][A
==================================================
Stage: VAL
Predicted class distribution: 0s = 87, 1s = 19
Actual label distribution:    0s = 80, 1s = 26
Actual Imbalance Ratio (0:1): 3.08:1
==================================================
✅ Model is predicting both classes.
Saved test predictions and probabilities to validation_results_fold_final.xlsx

                                                                      [AEpoch 17: 100%|██████████| 10/10 [01:13<00:00,  0.14it/s, v_num=nqhy, train_loss_step=0.157, val_loss=0.142, train_loss_epoch=0.178]Epoch 17: 100%|██████████| 10/10 [01:13<00:00,  0.14it/s, v_num=nqhy, train_loss_step=0.157, val_loss=0.142, train_loss_epoch=0.147]Epoch 17:   0%|          | 0/10 [00:00<?, ?it/s, v_num=nqhy, train_loss_step=0.157, val_loss=0.142, train_loss_epoch=0.147]         Epoch 18:   0%|          | 0/10 [00:00<?, ?it/s, v_num=nqhy, train_loss_step=0.157, val_loss=0.142, train_loss_epoch=0.147]SUCCESS: vision_encoder.blocks.2.1.spatial_block.conv1.fn.dw.weight is Updating! Grad Norm: 0.069990
Epoch 18:  10%|█         | 1/10 [00:08<01:13,  0.12it/s, v_num=nqhy, train_loss_step=0.157, val_loss=0.142, train_loss_epoch=0.147]Epoch 18:  10%|█         | 1/10 [00:08<01:13,  0.12it/s, v_num=nqhy, train_loss_step=0.190, val_loss=0.142, train_loss_epoch=0.147]SUCCESS: vision_encoder.blocks.2.1.spatial_block.conv1.fn.dw.weight is Updating! Grad Norm: 0.081878
Epoch 18:  20%|██        | 2/10 [00:14<00:58,  0.14it/s, v_num=nqhy, train_loss_step=0.190, val_loss=0.142, train_loss_epoch=0.147]Epoch 18:  20%|██        | 2/10 [00:14<00:58,  0.14it/s, v_num=nqhy, train_loss_step=0.133, val_loss=0.142, train_loss_epoch=0.147]SUCCESS: vision_encoder.blocks.2.1.spatial_block.conv1.fn.dw.weight is Updating! Grad Norm: 0.078551
Epoch 18:  30%|███       | 3/10 [00:21<00:49,  0.14it/s, v_num=nqhy, train_loss_step=0.133, val_loss=0.142, train_loss_epoch=0.147]Epoch 18:  30%|███       | 3/10 [00:21<00:49,  0.14it/s, v_num=nqhy, train_loss_step=0.0373, val_loss=0.142, train_loss_epoch=0.147]SUCCESS: vision_encoder.blocks.2.1.spatial_block.conv1.fn.dw.weight is Updating! Grad Norm: 0.409856
Epoch 18:  40%|████      | 4/10 [00:27<00:41,  0.14it/s, v_num=nqhy, train_loss_step=0.0373, val_loss=0.142, train_loss_epoch=0.147]Epoch 18:  40%|████      | 4/10 [00:27<00:41,  0.14it/s, v_num=nqhy, train_loss_step=0.208, val_loss=0.142, train_loss_epoch=0.147] SUCCESS: vision_encoder.blocks.2.1.spatial_block.conv1.fn.dw.weight is Updating! Grad Norm: 0.177862
Epoch 18:  50%|█████     | 5/10 [00:34<00:34,  0.15it/s, v_num=nqhy, train_loss_step=0.208, val_loss=0.142, train_loss_epoch=0.147]Epoch 18:  50%|█████     | 5/10 [00:34<00:34,  0.15it/s, v_num=nqhy, train_loss_step=0.270, val_loss=0.142, train_loss_epoch=0.147]SUCCESS: vision_encoder.blocks.2.1.spatial_block.conv1.fn.dw.weight is Updating! Grad Norm: 0.241176
Epoch 18:  60%|██████    | 6/10 [00:40<00:27,  0.15it/s, v_num=nqhy, train_loss_step=0.270, val_loss=0.142, train_loss_epoch=0.147]Epoch 18:  60%|██████    | 6/10 [00:40<00:27,  0.15it/s, v_num=nqhy, train_loss_step=0.126, val_loss=0.142, train_loss_epoch=0.147]SUCCESS: vision_encoder.blocks.2.1.spatial_block.conv1.fn.dw.weight is Updating! Grad Norm: 0.119738
Epoch 18:  70%|███████   | 7/10 [00:47<00:20,  0.15it/s, v_num=nqhy, train_loss_step=0.126, val_loss=0.142, train_loss_epoch=0.147]Epoch 18:  70%|███████   | 7/10 [00:47<00:20,  0.15it/s, v_num=nqhy, train_loss_step=0.104, val_loss=0.142, train_loss_epoch=0.147]SUCCESS: vision_encoder.blocks.2.1.spatial_block.conv1.fn.dw.weight is Updating! Grad Norm: 0.154915
Epoch 18:  80%|████████  | 8/10 [00:53<00:13,  0.15it/s, v_num=nqhy, train_loss_step=0.104, val_loss=0.142, train_loss_epoch=0.147]Epoch 18:  80%|████████  | 8/10 [00:53<00:13,  0.15it/s, v_num=nqhy, train_loss_step=0.173, val_loss=0.142, train_loss_epoch=0.147]SUCCESS: vision_encoder.blocks.2.1.spatial_block.conv1.fn.dw.weight is Updating! Grad Norm: 0.157396
Epoch 18:  90%|█████████ | 9/10 [01:00<00:06,  0.15it/s, v_num=nqhy, train_loss_step=0.173, val_loss=0.142, train_loss_epoch=0.147]Epoch 18:  90%|█████████ | 9/10 [01:00<00:06,  0.15it/s, v_num=nqhy, train_loss_step=0.0995, val_loss=0.142, train_loss_epoch=0.147]SUCCESS: vision_encoder.blocks.2.1.spatial_block.conv1.fn.dw.weight is Updating! Grad Norm: 0.227663
Epoch 18: 100%|██████████| 10/10 [01:06<00:00,  0.15it/s, v_num=nqhy, train_loss_step=0.0995, val_loss=0.142, train_loss_epoch=0.147]Epoch 18: 100%|██████████| 10/10 [01:06<00:00,  0.15it/s, v_num=nqhy, train_loss_step=0.0538, val_loss=0.142, train_loss_epoch=0.147]
Validation: |          | 0/? [00:00<?, ?it/s][A
Validation:   0%|          | 0/4 [00:00<?, ?it/s][A
Validation DataLoader 0:   0%|          | 0/4 [00:00<?, ?it/s][Atensor(1.8977, device='cuda:0')
tensor(-0.8402, device='cuda:0')

Validation DataLoader 0:  25%|██▌       | 1/4 [00:01<00:04,  0.65it/s][Atensor(1.9186, device='cuda:0')
tensor(-0.5557, device='cuda:0')

Validation DataLoader 0:  50%|█████     | 2/4 [00:03<00:03,  0.65it/s][Atensor(1.8590, device='cuda:0')
tensor(-0.7498, device='cuda:0')

Validation DataLoader 0:  75%|███████▌  | 3/4 [00:04<00:01,  0.64it/s][Atensor(1.6518, device='cuda:0')
tensor(0.1854, device='cuda:0')

Validation DataLoader 0: 100%|██████████| 4/4 [00:05<00:00,  0.77it/s][A
==================================================
Stage: VAL
Predicted class distribution: 0s = 88, 1s = 18
Actual label distribution:    0s = 80, 1s = 26
Actual Imbalance Ratio (0:1): 3.08:1
==================================================
✅ Model is predicting both classes.
Saved test predictions and probabilities to validation_results_fold_final.xlsx

                                                                      [AEpoch 18: 100%|██████████| 10/10 [01:13<00:00,  0.14it/s, v_num=nqhy, train_loss_step=0.0538, val_loss=0.135, train_loss_epoch=0.147]Epoch 18: 100%|██████████| 10/10 [01:13<00:00,  0.14it/s, v_num=nqhy, train_loss_step=0.0538, val_loss=0.135, train_loss_epoch=0.140]Epoch 18:   0%|          | 0/10 [00:00<?, ?it/s, v_num=nqhy, train_loss_step=0.0538, val_loss=0.135, train_loss_epoch=0.140]         Epoch 19:   0%|          | 0/10 [00:00<?, ?it/s, v_num=nqhy, train_loss_step=0.0538, val_loss=0.135, train_loss_epoch=0.140]SUCCESS: vision_encoder.blocks.2.1.spatial_block.conv1.fn.dw.weight is Updating! Grad Norm: 0.080673
Epoch 19:  10%|█         | 1/10 [00:08<01:13,  0.12it/s, v_num=nqhy, train_loss_step=0.0538, val_loss=0.135, train_loss_epoch=0.140]Epoch 19:  10%|█         | 1/10 [00:08<01:13,  0.12it/s, v_num=nqhy, train_loss_step=0.207, val_loss=0.135, train_loss_epoch=0.140] SUCCESS: vision_encoder.blocks.2.1.spatial_block.conv1.fn.dw.weight is Updating! Grad Norm: 0.060364
Epoch 19:  20%|██        | 2/10 [00:14<00:58,  0.14it/s, v_num=nqhy, train_loss_step=0.207, val_loss=0.135, train_loss_epoch=0.140]Epoch 19:  20%|██        | 2/10 [00:14<00:58,  0.14it/s, v_num=nqhy, train_loss_step=0.113, val_loss=0.135, train_loss_epoch=0.140]SUCCESS: vision_encoder.blocks.2.1.spatial_block.conv1.fn.dw.weight is Updating! Grad Norm: 0.102868
Epoch 19:  30%|███       | 3/10 [00:21<00:49,  0.14it/s, v_num=nqhy, train_loss_step=0.113, val_loss=0.135, train_loss_epoch=0.140]Epoch 19:  30%|███       | 3/10 [00:21<00:49,  0.14it/s, v_num=nqhy, train_loss_step=0.163, val_loss=0.135, train_loss_epoch=0.140]SUCCESS: vision_encoder.blocks.2.1.spatial_block.conv1.fn.dw.weight is Updating! Grad Norm: 0.185133
Epoch 19:  40%|████      | 4/10 [00:27<00:41,  0.14it/s, v_num=nqhy, train_loss_step=0.163, val_loss=0.135, train_loss_epoch=0.140]Epoch 19:  40%|████      | 4/10 [00:27<00:41,  0.14it/s, v_num=nqhy, train_loss_step=0.0594, val_loss=0.135, train_loss_epoch=0.140]SUCCESS: vision_encoder.blocks.2.1.spatial_block.conv1.fn.dw.weight is Updating! Grad Norm: 0.150501
Epoch 19:  50%|█████     | 5/10 [00:34<00:34,  0.15it/s, v_num=nqhy, train_loss_step=0.0594, val_loss=0.135, train_loss_epoch=0.140]Epoch 19:  50%|█████     | 5/10 [00:34<00:34,  0.15it/s, v_num=nqhy, train_loss_step=0.152, val_loss=0.135, train_loss_epoch=0.140] SUCCESS: vision_encoder.blocks.2.1.spatial_block.conv1.fn.dw.weight is Updating! Grad Norm: 0.068760
Epoch 19:  60%|██████    | 6/10 [00:40<00:27,  0.15it/s, v_num=nqhy, train_loss_step=0.152, val_loss=0.135, train_loss_epoch=0.140]Epoch 19:  60%|██████    | 6/10 [00:40<00:27,  0.15it/s, v_num=nqhy, train_loss_step=0.0523, val_loss=0.135, train_loss_epoch=0.140]SUCCESS: vision_encoder.blocks.2.1.spatial_block.conv1.fn.dw.weight is Updating! Grad Norm: 0.153683
Epoch 19:  70%|███████   | 7/10 [00:47<00:20,  0.15it/s, v_num=nqhy, train_loss_step=0.0523, val_loss=0.135, train_loss_epoch=0.140]Epoch 19:  70%|███████   | 7/10 [00:47<00:20,  0.15it/s, v_num=nqhy, train_loss_step=0.145, val_loss=0.135, train_loss_epoch=0.140] SUCCESS: vision_encoder.blocks.2.1.spatial_block.conv1.fn.dw.weight is Updating! Grad Norm: 0.112211
Epoch 19:  80%|████████  | 8/10 [00:53<00:13,  0.15it/s, v_num=nqhy, train_loss_step=0.145, val_loss=0.135, train_loss_epoch=0.140]Epoch 19:  80%|████████  | 8/10 [00:53<00:13,  0.15it/s, v_num=nqhy, train_loss_step=0.101, val_loss=0.135, train_loss_epoch=0.140]SUCCESS: vision_encoder.blocks.2.1.spatial_block.conv1.fn.dw.weight is Updating! Grad Norm: 2.449098
Epoch 19:  90%|█████████ | 9/10 [01:00<00:06,  0.15it/s, v_num=nqhy, train_loss_step=0.101, val_loss=0.135, train_loss_epoch=0.140]Epoch 19:  90%|█████████ | 9/10 [01:00<00:06,  0.15it/s, v_num=nqhy, train_loss_step=0.729, val_loss=0.135, train_loss_epoch=0.140]SUCCESS: vision_encoder.blocks.2.1.spatial_block.conv1.fn.dw.weight is Updating! Grad Norm: 0.138256
Epoch 19: 100%|██████████| 10/10 [01:06<00:00,  0.15it/s, v_num=nqhy, train_loss_step=0.729, val_loss=0.135, train_loss_epoch=0.140]Epoch 19: 100%|██████████| 10/10 [01:06<00:00,  0.15it/s, v_num=nqhy, train_loss_step=0.115, val_loss=0.135, train_loss_epoch=0.140]
Validation: |          | 0/? [00:00<?, ?it/s][A
Validation:   0%|          | 0/4 [00:00<?, ?it/s][A
Validation DataLoader 0:   0%|          | 0/4 [00:00<?, ?it/s][Atensor(1.8810, device='cuda:0')
tensor(-0.9101, device='cuda:0')

Validation DataLoader 0:  25%|██▌       | 1/4 [00:01<00:04,  0.65it/s][Atensor(1.9084, device='cuda:0')
tensor(-0.7396, device='cuda:0')

Validation DataLoader 0:  50%|█████     | 2/4 [00:03<00:03,  0.65it/s][Atensor(1.8594, device='cuda:0')
tensor(-0.8348, device='cuda:0')

Validation DataLoader 0:  75%|███████▌  | 3/4 [00:04<00:01,  0.64it/s][Atensor(1.5913, device='cuda:0')
tensor(-0.3034, device='cuda:0')

Validation DataLoader 0: 100%|██████████| 4/4 [00:05<00:00,  0.77it/s][A
==================================================
Stage: VAL
Predicted class distribution: 0s = 80, 1s = 26
Actual label distribution:    0s = 80, 1s = 26
Actual Imbalance Ratio (0:1): 3.08:1
==================================================
✅ Model is predicting both classes.
Saved test predictions and probabilities to validation_results_fold_final.xlsx

                                                                      [AEpoch 19: 100%|██████████| 10/10 [01:13<00:00,  0.14it/s, v_num=nqhy, train_loss_step=0.115, val_loss=0.128, train_loss_epoch=0.140]Epoch 19: 100%|██████████| 10/10 [01:13<00:00,  0.14it/s, v_num=nqhy, train_loss_step=0.115, val_loss=0.128, train_loss_epoch=0.184]Epoch 19:   0%|          | 0/10 [00:00<?, ?it/s, v_num=nqhy, train_loss_step=0.115, val_loss=0.128, train_loss_epoch=0.184]         Epoch 20:   0%|          | 0/10 [00:00<?, ?it/s, v_num=nqhy, train_loss_step=0.115, val_loss=0.128, train_loss_epoch=0.184]SUCCESS: vision_encoder.blocks.2.1.spatial_block.conv1.fn.dw.weight is Updating! Grad Norm: 0.581916
Epoch 20:  10%|█         | 1/10 [00:08<01:13,  0.12it/s, v_num=nqhy, train_loss_step=0.115, val_loss=0.128, train_loss_epoch=0.184]Epoch 20:  10%|█         | 1/10 [00:08<01:13,  0.12it/s, v_num=nqhy, train_loss_step=0.200, val_loss=0.128, train_loss_epoch=0.184]SUCCESS: vision_encoder.blocks.2.1.spatial_block.conv1.fn.dw.weight is Updating! Grad Norm: 0.236018
Epoch 20:  20%|██        | 2/10 [00:14<00:58,  0.14it/s, v_num=nqhy, train_loss_step=0.200, val_loss=0.128, train_loss_epoch=0.184]Epoch 20:  20%|██        | 2/10 [00:14<00:58,  0.14it/s, v_num=nqhy, train_loss_step=0.176, val_loss=0.128, train_loss_epoch=0.184]SUCCESS: vision_encoder.blocks.2.1.spatial_block.conv1.fn.dw.weight is Updating! Grad Norm: 0.596704
Epoch 20:  30%|███       | 3/10 [00:21<00:49,  0.14it/s, v_num=nqhy, train_loss_step=0.176, val_loss=0.128, train_loss_epoch=0.184]Epoch 20:  30%|███       | 3/10 [00:21<00:49,  0.14it/s, v_num=nqhy, train_loss_step=0.288, val_loss=0.128, train_loss_epoch=0.184]SUCCESS: vision_encoder.blocks.2.1.spatial_block.conv1.fn.dw.weight is Updating! Grad Norm: 0.156599
Epoch 20:  40%|████      | 4/10 [00:27<00:41,  0.14it/s, v_num=nqhy, train_loss_step=0.288, val_loss=0.128, train_loss_epoch=0.184]Epoch 20:  40%|████      | 4/10 [00:27<00:41,  0.14it/s, v_num=nqhy, train_loss_step=0.0851, val_loss=0.128, train_loss_epoch=0.184]SUCCESS: vision_encoder.blocks.2.1.spatial_block.conv1.fn.dw.weight is Updating! Grad Norm: 0.277451
Epoch 20:  50%|█████     | 5/10 [00:34<00:34,  0.15it/s, v_num=nqhy, train_loss_step=0.0851, val_loss=0.128, train_loss_epoch=0.184]Epoch 20:  50%|█████     | 5/10 [00:34<00:34,  0.15it/s, v_num=nqhy, train_loss_step=0.0267, val_loss=0.128, train_loss_epoch=0.184]SUCCESS: vision_encoder.blocks.2.1.spatial_block.conv1.fn.dw.weight is Updating! Grad Norm: 0.102076
Epoch 20:  60%|██████    | 6/10 [00:40<00:27,  0.15it/s, v_num=nqhy, train_loss_step=0.0267, val_loss=0.128, train_loss_epoch=0.184]Epoch 20:  60%|██████    | 6/10 [00:40<00:27,  0.15it/s, v_num=nqhy, train_loss_step=0.206, val_loss=0.128, train_loss_epoch=0.184] SUCCESS: vision_encoder.blocks.2.1.spatial_block.conv1.fn.dw.weight is Updating! Grad Norm: 0.257468
Epoch 20:  70%|███████   | 7/10 [00:47<00:20,  0.15it/s, v_num=nqhy, train_loss_step=0.206, val_loss=0.128, train_loss_epoch=0.184]Epoch 20:  70%|███████   | 7/10 [00:47<00:20,  0.15it/s, v_num=nqhy, train_loss_step=0.102, val_loss=0.128, train_loss_epoch=0.184]SUCCESS: vision_encoder.blocks.2.1.spatial_block.conv1.fn.dw.weight is Updating! Grad Norm: 0.170516
Epoch 20:  80%|████████  | 8/10 [00:53<00:13,  0.15it/s, v_num=nqhy, train_loss_step=0.102, val_loss=0.128, train_loss_epoch=0.184]Epoch 20:  80%|████████  | 8/10 [00:53<00:13,  0.15it/s, v_num=nqhy, train_loss_step=0.348, val_loss=0.128, train_loss_epoch=0.184]SUCCESS: vision_encoder.blocks.2.1.spatial_block.conv1.fn.dw.weight is Updating! Grad Norm: 0.262478
Epoch 20:  90%|█████████ | 9/10 [01:00<00:06,  0.15it/s, v_num=nqhy, train_loss_step=0.348, val_loss=0.128, train_loss_epoch=0.184]Epoch 20:  90%|█████████ | 9/10 [01:00<00:06,  0.15it/s, v_num=nqhy, train_loss_step=0.185, val_loss=0.128, train_loss_epoch=0.184]SUCCESS: vision_encoder.blocks.2.1.spatial_block.conv1.fn.dw.weight is Updating! Grad Norm: 0.198922
Epoch 20: 100%|██████████| 10/10 [01:06<00:00,  0.15it/s, v_num=nqhy, train_loss_step=0.185, val_loss=0.128, train_loss_epoch=0.184]Epoch 20: 100%|██████████| 10/10 [01:06<00:00,  0.15it/s, v_num=nqhy, train_loss_step=0.199, val_loss=0.128, train_loss_epoch=0.184]
Validation: |          | 0/? [00:00<?, ?it/s][A
Validation:   0%|          | 0/4 [00:00<?, ?it/s][A
Validation DataLoader 0:   0%|          | 0/4 [00:00<?, ?it/s][Atensor(2.0927, device='cuda:0')
tensor(-0.8547, device='cuda:0')

Validation DataLoader 0:  25%|██▌       | 1/4 [00:01<00:04,  0.65it/s][Atensor(2.1068, device='cuda:0')
tensor(-0.6312, device='cuda:0')

Validation DataLoader 0:  50%|█████     | 2/4 [00:03<00:03,  0.65it/s][Atensor(2.0433, device='cuda:0')
tensor(-0.7675, device='cuda:0')

Validation DataLoader 0:  75%|███████▌  | 3/4 [00:04<00:01,  0.64it/s][Atensor(1.8225, device='cuda:0')
tensor(-0.1409, device='cuda:0')

Validation DataLoader 0: 100%|██████████| 4/4 [00:05<00:00,  0.77it/s][A
==================================================
Stage: VAL
Predicted class distribution: 0s = 86, 1s = 20
Actual label distribution:    0s = 80, 1s = 26
Actual Imbalance Ratio (0:1): 3.08:1
==================================================
✅ Model is predicting both classes.
Saved test predictions and probabilities to validation_results_fold_final.xlsx

                                                                      [AEpoch 20: 100%|██████████| 10/10 [01:13<00:00,  0.14it/s, v_num=nqhy, train_loss_step=0.199, val_loss=0.133, train_loss_epoch=0.184]Epoch 20: 100%|██████████| 10/10 [01:13<00:00,  0.14it/s, v_num=nqhy, train_loss_step=0.199, val_loss=0.133, train_loss_epoch=0.182]Epoch 20:   0%|          | 0/10 [00:00<?, ?it/s, v_num=nqhy, train_loss_step=0.199, val_loss=0.133, train_loss_epoch=0.182]         Epoch 21:   0%|          | 0/10 [00:00<?, ?it/s, v_num=nqhy, train_loss_step=0.199, val_loss=0.133, train_loss_epoch=0.182]SUCCESS: vision_encoder.blocks.2.1.spatial_block.conv1.fn.dw.weight is Updating! Grad Norm: 0.092062
Epoch 21:  10%|█         | 1/10 [00:08<01:17,  0.12it/s, v_num=nqhy, train_loss_step=0.199, val_loss=0.133, train_loss_epoch=0.182]Epoch 21:  10%|█         | 1/10 [00:08<01:17,  0.12it/s, v_num=nqhy, train_loss_step=0.0708, val_loss=0.133, train_loss_epoch=0.182]SUCCESS: vision_encoder.blocks.2.1.spatial_block.conv1.fn.dw.weight is Updating! Grad Norm: 0.156441
Epoch 21:  20%|██        | 2/10 [00:15<01:00,  0.13it/s, v_num=nqhy, train_loss_step=0.0708, val_loss=0.133, train_loss_epoch=0.182]Epoch 21:  20%|██        | 2/10 [00:15<01:00,  0.13it/s, v_num=nqhy, train_loss_step=0.0422, val_loss=0.133, train_loss_epoch=0.182]SUCCESS: vision_encoder.blocks.2.1.spatial_block.conv1.fn.dw.weight is Updating! Grad Norm: 0.135929
Epoch 21:  30%|███       | 3/10 [00:21<00:50,  0.14it/s, v_num=nqhy, train_loss_step=0.0422, val_loss=0.133, train_loss_epoch=0.182]Epoch 21:  30%|███       | 3/10 [00:21<00:50,  0.14it/s, v_num=nqhy, train_loss_step=0.152, val_loss=0.133, train_loss_epoch=0.182] SUCCESS: vision_encoder.blocks.2.1.spatial_block.conv1.fn.dw.weight is Updating! Grad Norm: 0.084770
Epoch 21:  40%|████      | 4/10 [00:28<00:42,  0.14it/s, v_num=nqhy, train_loss_step=0.152, val_loss=0.133, train_loss_epoch=0.182]Epoch 21:  40%|████      | 4/10 [00:28<00:42,  0.14it/s, v_num=nqhy, train_loss_step=0.156, val_loss=0.133, train_loss_epoch=0.182]SUCCESS: vision_encoder.blocks.2.1.spatial_block.conv1.fn.dw.weight is Updating! Grad Norm: 0.075101
Epoch 21:  50%|█████     | 5/10 [00:34<00:34,  0.14it/s, v_num=nqhy, train_loss_step=0.156, val_loss=0.133, train_loss_epoch=0.182]Epoch 21:  50%|█████     | 5/10 [00:34<00:34,  0.14it/s, v_num=nqhy, train_loss_step=0.141, val_loss=0.133, train_loss_epoch=0.182]SUCCESS: vision_encoder.blocks.2.1.spatial_block.conv1.fn.dw.weight is Updating! Grad Norm: 0.107606
Epoch 21:  60%|██████    | 6/10 [00:41<00:27,  0.15it/s, v_num=nqhy, train_loss_step=0.141, val_loss=0.133, train_loss_epoch=0.182]Epoch 21:  60%|██████    | 6/10 [00:41<00:27,  0.15it/s, v_num=nqhy, train_loss_step=0.143, val_loss=0.133, train_loss_epoch=0.182]SUCCESS: vision_encoder.blocks.2.1.spatial_block.conv1.fn.dw.weight is Updating! Grad Norm: 0.109994
Epoch 21:  70%|███████   | 7/10 [00:47<00:20,  0.15it/s, v_num=nqhy, train_loss_step=0.143, val_loss=0.133, train_loss_epoch=0.182]Epoch 21:  70%|███████   | 7/10 [00:47<00:20,  0.15it/s, v_num=nqhy, train_loss_step=0.159, val_loss=0.133, train_loss_epoch=0.182]SUCCESS: vision_encoder.blocks.2.1.spatial_block.conv1.fn.dw.weight is Updating! Grad Norm: 0.116831
Epoch 21:  80%|████████  | 8/10 [00:54<00:13,  0.15it/s, v_num=nqhy, train_loss_step=0.159, val_loss=0.133, train_loss_epoch=0.182]Epoch 21:  80%|████████  | 8/10 [00:54<00:13,  0.15it/s, v_num=nqhy, train_loss_step=0.263, val_loss=0.133, train_loss_epoch=0.182]SUCCESS: vision_encoder.blocks.2.1.spatial_block.conv1.fn.dw.weight is Updating! Grad Norm: 0.119002
Epoch 21:  90%|█████████ | 9/10 [01:00<00:06,  0.15it/s, v_num=nqhy, train_loss_step=0.263, val_loss=0.133, train_loss_epoch=0.182]Epoch 21:  90%|█████████ | 9/10 [01:00<00:06,  0.15it/s, v_num=nqhy, train_loss_step=0.122, val_loss=0.133, train_loss_epoch=0.182]SUCCESS: vision_encoder.blocks.2.1.spatial_block.conv1.fn.dw.weight is Updating! Grad Norm: 0.150680
Epoch 21: 100%|██████████| 10/10 [01:07<00:00,  0.15it/s, v_num=nqhy, train_loss_step=0.122, val_loss=0.133, train_loss_epoch=0.182]Epoch 21: 100%|██████████| 10/10 [01:07<00:00,  0.15it/s, v_num=nqhy, train_loss_step=0.121, val_loss=0.133, train_loss_epoch=0.182]
Validation: |          | 0/? [00:00<?, ?it/s][A
Validation:   0%|          | 0/4 [00:00<?, ?it/s][A
Validation DataLoader 0:   0%|          | 0/4 [00:00<?, ?it/s][Atensor(2.0452, device='cuda:0')
tensor(-0.8507, device='cuda:0')

Validation DataLoader 0:  25%|██▌       | 1/4 [00:01<00:04,  0.65it/s][Atensor(2.0661, device='cuda:0')
tensor(-0.2528, device='cuda:0')

Validation DataLoader 0:  50%|█████     | 2/4 [00:03<00:03,  0.64it/s][Atensor(2.0007, device='cuda:0')
tensor(-0.7455, device='cuda:0')

Validation DataLoader 0:  75%|███████▌  | 3/4 [00:04<00:01,  0.64it/s][Atensor(1.8721, device='cuda:0')
tensor(0.2569, device='cuda:0')

Validation DataLoader 0: 100%|██████████| 4/4 [00:05<00:00,  0.77it/s][A
==================================================
Stage: VAL
Predicted class distribution: 0s = 92, 1s = 14
Actual label distribution:    0s = 80, 1s = 26
Actual Imbalance Ratio (0:1): 3.08:1
==================================================
✅ Model is predicting both classes.
Saved test predictions and probabilities to validation_results_fold_final.xlsx

                                                                      [AEpoch 21: 100%|██████████| 10/10 [01:13<00:00,  0.14it/s, v_num=nqhy, train_loss_step=0.121, val_loss=0.185, train_loss_epoch=0.182]Epoch 21: 100%|██████████| 10/10 [01:13<00:00,  0.14it/s, v_num=nqhy, train_loss_step=0.121, val_loss=0.185, train_loss_epoch=0.137]Epoch 21:   0%|          | 0/10 [00:00<?, ?it/s, v_num=nqhy, train_loss_step=0.121, val_loss=0.185, train_loss_epoch=0.137]         Epoch 22:   0%|          | 0/10 [00:00<?, ?it/s, v_num=nqhy, train_loss_step=0.121, val_loss=0.185, train_loss_epoch=0.137]SUCCESS: vision_encoder.blocks.2.1.spatial_block.conv1.fn.dw.weight is Updating! Grad Norm: 0.319232
Epoch 22:  10%|█         | 1/10 [00:08<01:14,  0.12it/s, v_num=nqhy, train_loss_step=0.121, val_loss=0.185, train_loss_epoch=0.137]Epoch 22:  10%|█         | 1/10 [00:08<01:14,  0.12it/s, v_num=nqhy, train_loss_step=0.127, val_loss=0.185, train_loss_epoch=0.137]SUCCESS: vision_encoder.blocks.2.1.spatial_block.conv1.fn.dw.weight is Updating! Grad Norm: 0.077340
Epoch 22:  20%|██        | 2/10 [00:14<00:59,  0.14it/s, v_num=nqhy, train_loss_step=0.127, val_loss=0.185, train_loss_epoch=0.137]Epoch 22:  20%|██        | 2/10 [00:14<00:59,  0.13it/s, v_num=nqhy, train_loss_step=0.0455, val_loss=0.185, train_loss_epoch=0.137]SUCCESS: vision_encoder.blocks.2.1.spatial_block.conv1.fn.dw.weight is Updating! Grad Norm: 0.099816
Epoch 22:  30%|███       | 3/10 [00:21<00:49,  0.14it/s, v_num=nqhy, train_loss_step=0.0455, val_loss=0.185, train_loss_epoch=0.137]Epoch 22:  30%|███       | 3/10 [00:21<00:49,  0.14it/s, v_num=nqhy, train_loss_step=0.0818, val_loss=0.185, train_loss_epoch=0.137]SUCCESS: vision_encoder.blocks.2.1.spatial_block.conv1.fn.dw.weight is Updating! Grad Norm: 0.091331
Epoch 22:  40%|████      | 4/10 [00:27<00:41,  0.14it/s, v_num=nqhy, train_loss_step=0.0818, val_loss=0.185, train_loss_epoch=0.137]Epoch 22:  40%|████      | 4/10 [00:27<00:41,  0.14it/s, v_num=nqhy, train_loss_step=0.092, val_loss=0.185, train_loss_epoch=0.137] SUCCESS: vision_encoder.blocks.2.1.spatial_block.conv1.fn.dw.weight is Updating! Grad Norm: 0.290175
Epoch 22:  50%|█████     | 5/10 [00:34<00:34,  0.15it/s, v_num=nqhy, train_loss_step=0.092, val_loss=0.185, train_loss_epoch=0.137]Epoch 22:  50%|█████     | 5/10 [00:34<00:34,  0.15it/s, v_num=nqhy, train_loss_step=0.158, val_loss=0.185, train_loss_epoch=0.137]SUCCESS: vision_encoder.blocks.2.1.spatial_block.conv1.fn.dw.weight is Updating! Grad Norm: 0.218351
Epoch 22:  60%|██████    | 6/10 [00:40<00:27,  0.15it/s, v_num=nqhy, train_loss_step=0.158, val_loss=0.185, train_loss_epoch=0.137]Epoch 22:  60%|██████    | 6/10 [00:40<00:27,  0.15it/s, v_num=nqhy, train_loss_step=0.0878, val_loss=0.185, train_loss_epoch=0.137]SUCCESS: vision_encoder.blocks.2.1.spatial_block.conv1.fn.dw.weight is Updating! Grad Norm: 0.126912
Epoch 22:  70%|███████   | 7/10 [00:47<00:20,  0.15it/s, v_num=nqhy, train_loss_step=0.0878, val_loss=0.185, train_loss_epoch=0.137]Epoch 22:  70%|███████   | 7/10 [00:47<00:20,  0.15it/s, v_num=nqhy, train_loss_step=0.207, val_loss=0.185, train_loss_epoch=0.137] SUCCESS: vision_encoder.blocks.2.1.spatial_block.conv1.fn.dw.weight is Updating! Grad Norm: 0.085904
Epoch 22:  80%|████████  | 8/10 [00:53<00:13,  0.15it/s, v_num=nqhy, train_loss_step=0.207, val_loss=0.185, train_loss_epoch=0.137]Epoch 22:  80%|████████  | 8/10 [00:53<00:13,  0.15it/s, v_num=nqhy, train_loss_step=0.132, val_loss=0.185, train_loss_epoch=0.137]SUCCESS: vision_encoder.blocks.2.1.spatial_block.conv1.fn.dw.weight is Updating! Grad Norm: 0.097783
Epoch 22:  90%|█████████ | 9/10 [01:00<00:06,  0.15it/s, v_num=nqhy, train_loss_step=0.132, val_loss=0.185, train_loss_epoch=0.137]Epoch 22:  90%|█████████ | 9/10 [01:00<00:06,  0.15it/s, v_num=nqhy, train_loss_step=0.0799, val_loss=0.185, train_loss_epoch=0.137]SUCCESS: vision_encoder.blocks.2.1.spatial_block.conv1.fn.dw.weight is Updating! Grad Norm: 0.113427
Epoch 22: 100%|██████████| 10/10 [01:07<00:00,  0.15it/s, v_num=nqhy, train_loss_step=0.0799, val_loss=0.185, train_loss_epoch=0.137]Epoch 22: 100%|██████████| 10/10 [01:07<00:00,  0.15it/s, v_num=nqhy, train_loss_step=0.0719, val_loss=0.185, train_loss_epoch=0.137]
Validation: |          | 0/? [00:00<?, ?it/s][A
Validation:   0%|          | 0/4 [00:00<?, ?it/s][A
Validation DataLoader 0:   0%|          | 0/4 [00:00<?, ?it/s][Atensor(2.0358, device='cuda:0')
tensor(-0.9509, device='cuda:0')

Validation DataLoader 0:  25%|██▌       | 1/4 [00:01<00:04,  0.65it/s][Atensor(2.0449, device='cuda:0')
tensor(-0.5814, device='cuda:0')

Validation DataLoader 0:  50%|█████     | 2/4 [00:03<00:03,  0.64it/s][Atensor(1.9897, device='cuda:0')
tensor(-0.8611, device='cuda:0')

Validation DataLoader 0:  75%|███████▌  | 3/4 [00:04<00:01,  0.64it/s][Atensor(1.8076, device='cuda:0')
tensor(0.1567, device='cuda:0')

Validation DataLoader 0: 100%|██████████| 4/4 [00:05<00:00,  0.77it/s][A
==================================================
Stage: VAL
Predicted class distribution: 0s = 90, 1s = 16
Actual label distribution:    0s = 80, 1s = 26
Actual Imbalance Ratio (0:1): 3.08:1
==================================================
✅ Model is predicting both classes.
Saved test predictions and probabilities to validation_results_fold_final.xlsx

                                                                      [AEpoch 22: 100%|██████████| 10/10 [01:13<00:00,  0.14it/s, v_num=nqhy, train_loss_step=0.0719, val_loss=0.125, train_loss_epoch=0.137]Epoch 22: 100%|██████████| 10/10 [01:13<00:00,  0.14it/s, v_num=nqhy, train_loss_step=0.0719, val_loss=0.125, train_loss_epoch=0.108]Epoch 22:   0%|          | 0/10 [00:00<?, ?it/s, v_num=nqhy, train_loss_step=0.0719, val_loss=0.125, train_loss_epoch=0.108]         Epoch 23:   0%|          | 0/10 [00:00<?, ?it/s, v_num=nqhy, train_loss_step=0.0719, val_loss=0.125, train_loss_epoch=0.108]SUCCESS: vision_encoder.blocks.2.1.spatial_block.conv1.fn.dw.weight is Updating! Grad Norm: 0.290375
Epoch 23:  10%|█         | 1/10 [00:08<01:13,  0.12it/s, v_num=nqhy, train_loss_step=0.0719, val_loss=0.125, train_loss_epoch=0.108]Epoch 23:  10%|█         | 1/10 [00:08<01:13,  0.12it/s, v_num=nqhy, train_loss_step=0.161, val_loss=0.125, train_loss_epoch=0.108] SUCCESS: vision_encoder.blocks.2.1.spatial_block.conv1.fn.dw.weight is Updating! Grad Norm: 0.152192
Epoch 23:  20%|██        | 2/10 [00:14<00:58,  0.14it/s, v_num=nqhy, train_loss_step=0.161, val_loss=0.125, train_loss_epoch=0.108]Epoch 23:  20%|██        | 2/10 [00:14<00:58,  0.14it/s, v_num=nqhy, train_loss_step=0.109, val_loss=0.125, train_loss_epoch=0.108]SUCCESS: vision_encoder.blocks.2.1.spatial_block.conv1.fn.dw.weight is Updating! Grad Norm: 0.074679
Epoch 23:  30%|███       | 3/10 [00:21<00:49,  0.14it/s, v_num=nqhy, train_loss_step=0.109, val_loss=0.125, train_loss_epoch=0.108]Epoch 23:  30%|███       | 3/10 [00:21<00:49,  0.14it/s, v_num=nqhy, train_loss_step=0.192, val_loss=0.125, train_loss_epoch=0.108]SUCCESS: vision_encoder.blocks.2.1.spatial_block.conv1.fn.dw.weight is Updating! Grad Norm: 0.059728
Epoch 23:  40%|████      | 4/10 [00:27<00:41,  0.14it/s, v_num=nqhy, train_loss_step=0.192, val_loss=0.125, train_loss_epoch=0.108]Epoch 23:  40%|████      | 4/10 [00:27<00:41,  0.14it/s, v_num=nqhy, train_loss_step=0.0761, val_loss=0.125, train_loss_epoch=0.108]SUCCESS: vision_encoder.blocks.2.1.spatial_block.conv1.fn.dw.weight is Updating! Grad Norm: 0.083732
Epoch 23:  50%|█████     | 5/10 [00:34<00:34,  0.15it/s, v_num=nqhy, train_loss_step=0.0761, val_loss=0.125, train_loss_epoch=0.108]Epoch 23:  50%|█████     | 5/10 [00:34<00:34,  0.15it/s, v_num=nqhy, train_loss_step=0.135, val_loss=0.125, train_loss_epoch=0.108] SUCCESS: vision_encoder.blocks.2.1.spatial_block.conv1.fn.dw.weight is Updating! Grad Norm: 0.405149
Epoch 23:  60%|██████    | 6/10 [00:40<00:27,  0.15it/s, v_num=nqhy, train_loss_step=0.135, val_loss=0.125, train_loss_epoch=0.108]Epoch 23:  60%|██████    | 6/10 [00:40<00:27,  0.15it/s, v_num=nqhy, train_loss_step=0.0637, val_loss=0.125, train_loss_epoch=0.108]SUCCESS: vision_encoder.blocks.2.1.spatial_block.conv1.fn.dw.weight is Updating! Grad Norm: 0.085917
Epoch 23:  70%|███████   | 7/10 [00:47<00:20,  0.15it/s, v_num=nqhy, train_loss_step=0.0637, val_loss=0.125, train_loss_epoch=0.108]Epoch 23:  70%|███████   | 7/10 [00:47<00:20,  0.15it/s, v_num=nqhy, train_loss_step=0.0685, val_loss=0.125, train_loss_epoch=0.108]SUCCESS: vision_encoder.blocks.2.1.spatial_block.conv1.fn.dw.weight is Updating! Grad Norm: 0.182927
Epoch 23:  80%|████████  | 8/10 [00:53<00:13,  0.15it/s, v_num=nqhy, train_loss_step=0.0685, val_loss=0.125, train_loss_epoch=0.108]Epoch 23:  80%|████████  | 8/10 [00:53<00:13,  0.15it/s, v_num=nqhy, train_loss_step=0.0796, val_loss=0.125, train_loss_epoch=0.108]SUCCESS: vision_encoder.blocks.2.1.spatial_block.conv1.fn.dw.weight is Updating! Grad Norm: 0.118538
Epoch 23:  90%|█████████ | 9/10 [01:00<00:06,  0.15it/s, v_num=nqhy, train_loss_step=0.0796, val_loss=0.125, train_loss_epoch=0.108]Epoch 23:  90%|█████████ | 9/10 [01:00<00:06,  0.15it/s, v_num=nqhy, train_loss_step=-0.0663, val_loss=0.125, train_loss_epoch=0.108]SUCCESS: vision_encoder.blocks.2.1.spatial_block.conv1.fn.dw.weight is Updating! Grad Norm: 0.688600
Epoch 23: 100%|██████████| 10/10 [01:06<00:00,  0.15it/s, v_num=nqhy, train_loss_step=-0.0663, val_loss=0.125, train_loss_epoch=0.108]Epoch 23: 100%|██████████| 10/10 [01:06<00:00,  0.15it/s, v_num=nqhy, train_loss_step=0.138, val_loss=0.125, train_loss_epoch=0.108]  
Validation: |          | 0/? [00:00<?, ?it/s][A
Validation:   0%|          | 0/4 [00:00<?, ?it/s][A
Validation DataLoader 0:   0%|          | 0/4 [00:00<?, ?it/s][Atensor(2.1516, device='cuda:0')
tensor(-0.9653, device='cuda:0')

Validation DataLoader 0:  25%|██▌       | 1/4 [00:01<00:04,  0.65it/s][Atensor(2.1665, device='cuda:0')
tensor(-0.7316, device='cuda:0')

Validation DataLoader 0:  50%|█████     | 2/4 [00:03<00:03,  0.64it/s][Atensor(2.0972, device='cuda:0')
tensor(-0.8687, device='cuda:0')

Validation DataLoader 0:  75%|███████▌  | 3/4 [00:04<00:01,  0.64it/s][Atensor(1.8541, device='cuda:0')
tensor(-0.3757, device='cuda:0')

Validation DataLoader 0: 100%|██████████| 4/4 [00:05<00:00,  0.77it/s][A
==================================================
Stage: VAL
Predicted class distribution: 0s = 79, 1s = 27
Actual label distribution:    0s = 80, 1s = 26
Actual Imbalance Ratio (0:1): 3.08:1
==================================================
✅ Model is predicting both classes.
Saved test predictions and probabilities to validation_results_fold_final.xlsx

                                                                      [AEpoch 23: 100%|██████████| 10/10 [01:13<00:00,  0.14it/s, v_num=nqhy, train_loss_step=0.138, val_loss=0.149, train_loss_epoch=0.108]Epoch 23: 100%|██████████| 10/10 [01:13<00:00,  0.14it/s, v_num=nqhy, train_loss_step=0.138, val_loss=0.149, train_loss_epoch=0.0957]Epoch 23:   0%|          | 0/10 [00:00<?, ?it/s, v_num=nqhy, train_loss_step=0.138, val_loss=0.149, train_loss_epoch=0.0957]         Epoch 24:   0%|          | 0/10 [00:00<?, ?it/s, v_num=nqhy, train_loss_step=0.138, val_loss=0.149, train_loss_epoch=0.0957]SUCCESS: vision_encoder.blocks.2.1.spatial_block.conv1.fn.dw.weight is Updating! Grad Norm: 0.207267
Epoch 24:  10%|█         | 1/10 [00:08<01:13,  0.12it/s, v_num=nqhy, train_loss_step=0.138, val_loss=0.149, train_loss_epoch=0.0957]Epoch 24:  10%|█         | 1/10 [00:08<01:13,  0.12it/s, v_num=nqhy, train_loss_step=0.0667, val_loss=0.149, train_loss_epoch=0.0957]SUCCESS: vision_encoder.blocks.2.1.spatial_block.conv1.fn.dw.weight is Updating! Grad Norm: 0.179984
Epoch 24:  20%|██        | 2/10 [00:14<00:58,  0.14it/s, v_num=nqhy, train_loss_step=0.0667, val_loss=0.149, train_loss_epoch=0.0957]Epoch 24:  20%|██        | 2/10 [00:14<00:58,  0.14it/s, v_num=nqhy, train_loss_step=0.164, val_loss=0.149, train_loss_epoch=0.0957] SUCCESS: vision_encoder.blocks.2.1.spatial_block.conv1.fn.dw.weight is Updating! Grad Norm: 0.383831
Epoch 24:  30%|███       | 3/10 [00:21<00:49,  0.14it/s, v_num=nqhy, train_loss_step=0.164, val_loss=0.149, train_loss_epoch=0.0957]Epoch 24:  30%|███       | 3/10 [00:21<00:49,  0.14it/s, v_num=nqhy, train_loss_step=0.0981, val_loss=0.149, train_loss_epoch=0.0957]SUCCESS: vision_encoder.blocks.2.1.spatial_block.conv1.fn.dw.weight is Updating! Grad Norm: 0.613470
Epoch 24:  40%|████      | 4/10 [00:27<00:41,  0.14it/s, v_num=nqhy, train_loss_step=0.0981, val_loss=0.149, train_loss_epoch=0.0957]Epoch 24:  40%|████      | 4/10 [00:27<00:41,  0.14it/s, v_num=nqhy, train_loss_step=0.0967, val_loss=0.149, train_loss_epoch=0.0957]SUCCESS: vision_encoder.blocks.2.1.spatial_block.conv1.fn.dw.weight is Updating! Grad Norm: 0.103919
Epoch 24:  50%|█████     | 5/10 [00:34<00:34,  0.15it/s, v_num=nqhy, train_loss_step=0.0967, val_loss=0.149, train_loss_epoch=0.0957]Epoch 24:  50%|█████     | 5/10 [00:34<00:34,  0.15it/s, v_num=nqhy, train_loss_step=0.0556, val_loss=0.149, train_loss_epoch=0.0957]SUCCESS: vision_encoder.blocks.2.1.spatial_block.conv1.fn.dw.weight is Updating! Grad Norm: 0.267265
Epoch 24:  60%|██████    | 6/10 [00:40<00:27,  0.15it/s, v_num=nqhy, train_loss_step=0.0556, val_loss=0.149, train_loss_epoch=0.0957]Epoch 24:  60%|██████    | 6/10 [00:40<00:27,  0.15it/s, v_num=nqhy, train_loss_step=0.0521, val_loss=0.149, train_loss_epoch=0.0957]SUCCESS: vision_encoder.blocks.2.1.spatial_block.conv1.fn.dw.weight is Updating! Grad Norm: 0.165696
Epoch 24:  70%|███████   | 7/10 [00:47<00:20,  0.15it/s, v_num=nqhy, train_loss_step=0.0521, val_loss=0.149, train_loss_epoch=0.0957]Epoch 24:  70%|███████   | 7/10 [00:47<00:20,  0.15it/s, v_num=nqhy, train_loss_step=0.0469, val_loss=0.149, train_loss_epoch=0.0957]SUCCESS: vision_encoder.blocks.2.1.spatial_block.conv1.fn.dw.weight is Updating! Grad Norm: 0.168211
Epoch 24:  80%|████████  | 8/10 [00:53<00:13,  0.15it/s, v_num=nqhy, train_loss_step=0.0469, val_loss=0.149, train_loss_epoch=0.0957]Epoch 24:  80%|████████  | 8/10 [00:53<00:13,  0.15it/s, v_num=nqhy, train_loss_step=0.020, val_loss=0.149, train_loss_epoch=0.0957] SUCCESS: vision_encoder.blocks.2.1.spatial_block.conv1.fn.dw.weight is Updating! Grad Norm: 0.110035
Epoch 24:  90%|█████████ | 9/10 [01:00<00:06,  0.15it/s, v_num=nqhy, train_loss_step=0.020, val_loss=0.149, train_loss_epoch=0.0957]Epoch 24:  90%|█████████ | 9/10 [01:00<00:06,  0.15it/s, v_num=nqhy, train_loss_step=0.00184, val_loss=0.149, train_loss_epoch=0.0957]SUCCESS: vision_encoder.blocks.2.1.spatial_block.conv1.fn.dw.weight is Updating! Grad Norm: 0.105052
Epoch 24: 100%|██████████| 10/10 [01:06<00:00,  0.15it/s, v_num=nqhy, train_loss_step=0.00184, val_loss=0.149, train_loss_epoch=0.0957]Epoch 24: 100%|██████████| 10/10 [01:06<00:00,  0.15it/s, v_num=nqhy, train_loss_step=0.094, val_loss=0.149, train_loss_epoch=0.0957]  
Validation: |          | 0/? [00:00<?, ?it/s][A
Validation:   0%|          | 0/4 [00:00<?, ?it/s][A
Validation DataLoader 0:   0%|          | 0/4 [00:00<?, ?it/s][Atensor(2.2021, device='cuda:0')
tensor(-0.9633, device='cuda:0')

Validation DataLoader 0:  25%|██▌       | 1/4 [00:01<00:04,  0.65it/s][Atensor(2.2347, device='cuda:0')
tensor(-0.5413, device='cuda:0')

Validation DataLoader 0:  50%|█████     | 2/4 [00:03<00:03,  0.64it/s][Atensor(2.1733, device='cuda:0')
tensor(-0.8431, device='cuda:0')

Validation DataLoader 0:  75%|███████▌  | 3/4 [00:04<00:01,  0.64it/s][Atensor(2.0349, device='cuda:0')
tensor(0.3386, device='cuda:0')

Validation DataLoader 0: 100%|██████████| 4/4 [00:05<00:00,  0.77it/s][A
==================================================
Stage: VAL
Predicted class distribution: 0s = 92, 1s = 14
Actual label distribution:    0s = 80, 1s = 26
Actual Imbalance Ratio (0:1): 3.08:1
==================================================
✅ Model is predicting both classes.
Saved test predictions and probabilities to validation_results_fold_final.xlsx

                                                                      [AEpoch 24: 100%|██████████| 10/10 [01:13<00:00,  0.14it/s, v_num=nqhy, train_loss_step=0.094, val_loss=0.208, train_loss_epoch=0.0957]Epoch 24: 100%|██████████| 10/10 [01:13<00:00,  0.14it/s, v_num=nqhy, train_loss_step=0.094, val_loss=0.208, train_loss_epoch=0.0696]Epoch 24:   0%|          | 0/10 [00:00<?, ?it/s, v_num=nqhy, train_loss_step=0.094, val_loss=0.208, train_loss_epoch=0.0696]         Epoch 25:   0%|          | 0/10 [00:00<?, ?it/s, v_num=nqhy, train_loss_step=0.094, val_loss=0.208, train_loss_epoch=0.0696]SUCCESS: vision_encoder.blocks.2.1.spatial_block.conv1.fn.dw.weight is Updating! Grad Norm: 0.176007
Epoch 25:  10%|█         | 1/10 [00:08<01:14,  0.12it/s, v_num=nqhy, train_loss_step=0.094, val_loss=0.208, train_loss_epoch=0.0696]Epoch 25:  10%|█         | 1/10 [00:08<01:14,  0.12it/s, v_num=nqhy, train_loss_step=0.140, val_loss=0.208, train_loss_epoch=0.0696]SUCCESS: vision_encoder.blocks.2.1.spatial_block.conv1.fn.dw.weight is Updating! Grad Norm: 0.389909
Epoch 25:  20%|██        | 2/10 [00:14<00:59,  0.14it/s, v_num=nqhy, train_loss_step=0.140, val_loss=0.208, train_loss_epoch=0.0696]Epoch 25:  20%|██        | 2/10 [00:14<00:59,  0.14it/s, v_num=nqhy, train_loss_step=0.100, val_loss=0.208, train_loss_epoch=0.0696]SUCCESS: vision_encoder.blocks.2.1.spatial_block.conv1.fn.dw.weight is Updating! Grad Norm: 0.066479
Epoch 25:  30%|███       | 3/10 [00:21<00:49,  0.14it/s, v_num=nqhy, train_loss_step=0.100, val_loss=0.208, train_loss_epoch=0.0696]Epoch 25:  30%|███       | 3/10 [00:21<00:49,  0.14it/s, v_num=nqhy, train_loss_step=0.117, val_loss=0.208, train_loss_epoch=0.0696]SUCCESS: vision_encoder.blocks.2.1.spatial_block.conv1.fn.dw.weight is Updating! Grad Norm: 0.228606
Epoch 25:  40%|████      | 4/10 [00:27<00:41,  0.14it/s, v_num=nqhy, train_loss_step=0.117, val_loss=0.208, train_loss_epoch=0.0696]Epoch 25:  40%|████      | 4/10 [00:27<00:41,  0.14it/s, v_num=nqhy, train_loss_step=-0.0443, val_loss=0.208, train_loss_epoch=0.0696]SUCCESS: vision_encoder.blocks.2.1.spatial_block.conv1.fn.dw.weight is Updating! Grad Norm: 8.306221
Epoch 25:  50%|█████     | 5/10 [00:34<00:34,  0.15it/s, v_num=nqhy, train_loss_step=-0.0443, val_loss=0.208, train_loss_epoch=0.0696]Epoch 25:  50%|█████     | 5/10 [00:34<00:34,  0.15it/s, v_num=nqhy, train_loss_step=1.520, val_loss=0.208, train_loss_epoch=0.0696]  SUCCESS: vision_encoder.blocks.2.1.spatial_block.conv1.fn.dw.weight is Updating! Grad Norm: 0.234659
Epoch 25:  60%|██████    | 6/10 [00:40<00:27,  0.15it/s, v_num=nqhy, train_loss_step=1.520, val_loss=0.208, train_loss_epoch=0.0696]Epoch 25:  60%|██████    | 6/10 [00:40<00:27,  0.15it/s, v_num=nqhy, train_loss_step=-0.00525, val_loss=0.208, train_loss_epoch=0.0696]SUCCESS: vision_encoder.blocks.2.1.spatial_block.conv1.fn.dw.weight is Updating! Grad Norm: 0.335186
Epoch 25:  70%|███████   | 7/10 [00:47<00:20,  0.15it/s, v_num=nqhy, train_loss_step=-0.00525, val_loss=0.208, train_loss_epoch=0.0696]Epoch 25:  70%|███████   | 7/10 [00:47<00:20,  0.15it/s, v_num=nqhy, train_loss_step=0.185, val_loss=0.208, train_loss_epoch=0.0696]   SUCCESS: vision_encoder.blocks.2.1.spatial_block.conv1.fn.dw.weight is Updating! Grad Norm: 0.326569
Epoch 25:  80%|████████  | 8/10 [00:53<00:13,  0.15it/s, v_num=nqhy, train_loss_step=0.185, val_loss=0.208, train_loss_epoch=0.0696]Epoch 25:  80%|████████  | 8/10 [00:54<00:13,  0.15it/s, v_num=nqhy, train_loss_step=0.0125, val_loss=0.208, train_loss_epoch=0.0696]SUCCESS: vision_encoder.blocks.2.1.spatial_block.conv1.fn.dw.weight is Updating! Grad Norm: 0.676513
Epoch 25:  90%|█████████ | 9/10 [01:00<00:06,  0.15it/s, v_num=nqhy, train_loss_step=0.0125, val_loss=0.208, train_loss_epoch=0.0696]Epoch 25:  90%|█████████ | 9/10 [01:00<00:06,  0.15it/s, v_num=nqhy, train_loss_step=0.148, val_loss=0.208, train_loss_epoch=0.0696] SUCCESS: vision_encoder.blocks.2.1.spatial_block.conv1.fn.dw.weight is Updating! Grad Norm: 0.463691
Epoch 25: 100%|██████████| 10/10 [01:07<00:00,  0.15it/s, v_num=nqhy, train_loss_step=0.148, val_loss=0.208, train_loss_epoch=0.0696]Epoch 25: 100%|██████████| 10/10 [01:07<00:00,  0.15it/s, v_num=nqhy, train_loss_step=0.186, val_loss=0.208, train_loss_epoch=0.0696]
Validation: |          | 0/? [00:00<?, ?it/s][A
Validation:   0%|          | 0/4 [00:00<?, ?it/s][A
Validation DataLoader 0:   0%|          | 0/4 [00:00<?, ?it/s][Atensor(2.1409, device='cuda:0')
tensor(-0.9131, device='cuda:0')

Validation DataLoader 0:  25%|██▌       | 1/4 [00:01<00:04,  0.65it/s][Atensor(2.2424, device='cuda:0')
tensor(-0.7613, device='cuda:0')

Validation DataLoader 0:  50%|█████     | 2/4 [00:03<00:03,  0.65it/s][Atensor(1.8096, device='cuda:0')
tensor(-0.8562, device='cuda:0')

Validation DataLoader 0:  75%|███████▌  | 3/4 [00:04<00:01,  0.63it/s][Atensor(1.5827, device='cuda:0')
tensor(-0.6875, device='cuda:0')

Validation DataLoader 0: 100%|██████████| 4/4 [00:05<00:00,  0.76it/s][A
==================================================
Stage: VAL
Predicted class distribution: 0s = 53, 1s = 53
Actual label distribution:    0s = 80, 1s = 26
Actual Imbalance Ratio (0:1): 3.08:1
==================================================
✅ Model is predicting both classes.
Saved test predictions and probabilities to validation_results_fold_final.xlsx

                                                                      [AEpoch 25: 100%|██████████| 10/10 [01:13<00:00,  0.14it/s, v_num=nqhy, train_loss_step=0.186, val_loss=0.457, train_loss_epoch=0.0696]Epoch 25: 100%|██████████| 10/10 [01:13<00:00,  0.14it/s, v_num=nqhy, train_loss_step=0.186, val_loss=0.457, train_loss_epoch=0.236] Epoch 25:   0%|          | 0/10 [00:00<?, ?it/s, v_num=nqhy, train_loss_step=0.186, val_loss=0.457, train_loss_epoch=0.236]         Epoch 26:   0%|          | 0/10 [00:00<?, ?it/s, v_num=nqhy, train_loss_step=0.186, val_loss=0.457, train_loss_epoch=0.236]SUCCESS: vision_encoder.blocks.2.1.spatial_block.conv1.fn.dw.weight is Updating! Grad Norm: 0.587596
Epoch 26:  10%|█         | 1/10 [00:07<01:09,  0.13it/s, v_num=nqhy, train_loss_step=0.186, val_loss=0.457, train_loss_epoch=0.236]Epoch 26:  10%|█         | 1/10 [00:07<01:10,  0.13it/s, v_num=nqhy, train_loss_step=0.190, val_loss=0.457, train_loss_epoch=0.236]SUCCESS: vision_encoder.blocks.2.1.spatial_block.conv1.fn.dw.weight is Updating! Grad Norm: 0.141100
Epoch 26:  20%|██        | 2/10 [00:14<00:57,  0.14it/s, v_num=nqhy, train_loss_step=0.190, val_loss=0.457, train_loss_epoch=0.236]Epoch 26:  20%|██        | 2/10 [00:14<00:57,  0.14it/s, v_num=nqhy, train_loss_step=0.420, val_loss=0.457, train_loss_epoch=0.236]SUCCESS: vision_encoder.blocks.2.1.spatial_block.conv1.fn.dw.weight is Updating! Grad Norm: 0.828182
Epoch 26:  30%|███       | 3/10 [00:20<00:48,  0.14it/s, v_num=nqhy, train_loss_step=0.420, val_loss=0.457, train_loss_epoch=0.236]Epoch 26:  30%|███       | 3/10 [00:20<00:48,  0.14it/s, v_num=nqhy, train_loss_step=0.0983, val_loss=0.457, train_loss_epoch=0.236]SUCCESS: vision_encoder.blocks.2.1.spatial_block.conv1.fn.dw.weight is Updating! Grad Norm: 0.494123
Epoch 26:  40%|████      | 4/10 [00:27<00:41,  0.15it/s, v_num=nqhy, train_loss_step=0.0983, val_loss=0.457, train_loss_epoch=0.236]Epoch 26:  40%|████      | 4/10 [00:27<00:41,  0.15it/s, v_num=nqhy, train_loss_step=0.332, val_loss=0.457, train_loss_epoch=0.236] SUCCESS: vision_encoder.blocks.2.1.spatial_block.conv1.fn.dw.weight is Updating! Grad Norm: 0.960619
Epoch 26:  50%|█████     | 5/10 [00:33<00:33,  0.15it/s, v_num=nqhy, train_loss_step=0.332, val_loss=0.457, train_loss_epoch=0.236]Epoch 26:  50%|█████     | 5/10 [00:33<00:33,  0.15it/s, v_num=nqhy, train_loss_step=0.125, val_loss=0.457, train_loss_epoch=0.236]SUCCESS: vision_encoder.blocks.2.1.spatial_block.conv1.fn.dw.weight is Updating! Grad Norm: 0.540862
Epoch 26:  60%|██████    | 6/10 [00:40<00:26,  0.15it/s, v_num=nqhy, train_loss_step=0.125, val_loss=0.457, train_loss_epoch=0.236]Epoch 26:  60%|██████    | 6/10 [00:40<00:26,  0.15it/s, v_num=nqhy, train_loss_step=0.0711, val_loss=0.457, train_loss_epoch=0.236]SUCCESS: vision_encoder.blocks.2.1.spatial_block.conv1.fn.dw.weight is Updating! Grad Norm: 0.112208
Epoch 26:  70%|███████   | 7/10 [00:46<00:20,  0.15it/s, v_num=nqhy, train_loss_step=0.0711, val_loss=0.457, train_loss_epoch=0.236]Epoch 26:  70%|███████   | 7/10 [00:46<00:20,  0.15it/s, v_num=nqhy, train_loss_step=0.234, val_loss=0.457, train_loss_epoch=0.236] SUCCESS: vision_encoder.blocks.2.1.spatial_block.conv1.fn.dw.weight is Updating! Grad Norm: 0.225145
Epoch 26:  80%|████████  | 8/10 [00:53<00:13,  0.15it/s, v_num=nqhy, train_loss_step=0.234, val_loss=0.457, train_loss_epoch=0.236]Epoch 26:  80%|████████  | 8/10 [00:53<00:13,  0.15it/s, v_num=nqhy, train_loss_step=0.110, val_loss=0.457, train_loss_epoch=0.236]SUCCESS: vision_encoder.blocks.2.1.spatial_block.conv1.fn.dw.weight is Updating! Grad Norm: 0.387146
Epoch 26:  90%|█████████ | 9/10 [01:00<00:06,  0.15it/s, v_num=nqhy, train_loss_step=0.110, val_loss=0.457, train_loss_epoch=0.236]Epoch 26:  90%|█████████ | 9/10 [01:00<00:06,  0.15it/s, v_num=nqhy, train_loss_step=0.220, val_loss=0.457, train_loss_epoch=0.236]SUCCESS: vision_encoder.blocks.2.1.spatial_block.conv1.fn.dw.weight is Updating! Grad Norm: 0.258875
Epoch 26: 100%|██████████| 10/10 [01:06<00:00,  0.15it/s, v_num=nqhy, train_loss_step=0.220, val_loss=0.457, train_loss_epoch=0.236]Epoch 26: 100%|██████████| 10/10 [01:06<00:00,  0.15it/s, v_num=nqhy, train_loss_step=0.112, val_loss=0.457, train_loss_epoch=0.236]
Validation: |          | 0/? [00:00<?, ?it/s][A
Validation:   0%|          | 0/4 [00:00<?, ?it/s][A
Validation DataLoader 0:   0%|          | 0/4 [00:00<?, ?it/s][Atensor(2.5648, device='cuda:0')
tensor(-0.8149, device='cuda:0')

Validation DataLoader 0:  25%|██▌       | 1/4 [00:01<00:04,  0.65it/s][Atensor(2.5956, device='cuda:0')
tensor(-0.4855, device='cuda:0')

Validation DataLoader 0:  50%|█████     | 2/4 [00:03<00:03,  0.64it/s][Atensor(2.4583, device='cuda:0')
tensor(-0.6929, device='cuda:0')

Validation DataLoader 0:  75%|███████▌  | 3/4 [00:04<00:01,  0.64it/s][Atensor(2.2742, device='cuda:0')
tensor(0.3910, device='cuda:0')

Validation DataLoader 0: 100%|██████████| 4/4 [00:05<00:00,  0.77it/s][A
==================================================
Stage: VAL
Predicted class distribution: 0s = 86, 1s = 20
Actual label distribution:    0s = 80, 1s = 26
Actual Imbalance Ratio (0:1): 3.08:1
==================================================
✅ Model is predicting both classes.
Saved test predictions and probabilities to validation_results_fold_final.xlsx

                                                                      [AEpoch 26: 100%|██████████| 10/10 [01:12<00:00,  0.14it/s, v_num=nqhy, train_loss_step=0.112, val_loss=0.192, train_loss_epoch=0.236]Epoch 26: 100%|██████████| 10/10 [01:12<00:00,  0.14it/s, v_num=nqhy, train_loss_step=0.112, val_loss=0.192, train_loss_epoch=0.191]Epoch 26:   0%|          | 0/10 [00:00<?, ?it/s, v_num=nqhy, train_loss_step=0.112, val_loss=0.192, train_loss_epoch=0.191]         Epoch 27:   0%|          | 0/10 [00:00<?, ?it/s, v_num=nqhy, train_loss_step=0.112, val_loss=0.192, train_loss_epoch=0.191]SUCCESS: vision_encoder.blocks.2.1.spatial_block.conv1.fn.dw.weight is Updating! Grad Norm: 0.093257
Epoch 27:  10%|█         | 1/10 [00:07<01:06,  0.13it/s, v_num=nqhy, train_loss_step=0.112, val_loss=0.192, train_loss_epoch=0.191]Epoch 27:  10%|█         | 1/10 [00:07<01:07,  0.13it/s, v_num=nqhy, train_loss_step=0.0098, val_loss=0.192, train_loss_epoch=0.191]SUCCESS: vision_encoder.blocks.2.1.spatial_block.conv1.fn.dw.weight is Updating! Grad Norm: 0.100709
Epoch 27:  20%|██        | 2/10 [00:13<00:55,  0.14it/s, v_num=nqhy, train_loss_step=0.0098, val_loss=0.192, train_loss_epoch=0.191]Epoch 27:  20%|██        | 2/10 [00:13<00:55,  0.14it/s, v_num=nqhy, train_loss_step=0.0532, val_loss=0.192, train_loss_epoch=0.191]SUCCESS: vision_encoder.blocks.2.1.spatial_block.conv1.fn.dw.weight is Updating! Grad Norm: 0.607234
Epoch 27:  30%|███       | 3/10 [00:20<00:47,  0.15it/s, v_num=nqhy, train_loss_step=0.0532, val_loss=0.192, train_loss_epoch=0.191]Epoch 27:  30%|███       | 3/10 [00:20<00:47,  0.15it/s, v_num=nqhy, train_loss_step=0.211, val_loss=0.192, train_loss_epoch=0.191] SUCCESS: vision_encoder.blocks.2.1.spatial_block.conv1.fn.dw.weight is Updating! Grad Norm: 0.065237
Epoch 27:  40%|████      | 4/10 [00:27<00:40,  0.15it/s, v_num=nqhy, train_loss_step=0.211, val_loss=0.192, train_loss_epoch=0.191]Epoch 27:  40%|████      | 4/10 [00:27<00:40,  0.15it/s, v_num=nqhy, train_loss_step=-0.0245, val_loss=0.192, train_loss_epoch=0.191]SUCCESS: vision_encoder.blocks.2.1.spatial_block.conv1.fn.dw.weight is Updating! Grad Norm: 0.090056
Epoch 27:  50%|█████     | 5/10 [00:33<00:33,  0.15it/s, v_num=nqhy, train_loss_step=-0.0245, val_loss=0.192, train_loss_epoch=0.191]Epoch 27:  50%|█████     | 5/10 [00:33<00:33,  0.15it/s, v_num=nqhy, train_loss_step=0.0943, val_loss=0.192, train_loss_epoch=0.191] SUCCESS: vision_encoder.blocks.2.1.spatial_block.conv1.fn.dw.weight is Updating! Grad Norm: 0.122442
Epoch 27:  60%|██████    | 6/10 [00:40<00:26,  0.15it/s, v_num=nqhy, train_loss_step=0.0943, val_loss=0.192, train_loss_epoch=0.191]Epoch 27:  60%|██████    | 6/10 [00:40<00:26,  0.15it/s, v_num=nqhy, train_loss_step=0.139, val_loss=0.192, train_loss_epoch=0.191] SUCCESS: vision_encoder.blocks.2.1.spatial_block.conv1.fn.dw.weight is Updating! Grad Norm: 3.360457
Epoch 27:  70%|███████   | 7/10 [00:46<00:19,  0.15it/s, v_num=nqhy, train_loss_step=0.139, val_loss=0.192, train_loss_epoch=0.191]Epoch 27:  70%|███████   | 7/10 [00:46<00:19,  0.15it/s, v_num=nqhy, train_loss_step=0.401, val_loss=0.192, train_loss_epoch=0.191]SUCCESS: vision_encoder.blocks.2.1.spatial_block.conv1.fn.dw.weight is Updating! Grad Norm: 0.376320
Epoch 27:  80%|████████  | 8/10 [00:53<00:13,  0.15it/s, v_num=nqhy, train_loss_step=0.401, val_loss=0.192, train_loss_epoch=0.191]Epoch 27:  80%|████████  | 8/10 [00:53<00:13,  0.15it/s, v_num=nqhy, train_loss_step=0.0551, val_loss=0.192, train_loss_epoch=0.191]SUCCESS: vision_encoder.blocks.2.1.spatial_block.conv1.fn.dw.weight is Updating! Grad Norm: 0.313366
Epoch 27:  90%|█████████ | 9/10 [00:59<00:06,  0.15it/s, v_num=nqhy, train_loss_step=0.0551, val_loss=0.192, train_loss_epoch=0.191]Epoch 27:  90%|█████████ | 9/10 [00:59<00:06,  0.15it/s, v_num=nqhy, train_loss_step=0.139, val_loss=0.192, train_loss_epoch=0.191] SUCCESS: vision_encoder.blocks.2.1.spatial_block.conv1.fn.dw.weight is Updating! Grad Norm: 0.260605
Epoch 27: 100%|██████████| 10/10 [01:06<00:00,  0.15it/s, v_num=nqhy, train_loss_step=0.139, val_loss=0.192, train_loss_epoch=0.191]Epoch 27: 100%|██████████| 10/10 [01:06<00:00,  0.15it/s, v_num=nqhy, train_loss_step=0.0884, val_loss=0.192, train_loss_epoch=0.191]
Validation: |          | 0/? [00:00<?, ?it/s][A
Validation:   0%|          | 0/4 [00:00<?, ?it/s][A
Validation DataLoader 0:   0%|          | 0/4 [00:00<?, ?it/s][Atensor(2.3369, device='cuda:0')
tensor(-0.8533, device='cuda:0')

Validation DataLoader 0:  25%|██▌       | 1/4 [00:01<00:04,  0.65it/s][Atensor(2.3672, device='cuda:0')
tensor(-0.5403, device='cuda:0')

Validation DataLoader 0:  50%|█████     | 2/4 [00:03<00:03,  0.65it/s][Atensor(2.2678, device='cuda:0')
tensor(-0.7414, device='cuda:0')

Validation DataLoader 0:  75%|███████▌  | 3/4 [00:04<00:01,  0.64it/s][Atensor(2.0297, device='cuda:0')
tensor(0.0396, device='cuda:0')

Validation DataLoader 0: 100%|██████████| 4/4 [00:05<00:00,  0.77it/s][A
==================================================
Stage: VAL
Predicted class distribution: 0s = 85, 1s = 21
Actual label distribution:    0s = 80, 1s = 26
Actual Imbalance Ratio (0:1): 3.08:1
==================================================
✅ Model is predicting both classes.
Saved test predictions and probabilities to validation_results_fold_final.xlsx

                                                                      [AEpoch 27: 100%|██████████| 10/10 [01:12<00:00,  0.14it/s, v_num=nqhy, train_loss_step=0.0884, val_loss=0.150, train_loss_epoch=0.191]Epoch 27: 100%|██████████| 10/10 [01:12<00:00,  0.14it/s, v_num=nqhy, train_loss_step=0.0884, val_loss=0.150, train_loss_epoch=0.117]Epoch 27:   0%|          | 0/10 [00:00<?, ?it/s, v_num=nqhy, train_loss_step=0.0884, val_loss=0.150, train_loss_epoch=0.117]         Epoch 28:   0%|          | 0/10 [00:00<?, ?it/s, v_num=nqhy, train_loss_step=0.0884, val_loss=0.150, train_loss_epoch=0.117]SUCCESS: vision_encoder.blocks.2.1.spatial_block.conv1.fn.dw.weight is Updating! Grad Norm: 0.122350
Epoch 28:  10%|█         | 1/10 [00:07<01:09,  0.13it/s, v_num=nqhy, train_loss_step=0.0884, val_loss=0.150, train_loss_epoch=0.117]Epoch 28:  10%|█         | 1/10 [00:07<01:09,  0.13it/s, v_num=nqhy, train_loss_step=0.224, val_loss=0.150, train_loss_epoch=0.117] SUCCESS: vision_encoder.blocks.2.1.spatial_block.conv1.fn.dw.weight is Updating! Grad Norm: 0.167378
Epoch 28:  20%|██        | 2/10 [00:14<00:57,  0.14it/s, v_num=nqhy, train_loss_step=0.224, val_loss=0.150, train_loss_epoch=0.117]Epoch 28:  20%|██        | 2/10 [00:14<00:57,  0.14it/s, v_num=nqhy, train_loss_step=0.131, val_loss=0.150, train_loss_epoch=0.117]SUCCESS: vision_encoder.blocks.2.1.spatial_block.conv1.fn.dw.weight is Updating! Grad Norm: 0.088479
Epoch 28:  30%|███       | 3/10 [00:20<00:48,  0.14it/s, v_num=nqhy, train_loss_step=0.131, val_loss=0.150, train_loss_epoch=0.117]Epoch 28:  30%|███       | 3/10 [00:20<00:48,  0.14it/s, v_num=nqhy, train_loss_step=-0.0296, val_loss=0.150, train_loss_epoch=0.117]SUCCESS: vision_encoder.blocks.2.1.spatial_block.conv1.fn.dw.weight is Updating! Grad Norm: 0.479893
Epoch 28:  40%|████      | 4/10 [00:27<00:40,  0.15it/s, v_num=nqhy, train_loss_step=-0.0296, val_loss=0.150, train_loss_epoch=0.117]Epoch 28:  40%|████      | 4/10 [00:27<00:41,  0.15it/s, v_num=nqhy, train_loss_step=0.131, val_loss=0.150, train_loss_epoch=0.117]  SUCCESS: vision_encoder.blocks.2.1.spatial_block.conv1.fn.dw.weight is Updating! Grad Norm: 0.201604
Epoch 28:  50%|█████     | 5/10 [00:33<00:33,  0.15it/s, v_num=nqhy, train_loss_step=0.131, val_loss=0.150, train_loss_epoch=0.117]Epoch 28:  50%|█████     | 5/10 [00:33<00:33,  0.15it/s, v_num=nqhy, train_loss_step=0.0971, val_loss=0.150, train_loss_epoch=0.117]SUCCESS: vision_encoder.blocks.2.1.spatial_block.conv1.fn.dw.weight is Updating! Grad Norm: 0.196471
Epoch 28:  60%|██████    | 6/10 [00:40<00:26,  0.15it/s, v_num=nqhy, train_loss_step=0.0971, val_loss=0.150, train_loss_epoch=0.117]Epoch 28:  60%|██████    | 6/10 [00:40<00:26,  0.15it/s, v_num=nqhy, train_loss_step=-0.0357, val_loss=0.150, train_loss_epoch=0.117]SUCCESS: vision_encoder.blocks.2.1.spatial_block.conv1.fn.dw.weight is Updating! Grad Norm: 0.145289
Epoch 28:  70%|███████   | 7/10 [00:46<00:20,  0.15it/s, v_num=nqhy, train_loss_step=-0.0357, val_loss=0.150, train_loss_epoch=0.117]Epoch 28:  70%|███████   | 7/10 [00:46<00:20,  0.15it/s, v_num=nqhy, train_loss_step=0.057, val_loss=0.150, train_loss_epoch=0.117]  SUCCESS: vision_encoder.blocks.2.1.spatial_block.conv1.fn.dw.weight is Updating! Grad Norm: 0.312922
Epoch 28:  80%|████████  | 8/10 [00:53<00:13,  0.15it/s, v_num=nqhy, train_loss_step=0.057, val_loss=0.150, train_loss_epoch=0.117]Epoch 28:  80%|████████  | 8/10 [00:53<00:13,  0.15it/s, v_num=nqhy, train_loss_step=0.0266, val_loss=0.150, train_loss_epoch=0.117]SUCCESS: vision_encoder.blocks.2.1.spatial_block.conv1.fn.dw.weight is Updating! Grad Norm: 0.127221
Epoch 28:  90%|█████████ | 9/10 [00:59<00:06,  0.15it/s, v_num=nqhy, train_loss_step=0.0266, val_loss=0.150, train_loss_epoch=0.117]Epoch 28:  90%|█████████ | 9/10 [01:00<00:06,  0.15it/s, v_num=nqhy, train_loss_step=0.0749, val_loss=0.150, train_loss_epoch=0.117]SUCCESS: vision_encoder.blocks.2.1.spatial_block.conv1.fn.dw.weight is Updating! Grad Norm: 0.134274
Epoch 28: 100%|██████████| 10/10 [01:06<00:00,  0.15it/s, v_num=nqhy, train_loss_step=0.0749, val_loss=0.150, train_loss_epoch=0.117]Epoch 28: 100%|██████████| 10/10 [01:06<00:00,  0.15it/s, v_num=nqhy, train_loss_step=0.0113, val_loss=0.150, train_loss_epoch=0.117]
Validation: |          | 0/? [00:00<?, ?it/s][A
Validation:   0%|          | 0/4 [00:00<?, ?it/s][A
Validation DataLoader 0:   0%|          | 0/4 [00:00<?, ?it/s][Atensor(2.4148, device='cuda:0')
tensor(-0.8497, device='cuda:0')

Validation DataLoader 0:  25%|██▌       | 1/4 [00:01<00:04,  0.65it/s][Atensor(2.4423, device='cuda:0')
tensor(-0.5474, device='cuda:0')

Validation DataLoader 0:  50%|█████     | 2/4 [00:03<00:03,  0.64it/s][Atensor(2.3783, device='cuda:0')
tensor(-0.7536, device='cuda:0')

Validation DataLoader 0:  75%|███████▌  | 3/4 [00:04<00:01,  0.64it/s][Atensor(2.1038, device='cuda:0')
tensor(-0.0842, device='cuda:0')

Validation DataLoader 0: 100%|██████████| 4/4 [00:05<00:00,  0.77it/s][A
==================================================
Stage: VAL
Predicted class distribution: 0s = 85, 1s = 21
Actual label distribution:    0s = 80, 1s = 26
Actual Imbalance Ratio (0:1): 3.08:1
==================================================
✅ Model is predicting both classes.
Saved test predictions and probabilities to validation_results_fold_final.xlsx

                                                                      [AEpoch 28: 100%|██████████| 10/10 [01:12<00:00,  0.14it/s, v_num=nqhy, train_loss_step=0.0113, val_loss=0.170, train_loss_epoch=0.117]Epoch 28: 100%|██████████| 10/10 [01:12<00:00,  0.14it/s, v_num=nqhy, train_loss_step=0.0113, val_loss=0.170, train_loss_epoch=0.0687]Epoch 28:   0%|          | 0/10 [00:00<?, ?it/s, v_num=nqhy, train_loss_step=0.0113, val_loss=0.170, train_loss_epoch=0.0687]         Epoch 29:   0%|          | 0/10 [00:00<?, ?it/s, v_num=nqhy, train_loss_step=0.0113, val_loss=0.170, train_loss_epoch=0.0687]SUCCESS: vision_encoder.blocks.2.1.spatial_block.conv1.fn.dw.weight is Updating! Grad Norm: 0.214069
Epoch 29:  10%|█         | 1/10 [00:07<01:09,  0.13it/s, v_num=nqhy, train_loss_step=0.0113, val_loss=0.170, train_loss_epoch=0.0687]Epoch 29:  10%|█         | 1/10 [00:07<01:09,  0.13it/s, v_num=nqhy, train_loss_step=0.0948, val_loss=0.170, train_loss_epoch=0.0687]SUCCESS: vision_encoder.blocks.2.1.spatial_block.conv1.fn.dw.weight is Updating! Grad Norm: 0.045211
Epoch 29:  20%|██        | 2/10 [00:14<00:57,  0.14it/s, v_num=nqhy, train_loss_step=0.0948, val_loss=0.170, train_loss_epoch=0.0687]Epoch 29:  20%|██        | 2/10 [00:14<00:57,  0.14it/s, v_num=nqhy, train_loss_step=0.0512, val_loss=0.170, train_loss_epoch=0.0687]SUCCESS: vision_encoder.blocks.2.1.spatial_block.conv1.fn.dw.weight is Updating! Grad Norm: 0.082863
Epoch 29:  30%|███       | 3/10 [00:20<00:48,  0.14it/s, v_num=nqhy, train_loss_step=0.0512, val_loss=0.170, train_loss_epoch=0.0687]Epoch 29:  30%|███       | 3/10 [00:20<00:48,  0.14it/s, v_num=nqhy, train_loss_step=0.0271, val_loss=0.170, train_loss_epoch=0.0687]SUCCESS: vision_encoder.blocks.2.1.spatial_block.conv1.fn.dw.weight is Updating! Grad Norm: 0.059241
Epoch 29:  40%|████      | 4/10 [00:27<00:41,  0.15it/s, v_num=nqhy, train_loss_step=0.0271, val_loss=0.170, train_loss_epoch=0.0687]Epoch 29:  40%|████      | 4/10 [00:27<00:41,  0.15it/s, v_num=nqhy, train_loss_step=0.0367, val_loss=0.170, train_loss_epoch=0.0687]SUCCESS: vision_encoder.blocks.2.1.spatial_block.conv1.fn.dw.weight is Updating! Grad Norm: 0.272413
Epoch 29:  50%|█████     | 5/10 [00:33<00:33,  0.15it/s, v_num=nqhy, train_loss_step=0.0367, val_loss=0.170, train_loss_epoch=0.0687]Epoch 29:  50%|█████     | 5/10 [00:33<00:33,  0.15it/s, v_num=nqhy, train_loss_step=0.0559, val_loss=0.170, train_loss_epoch=0.0687]SUCCESS: vision_encoder.blocks.2.1.spatial_block.conv1.fn.dw.weight is Updating! Grad Norm: 0.126646
Epoch 29:  60%|██████    | 6/10 [00:40<00:26,  0.15it/s, v_num=nqhy, train_loss_step=0.0559, val_loss=0.170, train_loss_epoch=0.0687]Epoch 29:  60%|██████    | 6/10 [00:40<00:26,  0.15it/s, v_num=nqhy, train_loss_step=0.0504, val_loss=0.170, train_loss_epoch=0.0687]SUCCESS: vision_encoder.blocks.2.1.spatial_block.conv1.fn.dw.weight is Updating! Grad Norm: 0.112970
Epoch 29:  70%|███████   | 7/10 [00:46<00:20,  0.15it/s, v_num=nqhy, train_loss_step=0.0504, val_loss=0.170, train_loss_epoch=0.0687]Epoch 29:  70%|███████   | 7/10 [00:46<00:20,  0.15it/s, v_num=nqhy, train_loss_step=0.0976, val_loss=0.170, train_loss_epoch=0.0687]SUCCESS: vision_encoder.blocks.2.1.spatial_block.conv1.fn.dw.weight is Updating! Grad Norm: 0.056820
Epoch 29:  80%|████████  | 8/10 [00:53<00:13,  0.15it/s, v_num=nqhy, train_loss_step=0.0976, val_loss=0.170, train_loss_epoch=0.0687]Epoch 29:  80%|████████  | 8/10 [00:53<00:13,  0.15it/s, v_num=nqhy, train_loss_step=-0.0152, val_loss=0.170, train_loss_epoch=0.0687]SUCCESS: vision_encoder.blocks.2.1.spatial_block.conv1.fn.dw.weight is Updating! Grad Norm: 0.218944
Epoch 29:  90%|█████████ | 9/10 [00:59<00:06,  0.15it/s, v_num=nqhy, train_loss_step=-0.0152, val_loss=0.170, train_loss_epoch=0.0687]Epoch 29:  90%|█████████ | 9/10 [01:00<00:06,  0.15it/s, v_num=nqhy, train_loss_step=0.151, val_loss=0.170, train_loss_epoch=0.0687]  SUCCESS: vision_encoder.blocks.2.1.spatial_block.conv1.fn.dw.weight is Updating! Grad Norm: 0.148270
Epoch 29: 100%|██████████| 10/10 [01:06<00:00,  0.15it/s, v_num=nqhy, train_loss_step=0.151, val_loss=0.170, train_loss_epoch=0.0687]Epoch 29: 100%|██████████| 10/10 [01:06<00:00,  0.15it/s, v_num=nqhy, train_loss_step=0.202, val_loss=0.170, train_loss_epoch=0.0687]
Validation: |          | 0/? [00:00<?, ?it/s][A
Validation:   0%|          | 0/4 [00:00<?, ?it/s][A
Validation DataLoader 0:   0%|          | 0/4 [00:00<?, ?it/s][Atensor(2.3603, device='cuda:0')
tensor(-0.8875, device='cuda:0')

Validation DataLoader 0:  25%|██▌       | 1/4 [00:01<00:04,  0.65it/s][Atensor(2.3966, device='cuda:0')
tensor(-0.5128, device='cuda:0')

Validation DataLoader 0:  50%|█████     | 2/4 [00:03<00:03,  0.65it/s][Atensor(2.3576, device='cuda:0')
tensor(-0.7697, device='cuda:0')

Validation DataLoader 0:  75%|███████▌  | 3/4 [00:04<00:01,  0.64it/s][Atensor(2.0910, device='cuda:0')
tensor(0.2879, device='cuda:0')

Validation DataLoader 0: 100%|██████████| 4/4 [00:05<00:00,  0.77it/s][A
==================================================
Stage: VAL
Predicted class distribution: 0s = 91, 1s = 15
Actual label distribution:    0s = 80, 1s = 26
Actual Imbalance Ratio (0:1): 3.08:1
==================================================
✅ Model is predicting both classes.
Saved test predictions and probabilities to validation_results_fold_final.xlsx

                                                                      [AEpoch 29: 100%|██████████| 10/10 [01:12<00:00,  0.14it/s, v_num=nqhy, train_loss_step=0.202, val_loss=0.193, train_loss_epoch=0.0687]Epoch 29: 100%|██████████| 10/10 [01:12<00:00,  0.14it/s, v_num=nqhy, train_loss_step=0.202, val_loss=0.193, train_loss_epoch=0.0751]Epoch 29:   0%|          | 0/10 [00:00<?, ?it/s, v_num=nqhy, train_loss_step=0.202, val_loss=0.193, train_loss_epoch=0.0751]         Epoch 30:   0%|          | 0/10 [00:00<?, ?it/s, v_num=nqhy, train_loss_step=0.202, val_loss=0.193, train_loss_epoch=0.0751]SUCCESS: vision_encoder.blocks.2.1.spatial_block.conv1.fn.dw.weight is Updating! Grad Norm: 0.110189
Epoch 30:  10%|█         | 1/10 [00:07<01:09,  0.13it/s, v_num=nqhy, train_loss_step=0.202, val_loss=0.193, train_loss_epoch=0.0751]Epoch 30:  10%|█         | 1/10 [00:07<01:09,  0.13it/s, v_num=nqhy, train_loss_step=0.0622, val_loss=0.193, train_loss_epoch=0.0751]SUCCESS: vision_encoder.blocks.2.1.spatial_block.conv1.fn.dw.weight is Updating! Grad Norm: 0.112550
Epoch 30:  20%|██        | 2/10 [00:14<00:57,  0.14it/s, v_num=nqhy, train_loss_step=0.0622, val_loss=0.193, train_loss_epoch=0.0751]Epoch 30:  20%|██        | 2/10 [00:14<00:57,  0.14it/s, v_num=nqhy, train_loss_step=-0.102, val_loss=0.193, train_loss_epoch=0.0751]SUCCESS: vision_encoder.blocks.2.1.spatial_block.conv1.fn.dw.weight is Updating! Grad Norm: 6.302229
Epoch 30:  30%|███       | 3/10 [00:20<00:48,  0.14it/s, v_num=nqhy, train_loss_step=-0.102, val_loss=0.193, train_loss_epoch=0.0751]Epoch 30:  30%|███       | 3/10 [00:20<00:48,  0.14it/s, v_num=nqhy, train_loss_step=1.430, val_loss=0.193, train_loss_epoch=0.0751] SUCCESS: vision_encoder.blocks.2.1.spatial_block.conv1.fn.dw.weight is Updating! Grad Norm: 0.163185
Epoch 30:  40%|████      | 4/10 [00:27<00:41,  0.15it/s, v_num=nqhy, train_loss_step=1.430, val_loss=0.193, train_loss_epoch=0.0751]Epoch 30:  40%|████      | 4/10 [00:27<00:41,  0.15it/s, v_num=nqhy, train_loss_step=0.088, val_loss=0.193, train_loss_epoch=0.0751]SUCCESS: vision_encoder.blocks.2.1.spatial_block.conv1.fn.dw.weight is Updating! Grad Norm: 0.236200
Epoch 30:  50%|█████     | 5/10 [00:33<00:33,  0.15it/s, v_num=nqhy, train_loss_step=0.088, val_loss=0.193, train_loss_epoch=0.0751]Epoch 30:  50%|█████     | 5/10 [00:33<00:33,  0.15it/s, v_num=nqhy, train_loss_step=0.132, val_loss=0.193, train_loss_epoch=0.0751]SUCCESS: vision_encoder.blocks.2.1.spatial_block.conv1.fn.dw.weight is Updating! Grad Norm: 0.216735
Epoch 30:  60%|██████    | 6/10 [00:40<00:26,  0.15it/s, v_num=nqhy, train_loss_step=0.132, val_loss=0.193, train_loss_epoch=0.0751]Epoch 30:  60%|██████    | 6/10 [00:40<00:26,  0.15it/s, v_num=nqhy, train_loss_step=0.0546, val_loss=0.193, train_loss_epoch=0.0751]SUCCESS: vision_encoder.blocks.2.1.spatial_block.conv1.fn.dw.weight is Updating! Grad Norm: 0.680196
Epoch 30:  70%|███████   | 7/10 [00:46<00:20,  0.15it/s, v_num=nqhy, train_loss_step=0.0546, val_loss=0.193, train_loss_epoch=0.0751]Epoch 30:  70%|███████   | 7/10 [00:46<00:20,  0.15it/s, v_num=nqhy, train_loss_step=0.191, val_loss=0.193, train_loss_epoch=0.0751] SUCCESS: vision_encoder.blocks.2.1.spatial_block.conv1.fn.dw.weight is Updating! Grad Norm: 0.404438
Epoch 30:  80%|████████  | 8/10 [00:53<00:13,  0.15it/s, v_num=nqhy, train_loss_step=0.191, val_loss=0.193, train_loss_epoch=0.0751]Epoch 30:  80%|████████  | 8/10 [00:53<00:13,  0.15it/s, v_num=nqhy, train_loss_step=0.199, val_loss=0.193, train_loss_epoch=0.0751]SUCCESS: vision_encoder.blocks.2.1.spatial_block.conv1.fn.dw.weight is Updating! Grad Norm: 0.367163
Epoch 30:  90%|█████████ | 9/10 [01:00<00:06,  0.15it/s, v_num=nqhy, train_loss_step=0.199, val_loss=0.193, train_loss_epoch=0.0751]Epoch 30:  90%|█████████ | 9/10 [01:00<00:06,  0.15it/s, v_num=nqhy, train_loss_step=0.278, val_loss=0.193, train_loss_epoch=0.0751]SUCCESS: vision_encoder.blocks.2.1.spatial_block.conv1.fn.dw.weight is Updating! Grad Norm: 0.392363
Epoch 30: 100%|██████████| 10/10 [01:06<00:00,  0.15it/s, v_num=nqhy, train_loss_step=0.278, val_loss=0.193, train_loss_epoch=0.0751]Epoch 30: 100%|██████████| 10/10 [01:06<00:00,  0.15it/s, v_num=nqhy, train_loss_step=0.196, val_loss=0.193, train_loss_epoch=0.0751]
Validation: |          | 0/? [00:00<?, ?it/s][A
Validation:   0%|          | 0/4 [00:00<?, ?it/s][A
Validation DataLoader 0:   0%|          | 0/4 [00:00<?, ?it/s][Atensor(2.3775, device='cuda:0')
tensor(-0.7525, device='cuda:0')

Validation DataLoader 0:  25%|██▌       | 1/4 [00:01<00:04,  0.65it/s][Atensor(2.6527, device='cuda:0')
tensor(-0.6154, device='cuda:0')

Validation DataLoader 0:  50%|█████     | 2/4 [00:03<00:03,  0.64it/s][Atensor(2.3529, device='cuda:0')
tensor(-0.7206, device='cuda:0')

Validation DataLoader 0:  75%|███████▌  | 3/4 [00:04<00:01,  0.64it/s][Atensor(0.8641, device='cuda:0')
tensor(-0.5787, device='cuda:0')

Validation DataLoader 0: 100%|██████████| 4/4 [00:05<00:00,  0.77it/s][A
==================================================
Stage: VAL
Predicted class distribution: 0s = 49, 1s = 57
Actual label distribution:    0s = 80, 1s = 26
Actual Imbalance Ratio (0:1): 3.08:1
==================================================
✅ Model is predicting both classes.
Saved test predictions and probabilities to validation_results_fold_final.xlsx

                                                                      [AEpoch 30: 100%|██████████| 10/10 [01:12<00:00,  0.14it/s, v_num=nqhy, train_loss_step=0.196, val_loss=0.452, train_loss_epoch=0.0751]Epoch 30: 100%|██████████| 10/10 [01:12<00:00,  0.14it/s, v_num=nqhy, train_loss_step=0.196, val_loss=0.452, train_loss_epoch=0.253] Epoch 30:   0%|          | 0/10 [00:00<?, ?it/s, v_num=nqhy, train_loss_step=0.196, val_loss=0.452, train_loss_epoch=0.253]         Epoch 31:   0%|          | 0/10 [00:00<?, ?it/s, v_num=nqhy, train_loss_step=0.196, val_loss=0.452, train_loss_epoch=0.253]SUCCESS: vision_encoder.blocks.2.1.spatial_block.conv1.fn.dw.weight is Updating! Grad Norm: 0.463968
Epoch 31:  10%|█         | 1/10 [00:07<01:09,  0.13it/s, v_num=nqhy, train_loss_step=0.196, val_loss=0.452, train_loss_epoch=0.253]Epoch 31:  10%|█         | 1/10 [00:07<01:09,  0.13it/s, v_num=nqhy, train_loss_step=0.115, val_loss=0.452, train_loss_epoch=0.253]SUCCESS: vision_encoder.blocks.2.1.spatial_block.conv1.fn.dw.weight is Updating! Grad Norm: 0.464372
Epoch 31:  20%|██        | 2/10 [00:14<00:57,  0.14it/s, v_num=nqhy, train_loss_step=0.115, val_loss=0.452, train_loss_epoch=0.253]Epoch 31:  20%|██        | 2/10 [00:14<00:57,  0.14it/s, v_num=nqhy, train_loss_step=0.212, val_loss=0.452, train_loss_epoch=0.253]SUCCESS: vision_encoder.blocks.2.1.spatial_block.conv1.fn.dw.weight is Updating! Grad Norm: 0.353734
Epoch 31:  30%|███       | 3/10 [00:20<00:48,  0.14it/s, v_num=nqhy, train_loss_step=0.212, val_loss=0.452, train_loss_epoch=0.253]Epoch 31:  30%|███       | 3/10 [00:20<00:48,  0.14it/s, v_num=nqhy, train_loss_step=0.110, val_loss=0.452, train_loss_epoch=0.253]SUCCESS: vision_encoder.blocks.2.1.spatial_block.conv1.fn.dw.weight is Updating! Grad Norm: 0.333792
Epoch 31:  40%|████      | 4/10 [00:27<00:40,  0.15it/s, v_num=nqhy, train_loss_step=0.110, val_loss=0.452, train_loss_epoch=0.253]Epoch 31:  40%|████      | 4/10 [00:27<00:41,  0.15it/s, v_num=nqhy, train_loss_step=0.123, val_loss=0.452, train_loss_epoch=0.253]SUCCESS: vision_encoder.blocks.2.1.spatial_block.conv1.fn.dw.weight is Updating! Grad Norm: 0.406384
Epoch 31:  50%|█████     | 5/10 [00:33<00:33,  0.15it/s, v_num=nqhy, train_loss_step=0.123, val_loss=0.452, train_loss_epoch=0.253]Epoch 31:  50%|█████     | 5/10 [00:33<00:33,  0.15it/s, v_num=nqhy, train_loss_step=0.352, val_loss=0.452, train_loss_epoch=0.253]SUCCESS: vision_encoder.blocks.2.1.spatial_block.conv1.fn.dw.weight is Updating! Grad Norm: 0.679110
Epoch 31:  60%|██████    | 6/10 [00:40<00:26,  0.15it/s, v_num=nqhy, train_loss_step=0.352, val_loss=0.452, train_loss_epoch=0.253]Epoch 31:  60%|██████    | 6/10 [00:40<00:26,  0.15it/s, v_num=nqhy, train_loss_step=0.206, val_loss=0.452, train_loss_epoch=0.253]SUCCESS: vision_encoder.blocks.2.1.spatial_block.conv1.fn.dw.weight is Updating! Grad Norm: 0.249392
Epoch 31:  70%|███████   | 7/10 [00:46<00:20,  0.15it/s, v_num=nqhy, train_loss_step=0.206, val_loss=0.452, train_loss_epoch=0.253]Epoch 31:  70%|███████   | 7/10 [00:46<00:20,  0.15it/s, v_num=nqhy, train_loss_step=0.115, val_loss=0.452, train_loss_epoch=0.253]SUCCESS: vision_encoder.blocks.2.1.spatial_block.conv1.fn.dw.weight is Updating! Grad Norm: 0.422197
Epoch 31:  80%|████████  | 8/10 [00:53<00:13,  0.15it/s, v_num=nqhy, train_loss_step=0.115, val_loss=0.452, train_loss_epoch=0.253]Epoch 31:  80%|████████  | 8/10 [00:53<00:13,  0.15it/s, v_num=nqhy, train_loss_step=0.0843, val_loss=0.452, train_loss_epoch=0.253]SUCCESS: vision_encoder.blocks.2.1.spatial_block.conv1.fn.dw.weight is Updating! Grad Norm: 0.258720
Epoch 31:  90%|█████████ | 9/10 [01:00<00:06,  0.15it/s, v_num=nqhy, train_loss_step=0.0843, val_loss=0.452, train_loss_epoch=0.253]Epoch 31:  90%|█████████ | 9/10 [01:00<00:06,  0.15it/s, v_num=nqhy, train_loss_step=0.110, val_loss=0.452, train_loss_epoch=0.253] SUCCESS: vision_encoder.blocks.2.1.spatial_block.conv1.fn.dw.weight is Updating! Grad Norm: 0.198173
Epoch 31: 100%|██████████| 10/10 [01:06<00:00,  0.15it/s, v_num=nqhy, train_loss_step=0.110, val_loss=0.452, train_loss_epoch=0.253]Epoch 31: 100%|██████████| 10/10 [01:06<00:00,  0.15it/s, v_num=nqhy, train_loss_step=0.196, val_loss=0.452, train_loss_epoch=0.253]
Validation: |          | 0/? [00:00<?, ?it/s][A
Validation:   0%|          | 0/4 [00:00<?, ?it/s][A
Validation DataLoader 0:   0%|          | 0/4 [00:00<?, ?it/s][Atensor(2.9214, device='cuda:0')
tensor(-0.7390, device='cuda:0')

Validation DataLoader 0:  25%|██▌       | 1/4 [00:01<00:04,  0.65it/s][Atensor(2.9666, device='cuda:0')
tensor(-0.4627, device='cuda:0')

Validation DataLoader 0:  50%|█████     | 2/4 [00:03<00:03,  0.64it/s][Atensor(2.8736, device='cuda:0')
tensor(-0.6562, device='cuda:0')

Validation DataLoader 0:  75%|███████▌  | 3/4 [00:04<00:01,  0.64it/s][Atensor(2.5566, device='cuda:0')
tensor(-0.1469, device='cuda:0')

Validation DataLoader 0: 100%|██████████| 4/4 [00:05<00:00,  0.77it/s][A
==================================================
Stage: VAL
Predicted class distribution: 0s = 86, 1s = 20
Actual label distribution:    0s = 80, 1s = 26
Actual Imbalance Ratio (0:1): 3.08:1
==================================================
✅ Model is predicting both classes.
Saved test predictions and probabilities to validation_results_fold_final.xlsx

                                                                      [AEpoch 31: 100%|██████████| 10/10 [01:12<00:00,  0.14it/s, v_num=nqhy, train_loss_step=0.196, val_loss=0.270, train_loss_epoch=0.253]Epoch 31: 100%|██████████| 10/10 [01:12<00:00,  0.14it/s, v_num=nqhy, train_loss_step=0.196, val_loss=0.270, train_loss_epoch=0.162]Epoch 31:   0%|          | 0/10 [00:00<?, ?it/s, v_num=nqhy, train_loss_step=0.196, val_loss=0.270, train_loss_epoch=0.162]         Epoch 32:   0%|          | 0/10 [00:00<?, ?it/s, v_num=nqhy, train_loss_step=0.196, val_loss=0.270, train_loss_epoch=0.162]SUCCESS: vision_encoder.blocks.2.1.spatial_block.conv1.fn.dw.weight is Updating! Grad Norm: 0.368001
Epoch 32:  10%|█         | 1/10 [00:07<01:09,  0.13it/s, v_num=nqhy, train_loss_step=0.196, val_loss=0.270, train_loss_epoch=0.162]Epoch 32:  10%|█         | 1/10 [00:07<01:09,  0.13it/s, v_num=nqhy, train_loss_step=0.0891, val_loss=0.270, train_loss_epoch=0.162]SUCCESS: vision_encoder.blocks.2.1.spatial_block.conv1.fn.dw.weight is Updating! Grad Norm: 0.102501
Epoch 32:  20%|██        | 2/10 [00:14<00:57,  0.14it/s, v_num=nqhy, train_loss_step=0.0891, val_loss=0.270, train_loss_epoch=0.162]Epoch 32:  20%|██        | 2/10 [00:14<00:57,  0.14it/s, v_num=nqhy, train_loss_step=0.0998, val_loss=0.270, train_loss_epoch=0.162]SUCCESS: vision_encoder.blocks.2.1.spatial_block.conv1.fn.dw.weight is Updating! Grad Norm: 0.242724
Epoch 32:  30%|███       | 3/10 [00:20<00:48,  0.14it/s, v_num=nqhy, train_loss_step=0.0998, val_loss=0.270, train_loss_epoch=0.162]Epoch 32:  30%|███       | 3/10 [00:20<00:48,  0.14it/s, v_num=nqhy, train_loss_step=0.0531, val_loss=0.270, train_loss_epoch=0.162]SUCCESS: vision_encoder.blocks.2.1.spatial_block.conv1.fn.dw.weight is Updating! Grad Norm: 0.074095
Epoch 32:  40%|████      | 4/10 [00:27<00:40,  0.15it/s, v_num=nqhy, train_loss_step=0.0531, val_loss=0.270, train_loss_epoch=0.162]Epoch 32:  40%|████      | 4/10 [00:27<00:41,  0.15it/s, v_num=nqhy, train_loss_step=-0.0344, val_loss=0.270, train_loss_epoch=0.162]SUCCESS: vision_encoder.blocks.2.1.spatial_block.conv1.fn.dw.weight is Updating! Grad Norm: 0.110080
Epoch 32:  50%|█████     | 5/10 [00:33<00:33,  0.15it/s, v_num=nqhy, train_loss_step=-0.0344, val_loss=0.270, train_loss_epoch=0.162]Epoch 32:  50%|█████     | 5/10 [00:33<00:33,  0.15it/s, v_num=nqhy, train_loss_step=0.0674, val_loss=0.270, train_loss_epoch=0.162] SUCCESS: vision_encoder.blocks.2.1.spatial_block.conv1.fn.dw.weight is Updating! Grad Norm: 0.167170
Epoch 32:  60%|██████    | 6/10 [00:40<00:26,  0.15it/s, v_num=nqhy, train_loss_step=0.0674, val_loss=0.270, train_loss_epoch=0.162]Epoch 32:  60%|██████    | 6/10 [00:40<00:26,  0.15it/s, v_num=nqhy, train_loss_step=0.0351, val_loss=0.270, train_loss_epoch=0.162]SUCCESS: vision_encoder.blocks.2.1.spatial_block.conv1.fn.dw.weight is Updating! Grad Norm: 0.123074
Epoch 32:  70%|███████   | 7/10 [00:46<00:20,  0.15it/s, v_num=nqhy, train_loss_step=0.0351, val_loss=0.270, train_loss_epoch=0.162]Epoch 32:  70%|███████   | 7/10 [00:46<00:20,  0.15it/s, v_num=nqhy, train_loss_step=0.134, val_loss=0.270, train_loss_epoch=0.162] SUCCESS: vision_encoder.blocks.2.1.spatial_block.conv1.fn.dw.weight is Updating! Grad Norm: 0.221697
Epoch 32:  80%|████████  | 8/10 [00:53<00:13,  0.15it/s, v_num=nqhy, train_loss_step=0.134, val_loss=0.270, train_loss_epoch=0.162]Epoch 32:  80%|████████  | 8/10 [00:53<00:13,  0.15it/s, v_num=nqhy, train_loss_step=0.0665, val_loss=0.270, train_loss_epoch=0.162]SUCCESS: vision_encoder.blocks.2.1.spatial_block.conv1.fn.dw.weight is Updating! Grad Norm: 0.160248
Epoch 32:  90%|█████████ | 9/10 [01:00<00:06,  0.15it/s, v_num=nqhy, train_loss_step=0.0665, val_loss=0.270, train_loss_epoch=0.162]Epoch 32:  90%|█████████ | 9/10 [01:00<00:06,  0.15it/s, v_num=nqhy, train_loss_step=0.238, val_loss=0.270, train_loss_epoch=0.162] SUCCESS: vision_encoder.blocks.2.1.spatial_block.conv1.fn.dw.weight is Updating! Grad Norm: 0.173248
Epoch 32: 100%|██████████| 10/10 [01:06<00:00,  0.15it/s, v_num=nqhy, train_loss_step=0.238, val_loss=0.270, train_loss_epoch=0.162]Epoch 32: 100%|██████████| 10/10 [01:06<00:00,  0.15it/s, v_num=nqhy, train_loss_step=0.151, val_loss=0.270, train_loss_epoch=0.162]
Validation: |          | 0/? [00:00<?, ?it/s][A
Validation:   0%|          | 0/4 [00:00<?, ?it/s][A
Validation DataLoader 0:   0%|          | 0/4 [00:00<?, ?it/s][Atensor(2.4834, device='cuda:0')
tensor(-0.8483, device='cuda:0')

Validation DataLoader 0:  25%|██▌       | 1/4 [00:01<00:04,  0.65it/s][Atensor(2.5482, device='cuda:0')
tensor(0.3729, device='cuda:0')

Validation DataLoader 0:  50%|█████     | 2/4 [00:03<00:03,  0.64it/s][Atensor(2.4873, device='cuda:0')
tensor(-0.3979, device='cuda:0')

Validation DataLoader 0:  75%|███████▌  | 3/4 [00:04<00:01,  0.64it/s][Atensor(2.2540, device='cuda:0')
tensor(0.4564, device='cuda:0')

Validation DataLoader 0: 100%|██████████| 4/4 [00:05<00:00,  0.77it/s][A
==================================================
Stage: VAL
Predicted class distribution: 0s = 100, 1s = 6
Actual label distribution:    0s = 80, 1s = 26
Actual Imbalance Ratio (0:1): 3.08:1
==================================================
✅ Model is predicting both classes.
Saved test predictions and probabilities to validation_results_fold_final.xlsx

                                                                      [AEpoch 32: 100%|██████████| 10/10 [01:12<00:00,  0.14it/s, v_num=nqhy, train_loss_step=0.151, val_loss=0.562, train_loss_epoch=0.162]Epoch 32: 100%|██████████| 10/10 [01:12<00:00,  0.14it/s, v_num=nqhy, train_loss_step=0.151, val_loss=0.562, train_loss_epoch=0.090]Epoch 32:   0%|          | 0/10 [00:00<?, ?it/s, v_num=nqhy, train_loss_step=0.151, val_loss=0.562, train_loss_epoch=0.090]         Epoch 33:   0%|          | 0/10 [00:00<?, ?it/s, v_num=nqhy, train_loss_step=0.151, val_loss=0.562, train_loss_epoch=0.090]SUCCESS: vision_encoder.blocks.2.1.spatial_block.conv1.fn.dw.weight is Updating! Grad Norm: 0.086840
Epoch 33:  10%|█         | 1/10 [00:07<01:09,  0.13it/s, v_num=nqhy, train_loss_step=0.151, val_loss=0.562, train_loss_epoch=0.090]Epoch 33:  10%|█         | 1/10 [00:07<01:09,  0.13it/s, v_num=nqhy, train_loss_step=0.00913, val_loss=0.562, train_loss_epoch=0.090]SUCCESS: vision_encoder.blocks.2.1.spatial_block.conv1.fn.dw.weight is Updating! Grad Norm: 0.190997
Epoch 33:  20%|██        | 2/10 [00:14<00:57,  0.14it/s, v_num=nqhy, train_loss_step=0.00913, val_loss=0.562, train_loss_epoch=0.090]Epoch 33:  20%|██        | 2/10 [00:14<00:57,  0.14it/s, v_num=nqhy, train_loss_step=0.0983, val_loss=0.562, train_loss_epoch=0.090] SUCCESS: vision_encoder.blocks.2.1.spatial_block.conv1.fn.dw.weight is Updating! Grad Norm: 0.189343
Epoch 33:  30%|███       | 3/10 [00:20<00:48,  0.14it/s, v_num=nqhy, train_loss_step=0.0983, val_loss=0.562, train_loss_epoch=0.090]Epoch 33:  30%|███       | 3/10 [00:20<00:48,  0.14it/s, v_num=nqhy, train_loss_step=0.0439, val_loss=0.562, train_loss_epoch=0.090]SUCCESS: vision_encoder.blocks.2.1.spatial_block.conv1.fn.dw.weight is Updating! Grad Norm: 0.576576
Epoch 33:  40%|████      | 4/10 [00:27<00:41,  0.15it/s, v_num=nqhy, train_loss_step=0.0439, val_loss=0.562, train_loss_epoch=0.090]Epoch 33:  40%|████      | 4/10 [00:27<00:41,  0.15it/s, v_num=nqhy, train_loss_step=0.0636, val_loss=0.562, train_loss_epoch=0.090]SUCCESS: vision_encoder.blocks.2.1.spatial_block.conv1.fn.dw.weight is Updating! Grad Norm: 0.173069
Epoch 33:  50%|█████     | 5/10 [00:33<00:33,  0.15it/s, v_num=nqhy, train_loss_step=0.0636, val_loss=0.562, train_loss_epoch=0.090]Epoch 33:  50%|█████     | 5/10 [00:33<00:33,  0.15it/s, v_num=nqhy, train_loss_step=0.111, val_loss=0.562, train_loss_epoch=0.090] SUCCESS: vision_encoder.blocks.2.1.spatial_block.conv1.fn.dw.weight is Updating! Grad Norm: 0.119184
Epoch 33:  60%|██████    | 6/10 [00:40<00:26,  0.15it/s, v_num=nqhy, train_loss_step=0.111, val_loss=0.562, train_loss_epoch=0.090]Epoch 33:  60%|██████    | 6/10 [00:40<00:26,  0.15it/s, v_num=nqhy, train_loss_step=0.0659, val_loss=0.562, train_loss_epoch=0.090]SUCCESS: vision_encoder.blocks.2.1.spatial_block.conv1.fn.dw.weight is Updating! Grad Norm: 0.428309
Epoch 33:  70%|███████   | 7/10 [00:46<00:20,  0.15it/s, v_num=nqhy, train_loss_step=0.0659, val_loss=0.562, train_loss_epoch=0.090]Epoch 33:  70%|███████   | 7/10 [00:46<00:20,  0.15it/s, v_num=nqhy, train_loss_step=0.0908, val_loss=0.562, train_loss_epoch=0.090]SUCCESS: vision_encoder.blocks.2.1.spatial_block.conv1.fn.dw.weight is Updating! Grad Norm: 0.072903
Epoch 33:  80%|████████  | 8/10 [00:53<00:13,  0.15it/s, v_num=nqhy, train_loss_step=0.0908, val_loss=0.562, train_loss_epoch=0.090]Epoch 33:  80%|████████  | 8/10 [00:53<00:13,  0.15it/s, v_num=nqhy, train_loss_step=0.0316, val_loss=0.562, train_loss_epoch=0.090]SUCCESS: vision_encoder.blocks.2.1.spatial_block.conv1.fn.dw.weight is Updating! Grad Norm: 0.196622
Epoch 33:  90%|█████████ | 9/10 [01:00<00:06,  0.15it/s, v_num=nqhy, train_loss_step=0.0316, val_loss=0.562, train_loss_epoch=0.090]Epoch 33:  90%|█████████ | 9/10 [01:00<00:06,  0.15it/s, v_num=nqhy, train_loss_step=0.147, val_loss=0.562, train_loss_epoch=0.090] SUCCESS: vision_encoder.blocks.2.1.spatial_block.conv1.fn.dw.weight is Updating! Grad Norm: 0.152457
Epoch 33: 100%|██████████| 10/10 [01:06<00:00,  0.15it/s, v_num=nqhy, train_loss_step=0.147, val_loss=0.562, train_loss_epoch=0.090]Epoch 33: 100%|██████████| 10/10 [01:06<00:00,  0.15it/s, v_num=nqhy, train_loss_step=0.0611, val_loss=0.562, train_loss_epoch=0.090]
Validation: |          | 0/? [00:00<?, ?it/s][A
Validation:   0%|          | 0/4 [00:00<?, ?it/s][A
Validation DataLoader 0:   0%|          | 0/4 [00:00<?, ?it/s][Atensor(2.3354, device='cuda:0')
tensor(-0.9229, device='cuda:0')

Validation DataLoader 0:  25%|██▌       | 1/4 [00:01<00:04,  0.65it/s][Atensor(2.3903, device='cuda:0')
tensor(-0.4848, device='cuda:0')

Validation DataLoader 0:  50%|█████     | 2/4 [00:03<00:03,  0.64it/s][Atensor(2.3222, device='cuda:0')
tensor(-0.6213, device='cuda:0')

Validation DataLoader 0:  75%|███████▌  | 3/4 [00:04<00:01,  0.64it/s][Atensor(2.0802, device='cuda:0')
tensor(0.3611, device='cuda:0')

Validation DataLoader 0: 100%|██████████| 4/4 [00:05<00:00,  0.77it/s][A
==================================================
Stage: VAL
Predicted class distribution: 0s = 93, 1s = 13
Actual label distribution:    0s = 80, 1s = 26
Actual Imbalance Ratio (0:1): 3.08:1
==================================================
✅ Model is predicting both classes.
Saved test predictions and probabilities to validation_results_fold_final.xlsx

                                                                      [AEpoch 33: 100%|██████████| 10/10 [01:12<00:00,  0.14it/s, v_num=nqhy, train_loss_step=0.0611, val_loss=0.260, train_loss_epoch=0.090]Epoch 33: 100%|██████████| 10/10 [01:12<00:00,  0.14it/s, v_num=nqhy, train_loss_step=0.0611, val_loss=0.260, train_loss_epoch=0.0723]Epoch 33:   0%|          | 0/10 [00:00<?, ?it/s, v_num=nqhy, train_loss_step=0.0611, val_loss=0.260, train_loss_epoch=0.0723]         Epoch 34:   0%|          | 0/10 [00:00<?, ?it/s, v_num=nqhy, train_loss_step=0.0611, val_loss=0.260, train_loss_epoch=0.0723]SUCCESS: vision_encoder.blocks.2.1.spatial_block.conv1.fn.dw.weight is Updating! Grad Norm: 0.229457
Epoch 34:  10%|█         | 1/10 [00:07<01:09,  0.13it/s, v_num=nqhy, train_loss_step=0.0611, val_loss=0.260, train_loss_epoch=0.0723]Epoch 34:  10%|█         | 1/10 [00:07<01:09,  0.13it/s, v_num=nqhy, train_loss_step=0.105, val_loss=0.260, train_loss_epoch=0.0723] SUCCESS: vision_encoder.blocks.2.1.spatial_block.conv1.fn.dw.weight is Updating! Grad Norm: 0.346633
Epoch 34:  20%|██        | 2/10 [00:14<00:57,  0.14it/s, v_num=nqhy, train_loss_step=0.105, val_loss=0.260, train_loss_epoch=0.0723]Epoch 34:  20%|██        | 2/10 [00:14<00:57,  0.14it/s, v_num=nqhy, train_loss_step=0.298, val_loss=0.260, train_loss_epoch=0.0723]SUCCESS: vision_encoder.blocks.2.1.spatial_block.conv1.fn.dw.weight is Updating! Grad Norm: 0.052361
Epoch 34:  30%|███       | 3/10 [00:20<00:48,  0.14it/s, v_num=nqhy, train_loss_step=0.298, val_loss=0.260, train_loss_epoch=0.0723]Epoch 34:  30%|███       | 3/10 [00:20<00:48,  0.14it/s, v_num=nqhy, train_loss_step=0.00964, val_loss=0.260, train_loss_epoch=0.0723]SUCCESS: vision_encoder.blocks.2.1.spatial_block.conv1.fn.dw.weight is Updating! Grad Norm: 0.063476
Epoch 34:  40%|████      | 4/10 [00:27<00:41,  0.15it/s, v_num=nqhy, train_loss_step=0.00964, val_loss=0.260, train_loss_epoch=0.0723]Epoch 34:  40%|████      | 4/10 [00:27<00:41,  0.15it/s, v_num=nqhy, train_loss_step=0.106, val_loss=0.260, train_loss_epoch=0.0723]  SUCCESS: vision_encoder.blocks.2.1.spatial_block.conv1.fn.dw.weight is Updating! Grad Norm: 0.090594
Epoch 34:  50%|█████     | 5/10 [00:33<00:33,  0.15it/s, v_num=nqhy, train_loss_step=0.106, val_loss=0.260, train_loss_epoch=0.0723]Epoch 34:  50%|█████     | 5/10 [00:33<00:33,  0.15it/s, v_num=nqhy, train_loss_step=0.0259, val_loss=0.260, train_loss_epoch=0.0723]SUCCESS: vision_encoder.blocks.2.1.spatial_block.conv1.fn.dw.weight is Updating! Grad Norm: 0.066167
Epoch 34:  60%|██████    | 6/10 [00:40<00:26,  0.15it/s, v_num=nqhy, train_loss_step=0.0259, val_loss=0.260, train_loss_epoch=0.0723]Epoch 34:  60%|██████    | 6/10 [00:40<00:26,  0.15it/s, v_num=nqhy, train_loss_step=-0.0234, val_loss=0.260, train_loss_epoch=0.0723]SUCCESS: vision_encoder.blocks.2.1.spatial_block.conv1.fn.dw.weight is Updating! Grad Norm: 0.155619
Epoch 34:  70%|███████   | 7/10 [00:46<00:20,  0.15it/s, v_num=nqhy, train_loss_step=-0.0234, val_loss=0.260, train_loss_epoch=0.0723]Epoch 34:  70%|███████   | 7/10 [00:46<00:20,  0.15it/s, v_num=nqhy, train_loss_step=0.184, val_loss=0.260, train_loss_epoch=0.0723]  SUCCESS: vision_encoder.blocks.2.1.spatial_block.conv1.fn.dw.weight is Updating! Grad Norm: 0.097974
Epoch 34:  80%|████████  | 8/10 [00:53<00:13,  0.15it/s, v_num=nqhy, train_loss_step=0.184, val_loss=0.260, train_loss_epoch=0.0723]Epoch 34:  80%|████████  | 8/10 [00:53<00:13,  0.15it/s, v_num=nqhy, train_loss_step=0.00725, val_loss=0.260, train_loss_epoch=0.0723]SUCCESS: vision_encoder.blocks.2.1.spatial_block.conv1.fn.dw.weight is Updating! Grad Norm: 0.138727
Epoch 34:  90%|█████████ | 9/10 [01:00<00:06,  0.15it/s, v_num=nqhy, train_loss_step=0.00725, val_loss=0.260, train_loss_epoch=0.0723]Epoch 34:  90%|█████████ | 9/10 [01:00<00:06,  0.15it/s, v_num=nqhy, train_loss_step=0.125, val_loss=0.260, train_loss_epoch=0.0723]  SUCCESS: vision_encoder.blocks.2.1.spatial_block.conv1.fn.dw.weight is Updating! Grad Norm: 0.159940
Epoch 34: 100%|██████████| 10/10 [01:06<00:00,  0.15it/s, v_num=nqhy, train_loss_step=0.125, val_loss=0.260, train_loss_epoch=0.0723]Epoch 34: 100%|██████████| 10/10 [01:06<00:00,  0.15it/s, v_num=nqhy, train_loss_step=0.134, val_loss=0.260, train_loss_epoch=0.0723]
Validation: |          | 0/? [00:00<?, ?it/s][A
Validation:   0%|          | 0/4 [00:00<?, ?it/s][A
Validation DataLoader 0:   0%|          | 0/4 [00:00<?, ?it/s][Atensor(2.4039, device='cuda:0')
tensor(-0.9169, device='cuda:0')

Validation DataLoader 0:  25%|██▌       | 1/4 [00:01<00:04,  0.65it/s][Atensor(2.4795, device='cuda:0')
tensor(-0.6441, device='cuda:0')

Validation DataLoader 0:  50%|█████     | 2/4 [00:03<00:03,  0.64it/s][Atensor(2.3357, device='cuda:0')
tensor(-0.7837, device='cuda:0')

Validation DataLoader 0:  75%|███████▌  | 3/4 [00:04<00:01,  0.64it/s][Atensor(2.0675, device='cuda:0')
tensor(-0.3630, device='cuda:0')

Validation DataLoader 0: 100%|██████████| 4/4 [00:05<00:00,  0.77it/s][A
==================================================
Stage: VAL
Predicted class distribution: 0s = 83, 1s = 23
Actual label distribution:    0s = 80, 1s = 26
Actual Imbalance Ratio (0:1): 3.08:1
==================================================
✅ Model is predicting both classes.
Saved test predictions and probabilities to validation_results_fold_final.xlsx

                                                                      [AEpoch 34: 100%|██████████| 10/10 [01:12<00:00,  0.14it/s, v_num=nqhy, train_loss_step=0.134, val_loss=0.167, train_loss_epoch=0.0723]Epoch 34: 100%|██████████| 10/10 [01:12<00:00,  0.14it/s, v_num=nqhy, train_loss_step=0.134, val_loss=0.167, train_loss_epoch=0.0971]Epoch 34:   0%|          | 0/10 [00:00<?, ?it/s, v_num=nqhy, train_loss_step=0.134, val_loss=0.167, train_loss_epoch=0.0971]         Epoch 35:   0%|          | 0/10 [00:00<?, ?it/s, v_num=nqhy, train_loss_step=0.134, val_loss=0.167, train_loss_epoch=0.0971]SUCCESS: vision_encoder.blocks.2.1.spatial_block.conv1.fn.dw.weight is Updating! Grad Norm: 0.128825
Epoch 35:  10%|█         | 1/10 [00:07<01:09,  0.13it/s, v_num=nqhy, train_loss_step=0.134, val_loss=0.167, train_loss_epoch=0.0971]Epoch 35:  10%|█         | 1/10 [00:07<01:09,  0.13it/s, v_num=nqhy, train_loss_step=0.0809, val_loss=0.167, train_loss_epoch=0.0971]SUCCESS: vision_encoder.blocks.2.1.spatial_block.conv1.fn.dw.weight is Updating! Grad Norm: 0.234945
Epoch 35:  20%|██        | 2/10 [00:14<00:57,  0.14it/s, v_num=nqhy, train_loss_step=0.0809, val_loss=0.167, train_loss_epoch=0.0971]Epoch 35:  20%|██        | 2/10 [00:14<00:57,  0.14it/s, v_num=nqhy, train_loss_step=0.125, val_loss=0.167, train_loss_epoch=0.0971] SUCCESS: vision_encoder.blocks.2.1.spatial_block.conv1.fn.dw.weight is Updating! Grad Norm: 0.129740
Epoch 35:  30%|███       | 3/10 [00:20<00:48,  0.14it/s, v_num=nqhy, train_loss_step=0.125, val_loss=0.167, train_loss_epoch=0.0971]Epoch 35:  30%|███       | 3/10 [00:20<00:48,  0.14it/s, v_num=nqhy, train_loss_step=0.0654, val_loss=0.167, train_loss_epoch=0.0971]SUCCESS: vision_encoder.blocks.2.1.spatial_block.conv1.fn.dw.weight is Updating! Grad Norm: 0.088284
Epoch 35:  40%|████      | 4/10 [00:27<00:40,  0.15it/s, v_num=nqhy, train_loss_step=0.0654, val_loss=0.167, train_loss_epoch=0.0971]Epoch 35:  40%|████      | 4/10 [00:27<00:40,  0.15it/s, v_num=nqhy, train_loss_step=0.0433, val_loss=0.167, train_loss_epoch=0.0971]SUCCESS: vision_encoder.blocks.2.1.spatial_block.conv1.fn.dw.weight is Updating! Grad Norm: 0.403963
Epoch 35:  50%|█████     | 5/10 [00:33<00:33,  0.15it/s, v_num=nqhy, train_loss_step=0.0433, val_loss=0.167, train_loss_epoch=0.0971]Epoch 35:  50%|█████     | 5/10 [00:33<00:33,  0.15it/s, v_num=nqhy, train_loss_step=0.111, val_loss=0.167, train_loss_epoch=0.0971] SUCCESS: vision_encoder.blocks.2.1.spatial_block.conv1.fn.dw.weight is Updating! Grad Norm: 0.080006
Epoch 35:  60%|██████    | 6/10 [00:40<00:26,  0.15it/s, v_num=nqhy, train_loss_step=0.111, val_loss=0.167, train_loss_epoch=0.0971]Epoch 35:  60%|██████    | 6/10 [00:40<00:26,  0.15it/s, v_num=nqhy, train_loss_step=0.0354, val_loss=0.167, train_loss_epoch=0.0971]SUCCESS: vision_encoder.blocks.2.1.spatial_block.conv1.fn.dw.weight is Updating! Grad Norm: 0.083775
Epoch 35:  70%|███████   | 7/10 [00:46<00:20,  0.15it/s, v_num=nqhy, train_loss_step=0.0354, val_loss=0.167, train_loss_epoch=0.0971]Epoch 35:  70%|███████   | 7/10 [00:46<00:20,  0.15it/s, v_num=nqhy, train_loss_step=0.114, val_loss=0.167, train_loss_epoch=0.0971] SUCCESS: vision_encoder.blocks.2.1.spatial_block.conv1.fn.dw.weight is Updating! Grad Norm: 0.290976
Epoch 35:  80%|████████  | 8/10 [00:53<00:13,  0.15it/s, v_num=nqhy, train_loss_step=0.114, val_loss=0.167, train_loss_epoch=0.0971]Epoch 35:  80%|████████  | 8/10 [00:53<00:13,  0.15it/s, v_num=nqhy, train_loss_step=0.0133, val_loss=0.167, train_loss_epoch=0.0971]SUCCESS: vision_encoder.blocks.2.1.spatial_block.conv1.fn.dw.weight is Updating! Grad Norm: 0.057613
Epoch 35:  90%|█████████ | 9/10 [00:59<00:06,  0.15it/s, v_num=nqhy, train_loss_step=0.0133, val_loss=0.167, train_loss_epoch=0.0971]Epoch 35:  90%|█████████ | 9/10 [00:59<00:06,  0.15it/s, v_num=nqhy, train_loss_step=0.0588, val_loss=0.167, train_loss_epoch=0.0971]SUCCESS: vision_encoder.blocks.2.1.spatial_block.conv1.fn.dw.weight is Updating! Grad Norm: 0.058833
Epoch 35: 100%|██████████| 10/10 [01:06<00:00,  0.15it/s, v_num=nqhy, train_loss_step=0.0588, val_loss=0.167, train_loss_epoch=0.0971]Epoch 35: 100%|██████████| 10/10 [01:06<00:00,  0.15it/s, v_num=nqhy, train_loss_step=-0.0509, val_loss=0.167, train_loss_epoch=0.0971]
Validation: |          | 0/? [00:00<?, ?it/s][A
Validation:   0%|          | 0/4 [00:00<?, ?it/s][A
Validation DataLoader 0:   0%|          | 0/4 [00:00<?, ?it/s][Atensor(2.5041, device='cuda:0')
tensor(-0.9334, device='cuda:0')

Validation DataLoader 0:  25%|██▌       | 1/4 [00:01<00:04,  0.65it/s][Atensor(2.5625, device='cuda:0')
tensor(-0.6085, device='cuda:0')

Validation DataLoader 0:  50%|█████     | 2/4 [00:03<00:03,  0.64it/s][Atensor(2.4874, device='cuda:0')
tensor(-0.7643, device='cuda:0')

Validation DataLoader 0:  75%|███████▌  | 3/4 [00:04<00:01,  0.64it/s][Atensor(2.2138, device='cuda:0')
tensor(0.1535, device='cuda:0')

Validation DataLoader 0: 100%|██████████| 4/4 [00:05<00:00,  0.77it/s][A
==================================================
Stage: VAL
Predicted class distribution: 0s = 91, 1s = 15
Actual label distribution:    0s = 80, 1s = 26
Actual Imbalance Ratio (0:1): 3.08:1
==================================================
✅ Model is predicting both classes.
Saved test predictions and probabilities to validation_results_fold_final.xlsx

                                                                      [AEpoch 35: 100%|██████████| 10/10 [01:12<00:00,  0.14it/s, v_num=nqhy, train_loss_step=-0.0509, val_loss=0.216, train_loss_epoch=0.0971]Epoch 35: 100%|██████████| 10/10 [01:12<00:00,  0.14it/s, v_num=nqhy, train_loss_step=-0.0509, val_loss=0.216, train_loss_epoch=0.0596]Epoch 35:   0%|          | 0/10 [00:00<?, ?it/s, v_num=nqhy, train_loss_step=-0.0509, val_loss=0.216, train_loss_epoch=0.0596]         Epoch 36:   0%|          | 0/10 [00:00<?, ?it/s, v_num=nqhy, train_loss_step=-0.0509, val_loss=0.216, train_loss_epoch=0.0596]SUCCESS: vision_encoder.blocks.2.1.spatial_block.conv1.fn.dw.weight is Updating! Grad Norm: 0.081883
Epoch 36:  10%|█         | 1/10 [00:07<01:09,  0.13it/s, v_num=nqhy, train_loss_step=-0.0509, val_loss=0.216, train_loss_epoch=0.0596]Epoch 36:  10%|█         | 1/10 [00:07<01:09,  0.13it/s, v_num=nqhy, train_loss_step=0.0344, val_loss=0.216, train_loss_epoch=0.0596] SUCCESS: vision_encoder.blocks.2.1.spatial_block.conv1.fn.dw.weight is Updating! Grad Norm: 0.139869
Epoch 36:  20%|██        | 2/10 [00:14<00:57,  0.14it/s, v_num=nqhy, train_loss_step=0.0344, val_loss=0.216, train_loss_epoch=0.0596]Epoch 36:  20%|██        | 2/10 [00:14<00:57,  0.14it/s, v_num=nqhy, train_loss_step=0.158, val_loss=0.216, train_loss_epoch=0.0596] SUCCESS: vision_encoder.blocks.2.1.spatial_block.conv1.fn.dw.weight is Updating! Grad Norm: 3.296211
Epoch 36:  30%|███       | 3/10 [00:20<00:48,  0.14it/s, v_num=nqhy, train_loss_step=0.158, val_loss=0.216, train_loss_epoch=0.0596]Epoch 36:  30%|███       | 3/10 [00:20<00:48,  0.14it/s, v_num=nqhy, train_loss_step=0.601, val_loss=0.216, train_loss_epoch=0.0596]SUCCESS: vision_encoder.blocks.2.1.spatial_block.conv1.fn.dw.weight is Updating! Grad Norm: 0.082353
Epoch 36:  40%|████      | 4/10 [00:27<00:40,  0.15it/s, v_num=nqhy, train_loss_step=0.601, val_loss=0.216, train_loss_epoch=0.0596]Epoch 36:  40%|████      | 4/10 [00:27<00:41,  0.15it/s, v_num=nqhy, train_loss_step=0.0306, val_loss=0.216, train_loss_epoch=0.0596]SUCCESS: vision_encoder.blocks.2.1.spatial_block.conv1.fn.dw.weight is Updating! Grad Norm: 0.159197
Epoch 36:  50%|█████     | 5/10 [00:33<00:33,  0.15it/s, v_num=nqhy, train_loss_step=0.0306, val_loss=0.216, train_loss_epoch=0.0596]Epoch 36:  50%|█████     | 5/10 [00:33<00:33,  0.15it/s, v_num=nqhy, train_loss_step=0.109, val_loss=0.216, train_loss_epoch=0.0596] SUCCESS: vision_encoder.blocks.2.1.spatial_block.conv1.fn.dw.weight is Updating! Grad Norm: 0.145365
Epoch 36:  60%|██████    | 6/10 [00:40<00:26,  0.15it/s, v_num=nqhy, train_loss_step=0.109, val_loss=0.216, train_loss_epoch=0.0596]Epoch 36:  60%|██████    | 6/10 [00:40<00:26,  0.15it/s, v_num=nqhy, train_loss_step=0.159, val_loss=0.216, train_loss_epoch=0.0596]SUCCESS: vision_encoder.blocks.2.1.spatial_block.conv1.fn.dw.weight is Updating! Grad Norm: 0.238028
Epoch 36:  70%|███████   | 7/10 [00:46<00:20,  0.15it/s, v_num=nqhy, train_loss_step=0.159, val_loss=0.216, train_loss_epoch=0.0596]Epoch 36:  70%|███████   | 7/10 [00:46<00:20,  0.15it/s, v_num=nqhy, train_loss_step=0.156, val_loss=0.216, train_loss_epoch=0.0596]SUCCESS: vision_encoder.blocks.2.1.spatial_block.conv1.fn.dw.weight is Updating! Grad Norm: 0.377889
Epoch 36:  80%|████████  | 8/10 [00:53<00:13,  0.15it/s, v_num=nqhy, train_loss_step=0.156, val_loss=0.216, train_loss_epoch=0.0596]Epoch 36:  80%|████████  | 8/10 [00:53<00:13,  0.15it/s, v_num=nqhy, train_loss_step=-0.0091, val_loss=0.216, train_loss_epoch=0.0596]SUCCESS: vision_encoder.blocks.2.1.spatial_block.conv1.fn.dw.weight is Updating! Grad Norm: 0.146820
Epoch 36:  90%|█████████ | 9/10 [01:00<00:06,  0.15it/s, v_num=nqhy, train_loss_step=-0.0091, val_loss=0.216, train_loss_epoch=0.0596]Epoch 36:  90%|█████████ | 9/10 [01:00<00:06,  0.15it/s, v_num=nqhy, train_loss_step=-0.0285, val_loss=0.216, train_loss_epoch=0.0596]SUCCESS: vision_encoder.blocks.2.1.spatial_block.conv1.fn.dw.weight is Updating! Grad Norm: 0.364214
Epoch 36: 100%|██████████| 10/10 [01:06<00:00,  0.15it/s, v_num=nqhy, train_loss_step=-0.0285, val_loss=0.216, train_loss_epoch=0.0596]Epoch 36: 100%|██████████| 10/10 [01:06<00:00,  0.15it/s, v_num=nqhy, train_loss_step=0.055, val_loss=0.216, train_loss_epoch=0.0596]  
Validation: |          | 0/? [00:00<?, ?it/s][A
Validation:   0%|          | 0/4 [00:00<?, ?it/s][A
Validation DataLoader 0:   0%|          | 0/4 [00:00<?, ?it/s][Atensor(2.5268, device='cuda:0')
tensor(-0.9260, device='cuda:0')

Validation DataLoader 0:  25%|██▌       | 1/4 [00:01<00:04,  0.65it/s][Atensor(2.5984, device='cuda:0')
tensor(-0.6647, device='cuda:0')

Validation DataLoader 0:  50%|█████     | 2/4 [00:03<00:03,  0.64it/s][Atensor(2.4906, device='cuda:0')
tensor(-0.8593, device='cuda:0')

Validation DataLoader 0:  75%|███████▌  | 3/4 [00:04<00:01,  0.64it/s][Atensor(2.1738, device='cuda:0')
tensor(-0.6574, device='cuda:0')

Validation DataLoader 0: 100%|██████████| 4/4 [00:05<00:00,  0.77it/s][A
==================================================
Stage: VAL
Predicted class distribution: 0s = 75, 1s = 31
Actual label distribution:    0s = 80, 1s = 26
Actual Imbalance Ratio (0:1): 3.08:1
==================================================
✅ Model is predicting both classes.
Saved test predictions and probabilities to validation_results_fold_final.xlsx

                                                                      [AEpoch 36: 100%|██████████| 10/10 [01:12<00:00,  0.14it/s, v_num=nqhy, train_loss_step=0.055, val_loss=0.222, train_loss_epoch=0.0596]Epoch 36: 100%|██████████| 10/10 [01:12<00:00,  0.14it/s, v_num=nqhy, train_loss_step=0.055, val_loss=0.222, train_loss_epoch=0.127] Epoch 36:   0%|          | 0/10 [00:00<?, ?it/s, v_num=nqhy, train_loss_step=0.055, val_loss=0.222, train_loss_epoch=0.127]         Epoch 37:   0%|          | 0/10 [00:00<?, ?it/s, v_num=nqhy, train_loss_step=0.055, val_loss=0.222, train_loss_epoch=0.127]SUCCESS: vision_encoder.blocks.2.1.spatial_block.conv1.fn.dw.weight is Updating! Grad Norm: 0.284175
Epoch 37:  10%|█         | 1/10 [00:07<01:09,  0.13it/s, v_num=nqhy, train_loss_step=0.055, val_loss=0.222, train_loss_epoch=0.127]Epoch 37:  10%|█         | 1/10 [00:07<01:09,  0.13it/s, v_num=nqhy, train_loss_step=-0.0225, val_loss=0.222, train_loss_epoch=0.127]SUCCESS: vision_encoder.blocks.2.1.spatial_block.conv1.fn.dw.weight is Updating! Grad Norm: 0.536095
Epoch 37:  20%|██        | 2/10 [00:14<00:57,  0.14it/s, v_num=nqhy, train_loss_step=-0.0225, val_loss=0.222, train_loss_epoch=0.127]Epoch 37:  20%|██        | 2/10 [00:14<00:57,  0.14it/s, v_num=nqhy, train_loss_step=0.0179, val_loss=0.222, train_loss_epoch=0.127] SUCCESS: vision_encoder.blocks.2.1.spatial_block.conv1.fn.dw.weight is Updating! Grad Norm: 0.080140
Epoch 37:  30%|███       | 3/10 [00:20<00:48,  0.14it/s, v_num=nqhy, train_loss_step=0.0179, val_loss=0.222, train_loss_epoch=0.127]Epoch 37:  30%|███       | 3/10 [00:20<00:48,  0.14it/s, v_num=nqhy, train_loss_step=0.0447, val_loss=0.222, train_loss_epoch=0.127]SUCCESS: vision_encoder.blocks.2.1.spatial_block.conv1.fn.dw.weight is Updating! Grad Norm: 0.424904
Epoch 37:  40%|████      | 4/10 [00:27<00:40,  0.15it/s, v_num=nqhy, train_loss_step=0.0447, val_loss=0.222, train_loss_epoch=0.127]Epoch 37:  40%|████      | 4/10 [00:27<00:41,  0.15it/s, v_num=nqhy, train_loss_step=0.224, val_loss=0.222, train_loss_epoch=0.127] SUCCESS: vision_encoder.blocks.2.1.spatial_block.conv1.fn.dw.weight is Updating! Grad Norm: 0.468071
Epoch 37:  50%|█████     | 5/10 [00:33<00:33,  0.15it/s, v_num=nqhy, train_loss_step=0.224, val_loss=0.222, train_loss_epoch=0.127]Epoch 37:  50%|█████     | 5/10 [00:33<00:33,  0.15it/s, v_num=nqhy, train_loss_step=0.121, val_loss=0.222, train_loss_epoch=0.127]SUCCESS: vision_encoder.blocks.2.1.spatial_block.conv1.fn.dw.weight is Updating! Grad Norm: 0.106002
Epoch 37:  60%|██████    | 6/10 [00:40<00:26,  0.15it/s, v_num=nqhy, train_loss_step=0.121, val_loss=0.222, train_loss_epoch=0.127]Epoch 37:  60%|██████    | 6/10 [00:40<00:26,  0.15it/s, v_num=nqhy, train_loss_step=0.0214, val_loss=0.222, train_loss_epoch=0.127]SUCCESS: vision_encoder.blocks.2.1.spatial_block.conv1.fn.dw.weight is Updating! Grad Norm: 0.120346
Epoch 37:  70%|███████   | 7/10 [00:46<00:20,  0.15it/s, v_num=nqhy, train_loss_step=0.0214, val_loss=0.222, train_loss_epoch=0.127]Epoch 37:  70%|███████   | 7/10 [00:46<00:20,  0.15it/s, v_num=nqhy, train_loss_step=-0.000611, val_loss=0.222, train_loss_epoch=0.127]SUCCESS: vision_encoder.blocks.2.1.spatial_block.conv1.fn.dw.weight is Updating! Grad Norm: 0.141303
Epoch 37:  80%|████████  | 8/10 [00:53<00:13,  0.15it/s, v_num=nqhy, train_loss_step=-0.000611, val_loss=0.222, train_loss_epoch=0.127]Epoch 37:  80%|████████  | 8/10 [00:53<00:13,  0.15it/s, v_num=nqhy, train_loss_step=0.0462, val_loss=0.222, train_loss_epoch=0.127]   SUCCESS: vision_encoder.blocks.2.1.spatial_block.conv1.fn.dw.weight is Updating! Grad Norm: 0.090326
Epoch 37:  90%|█████████ | 9/10 [01:00<00:06,  0.15it/s, v_num=nqhy, train_loss_step=0.0462, val_loss=0.222, train_loss_epoch=0.127]Epoch 37:  90%|█████████ | 9/10 [01:00<00:06,  0.15it/s, v_num=nqhy, train_loss_step=0.0534, val_loss=0.222, train_loss_epoch=0.127]SUCCESS: vision_encoder.blocks.2.1.spatial_block.conv1.fn.dw.weight is Updating! Grad Norm: 0.184950
Epoch 37: 100%|██████████| 10/10 [01:06<00:00,  0.15it/s, v_num=nqhy, train_loss_step=0.0534, val_loss=0.222, train_loss_epoch=0.127]Epoch 37: 100%|██████████| 10/10 [01:06<00:00,  0.15it/s, v_num=nqhy, train_loss_step=0.126, val_loss=0.222, train_loss_epoch=0.127] 
Validation: |          | 0/? [00:00<?, ?it/s][A
Validation:   0%|          | 0/4 [00:00<?, ?it/s][A
Validation DataLoader 0:   0%|          | 0/4 [00:00<?, ?it/s][Atensor(2.6127, device='cuda:0')
tensor(-0.9431, device='cuda:0')

Validation DataLoader 0:  25%|██▌       | 1/4 [00:01<00:04,  0.65it/s][Atensor(2.6617, device='cuda:0')
tensor(-0.5474, device='cuda:0')

Validation DataLoader 0:  50%|█████     | 2/4 [00:03<00:03,  0.64it/s][Atensor(2.6318, device='cuda:0')
tensor(-0.7829, device='cuda:0')

Validation DataLoader 0:  75%|███████▌  | 3/4 [00:04<00:01,  0.64it/s][Atensor(2.3860, device='cuda:0')
tensor(-0.3745, device='cuda:0')

Validation DataLoader 0: 100%|██████████| 4/4 [00:05<00:00,  0.77it/s][A
==================================================
Stage: VAL
Predicted class distribution: 0s = 89, 1s = 17
Actual label distribution:    0s = 80, 1s = 26
Actual Imbalance Ratio (0:1): 3.08:1
==================================================
✅ Model is predicting both classes.
Saved test predictions and probabilities to validation_results_fold_final.xlsx

                                                                      [AEpoch 37: 100%|██████████| 10/10 [01:12<00:00,  0.14it/s, v_num=nqhy, train_loss_step=0.126, val_loss=0.304, train_loss_epoch=0.127]Epoch 37: 100%|██████████| 10/10 [01:12<00:00,  0.14it/s, v_num=nqhy, train_loss_step=0.126, val_loss=0.304, train_loss_epoch=0.0632]Epoch 37: 100%|██████████| 10/10 [01:12<00:00,  0.14it/s, v_num=nqhy, train_loss_step=0.126, val_loss=0.304, train_loss_epoch=0.0632]
Testing: |          | 0/? [00:00<?, ?it/s]Testing:   0%|          | 0/3 [00:00<?, ?it/s]Testing DataLoader 0:   0%|          | 0/3 [00:00<?, ?it/s]Testing DataLoader 0:  33%|███▎      | 1/3 [00:01<00:03,  0.66it/s]Testing DataLoader 0:  67%|██████▋   | 2/3 [00:03<00:01,  0.65it/s]Testing DataLoader 0: 100%|██████████| 3/3 [00:03<00:00,  0.78it/s]Saved test predictions and probabilities to test_results_fold_final.xlsx

==================================================
Stage: TEST
Predicted class distribution: 0s = 69, 1s = 11
Actual label distribution:    0s = 60, 1s = 20
Actual Imbalance Ratio (0:1): 3.00:1
==================================================
✅ Model is predicting both classes.
Testing DataLoader 0: 100%|██████████| 3/3 [00:04<00:00,  0.73it/s]
┏━━━━━━━━━━━━━━━━━━━━━━━━━━━┳━━━━━━━━━━━━━━━━━━━━━━━━━━━┓
┃        Test metric        ┃       DataLoader 0        ┃
┡━━━━━━━━━━━━━━━━━━━━━━━━━━━╇━━━━━━━━━━━━━━━━━━━━━━━━━━━┩
│        test_auroc         │    0.6703703999519348     │
│     test_balanced_acc     │    0.4750000238418579     │
│        test_cindex        │    0.6467020511627197     │
│       test_f1_score       │    0.12903225421905518    │
│         test_ibs          │    0.14902906119823456    │
│      test_precision       │    0.46047431230545044    │
│        test_recall        │    0.4750000238418579     │
└───────────────────────────┴───────────────────────────┘

====================== CV COMPLETE (3 Folds) ======================
Average Test AUROC: 0.6370
Average Test F1 Score: 0.1798
✅ Results successfully appended to Experiments_Summary.xlsx
