Starting job with config file: config.yaml
CUDA-enabled GPU/TPU is available.
[2026-01-15 13:21:22,145][MedImageInsight.ImageDataLoader.transforms.build][INFO] - => testing transformers: Compose(
    Resize(size=(480, 480), interpolation=bicubic, max_size=None, antialias=warn)
    ToTensor()
    Normalize(mean=[0.485, 0.456, 0.406], std=[0.229, 0.224, 0.225])
)
[2026-01-15 13:21:22,146][MedImageInsight.UniCLModel][INFO] - Create model with standard parameterization
Ignored unknown kwarg option special
Ignored unknown kwarg option special
Ignored unknown kwarg option special
Ignored unknown kwarg option special
Ignored unknown kwarg option special
Ignored unknown kwarg option special
[2026-01-15 13:21:24,086][MedImageInsight.LangEncoder.transformer][INFO] - => init weight of Linear/Conv2d from trunc norm
[2026-01-15 13:21:24,122][MedImageInsight.LangEncoder.transformer][INFO] - => init bias of Linear/Conv2d to zeros
[2026-01-15 13:21:24,122][MedImageInsight.LangEncoder.transformer][INFO] - => init weight of Linear/Conv2d from trunc norm
[2026-01-15 13:21:24,169][MedImageInsight.LangEncoder.transformer][INFO] - => init bias of Linear/Conv2d to zeros
[2026-01-15 13:21:24,169][MedImageInsight.LangEncoder.transformer][INFO] - => init weight of Linear/Conv2d from trunc norm
[2026-01-15 13:21:24,221][MedImageInsight.LangEncoder.transformer][INFO] - => init bias of Linear/Conv2d to zeros
[2026-01-15 13:21:24,221][MedImageInsight.LangEncoder.transformer][INFO] - => init weight of Linear/Conv2d from trunc norm
[2026-01-15 13:21:24,251][MedImageInsight.LangEncoder.transformer][INFO] - => init bias of Linear/Conv2d to zeros
[2026-01-15 13:21:24,251][MedImageInsight.LangEncoder.transformer][INFO] - => init weight of Linear/Conv2d from trunc norm
[2026-01-15 13:21:24,329][MedImageInsight.LangEncoder.transformer][INFO] - => init bias of Linear/Conv2d to zeros
[2026-01-15 13:21:24,329][MedImageInsight.LangEncoder.transformer][INFO] - => init weight of Linear/Conv2d from trunc norm
[2026-01-15 13:21:24,373][MedImageInsight.LangEncoder.transformer][INFO] - => init bias of Linear/Conv2d to zeros
[2026-01-15 13:21:24,373][MedImageInsight.LangEncoder.transformer][INFO] - => init weight of Linear/Conv2d from trunc norm
[2026-01-15 13:21:24,435][MedImageInsight.LangEncoder.transformer][INFO] - => init bias of Linear/Conv2d to zeros
[2026-01-15 13:21:24,435][MedImageInsight.LangEncoder.transformer][INFO] - => init weight of Linear/Conv2d from trunc norm
[2026-01-15 13:21:24,510][MedImageInsight.LangEncoder.transformer][INFO] - => init bias of Linear/Conv2d to zeros
[2026-01-15 13:21:24,510][MedImageInsight.LangEncoder.transformer][INFO] - => init weight of Linear/Conv2d from trunc norm
[2026-01-15 13:21:24,561][MedImageInsight.LangEncoder.transformer][INFO] - => init bias of Linear/Conv2d to zeros
[2026-01-15 13:21:24,561][MedImageInsight.LangEncoder.transformer][INFO] - => init weight of Linear/Conv2d from trunc norm
[2026-01-15 13:21:24,615][MedImageInsight.LangEncoder.transformer][INFO] - => init bias of Linear/Conv2d to zeros
[2026-01-15 13:21:24,615][MedImageInsight.LangEncoder.transformer][INFO] - => init weight of Linear/Conv2d from trunc norm
[2026-01-15 13:21:24,669][MedImageInsight.LangEncoder.transformer][INFO] - => init bias of Linear/Conv2d to zeros
[2026-01-15 13:21:24,669][MedImageInsight.LangEncoder.transformer][INFO] - => init weight of Linear/Conv2d from trunc norm
[2026-01-15 13:21:24,731][MedImageInsight.LangEncoder.transformer][INFO] - => init bias of Linear/Conv2d to zeros
[2026-01-15 13:21:24,731][MedImageInsight.LangEncoder.transformer][INFO] - => init weight of Linear/Conv2d from trunc norm
[2026-01-15 13:21:24,756][MedImageInsight.LangEncoder.transformer][INFO] - => init bias of Linear/Conv2d to zeros
[2026-01-15 13:21:24,756][MedImageInsight.LangEncoder.transformer][INFO] - => init weight of Linear/Conv2d from trunc norm
[2026-01-15 13:21:24,836][MedImageInsight.LangEncoder.transformer][INFO] - => init bias of Linear/Conv2d to zeros
[2026-01-15 13:21:24,836][MedImageInsight.LangEncoder.transformer][INFO] - => init weight of Linear/Conv2d from trunc norm
[2026-01-15 13:21:24,912][MedImageInsight.LangEncoder.transformer][INFO] - => init bias of Linear/Conv2d to zeros
[2026-01-15 13:21:24,912][MedImageInsight.LangEncoder.transformer][INFO] - => init weight of Linear/Conv2d from trunc norm
[2026-01-15 13:21:24,951][MedImageInsight.LangEncoder.transformer][INFO] - => init bias of Linear/Conv2d to zeros
[2026-01-15 13:21:24,951][MedImageInsight.LangEncoder.transformer][INFO] - => init weight of Linear/Conv2d from trunc norm
[2026-01-15 13:21:25,018][MedImageInsight.LangEncoder.transformer][INFO] - => init bias of Linear/Conv2d to zeros
[2026-01-15 13:21:25,019][MedImageInsight.LangEncoder.transformer][INFO] - => init weight of Linear/Conv2d from trunc norm
[2026-01-15 13:21:25,071][MedImageInsight.LangEncoder.transformer][INFO] - => init bias of Linear/Conv2d to zeros
[2026-01-15 13:21:25,071][MedImageInsight.LangEncoder.transformer][INFO] - => init weight of Linear/Conv2d from trunc norm
[2026-01-15 13:21:25,125][MedImageInsight.LangEncoder.transformer][INFO] - => init bias of Linear/Conv2d to zeros
[2026-01-15 13:21:25,126][MedImageInsight.LangEncoder.transformer][INFO] - => init weight of Linear/Conv2d from trunc norm
[2026-01-15 13:21:25,203][MedImageInsight.LangEncoder.transformer][INFO] - => init bias of Linear/Conv2d to zeros
[2026-01-15 13:21:25,203][MedImageInsight.LangEncoder.transformer][INFO] - => init weight of Linear/Conv2d from trunc norm
[2026-01-15 13:21:25,250][MedImageInsight.LangEncoder.transformer][INFO] - => init bias of Linear/Conv2d to zeros
[2026-01-15 13:21:25,250][MedImageInsight.LangEncoder.transformer][INFO] - => init weight of Linear/Conv2d from trunc norm
[2026-01-15 13:21:25,310][MedImageInsight.LangEncoder.transformer][INFO] - => init bias of Linear/Conv2d to zeros
[2026-01-15 13:21:25,310][MedImageInsight.LangEncoder.transformer][INFO] - => init weight of Linear/Conv2d from trunc norm
[2026-01-15 13:21:25,357][MedImageInsight.LangEncoder.transformer][INFO] - => init bias of Linear/Conv2d to zeros
[2026-01-15 13:21:25,357][MedImageInsight.LangEncoder.transformer][INFO] - => init weight of Linear/Conv2d from trunc norm
[2026-01-15 13:21:25,411][MedImageInsight.LangEncoder.transformer][INFO] - => init bias of Linear/Conv2d to zeros
[2026-01-15 13:21:25,412][MedImageInsight.LangEncoder.transformer][INFO] - => init weight of Linear/Conv2d from trunc norm
[2026-01-15 13:21:25,437][MedImageInsight.LangEncoder.transformer][INFO] - => init bias of Linear/Conv2d to zeros
[2026-01-15 13:21:25,437][MedImageInsight.LangEncoder.transformer][INFO] - => init weight of Linear/Conv2d from trunc norm
[2026-01-15 13:21:25,522][MedImageInsight.LangEncoder.transformer][INFO] - => init bias of Linear/Conv2d to zeros
[2026-01-15 13:21:25,522][MedImageInsight.LangEncoder.transformer][INFO] - => init weight of Linear/Conv2d from trunc norm
[2026-01-15 13:21:25,577][MedImageInsight.LangEncoder.transformer][INFO] - => init bias of Linear/Conv2d to zeros
[2026-01-15 13:21:25,577][MedImageInsight.LangEncoder.transformer][INFO] - => init weight of Linear/Conv2d from trunc norm
[2026-01-15 13:21:25,630][MedImageInsight.LangEncoder.transformer][INFO] - => init bias of Linear/Conv2d to zeros
[2026-01-15 13:21:25,630][MedImageInsight.LangEncoder.transformer][INFO] - => init weight of Linear/Conv2d from trunc norm
[2026-01-15 13:21:25,710][MedImageInsight.LangEncoder.transformer][INFO] - => init bias of Linear/Conv2d to zeros
[2026-01-15 13:21:25,710][MedImageInsight.LangEncoder.transformer][INFO] - => init weight of Linear/Conv2d from trunc norm
[2026-01-15 13:21:25,752][MedImageInsight.LangEncoder.transformer][INFO] - => init bias of Linear/Conv2d to zeros
[2026-01-15 13:21:25,752][MedImageInsight.LangEncoder.transformer][INFO] - => init weight of Linear/Conv2d from trunc norm
[2026-01-15 13:21:25,826][MedImageInsight.LangEncoder.transformer][INFO] - => init bias of Linear/Conv2d to zeros
[2026-01-15 13:21:25,826][MedImageInsight.LangEncoder.transformer][INFO] - => init weight of Linear/Conv2d from trunc norm
[2026-01-15 13:21:25,904][MedImageInsight.LangEncoder.transformer][INFO] - => init bias of Linear/Conv2d to zeros
[2026-01-15 13:21:25,904][MedImageInsight.LangEncoder.transformer][INFO] - => init weight of Linear/Conv2d from trunc norm
[2026-01-15 13:21:25,955][MedImageInsight.LangEncoder.transformer][INFO] - => init bias of Linear/Conv2d to zeros
[2026-01-15 13:21:25,955][MedImageInsight.LangEncoder.transformer][INFO] - => init weight of Linear/Conv2d from trunc norm
[2026-01-15 13:21:26,007][MedImageInsight.LangEncoder.transformer][INFO] - => init bias of Linear/Conv2d to zeros
[2026-01-15 13:21:26,007][MedImageInsight.LangEncoder.transformer][INFO] - => init weight of Linear/Conv2d from trunc norm
[2026-01-15 13:21:26,061][MedImageInsight.LangEncoder.transformer][INFO] - => init bias of Linear/Conv2d to zeros
[2026-01-15 13:21:26,061][MedImageInsight.LangEncoder.transformer][INFO] - => init weight of Linear/Conv2d from trunc norm
[2026-01-15 13:21:26,124][MedImageInsight.LangEncoder.transformer][INFO] - => init bias of Linear/Conv2d to zeros
[2026-01-15 13:21:26,124][MedImageInsight.LangEncoder.transformer][INFO] - => init weight of Linear/Conv2d from trunc norm
[2026-01-15 13:21:26,159][MedImageInsight.LangEncoder.transformer][INFO] - => init bias of Linear/Conv2d to zeros
[2026-01-15 13:21:26,159][MedImageInsight.LangEncoder.transformer][INFO] - => init weight of Linear/Conv2d from trunc norm
[2026-01-15 13:21:26,241][MedImageInsight.LangEncoder.transformer][INFO] - => init bias of Linear/Conv2d to zeros
[2026-01-15 13:21:26,241][MedImageInsight.LangEncoder.transformer][INFO] - => init weight of Linear/Conv2d from trunc norm
[2026-01-15 13:21:26,306][MedImageInsight.LangEncoder.transformer][INFO] - => init bias of Linear/Conv2d to zeros
[2026-01-15 13:21:26,306][MedImageInsight.LangEncoder.transformer][INFO] - => init weight of Linear/Conv2d from trunc norm
[2026-01-15 13:21:26,344][MedImageInsight.LangEncoder.transformer][INFO] - => init bias of Linear/Conv2d to zeros
[2026-01-15 13:21:26,344][MedImageInsight.LangEncoder.transformer][INFO] - => init weight of Linear/Conv2d from trunc norm
[2026-01-15 13:21:26,424][MedImageInsight.LangEncoder.transformer][INFO] - => init bias of Linear/Conv2d to zeros
[2026-01-15 13:21:26,425][MedImageInsight.LangEncoder.transformer][INFO] - => init weight of Linear/Conv2d from trunc norm
[2026-01-15 13:21:26,470][MedImageInsight.LangEncoder.transformer][INFO] - => init bias of Linear/Conv2d to zeros
[2026-01-15 13:21:26,470][MedImageInsight.LangEncoder.transformer][INFO] - => init weight of Linear/Conv2d from trunc norm
[2026-01-15 13:21:26,532][MedImageInsight.LangEncoder.transformer][INFO] - => init bias of Linear/Conv2d to zeros
[2026-01-15 13:21:26,532][MedImageInsight.LangEncoder.transformer][INFO] - => init weight of Linear/Conv2d from trunc norm
[2026-01-15 13:21:26,578][MedImageInsight.LangEncoder.transformer][INFO] - => init bias of Linear/Conv2d to zeros
[2026-01-15 13:21:26,578][MedImageInsight.LangEncoder.transformer][INFO] - => init weight of Linear/Conv2d from trunc norm
[2026-01-15 13:21:26,652][MedImageInsight.LangEncoder.transformer][INFO] - => init bias of Linear/Conv2d to zeros
[2026-01-15 13:21:26,652][MedImageInsight.LangEncoder.transformer][INFO] - => init weight of Linear/Conv2d from trunc norm
[2026-01-15 13:21:26,713][MedImageInsight.LangEncoder.transformer][INFO] - => init bias of Linear/Conv2d to zeros
[2026-01-15 13:21:26,713][MedImageInsight.LangEncoder.transformer][INFO] - => init weight of Linear/Conv2d from trunc norm
[2026-01-15 13:21:26,761][MedImageInsight.LangEncoder.transformer][INFO] - => init bias of Linear/Conv2d to zeros
[2026-01-15 13:21:26,761][MedImageInsight.LangEncoder.transformer][INFO] - => init weight of Linear/Conv2d from trunc norm
[2026-01-15 13:21:26,827][MedImageInsight.LangEncoder.transformer][INFO] - => init bias of Linear/Conv2d to zeros
[2026-01-15 13:21:26,834][MedImageInsight.ImageEncoder.davit_v1][INFO] - Create model with standard parameterization
[2026-01-15 13:21:26,843][MedImageInsight.ImageEncoder.davit_v1][INFO] - => Depth offset in stage 0: 0
[2026-01-15 13:21:27,003][MedImageInsight.ImageEncoder.davit_v1][INFO] - => Depth offset in stage 1: 2
[2026-01-15 13:21:27,121][MedImageInsight.ImageEncoder.davit_v1][INFO] - => Depth offset in stage 2: 4
[2026-01-15 13:21:28,652][MedImageInsight.ImageEncoder.davit_v1][INFO] - => Depth offset in stage 3: 22
[2026-01-15 13:21:29,065][MedImageInsight.ImageEncoder.davit_v1][INFO] - Custom init: original init
[2026-01-15 13:21:33,602][MedImageInsight.ImageEncoder.davit_v1][INFO] - Load model from pretrained checkpoint
[2026-01-15 13:21:33,610][MedImageInsight.UniCLModel][INFO] - Custom init: original init
[2026-01-15 13:21:36,944][MedImageInsight.UniCLModel][INFO] - => Loading pretrained model /nas-ctm01/homes/fmferreira/MedImageInsights/2024.09.27/vision_model/medimageinsigt-v1.0.0.pt
[2026-01-15 13:21:42,900][MedImageInsight.UniCLModel][INFO] - => init image_projection from /nas-ctm01/homes/fmferreira/MedImageInsights/2024.09.27/vision_model/medimageinsigt-v1.0.0.pt
[2026-01-15 13:21:42,900][MedImageInsight.UniCLModel][INFO] - => init lang_encoder.ln_final.bias from /nas-ctm01/homes/fmferreira/MedImageInsights/2024.09.27/vision_model/medimageinsigt-v1.0.0.pt
[2026-01-15 13:21:42,900][MedImageInsight.UniCLModel][INFO] - => init lang_encoder.ln_final.weight from /nas-ctm01/homes/fmferreira/MedImageInsights/2024.09.27/vision_model/medimageinsigt-v1.0.0.pt
[2026-01-15 13:21:42,900][MedImageInsight.UniCLModel][INFO] - => init lang_encoder.positional_embedding from /nas-ctm01/homes/fmferreira/MedImageInsights/2024.09.27/vision_model/medimageinsigt-v1.0.0.pt
[2026-01-15 13:21:42,900][MedImageInsight.UniCLModel][INFO] - => init lang_encoder.resblocks.0.attn.in_proj_bias from /nas-ctm01/homes/fmferreira/MedImageInsights/2024.09.27/vision_model/medimageinsigt-v1.0.0.pt
[2026-01-15 13:21:42,900][MedImageInsight.UniCLModel][INFO] - => init lang_encoder.resblocks.0.attn.in_proj_weight from /nas-ctm01/homes/fmferreira/MedImageInsights/2024.09.27/vision_model/medimageinsigt-v1.0.0.pt
[2026-01-15 13:21:42,900][MedImageInsight.UniCLModel][INFO] - => init lang_encoder.resblocks.0.attn.out_proj.bias from /nas-ctm01/homes/fmferreira/MedImageInsights/2024.09.27/vision_model/medimageinsigt-v1.0.0.pt
[2026-01-15 13:21:42,900][MedImageInsight.UniCLModel][INFO] - => init lang_encoder.resblocks.0.attn.out_proj.weight from /nas-ctm01/homes/fmferreira/MedImageInsights/2024.09.27/vision_model/medimageinsigt-v1.0.0.pt
[2026-01-15 13:21:42,900][MedImageInsight.UniCLModel][INFO] - => init lang_encoder.resblocks.0.ln_1.bias from /nas-ctm01/homes/fmferreira/MedImageInsights/2024.09.27/vision_model/medimageinsigt-v1.0.0.pt
[2026-01-15 13:21:42,900][MedImageInsight.UniCLModel][INFO] - => init lang_encoder.resblocks.0.ln_1.weight from /nas-ctm01/homes/fmferreira/MedImageInsights/2024.09.27/vision_model/medimageinsigt-v1.0.0.pt
[2026-01-15 13:21:42,900][MedImageInsight.UniCLModel][INFO] - => init lang_encoder.resblocks.0.ln_2.bias from /nas-ctm01/homes/fmferreira/MedImageInsights/2024.09.27/vision_model/medimageinsigt-v1.0.0.pt
[2026-01-15 13:21:42,900][MedImageInsight.UniCLModel][INFO] - => init lang_encoder.resblocks.0.ln_2.weight from /nas-ctm01/homes/fmferreira/MedImageInsights/2024.09.27/vision_model/medimageinsigt-v1.0.0.pt
[2026-01-15 13:21:42,900][MedImageInsight.UniCLModel][INFO] - => init lang_encoder.resblocks.0.mlp.c_fc.bias from /nas-ctm01/homes/fmferreira/MedImageInsights/2024.09.27/vision_model/medimageinsigt-v1.0.0.pt
[2026-01-15 13:21:42,900][MedImageInsight.UniCLModel][INFO] - => init lang_encoder.resblocks.0.mlp.c_fc.weight from /nas-ctm01/homes/fmferreira/MedImageInsights/2024.09.27/vision_model/medimageinsigt-v1.0.0.pt
[2026-01-15 13:21:42,900][MedImageInsight.UniCLModel][INFO] - => init lang_encoder.resblocks.0.mlp.c_proj.bias from /nas-ctm01/homes/fmferreira/MedImageInsights/2024.09.27/vision_model/medimageinsigt-v1.0.0.pt
[2026-01-15 13:21:42,900][MedImageInsight.UniCLModel][INFO] - => init lang_encoder.resblocks.0.mlp.c_proj.weight from /nas-ctm01/homes/fmferreira/MedImageInsights/2024.09.27/vision_model/medimageinsigt-v1.0.0.pt
[2026-01-15 13:21:42,900][MedImageInsight.UniCLModel][INFO] - => init lang_encoder.resblocks.1.attn.in_proj_bias from /nas-ctm01/homes/fmferreira/MedImageInsights/2024.09.27/vision_model/medimageinsigt-v1.0.0.pt
[2026-01-15 13:21:42,900][MedImageInsight.UniCLModel][INFO] - => init lang_encoder.resblocks.1.attn.in_proj_weight from /nas-ctm01/homes/fmferreira/MedImageInsights/2024.09.27/vision_model/medimageinsigt-v1.0.0.pt
[2026-01-15 13:21:42,900][MedImageInsight.UniCLModel][INFO] - => init lang_encoder.resblocks.1.attn.out_proj.bias from /nas-ctm01/homes/fmferreira/MedImageInsights/2024.09.27/vision_model/medimageinsigt-v1.0.0.pt
[2026-01-15 13:21:42,900][MedImageInsight.UniCLModel][INFO] - => init lang_encoder.resblocks.1.attn.out_proj.weight from /nas-ctm01/homes/fmferreira/MedImageInsights/2024.09.27/vision_model/medimageinsigt-v1.0.0.pt
[2026-01-15 13:21:42,900][MedImageInsight.UniCLModel][INFO] - => init lang_encoder.resblocks.1.ln_1.bias from /nas-ctm01/homes/fmferreira/MedImageInsights/2024.09.27/vision_model/medimageinsigt-v1.0.0.pt
[2026-01-15 13:21:42,900][MedImageInsight.UniCLModel][INFO] - => init lang_encoder.resblocks.1.ln_1.weight from /nas-ctm01/homes/fmferreira/MedImageInsights/2024.09.27/vision_model/medimageinsigt-v1.0.0.pt
[2026-01-15 13:21:42,900][MedImageInsight.UniCLModel][INFO] - => init lang_encoder.resblocks.1.ln_2.bias from /nas-ctm01/homes/fmferreira/MedImageInsights/2024.09.27/vision_model/medimageinsigt-v1.0.0.pt
[2026-01-15 13:21:42,901][MedImageInsight.UniCLModel][INFO] - => init lang_encoder.resblocks.1.ln_2.weight from /nas-ctm01/homes/fmferreira/MedImageInsights/2024.09.27/vision_model/medimageinsigt-v1.0.0.pt
[2026-01-15 13:21:42,901][MedImageInsight.UniCLModel][INFO] - => init lang_encoder.resblocks.1.mlp.c_fc.bias from /nas-ctm01/homes/fmferreira/MedImageInsights/2024.09.27/vision_model/medimageinsigt-v1.0.0.pt
[2026-01-15 13:21:42,901][MedImageInsight.UniCLModel][INFO] - => init lang_encoder.resblocks.1.mlp.c_fc.weight from /nas-ctm01/homes/fmferreira/MedImageInsights/2024.09.27/vision_model/medimageinsigt-v1.0.0.pt
[2026-01-15 13:21:42,901][MedImageInsight.UniCLModel][INFO] - => init lang_encoder.resblocks.1.mlp.c_proj.bias from /nas-ctm01/homes/fmferreira/MedImageInsights/2024.09.27/vision_model/medimageinsigt-v1.0.0.pt
[2026-01-15 13:21:42,901][MedImageInsight.UniCLModel][INFO] - => init lang_encoder.resblocks.1.mlp.c_proj.weight from /nas-ctm01/homes/fmferreira/MedImageInsights/2024.09.27/vision_model/medimageinsigt-v1.0.0.pt
[2026-01-15 13:21:42,901][MedImageInsight.UniCLModel][INFO] - => init lang_encoder.resblocks.10.attn.in_proj_bias from /nas-ctm01/homes/fmferreira/MedImageInsights/2024.09.27/vision_model/medimageinsigt-v1.0.0.pt
[2026-01-15 13:21:42,901][MedImageInsight.UniCLModel][INFO] - => init lang_encoder.resblocks.10.attn.in_proj_weight from /nas-ctm01/homes/fmferreira/MedImageInsights/2024.09.27/vision_model/medimageinsigt-v1.0.0.pt
[2026-01-15 13:21:42,901][MedImageInsight.UniCLModel][INFO] - => init lang_encoder.resblocks.10.attn.out_proj.bias from /nas-ctm01/homes/fmferreira/MedImageInsights/2024.09.27/vision_model/medimageinsigt-v1.0.0.pt
[2026-01-15 13:21:42,901][MedImageInsight.UniCLModel][INFO] - => init lang_encoder.resblocks.10.attn.out_proj.weight from /nas-ctm01/homes/fmferreira/MedImageInsights/2024.09.27/vision_model/medimageinsigt-v1.0.0.pt
[2026-01-15 13:21:42,901][MedImageInsight.UniCLModel][INFO] - => init lang_encoder.resblocks.10.ln_1.bias from /nas-ctm01/homes/fmferreira/MedImageInsights/2024.09.27/vision_model/medimageinsigt-v1.0.0.pt
[2026-01-15 13:21:42,901][MedImageInsight.UniCLModel][INFO] - => init lang_encoder.resblocks.10.ln_1.weight from /nas-ctm01/homes/fmferreira/MedImageInsights/2024.09.27/vision_model/medimageinsigt-v1.0.0.pt
[2026-01-15 13:21:42,901][MedImageInsight.UniCLModel][INFO] - => init lang_encoder.resblocks.10.ln_2.bias from /nas-ctm01/homes/fmferreira/MedImageInsights/2024.09.27/vision_model/medimageinsigt-v1.0.0.pt
[2026-01-15 13:21:42,901][MedImageInsight.UniCLModel][INFO] - => init lang_encoder.resblocks.10.ln_2.weight from /nas-ctm01/homes/fmferreira/MedImageInsights/2024.09.27/vision_model/medimageinsigt-v1.0.0.pt
[2026-01-15 13:21:42,901][MedImageInsight.UniCLModel][INFO] - => init lang_encoder.resblocks.10.mlp.c_fc.bias from /nas-ctm01/homes/fmferreira/MedImageInsights/2024.09.27/vision_model/medimageinsigt-v1.0.0.pt
[2026-01-15 13:21:42,901][MedImageInsight.UniCLModel][INFO] - => init lang_encoder.resblocks.10.mlp.c_fc.weight from /nas-ctm01/homes/fmferreira/MedImageInsights/2024.09.27/vision_model/medimageinsigt-v1.0.0.pt
[2026-01-15 13:21:42,901][MedImageInsight.UniCLModel][INFO] - => init lang_encoder.resblocks.10.mlp.c_proj.bias from /nas-ctm01/homes/fmferreira/MedImageInsights/2024.09.27/vision_model/medimageinsigt-v1.0.0.pt
[2026-01-15 13:21:42,901][MedImageInsight.UniCLModel][INFO] - => init lang_encoder.resblocks.10.mlp.c_proj.weight from /nas-ctm01/homes/fmferreira/MedImageInsights/2024.09.27/vision_model/medimageinsigt-v1.0.0.pt
[2026-01-15 13:21:42,901][MedImageInsight.UniCLModel][INFO] - => init lang_encoder.resblocks.11.attn.in_proj_bias from /nas-ctm01/homes/fmferreira/MedImageInsights/2024.09.27/vision_model/medimageinsigt-v1.0.0.pt
[2026-01-15 13:21:42,901][MedImageInsight.UniCLModel][INFO] - => init lang_encoder.resblocks.11.attn.in_proj_weight from /nas-ctm01/homes/fmferreira/MedImageInsights/2024.09.27/vision_model/medimageinsigt-v1.0.0.pt
[2026-01-15 13:21:42,901][MedImageInsight.UniCLModel][INFO] - => init lang_encoder.resblocks.11.attn.out_proj.bias from /nas-ctm01/homes/fmferreira/MedImageInsights/2024.09.27/vision_model/medimageinsigt-v1.0.0.pt
[2026-01-15 13:21:42,901][MedImageInsight.UniCLModel][INFO] - => init lang_encoder.resblocks.11.attn.out_proj.weight from /nas-ctm01/homes/fmferreira/MedImageInsights/2024.09.27/vision_model/medimageinsigt-v1.0.0.pt
[2026-01-15 13:21:42,901][MedImageInsight.UniCLModel][INFO] - => init lang_encoder.resblocks.11.ln_1.bias from /nas-ctm01/homes/fmferreira/MedImageInsights/2024.09.27/vision_model/medimageinsigt-v1.0.0.pt
[2026-01-15 13:21:42,901][MedImageInsight.UniCLModel][INFO] - => init lang_encoder.resblocks.11.ln_1.weight from /nas-ctm01/homes/fmferreira/MedImageInsights/2024.09.27/vision_model/medimageinsigt-v1.0.0.pt
[2026-01-15 13:21:42,901][MedImageInsight.UniCLModel][INFO] - => init lang_encoder.resblocks.11.ln_2.bias from /nas-ctm01/homes/fmferreira/MedImageInsights/2024.09.27/vision_model/medimageinsigt-v1.0.0.pt
[2026-01-15 13:21:42,901][MedImageInsight.UniCLModel][INFO] - => init lang_encoder.resblocks.11.ln_2.weight from /nas-ctm01/homes/fmferreira/MedImageInsights/2024.09.27/vision_model/medimageinsigt-v1.0.0.pt
[2026-01-15 13:21:42,901][MedImageInsight.UniCLModel][INFO] - => init lang_encoder.resblocks.11.mlp.c_fc.bias from /nas-ctm01/homes/fmferreira/MedImageInsights/2024.09.27/vision_model/medimageinsigt-v1.0.0.pt
[2026-01-15 13:21:42,901][MedImageInsight.UniCLModel][INFO] - => init lang_encoder.resblocks.11.mlp.c_fc.weight from /nas-ctm01/homes/fmferreira/MedImageInsights/2024.09.27/vision_model/medimageinsigt-v1.0.0.pt
[2026-01-15 13:21:42,901][MedImageInsight.UniCLModel][INFO] - => init lang_encoder.resblocks.11.mlp.c_proj.bias from /nas-ctm01/homes/fmferreira/MedImageInsights/2024.09.27/vision_model/medimageinsigt-v1.0.0.pt
[2026-01-15 13:21:42,901][MedImageInsight.UniCLModel][INFO] - => init lang_encoder.resblocks.11.mlp.c_proj.weight from /nas-ctm01/homes/fmferreira/MedImageInsights/2024.09.27/vision_model/medimageinsigt-v1.0.0.pt
[2026-01-15 13:21:42,901][MedImageInsight.UniCLModel][INFO] - => init lang_encoder.resblocks.12.attn.in_proj_bias from /nas-ctm01/homes/fmferreira/MedImageInsights/2024.09.27/vision_model/medimageinsigt-v1.0.0.pt
[2026-01-15 13:21:42,901][MedImageInsight.UniCLModel][INFO] - => init lang_encoder.resblocks.12.attn.in_proj_weight from /nas-ctm01/homes/fmferreira/MedImageInsights/2024.09.27/vision_model/medimageinsigt-v1.0.0.pt
[2026-01-15 13:21:42,901][MedImageInsight.UniCLModel][INFO] - => init lang_encoder.resblocks.12.attn.out_proj.bias from /nas-ctm01/homes/fmferreira/MedImageInsights/2024.09.27/vision_model/medimageinsigt-v1.0.0.pt
[2026-01-15 13:21:42,901][MedImageInsight.UniCLModel][INFO] - => init lang_encoder.resblocks.12.attn.out_proj.weight from /nas-ctm01/homes/fmferreira/MedImageInsights/2024.09.27/vision_model/medimageinsigt-v1.0.0.pt
[2026-01-15 13:21:42,901][MedImageInsight.UniCLModel][INFO] - => init lang_encoder.resblocks.12.ln_1.bias from /nas-ctm01/homes/fmferreira/MedImageInsights/2024.09.27/vision_model/medimageinsigt-v1.0.0.pt
[2026-01-15 13:21:42,901][MedImageInsight.UniCLModel][INFO] - => init lang_encoder.resblocks.12.ln_1.weight from /nas-ctm01/homes/fmferreira/MedImageInsights/2024.09.27/vision_model/medimageinsigt-v1.0.0.pt
[2026-01-15 13:21:42,901][MedImageInsight.UniCLModel][INFO] - => init lang_encoder.resblocks.12.ln_2.bias from /nas-ctm01/homes/fmferreira/MedImageInsights/2024.09.27/vision_model/medimageinsigt-v1.0.0.pt
[2026-01-15 13:21:42,901][MedImageInsight.UniCLModel][INFO] - => init lang_encoder.resblocks.12.ln_2.weight from /nas-ctm01/homes/fmferreira/MedImageInsights/2024.09.27/vision_model/medimageinsigt-v1.0.0.pt
[2026-01-15 13:21:42,901][MedImageInsight.UniCLModel][INFO] - => init lang_encoder.resblocks.12.mlp.c_fc.bias from /nas-ctm01/homes/fmferreira/MedImageInsights/2024.09.27/vision_model/medimageinsigt-v1.0.0.pt
[2026-01-15 13:21:42,901][MedImageInsight.UniCLModel][INFO] - => init lang_encoder.resblocks.12.mlp.c_fc.weight from /nas-ctm01/homes/fmferreira/MedImageInsights/2024.09.27/vision_model/medimageinsigt-v1.0.0.pt
[2026-01-15 13:21:42,901][MedImageInsight.UniCLModel][INFO] - => init lang_encoder.resblocks.12.mlp.c_proj.bias from /nas-ctm01/homes/fmferreira/MedImageInsights/2024.09.27/vision_model/medimageinsigt-v1.0.0.pt
[2026-01-15 13:21:42,901][MedImageInsight.UniCLModel][INFO] - => init lang_encoder.resblocks.12.mlp.c_proj.weight from /nas-ctm01/homes/fmferreira/MedImageInsights/2024.09.27/vision_model/medimageinsigt-v1.0.0.pt
[2026-01-15 13:21:42,901][MedImageInsight.UniCLModel][INFO] - => init lang_encoder.resblocks.13.attn.in_proj_bias from /nas-ctm01/homes/fmferreira/MedImageInsights/2024.09.27/vision_model/medimageinsigt-v1.0.0.pt
[2026-01-15 13:21:42,901][MedImageInsight.UniCLModel][INFO] - => init lang_encoder.resblocks.13.attn.in_proj_weight from /nas-ctm01/homes/fmferreira/MedImageInsights/2024.09.27/vision_model/medimageinsigt-v1.0.0.pt
[2026-01-15 13:21:42,901][MedImageInsight.UniCLModel][INFO] - => init lang_encoder.resblocks.13.attn.out_proj.bias from /nas-ctm01/homes/fmferreira/MedImageInsights/2024.09.27/vision_model/medimageinsigt-v1.0.0.pt
[2026-01-15 13:21:42,901][MedImageInsight.UniCLModel][INFO] - => init lang_encoder.resblocks.13.attn.out_proj.weight from /nas-ctm01/homes/fmferreira/MedImageInsights/2024.09.27/vision_model/medimageinsigt-v1.0.0.pt
[2026-01-15 13:21:42,901][MedImageInsight.UniCLModel][INFO] - => init lang_encoder.resblocks.13.ln_1.bias from /nas-ctm01/homes/fmferreira/MedImageInsights/2024.09.27/vision_model/medimageinsigt-v1.0.0.pt
[2026-01-15 13:21:42,901][MedImageInsight.UniCLModel][INFO] - => init lang_encoder.resblocks.13.ln_1.weight from /nas-ctm01/homes/fmferreira/MedImageInsights/2024.09.27/vision_model/medimageinsigt-v1.0.0.pt
[2026-01-15 13:21:42,901][MedImageInsight.UniCLModel][INFO] - => init lang_encoder.resblocks.13.ln_2.bias from /nas-ctm01/homes/fmferreira/MedImageInsights/2024.09.27/vision_model/medimageinsigt-v1.0.0.pt
[2026-01-15 13:21:42,901][MedImageInsight.UniCLModel][INFO] - => init lang_encoder.resblocks.13.ln_2.weight from /nas-ctm01/homes/fmferreira/MedImageInsights/2024.09.27/vision_model/medimageinsigt-v1.0.0.pt
[2026-01-15 13:21:42,901][MedImageInsight.UniCLModel][INFO] - => init lang_encoder.resblocks.13.mlp.c_fc.bias from /nas-ctm01/homes/fmferreira/MedImageInsights/2024.09.27/vision_model/medimageinsigt-v1.0.0.pt
[2026-01-15 13:21:42,901][MedImageInsight.UniCLModel][INFO] - => init lang_encoder.resblocks.13.mlp.c_fc.weight from /nas-ctm01/homes/fmferreira/MedImageInsights/2024.09.27/vision_model/medimageinsigt-v1.0.0.pt
[2026-01-15 13:21:42,901][MedImageInsight.UniCLModel][INFO] - => init lang_encoder.resblocks.13.mlp.c_proj.bias from /nas-ctm01/homes/fmferreira/MedImageInsights/2024.09.27/vision_model/medimageinsigt-v1.0.0.pt
[2026-01-15 13:21:42,901][MedImageInsight.UniCLModel][INFO] - => init lang_encoder.resblocks.13.mlp.c_proj.weight from /nas-ctm01/homes/fmferreira/MedImageInsights/2024.09.27/vision_model/medimageinsigt-v1.0.0.pt
[2026-01-15 13:21:42,901][MedImageInsight.UniCLModel][INFO] - => init lang_encoder.resblocks.14.attn.in_proj_bias from /nas-ctm01/homes/fmferreira/MedImageInsights/2024.09.27/vision_model/medimageinsigt-v1.0.0.pt
[2026-01-15 13:21:42,901][MedImageInsight.UniCLModel][INFO] - => init lang_encoder.resblocks.14.attn.in_proj_weight from /nas-ctm01/homes/fmferreira/MedImageInsights/2024.09.27/vision_model/medimageinsigt-v1.0.0.pt
[2026-01-15 13:21:42,901][MedImageInsight.UniCLModel][INFO] - => init lang_encoder.resblocks.14.attn.out_proj.bias from /nas-ctm01/homes/fmferreira/MedImageInsights/2024.09.27/vision_model/medimageinsigt-v1.0.0.pt
[2026-01-15 13:21:42,902][MedImageInsight.UniCLModel][INFO] - => init lang_encoder.resblocks.14.attn.out_proj.weight from /nas-ctm01/homes/fmferreira/MedImageInsights/2024.09.27/vision_model/medimageinsigt-v1.0.0.pt
[2026-01-15 13:21:42,902][MedImageInsight.UniCLModel][INFO] - => init lang_encoder.resblocks.14.ln_1.bias from /nas-ctm01/homes/fmferreira/MedImageInsights/2024.09.27/vision_model/medimageinsigt-v1.0.0.pt
[2026-01-15 13:21:42,902][MedImageInsight.UniCLModel][INFO] - => init lang_encoder.resblocks.14.ln_1.weight from /nas-ctm01/homes/fmferreira/MedImageInsights/2024.09.27/vision_model/medimageinsigt-v1.0.0.pt
[2026-01-15 13:21:42,902][MedImageInsight.UniCLModel][INFO] - => init lang_encoder.resblocks.14.ln_2.bias from /nas-ctm01/homes/fmferreira/MedImageInsights/2024.09.27/vision_model/medimageinsigt-v1.0.0.pt
[2026-01-15 13:21:42,902][MedImageInsight.UniCLModel][INFO] - => init lang_encoder.resblocks.14.ln_2.weight from /nas-ctm01/homes/fmferreira/MedImageInsights/2024.09.27/vision_model/medimageinsigt-v1.0.0.pt
[2026-01-15 13:21:42,902][MedImageInsight.UniCLModel][INFO] - => init lang_encoder.resblocks.14.mlp.c_fc.bias from /nas-ctm01/homes/fmferreira/MedImageInsights/2024.09.27/vision_model/medimageinsigt-v1.0.0.pt
[2026-01-15 13:21:42,902][MedImageInsight.UniCLModel][INFO] - => init lang_encoder.resblocks.14.mlp.c_fc.weight from /nas-ctm01/homes/fmferreira/MedImageInsights/2024.09.27/vision_model/medimageinsigt-v1.0.0.pt
[2026-01-15 13:21:42,902][MedImageInsight.UniCLModel][INFO] - => init lang_encoder.resblocks.14.mlp.c_proj.bias from /nas-ctm01/homes/fmferreira/MedImageInsights/2024.09.27/vision_model/medimageinsigt-v1.0.0.pt
[2026-01-15 13:21:42,902][MedImageInsight.UniCLModel][INFO] - => init lang_encoder.resblocks.14.mlp.c_proj.weight from /nas-ctm01/homes/fmferreira/MedImageInsights/2024.09.27/vision_model/medimageinsigt-v1.0.0.pt
[2026-01-15 13:21:42,902][MedImageInsight.UniCLModel][INFO] - => init lang_encoder.resblocks.15.attn.in_proj_bias from /nas-ctm01/homes/fmferreira/MedImageInsights/2024.09.27/vision_model/medimageinsigt-v1.0.0.pt
[2026-01-15 13:21:42,902][MedImageInsight.UniCLModel][INFO] - => init lang_encoder.resblocks.15.attn.in_proj_weight from /nas-ctm01/homes/fmferreira/MedImageInsights/2024.09.27/vision_model/medimageinsigt-v1.0.0.pt
[2026-01-15 13:21:42,902][MedImageInsight.UniCLModel][INFO] - => init lang_encoder.resblocks.15.attn.out_proj.bias from /nas-ctm01/homes/fmferreira/MedImageInsights/2024.09.27/vision_model/medimageinsigt-v1.0.0.pt
[2026-01-15 13:21:42,902][MedImageInsight.UniCLModel][INFO] - => init lang_encoder.resblocks.15.attn.out_proj.weight from /nas-ctm01/homes/fmferreira/MedImageInsights/2024.09.27/vision_model/medimageinsigt-v1.0.0.pt
[2026-01-15 13:21:42,902][MedImageInsight.UniCLModel][INFO] - => init lang_encoder.resblocks.15.ln_1.bias from /nas-ctm01/homes/fmferreira/MedImageInsights/2024.09.27/vision_model/medimageinsigt-v1.0.0.pt
[2026-01-15 13:21:42,902][MedImageInsight.UniCLModel][INFO] - => init lang_encoder.resblocks.15.ln_1.weight from /nas-ctm01/homes/fmferreira/MedImageInsights/2024.09.27/vision_model/medimageinsigt-v1.0.0.pt
[2026-01-15 13:21:42,902][MedImageInsight.UniCLModel][INFO] - => init lang_encoder.resblocks.15.ln_2.bias from /nas-ctm01/homes/fmferreira/MedImageInsights/2024.09.27/vision_model/medimageinsigt-v1.0.0.pt
[2026-01-15 13:21:42,902][MedImageInsight.UniCLModel][INFO] - => init lang_encoder.resblocks.15.ln_2.weight from /nas-ctm01/homes/fmferreira/MedImageInsights/2024.09.27/vision_model/medimageinsigt-v1.0.0.pt
[2026-01-15 13:21:42,902][MedImageInsight.UniCLModel][INFO] - => init lang_encoder.resblocks.15.mlp.c_fc.bias from /nas-ctm01/homes/fmferreira/MedImageInsights/2024.09.27/vision_model/medimageinsigt-v1.0.0.pt
[2026-01-15 13:21:42,902][MedImageInsight.UniCLModel][INFO] - => init lang_encoder.resblocks.15.mlp.c_fc.weight from /nas-ctm01/homes/fmferreira/MedImageInsights/2024.09.27/vision_model/medimageinsigt-v1.0.0.pt
[2026-01-15 13:21:42,902][MedImageInsight.UniCLModel][INFO] - => init lang_encoder.resblocks.15.mlp.c_proj.bias from /nas-ctm01/homes/fmferreira/MedImageInsights/2024.09.27/vision_model/medimageinsigt-v1.0.0.pt
[2026-01-15 13:21:42,902][MedImageInsight.UniCLModel][INFO] - => init lang_encoder.resblocks.15.mlp.c_proj.weight from /nas-ctm01/homes/fmferreira/MedImageInsights/2024.09.27/vision_model/medimageinsigt-v1.0.0.pt
[2026-01-15 13:21:42,902][MedImageInsight.UniCLModel][INFO] - => init lang_encoder.resblocks.2.attn.in_proj_bias from /nas-ctm01/homes/fmferreira/MedImageInsights/2024.09.27/vision_model/medimageinsigt-v1.0.0.pt
[2026-01-15 13:21:42,902][MedImageInsight.UniCLModel][INFO] - => init lang_encoder.resblocks.2.attn.in_proj_weight from /nas-ctm01/homes/fmferreira/MedImageInsights/2024.09.27/vision_model/medimageinsigt-v1.0.0.pt
[2026-01-15 13:21:42,902][MedImageInsight.UniCLModel][INFO] - => init lang_encoder.resblocks.2.attn.out_proj.bias from /nas-ctm01/homes/fmferreira/MedImageInsights/2024.09.27/vision_model/medimageinsigt-v1.0.0.pt
[2026-01-15 13:21:42,902][MedImageInsight.UniCLModel][INFO] - => init lang_encoder.resblocks.2.attn.out_proj.weight from /nas-ctm01/homes/fmferreira/MedImageInsights/2024.09.27/vision_model/medimageinsigt-v1.0.0.pt
[2026-01-15 13:21:42,902][MedImageInsight.UniCLModel][INFO] - => init lang_encoder.resblocks.2.ln_1.bias from /nas-ctm01/homes/fmferreira/MedImageInsights/2024.09.27/vision_model/medimageinsigt-v1.0.0.pt
[2026-01-15 13:21:42,902][MedImageInsight.UniCLModel][INFO] - => init lang_encoder.resblocks.2.ln_1.weight from /nas-ctm01/homes/fmferreira/MedImageInsights/2024.09.27/vision_model/medimageinsigt-v1.0.0.pt
[2026-01-15 13:21:42,902][MedImageInsight.UniCLModel][INFO] - => init lang_encoder.resblocks.2.ln_2.bias from /nas-ctm01/homes/fmferreira/MedImageInsights/2024.09.27/vision_model/medimageinsigt-v1.0.0.pt
[2026-01-15 13:21:42,902][MedImageInsight.UniCLModel][INFO] - => init lang_encoder.resblocks.2.ln_2.weight from /nas-ctm01/homes/fmferreira/MedImageInsights/2024.09.27/vision_model/medimageinsigt-v1.0.0.pt
[2026-01-15 13:21:42,902][MedImageInsight.UniCLModel][INFO] - => init lang_encoder.resblocks.2.mlp.c_fc.bias from /nas-ctm01/homes/fmferreira/MedImageInsights/2024.09.27/vision_model/medimageinsigt-v1.0.0.pt
[2026-01-15 13:21:42,902][MedImageInsight.UniCLModel][INFO] - => init lang_encoder.resblocks.2.mlp.c_fc.weight from /nas-ctm01/homes/fmferreira/MedImageInsights/2024.09.27/vision_model/medimageinsigt-v1.0.0.pt
[2026-01-15 13:21:42,902][MedImageInsight.UniCLModel][INFO] - => init lang_encoder.resblocks.2.mlp.c_proj.bias from /nas-ctm01/homes/fmferreira/MedImageInsights/2024.09.27/vision_model/medimageinsigt-v1.0.0.pt
[2026-01-15 13:21:42,902][MedImageInsight.UniCLModel][INFO] - => init lang_encoder.resblocks.2.mlp.c_proj.weight from /nas-ctm01/homes/fmferreira/MedImageInsights/2024.09.27/vision_model/medimageinsigt-v1.0.0.pt
[2026-01-15 13:21:42,902][MedImageInsight.UniCLModel][INFO] - => init lang_encoder.resblocks.3.attn.in_proj_bias from /nas-ctm01/homes/fmferreira/MedImageInsights/2024.09.27/vision_model/medimageinsigt-v1.0.0.pt
[2026-01-15 13:21:42,902][MedImageInsight.UniCLModel][INFO] - => init lang_encoder.resblocks.3.attn.in_proj_weight from /nas-ctm01/homes/fmferreira/MedImageInsights/2024.09.27/vision_model/medimageinsigt-v1.0.0.pt
[2026-01-15 13:21:42,902][MedImageInsight.UniCLModel][INFO] - => init lang_encoder.resblocks.3.attn.out_proj.bias from /nas-ctm01/homes/fmferreira/MedImageInsights/2024.09.27/vision_model/medimageinsigt-v1.0.0.pt
[2026-01-15 13:21:42,902][MedImageInsight.UniCLModel][INFO] - => init lang_encoder.resblocks.3.attn.out_proj.weight from /nas-ctm01/homes/fmferreira/MedImageInsights/2024.09.27/vision_model/medimageinsigt-v1.0.0.pt
[2026-01-15 13:21:42,902][MedImageInsight.UniCLModel][INFO] - => init lang_encoder.resblocks.3.ln_1.bias from /nas-ctm01/homes/fmferreira/MedImageInsights/2024.09.27/vision_model/medimageinsigt-v1.0.0.pt
[2026-01-15 13:21:42,902][MedImageInsight.UniCLModel][INFO] - => init lang_encoder.resblocks.3.ln_1.weight from /nas-ctm01/homes/fmferreira/MedImageInsights/2024.09.27/vision_model/medimageinsigt-v1.0.0.pt
[2026-01-15 13:21:42,902][MedImageInsight.UniCLModel][INFO] - => init lang_encoder.resblocks.3.ln_2.bias from /nas-ctm01/homes/fmferreira/MedImageInsights/2024.09.27/vision_model/medimageinsigt-v1.0.0.pt
[2026-01-15 13:21:42,902][MedImageInsight.UniCLModel][INFO] - => init lang_encoder.resblocks.3.ln_2.weight from /nas-ctm01/homes/fmferreira/MedImageInsights/2024.09.27/vision_model/medimageinsigt-v1.0.0.pt
[2026-01-15 13:21:42,902][MedImageInsight.UniCLModel][INFO] - => init lang_encoder.resblocks.3.mlp.c_fc.bias from /nas-ctm01/homes/fmferreira/MedImageInsights/2024.09.27/vision_model/medimageinsigt-v1.0.0.pt
[2026-01-15 13:21:42,902][MedImageInsight.UniCLModel][INFO] - => init lang_encoder.resblocks.3.mlp.c_fc.weight from /nas-ctm01/homes/fmferreira/MedImageInsights/2024.09.27/vision_model/medimageinsigt-v1.0.0.pt
[2026-01-15 13:21:42,902][MedImageInsight.UniCLModel][INFO] - => init lang_encoder.resblocks.3.mlp.c_proj.bias from /nas-ctm01/homes/fmferreira/MedImageInsights/2024.09.27/vision_model/medimageinsigt-v1.0.0.pt
[2026-01-15 13:21:42,902][MedImageInsight.UniCLModel][INFO] - => init lang_encoder.resblocks.3.mlp.c_proj.weight from /nas-ctm01/homes/fmferreira/MedImageInsights/2024.09.27/vision_model/medimageinsigt-v1.0.0.pt
[2026-01-15 13:21:42,902][MedImageInsight.UniCLModel][INFO] - => init lang_encoder.resblocks.4.attn.in_proj_bias from /nas-ctm01/homes/fmferreira/MedImageInsights/2024.09.27/vision_model/medimageinsigt-v1.0.0.pt
[2026-01-15 13:21:42,902][MedImageInsight.UniCLModel][INFO] - => init lang_encoder.resblocks.4.attn.in_proj_weight from /nas-ctm01/homes/fmferreira/MedImageInsights/2024.09.27/vision_model/medimageinsigt-v1.0.0.pt
[2026-01-15 13:21:42,902][MedImageInsight.UniCLModel][INFO] - => init lang_encoder.resblocks.4.attn.out_proj.bias from /nas-ctm01/homes/fmferreira/MedImageInsights/2024.09.27/vision_model/medimageinsigt-v1.0.0.pt
[2026-01-15 13:21:42,902][MedImageInsight.UniCLModel][INFO] - => init lang_encoder.resblocks.4.attn.out_proj.weight from /nas-ctm01/homes/fmferreira/MedImageInsights/2024.09.27/vision_model/medimageinsigt-v1.0.0.pt
[2026-01-15 13:21:42,902][MedImageInsight.UniCLModel][INFO] - => init lang_encoder.resblocks.4.ln_1.bias from /nas-ctm01/homes/fmferreira/MedImageInsights/2024.09.27/vision_model/medimageinsigt-v1.0.0.pt
[2026-01-15 13:21:42,902][MedImageInsight.UniCLModel][INFO] - => init lang_encoder.resblocks.4.ln_1.weight from /nas-ctm01/homes/fmferreira/MedImageInsights/2024.09.27/vision_model/medimageinsigt-v1.0.0.pt
[2026-01-15 13:21:42,902][MedImageInsight.UniCLModel][INFO] - => init lang_encoder.resblocks.4.ln_2.bias from /nas-ctm01/homes/fmferreira/MedImageInsights/2024.09.27/vision_model/medimageinsigt-v1.0.0.pt
[2026-01-15 13:21:42,902][MedImageInsight.UniCLModel][INFO] - => init lang_encoder.resblocks.4.ln_2.weight from /nas-ctm01/homes/fmferreira/MedImageInsights/2024.09.27/vision_model/medimageinsigt-v1.0.0.pt
[2026-01-15 13:21:42,902][MedImageInsight.UniCLModel][INFO] - => init lang_encoder.resblocks.4.mlp.c_fc.bias from /nas-ctm01/homes/fmferreira/MedImageInsights/2024.09.27/vision_model/medimageinsigt-v1.0.0.pt
[2026-01-15 13:21:42,902][MedImageInsight.UniCLModel][INFO] - => init lang_encoder.resblocks.4.mlp.c_fc.weight from /nas-ctm01/homes/fmferreira/MedImageInsights/2024.09.27/vision_model/medimageinsigt-v1.0.0.pt
[2026-01-15 13:21:42,902][MedImageInsight.UniCLModel][INFO] - => init lang_encoder.resblocks.4.mlp.c_proj.bias from /nas-ctm01/homes/fmferreira/MedImageInsights/2024.09.27/vision_model/medimageinsigt-v1.0.0.pt
[2026-01-15 13:21:42,902][MedImageInsight.UniCLModel][INFO] - => init lang_encoder.resblocks.4.mlp.c_proj.weight from /nas-ctm01/homes/fmferreira/MedImageInsights/2024.09.27/vision_model/medimageinsigt-v1.0.0.pt
[2026-01-15 13:21:42,903][MedImageInsight.UniCLModel][INFO] - => init lang_encoder.resblocks.5.attn.in_proj_bias from /nas-ctm01/homes/fmferreira/MedImageInsights/2024.09.27/vision_model/medimageinsigt-v1.0.0.pt
[2026-01-15 13:21:42,903][MedImageInsight.UniCLModel][INFO] - => init lang_encoder.resblocks.5.attn.in_proj_weight from /nas-ctm01/homes/fmferreira/MedImageInsights/2024.09.27/vision_model/medimageinsigt-v1.0.0.pt
[2026-01-15 13:21:42,903][MedImageInsight.UniCLModel][INFO] - => init lang_encoder.resblocks.5.attn.out_proj.bias from /nas-ctm01/homes/fmferreira/MedImageInsights/2024.09.27/vision_model/medimageinsigt-v1.0.0.pt
[2026-01-15 13:21:42,903][MedImageInsight.UniCLModel][INFO] - => init lang_encoder.resblocks.5.attn.out_proj.weight from /nas-ctm01/homes/fmferreira/MedImageInsights/2024.09.27/vision_model/medimageinsigt-v1.0.0.pt
[2026-01-15 13:21:42,903][MedImageInsight.UniCLModel][INFO] - => init lang_encoder.resblocks.5.ln_1.bias from /nas-ctm01/homes/fmferreira/MedImageInsights/2024.09.27/vision_model/medimageinsigt-v1.0.0.pt
[2026-01-15 13:21:42,903][MedImageInsight.UniCLModel][INFO] - => init lang_encoder.resblocks.5.ln_1.weight from /nas-ctm01/homes/fmferreira/MedImageInsights/2024.09.27/vision_model/medimageinsigt-v1.0.0.pt
[2026-01-15 13:21:42,903][MedImageInsight.UniCLModel][INFO] - => init lang_encoder.resblocks.5.ln_2.bias from /nas-ctm01/homes/fmferreira/MedImageInsights/2024.09.27/vision_model/medimageinsigt-v1.0.0.pt
[2026-01-15 13:21:42,903][MedImageInsight.UniCLModel][INFO] - => init lang_encoder.resblocks.5.ln_2.weight from /nas-ctm01/homes/fmferreira/MedImageInsights/2024.09.27/vision_model/medimageinsigt-v1.0.0.pt
[2026-01-15 13:21:42,903][MedImageInsight.UniCLModel][INFO] - => init lang_encoder.resblocks.5.mlp.c_fc.bias from /nas-ctm01/homes/fmferreira/MedImageInsights/2024.09.27/vision_model/medimageinsigt-v1.0.0.pt
[2026-01-15 13:21:42,903][MedImageInsight.UniCLModel][INFO] - => init lang_encoder.resblocks.5.mlp.c_fc.weight from /nas-ctm01/homes/fmferreira/MedImageInsights/2024.09.27/vision_model/medimageinsigt-v1.0.0.pt
[2026-01-15 13:21:42,903][MedImageInsight.UniCLModel][INFO] - => init lang_encoder.resblocks.5.mlp.c_proj.bias from /nas-ctm01/homes/fmferreira/MedImageInsights/2024.09.27/vision_model/medimageinsigt-v1.0.0.pt
[2026-01-15 13:21:42,903][MedImageInsight.UniCLModel][INFO] - => init lang_encoder.resblocks.5.mlp.c_proj.weight from /nas-ctm01/homes/fmferreira/MedImageInsights/2024.09.27/vision_model/medimageinsigt-v1.0.0.pt
[2026-01-15 13:21:42,903][MedImageInsight.UniCLModel][INFO] - => init lang_encoder.resblocks.6.attn.in_proj_bias from /nas-ctm01/homes/fmferreira/MedImageInsights/2024.09.27/vision_model/medimageinsigt-v1.0.0.pt
[2026-01-15 13:21:42,903][MedImageInsight.UniCLModel][INFO] - => init lang_encoder.resblocks.6.attn.in_proj_weight from /nas-ctm01/homes/fmferreira/MedImageInsights/2024.09.27/vision_model/medimageinsigt-v1.0.0.pt
[2026-01-15 13:21:42,903][MedImageInsight.UniCLModel][INFO] - => init lang_encoder.resblocks.6.attn.out_proj.bias from /nas-ctm01/homes/fmferreira/MedImageInsights/2024.09.27/vision_model/medimageinsigt-v1.0.0.pt
[2026-01-15 13:21:42,903][MedImageInsight.UniCLModel][INFO] - => init lang_encoder.resblocks.6.attn.out_proj.weight from /nas-ctm01/homes/fmferreira/MedImageInsights/2024.09.27/vision_model/medimageinsigt-v1.0.0.pt
[2026-01-15 13:21:42,903][MedImageInsight.UniCLModel][INFO] - => init lang_encoder.resblocks.6.ln_1.bias from /nas-ctm01/homes/fmferreira/MedImageInsights/2024.09.27/vision_model/medimageinsigt-v1.0.0.pt
[2026-01-15 13:21:42,903][MedImageInsight.UniCLModel][INFO] - => init lang_encoder.resblocks.6.ln_1.weight from /nas-ctm01/homes/fmferreira/MedImageInsights/2024.09.27/vision_model/medimageinsigt-v1.0.0.pt
[2026-01-15 13:21:42,903][MedImageInsight.UniCLModel][INFO] - => init lang_encoder.resblocks.6.ln_2.bias from /nas-ctm01/homes/fmferreira/MedImageInsights/2024.09.27/vision_model/medimageinsigt-v1.0.0.pt
[2026-01-15 13:21:42,903][MedImageInsight.UniCLModel][INFO] - => init lang_encoder.resblocks.6.ln_2.weight from /nas-ctm01/homes/fmferreira/MedImageInsights/2024.09.27/vision_model/medimageinsigt-v1.0.0.pt
[2026-01-15 13:21:42,903][MedImageInsight.UniCLModel][INFO] - => init lang_encoder.resblocks.6.mlp.c_fc.bias from /nas-ctm01/homes/fmferreira/MedImageInsights/2024.09.27/vision_model/medimageinsigt-v1.0.0.pt
[2026-01-15 13:21:42,903][MedImageInsight.UniCLModel][INFO] - => init lang_encoder.resblocks.6.mlp.c_fc.weight from /nas-ctm01/homes/fmferreira/MedImageInsights/2024.09.27/vision_model/medimageinsigt-v1.0.0.pt
[2026-01-15 13:21:42,903][MedImageInsight.UniCLModel][INFO] - => init lang_encoder.resblocks.6.mlp.c_proj.bias from /nas-ctm01/homes/fmferreira/MedImageInsights/2024.09.27/vision_model/medimageinsigt-v1.0.0.pt
[2026-01-15 13:21:42,903][MedImageInsight.UniCLModel][INFO] - => init lang_encoder.resblocks.6.mlp.c_proj.weight from /nas-ctm01/homes/fmferreira/MedImageInsights/2024.09.27/vision_model/medimageinsigt-v1.0.0.pt
[2026-01-15 13:21:42,903][MedImageInsight.UniCLModel][INFO] - => init lang_encoder.resblocks.7.attn.in_proj_bias from /nas-ctm01/homes/fmferreira/MedImageInsights/2024.09.27/vision_model/medimageinsigt-v1.0.0.pt
[2026-01-15 13:21:42,903][MedImageInsight.UniCLModel][INFO] - => init lang_encoder.resblocks.7.attn.in_proj_weight from /nas-ctm01/homes/fmferreira/MedImageInsights/2024.09.27/vision_model/medimageinsigt-v1.0.0.pt
[2026-01-15 13:21:42,903][MedImageInsight.UniCLModel][INFO] - => init lang_encoder.resblocks.7.attn.out_proj.bias from /nas-ctm01/homes/fmferreira/MedImageInsights/2024.09.27/vision_model/medimageinsigt-v1.0.0.pt
[2026-01-15 13:21:42,903][MedImageInsight.UniCLModel][INFO] - => init lang_encoder.resblocks.7.attn.out_proj.weight from /nas-ctm01/homes/fmferreira/MedImageInsights/2024.09.27/vision_model/medimageinsigt-v1.0.0.pt
[2026-01-15 13:21:42,903][MedImageInsight.UniCLModel][INFO] - => init lang_encoder.resblocks.7.ln_1.bias from /nas-ctm01/homes/fmferreira/MedImageInsights/2024.09.27/vision_model/medimageinsigt-v1.0.0.pt
[2026-01-15 13:21:42,903][MedImageInsight.UniCLModel][INFO] - => init lang_encoder.resblocks.7.ln_1.weight from /nas-ctm01/homes/fmferreira/MedImageInsights/2024.09.27/vision_model/medimageinsigt-v1.0.0.pt
[2026-01-15 13:21:42,903][MedImageInsight.UniCLModel][INFO] - => init lang_encoder.resblocks.7.ln_2.bias from /nas-ctm01/homes/fmferreira/MedImageInsights/2024.09.27/vision_model/medimageinsigt-v1.0.0.pt
[2026-01-15 13:21:42,903][MedImageInsight.UniCLModel][INFO] - => init lang_encoder.resblocks.7.ln_2.weight from /nas-ctm01/homes/fmferreira/MedImageInsights/2024.09.27/vision_model/medimageinsigt-v1.0.0.pt
[2026-01-15 13:21:42,903][MedImageInsight.UniCLModel][INFO] - => init lang_encoder.resblocks.7.mlp.c_fc.bias from /nas-ctm01/homes/fmferreira/MedImageInsights/2024.09.27/vision_model/medimageinsigt-v1.0.0.pt
[2026-01-15 13:21:42,903][MedImageInsight.UniCLModel][INFO] - => init lang_encoder.resblocks.7.mlp.c_fc.weight from /nas-ctm01/homes/fmferreira/MedImageInsights/2024.09.27/vision_model/medimageinsigt-v1.0.0.pt
[2026-01-15 13:21:42,903][MedImageInsight.UniCLModel][INFO] - => init lang_encoder.resblocks.7.mlp.c_proj.bias from /nas-ctm01/homes/fmferreira/MedImageInsights/2024.09.27/vision_model/medimageinsigt-v1.0.0.pt
[2026-01-15 13:21:42,903][MedImageInsight.UniCLModel][INFO] - => init lang_encoder.resblocks.7.mlp.c_proj.weight from /nas-ctm01/homes/fmferreira/MedImageInsights/2024.09.27/vision_model/medimageinsigt-v1.0.0.pt
[2026-01-15 13:21:42,903][MedImageInsight.UniCLModel][INFO] - => init lang_encoder.resblocks.8.attn.in_proj_bias from /nas-ctm01/homes/fmferreira/MedImageInsights/2024.09.27/vision_model/medimageinsigt-v1.0.0.pt
[2026-01-15 13:21:42,903][MedImageInsight.UniCLModel][INFO] - => init lang_encoder.resblocks.8.attn.in_proj_weight from /nas-ctm01/homes/fmferreira/MedImageInsights/2024.09.27/vision_model/medimageinsigt-v1.0.0.pt
[2026-01-15 13:21:42,903][MedImageInsight.UniCLModel][INFO] - => init lang_encoder.resblocks.8.attn.out_proj.bias from /nas-ctm01/homes/fmferreira/MedImageInsights/2024.09.27/vision_model/medimageinsigt-v1.0.0.pt
[2026-01-15 13:21:42,903][MedImageInsight.UniCLModel][INFO] - => init lang_encoder.resblocks.8.attn.out_proj.weight from /nas-ctm01/homes/fmferreira/MedImageInsights/2024.09.27/vision_model/medimageinsigt-v1.0.0.pt
[2026-01-15 13:21:42,903][MedImageInsight.UniCLModel][INFO] - => init lang_encoder.resblocks.8.ln_1.bias from /nas-ctm01/homes/fmferreira/MedImageInsights/2024.09.27/vision_model/medimageinsigt-v1.0.0.pt
[2026-01-15 13:21:42,903][MedImageInsight.UniCLModel][INFO] - => init lang_encoder.resblocks.8.ln_1.weight from /nas-ctm01/homes/fmferreira/MedImageInsights/2024.09.27/vision_model/medimageinsigt-v1.0.0.pt
[2026-01-15 13:21:42,903][MedImageInsight.UniCLModel][INFO] - => init lang_encoder.resblocks.8.ln_2.bias from /nas-ctm01/homes/fmferreira/MedImageInsights/2024.09.27/vision_model/medimageinsigt-v1.0.0.pt
[2026-01-15 13:21:42,903][MedImageInsight.UniCLModel][INFO] - => init lang_encoder.resblocks.8.ln_2.weight from /nas-ctm01/homes/fmferreira/MedImageInsights/2024.09.27/vision_model/medimageinsigt-v1.0.0.pt
[2026-01-15 13:21:42,903][MedImageInsight.UniCLModel][INFO] - => init lang_encoder.resblocks.8.mlp.c_fc.bias from /nas-ctm01/homes/fmferreira/MedImageInsights/2024.09.27/vision_model/medimageinsigt-v1.0.0.pt
[2026-01-15 13:21:42,903][MedImageInsight.UniCLModel][INFO] - => init lang_encoder.resblocks.8.mlp.c_fc.weight from /nas-ctm01/homes/fmferreira/MedImageInsights/2024.09.27/vision_model/medimageinsigt-v1.0.0.pt
[2026-01-15 13:21:42,903][MedImageInsight.UniCLModel][INFO] - => init lang_encoder.resblocks.8.mlp.c_proj.bias from /nas-ctm01/homes/fmferreira/MedImageInsights/2024.09.27/vision_model/medimageinsigt-v1.0.0.pt
[2026-01-15 13:21:42,903][MedImageInsight.UniCLModel][INFO] - => init lang_encoder.resblocks.8.mlp.c_proj.weight from /nas-ctm01/homes/fmferreira/MedImageInsights/2024.09.27/vision_model/medimageinsigt-v1.0.0.pt
[2026-01-15 13:21:42,903][MedImageInsight.UniCLModel][INFO] - => init lang_encoder.resblocks.9.attn.in_proj_bias from /nas-ctm01/homes/fmferreira/MedImageInsights/2024.09.27/vision_model/medimageinsigt-v1.0.0.pt
[2026-01-15 13:21:42,903][MedImageInsight.UniCLModel][INFO] - => init lang_encoder.resblocks.9.attn.in_proj_weight from /nas-ctm01/homes/fmferreira/MedImageInsights/2024.09.27/vision_model/medimageinsigt-v1.0.0.pt
[2026-01-15 13:21:42,903][MedImageInsight.UniCLModel][INFO] - => init lang_encoder.resblocks.9.attn.out_proj.bias from /nas-ctm01/homes/fmferreira/MedImageInsights/2024.09.27/vision_model/medimageinsigt-v1.0.0.pt
[2026-01-15 13:21:42,903][MedImageInsight.UniCLModel][INFO] - => init lang_encoder.resblocks.9.attn.out_proj.weight from /nas-ctm01/homes/fmferreira/MedImageInsights/2024.09.27/vision_model/medimageinsigt-v1.0.0.pt
[2026-01-15 13:21:42,903][MedImageInsight.UniCLModel][INFO] - => init lang_encoder.resblocks.9.ln_1.bias from /nas-ctm01/homes/fmferreira/MedImageInsights/2024.09.27/vision_model/medimageinsigt-v1.0.0.pt
[2026-01-15 13:21:42,903][MedImageInsight.UniCLModel][INFO] - => init lang_encoder.resblocks.9.ln_1.weight from /nas-ctm01/homes/fmferreira/MedImageInsights/2024.09.27/vision_model/medimageinsigt-v1.0.0.pt
[2026-01-15 13:21:42,903][MedImageInsight.UniCLModel][INFO] - => init lang_encoder.resblocks.9.ln_2.bias from /nas-ctm01/homes/fmferreira/MedImageInsights/2024.09.27/vision_model/medimageinsigt-v1.0.0.pt
[2026-01-15 13:21:42,903][MedImageInsight.UniCLModel][INFO] - => init lang_encoder.resblocks.9.ln_2.weight from /nas-ctm01/homes/fmferreira/MedImageInsights/2024.09.27/vision_model/medimageinsigt-v1.0.0.pt
[2026-01-15 13:21:42,903][MedImageInsight.UniCLModel][INFO] - => init lang_encoder.resblocks.9.mlp.c_fc.bias from /nas-ctm01/homes/fmferreira/MedImageInsights/2024.09.27/vision_model/medimageinsigt-v1.0.0.pt
[2026-01-15 13:21:42,904][MedImageInsight.UniCLModel][INFO] - => init lang_encoder.resblocks.9.mlp.c_fc.weight from /nas-ctm01/homes/fmferreira/MedImageInsights/2024.09.27/vision_model/medimageinsigt-v1.0.0.pt
[2026-01-15 13:21:42,904][MedImageInsight.UniCLModel][INFO] - => init lang_encoder.resblocks.9.mlp.c_proj.bias from /nas-ctm01/homes/fmferreira/MedImageInsights/2024.09.27/vision_model/medimageinsigt-v1.0.0.pt
[2026-01-15 13:21:42,904][MedImageInsight.UniCLModel][INFO] - => init lang_encoder.resblocks.9.mlp.c_proj.weight from /nas-ctm01/homes/fmferreira/MedImageInsights/2024.09.27/vision_model/medimageinsigt-v1.0.0.pt
[2026-01-15 13:21:42,904][MedImageInsight.UniCLModel][INFO] - => init lang_encoder.token_embedding.weight from /nas-ctm01/homes/fmferreira/MedImageInsights/2024.09.27/vision_model/medimageinsigt-v1.0.0.pt
[2026-01-15 13:21:42,904][MedImageInsight.UniCLModel][INFO] - => init lang_projection from /nas-ctm01/homes/fmferreira/MedImageInsights/2024.09.27/vision_model/medimageinsigt-v1.0.0.pt
[2026-01-15 13:21:42,904][MedImageInsight.UniCLModel][INFO] - => init logit_scale from /nas-ctm01/homes/fmferreira/MedImageInsights/2024.09.27/vision_model/medimageinsigt-v1.0.0.pt
[2026-01-15 13:21:42,906][MedImageInsight.ImageEncoder.davit_v1][INFO] - => init blocks.0.0.channel_block.channel_attn.fn.proj.bias from pretrained state dict
[2026-01-15 13:21:42,906][MedImageInsight.ImageEncoder.davit_v1][INFO] - => init blocks.0.0.channel_block.channel_attn.fn.proj.weight from pretrained state dict
[2026-01-15 13:21:42,907][MedImageInsight.ImageEncoder.davit_v1][INFO] - => init blocks.0.0.channel_block.channel_attn.fn.qkv.bias from pretrained state dict
[2026-01-15 13:21:42,907][MedImageInsight.ImageEncoder.davit_v1][INFO] - => init blocks.0.0.channel_block.channel_attn.fn.qkv.weight from pretrained state dict
[2026-01-15 13:21:42,907][MedImageInsight.ImageEncoder.davit_v1][INFO] - => init blocks.0.0.channel_block.channel_attn.norm.bias from pretrained state dict
[2026-01-15 13:21:42,907][MedImageInsight.ImageEncoder.davit_v1][INFO] - => init blocks.0.0.channel_block.channel_attn.norm.weight from pretrained state dict
[2026-01-15 13:21:42,907][MedImageInsight.ImageEncoder.davit_v1][INFO] - => init blocks.0.0.channel_block.conv1.fn.dw.bias from pretrained state dict
[2026-01-15 13:21:42,907][MedImageInsight.ImageEncoder.davit_v1][INFO] - => init blocks.0.0.channel_block.conv1.fn.dw.weight from pretrained state dict
[2026-01-15 13:21:42,907][MedImageInsight.ImageEncoder.davit_v1][INFO] - => init blocks.0.0.channel_block.conv2.fn.dw.bias from pretrained state dict
[2026-01-15 13:21:42,907][MedImageInsight.ImageEncoder.davit_v1][INFO] - => init blocks.0.0.channel_block.conv2.fn.dw.weight from pretrained state dict
[2026-01-15 13:21:42,907][MedImageInsight.ImageEncoder.davit_v1][INFO] - => init blocks.0.0.channel_block.ffn.fn.net.fc1.bias from pretrained state dict
[2026-01-15 13:21:42,907][MedImageInsight.ImageEncoder.davit_v1][INFO] - => init blocks.0.0.channel_block.ffn.fn.net.fc1.weight from pretrained state dict
[2026-01-15 13:21:42,907][MedImageInsight.ImageEncoder.davit_v1][INFO] - => init blocks.0.0.channel_block.ffn.fn.net.fc2.bias from pretrained state dict
[2026-01-15 13:21:42,907][MedImageInsight.ImageEncoder.davit_v1][INFO] - => init blocks.0.0.channel_block.ffn.fn.net.fc2.weight from pretrained state dict
[2026-01-15 13:21:42,907][MedImageInsight.ImageEncoder.davit_v1][INFO] - => init blocks.0.0.channel_block.ffn.norm.bias from pretrained state dict
[2026-01-15 13:21:42,907][MedImageInsight.ImageEncoder.davit_v1][INFO] - => init blocks.0.0.channel_block.ffn.norm.weight from pretrained state dict
[2026-01-15 13:21:42,907][MedImageInsight.ImageEncoder.davit_v1][INFO] - => init blocks.0.0.spatial_block.conv1.fn.dw.bias from pretrained state dict
[2026-01-15 13:21:42,907][MedImageInsight.ImageEncoder.davit_v1][INFO] - => init blocks.0.0.spatial_block.conv1.fn.dw.weight from pretrained state dict
[2026-01-15 13:21:42,907][MedImageInsight.ImageEncoder.davit_v1][INFO] - => init blocks.0.0.spatial_block.conv2.fn.dw.bias from pretrained state dict
[2026-01-15 13:21:42,907][MedImageInsight.ImageEncoder.davit_v1][INFO] - => init blocks.0.0.spatial_block.conv2.fn.dw.weight from pretrained state dict
[2026-01-15 13:21:42,907][MedImageInsight.ImageEncoder.davit_v1][INFO] - => init blocks.0.0.spatial_block.ffn.fn.net.fc1.bias from pretrained state dict
[2026-01-15 13:21:42,907][MedImageInsight.ImageEncoder.davit_v1][INFO] - => init blocks.0.0.spatial_block.ffn.fn.net.fc1.weight from pretrained state dict
[2026-01-15 13:21:42,907][MedImageInsight.ImageEncoder.davit_v1][INFO] - => init blocks.0.0.spatial_block.ffn.fn.net.fc2.bias from pretrained state dict
[2026-01-15 13:21:42,907][MedImageInsight.ImageEncoder.davit_v1][INFO] - => init blocks.0.0.spatial_block.ffn.fn.net.fc2.weight from pretrained state dict
[2026-01-15 13:21:42,907][MedImageInsight.ImageEncoder.davit_v1][INFO] - => init blocks.0.0.spatial_block.ffn.norm.bias from pretrained state dict
[2026-01-15 13:21:42,907][MedImageInsight.ImageEncoder.davit_v1][INFO] - => init blocks.0.0.spatial_block.ffn.norm.weight from pretrained state dict
[2026-01-15 13:21:42,907][MedImageInsight.ImageEncoder.davit_v1][INFO] - => init blocks.0.0.spatial_block.window_attn.fn.proj.bias from pretrained state dict
[2026-01-15 13:21:42,907][MedImageInsight.ImageEncoder.davit_v1][INFO] - => init blocks.0.0.spatial_block.window_attn.fn.proj.weight from pretrained state dict
[2026-01-15 13:21:42,907][MedImageInsight.ImageEncoder.davit_v1][INFO] - => init blocks.0.0.spatial_block.window_attn.fn.qkv.bias from pretrained state dict
[2026-01-15 13:21:42,907][MedImageInsight.ImageEncoder.davit_v1][INFO] - => init blocks.0.0.spatial_block.window_attn.fn.qkv.weight from pretrained state dict
[2026-01-15 13:21:42,907][MedImageInsight.ImageEncoder.davit_v1][INFO] - => init blocks.0.0.spatial_block.window_attn.norm.bias from pretrained state dict
[2026-01-15 13:21:42,907][MedImageInsight.ImageEncoder.davit_v1][INFO] - => init blocks.0.0.spatial_block.window_attn.norm.weight from pretrained state dict
[2026-01-15 13:21:42,907][MedImageInsight.ImageEncoder.davit_v1][INFO] - => init blocks.1.0.channel_block.channel_attn.fn.proj.bias from pretrained state dict
[2026-01-15 13:21:42,907][MedImageInsight.ImageEncoder.davit_v1][INFO] - => init blocks.1.0.channel_block.channel_attn.fn.proj.weight from pretrained state dict
[2026-01-15 13:21:42,907][MedImageInsight.ImageEncoder.davit_v1][INFO] - => init blocks.1.0.channel_block.channel_attn.fn.qkv.bias from pretrained state dict
[2026-01-15 13:21:42,907][MedImageInsight.ImageEncoder.davit_v1][INFO] - => init blocks.1.0.channel_block.channel_attn.fn.qkv.weight from pretrained state dict
[2026-01-15 13:21:42,907][MedImageInsight.ImageEncoder.davit_v1][INFO] - => init blocks.1.0.channel_block.channel_attn.norm.bias from pretrained state dict
[2026-01-15 13:21:42,907][MedImageInsight.ImageEncoder.davit_v1][INFO] - => init blocks.1.0.channel_block.channel_attn.norm.weight from pretrained state dict
[2026-01-15 13:21:42,907][MedImageInsight.ImageEncoder.davit_v1][INFO] - => init blocks.1.0.channel_block.conv1.fn.dw.bias from pretrained state dict
[2026-01-15 13:21:42,907][MedImageInsight.ImageEncoder.davit_v1][INFO] - => init blocks.1.0.channel_block.conv1.fn.dw.weight from pretrained state dict
[2026-01-15 13:21:42,907][MedImageInsight.ImageEncoder.davit_v1][INFO] - => init blocks.1.0.channel_block.conv2.fn.dw.bias from pretrained state dict
[2026-01-15 13:21:42,907][MedImageInsight.ImageEncoder.davit_v1][INFO] - => init blocks.1.0.channel_block.conv2.fn.dw.weight from pretrained state dict
[2026-01-15 13:21:42,907][MedImageInsight.ImageEncoder.davit_v1][INFO] - => init blocks.1.0.channel_block.ffn.fn.net.fc1.bias from pretrained state dict
[2026-01-15 13:21:42,907][MedImageInsight.ImageEncoder.davit_v1][INFO] - => init blocks.1.0.channel_block.ffn.fn.net.fc1.weight from pretrained state dict
[2026-01-15 13:21:42,907][MedImageInsight.ImageEncoder.davit_v1][INFO] - => init blocks.1.0.channel_block.ffn.fn.net.fc2.bias from pretrained state dict
[2026-01-15 13:21:42,907][MedImageInsight.ImageEncoder.davit_v1][INFO] - => init blocks.1.0.channel_block.ffn.fn.net.fc2.weight from pretrained state dict
[2026-01-15 13:21:42,907][MedImageInsight.ImageEncoder.davit_v1][INFO] - => init blocks.1.0.channel_block.ffn.norm.bias from pretrained state dict
[2026-01-15 13:21:42,907][MedImageInsight.ImageEncoder.davit_v1][INFO] - => init blocks.1.0.channel_block.ffn.norm.weight from pretrained state dict
[2026-01-15 13:21:42,907][MedImageInsight.ImageEncoder.davit_v1][INFO] - => init blocks.1.0.spatial_block.conv1.fn.dw.bias from pretrained state dict
[2026-01-15 13:21:42,907][MedImageInsight.ImageEncoder.davit_v1][INFO] - => init blocks.1.0.spatial_block.conv1.fn.dw.weight from pretrained state dict
[2026-01-15 13:21:42,907][MedImageInsight.ImageEncoder.davit_v1][INFO] - => init blocks.1.0.spatial_block.conv2.fn.dw.bias from pretrained state dict
[2026-01-15 13:21:42,907][MedImageInsight.ImageEncoder.davit_v1][INFO] - => init blocks.1.0.spatial_block.conv2.fn.dw.weight from pretrained state dict
[2026-01-15 13:21:42,907][MedImageInsight.ImageEncoder.davit_v1][INFO] - => init blocks.1.0.spatial_block.ffn.fn.net.fc1.bias from pretrained state dict
[2026-01-15 13:21:42,907][MedImageInsight.ImageEncoder.davit_v1][INFO] - => init blocks.1.0.spatial_block.ffn.fn.net.fc1.weight from pretrained state dict
[2026-01-15 13:21:42,907][MedImageInsight.ImageEncoder.davit_v1][INFO] - => init blocks.1.0.spatial_block.ffn.fn.net.fc2.bias from pretrained state dict
[2026-01-15 13:21:42,907][MedImageInsight.ImageEncoder.davit_v1][INFO] - => init blocks.1.0.spatial_block.ffn.fn.net.fc2.weight from pretrained state dict
[2026-01-15 13:21:42,907][MedImageInsight.ImageEncoder.davit_v1][INFO] - => init blocks.1.0.spatial_block.ffn.norm.bias from pretrained state dict
[2026-01-15 13:21:42,907][MedImageInsight.ImageEncoder.davit_v1][INFO] - => init blocks.1.0.spatial_block.ffn.norm.weight from pretrained state dict
[2026-01-15 13:21:42,907][MedImageInsight.ImageEncoder.davit_v1][INFO] - => init blocks.1.0.spatial_block.window_attn.fn.proj.bias from pretrained state dict
[2026-01-15 13:21:42,907][MedImageInsight.ImageEncoder.davit_v1][INFO] - => init blocks.1.0.spatial_block.window_attn.fn.proj.weight from pretrained state dict
[2026-01-15 13:21:42,908][MedImageInsight.ImageEncoder.davit_v1][INFO] - => init blocks.1.0.spatial_block.window_attn.fn.qkv.bias from pretrained state dict
[2026-01-15 13:21:42,908][MedImageInsight.ImageEncoder.davit_v1][INFO] - => init blocks.1.0.spatial_block.window_attn.fn.qkv.weight from pretrained state dict
[2026-01-15 13:21:42,908][MedImageInsight.ImageEncoder.davit_v1][INFO] - => init blocks.1.0.spatial_block.window_attn.norm.bias from pretrained state dict
[2026-01-15 13:21:42,908][MedImageInsight.ImageEncoder.davit_v1][INFO] - => init blocks.1.0.spatial_block.window_attn.norm.weight from pretrained state dict
[2026-01-15 13:21:42,908][MedImageInsight.ImageEncoder.davit_v1][INFO] - => init blocks.2.0.channel_block.channel_attn.fn.proj.bias from pretrained state dict
[2026-01-15 13:21:42,908][MedImageInsight.ImageEncoder.davit_v1][INFO] - => init blocks.2.0.channel_block.channel_attn.fn.proj.weight from pretrained state dict
[2026-01-15 13:21:42,908][MedImageInsight.ImageEncoder.davit_v1][INFO] - => init blocks.2.0.channel_block.channel_attn.fn.qkv.bias from pretrained state dict
[2026-01-15 13:21:42,908][MedImageInsight.ImageEncoder.davit_v1][INFO] - => init blocks.2.0.channel_block.channel_attn.fn.qkv.weight from pretrained state dict
[2026-01-15 13:21:42,908][MedImageInsight.ImageEncoder.davit_v1][INFO] - => init blocks.2.0.channel_block.channel_attn.norm.bias from pretrained state dict
[2026-01-15 13:21:42,908][MedImageInsight.ImageEncoder.davit_v1][INFO] - => init blocks.2.0.channel_block.channel_attn.norm.weight from pretrained state dict
[2026-01-15 13:21:42,908][MedImageInsight.ImageEncoder.davit_v1][INFO] - => init blocks.2.0.channel_block.conv1.fn.dw.bias from pretrained state dict
[2026-01-15 13:21:42,908][MedImageInsight.ImageEncoder.davit_v1][INFO] - => init blocks.2.0.channel_block.conv1.fn.dw.weight from pretrained state dict
[2026-01-15 13:21:42,908][MedImageInsight.ImageEncoder.davit_v1][INFO] - => init blocks.2.0.channel_block.conv2.fn.dw.bias from pretrained state dict
[2026-01-15 13:21:42,908][MedImageInsight.ImageEncoder.davit_v1][INFO] - => init blocks.2.0.channel_block.conv2.fn.dw.weight from pretrained state dict
[2026-01-15 13:21:42,908][MedImageInsight.ImageEncoder.davit_v1][INFO] - => init blocks.2.0.channel_block.ffn.fn.net.fc1.bias from pretrained state dict
[2026-01-15 13:21:42,908][MedImageInsight.ImageEncoder.davit_v1][INFO] - => init blocks.2.0.channel_block.ffn.fn.net.fc1.weight from pretrained state dict
[2026-01-15 13:21:42,908][MedImageInsight.ImageEncoder.davit_v1][INFO] - => init blocks.2.0.channel_block.ffn.fn.net.fc2.bias from pretrained state dict
[2026-01-15 13:21:42,908][MedImageInsight.ImageEncoder.davit_v1][INFO] - => init blocks.2.0.channel_block.ffn.fn.net.fc2.weight from pretrained state dict
[2026-01-15 13:21:42,908][MedImageInsight.ImageEncoder.davit_v1][INFO] - => init blocks.2.0.channel_block.ffn.norm.bias from pretrained state dict
[2026-01-15 13:21:42,908][MedImageInsight.ImageEncoder.davit_v1][INFO] - => init blocks.2.0.channel_block.ffn.norm.weight from pretrained state dict
[2026-01-15 13:21:42,908][MedImageInsight.ImageEncoder.davit_v1][INFO] - => init blocks.2.0.spatial_block.conv1.fn.dw.bias from pretrained state dict
[2026-01-15 13:21:42,908][MedImageInsight.ImageEncoder.davit_v1][INFO] - => init blocks.2.0.spatial_block.conv1.fn.dw.weight from pretrained state dict
[2026-01-15 13:21:42,908][MedImageInsight.ImageEncoder.davit_v1][INFO] - => init blocks.2.0.spatial_block.conv2.fn.dw.bias from pretrained state dict
[2026-01-15 13:21:42,908][MedImageInsight.ImageEncoder.davit_v1][INFO] - => init blocks.2.0.spatial_block.conv2.fn.dw.weight from pretrained state dict
[2026-01-15 13:21:42,908][MedImageInsight.ImageEncoder.davit_v1][INFO] - => init blocks.2.0.spatial_block.ffn.fn.net.fc1.bias from pretrained state dict
[2026-01-15 13:21:42,908][MedImageInsight.ImageEncoder.davit_v1][INFO] - => init blocks.2.0.spatial_block.ffn.fn.net.fc1.weight from pretrained state dict
[2026-01-15 13:21:42,908][MedImageInsight.ImageEncoder.davit_v1][INFO] - => init blocks.2.0.spatial_block.ffn.fn.net.fc2.bias from pretrained state dict
[2026-01-15 13:21:42,908][MedImageInsight.ImageEncoder.davit_v1][INFO] - => init blocks.2.0.spatial_block.ffn.fn.net.fc2.weight from pretrained state dict
[2026-01-15 13:21:42,908][MedImageInsight.ImageEncoder.davit_v1][INFO] - => init blocks.2.0.spatial_block.ffn.norm.bias from pretrained state dict
[2026-01-15 13:21:42,908][MedImageInsight.ImageEncoder.davit_v1][INFO] - => init blocks.2.0.spatial_block.ffn.norm.weight from pretrained state dict
[2026-01-15 13:21:42,908][MedImageInsight.ImageEncoder.davit_v1][INFO] - => init blocks.2.0.spatial_block.window_attn.fn.proj.bias from pretrained state dict
[2026-01-15 13:21:42,908][MedImageInsight.ImageEncoder.davit_v1][INFO] - => init blocks.2.0.spatial_block.window_attn.fn.proj.weight from pretrained state dict
[2026-01-15 13:21:42,908][MedImageInsight.ImageEncoder.davit_v1][INFO] - => init blocks.2.0.spatial_block.window_attn.fn.qkv.bias from pretrained state dict
[2026-01-15 13:21:42,908][MedImageInsight.ImageEncoder.davit_v1][INFO] - => init blocks.2.0.spatial_block.window_attn.fn.qkv.weight from pretrained state dict
[2026-01-15 13:21:42,908][MedImageInsight.ImageEncoder.davit_v1][INFO] - => init blocks.2.0.spatial_block.window_attn.norm.bias from pretrained state dict
[2026-01-15 13:21:42,908][MedImageInsight.ImageEncoder.davit_v1][INFO] - => init blocks.2.0.spatial_block.window_attn.norm.weight from pretrained state dict
[2026-01-15 13:21:42,908][MedImageInsight.ImageEncoder.davit_v1][INFO] - => init blocks.2.1.channel_block.channel_attn.fn.proj.bias from pretrained state dict
[2026-01-15 13:21:42,908][MedImageInsight.ImageEncoder.davit_v1][INFO] - => init blocks.2.1.channel_block.channel_attn.fn.proj.weight from pretrained state dict
[2026-01-15 13:21:42,908][MedImageInsight.ImageEncoder.davit_v1][INFO] - => init blocks.2.1.channel_block.channel_attn.fn.qkv.bias from pretrained state dict
[2026-01-15 13:21:42,908][MedImageInsight.ImageEncoder.davit_v1][INFO] - => init blocks.2.1.channel_block.channel_attn.fn.qkv.weight from pretrained state dict
[2026-01-15 13:21:42,908][MedImageInsight.ImageEncoder.davit_v1][INFO] - => init blocks.2.1.channel_block.channel_attn.norm.bias from pretrained state dict
[2026-01-15 13:21:42,908][MedImageInsight.ImageEncoder.davit_v1][INFO] - => init blocks.2.1.channel_block.channel_attn.norm.weight from pretrained state dict
[2026-01-15 13:21:42,908][MedImageInsight.ImageEncoder.davit_v1][INFO] - => init blocks.2.1.channel_block.conv1.fn.dw.bias from pretrained state dict
[2026-01-15 13:21:42,908][MedImageInsight.ImageEncoder.davit_v1][INFO] - => init blocks.2.1.channel_block.conv1.fn.dw.weight from pretrained state dict
[2026-01-15 13:21:42,908][MedImageInsight.ImageEncoder.davit_v1][INFO] - => init blocks.2.1.channel_block.conv2.fn.dw.bias from pretrained state dict
[2026-01-15 13:21:42,908][MedImageInsight.ImageEncoder.davit_v1][INFO] - => init blocks.2.1.channel_block.conv2.fn.dw.weight from pretrained state dict
[2026-01-15 13:21:42,908][MedImageInsight.ImageEncoder.davit_v1][INFO] - => init blocks.2.1.channel_block.ffn.fn.net.fc1.bias from pretrained state dict
[2026-01-15 13:21:42,908][MedImageInsight.ImageEncoder.davit_v1][INFO] - => init blocks.2.1.channel_block.ffn.fn.net.fc1.weight from pretrained state dict
[2026-01-15 13:21:42,908][MedImageInsight.ImageEncoder.davit_v1][INFO] - => init blocks.2.1.channel_block.ffn.fn.net.fc2.bias from pretrained state dict
[2026-01-15 13:21:42,908][MedImageInsight.ImageEncoder.davit_v1][INFO] - => init blocks.2.1.channel_block.ffn.fn.net.fc2.weight from pretrained state dict
[2026-01-15 13:21:42,908][MedImageInsight.ImageEncoder.davit_v1][INFO] - => init blocks.2.1.channel_block.ffn.norm.bias from pretrained state dict
[2026-01-15 13:21:42,908][MedImageInsight.ImageEncoder.davit_v1][INFO] - => init blocks.2.1.channel_block.ffn.norm.weight from pretrained state dict
[2026-01-15 13:21:42,908][MedImageInsight.ImageEncoder.davit_v1][INFO] - => init blocks.2.1.spatial_block.conv1.fn.dw.bias from pretrained state dict
[2026-01-15 13:21:42,908][MedImageInsight.ImageEncoder.davit_v1][INFO] - => init blocks.2.1.spatial_block.conv1.fn.dw.weight from pretrained state dict
[2026-01-15 13:21:42,908][MedImageInsight.ImageEncoder.davit_v1][INFO] - => init blocks.2.1.spatial_block.conv2.fn.dw.bias from pretrained state dict
[2026-01-15 13:21:42,908][MedImageInsight.ImageEncoder.davit_v1][INFO] - => init blocks.2.1.spatial_block.conv2.fn.dw.weight from pretrained state dict
[2026-01-15 13:21:42,908][MedImageInsight.ImageEncoder.davit_v1][INFO] - => init blocks.2.1.spatial_block.ffn.fn.net.fc1.bias from pretrained state dict
[2026-01-15 13:21:42,908][MedImageInsight.ImageEncoder.davit_v1][INFO] - => init blocks.2.1.spatial_block.ffn.fn.net.fc1.weight from pretrained state dict
[2026-01-15 13:21:42,909][MedImageInsight.ImageEncoder.davit_v1][INFO] - => init blocks.2.1.spatial_block.ffn.fn.net.fc2.bias from pretrained state dict
[2026-01-15 13:21:42,909][MedImageInsight.ImageEncoder.davit_v1][INFO] - => init blocks.2.1.spatial_block.ffn.fn.net.fc2.weight from pretrained state dict
[2026-01-15 13:21:42,909][MedImageInsight.ImageEncoder.davit_v1][INFO] - => init blocks.2.1.spatial_block.ffn.norm.bias from pretrained state dict
[2026-01-15 13:21:42,909][MedImageInsight.ImageEncoder.davit_v1][INFO] - => init blocks.2.1.spatial_block.ffn.norm.weight from pretrained state dict
[2026-01-15 13:21:42,909][MedImageInsight.ImageEncoder.davit_v1][INFO] - => init blocks.2.1.spatial_block.window_attn.fn.proj.bias from pretrained state dict
[2026-01-15 13:21:42,909][MedImageInsight.ImageEncoder.davit_v1][INFO] - => init blocks.2.1.spatial_block.window_attn.fn.proj.weight from pretrained state dict
[2026-01-15 13:21:42,909][MedImageInsight.ImageEncoder.davit_v1][INFO] - => init blocks.2.1.spatial_block.window_attn.fn.qkv.bias from pretrained state dict
[2026-01-15 13:21:42,909][MedImageInsight.ImageEncoder.davit_v1][INFO] - => init blocks.2.1.spatial_block.window_attn.fn.qkv.weight from pretrained state dict
[2026-01-15 13:21:42,909][MedImageInsight.ImageEncoder.davit_v1][INFO] - => init blocks.2.1.spatial_block.window_attn.norm.bias from pretrained state dict
[2026-01-15 13:21:42,909][MedImageInsight.ImageEncoder.davit_v1][INFO] - => init blocks.2.1.spatial_block.window_attn.norm.weight from pretrained state dict
[2026-01-15 13:21:42,909][MedImageInsight.ImageEncoder.davit_v1][INFO] - => init blocks.2.2.channel_block.channel_attn.fn.proj.bias from pretrained state dict
[2026-01-15 13:21:42,909][MedImageInsight.ImageEncoder.davit_v1][INFO] - => init blocks.2.2.channel_block.channel_attn.fn.proj.weight from pretrained state dict
[2026-01-15 13:21:42,909][MedImageInsight.ImageEncoder.davit_v1][INFO] - => init blocks.2.2.channel_block.channel_attn.fn.qkv.bias from pretrained state dict
[2026-01-15 13:21:42,909][MedImageInsight.ImageEncoder.davit_v1][INFO] - => init blocks.2.2.channel_block.channel_attn.fn.qkv.weight from pretrained state dict
[2026-01-15 13:21:42,909][MedImageInsight.ImageEncoder.davit_v1][INFO] - => init blocks.2.2.channel_block.channel_attn.norm.bias from pretrained state dict
[2026-01-15 13:21:42,909][MedImageInsight.ImageEncoder.davit_v1][INFO] - => init blocks.2.2.channel_block.channel_attn.norm.weight from pretrained state dict
[2026-01-15 13:21:42,909][MedImageInsight.ImageEncoder.davit_v1][INFO] - => init blocks.2.2.channel_block.conv1.fn.dw.bias from pretrained state dict
[2026-01-15 13:21:42,909][MedImageInsight.ImageEncoder.davit_v1][INFO] - => init blocks.2.2.channel_block.conv1.fn.dw.weight from pretrained state dict
[2026-01-15 13:21:42,909][MedImageInsight.ImageEncoder.davit_v1][INFO] - => init blocks.2.2.channel_block.conv2.fn.dw.bias from pretrained state dict
[2026-01-15 13:21:42,909][MedImageInsight.ImageEncoder.davit_v1][INFO] - => init blocks.2.2.channel_block.conv2.fn.dw.weight from pretrained state dict
[2026-01-15 13:21:42,909][MedImageInsight.ImageEncoder.davit_v1][INFO] - => init blocks.2.2.channel_block.ffn.fn.net.fc1.bias from pretrained state dict
[2026-01-15 13:21:42,909][MedImageInsight.ImageEncoder.davit_v1][INFO] - => init blocks.2.2.channel_block.ffn.fn.net.fc1.weight from pretrained state dict
[2026-01-15 13:21:42,909][MedImageInsight.ImageEncoder.davit_v1][INFO] - => init blocks.2.2.channel_block.ffn.fn.net.fc2.bias from pretrained state dict
[2026-01-15 13:21:42,909][MedImageInsight.ImageEncoder.davit_v1][INFO] - => init blocks.2.2.channel_block.ffn.fn.net.fc2.weight from pretrained state dict
[2026-01-15 13:21:42,909][MedImageInsight.ImageEncoder.davit_v1][INFO] - => init blocks.2.2.channel_block.ffn.norm.bias from pretrained state dict
[2026-01-15 13:21:42,909][MedImageInsight.ImageEncoder.davit_v1][INFO] - => init blocks.2.2.channel_block.ffn.norm.weight from pretrained state dict
[2026-01-15 13:21:42,909][MedImageInsight.ImageEncoder.davit_v1][INFO] - => init blocks.2.2.spatial_block.conv1.fn.dw.bias from pretrained state dict
[2026-01-15 13:21:42,909][MedImageInsight.ImageEncoder.davit_v1][INFO] - => init blocks.2.2.spatial_block.conv1.fn.dw.weight from pretrained state dict
[2026-01-15 13:21:42,909][MedImageInsight.ImageEncoder.davit_v1][INFO] - => init blocks.2.2.spatial_block.conv2.fn.dw.bias from pretrained state dict
[2026-01-15 13:21:42,909][MedImageInsight.ImageEncoder.davit_v1][INFO] - => init blocks.2.2.spatial_block.conv2.fn.dw.weight from pretrained state dict
[2026-01-15 13:21:42,909][MedImageInsight.ImageEncoder.davit_v1][INFO] - => init blocks.2.2.spatial_block.ffn.fn.net.fc1.bias from pretrained state dict
[2026-01-15 13:21:42,909][MedImageInsight.ImageEncoder.davit_v1][INFO] - => init blocks.2.2.spatial_block.ffn.fn.net.fc1.weight from pretrained state dict
[2026-01-15 13:21:42,909][MedImageInsight.ImageEncoder.davit_v1][INFO] - => init blocks.2.2.spatial_block.ffn.fn.net.fc2.bias from pretrained state dict
[2026-01-15 13:21:42,909][MedImageInsight.ImageEncoder.davit_v1][INFO] - => init blocks.2.2.spatial_block.ffn.fn.net.fc2.weight from pretrained state dict
[2026-01-15 13:21:42,909][MedImageInsight.ImageEncoder.davit_v1][INFO] - => init blocks.2.2.spatial_block.ffn.norm.bias from pretrained state dict
[2026-01-15 13:21:42,909][MedImageInsight.ImageEncoder.davit_v1][INFO] - => init blocks.2.2.spatial_block.ffn.norm.weight from pretrained state dict
[2026-01-15 13:21:42,909][MedImageInsight.ImageEncoder.davit_v1][INFO] - => init blocks.2.2.spatial_block.window_attn.fn.proj.bias from pretrained state dict
[2026-01-15 13:21:42,909][MedImageInsight.ImageEncoder.davit_v1][INFO] - => init blocks.2.2.spatial_block.window_attn.fn.proj.weight from pretrained state dict
[2026-01-15 13:21:42,909][MedImageInsight.ImageEncoder.davit_v1][INFO] - => init blocks.2.2.spatial_block.window_attn.fn.qkv.bias from pretrained state dict
[2026-01-15 13:21:42,909][MedImageInsight.ImageEncoder.davit_v1][INFO] - => init blocks.2.2.spatial_block.window_attn.fn.qkv.weight from pretrained state dict
[2026-01-15 13:21:42,909][MedImageInsight.ImageEncoder.davit_v1][INFO] - => init blocks.2.2.spatial_block.window_attn.norm.bias from pretrained state dict
[2026-01-15 13:21:42,909][MedImageInsight.ImageEncoder.davit_v1][INFO] - => init blocks.2.2.spatial_block.window_attn.norm.weight from pretrained state dict
[2026-01-15 13:21:42,909][MedImageInsight.ImageEncoder.davit_v1][INFO] - => init blocks.2.3.channel_block.channel_attn.fn.proj.bias from pretrained state dict
[2026-01-15 13:21:42,909][MedImageInsight.ImageEncoder.davit_v1][INFO] - => init blocks.2.3.channel_block.channel_attn.fn.proj.weight from pretrained state dict
[2026-01-15 13:21:42,909][MedImageInsight.ImageEncoder.davit_v1][INFO] - => init blocks.2.3.channel_block.channel_attn.fn.qkv.bias from pretrained state dict
[2026-01-15 13:21:42,909][MedImageInsight.ImageEncoder.davit_v1][INFO] - => init blocks.2.3.channel_block.channel_attn.fn.qkv.weight from pretrained state dict
[2026-01-15 13:21:42,909][MedImageInsight.ImageEncoder.davit_v1][INFO] - => init blocks.2.3.channel_block.channel_attn.norm.bias from pretrained state dict
[2026-01-15 13:21:42,909][MedImageInsight.ImageEncoder.davit_v1][INFO] - => init blocks.2.3.channel_block.channel_attn.norm.weight from pretrained state dict
[2026-01-15 13:21:42,909][MedImageInsight.ImageEncoder.davit_v1][INFO] - => init blocks.2.3.channel_block.conv1.fn.dw.bias from pretrained state dict
[2026-01-15 13:21:42,909][MedImageInsight.ImageEncoder.davit_v1][INFO] - => init blocks.2.3.channel_block.conv1.fn.dw.weight from pretrained state dict
[2026-01-15 13:21:42,909][MedImageInsight.ImageEncoder.davit_v1][INFO] - => init blocks.2.3.channel_block.conv2.fn.dw.bias from pretrained state dict
[2026-01-15 13:21:42,909][MedImageInsight.ImageEncoder.davit_v1][INFO] - => init blocks.2.3.channel_block.conv2.fn.dw.weight from pretrained state dict
[2026-01-15 13:21:42,909][MedImageInsight.ImageEncoder.davit_v1][INFO] - => init blocks.2.3.channel_block.ffn.fn.net.fc1.bias from pretrained state dict
[2026-01-15 13:21:42,909][MedImageInsight.ImageEncoder.davit_v1][INFO] - => init blocks.2.3.channel_block.ffn.fn.net.fc1.weight from pretrained state dict
[2026-01-15 13:21:42,909][MedImageInsight.ImageEncoder.davit_v1][INFO] - => init blocks.2.3.channel_block.ffn.fn.net.fc2.bias from pretrained state dict
[2026-01-15 13:21:42,909][MedImageInsight.ImageEncoder.davit_v1][INFO] - => init blocks.2.3.channel_block.ffn.fn.net.fc2.weight from pretrained state dict
[2026-01-15 13:21:42,909][MedImageInsight.ImageEncoder.davit_v1][INFO] - => init blocks.2.3.channel_block.ffn.norm.bias from pretrained state dict
[2026-01-15 13:21:42,909][MedImageInsight.ImageEncoder.davit_v1][INFO] - => init blocks.2.3.channel_block.ffn.norm.weight from pretrained state dict
[2026-01-15 13:21:42,910][MedImageInsight.ImageEncoder.davit_v1][INFO] - => init blocks.2.3.spatial_block.conv1.fn.dw.bias from pretrained state dict
[2026-01-15 13:21:42,910][MedImageInsight.ImageEncoder.davit_v1][INFO] - => init blocks.2.3.spatial_block.conv1.fn.dw.weight from pretrained state dict
[2026-01-15 13:21:42,910][MedImageInsight.ImageEncoder.davit_v1][INFO] - => init blocks.2.3.spatial_block.conv2.fn.dw.bias from pretrained state dict
[2026-01-15 13:21:42,910][MedImageInsight.ImageEncoder.davit_v1][INFO] - => init blocks.2.3.spatial_block.conv2.fn.dw.weight from pretrained state dict
[2026-01-15 13:21:42,910][MedImageInsight.ImageEncoder.davit_v1][INFO] - => init blocks.2.3.spatial_block.ffn.fn.net.fc1.bias from pretrained state dict
[2026-01-15 13:21:42,910][MedImageInsight.ImageEncoder.davit_v1][INFO] - => init blocks.2.3.spatial_block.ffn.fn.net.fc1.weight from pretrained state dict
[2026-01-15 13:21:42,910][MedImageInsight.ImageEncoder.davit_v1][INFO] - => init blocks.2.3.spatial_block.ffn.fn.net.fc2.bias from pretrained state dict
[2026-01-15 13:21:42,910][MedImageInsight.ImageEncoder.davit_v1][INFO] - => init blocks.2.3.spatial_block.ffn.fn.net.fc2.weight from pretrained state dict
[2026-01-15 13:21:42,910][MedImageInsight.ImageEncoder.davit_v1][INFO] - => init blocks.2.3.spatial_block.ffn.norm.bias from pretrained state dict
[2026-01-15 13:21:42,910][MedImageInsight.ImageEncoder.davit_v1][INFO] - => init blocks.2.3.spatial_block.ffn.norm.weight from pretrained state dict
[2026-01-15 13:21:42,910][MedImageInsight.ImageEncoder.davit_v1][INFO] - => init blocks.2.3.spatial_block.window_attn.fn.proj.bias from pretrained state dict
[2026-01-15 13:21:42,910][MedImageInsight.ImageEncoder.davit_v1][INFO] - => init blocks.2.3.spatial_block.window_attn.fn.proj.weight from pretrained state dict
[2026-01-15 13:21:42,910][MedImageInsight.ImageEncoder.davit_v1][INFO] - => init blocks.2.3.spatial_block.window_attn.fn.qkv.bias from pretrained state dict
[2026-01-15 13:21:42,910][MedImageInsight.ImageEncoder.davit_v1][INFO] - => init blocks.2.3.spatial_block.window_attn.fn.qkv.weight from pretrained state dict
[2026-01-15 13:21:42,910][MedImageInsight.ImageEncoder.davit_v1][INFO] - => init blocks.2.3.spatial_block.window_attn.norm.bias from pretrained state dict
[2026-01-15 13:21:42,910][MedImageInsight.ImageEncoder.davit_v1][INFO] - => init blocks.2.3.spatial_block.window_attn.norm.weight from pretrained state dict
[2026-01-15 13:21:42,910][MedImageInsight.ImageEncoder.davit_v1][INFO] - => init blocks.2.4.channel_block.channel_attn.fn.proj.bias from pretrained state dict
[2026-01-15 13:21:42,910][MedImageInsight.ImageEncoder.davit_v1][INFO] - => init blocks.2.4.channel_block.channel_attn.fn.proj.weight from pretrained state dict
[2026-01-15 13:21:42,910][MedImageInsight.ImageEncoder.davit_v1][INFO] - => init blocks.2.4.channel_block.channel_attn.fn.qkv.bias from pretrained state dict
[2026-01-15 13:21:42,910][MedImageInsight.ImageEncoder.davit_v1][INFO] - => init blocks.2.4.channel_block.channel_attn.fn.qkv.weight from pretrained state dict
[2026-01-15 13:21:42,910][MedImageInsight.ImageEncoder.davit_v1][INFO] - => init blocks.2.4.channel_block.channel_attn.norm.bias from pretrained state dict
[2026-01-15 13:21:42,910][MedImageInsight.ImageEncoder.davit_v1][INFO] - => init blocks.2.4.channel_block.channel_attn.norm.weight from pretrained state dict
[2026-01-15 13:21:42,910][MedImageInsight.ImageEncoder.davit_v1][INFO] - => init blocks.2.4.channel_block.conv1.fn.dw.bias from pretrained state dict
[2026-01-15 13:21:42,910][MedImageInsight.ImageEncoder.davit_v1][INFO] - => init blocks.2.4.channel_block.conv1.fn.dw.weight from pretrained state dict
[2026-01-15 13:21:42,910][MedImageInsight.ImageEncoder.davit_v1][INFO] - => init blocks.2.4.channel_block.conv2.fn.dw.bias from pretrained state dict
[2026-01-15 13:21:42,910][MedImageInsight.ImageEncoder.davit_v1][INFO] - => init blocks.2.4.channel_block.conv2.fn.dw.weight from pretrained state dict
[2026-01-15 13:21:42,910][MedImageInsight.ImageEncoder.davit_v1][INFO] - => init blocks.2.4.channel_block.ffn.fn.net.fc1.bias from pretrained state dict
[2026-01-15 13:21:42,910][MedImageInsight.ImageEncoder.davit_v1][INFO] - => init blocks.2.4.channel_block.ffn.fn.net.fc1.weight from pretrained state dict
[2026-01-15 13:21:42,910][MedImageInsight.ImageEncoder.davit_v1][INFO] - => init blocks.2.4.channel_block.ffn.fn.net.fc2.bias from pretrained state dict
[2026-01-15 13:21:42,910][MedImageInsight.ImageEncoder.davit_v1][INFO] - => init blocks.2.4.channel_block.ffn.fn.net.fc2.weight from pretrained state dict
[2026-01-15 13:21:42,910][MedImageInsight.ImageEncoder.davit_v1][INFO] - => init blocks.2.4.channel_block.ffn.norm.bias from pretrained state dict
[2026-01-15 13:21:42,910][MedImageInsight.ImageEncoder.davit_v1][INFO] - => init blocks.2.4.channel_block.ffn.norm.weight from pretrained state dict
[2026-01-15 13:21:42,910][MedImageInsight.ImageEncoder.davit_v1][INFO] - => init blocks.2.4.spatial_block.conv1.fn.dw.bias from pretrained state dict
[2026-01-15 13:21:42,910][MedImageInsight.ImageEncoder.davit_v1][INFO] - => init blocks.2.4.spatial_block.conv1.fn.dw.weight from pretrained state dict
[2026-01-15 13:21:42,910][MedImageInsight.ImageEncoder.davit_v1][INFO] - => init blocks.2.4.spatial_block.conv2.fn.dw.bias from pretrained state dict
[2026-01-15 13:21:42,910][MedImageInsight.ImageEncoder.davit_v1][INFO] - => init blocks.2.4.spatial_block.conv2.fn.dw.weight from pretrained state dict
[2026-01-15 13:21:42,910][MedImageInsight.ImageEncoder.davit_v1][INFO] - => init blocks.2.4.spatial_block.ffn.fn.net.fc1.bias from pretrained state dict
[2026-01-15 13:21:42,910][MedImageInsight.ImageEncoder.davit_v1][INFO] - => init blocks.2.4.spatial_block.ffn.fn.net.fc1.weight from pretrained state dict
[2026-01-15 13:21:42,910][MedImageInsight.ImageEncoder.davit_v1][INFO] - => init blocks.2.4.spatial_block.ffn.fn.net.fc2.bias from pretrained state dict
[2026-01-15 13:21:42,910][MedImageInsight.ImageEncoder.davit_v1][INFO] - => init blocks.2.4.spatial_block.ffn.fn.net.fc2.weight from pretrained state dict
[2026-01-15 13:21:42,910][MedImageInsight.ImageEncoder.davit_v1][INFO] - => init blocks.2.4.spatial_block.ffn.norm.bias from pretrained state dict
[2026-01-15 13:21:42,910][MedImageInsight.ImageEncoder.davit_v1][INFO] - => init blocks.2.4.spatial_block.ffn.norm.weight from pretrained state dict
[2026-01-15 13:21:42,910][MedImageInsight.ImageEncoder.davit_v1][INFO] - => init blocks.2.4.spatial_block.window_attn.fn.proj.bias from pretrained state dict
[2026-01-15 13:21:42,910][MedImageInsight.ImageEncoder.davit_v1][INFO] - => init blocks.2.4.spatial_block.window_attn.fn.proj.weight from pretrained state dict
[2026-01-15 13:21:42,910][MedImageInsight.ImageEncoder.davit_v1][INFO] - => init blocks.2.4.spatial_block.window_attn.fn.qkv.bias from pretrained state dict
[2026-01-15 13:21:42,910][MedImageInsight.ImageEncoder.davit_v1][INFO] - => init blocks.2.4.spatial_block.window_attn.fn.qkv.weight from pretrained state dict
[2026-01-15 13:21:42,910][MedImageInsight.ImageEncoder.davit_v1][INFO] - => init blocks.2.4.spatial_block.window_attn.norm.bias from pretrained state dict
[2026-01-15 13:21:42,910][MedImageInsight.ImageEncoder.davit_v1][INFO] - => init blocks.2.4.spatial_block.window_attn.norm.weight from pretrained state dict
[2026-01-15 13:21:42,910][MedImageInsight.ImageEncoder.davit_v1][INFO] - => init blocks.2.5.channel_block.channel_attn.fn.proj.bias from pretrained state dict
[2026-01-15 13:21:42,910][MedImageInsight.ImageEncoder.davit_v1][INFO] - => init blocks.2.5.channel_block.channel_attn.fn.proj.weight from pretrained state dict
[2026-01-15 13:21:42,910][MedImageInsight.ImageEncoder.davit_v1][INFO] - => init blocks.2.5.channel_block.channel_attn.fn.qkv.bias from pretrained state dict
[2026-01-15 13:21:42,910][MedImageInsight.ImageEncoder.davit_v1][INFO] - => init blocks.2.5.channel_block.channel_attn.fn.qkv.weight from pretrained state dict
[2026-01-15 13:21:42,910][MedImageInsight.ImageEncoder.davit_v1][INFO] - => init blocks.2.5.channel_block.channel_attn.norm.bias from pretrained state dict
[2026-01-15 13:21:42,910][MedImageInsight.ImageEncoder.davit_v1][INFO] - => init blocks.2.5.channel_block.channel_attn.norm.weight from pretrained state dict
[2026-01-15 13:21:42,910][MedImageInsight.ImageEncoder.davit_v1][INFO] - => init blocks.2.5.channel_block.conv1.fn.dw.bias from pretrained state dict
[2026-01-15 13:21:42,910][MedImageInsight.ImageEncoder.davit_v1][INFO] - => init blocks.2.5.channel_block.conv1.fn.dw.weight from pretrained state dict
[2026-01-15 13:21:42,910][MedImageInsight.ImageEncoder.davit_v1][INFO] - => init blocks.2.5.channel_block.conv2.fn.dw.bias from pretrained state dict
[2026-01-15 13:21:42,910][MedImageInsight.ImageEncoder.davit_v1][INFO] - => init blocks.2.5.channel_block.conv2.fn.dw.weight from pretrained state dict
[2026-01-15 13:21:42,911][MedImageInsight.ImageEncoder.davit_v1][INFO] - => init blocks.2.5.channel_block.ffn.fn.net.fc1.bias from pretrained state dict
[2026-01-15 13:21:42,911][MedImageInsight.ImageEncoder.davit_v1][INFO] - => init blocks.2.5.channel_block.ffn.fn.net.fc1.weight from pretrained state dict
[2026-01-15 13:21:42,911][MedImageInsight.ImageEncoder.davit_v1][INFO] - => init blocks.2.5.channel_block.ffn.fn.net.fc2.bias from pretrained state dict
[2026-01-15 13:21:42,911][MedImageInsight.ImageEncoder.davit_v1][INFO] - => init blocks.2.5.channel_block.ffn.fn.net.fc2.weight from pretrained state dict
[2026-01-15 13:21:42,911][MedImageInsight.ImageEncoder.davit_v1][INFO] - => init blocks.2.5.channel_block.ffn.norm.bias from pretrained state dict
[2026-01-15 13:21:42,911][MedImageInsight.ImageEncoder.davit_v1][INFO] - => init blocks.2.5.channel_block.ffn.norm.weight from pretrained state dict
[2026-01-15 13:21:42,911][MedImageInsight.ImageEncoder.davit_v1][INFO] - => init blocks.2.5.spatial_block.conv1.fn.dw.bias from pretrained state dict
[2026-01-15 13:21:42,911][MedImageInsight.ImageEncoder.davit_v1][INFO] - => init blocks.2.5.spatial_block.conv1.fn.dw.weight from pretrained state dict
[2026-01-15 13:21:42,911][MedImageInsight.ImageEncoder.davit_v1][INFO] - => init blocks.2.5.spatial_block.conv2.fn.dw.bias from pretrained state dict
[2026-01-15 13:21:42,911][MedImageInsight.ImageEncoder.davit_v1][INFO] - => init blocks.2.5.spatial_block.conv2.fn.dw.weight from pretrained state dict
[2026-01-15 13:21:42,911][MedImageInsight.ImageEncoder.davit_v1][INFO] - => init blocks.2.5.spatial_block.ffn.fn.net.fc1.bias from pretrained state dict
[2026-01-15 13:21:42,911][MedImageInsight.ImageEncoder.davit_v1][INFO] - => init blocks.2.5.spatial_block.ffn.fn.net.fc1.weight from pretrained state dict
[2026-01-15 13:21:42,911][MedImageInsight.ImageEncoder.davit_v1][INFO] - => init blocks.2.5.spatial_block.ffn.fn.net.fc2.bias from pretrained state dict
[2026-01-15 13:21:42,911][MedImageInsight.ImageEncoder.davit_v1][INFO] - => init blocks.2.5.spatial_block.ffn.fn.net.fc2.weight from pretrained state dict
[2026-01-15 13:21:42,911][MedImageInsight.ImageEncoder.davit_v1][INFO] - => init blocks.2.5.spatial_block.ffn.norm.bias from pretrained state dict
[2026-01-15 13:21:42,911][MedImageInsight.ImageEncoder.davit_v1][INFO] - => init blocks.2.5.spatial_block.ffn.norm.weight from pretrained state dict
[2026-01-15 13:21:42,911][MedImageInsight.ImageEncoder.davit_v1][INFO] - => init blocks.2.5.spatial_block.window_attn.fn.proj.bias from pretrained state dict
[2026-01-15 13:21:42,911][MedImageInsight.ImageEncoder.davit_v1][INFO] - => init blocks.2.5.spatial_block.window_attn.fn.proj.weight from pretrained state dict
[2026-01-15 13:21:42,911][MedImageInsight.ImageEncoder.davit_v1][INFO] - => init blocks.2.5.spatial_block.window_attn.fn.qkv.bias from pretrained state dict
[2026-01-15 13:21:42,911][MedImageInsight.ImageEncoder.davit_v1][INFO] - => init blocks.2.5.spatial_block.window_attn.fn.qkv.weight from pretrained state dict
[2026-01-15 13:21:42,911][MedImageInsight.ImageEncoder.davit_v1][INFO] - => init blocks.2.5.spatial_block.window_attn.norm.bias from pretrained state dict
[2026-01-15 13:21:42,911][MedImageInsight.ImageEncoder.davit_v1][INFO] - => init blocks.2.5.spatial_block.window_attn.norm.weight from pretrained state dict
[2026-01-15 13:21:42,911][MedImageInsight.ImageEncoder.davit_v1][INFO] - => init blocks.2.6.channel_block.channel_attn.fn.proj.bias from pretrained state dict
[2026-01-15 13:21:42,911][MedImageInsight.ImageEncoder.davit_v1][INFO] - => init blocks.2.6.channel_block.channel_attn.fn.proj.weight from pretrained state dict
[2026-01-15 13:21:42,911][MedImageInsight.ImageEncoder.davit_v1][INFO] - => init blocks.2.6.channel_block.channel_attn.fn.qkv.bias from pretrained state dict
[2026-01-15 13:21:42,911][MedImageInsight.ImageEncoder.davit_v1][INFO] - => init blocks.2.6.channel_block.channel_attn.fn.qkv.weight from pretrained state dict
[2026-01-15 13:21:42,911][MedImageInsight.ImageEncoder.davit_v1][INFO] - => init blocks.2.6.channel_block.channel_attn.norm.bias from pretrained state dict
[2026-01-15 13:21:42,911][MedImageInsight.ImageEncoder.davit_v1][INFO] - => init blocks.2.6.channel_block.channel_attn.norm.weight from pretrained state dict
[2026-01-15 13:21:42,911][MedImageInsight.ImageEncoder.davit_v1][INFO] - => init blocks.2.6.channel_block.conv1.fn.dw.bias from pretrained state dict
[2026-01-15 13:21:42,911][MedImageInsight.ImageEncoder.davit_v1][INFO] - => init blocks.2.6.channel_block.conv1.fn.dw.weight from pretrained state dict
[2026-01-15 13:21:42,911][MedImageInsight.ImageEncoder.davit_v1][INFO] - => init blocks.2.6.channel_block.conv2.fn.dw.bias from pretrained state dict
[2026-01-15 13:21:42,911][MedImageInsight.ImageEncoder.davit_v1][INFO] - => init blocks.2.6.channel_block.conv2.fn.dw.weight from pretrained state dict
[2026-01-15 13:21:42,911][MedImageInsight.ImageEncoder.davit_v1][INFO] - => init blocks.2.6.channel_block.ffn.fn.net.fc1.bias from pretrained state dict
[2026-01-15 13:21:42,911][MedImageInsight.ImageEncoder.davit_v1][INFO] - => init blocks.2.6.channel_block.ffn.fn.net.fc1.weight from pretrained state dict
[2026-01-15 13:21:42,911][MedImageInsight.ImageEncoder.davit_v1][INFO] - => init blocks.2.6.channel_block.ffn.fn.net.fc2.bias from pretrained state dict
[2026-01-15 13:21:42,911][MedImageInsight.ImageEncoder.davit_v1][INFO] - => init blocks.2.6.channel_block.ffn.fn.net.fc2.weight from pretrained state dict
[2026-01-15 13:21:42,911][MedImageInsight.ImageEncoder.davit_v1][INFO] - => init blocks.2.6.channel_block.ffn.norm.bias from pretrained state dict
[2026-01-15 13:21:42,911][MedImageInsight.ImageEncoder.davit_v1][INFO] - => init blocks.2.6.channel_block.ffn.norm.weight from pretrained state dict
[2026-01-15 13:21:42,911][MedImageInsight.ImageEncoder.davit_v1][INFO] - => init blocks.2.6.spatial_block.conv1.fn.dw.bias from pretrained state dict
[2026-01-15 13:21:42,911][MedImageInsight.ImageEncoder.davit_v1][INFO] - => init blocks.2.6.spatial_block.conv1.fn.dw.weight from pretrained state dict
[2026-01-15 13:21:42,911][MedImageInsight.ImageEncoder.davit_v1][INFO] - => init blocks.2.6.spatial_block.conv2.fn.dw.bias from pretrained state dict
[2026-01-15 13:21:42,911][MedImageInsight.ImageEncoder.davit_v1][INFO] - => init blocks.2.6.spatial_block.conv2.fn.dw.weight from pretrained state dict
[2026-01-15 13:21:42,911][MedImageInsight.ImageEncoder.davit_v1][INFO] - => init blocks.2.6.spatial_block.ffn.fn.net.fc1.bias from pretrained state dict
[2026-01-15 13:21:42,911][MedImageInsight.ImageEncoder.davit_v1][INFO] - => init blocks.2.6.spatial_block.ffn.fn.net.fc1.weight from pretrained state dict
[2026-01-15 13:21:42,911][MedImageInsight.ImageEncoder.davit_v1][INFO] - => init blocks.2.6.spatial_block.ffn.fn.net.fc2.bias from pretrained state dict
[2026-01-15 13:21:42,911][MedImageInsight.ImageEncoder.davit_v1][INFO] - => init blocks.2.6.spatial_block.ffn.fn.net.fc2.weight from pretrained state dict
[2026-01-15 13:21:42,911][MedImageInsight.ImageEncoder.davit_v1][INFO] - => init blocks.2.6.spatial_block.ffn.norm.bias from pretrained state dict
[2026-01-15 13:21:42,911][MedImageInsight.ImageEncoder.davit_v1][INFO] - => init blocks.2.6.spatial_block.ffn.norm.weight from pretrained state dict
[2026-01-15 13:21:42,911][MedImageInsight.ImageEncoder.davit_v1][INFO] - => init blocks.2.6.spatial_block.window_attn.fn.proj.bias from pretrained state dict
[2026-01-15 13:21:42,911][MedImageInsight.ImageEncoder.davit_v1][INFO] - => init blocks.2.6.spatial_block.window_attn.fn.proj.weight from pretrained state dict
[2026-01-15 13:21:42,911][MedImageInsight.ImageEncoder.davit_v1][INFO] - => init blocks.2.6.spatial_block.window_attn.fn.qkv.bias from pretrained state dict
[2026-01-15 13:21:42,911][MedImageInsight.ImageEncoder.davit_v1][INFO] - => init blocks.2.6.spatial_block.window_attn.fn.qkv.weight from pretrained state dict
[2026-01-15 13:21:42,911][MedImageInsight.ImageEncoder.davit_v1][INFO] - => init blocks.2.6.spatial_block.window_attn.norm.bias from pretrained state dict
[2026-01-15 13:21:42,911][MedImageInsight.ImageEncoder.davit_v1][INFO] - => init blocks.2.6.spatial_block.window_attn.norm.weight from pretrained state dict
[2026-01-15 13:21:42,911][MedImageInsight.ImageEncoder.davit_v1][INFO] - => init blocks.2.7.channel_block.channel_attn.fn.proj.bias from pretrained state dict
[2026-01-15 13:21:42,911][MedImageInsight.ImageEncoder.davit_v1][INFO] - => init blocks.2.7.channel_block.channel_attn.fn.proj.weight from pretrained state dict
[2026-01-15 13:21:42,911][MedImageInsight.ImageEncoder.davit_v1][INFO] - => init blocks.2.7.channel_block.channel_attn.fn.qkv.bias from pretrained state dict
[2026-01-15 13:21:42,911][MedImageInsight.ImageEncoder.davit_v1][INFO] - => init blocks.2.7.channel_block.channel_attn.fn.qkv.weight from pretrained state dict
[2026-01-15 13:21:42,911][MedImageInsight.ImageEncoder.davit_v1][INFO] - => init blocks.2.7.channel_block.channel_attn.norm.bias from pretrained state dict
[2026-01-15 13:21:42,912][MedImageInsight.ImageEncoder.davit_v1][INFO] - => init blocks.2.7.channel_block.channel_attn.norm.weight from pretrained state dict
[2026-01-15 13:21:42,912][MedImageInsight.ImageEncoder.davit_v1][INFO] - => init blocks.2.7.channel_block.conv1.fn.dw.bias from pretrained state dict
[2026-01-15 13:21:42,912][MedImageInsight.ImageEncoder.davit_v1][INFO] - => init blocks.2.7.channel_block.conv1.fn.dw.weight from pretrained state dict
[2026-01-15 13:21:42,912][MedImageInsight.ImageEncoder.davit_v1][INFO] - => init blocks.2.7.channel_block.conv2.fn.dw.bias from pretrained state dict
[2026-01-15 13:21:42,912][MedImageInsight.ImageEncoder.davit_v1][INFO] - => init blocks.2.7.channel_block.conv2.fn.dw.weight from pretrained state dict
[2026-01-15 13:21:42,912][MedImageInsight.ImageEncoder.davit_v1][INFO] - => init blocks.2.7.channel_block.ffn.fn.net.fc1.bias from pretrained state dict
[2026-01-15 13:21:42,912][MedImageInsight.ImageEncoder.davit_v1][INFO] - => init blocks.2.7.channel_block.ffn.fn.net.fc1.weight from pretrained state dict
[2026-01-15 13:21:42,912][MedImageInsight.ImageEncoder.davit_v1][INFO] - => init blocks.2.7.channel_block.ffn.fn.net.fc2.bias from pretrained state dict
[2026-01-15 13:21:42,912][MedImageInsight.ImageEncoder.davit_v1][INFO] - => init blocks.2.7.channel_block.ffn.fn.net.fc2.weight from pretrained state dict
[2026-01-15 13:21:42,912][MedImageInsight.ImageEncoder.davit_v1][INFO] - => init blocks.2.7.channel_block.ffn.norm.bias from pretrained state dict
[2026-01-15 13:21:42,912][MedImageInsight.ImageEncoder.davit_v1][INFO] - => init blocks.2.7.channel_block.ffn.norm.weight from pretrained state dict
[2026-01-15 13:21:42,912][MedImageInsight.ImageEncoder.davit_v1][INFO] - => init blocks.2.7.spatial_block.conv1.fn.dw.bias from pretrained state dict
[2026-01-15 13:21:42,912][MedImageInsight.ImageEncoder.davit_v1][INFO] - => init blocks.2.7.spatial_block.conv1.fn.dw.weight from pretrained state dict
[2026-01-15 13:21:42,912][MedImageInsight.ImageEncoder.davit_v1][INFO] - => init blocks.2.7.spatial_block.conv2.fn.dw.bias from pretrained state dict
[2026-01-15 13:21:42,912][MedImageInsight.ImageEncoder.davit_v1][INFO] - => init blocks.2.7.spatial_block.conv2.fn.dw.weight from pretrained state dict
[2026-01-15 13:21:42,912][MedImageInsight.ImageEncoder.davit_v1][INFO] - => init blocks.2.7.spatial_block.ffn.fn.net.fc1.bias from pretrained state dict
[2026-01-15 13:21:42,912][MedImageInsight.ImageEncoder.davit_v1][INFO] - => init blocks.2.7.spatial_block.ffn.fn.net.fc1.weight from pretrained state dict
[2026-01-15 13:21:42,912][MedImageInsight.ImageEncoder.davit_v1][INFO] - => init blocks.2.7.spatial_block.ffn.fn.net.fc2.bias from pretrained state dict
[2026-01-15 13:21:42,912][MedImageInsight.ImageEncoder.davit_v1][INFO] - => init blocks.2.7.spatial_block.ffn.fn.net.fc2.weight from pretrained state dict
[2026-01-15 13:21:42,912][MedImageInsight.ImageEncoder.davit_v1][INFO] - => init blocks.2.7.spatial_block.ffn.norm.bias from pretrained state dict
[2026-01-15 13:21:42,912][MedImageInsight.ImageEncoder.davit_v1][INFO] - => init blocks.2.7.spatial_block.ffn.norm.weight from pretrained state dict
[2026-01-15 13:21:42,912][MedImageInsight.ImageEncoder.davit_v1][INFO] - => init blocks.2.7.spatial_block.window_attn.fn.proj.bias from pretrained state dict
[2026-01-15 13:21:42,912][MedImageInsight.ImageEncoder.davit_v1][INFO] - => init blocks.2.7.spatial_block.window_attn.fn.proj.weight from pretrained state dict
[2026-01-15 13:21:42,912][MedImageInsight.ImageEncoder.davit_v1][INFO] - => init blocks.2.7.spatial_block.window_attn.fn.qkv.bias from pretrained state dict
[2026-01-15 13:21:42,912][MedImageInsight.ImageEncoder.davit_v1][INFO] - => init blocks.2.7.spatial_block.window_attn.fn.qkv.weight from pretrained state dict
[2026-01-15 13:21:42,912][MedImageInsight.ImageEncoder.davit_v1][INFO] - => init blocks.2.7.spatial_block.window_attn.norm.bias from pretrained state dict
[2026-01-15 13:21:42,912][MedImageInsight.ImageEncoder.davit_v1][INFO] - => init blocks.2.7.spatial_block.window_attn.norm.weight from pretrained state dict
[2026-01-15 13:21:42,912][MedImageInsight.ImageEncoder.davit_v1][INFO] - => init blocks.2.8.channel_block.channel_attn.fn.proj.bias from pretrained state dict
[2026-01-15 13:21:42,912][MedImageInsight.ImageEncoder.davit_v1][INFO] - => init blocks.2.8.channel_block.channel_attn.fn.proj.weight from pretrained state dict
[2026-01-15 13:21:42,912][MedImageInsight.ImageEncoder.davit_v1][INFO] - => init blocks.2.8.channel_block.channel_attn.fn.qkv.bias from pretrained state dict
[2026-01-15 13:21:42,912][MedImageInsight.ImageEncoder.davit_v1][INFO] - => init blocks.2.8.channel_block.channel_attn.fn.qkv.weight from pretrained state dict
[2026-01-15 13:21:42,912][MedImageInsight.ImageEncoder.davit_v1][INFO] - => init blocks.2.8.channel_block.channel_attn.norm.bias from pretrained state dict
[2026-01-15 13:21:42,912][MedImageInsight.ImageEncoder.davit_v1][INFO] - => init blocks.2.8.channel_block.channel_attn.norm.weight from pretrained state dict
[2026-01-15 13:21:42,912][MedImageInsight.ImageEncoder.davit_v1][INFO] - => init blocks.2.8.channel_block.conv1.fn.dw.bias from pretrained state dict
[2026-01-15 13:21:42,912][MedImageInsight.ImageEncoder.davit_v1][INFO] - => init blocks.2.8.channel_block.conv1.fn.dw.weight from pretrained state dict
[2026-01-15 13:21:42,912][MedImageInsight.ImageEncoder.davit_v1][INFO] - => init blocks.2.8.channel_block.conv2.fn.dw.bias from pretrained state dict
[2026-01-15 13:21:42,912][MedImageInsight.ImageEncoder.davit_v1][INFO] - => init blocks.2.8.channel_block.conv2.fn.dw.weight from pretrained state dict
[2026-01-15 13:21:42,912][MedImageInsight.ImageEncoder.davit_v1][INFO] - => init blocks.2.8.channel_block.ffn.fn.net.fc1.bias from pretrained state dict
[2026-01-15 13:21:42,912][MedImageInsight.ImageEncoder.davit_v1][INFO] - => init blocks.2.8.channel_block.ffn.fn.net.fc1.weight from pretrained state dict
[2026-01-15 13:21:42,912][MedImageInsight.ImageEncoder.davit_v1][INFO] - => init blocks.2.8.channel_block.ffn.fn.net.fc2.bias from pretrained state dict
[2026-01-15 13:21:42,912][MedImageInsight.ImageEncoder.davit_v1][INFO] - => init blocks.2.8.channel_block.ffn.fn.net.fc2.weight from pretrained state dict
[2026-01-15 13:21:42,912][MedImageInsight.ImageEncoder.davit_v1][INFO] - => init blocks.2.8.channel_block.ffn.norm.bias from pretrained state dict
[2026-01-15 13:21:42,912][MedImageInsight.ImageEncoder.davit_v1][INFO] - => init blocks.2.8.channel_block.ffn.norm.weight from pretrained state dict
[2026-01-15 13:21:42,912][MedImageInsight.ImageEncoder.davit_v1][INFO] - => init blocks.2.8.spatial_block.conv1.fn.dw.bias from pretrained state dict
[2026-01-15 13:21:42,912][MedImageInsight.ImageEncoder.davit_v1][INFO] - => init blocks.2.8.spatial_block.conv1.fn.dw.weight from pretrained state dict
[2026-01-15 13:21:42,912][MedImageInsight.ImageEncoder.davit_v1][INFO] - => init blocks.2.8.spatial_block.conv2.fn.dw.bias from pretrained state dict
[2026-01-15 13:21:42,912][MedImageInsight.ImageEncoder.davit_v1][INFO] - => init blocks.2.8.spatial_block.conv2.fn.dw.weight from pretrained state dict
[2026-01-15 13:21:42,912][MedImageInsight.ImageEncoder.davit_v1][INFO] - => init blocks.2.8.spatial_block.ffn.fn.net.fc1.bias from pretrained state dict
[2026-01-15 13:21:42,912][MedImageInsight.ImageEncoder.davit_v1][INFO] - => init blocks.2.8.spatial_block.ffn.fn.net.fc1.weight from pretrained state dict
[2026-01-15 13:21:42,912][MedImageInsight.ImageEncoder.davit_v1][INFO] - => init blocks.2.8.spatial_block.ffn.fn.net.fc2.bias from pretrained state dict
[2026-01-15 13:21:42,912][MedImageInsight.ImageEncoder.davit_v1][INFO] - => init blocks.2.8.spatial_block.ffn.fn.net.fc2.weight from pretrained state dict
[2026-01-15 13:21:42,912][MedImageInsight.ImageEncoder.davit_v1][INFO] - => init blocks.2.8.spatial_block.ffn.norm.bias from pretrained state dict
[2026-01-15 13:21:42,912][MedImageInsight.ImageEncoder.davit_v1][INFO] - => init blocks.2.8.spatial_block.ffn.norm.weight from pretrained state dict
[2026-01-15 13:21:42,912][MedImageInsight.ImageEncoder.davit_v1][INFO] - => init blocks.2.8.spatial_block.window_attn.fn.proj.bias from pretrained state dict
[2026-01-15 13:21:42,912][MedImageInsight.ImageEncoder.davit_v1][INFO] - => init blocks.2.8.spatial_block.window_attn.fn.proj.weight from pretrained state dict
[2026-01-15 13:21:42,912][MedImageInsight.ImageEncoder.davit_v1][INFO] - => init blocks.2.8.spatial_block.window_attn.fn.qkv.bias from pretrained state dict
[2026-01-15 13:21:42,912][MedImageInsight.ImageEncoder.davit_v1][INFO] - => init blocks.2.8.spatial_block.window_attn.fn.qkv.weight from pretrained state dict
[2026-01-15 13:21:42,912][MedImageInsight.ImageEncoder.davit_v1][INFO] - => init blocks.2.8.spatial_block.window_attn.norm.bias from pretrained state dict
[2026-01-15 13:21:42,913][MedImageInsight.ImageEncoder.davit_v1][INFO] - => init blocks.2.8.spatial_block.window_attn.norm.weight from pretrained state dict
[2026-01-15 13:21:42,913][MedImageInsight.ImageEncoder.davit_v1][INFO] - => init blocks.3.0.channel_block.channel_attn.fn.proj.bias from pretrained state dict
[2026-01-15 13:21:42,913][MedImageInsight.ImageEncoder.davit_v1][INFO] - => init blocks.3.0.channel_block.channel_attn.fn.proj.weight from pretrained state dict
[2026-01-15 13:21:42,913][MedImageInsight.ImageEncoder.davit_v1][INFO] - => init blocks.3.0.channel_block.channel_attn.fn.qkv.bias from pretrained state dict
[2026-01-15 13:21:42,913][MedImageInsight.ImageEncoder.davit_v1][INFO] - => init blocks.3.0.channel_block.channel_attn.fn.qkv.weight from pretrained state dict
[2026-01-15 13:21:42,913][MedImageInsight.ImageEncoder.davit_v1][INFO] - => init blocks.3.0.channel_block.channel_attn.norm.bias from pretrained state dict
[2026-01-15 13:21:42,913][MedImageInsight.ImageEncoder.davit_v1][INFO] - => init blocks.3.0.channel_block.channel_attn.norm.weight from pretrained state dict
[2026-01-15 13:21:42,913][MedImageInsight.ImageEncoder.davit_v1][INFO] - => init blocks.3.0.channel_block.conv1.fn.dw.bias from pretrained state dict
[2026-01-15 13:21:42,913][MedImageInsight.ImageEncoder.davit_v1][INFO] - => init blocks.3.0.channel_block.conv1.fn.dw.weight from pretrained state dict
[2026-01-15 13:21:42,913][MedImageInsight.ImageEncoder.davit_v1][INFO] - => init blocks.3.0.channel_block.conv2.fn.dw.bias from pretrained state dict
[2026-01-15 13:21:42,913][MedImageInsight.ImageEncoder.davit_v1][INFO] - => init blocks.3.0.channel_block.conv2.fn.dw.weight from pretrained state dict
[2026-01-15 13:21:42,913][MedImageInsight.ImageEncoder.davit_v1][INFO] - => init blocks.3.0.channel_block.ffn.fn.net.fc1.bias from pretrained state dict
[2026-01-15 13:21:42,913][MedImageInsight.ImageEncoder.davit_v1][INFO] - => init blocks.3.0.channel_block.ffn.fn.net.fc1.weight from pretrained state dict
[2026-01-15 13:21:42,913][MedImageInsight.ImageEncoder.davit_v1][INFO] - => init blocks.3.0.channel_block.ffn.fn.net.fc2.bias from pretrained state dict
[2026-01-15 13:21:42,913][MedImageInsight.ImageEncoder.davit_v1][INFO] - => init blocks.3.0.channel_block.ffn.fn.net.fc2.weight from pretrained state dict
[2026-01-15 13:21:42,913][MedImageInsight.ImageEncoder.davit_v1][INFO] - => init blocks.3.0.channel_block.ffn.norm.bias from pretrained state dict
[2026-01-15 13:21:42,913][MedImageInsight.ImageEncoder.davit_v1][INFO] - => init blocks.3.0.channel_block.ffn.norm.weight from pretrained state dict
[2026-01-15 13:21:42,913][MedImageInsight.ImageEncoder.davit_v1][INFO] - => init blocks.3.0.spatial_block.conv1.fn.dw.bias from pretrained state dict
[2026-01-15 13:21:42,913][MedImageInsight.ImageEncoder.davit_v1][INFO] - => init blocks.3.0.spatial_block.conv1.fn.dw.weight from pretrained state dict
[2026-01-15 13:21:42,913][MedImageInsight.ImageEncoder.davit_v1][INFO] - => init blocks.3.0.spatial_block.conv2.fn.dw.bias from pretrained state dict
[2026-01-15 13:21:42,913][MedImageInsight.ImageEncoder.davit_v1][INFO] - => init blocks.3.0.spatial_block.conv2.fn.dw.weight from pretrained state dict
[2026-01-15 13:21:42,913][MedImageInsight.ImageEncoder.davit_v1][INFO] - => init blocks.3.0.spatial_block.ffn.fn.net.fc1.bias from pretrained state dict
[2026-01-15 13:21:42,913][MedImageInsight.ImageEncoder.davit_v1][INFO] - => init blocks.3.0.spatial_block.ffn.fn.net.fc1.weight from pretrained state dict
[2026-01-15 13:21:42,913][MedImageInsight.ImageEncoder.davit_v1][INFO] - => init blocks.3.0.spatial_block.ffn.fn.net.fc2.bias from pretrained state dict
[2026-01-15 13:21:42,913][MedImageInsight.ImageEncoder.davit_v1][INFO] - => init blocks.3.0.spatial_block.ffn.fn.net.fc2.weight from pretrained state dict
[2026-01-15 13:21:42,913][MedImageInsight.ImageEncoder.davit_v1][INFO] - => init blocks.3.0.spatial_block.ffn.norm.bias from pretrained state dict
[2026-01-15 13:21:42,913][MedImageInsight.ImageEncoder.davit_v1][INFO] - => init blocks.3.0.spatial_block.ffn.norm.weight from pretrained state dict
[2026-01-15 13:21:42,913][MedImageInsight.ImageEncoder.davit_v1][INFO] - => init blocks.3.0.spatial_block.window_attn.fn.proj.bias from pretrained state dict
[2026-01-15 13:21:42,913][MedImageInsight.ImageEncoder.davit_v1][INFO] - => init blocks.3.0.spatial_block.window_attn.fn.proj.weight from pretrained state dict
[2026-01-15 13:21:42,913][MedImageInsight.ImageEncoder.davit_v1][INFO] - => init blocks.3.0.spatial_block.window_attn.fn.qkv.bias from pretrained state dict
[2026-01-15 13:21:42,913][MedImageInsight.ImageEncoder.davit_v1][INFO] - => init blocks.3.0.spatial_block.window_attn.fn.qkv.weight from pretrained state dict
[2026-01-15 13:21:42,913][MedImageInsight.ImageEncoder.davit_v1][INFO] - => init blocks.3.0.spatial_block.window_attn.norm.bias from pretrained state dict
[2026-01-15 13:21:42,913][MedImageInsight.ImageEncoder.davit_v1][INFO] - => init blocks.3.0.spatial_block.window_attn.norm.weight from pretrained state dict
[2026-01-15 13:21:42,913][MedImageInsight.ImageEncoder.davit_v1][INFO] - => init convs.0.norm.bias from pretrained state dict
[2026-01-15 13:21:42,913][MedImageInsight.ImageEncoder.davit_v1][INFO] - => init convs.0.norm.weight from pretrained state dict
[2026-01-15 13:21:42,913][MedImageInsight.ImageEncoder.davit_v1][INFO] - => init convs.0.proj.bias from pretrained state dict
[2026-01-15 13:21:42,913][MedImageInsight.ImageEncoder.davit_v1][INFO] - => init convs.0.proj.weight from pretrained state dict
[2026-01-15 13:21:42,913][MedImageInsight.ImageEncoder.davit_v1][INFO] - => init convs.1.norm.bias from pretrained state dict
[2026-01-15 13:21:42,913][MedImageInsight.ImageEncoder.davit_v1][INFO] - => init convs.1.norm.weight from pretrained state dict
[2026-01-15 13:21:42,913][MedImageInsight.ImageEncoder.davit_v1][INFO] - => init convs.1.proj.bias from pretrained state dict
[2026-01-15 13:21:42,913][MedImageInsight.ImageEncoder.davit_v1][INFO] - => init convs.1.proj.weight from pretrained state dict
[2026-01-15 13:21:42,913][MedImageInsight.ImageEncoder.davit_v1][INFO] - => init convs.2.norm.bias from pretrained state dict
[2026-01-15 13:21:42,913][MedImageInsight.ImageEncoder.davit_v1][INFO] - => init convs.2.norm.weight from pretrained state dict
[2026-01-15 13:21:42,913][MedImageInsight.ImageEncoder.davit_v1][INFO] - => init convs.2.proj.bias from pretrained state dict
[2026-01-15 13:21:42,913][MedImageInsight.ImageEncoder.davit_v1][INFO] - => init convs.2.proj.weight from pretrained state dict
[2026-01-15 13:21:42,913][MedImageInsight.ImageEncoder.davit_v1][INFO] - => init convs.3.norm.bias from pretrained state dict
[2026-01-15 13:21:42,913][MedImageInsight.ImageEncoder.davit_v1][INFO] - => init convs.3.norm.weight from pretrained state dict
[2026-01-15 13:21:42,913][MedImageInsight.ImageEncoder.davit_v1][INFO] - => init convs.3.proj.bias from pretrained state dict
[2026-01-15 13:21:42,913][MedImageInsight.ImageEncoder.davit_v1][INFO] - => init convs.3.proj.weight from pretrained state dict
[2026-01-15 13:21:42,913][MedImageInsight.ImageEncoder.davit_v1][INFO] - => init norms.bias from pretrained state dict
[2026-01-15 13:21:42,913][MedImageInsight.ImageEncoder.davit_v1][INFO] - => init norms.weight from pretrained state dict
Ignored unknown kwarg option special
Ignored unknown kwarg option special
Ignored unknown kwarg option special
Ignored unknown kwarg option special
Ignored unknown kwarg option special
Ignored unknown kwarg option special
Model loaded successfully on device: cuda
Index(['pid', 'study_yr', '5y', 'fup_days', 'reversed',
       'sct_slice_final_mapped'],
      dtype='object')
Index(['pid', 'study_yr', '5y', 'fup_days', 'reversed',
       'sct_slice_final_mapped', 'file_path'],
      dtype='object')
Index(['pid', 'study_yr', '5y', 'fup_days', 'reversed',
       'sct_slice_final_mapped', 'file_path'],
      dtype='object')
      pid  study_yr  label  fup_days reversed  sct_slice_num                                                                                                                 path
0  100012         1      0  0.879756     True          120.0  /nas-ctm01/datasets/public/medical_datasets/lung_ct_datasets/nlst/preprocessed_data/protocol_5/2d/lung/100012_1.npy
1  100147         1      0  0.854989    False          122.0  /nas-ctm01/datasets/public/medical_datasets/lung_ct_datasets/nlst/preprocessed_data/protocol_5/2d/lung/100147_1.npy
2  100158         2      0  0.794688     True          101.0  /nas-ctm01/datasets/public/medical_datasets/lung_ct_datasets/nlst/preprocessed_data/protocol_5/2d/lung/100158_2.npy
3  100242         0      0  0.932879     True          134.0  /nas-ctm01/datasets/public/medical_datasets/lung_ct_datasets/nlst/preprocessed_data/protocol_5/2d/lung/100242_0.npy
4  100280         1      0  0.910983     True           83.0  /nas-ctm01/datasets/public/medical_datasets/lung_ct_datasets/nlst/preprocessed_data/protocol_5/2d/lung/100280_1.npy

✅ Saved split assignments to 'clinical_metadata_with_splits.csv'

Using WeightedRandomSampler for train subset
Data Aug
Original shape: 213, New Shape: 320

Using WeightedRandomSampler for train subset
Data Aug
Original shape: 213, New Shape: 320

Using WeightedRandomSampler for train subset
Data Aug
Original shape: 214, New Shape: 320

✅ Set train dataloaders with 3 folds
  - Fold 1: 320 samples
    Label distribution: {0: 160, 1: 160}
    Batch label distribution: {0.0: 15, 1.0: 17}
    Batch label distribution: {0.0: 20, 1.0: 12}
    Batch label distribution: {0.0: 14, 1.0: 18}
    Batch label distribution: {0.0: 15, 1.0: 17}
    Batch label distribution: {0.0: 14, 1.0: 18}
    Batch label distribution: {0.0: 12, 1.0: 20}
    Batch label distribution: {0.0: 10, 1.0: 11}
  - Fold 2: 320 samples
    Label distribution: {0: 160, 1: 160}
    Batch label distribution: {0.0: 13, 1.0: 19}
    Batch label distribution: {0.0: 14, 1.0: 18}
    Batch label distribution: {0.0: 16, 1.0: 16}
    Batch label distribution: {0.0: 13, 1.0: 19}
    Batch label distribution: {0.0: 13, 1.0: 19}
    Batch label distribution: {0.0: 15, 1.0: 17}
    Batch label distribution: {0.0: 8, 1.0: 13}
  - Fold 3: 320 samples
    Label distribution: {0: 160, 1: 160}
    Batch label distribution: {0.0: 16, 1.0: 16}
    Batch label distribution: {0.0: 18, 1.0: 14}
    Batch label distribution: {0.0: 16, 1.0: 16}
    Batch label distribution: {0.0: 16, 1.0: 16}
    Batch label distribution: {0.0: 16, 1.0: 16}
    Batch label distribution: {0.0: 15, 1.0: 17}
    Batch label distribution: {0.0: 11, 1.0: 11}

Using WeightedRandomSampler for validation subset

Using WeightedRandomSampler for validation subset

Using WeightedRandomSampler for validation subset

✅ Set validation dataloaders with 3 folds
  - Fold 1: 107 samples
    Label distribution: {0: 80, 1: 27}
    Batch label distribution: {0.0: 24, 1.0: 8}
    Batch label distribution: {0.0: 27, 1.0: 5}
    Batch label distribution: {0.0: 23, 1.0: 9}
    Batch label distribution: {0.0: 6, 1.0: 5}
  - Fold 2: 107 samples
    Label distribution: {0: 80, 1: 27}
    Batch label distribution: {0.0: 25, 1.0: 7}
    Batch label distribution: {0.0: 23, 1.0: 9}
    Batch label distribution: {0.0: 23, 1.0: 9}
    Batch label distribution: {0.0: 9, 1.0: 2}
  - Fold 3: 106 samples
    Label distribution: {0: 80, 1: 26}
    Batch label distribution: {0.0: 26, 1.0: 6}
    Batch label distribution: {0.0: 26, 1.0: 6}
    Batch label distribution: {0.0: 19, 1.0: 13}
    Batch label distribution: {0.0: 9, 1.0: 1}

Using WeightedRandomSampler for test subset

Using WeightedRandomSampler for test subset

Using WeightedRandomSampler for test subset

✅ Set test dataloaders with 3 folds
  - Fold 1: 80 samples
    Label distribution: {0: 60, 1: 20}
    Batch label distribution: {0.0: 28, 1.0: 4}
    Batch label distribution: {0.0: 22, 1.0: 10}
    Batch label distribution: {0.0: 10, 1.0: 6}
  - Fold 2: 80 samples
    Label distribution: {0: 60, 1: 20}
    Batch label distribution: {0.0: 28, 1.0: 4}
    Batch label distribution: {0.0: 22, 1.0: 10}
    Batch label distribution: {0.0: 10, 1.0: 6}
  - Fold 3: 80 samples
    Label distribution: {0: 60, 1: 20}
    Batch label distribution: {0.0: 28, 1.0: 4}
    Batch label distribution: {0.0: 22, 1.0: 10}
    Batch label distribution: {0.0: 10, 1.0: 6}
Embedding dimension determined: 2048

====================== STARTING FOLD 1/3 ======================
The model has 283,138 trainable parameters.
Sanity Checking: |          | 0/? [00:00<?, ?it/s]Sanity Checking:   0%|          | 0/2 [00:00<?, ?it/s]Sanity Checking DataLoader 0:   0%|          | 0/2 [00:00<?, ?it/s]tensor(0.0479, device='cuda:0')
tensor(-0.3246, device='cuda:0')
Sanity Checking DataLoader 0:  50%|█████     | 1/2 [00:01<00:01,  0.99it/s]tensor(0.0440, device='cuda:0')
tensor(-0.3034, device='cuda:0')
Sanity Checking DataLoader 0: 100%|██████████| 2/2 [00:01<00:00,  1.10it/s]
==================================================
Stage: VAL
Predicted class distribution: 0s = 0, 1s = 64
Actual label distribution:    0s = 51, 1s = 13
Actual Imbalance Ratio (0:1): 3.92:1
==================================================
⚠️ Model is predicting only class 1 (minority class). It is ignoring the majority class!
                                                                           Training: |          | 0/? [00:00<?, ?it/s]Training:   0%|          | 0/7 [00:00<?, ?it/s]Epoch 0:   0%|          | 0/7 [00:00<?, ?it/s] WARNING: vision_encoder.blocks.2.1.spatial_block.conv1.fn.dw.weight has NO gradient.
Epoch 0:  14%|█▍        | 1/7 [00:01<00:07,  0.82it/s]Epoch 0:  14%|█▍        | 1/7 [00:01<00:07,  0.82it/s, v_num=dlg7, train_loss_step=0.608]WARNING: vision_encoder.blocks.2.1.spatial_block.conv1.fn.dw.weight has NO gradient.
Epoch 0:  29%|██▊       | 2/7 [00:02<00:05,  0.99it/s, v_num=dlg7, train_loss_step=0.608]Epoch 0:  29%|██▊       | 2/7 [00:02<00:05,  0.99it/s, v_num=dlg7, train_loss_step=0.693]WARNING: vision_encoder.blocks.2.1.spatial_block.conv1.fn.dw.weight has NO gradient.
Epoch 0:  43%|████▎     | 3/7 [00:02<00:03,  1.06it/s, v_num=dlg7, train_loss_step=0.693]Epoch 0:  43%|████▎     | 3/7 [00:02<00:03,  1.06it/s, v_num=dlg7, train_loss_step=0.619]WARNING: vision_encoder.blocks.2.1.spatial_block.conv1.fn.dw.weight has NO gradient.
Epoch 0:  57%|█████▋    | 4/7 [00:03<00:02,  1.10it/s, v_num=dlg7, train_loss_step=0.619]Epoch 0:  57%|█████▋    | 4/7 [00:03<00:02,  1.10it/s, v_num=dlg7, train_loss_step=0.573]WARNING: vision_encoder.blocks.2.1.spatial_block.conv1.fn.dw.weight has NO gradient.
Epoch 0:  71%|███████▏  | 5/7 [00:04<00:01,  1.13it/s, v_num=dlg7, train_loss_step=0.573]Epoch 0:  71%|███████▏  | 5/7 [00:04<00:01,  1.13it/s, v_num=dlg7, train_loss_step=0.541]WARNING: vision_encoder.blocks.2.1.spatial_block.conv1.fn.dw.weight has NO gradient.
Epoch 0:  86%|████████▌ | 6/7 [00:05<00:00,  1.14it/s, v_num=dlg7, train_loss_step=0.541]Epoch 0:  86%|████████▌ | 6/7 [00:05<00:00,  1.14it/s, v_num=dlg7, train_loss_step=0.624]WARNING: vision_encoder.blocks.2.1.spatial_block.conv1.fn.dw.weight has NO gradient.
Epoch 0: 100%|██████████| 7/7 [00:05<00:00,  1.21it/s, v_num=dlg7, train_loss_step=0.624]Epoch 0: 100%|██████████| 7/7 [00:05<00:00,  1.21it/s, v_num=dlg7, train_loss_step=0.480]
Validation: |          | 0/? [00:00<?, ?it/s][A
Validation:   0%|          | 0/4 [00:00<?, ?it/s][A
Validation DataLoader 0:   0%|          | 0/4 [00:00<?, ?it/s][Atensor(0.0850, device='cuda:0')
tensor(-0.2418, device='cuda:0')

Validation DataLoader 0:  25%|██▌       | 1/4 [00:00<00:02,  1.27it/s][Atensor(0.1066, device='cuda:0')
tensor(-0.2374, device='cuda:0')

Validation DataLoader 0:  50%|█████     | 2/4 [00:01<00:01,  1.26it/s][Atensor(0.1388, device='cuda:0')
tensor(-0.2272, device='cuda:0')

Validation DataLoader 0:  75%|███████▌  | 3/4 [00:02<00:00,  1.26it/s][Atensor(0.0924, device='cuda:0')
tensor(-0.1582, device='cuda:0')

Validation DataLoader 0: 100%|██████████| 4/4 [00:02<00:00,  1.49it/s][A
==================================================
Stage: VAL
Predicted class distribution: 0s = 0, 1s = 107
Actual label distribution:    0s = 80, 1s = 27
Actual Imbalance Ratio (0:1): 2.96:1
==================================================
⚠️ Model is predicting only class 1 (minority class). It is ignoring the majority class!

                                                                      [AEpoch 0: 100%|██████████| 7/7 [00:09<00:00,  0.75it/s, v_num=dlg7, train_loss_step=0.480, val_loss=0.731]Epoch 0: 100%|██████████| 7/7 [00:09<00:00,  0.75it/s, v_num=dlg7, train_loss_step=0.480, val_loss=0.731, train_loss_epoch=0.597]Epoch 0:   0%|          | 0/7 [00:00<?, ?it/s, v_num=dlg7, train_loss_step=0.480, val_loss=0.731, train_loss_epoch=0.597]        Epoch 1:   0%|          | 0/7 [00:00<?, ?it/s, v_num=dlg7, train_loss_step=0.480, val_loss=0.731, train_loss_epoch=0.597]WARNING: vision_encoder.blocks.2.1.spatial_block.conv1.fn.dw.weight has NO gradient.
Epoch 1:  14%|█▍        | 1/7 [00:01<00:07,  0.80it/s, v_num=dlg7, train_loss_step=0.480, val_loss=0.731, train_loss_epoch=0.597]Epoch 1:  14%|█▍        | 1/7 [00:01<00:07,  0.80it/s, v_num=dlg7, train_loss_step=0.567, val_loss=0.731, train_loss_epoch=0.597]WARNING: vision_encoder.blocks.2.1.spatial_block.conv1.fn.dw.weight has NO gradient.
Epoch 1:  29%|██▊       | 2/7 [00:02<00:05,  0.97it/s, v_num=dlg7, train_loss_step=0.567, val_loss=0.731, train_loss_epoch=0.597]Epoch 1:  29%|██▊       | 2/7 [00:02<00:05,  0.97it/s, v_num=dlg7, train_loss_step=0.541, val_loss=0.731, train_loss_epoch=0.597]WARNING: vision_encoder.blocks.2.1.spatial_block.conv1.fn.dw.weight has NO gradient.
Epoch 1:  43%|████▎     | 3/7 [00:02<00:03,  1.05it/s, v_num=dlg7, train_loss_step=0.541, val_loss=0.731, train_loss_epoch=0.597]Epoch 1:  43%|████▎     | 3/7 [00:02<00:03,  1.04it/s, v_num=dlg7, train_loss_step=0.721, val_loss=0.731, train_loss_epoch=0.597]WARNING: vision_encoder.blocks.2.1.spatial_block.conv1.fn.dw.weight has NO gradient.
Epoch 1:  57%|█████▋    | 4/7 [00:03<00:02,  1.09it/s, v_num=dlg7, train_loss_step=0.721, val_loss=0.731, train_loss_epoch=0.597]Epoch 1:  57%|█████▋    | 4/7 [00:03<00:02,  1.09it/s, v_num=dlg7, train_loss_step=0.605, val_loss=0.731, train_loss_epoch=0.597]WARNING: vision_encoder.blocks.2.1.spatial_block.conv1.fn.dw.weight has NO gradient.
Epoch 1:  71%|███████▏  | 5/7 [00:04<00:01,  1.11it/s, v_num=dlg7, train_loss_step=0.605, val_loss=0.731, train_loss_epoch=0.597]Epoch 1:  71%|███████▏  | 5/7 [00:04<00:01,  1.11it/s, v_num=dlg7, train_loss_step=0.657, val_loss=0.731, train_loss_epoch=0.597]WARNING: vision_encoder.blocks.2.1.spatial_block.conv1.fn.dw.weight has NO gradient.
Epoch 1:  86%|████████▌ | 6/7 [00:05<00:00,  1.13it/s, v_num=dlg7, train_loss_step=0.657, val_loss=0.731, train_loss_epoch=0.597]Epoch 1:  86%|████████▌ | 6/7 [00:05<00:00,  1.13it/s, v_num=dlg7, train_loss_step=0.546, val_loss=0.731, train_loss_epoch=0.597]WARNING: vision_encoder.blocks.2.1.spatial_block.conv1.fn.dw.weight has NO gradient.
Epoch 1: 100%|██████████| 7/7 [00:05<00:00,  1.20it/s, v_num=dlg7, train_loss_step=0.546, val_loss=0.731, train_loss_epoch=0.597]Epoch 1: 100%|██████████| 7/7 [00:05<00:00,  1.20it/s, v_num=dlg7, train_loss_step=0.527, val_loss=0.731, train_loss_epoch=0.597]
Validation: |          | 0/? [00:00<?, ?it/s][A
Validation:   0%|          | 0/4 [00:00<?, ?it/s][A
Validation DataLoader 0:   0%|          | 0/4 [00:00<?, ?it/s][Atensor(0.1305, device='cuda:0')
tensor(-0.2307, device='cuda:0')

Validation DataLoader 0:  25%|██▌       | 1/4 [00:00<00:02,  1.27it/s][Atensor(0.1301, device='cuda:0')
tensor(-0.1978, device='cuda:0')

Validation DataLoader 0:  50%|█████     | 2/4 [00:01<00:01,  1.25it/s][Atensor(0.1409, device='cuda:0')
tensor(-0.2153, device='cuda:0')

Validation DataLoader 0:  75%|███████▌  | 3/4 [00:02<00:00,  1.25it/s][Atensor(0.1153, device='cuda:0')
tensor(-0.1353, device='cuda:0')

Validation DataLoader 0: 100%|██████████| 4/4 [00:02<00:00,  1.48it/s][A
==================================================
Stage: VAL
Predicted class distribution: 0s = 0, 1s = 107
Actual label distribution:    0s = 80, 1s = 27
Actual Imbalance Ratio (0:1): 2.96:1
==================================================
⚠️ Model is predicting only class 1 (minority class). It is ignoring the majority class!

                                                                      [AEpoch 1: 100%|██████████| 7/7 [00:09<00:00,  0.78it/s, v_num=dlg7, train_loss_step=0.527, val_loss=0.716, train_loss_epoch=0.597]Epoch 1: 100%|██████████| 7/7 [00:09<00:00,  0.78it/s, v_num=dlg7, train_loss_step=0.527, val_loss=0.716, train_loss_epoch=0.598]Epoch 1:   0%|          | 0/7 [00:00<?, ?it/s, v_num=dlg7, train_loss_step=0.527, val_loss=0.716, train_loss_epoch=0.598]        Epoch 2:   0%|          | 0/7 [00:00<?, ?it/s, v_num=dlg7, train_loss_step=0.527, val_loss=0.716, train_loss_epoch=0.598]WARNING: vision_encoder.blocks.2.1.spatial_block.conv1.fn.dw.weight has NO gradient.
Epoch 2:  14%|█▍        | 1/7 [00:01<00:07,  0.81it/s, v_num=dlg7, train_loss_step=0.527, val_loss=0.716, train_loss_epoch=0.598]Epoch 2:  14%|█▍        | 1/7 [00:01<00:07,  0.81it/s, v_num=dlg7, train_loss_step=0.682, val_loss=0.716, train_loss_epoch=0.598]WARNING: vision_encoder.blocks.2.1.spatial_block.conv1.fn.dw.weight has NO gradient.
Epoch 2:  29%|██▊       | 2/7 [00:02<00:05,  0.98it/s, v_num=dlg7, train_loss_step=0.682, val_loss=0.716, train_loss_epoch=0.598]Epoch 2:  29%|██▊       | 2/7 [00:02<00:05,  0.98it/s, v_num=dlg7, train_loss_step=0.705, val_loss=0.716, train_loss_epoch=0.598]WARNING: vision_encoder.blocks.2.1.spatial_block.conv1.fn.dw.weight has NO gradient.
Epoch 2:  43%|████▎     | 3/7 [00:02<00:03,  1.05it/s, v_num=dlg7, train_loss_step=0.705, val_loss=0.716, train_loss_epoch=0.598]Epoch 2:  43%|████▎     | 3/7 [00:02<00:03,  1.05it/s, v_num=dlg7, train_loss_step=0.598, val_loss=0.716, train_loss_epoch=0.598]WARNING: vision_encoder.blocks.2.1.spatial_block.conv1.fn.dw.weight has NO gradient.
Epoch 2:  57%|█████▋    | 4/7 [00:03<00:02,  1.09it/s, v_num=dlg7, train_loss_step=0.598, val_loss=0.716, train_loss_epoch=0.598]Epoch 2:  57%|█████▋    | 4/7 [00:03<00:02,  1.09it/s, v_num=dlg7, train_loss_step=0.501, val_loss=0.716, train_loss_epoch=0.598]WARNING: vision_encoder.blocks.2.1.spatial_block.conv1.fn.dw.weight has NO gradient.
Epoch 2:  71%|███████▏  | 5/7 [00:04<00:01,  1.11it/s, v_num=dlg7, train_loss_step=0.501, val_loss=0.716, train_loss_epoch=0.598]Epoch 2:  71%|███████▏  | 5/7 [00:04<00:01,  1.11it/s, v_num=dlg7, train_loss_step=0.655, val_loss=0.716, train_loss_epoch=0.598]WARNING: vision_encoder.blocks.2.1.spatial_block.conv1.fn.dw.weight has NO gradient.
Epoch 2:  86%|████████▌ | 6/7 [00:05<00:00,  1.13it/s, v_num=dlg7, train_loss_step=0.655, val_loss=0.716, train_loss_epoch=0.598]Epoch 2:  86%|████████▌ | 6/7 [00:05<00:00,  1.13it/s, v_num=dlg7, train_loss_step=0.562, val_loss=0.716, train_loss_epoch=0.598]WARNING: vision_encoder.blocks.2.1.spatial_block.conv1.fn.dw.weight has NO gradient.
Epoch 2: 100%|██████████| 7/7 [00:05<00:00,  1.20it/s, v_num=dlg7, train_loss_step=0.562, val_loss=0.716, train_loss_epoch=0.598]Epoch 2: 100%|██████████| 7/7 [00:05<00:00,  1.20it/s, v_num=dlg7, train_loss_step=0.642, val_loss=0.716, train_loss_epoch=0.598]
Validation: |          | 0/? [00:00<?, ?it/s][A
Validation:   0%|          | 0/4 [00:00<?, ?it/s][A
Validation DataLoader 0:   0%|          | 0/4 [00:00<?, ?it/s][Atensor(0.1739, device='cuda:0')
tensor(-0.2216, device='cuda:0')

Validation DataLoader 0:  25%|██▌       | 1/4 [00:00<00:02,  1.26it/s][Atensor(0.1522, device='cuda:0')
tensor(-0.1985, device='cuda:0')

Validation DataLoader 0:  50%|█████     | 2/4 [00:01<00:01,  1.25it/s][Atensor(0.1774, device='cuda:0')
tensor(-0.2176, device='cuda:0')

Validation DataLoader 0:  75%|███████▌  | 3/4 [00:02<00:00,  1.25it/s][Atensor(0.1462, device='cuda:0')
tensor(-0.1431, device='cuda:0')

Validation DataLoader 0: 100%|██████████| 4/4 [00:02<00:00,  1.48it/s][A
==================================================
Stage: VAL
Predicted class distribution: 0s = 0, 1s = 107
Actual label distribution:    0s = 80, 1s = 27
Actual Imbalance Ratio (0:1): 2.96:1
==================================================
⚠️ Model is predicting only class 1 (minority class). It is ignoring the majority class!

                                                                      [AEpoch 2: 100%|██████████| 7/7 [00:09<00:00,  0.77it/s, v_num=dlg7, train_loss_step=0.642, val_loss=0.703, train_loss_epoch=0.598]Epoch 2: 100%|██████████| 7/7 [00:09<00:00,  0.77it/s, v_num=dlg7, train_loss_step=0.642, val_loss=0.703, train_loss_epoch=0.620]Epoch 2:   0%|          | 0/7 [00:00<?, ?it/s, v_num=dlg7, train_loss_step=0.642, val_loss=0.703, train_loss_epoch=0.620]        Epoch 3:   0%|          | 0/7 [00:00<?, ?it/s, v_num=dlg7, train_loss_step=0.642, val_loss=0.703, train_loss_epoch=0.620]WARNING: vision_encoder.blocks.2.1.spatial_block.conv1.fn.dw.weight has NO gradient.
Epoch 3:  14%|█▍        | 1/7 [00:01<00:07,  0.81it/s, v_num=dlg7, train_loss_step=0.642, val_loss=0.703, train_loss_epoch=0.620]Epoch 3:  14%|█▍        | 1/7 [00:01<00:07,  0.81it/s, v_num=dlg7, train_loss_step=0.625, val_loss=0.703, train_loss_epoch=0.620]WARNING: vision_encoder.blocks.2.1.spatial_block.conv1.fn.dw.weight has NO gradient.
Epoch 3:  29%|██▊       | 2/7 [00:02<00:05,  0.98it/s, v_num=dlg7, train_loss_step=0.625, val_loss=0.703, train_loss_epoch=0.620]Epoch 3:  29%|██▊       | 2/7 [00:02<00:05,  0.98it/s, v_num=dlg7, train_loss_step=0.611, val_loss=0.703, train_loss_epoch=0.620]WARNING: vision_encoder.blocks.2.1.spatial_block.conv1.fn.dw.weight has NO gradient.
Epoch 3:  43%|████▎     | 3/7 [00:02<00:03,  1.05it/s, v_num=dlg7, train_loss_step=0.611, val_loss=0.703, train_loss_epoch=0.620]Epoch 3:  43%|████▎     | 3/7 [00:02<00:03,  1.05it/s, v_num=dlg7, train_loss_step=0.567, val_loss=0.703, train_loss_epoch=0.620]WARNING: vision_encoder.blocks.2.1.spatial_block.conv1.fn.dw.weight has NO gradient.
Epoch 3:  57%|█████▋    | 4/7 [00:03<00:02,  1.09it/s, v_num=dlg7, train_loss_step=0.567, val_loss=0.703, train_loss_epoch=0.620]Epoch 3:  57%|█████▋    | 4/7 [00:03<00:02,  1.09it/s, v_num=dlg7, train_loss_step=0.636, val_loss=0.703, train_loss_epoch=0.620]WARNING: vision_encoder.blocks.2.1.spatial_block.conv1.fn.dw.weight has NO gradient.
Epoch 3:  71%|███████▏  | 5/7 [00:04<00:01,  1.11it/s, v_num=dlg7, train_loss_step=0.636, val_loss=0.703, train_loss_epoch=0.620]Epoch 3:  71%|███████▏  | 5/7 [00:04<00:01,  1.11it/s, v_num=dlg7, train_loss_step=0.594, val_loss=0.703, train_loss_epoch=0.620]WARNING: vision_encoder.blocks.2.1.spatial_block.conv1.fn.dw.weight has NO gradient.
Epoch 3:  86%|████████▌ | 6/7 [00:05<00:00,  1.13it/s, v_num=dlg7, train_loss_step=0.594, val_loss=0.703, train_loss_epoch=0.620]Epoch 3:  86%|████████▌ | 6/7 [00:05<00:00,  1.13it/s, v_num=dlg7, train_loss_step=0.420, val_loss=0.703, train_loss_epoch=0.620]WARNING: vision_encoder.blocks.2.1.spatial_block.conv1.fn.dw.weight has NO gradient.
Epoch 3: 100%|██████████| 7/7 [00:05<00:00,  1.20it/s, v_num=dlg7, train_loss_step=0.420, val_loss=0.703, train_loss_epoch=0.620]Epoch 3: 100%|██████████| 7/7 [00:05<00:00,  1.20it/s, v_num=dlg7, train_loss_step=0.686, val_loss=0.703, train_loss_epoch=0.620]
Validation: |          | 0/? [00:00<?, ?it/s][A
Validation:   0%|          | 0/4 [00:00<?, ?it/s][A
Validation DataLoader 0:   0%|          | 0/4 [00:00<?, ?it/s][Atensor(0.2108, device='cuda:0')
tensor(-0.2002, device='cuda:0')

Validation DataLoader 0:  25%|██▌       | 1/4 [00:00<00:02,  1.26it/s][Atensor(0.1999, device='cuda:0')
tensor(-0.1945, device='cuda:0')

Validation DataLoader 0:  50%|█████     | 2/4 [00:01<00:01,  1.25it/s][Atensor(0.2364, device='cuda:0')
tensor(-0.2012, device='cuda:0')

Validation DataLoader 0:  75%|███████▌  | 3/4 [00:02<00:00,  1.24it/s][Atensor(0.1893, device='cuda:0')
tensor(-0.1457, device='cuda:0')

Validation DataLoader 0: 100%|██████████| 4/4 [00:02<00:00,  1.47it/s][A
==================================================
Stage: VAL
Predicted class distribution: 0s = 0, 1s = 107
Actual label distribution:    0s = 80, 1s = 27
Actual Imbalance Ratio (0:1): 2.96:1
==================================================
⚠️ Model is predicting only class 1 (minority class). It is ignoring the majority class!

                                                                      [AEpoch 3: 100%|██████████| 7/7 [00:09<00:00,  0.78it/s, v_num=dlg7, train_loss_step=0.686, val_loss=0.691, train_loss_epoch=0.620]Epoch 3: 100%|██████████| 7/7 [00:09<00:00,  0.78it/s, v_num=dlg7, train_loss_step=0.686, val_loss=0.691, train_loss_epoch=0.586]Epoch 3:   0%|          | 0/7 [00:00<?, ?it/s, v_num=dlg7, train_loss_step=0.686, val_loss=0.691, train_loss_epoch=0.586]        Epoch 4:   0%|          | 0/7 [00:00<?, ?it/s, v_num=dlg7, train_loss_step=0.686, val_loss=0.691, train_loss_epoch=0.586]WARNING: vision_encoder.blocks.2.1.spatial_block.conv1.fn.dw.weight has NO gradient.
Epoch 4:  14%|█▍        | 1/7 [00:01<00:07,  0.82it/s, v_num=dlg7, train_loss_step=0.686, val_loss=0.691, train_loss_epoch=0.586]Epoch 4:  14%|█▍        | 1/7 [00:01<00:07,  0.82it/s, v_num=dlg7, train_loss_step=0.626, val_loss=0.691, train_loss_epoch=0.586]WARNING: vision_encoder.blocks.2.1.spatial_block.conv1.fn.dw.weight has NO gradient.
Epoch 4:  29%|██▊       | 2/7 [00:02<00:05,  0.98it/s, v_num=dlg7, train_loss_step=0.626, val_loss=0.691, train_loss_epoch=0.586]Epoch 4:  29%|██▊       | 2/7 [00:02<00:05,  0.98it/s, v_num=dlg7, train_loss_step=0.531, val_loss=0.691, train_loss_epoch=0.586]WARNING: vision_encoder.blocks.2.1.spatial_block.conv1.fn.dw.weight has NO gradient.
Epoch 4:  43%|████▎     | 3/7 [00:02<00:03,  1.05it/s, v_num=dlg7, train_loss_step=0.531, val_loss=0.691, train_loss_epoch=0.586]Epoch 4:  43%|████▎     | 3/7 [00:02<00:03,  1.05it/s, v_num=dlg7, train_loss_step=0.481, val_loss=0.691, train_loss_epoch=0.586]WARNING: vision_encoder.blocks.2.1.spatial_block.conv1.fn.dw.weight has NO gradient.
Epoch 4:  57%|█████▋    | 4/7 [00:03<00:02,  1.09it/s, v_num=dlg7, train_loss_step=0.481, val_loss=0.691, train_loss_epoch=0.586]Epoch 4:  57%|█████▋    | 4/7 [00:03<00:02,  1.09it/s, v_num=dlg7, train_loss_step=0.631, val_loss=0.691, train_loss_epoch=0.586]WARNING: vision_encoder.blocks.2.1.spatial_block.conv1.fn.dw.weight has NO gradient.
Epoch 4:  71%|███████▏  | 5/7 [00:04<00:01,  1.11it/s, v_num=dlg7, train_loss_step=0.631, val_loss=0.691, train_loss_epoch=0.586]Epoch 4:  71%|███████▏  | 5/7 [00:04<00:01,  1.11it/s, v_num=dlg7, train_loss_step=0.591, val_loss=0.691, train_loss_epoch=0.586]WARNING: vision_encoder.blocks.2.1.spatial_block.conv1.fn.dw.weight has NO gradient.
Epoch 4:  86%|████████▌ | 6/7 [00:05<00:00,  1.13it/s, v_num=dlg7, train_loss_step=0.591, val_loss=0.691, train_loss_epoch=0.586]Epoch 4:  86%|████████▌ | 6/7 [00:05<00:00,  1.13it/s, v_num=dlg7, train_loss_step=0.651, val_loss=0.691, train_loss_epoch=0.586]WARNING: vision_encoder.blocks.2.1.spatial_block.conv1.fn.dw.weight has NO gradient.
Epoch 4: 100%|██████████| 7/7 [00:05<00:00,  1.19it/s, v_num=dlg7, train_loss_step=0.651, val_loss=0.691, train_loss_epoch=0.586]Epoch 4: 100%|██████████| 7/7 [00:05<00:00,  1.19it/s, v_num=dlg7, train_loss_step=0.428, val_loss=0.691, train_loss_epoch=0.586]
Validation: |          | 0/? [00:00<?, ?it/s][A
Validation:   0%|          | 0/4 [00:00<?, ?it/s][A
Validation DataLoader 0:   0%|          | 0/4 [00:00<?, ?it/s][Atensor(0.2612, device='cuda:0')
tensor(-0.1730, device='cuda:0')

Validation DataLoader 0:  25%|██▌       | 1/4 [00:00<00:02,  1.26it/s][Atensor(0.2695, device='cuda:0')
tensor(-0.2038, device='cuda:0')

Validation DataLoader 0:  50%|█████     | 2/4 [00:01<00:01,  1.24it/s][Atensor(0.3124, device='cuda:0')
tensor(-0.2250, device='cuda:0')

Validation DataLoader 0:  75%|███████▌  | 3/4 [00:02<00:00,  1.24it/s][Atensor(0.2325, device='cuda:0')
tensor(-0.1529, device='cuda:0')

Validation DataLoader 0: 100%|██████████| 4/4 [00:02<00:00,  1.47it/s][A
==================================================
Stage: VAL
Predicted class distribution: 0s = 0, 1s = 107
Actual label distribution:    0s = 80, 1s = 27
Actual Imbalance Ratio (0:1): 2.96:1
==================================================
⚠️ Model is predicting only class 1 (minority class). It is ignoring the majority class!

                                                                      [AEpoch 4: 100%|██████████| 7/7 [00:09<00:00,  0.77it/s, v_num=dlg7, train_loss_step=0.428, val_loss=0.681, train_loss_epoch=0.586]Epoch 4: 100%|██████████| 7/7 [00:09<00:00,  0.77it/s, v_num=dlg7, train_loss_step=0.428, val_loss=0.681, train_loss_epoch=0.569]Epoch 4:   0%|          | 0/7 [00:00<?, ?it/s, v_num=dlg7, train_loss_step=0.428, val_loss=0.681, train_loss_epoch=0.569]        Epoch 5:   0%|          | 0/7 [00:00<?, ?it/s, v_num=dlg7, train_loss_step=0.428, val_loss=0.681, train_loss_epoch=0.569]WARNING: vision_encoder.blocks.2.1.spatial_block.conv1.fn.dw.weight has NO gradient.
Epoch 5:  14%|█▍        | 1/7 [00:01<00:07,  0.81it/s, v_num=dlg7, train_loss_step=0.428, val_loss=0.681, train_loss_epoch=0.569]Epoch 5:  14%|█▍        | 1/7 [00:01<00:07,  0.81it/s, v_num=dlg7, train_loss_step=0.655, val_loss=0.681, train_loss_epoch=0.569]WARNING: vision_encoder.blocks.2.1.spatial_block.conv1.fn.dw.weight has NO gradient.
Epoch 5:  29%|██▊       | 2/7 [00:02<00:05,  0.97it/s, v_num=dlg7, train_loss_step=0.655, val_loss=0.681, train_loss_epoch=0.569]Epoch 5:  29%|██▊       | 2/7 [00:02<00:05,  0.97it/s, v_num=dlg7, train_loss_step=0.479, val_loss=0.681, train_loss_epoch=0.569]WARNING: vision_encoder.blocks.2.1.spatial_block.conv1.fn.dw.weight has NO gradient.
Epoch 5:  43%|████▎     | 3/7 [00:02<00:03,  1.04it/s, v_num=dlg7, train_loss_step=0.479, val_loss=0.681, train_loss_epoch=0.569]Epoch 5:  43%|████▎     | 3/7 [00:02<00:03,  1.04it/s, v_num=dlg7, train_loss_step=0.479, val_loss=0.681, train_loss_epoch=0.569]WARNING: vision_encoder.blocks.2.1.spatial_block.conv1.fn.dw.weight has NO gradient.
Epoch 5:  57%|█████▋    | 4/7 [00:03<00:02,  1.08it/s, v_num=dlg7, train_loss_step=0.479, val_loss=0.681, train_loss_epoch=0.569]Epoch 5:  57%|█████▋    | 4/7 [00:03<00:02,  1.08it/s, v_num=dlg7, train_loss_step=0.456, val_loss=0.681, train_loss_epoch=0.569]WARNING: vision_encoder.blocks.2.1.spatial_block.conv1.fn.dw.weight has NO gradient.
Epoch 5:  71%|███████▏  | 5/7 [00:04<00:01,  1.11it/s, v_num=dlg7, train_loss_step=0.456, val_loss=0.681, train_loss_epoch=0.569]Epoch 5:  71%|███████▏  | 5/7 [00:04<00:01,  1.11it/s, v_num=dlg7, train_loss_step=0.496, val_loss=0.681, train_loss_epoch=0.569]WARNING: vision_encoder.blocks.2.1.spatial_block.conv1.fn.dw.weight has NO gradient.
Epoch 5:  86%|████████▌ | 6/7 [00:05<00:00,  1.12it/s, v_num=dlg7, train_loss_step=0.496, val_loss=0.681, train_loss_epoch=0.569]Epoch 5:  86%|████████▌ | 6/7 [00:05<00:00,  1.12it/s, v_num=dlg7, train_loss_step=0.554, val_loss=0.681, train_loss_epoch=0.569]WARNING: vision_encoder.blocks.2.1.spatial_block.conv1.fn.dw.weight has NO gradient.
Epoch 5: 100%|██████████| 7/7 [00:05<00:00,  1.19it/s, v_num=dlg7, train_loss_step=0.554, val_loss=0.681, train_loss_epoch=0.569]Epoch 5: 100%|██████████| 7/7 [00:05<00:00,  1.19it/s, v_num=dlg7, train_loss_step=0.583, val_loss=0.681, train_loss_epoch=0.569]
Validation: |          | 0/? [00:00<?, ?it/s][A
Validation:   0%|          | 0/4 [00:00<?, ?it/s][A
Validation DataLoader 0:   0%|          | 0/4 [00:00<?, ?it/s][Atensor(0.2991, device='cuda:0')
tensor(-0.1702, device='cuda:0')

Validation DataLoader 0:  25%|██▌       | 1/4 [00:00<00:02,  1.25it/s][Atensor(0.3218, device='cuda:0')
tensor(-0.2287, device='cuda:0')

Validation DataLoader 0:  50%|█████     | 2/4 [00:01<00:01,  1.24it/s][Atensor(0.3888, device='cuda:0')
tensor(-0.2344, device='cuda:0')

Validation DataLoader 0:  75%|███████▌  | 3/4 [00:02<00:00,  1.23it/s][Atensor(0.2688, device='cuda:0')
tensor(-0.1496, device='cuda:0')

Validation DataLoader 0: 100%|██████████| 4/4 [00:02<00:00,  1.46it/s][A
==================================================
Stage: VAL
Predicted class distribution: 0s = 0, 1s = 107
Actual label distribution:    0s = 80, 1s = 27
Actual Imbalance Ratio (0:1): 2.96:1
==================================================
⚠️ Model is predicting only class 1 (minority class). It is ignoring the majority class!

                                                                      [AEpoch 5: 100%|██████████| 7/7 [00:09<00:00,  0.73it/s, v_num=dlg7, train_loss_step=0.583, val_loss=0.673, train_loss_epoch=0.569]Epoch 5: 100%|██████████| 7/7 [00:09<00:00,  0.73it/s, v_num=dlg7, train_loss_step=0.583, val_loss=0.673, train_loss_epoch=0.526]Epoch 5:   0%|          | 0/7 [00:00<?, ?it/s, v_num=dlg7, train_loss_step=0.583, val_loss=0.673, train_loss_epoch=0.526]        Epoch 6:   0%|          | 0/7 [00:00<?, ?it/s, v_num=dlg7, train_loss_step=0.583, val_loss=0.673, train_loss_epoch=0.526]WARNING: vision_encoder.blocks.2.1.spatial_block.conv1.fn.dw.weight has NO gradient.
Epoch 6:  14%|█▍        | 1/7 [00:01<00:07,  0.81it/s, v_num=dlg7, train_loss_step=0.583, val_loss=0.673, train_loss_epoch=0.526]Epoch 6:  14%|█▍        | 1/7 [00:01<00:07,  0.81it/s, v_num=dlg7, train_loss_step=0.512, val_loss=0.673, train_loss_epoch=0.526]WARNING: vision_encoder.blocks.2.1.spatial_block.conv1.fn.dw.weight has NO gradient.
Epoch 6:  29%|██▊       | 2/7 [00:02<00:05,  0.97it/s, v_num=dlg7, train_loss_step=0.512, val_loss=0.673, train_loss_epoch=0.526]Epoch 6:  29%|██▊       | 2/7 [00:02<00:05,  0.97it/s, v_num=dlg7, train_loss_step=0.512, val_loss=0.673, train_loss_epoch=0.526]WARNING: vision_encoder.blocks.2.1.spatial_block.conv1.fn.dw.weight has NO gradient.
Epoch 6:  43%|████▎     | 3/7 [00:02<00:03,  1.04it/s, v_num=dlg7, train_loss_step=0.512, val_loss=0.673, train_loss_epoch=0.526]Epoch 6:  43%|████▎     | 3/7 [00:02<00:03,  1.04it/s, v_num=dlg7, train_loss_step=0.512, val_loss=0.673, train_loss_epoch=0.526]WARNING: vision_encoder.blocks.2.1.spatial_block.conv1.fn.dw.weight has NO gradient.
Epoch 6:  57%|█████▋    | 4/7 [00:03<00:02,  1.08it/s, v_num=dlg7, train_loss_step=0.512, val_loss=0.673, train_loss_epoch=0.526]Epoch 6:  57%|█████▋    | 4/7 [00:03<00:02,  1.08it/s, v_num=dlg7, train_loss_step=0.507, val_loss=0.673, train_loss_epoch=0.526]WARNING: vision_encoder.blocks.2.1.spatial_block.conv1.fn.dw.weight has NO gradient.
Epoch 6:  71%|███████▏  | 5/7 [00:04<00:01,  1.10it/s, v_num=dlg7, train_loss_step=0.507, val_loss=0.673, train_loss_epoch=0.526]Epoch 6:  71%|███████▏  | 5/7 [00:04<00:01,  1.10it/s, v_num=dlg7, train_loss_step=0.482, val_loss=0.673, train_loss_epoch=0.526]WARNING: vision_encoder.blocks.2.1.spatial_block.conv1.fn.dw.weight has NO gradient.
Epoch 6:  86%|████████▌ | 6/7 [00:05<00:00,  1.12it/s, v_num=dlg7, train_loss_step=0.482, val_loss=0.673, train_loss_epoch=0.526]Epoch 6:  86%|████████▌ | 6/7 [00:05<00:00,  1.12it/s, v_num=dlg7, train_loss_step=0.652, val_loss=0.673, train_loss_epoch=0.526]WARNING: vision_encoder.blocks.2.1.spatial_block.conv1.fn.dw.weight has NO gradient.
Epoch 6: 100%|██████████| 7/7 [00:05<00:00,  1.18it/s, v_num=dlg7, train_loss_step=0.652, val_loss=0.673, train_loss_epoch=0.526]Epoch 6: 100%|██████████| 7/7 [00:05<00:00,  1.18it/s, v_num=dlg7, train_loss_step=0.521, val_loss=0.673, train_loss_epoch=0.526]
Validation: |          | 0/? [00:00<?, ?it/s][A
Validation:   0%|          | 0/4 [00:00<?, ?it/s][A
Validation DataLoader 0:   0%|          | 0/4 [00:00<?, ?it/s][Atensor(0.3312, device='cuda:0')
tensor(-0.1802, device='cuda:0')

Validation DataLoader 0:  25%|██▌       | 1/4 [00:00<00:02,  1.25it/s][Atensor(0.3244, device='cuda:0')
tensor(-0.2415, device='cuda:0')

Validation DataLoader 0:  50%|█████     | 2/4 [00:01<00:01,  1.24it/s][Atensor(0.3968, device='cuda:0')
tensor(-0.2339, device='cuda:0')

Validation DataLoader 0:  75%|███████▌  | 3/4 [00:02<00:00,  1.23it/s][Atensor(0.2837, device='cuda:0')
tensor(-0.1919, device='cuda:0')

Validation DataLoader 0: 100%|██████████| 4/4 [00:02<00:00,  1.46it/s][A
==================================================
Stage: VAL
Predicted class distribution: 0s = 0, 1s = 107
Actual label distribution:    0s = 80, 1s = 27
Actual Imbalance Ratio (0:1): 2.96:1
==================================================
⚠️ Model is predicting only class 1 (minority class). It is ignoring the majority class!

                                                                      [AEpoch 6: 100%|██████████| 7/7 [00:09<00:00,  0.77it/s, v_num=dlg7, train_loss_step=0.521, val_loss=0.668, train_loss_epoch=0.526]Epoch 6: 100%|██████████| 7/7 [00:09<00:00,  0.77it/s, v_num=dlg7, train_loss_step=0.521, val_loss=0.668, train_loss_epoch=0.529]Epoch 6:   0%|          | 0/7 [00:00<?, ?it/s, v_num=dlg7, train_loss_step=0.521, val_loss=0.668, train_loss_epoch=0.529]        Epoch 7:   0%|          | 0/7 [00:00<?, ?it/s, v_num=dlg7, train_loss_step=0.521, val_loss=0.668, train_loss_epoch=0.529]WARNING: vision_encoder.blocks.2.1.spatial_block.conv1.fn.dw.weight has NO gradient.
Epoch 7:  14%|█▍        | 1/7 [00:01<00:07,  0.78it/s, v_num=dlg7, train_loss_step=0.521, val_loss=0.668, train_loss_epoch=0.529]Epoch 7:  14%|█▍        | 1/7 [00:01<00:07,  0.78it/s, v_num=dlg7, train_loss_step=0.508, val_loss=0.668, train_loss_epoch=0.529]WARNING: vision_encoder.blocks.2.1.spatial_block.conv1.fn.dw.weight has NO gradient.
Epoch 7:  29%|██▊       | 2/7 [00:02<00:05,  0.95it/s, v_num=dlg7, train_loss_step=0.508, val_loss=0.668, train_loss_epoch=0.529]Epoch 7:  29%|██▊       | 2/7 [00:02<00:05,  0.95it/s, v_num=dlg7, train_loss_step=0.624, val_loss=0.668, train_loss_epoch=0.529]WARNING: vision_encoder.blocks.2.1.spatial_block.conv1.fn.dw.weight has NO gradient.
Epoch 7:  43%|████▎     | 3/7 [00:02<00:03,  1.02it/s, v_num=dlg7, train_loss_step=0.624, val_loss=0.668, train_loss_epoch=0.529]Epoch 7:  43%|████▎     | 3/7 [00:02<00:03,  1.02it/s, v_num=dlg7, train_loss_step=0.431, val_loss=0.668, train_loss_epoch=0.529]WARNING: vision_encoder.blocks.2.1.spatial_block.conv1.fn.dw.weight has NO gradient.
Epoch 7:  57%|█████▋    | 4/7 [00:03<00:02,  1.07it/s, v_num=dlg7, train_loss_step=0.431, val_loss=0.668, train_loss_epoch=0.529]Epoch 7:  57%|█████▋    | 4/7 [00:03<00:02,  1.07it/s, v_num=dlg7, train_loss_step=0.517, val_loss=0.668, train_loss_epoch=0.529]WARNING: vision_encoder.blocks.2.1.spatial_block.conv1.fn.dw.weight has NO gradient.
Epoch 7:  71%|███████▏  | 5/7 [00:04<00:01,  1.09it/s, v_num=dlg7, train_loss_step=0.517, val_loss=0.668, train_loss_epoch=0.529]Epoch 7:  71%|███████▏  | 5/7 [00:04<00:01,  1.09it/s, v_num=dlg7, train_loss_step=0.524, val_loss=0.668, train_loss_epoch=0.529]WARNING: vision_encoder.blocks.2.1.spatial_block.conv1.fn.dw.weight has NO gradient.
Epoch 7:  86%|████████▌ | 6/7 [00:05<00:00,  1.11it/s, v_num=dlg7, train_loss_step=0.524, val_loss=0.668, train_loss_epoch=0.529]Epoch 7:  86%|████████▌ | 6/7 [00:05<00:00,  1.11it/s, v_num=dlg7, train_loss_step=0.371, val_loss=0.668, train_loss_epoch=0.529]WARNING: vision_encoder.blocks.2.1.spatial_block.conv1.fn.dw.weight has NO gradient.
Epoch 7: 100%|██████████| 7/7 [00:05<00:00,  1.18it/s, v_num=dlg7, train_loss_step=0.371, val_loss=0.668, train_loss_epoch=0.529]Epoch 7: 100%|██████████| 7/7 [00:05<00:00,  1.18it/s, v_num=dlg7, train_loss_step=0.508, val_loss=0.668, train_loss_epoch=0.529]
Validation: |          | 0/? [00:00<?, ?it/s][A
Validation:   0%|          | 0/4 [00:00<?, ?it/s][A
Validation DataLoader 0:   0%|          | 0/4 [00:00<?, ?it/s][Atensor(0.3751, device='cuda:0')
tensor(-0.2427, device='cuda:0')

Validation DataLoader 0:  25%|██▌       | 1/4 [00:00<00:02,  1.24it/s][Atensor(0.3408, device='cuda:0')
tensor(-0.2451, device='cuda:0')

Validation DataLoader 0:  50%|█████     | 2/4 [00:01<00:01,  1.23it/s][Atensor(0.3993, device='cuda:0')
tensor(-0.2549, device='cuda:0')

Validation DataLoader 0:  75%|███████▌  | 3/4 [00:02<00:00,  1.23it/s][Atensor(0.3199, device='cuda:0')
tensor(-0.1973, device='cuda:0')

Validation DataLoader 0: 100%|██████████| 4/4 [00:02<00:00,  1.46it/s][A
==================================================
Stage: VAL
Predicted class distribution: 0s = 1, 1s = 106
Actual label distribution:    0s = 80, 1s = 27
Actual Imbalance Ratio (0:1): 2.96:1
==================================================
✅ Model is predicting both classes.

                                                                      [AEpoch 7: 100%|██████████| 7/7 [00:09<00:00,  0.76it/s, v_num=dlg7, train_loss_step=0.508, val_loss=0.657, train_loss_epoch=0.529]Epoch 7: 100%|██████████| 7/7 [00:09<00:00,  0.76it/s, v_num=dlg7, train_loss_step=0.508, val_loss=0.657, train_loss_epoch=0.497]Epoch 7:   0%|          | 0/7 [00:00<?, ?it/s, v_num=dlg7, train_loss_step=0.508, val_loss=0.657, train_loss_epoch=0.497]        Epoch 8:   0%|          | 0/7 [00:00<?, ?it/s, v_num=dlg7, train_loss_step=0.508, val_loss=0.657, train_loss_epoch=0.497]WARNING: vision_encoder.blocks.2.1.spatial_block.conv1.fn.dw.weight has NO gradient.
Epoch 8:  14%|█▍        | 1/7 [00:01<00:07,  0.81it/s, v_num=dlg7, train_loss_step=0.508, val_loss=0.657, train_loss_epoch=0.497]Epoch 8:  14%|█▍        | 1/7 [00:01<00:07,  0.81it/s, v_num=dlg7, train_loss_step=0.499, val_loss=0.657, train_loss_epoch=0.497]WARNING: vision_encoder.blocks.2.1.spatial_block.conv1.fn.dw.weight has NO gradient.
Epoch 8:  29%|██▊       | 2/7 [00:02<00:05,  0.97it/s, v_num=dlg7, train_loss_step=0.499, val_loss=0.657, train_loss_epoch=0.497]Epoch 8:  29%|██▊       | 2/7 [00:02<00:05,  0.97it/s, v_num=dlg7, train_loss_step=0.485, val_loss=0.657, train_loss_epoch=0.497]WARNING: vision_encoder.blocks.2.1.spatial_block.conv1.fn.dw.weight has NO gradient.
Epoch 8:  43%|████▎     | 3/7 [00:02<00:03,  1.04it/s, v_num=dlg7, train_loss_step=0.485, val_loss=0.657, train_loss_epoch=0.497]Epoch 8:  43%|████▎     | 3/7 [00:02<00:03,  1.04it/s, v_num=dlg7, train_loss_step=0.471, val_loss=0.657, train_loss_epoch=0.497]WARNING: vision_encoder.blocks.2.1.spatial_block.conv1.fn.dw.weight has NO gradient.
Epoch 8:  57%|█████▋    | 4/7 [00:03<00:02,  1.08it/s, v_num=dlg7, train_loss_step=0.471, val_loss=0.657, train_loss_epoch=0.497]Epoch 8:  57%|█████▋    | 4/7 [00:03<00:02,  1.08it/s, v_num=dlg7, train_loss_step=0.559, val_loss=0.657, train_loss_epoch=0.497]WARNING: vision_encoder.blocks.2.1.spatial_block.conv1.fn.dw.weight has NO gradient.
Epoch 8:  71%|███████▏  | 5/7 [00:04<00:01,  1.10it/s, v_num=dlg7, train_loss_step=0.559, val_loss=0.657, train_loss_epoch=0.497]Epoch 8:  71%|███████▏  | 5/7 [00:04<00:01,  1.10it/s, v_num=dlg7, train_loss_step=0.486, val_loss=0.657, train_loss_epoch=0.497]WARNING: vision_encoder.blocks.2.1.spatial_block.conv1.fn.dw.weight has NO gradient.
Epoch 8:  86%|████████▌ | 6/7 [00:05<00:00,  1.12it/s, v_num=dlg7, train_loss_step=0.486, val_loss=0.657, train_loss_epoch=0.497]Epoch 8:  86%|████████▌ | 6/7 [00:05<00:00,  1.12it/s, v_num=dlg7, train_loss_step=0.553, val_loss=0.657, train_loss_epoch=0.497]WARNING: vision_encoder.blocks.2.1.spatial_block.conv1.fn.dw.weight has NO gradient.
Epoch 8: 100%|██████████| 7/7 [00:05<00:00,  1.18it/s, v_num=dlg7, train_loss_step=0.553, val_loss=0.657, train_loss_epoch=0.497]Epoch 8: 100%|██████████| 7/7 [00:05<00:00,  1.18it/s, v_num=dlg7, train_loss_step=0.493, val_loss=0.657, train_loss_epoch=0.497]
Validation: |          | 0/? [00:00<?, ?it/s][A
Validation:   0%|          | 0/4 [00:00<?, ?it/s][A
Validation DataLoader 0:   0%|          | 0/4 [00:00<?, ?it/s][Atensor(0.4152, device='cuda:0')
tensor(-0.2616, device='cuda:0')

Validation DataLoader 0:  25%|██▌       | 1/4 [00:00<00:02,  1.24it/s][Atensor(0.3682, device='cuda:0')
tensor(-0.2971, device='cuda:0')

Validation DataLoader 0:  50%|█████     | 2/4 [00:01<00:01,  1.23it/s][Atensor(0.4176, device='cuda:0')
tensor(-0.2560, device='cuda:0')

Validation DataLoader 0:  75%|███████▌  | 3/4 [00:02<00:00,  1.23it/s][Atensor(0.3510, device='cuda:0')
tensor(-0.2195, device='cuda:0')

Validation DataLoader 0: 100%|██████████| 4/4 [00:02<00:00,  1.46it/s][A
==================================================
Stage: VAL
Predicted class distribution: 0s = 5, 1s = 102
Actual label distribution:    0s = 80, 1s = 27
Actual Imbalance Ratio (0:1): 2.96:1
==================================================
✅ Model is predicting both classes.

                                                                      [AEpoch 8: 100%|██████████| 7/7 [00:09<00:00,  0.77it/s, v_num=dlg7, train_loss_step=0.493, val_loss=0.655, train_loss_epoch=0.497]Epoch 8: 100%|██████████| 7/7 [00:09<00:00,  0.77it/s, v_num=dlg7, train_loss_step=0.493, val_loss=0.655, train_loss_epoch=0.507]Epoch 8:   0%|          | 0/7 [00:00<?, ?it/s, v_num=dlg7, train_loss_step=0.493, val_loss=0.655, train_loss_epoch=0.507]        Epoch 9:   0%|          | 0/7 [00:00<?, ?it/s, v_num=dlg7, train_loss_step=0.493, val_loss=0.655, train_loss_epoch=0.507]WARNING: vision_encoder.blocks.2.1.spatial_block.conv1.fn.dw.weight has NO gradient.
Epoch 9:  14%|█▍        | 1/7 [00:01<00:07,  0.80it/s, v_num=dlg7, train_loss_step=0.493, val_loss=0.655, train_loss_epoch=0.507]Epoch 9:  14%|█▍        | 1/7 [00:01<00:07,  0.80it/s, v_num=dlg7, train_loss_step=0.543, val_loss=0.655, train_loss_epoch=0.507]WARNING: vision_encoder.blocks.2.1.spatial_block.conv1.fn.dw.weight has NO gradient.
Epoch 9:  29%|██▊       | 2/7 [00:02<00:05,  0.97it/s, v_num=dlg7, train_loss_step=0.543, val_loss=0.655, train_loss_epoch=0.507]Epoch 9:  29%|██▊       | 2/7 [00:02<00:05,  0.96it/s, v_num=dlg7, train_loss_step=0.425, val_loss=0.655, train_loss_epoch=0.507]WARNING: vision_encoder.blocks.2.1.spatial_block.conv1.fn.dw.weight has NO gradient.
Epoch 9:  43%|████▎     | 3/7 [00:02<00:03,  1.03it/s, v_num=dlg7, train_loss_step=0.425, val_loss=0.655, train_loss_epoch=0.507]Epoch 9:  43%|████▎     | 3/7 [00:02<00:03,  1.03it/s, v_num=dlg7, train_loss_step=0.540, val_loss=0.655, train_loss_epoch=0.507]WARNING: vision_encoder.blocks.2.1.spatial_block.conv1.fn.dw.weight has NO gradient.
Epoch 9:  57%|█████▋    | 4/7 [00:03<00:02,  1.07it/s, v_num=dlg7, train_loss_step=0.540, val_loss=0.655, train_loss_epoch=0.507]Epoch 9:  57%|█████▋    | 4/7 [00:03<00:02,  1.07it/s, v_num=dlg7, train_loss_step=0.492, val_loss=0.655, train_loss_epoch=0.507]WARNING: vision_encoder.blocks.2.1.spatial_block.conv1.fn.dw.weight has NO gradient.
Epoch 9:  71%|███████▏  | 5/7 [00:04<00:01,  1.10it/s, v_num=dlg7, train_loss_step=0.492, val_loss=0.655, train_loss_epoch=0.507]Epoch 9:  71%|███████▏  | 5/7 [00:04<00:01,  1.10it/s, v_num=dlg7, train_loss_step=0.496, val_loss=0.655, train_loss_epoch=0.507]WARNING: vision_encoder.blocks.2.1.spatial_block.conv1.fn.dw.weight has NO gradient.
Epoch 9:  86%|████████▌ | 6/7 [00:05<00:00,  1.11it/s, v_num=dlg7, train_loss_step=0.496, val_loss=0.655, train_loss_epoch=0.507]Epoch 9:  86%|████████▌ | 6/7 [00:05<00:00,  1.11it/s, v_num=dlg7, train_loss_step=0.617, val_loss=0.655, train_loss_epoch=0.507]WARNING: vision_encoder.blocks.2.1.spatial_block.conv1.fn.dw.weight has NO gradient.
Epoch 9: 100%|██████████| 7/7 [00:05<00:00,  1.18it/s, v_num=dlg7, train_loss_step=0.617, val_loss=0.655, train_loss_epoch=0.507]Epoch 9: 100%|██████████| 7/7 [00:05<00:00,  1.18it/s, v_num=dlg7, train_loss_step=0.438, val_loss=0.655, train_loss_epoch=0.507]
Validation: |          | 0/? [00:00<?, ?it/s][A
Validation:   0%|          | 0/4 [00:00<?, ?it/s][A
Validation DataLoader 0:   0%|          | 0/4 [00:00<?, ?it/s][Atensor(0.4407, device='cuda:0')
tensor(-0.2803, device='cuda:0')

Validation DataLoader 0:  25%|██▌       | 1/4 [00:00<00:02,  1.24it/s][Atensor(0.4213, device='cuda:0')
tensor(-0.3285, device='cuda:0')

Validation DataLoader 0:  50%|█████     | 2/4 [00:01<00:01,  1.23it/s][Atensor(0.4465, device='cuda:0')
tensor(-0.2468, device='cuda:0')

Validation DataLoader 0:  75%|███████▌  | 3/4 [00:02<00:00,  1.23it/s][Atensor(0.3669, device='cuda:0')
tensor(-0.2402, device='cuda:0')

Validation DataLoader 0: 100%|██████████| 4/4 [00:02<00:00,  1.45it/s][A
==================================================
Stage: VAL
Predicted class distribution: 0s = 6, 1s = 101
Actual label distribution:    0s = 80, 1s = 27
Actual Imbalance Ratio (0:1): 2.96:1
==================================================
✅ Model is predicting both classes.

                                                                      [AEpoch 9: 100%|██████████| 7/7 [00:09<00:00,  0.76it/s, v_num=dlg7, train_loss_step=0.438, val_loss=0.651, train_loss_epoch=0.507]Epoch 9: 100%|██████████| 7/7 [00:09<00:00,  0.76it/s, v_num=dlg7, train_loss_step=0.438, val_loss=0.651, train_loss_epoch=0.511]Epoch 9:   0%|          | 0/7 [00:00<?, ?it/s, v_num=dlg7, train_loss_step=0.438, val_loss=0.651, train_loss_epoch=0.511]        Epoch 10:   0%|          | 0/7 [00:00<?, ?it/s, v_num=dlg7, train_loss_step=0.438, val_loss=0.651, train_loss_epoch=0.511]WARNING: vision_encoder.blocks.2.1.spatial_block.conv1.fn.dw.weight has NO gradient.
Epoch 10:  14%|█▍        | 1/7 [00:01<00:07,  0.79it/s, v_num=dlg7, train_loss_step=0.438, val_loss=0.651, train_loss_epoch=0.511]Epoch 10:  14%|█▍        | 1/7 [00:01<00:07,  0.79it/s, v_num=dlg7, train_loss_step=0.483, val_loss=0.651, train_loss_epoch=0.511]WARNING: vision_encoder.blocks.2.1.spatial_block.conv1.fn.dw.weight has NO gradient.
Epoch 10:  29%|██▊       | 2/7 [00:02<00:05,  0.96it/s, v_num=dlg7, train_loss_step=0.483, val_loss=0.651, train_loss_epoch=0.511]Epoch 10:  29%|██▊       | 2/7 [00:02<00:05,  0.96it/s, v_num=dlg7, train_loss_step=0.377, val_loss=0.651, train_loss_epoch=0.511]WARNING: vision_encoder.blocks.2.1.spatial_block.conv1.fn.dw.weight has NO gradient.
Epoch 10:  43%|████▎     | 3/7 [00:02<00:03,  1.03it/s, v_num=dlg7, train_loss_step=0.377, val_loss=0.651, train_loss_epoch=0.511]Epoch 10:  43%|████▎     | 3/7 [00:02<00:03,  1.03it/s, v_num=dlg7, train_loss_step=0.524, val_loss=0.651, train_loss_epoch=0.511]WARNING: vision_encoder.blocks.2.1.spatial_block.conv1.fn.dw.weight has NO gradient.
Epoch 10:  57%|█████▋    | 4/7 [00:03<00:02,  1.07it/s, v_num=dlg7, train_loss_step=0.524, val_loss=0.651, train_loss_epoch=0.511]Epoch 10:  57%|█████▋    | 4/7 [00:03<00:02,  1.07it/s, v_num=dlg7, train_loss_step=0.590, val_loss=0.651, train_loss_epoch=0.511]WARNING: vision_encoder.blocks.2.1.spatial_block.conv1.fn.dw.weight has NO gradient.
Epoch 10:  71%|███████▏  | 5/7 [00:04<00:01,  1.09it/s, v_num=dlg7, train_loss_step=0.590, val_loss=0.651, train_loss_epoch=0.511]Epoch 10:  71%|███████▏  | 5/7 [00:04<00:01,  1.09it/s, v_num=dlg7, train_loss_step=0.402, val_loss=0.651, train_loss_epoch=0.511]WARNING: vision_encoder.blocks.2.1.spatial_block.conv1.fn.dw.weight has NO gradient.
Epoch 10:  86%|████████▌ | 6/7 [00:05<00:00,  1.11it/s, v_num=dlg7, train_loss_step=0.402, val_loss=0.651, train_loss_epoch=0.511]Epoch 10:  86%|████████▌ | 6/7 [00:05<00:00,  1.11it/s, v_num=dlg7, train_loss_step=0.415, val_loss=0.651, train_loss_epoch=0.511]WARNING: vision_encoder.blocks.2.1.spatial_block.conv1.fn.dw.weight has NO gradient.
Epoch 10: 100%|██████████| 7/7 [00:05<00:00,  1.18it/s, v_num=dlg7, train_loss_step=0.415, val_loss=0.651, train_loss_epoch=0.511]Epoch 10: 100%|██████████| 7/7 [00:05<00:00,  1.18it/s, v_num=dlg7, train_loss_step=0.419, val_loss=0.651, train_loss_epoch=0.511]
Validation: |          | 0/? [00:00<?, ?it/s][A
Validation:   0%|          | 0/4 [00:00<?, ?it/s][A
Validation DataLoader 0:   0%|          | 0/4 [00:00<?, ?it/s][Atensor(0.4685, device='cuda:0')
tensor(-0.2797, device='cuda:0')

Validation DataLoader 0:  25%|██▌       | 1/4 [00:00<00:02,  1.24it/s][Atensor(0.4556, device='cuda:0')
tensor(-0.3400, device='cuda:0')

Validation DataLoader 0:  50%|█████     | 2/4 [00:01<00:01,  1.23it/s][Atensor(0.4851, device='cuda:0')
tensor(-0.2277, device='cuda:0')

Validation DataLoader 0:  75%|███████▌  | 3/4 [00:02<00:00,  1.22it/s][Atensor(0.3758, device='cuda:0')
tensor(-0.2402, device='cuda:0')

Validation DataLoader 0: 100%|██████████| 4/4 [00:02<00:00,  1.45it/s][A
==================================================
Stage: VAL
Predicted class distribution: 0s = 10, 1s = 97
Actual label distribution:    0s = 80, 1s = 27
Actual Imbalance Ratio (0:1): 2.96:1
==================================================
✅ Model is predicting both classes.

                                                                      [AEpoch 10: 100%|██████████| 7/7 [00:09<00:00,  0.74it/s, v_num=dlg7, train_loss_step=0.419, val_loss=0.645, train_loss_epoch=0.511]Epoch 10: 100%|██████████| 7/7 [00:09<00:00,  0.74it/s, v_num=dlg7, train_loss_step=0.419, val_loss=0.645, train_loss_epoch=0.461]Epoch 10:   0%|          | 0/7 [00:00<?, ?it/s, v_num=dlg7, train_loss_step=0.419, val_loss=0.645, train_loss_epoch=0.461]        Epoch 11:   0%|          | 0/7 [00:00<?, ?it/s, v_num=dlg7, train_loss_step=0.419, val_loss=0.645, train_loss_epoch=0.461]WARNING: vision_encoder.blocks.2.1.spatial_block.conv1.fn.dw.weight has NO gradient.
Epoch 11:  14%|█▍        | 1/7 [00:01<00:07,  0.82it/s, v_num=dlg7, train_loss_step=0.419, val_loss=0.645, train_loss_epoch=0.461]Epoch 11:  14%|█▍        | 1/7 [00:01<00:07,  0.82it/s, v_num=dlg7, train_loss_step=0.382, val_loss=0.645, train_loss_epoch=0.461]WARNING: vision_encoder.blocks.2.1.spatial_block.conv1.fn.dw.weight has NO gradient.
Epoch 11:  29%|██▊       | 2/7 [00:02<00:05,  0.98it/s, v_num=dlg7, train_loss_step=0.382, val_loss=0.645, train_loss_epoch=0.461]Epoch 11:  29%|██▊       | 2/7 [00:02<00:05,  0.98it/s, v_num=dlg7, train_loss_step=0.614, val_loss=0.645, train_loss_epoch=0.461]WARNING: vision_encoder.blocks.2.1.spatial_block.conv1.fn.dw.weight has NO gradient.
Epoch 11:  43%|████▎     | 3/7 [00:02<00:03,  1.04it/s, v_num=dlg7, train_loss_step=0.614, val_loss=0.645, train_loss_epoch=0.461]Epoch 11:  43%|████▎     | 3/7 [00:02<00:03,  1.04it/s, v_num=dlg7, train_loss_step=0.651, val_loss=0.645, train_loss_epoch=0.461]WARNING: vision_encoder.blocks.2.1.spatial_block.conv1.fn.dw.weight has NO gradient.
Epoch 11:  57%|█████▋    | 4/7 [00:03<00:02,  1.08it/s, v_num=dlg7, train_loss_step=0.651, val_loss=0.645, train_loss_epoch=0.461]Epoch 11:  57%|█████▋    | 4/7 [00:03<00:02,  1.08it/s, v_num=dlg7, train_loss_step=0.463, val_loss=0.645, train_loss_epoch=0.461]WARNING: vision_encoder.blocks.2.1.spatial_block.conv1.fn.dw.weight has NO gradient.
Epoch 11:  71%|███████▏  | 5/7 [00:04<00:01,  1.10it/s, v_num=dlg7, train_loss_step=0.463, val_loss=0.645, train_loss_epoch=0.461]Epoch 11:  71%|███████▏  | 5/7 [00:04<00:01,  1.10it/s, v_num=dlg7, train_loss_step=0.522, val_loss=0.645, train_loss_epoch=0.461]WARNING: vision_encoder.blocks.2.1.spatial_block.conv1.fn.dw.weight has NO gradient.
Epoch 11:  86%|████████▌ | 6/7 [00:05<00:00,  1.12it/s, v_num=dlg7, train_loss_step=0.522, val_loss=0.645, train_loss_epoch=0.461]Epoch 11:  86%|████████▌ | 6/7 [00:05<00:00,  1.12it/s, v_num=dlg7, train_loss_step=0.580, val_loss=0.645, train_loss_epoch=0.461]WARNING: vision_encoder.blocks.2.1.spatial_block.conv1.fn.dw.weight has NO gradient.
Epoch 11: 100%|██████████| 7/7 [00:05<00:00,  1.18it/s, v_num=dlg7, train_loss_step=0.580, val_loss=0.645, train_loss_epoch=0.461]Epoch 11: 100%|██████████| 7/7 [00:05<00:00,  1.18it/s, v_num=dlg7, train_loss_step=0.653, val_loss=0.645, train_loss_epoch=0.461]
Validation: |          | 0/? [00:00<?, ?it/s][A
Validation:   0%|          | 0/4 [00:00<?, ?it/s][A
Validation DataLoader 0:   0%|          | 0/4 [00:00<?, ?it/s][Atensor(0.5206, device='cuda:0')
tensor(-0.2357, device='cuda:0')

Validation DataLoader 0:  25%|██▌       | 1/4 [00:00<00:02,  1.24it/s][Atensor(0.4598, device='cuda:0')
tensor(-0.2734, device='cuda:0')

Validation DataLoader 0:  50%|█████     | 2/4 [00:01<00:01,  1.23it/s][Atensor(0.5633, device='cuda:0')
tensor(-0.1879, device='cuda:0')

Validation DataLoader 0:  75%|███████▌  | 3/4 [00:02<00:00,  1.23it/s][Atensor(0.4193, device='cuda:0')
tensor(-0.1880, device='cuda:0')

Validation DataLoader 0: 100%|██████████| 4/4 [00:02<00:00,  1.45it/s][A
==================================================
Stage: VAL
Predicted class distribution: 0s = 15, 1s = 92
Actual label distribution:    0s = 80, 1s = 27
Actual Imbalance Ratio (0:1): 2.96:1
==================================================
✅ Model is predicting both classes.

                                                                      [AEpoch 11: 100%|██████████| 7/7 [00:09<00:00,  0.77it/s, v_num=dlg7, train_loss_step=0.653, val_loss=0.628, train_loss_epoch=0.461]Epoch 11: 100%|██████████| 7/7 [00:09<00:00,  0.77it/s, v_num=dlg7, train_loss_step=0.653, val_loss=0.628, train_loss_epoch=0.547]Epoch 11:   0%|          | 0/7 [00:00<?, ?it/s, v_num=dlg7, train_loss_step=0.653, val_loss=0.628, train_loss_epoch=0.547]        Epoch 12:   0%|          | 0/7 [00:00<?, ?it/s, v_num=dlg7, train_loss_step=0.653, val_loss=0.628, train_loss_epoch=0.547]WARNING: vision_encoder.blocks.2.1.spatial_block.conv1.fn.dw.weight has NO gradient.
Epoch 12:  14%|█▍        | 1/7 [00:01<00:07,  0.80it/s, v_num=dlg7, train_loss_step=0.653, val_loss=0.628, train_loss_epoch=0.547]Epoch 12:  14%|█▍        | 1/7 [00:01<00:07,  0.80it/s, v_num=dlg7, train_loss_step=0.453, val_loss=0.628, train_loss_epoch=0.547]WARNING: vision_encoder.blocks.2.1.spatial_block.conv1.fn.dw.weight has NO gradient.
Epoch 12:  29%|██▊       | 2/7 [00:02<00:05,  0.96it/s, v_num=dlg7, train_loss_step=0.453, val_loss=0.628, train_loss_epoch=0.547]Epoch 12:  29%|██▊       | 2/7 [00:02<00:05,  0.96it/s, v_num=dlg7, train_loss_step=0.482, val_loss=0.628, train_loss_epoch=0.547]WARNING: vision_encoder.blocks.2.1.spatial_block.conv1.fn.dw.weight has NO gradient.
Epoch 12:  43%|████▎     | 3/7 [00:02<00:03,  1.03it/s, v_num=dlg7, train_loss_step=0.482, val_loss=0.628, train_loss_epoch=0.547]Epoch 12:  43%|████▎     | 3/7 [00:02<00:03,  1.03it/s, v_num=dlg7, train_loss_step=0.533, val_loss=0.628, train_loss_epoch=0.547]WARNING: vision_encoder.blocks.2.1.spatial_block.conv1.fn.dw.weight has NO gradient.
Epoch 12:  57%|█████▋    | 4/7 [00:03<00:02,  1.07it/s, v_num=dlg7, train_loss_step=0.533, val_loss=0.628, train_loss_epoch=0.547]Epoch 12:  57%|█████▋    | 4/7 [00:03<00:02,  1.07it/s, v_num=dlg7, train_loss_step=0.515, val_loss=0.628, train_loss_epoch=0.547]WARNING: vision_encoder.blocks.2.1.spatial_block.conv1.fn.dw.weight has NO gradient.
Epoch 12:  71%|███████▏  | 5/7 [00:04<00:01,  1.10it/s, v_num=dlg7, train_loss_step=0.515, val_loss=0.628, train_loss_epoch=0.547]Epoch 12:  71%|███████▏  | 5/7 [00:04<00:01,  1.10it/s, v_num=dlg7, train_loss_step=0.430, val_loss=0.628, train_loss_epoch=0.547]WARNING: vision_encoder.blocks.2.1.spatial_block.conv1.fn.dw.weight has NO gradient.
Epoch 12:  86%|████████▌ | 6/7 [00:05<00:00,  1.11it/s, v_num=dlg7, train_loss_step=0.430, val_loss=0.628, train_loss_epoch=0.547]Epoch 12:  86%|████████▌ | 6/7 [00:05<00:00,  1.11it/s, v_num=dlg7, train_loss_step=0.539, val_loss=0.628, train_loss_epoch=0.547]WARNING: vision_encoder.blocks.2.1.spatial_block.conv1.fn.dw.weight has NO gradient.
Epoch 12: 100%|██████████| 7/7 [00:05<00:00,  1.18it/s, v_num=dlg7, train_loss_step=0.539, val_loss=0.628, train_loss_epoch=0.547]Epoch 12: 100%|██████████| 7/7 [00:05<00:00,  1.18it/s, v_num=dlg7, train_loss_step=0.412, val_loss=0.628, train_loss_epoch=0.547]
Validation: |          | 0/? [00:00<?, ?it/s][A
Validation:   0%|          | 0/4 [00:00<?, ?it/s][A
Validation DataLoader 0:   0%|          | 0/4 [00:00<?, ?it/s][Atensor(0.5480, device='cuda:0')
tensor(-0.2172, device='cuda:0')

Validation DataLoader 0:  25%|██▌       | 1/4 [00:00<00:02,  1.24it/s][Atensor(0.4756, device='cuda:0')
tensor(-0.2996, device='cuda:0')

Validation DataLoader 0:  50%|█████     | 2/4 [00:01<00:01,  1.23it/s][Atensor(0.6088, device='cuda:0')
tensor(-0.2123, device='cuda:0')

Validation DataLoader 0:  75%|███████▌  | 3/4 [00:02<00:00,  1.22it/s][Atensor(0.4102, device='cuda:0')
tensor(-0.2102, device='cuda:0')

Validation DataLoader 0: 100%|██████████| 4/4 [00:02<00:00,  1.45it/s][A
==================================================
Stage: VAL
Predicted class distribution: 0s = 15, 1s = 92
Actual label distribution:    0s = 80, 1s = 27
Actual Imbalance Ratio (0:1): 2.96:1
==================================================
✅ Model is predicting both classes.

                                                                      [AEpoch 12: 100%|██████████| 7/7 [00:09<00:00,  0.76it/s, v_num=dlg7, train_loss_step=0.412, val_loss=0.627, train_loss_epoch=0.547]Epoch 12: 100%|██████████| 7/7 [00:09<00:00,  0.76it/s, v_num=dlg7, train_loss_step=0.412, val_loss=0.627, train_loss_epoch=0.484]Epoch 12:   0%|          | 0/7 [00:00<?, ?it/s, v_num=dlg7, train_loss_step=0.412, val_loss=0.627, train_loss_epoch=0.484]        Epoch 13:   0%|          | 0/7 [00:00<?, ?it/s, v_num=dlg7, train_loss_step=0.412, val_loss=0.627, train_loss_epoch=0.484]WARNING: vision_encoder.blocks.2.1.spatial_block.conv1.fn.dw.weight has NO gradient.
Epoch 13:  14%|█▍        | 1/7 [00:01<00:07,  0.79it/s, v_num=dlg7, train_loss_step=0.412, val_loss=0.627, train_loss_epoch=0.484]Epoch 13:  14%|█▍        | 1/7 [00:01<00:07,  0.79it/s, v_num=dlg7, train_loss_step=0.572, val_loss=0.627, train_loss_epoch=0.484]WARNING: vision_encoder.blocks.2.1.spatial_block.conv1.fn.dw.weight has NO gradient.
Epoch 13:  29%|██▊       | 2/7 [00:02<00:05,  0.96it/s, v_num=dlg7, train_loss_step=0.572, val_loss=0.627, train_loss_epoch=0.484]Epoch 13:  29%|██▊       | 2/7 [00:02<00:05,  0.96it/s, v_num=dlg7, train_loss_step=0.504, val_loss=0.627, train_loss_epoch=0.484]WARNING: vision_encoder.blocks.2.1.spatial_block.conv1.fn.dw.weight has NO gradient.
Epoch 13:  43%|████▎     | 3/7 [00:02<00:03,  1.03it/s, v_num=dlg7, train_loss_step=0.504, val_loss=0.627, train_loss_epoch=0.484]Epoch 13:  43%|████▎     | 3/7 [00:02<00:03,  1.03it/s, v_num=dlg7, train_loss_step=0.482, val_loss=0.627, train_loss_epoch=0.484]WARNING: vision_encoder.blocks.2.1.spatial_block.conv1.fn.dw.weight has NO gradient.
Epoch 13:  57%|█████▋    | 4/7 [00:03<00:02,  1.07it/s, v_num=dlg7, train_loss_step=0.482, val_loss=0.627, train_loss_epoch=0.484]Epoch 13:  57%|█████▋    | 4/7 [00:03<00:02,  1.07it/s, v_num=dlg7, train_loss_step=0.511, val_loss=0.627, train_loss_epoch=0.484]WARNING: vision_encoder.blocks.2.1.spatial_block.conv1.fn.dw.weight has NO gradient.
Epoch 13:  71%|███████▏  | 5/7 [00:04<00:01,  1.09it/s, v_num=dlg7, train_loss_step=0.511, val_loss=0.627, train_loss_epoch=0.484]Epoch 13:  71%|███████▏  | 5/7 [00:04<00:01,  1.09it/s, v_num=dlg7, train_loss_step=0.538, val_loss=0.627, train_loss_epoch=0.484]WARNING: vision_encoder.blocks.2.1.spatial_block.conv1.fn.dw.weight has NO gradient.
Epoch 13:  86%|████████▌ | 6/7 [00:05<00:00,  1.11it/s, v_num=dlg7, train_loss_step=0.538, val_loss=0.627, train_loss_epoch=0.484]Epoch 13:  86%|████████▌ | 6/7 [00:05<00:00,  1.11it/s, v_num=dlg7, train_loss_step=0.608, val_loss=0.627, train_loss_epoch=0.484]WARNING: vision_encoder.blocks.2.1.spatial_block.conv1.fn.dw.weight has NO gradient.
Epoch 13: 100%|██████████| 7/7 [00:05<00:00,  1.18it/s, v_num=dlg7, train_loss_step=0.608, val_loss=0.627, train_loss_epoch=0.484]Epoch 13: 100%|██████████| 7/7 [00:05<00:00,  1.18it/s, v_num=dlg7, train_loss_step=0.547, val_loss=0.627, train_loss_epoch=0.484]
Validation: |          | 0/? [00:00<?, ?it/s][A
Validation:   0%|          | 0/4 [00:00<?, ?it/s][A
Validation DataLoader 0:   0%|          | 0/4 [00:00<?, ?it/s][Atensor(0.5776, device='cuda:0')
tensor(-0.2052, device='cuda:0')

Validation DataLoader 0:  25%|██▌       | 1/4 [00:00<00:02,  1.24it/s][Atensor(0.5008, device='cuda:0')
tensor(-0.3010, device='cuda:0')

Validation DataLoader 0:  50%|█████     | 2/4 [00:01<00:01,  1.22it/s][Atensor(0.6449, device='cuda:0')
tensor(-0.2109, device='cuda:0')

Validation DataLoader 0:  75%|███████▌  | 3/4 [00:02<00:00,  1.22it/s][Atensor(0.4155, device='cuda:0')
tensor(-0.2035, device='cuda:0')

Validation DataLoader 0: 100%|██████████| 4/4 [00:02<00:00,  1.45it/s][A
==================================================
Stage: VAL
Predicted class distribution: 0s = 18, 1s = 89
Actual label distribution:    0s = 80, 1s = 27
Actual Imbalance Ratio (0:1): 2.96:1
==================================================
✅ Model is predicting both classes.

                                                                      [AEpoch 13: 100%|██████████| 7/7 [00:09<00:00,  0.76it/s, v_num=dlg7, train_loss_step=0.547, val_loss=0.617, train_loss_epoch=0.484]Epoch 13: 100%|██████████| 7/7 [00:09<00:00,  0.76it/s, v_num=dlg7, train_loss_step=0.547, val_loss=0.617, train_loss_epoch=0.537]Epoch 13:   0%|          | 0/7 [00:00<?, ?it/s, v_num=dlg7, train_loss_step=0.547, val_loss=0.617, train_loss_epoch=0.537]        Epoch 14:   0%|          | 0/7 [00:00<?, ?it/s, v_num=dlg7, train_loss_step=0.547, val_loss=0.617, train_loss_epoch=0.537]WARNING: vision_encoder.blocks.2.1.spatial_block.conv1.fn.dw.weight has NO gradient.
Epoch 14:  14%|█▍        | 1/7 [00:01<00:07,  0.80it/s, v_num=dlg7, train_loss_step=0.547, val_loss=0.617, train_loss_epoch=0.537]Epoch 14:  14%|█▍        | 1/7 [00:01<00:07,  0.79it/s, v_num=dlg7, train_loss_step=0.520, val_loss=0.617, train_loss_epoch=0.537]WARNING: vision_encoder.blocks.2.1.spatial_block.conv1.fn.dw.weight has NO gradient.
Epoch 14:  29%|██▊       | 2/7 [00:02<00:05,  0.96it/s, v_num=dlg7, train_loss_step=0.520, val_loss=0.617, train_loss_epoch=0.537]Epoch 14:  29%|██▊       | 2/7 [00:02<00:05,  0.96it/s, v_num=dlg7, train_loss_step=0.470, val_loss=0.617, train_loss_epoch=0.537]WARNING: vision_encoder.blocks.2.1.spatial_block.conv1.fn.dw.weight has NO gradient.
Epoch 14:  43%|████▎     | 3/7 [00:02<00:03,  1.03it/s, v_num=dlg7, train_loss_step=0.470, val_loss=0.617, train_loss_epoch=0.537]Epoch 14:  43%|████▎     | 3/7 [00:02<00:03,  1.03it/s, v_num=dlg7, train_loss_step=0.476, val_loss=0.617, train_loss_epoch=0.537]WARNING: vision_encoder.blocks.2.1.spatial_block.conv1.fn.dw.weight has NO gradient.
Epoch 14:  57%|█████▋    | 4/7 [00:03<00:02,  1.07it/s, v_num=dlg7, train_loss_step=0.476, val_loss=0.617, train_loss_epoch=0.537]Epoch 14:  57%|█████▋    | 4/7 [00:03<00:02,  1.07it/s, v_num=dlg7, train_loss_step=0.470, val_loss=0.617, train_loss_epoch=0.537]WARNING: vision_encoder.blocks.2.1.spatial_block.conv1.fn.dw.weight has NO gradient.
Epoch 14:  71%|███████▏  | 5/7 [00:04<00:01,  1.09it/s, v_num=dlg7, train_loss_step=0.470, val_loss=0.617, train_loss_epoch=0.537]Epoch 14:  71%|███████▏  | 5/7 [00:04<00:01,  1.09it/s, v_num=dlg7, train_loss_step=0.397, val_loss=0.617, train_loss_epoch=0.537]WARNING: vision_encoder.blocks.2.1.spatial_block.conv1.fn.dw.weight has NO gradient.
Epoch 14:  86%|████████▌ | 6/7 [00:05<00:00,  1.11it/s, v_num=dlg7, train_loss_step=0.397, val_loss=0.617, train_loss_epoch=0.537]Epoch 14:  86%|████████▌ | 6/7 [00:05<00:00,  1.11it/s, v_num=dlg7, train_loss_step=0.573, val_loss=0.617, train_loss_epoch=0.537]WARNING: vision_encoder.blocks.2.1.spatial_block.conv1.fn.dw.weight has NO gradient.
Epoch 14: 100%|██████████| 7/7 [00:05<00:00,  1.18it/s, v_num=dlg7, train_loss_step=0.573, val_loss=0.617, train_loss_epoch=0.537]Epoch 14: 100%|██████████| 7/7 [00:05<00:00,  1.18it/s, v_num=dlg7, train_loss_step=0.387, val_loss=0.617, train_loss_epoch=0.537]
Validation: |          | 0/? [00:00<?, ?it/s][A
Validation:   0%|          | 0/4 [00:00<?, ?it/s][A
Validation DataLoader 0:   0%|          | 0/4 [00:00<?, ?it/s][Atensor(0.5970, device='cuda:0')
tensor(-0.2306, device='cuda:0')

Validation DataLoader 0:  25%|██▌       | 1/4 [00:00<00:02,  1.24it/s][Atensor(0.5348, device='cuda:0')
tensor(-0.3136, device='cuda:0')

Validation DataLoader 0:  50%|█████     | 2/4 [00:01<00:01,  1.23it/s][Atensor(0.6856, device='cuda:0')
tensor(-0.2102, device='cuda:0')

Validation DataLoader 0:  75%|███████▌  | 3/4 [00:02<00:00,  1.23it/s][Atensor(0.4152, device='cuda:0')
tensor(-0.1998, device='cuda:0')

Validation DataLoader 0: 100%|██████████| 4/4 [00:02<00:00,  1.45it/s][A
==================================================
Stage: VAL
Predicted class distribution: 0s = 19, 1s = 88
Actual label distribution:    0s = 80, 1s = 27
Actual Imbalance Ratio (0:1): 2.96:1
==================================================
✅ Model is predicting both classes.

                                                                      [AEpoch 14: 100%|██████████| 7/7 [00:09<00:00,  0.76it/s, v_num=dlg7, train_loss_step=0.387, val_loss=0.612, train_loss_epoch=0.537]Epoch 14: 100%|██████████| 7/7 [00:09<00:00,  0.76it/s, v_num=dlg7, train_loss_step=0.387, val_loss=0.612, train_loss_epoch=0.475]Epoch 14:   0%|          | 0/7 [00:00<?, ?it/s, v_num=dlg7, train_loss_step=0.387, val_loss=0.612, train_loss_epoch=0.475]        Epoch 15:   0%|          | 0/7 [00:00<?, ?it/s, v_num=dlg7, train_loss_step=0.387, val_loss=0.612, train_loss_epoch=0.475]WARNING: vision_encoder.blocks.2.1.spatial_block.conv1.fn.dw.weight has NO gradient.
Epoch 15:  14%|█▍        | 1/7 [00:01<00:07,  0.80it/s, v_num=dlg7, train_loss_step=0.387, val_loss=0.612, train_loss_epoch=0.475]Epoch 15:  14%|█▍        | 1/7 [00:01<00:07,  0.80it/s, v_num=dlg7, train_loss_step=0.395, val_loss=0.612, train_loss_epoch=0.475]WARNING: vision_encoder.blocks.2.1.spatial_block.conv1.fn.dw.weight has NO gradient.
Epoch 15:  29%|██▊       | 2/7 [00:02<00:05,  0.96it/s, v_num=dlg7, train_loss_step=0.395, val_loss=0.612, train_loss_epoch=0.475]Epoch 15:  29%|██▊       | 2/7 [00:02<00:05,  0.96it/s, v_num=dlg7, train_loss_step=0.569, val_loss=0.612, train_loss_epoch=0.475]WARNING: vision_encoder.blocks.2.1.spatial_block.conv1.fn.dw.weight has NO gradient.
Epoch 15:  43%|████▎     | 3/7 [00:02<00:03,  1.03it/s, v_num=dlg7, train_loss_step=0.569, val_loss=0.612, train_loss_epoch=0.475]Epoch 15:  43%|████▎     | 3/7 [00:02<00:03,  1.03it/s, v_num=dlg7, train_loss_step=0.437, val_loss=0.612, train_loss_epoch=0.475]WARNING: vision_encoder.blocks.2.1.spatial_block.conv1.fn.dw.weight has NO gradient.
Epoch 15:  57%|█████▋    | 4/7 [00:03<00:02,  1.07it/s, v_num=dlg7, train_loss_step=0.437, val_loss=0.612, train_loss_epoch=0.475]Epoch 15:  57%|█████▋    | 4/7 [00:03<00:02,  1.07it/s, v_num=dlg7, train_loss_step=0.517, val_loss=0.612, train_loss_epoch=0.475]WARNING: vision_encoder.blocks.2.1.spatial_block.conv1.fn.dw.weight has NO gradient.
Epoch 15:  71%|███████▏  | 5/7 [00:04<00:01,  1.10it/s, v_num=dlg7, train_loss_step=0.517, val_loss=0.612, train_loss_epoch=0.475]Epoch 15:  71%|███████▏  | 5/7 [00:04<00:01,  1.10it/s, v_num=dlg7, train_loss_step=0.491, val_loss=0.612, train_loss_epoch=0.475]WARNING: vision_encoder.blocks.2.1.spatial_block.conv1.fn.dw.weight has NO gradient.
Epoch 15:  86%|████████▌ | 6/7 [00:05<00:00,  1.11it/s, v_num=dlg7, train_loss_step=0.491, val_loss=0.612, train_loss_epoch=0.475]Epoch 15:  86%|████████▌ | 6/7 [00:05<00:00,  1.11it/s, v_num=dlg7, train_loss_step=0.374, val_loss=0.612, train_loss_epoch=0.475]WARNING: vision_encoder.blocks.2.1.spatial_block.conv1.fn.dw.weight has NO gradient.
Epoch 15: 100%|██████████| 7/7 [00:05<00:00,  1.18it/s, v_num=dlg7, train_loss_step=0.374, val_loss=0.612, train_loss_epoch=0.475]Epoch 15: 100%|██████████| 7/7 [00:05<00:00,  1.18it/s, v_num=dlg7, train_loss_step=0.320, val_loss=0.612, train_loss_epoch=0.475]
Validation: |          | 0/? [00:00<?, ?it/s][A
Validation:   0%|          | 0/4 [00:00<?, ?it/s][A
Validation DataLoader 0:   0%|          | 0/4 [00:00<?, ?it/s][Atensor(0.6212, device='cuda:0')
tensor(-0.2653, device='cuda:0')

Validation DataLoader 0:  25%|██▌       | 1/4 [00:00<00:02,  1.24it/s][Atensor(0.5459, device='cuda:0')
tensor(-0.3494, device='cuda:0')

Validation DataLoader 0:  50%|█████     | 2/4 [00:01<00:01,  1.23it/s][Atensor(0.7284, device='cuda:0')
tensor(-0.2320, device='cuda:0')

Validation DataLoader 0:  75%|███████▌  | 3/4 [00:02<00:00,  1.22it/s][Atensor(0.4115, device='cuda:0')
tensor(-0.2229, device='cuda:0')

Validation DataLoader 0: 100%|██████████| 4/4 [00:02<00:00,  1.45it/s][A
==================================================
Stage: VAL
Predicted class distribution: 0s = 18, 1s = 89
Actual label distribution:    0s = 80, 1s = 27
Actual Imbalance Ratio (0:1): 2.96:1
==================================================
✅ Model is predicting both classes.

                                                                      [AEpoch 15: 100%|██████████| 7/7 [00:09<00:00,  0.74it/s, v_num=dlg7, train_loss_step=0.320, val_loss=0.621, train_loss_epoch=0.475]Epoch 15: 100%|██████████| 7/7 [00:09<00:00,  0.74it/s, v_num=dlg7, train_loss_step=0.320, val_loss=0.621, train_loss_epoch=0.450]Epoch 15:   0%|          | 0/7 [00:00<?, ?it/s, v_num=dlg7, train_loss_step=0.320, val_loss=0.621, train_loss_epoch=0.450]        Epoch 16:   0%|          | 0/7 [00:00<?, ?it/s, v_num=dlg7, train_loss_step=0.320, val_loss=0.621, train_loss_epoch=0.450]WARNING: vision_encoder.blocks.2.1.spatial_block.conv1.fn.dw.weight has NO gradient.
Epoch 16:  14%|█▍        | 1/7 [00:01<00:07,  0.79it/s, v_num=dlg7, train_loss_step=0.320, val_loss=0.621, train_loss_epoch=0.450]Epoch 16:  14%|█▍        | 1/7 [00:01<00:07,  0.79it/s, v_num=dlg7, train_loss_step=0.448, val_loss=0.621, train_loss_epoch=0.450]WARNING: vision_encoder.blocks.2.1.spatial_block.conv1.fn.dw.weight has NO gradient.
Epoch 16:  29%|██▊       | 2/7 [00:02<00:05,  0.95it/s, v_num=dlg7, train_loss_step=0.448, val_loss=0.621, train_loss_epoch=0.450]Epoch 16:  29%|██▊       | 2/7 [00:02<00:05,  0.95it/s, v_num=dlg7, train_loss_step=0.440, val_loss=0.621, train_loss_epoch=0.450]WARNING: vision_encoder.blocks.2.1.spatial_block.conv1.fn.dw.weight has NO gradient.
Epoch 16:  43%|████▎     | 3/7 [00:02<00:03,  1.02it/s, v_num=dlg7, train_loss_step=0.440, val_loss=0.621, train_loss_epoch=0.450]Epoch 16:  43%|████▎     | 3/7 [00:02<00:03,  1.02it/s, v_num=dlg7, train_loss_step=0.420, val_loss=0.621, train_loss_epoch=0.450]WARNING: vision_encoder.blocks.2.1.spatial_block.conv1.fn.dw.weight has NO gradient.
Epoch 16:  57%|█████▋    | 4/7 [00:03<00:02,  1.06it/s, v_num=dlg7, train_loss_step=0.420, val_loss=0.621, train_loss_epoch=0.450]Epoch 16:  57%|█████▋    | 4/7 [00:03<00:02,  1.06it/s, v_num=dlg7, train_loss_step=0.421, val_loss=0.621, train_loss_epoch=0.450]WARNING: vision_encoder.blocks.2.1.spatial_block.conv1.fn.dw.weight has NO gradient.
Epoch 16:  71%|███████▏  | 5/7 [00:04<00:01,  1.09it/s, v_num=dlg7, train_loss_step=0.421, val_loss=0.621, train_loss_epoch=0.450]Epoch 16:  71%|███████▏  | 5/7 [00:04<00:01,  1.09it/s, v_num=dlg7, train_loss_step=0.450, val_loss=0.621, train_loss_epoch=0.450]WARNING: vision_encoder.blocks.2.1.spatial_block.conv1.fn.dw.weight has NO gradient.
Epoch 16:  86%|████████▌ | 6/7 [00:05<00:00,  1.11it/s, v_num=dlg7, train_loss_step=0.450, val_loss=0.621, train_loss_epoch=0.450]Epoch 16:  86%|████████▌ | 6/7 [00:05<00:00,  1.11it/s, v_num=dlg7, train_loss_step=0.515, val_loss=0.621, train_loss_epoch=0.450]WARNING: vision_encoder.blocks.2.1.spatial_block.conv1.fn.dw.weight has NO gradient.
Epoch 16: 100%|██████████| 7/7 [00:05<00:00,  1.17it/s, v_num=dlg7, train_loss_step=0.515, val_loss=0.621, train_loss_epoch=0.450]Epoch 16: 100%|██████████| 7/7 [00:05<00:00,  1.17it/s, v_num=dlg7, train_loss_step=0.413, val_loss=0.621, train_loss_epoch=0.450]
Validation: |          | 0/? [00:00<?, ?it/s][A
Validation:   0%|          | 0/4 [00:00<?, ?it/s][A
Validation DataLoader 0:   0%|          | 0/4 [00:00<?, ?it/s][Atensor(0.6841, device='cuda:0')
tensor(-0.2972, device='cuda:0')

Validation DataLoader 0:  25%|██▌       | 1/4 [00:00<00:02,  1.24it/s][Atensor(0.6086, device='cuda:0')
tensor(-0.3923, device='cuda:0')

Validation DataLoader 0:  50%|█████     | 2/4 [00:01<00:01,  1.22it/s][Atensor(0.7936, device='cuda:0')
tensor(-0.2616, device='cuda:0')

Validation DataLoader 0:  75%|███████▌  | 3/4 [00:02<00:00,  1.22it/s][Atensor(0.4439, device='cuda:0')
tensor(-0.2434, device='cuda:0')

Validation DataLoader 0: 100%|██████████| 4/4 [00:02<00:00,  1.44it/s][A
==================================================
Stage: VAL
Predicted class distribution: 0s = 22, 1s = 85
Actual label distribution:    0s = 80, 1s = 27
Actual Imbalance Ratio (0:1): 2.96:1
==================================================
✅ Model is predicting both classes.

                                                                      [AEpoch 16: 100%|██████████| 7/7 [00:09<00:00,  0.76it/s, v_num=dlg7, train_loss_step=0.413, val_loss=0.617, train_loss_epoch=0.450]Epoch 16: 100%|██████████| 7/7 [00:09<00:00,  0.76it/s, v_num=dlg7, train_loss_step=0.413, val_loss=0.617, train_loss_epoch=0.445]Epoch 16:   0%|          | 0/7 [00:00<?, ?it/s, v_num=dlg7, train_loss_step=0.413, val_loss=0.617, train_loss_epoch=0.445]        Epoch 17:   0%|          | 0/7 [00:00<?, ?it/s, v_num=dlg7, train_loss_step=0.413, val_loss=0.617, train_loss_epoch=0.445]WARNING: vision_encoder.blocks.2.1.spatial_block.conv1.fn.dw.weight has NO gradient.
Epoch 17:  14%|█▍        | 1/7 [00:01<00:07,  0.79it/s, v_num=dlg7, train_loss_step=0.413, val_loss=0.617, train_loss_epoch=0.445]Epoch 17:  14%|█▍        | 1/7 [00:01<00:07,  0.79it/s, v_num=dlg7, train_loss_step=0.528, val_loss=0.617, train_loss_epoch=0.445]WARNING: vision_encoder.blocks.2.1.spatial_block.conv1.fn.dw.weight has NO gradient.
Epoch 17:  29%|██▊       | 2/7 [00:02<00:05,  0.95it/s, v_num=dlg7, train_loss_step=0.528, val_loss=0.617, train_loss_epoch=0.445]Epoch 17:  29%|██▊       | 2/7 [00:02<00:05,  0.95it/s, v_num=dlg7, train_loss_step=0.462, val_loss=0.617, train_loss_epoch=0.445]WARNING: vision_encoder.blocks.2.1.spatial_block.conv1.fn.dw.weight has NO gradient.
Epoch 17:  43%|████▎     | 3/7 [00:02<00:03,  1.02it/s, v_num=dlg7, train_loss_step=0.462, val_loss=0.617, train_loss_epoch=0.445]Epoch 17:  43%|████▎     | 3/7 [00:02<00:03,  1.02it/s, v_num=dlg7, train_loss_step=0.388, val_loss=0.617, train_loss_epoch=0.445]WARNING: vision_encoder.blocks.2.1.spatial_block.conv1.fn.dw.weight has NO gradient.
Epoch 17:  57%|█████▋    | 4/7 [00:03<00:02,  1.06it/s, v_num=dlg7, train_loss_step=0.388, val_loss=0.617, train_loss_epoch=0.445]Epoch 17:  57%|█████▋    | 4/7 [00:03<00:02,  1.06it/s, v_num=dlg7, train_loss_step=0.405, val_loss=0.617, train_loss_epoch=0.445]WARNING: vision_encoder.blocks.2.1.spatial_block.conv1.fn.dw.weight has NO gradient.
Epoch 17:  71%|███████▏  | 5/7 [00:04<00:01,  1.09it/s, v_num=dlg7, train_loss_step=0.405, val_loss=0.617, train_loss_epoch=0.445]Epoch 17:  71%|███████▏  | 5/7 [00:04<00:01,  1.09it/s, v_num=dlg7, train_loss_step=0.450, val_loss=0.617, train_loss_epoch=0.445]WARNING: vision_encoder.blocks.2.1.spatial_block.conv1.fn.dw.weight has NO gradient.
Epoch 17:  86%|████████▌ | 6/7 [00:05<00:00,  1.11it/s, v_num=dlg7, train_loss_step=0.450, val_loss=0.617, train_loss_epoch=0.445]Epoch 17:  86%|████████▌ | 6/7 [00:05<00:00,  1.11it/s, v_num=dlg7, train_loss_step=0.587, val_loss=0.617, train_loss_epoch=0.445]WARNING: vision_encoder.blocks.2.1.spatial_block.conv1.fn.dw.weight has NO gradient.
Epoch 17: 100%|██████████| 7/7 [00:05<00:00,  1.17it/s, v_num=dlg7, train_loss_step=0.587, val_loss=0.617, train_loss_epoch=0.445]Epoch 17: 100%|██████████| 7/7 [00:05<00:00,  1.17it/s, v_num=dlg7, train_loss_step=0.684, val_loss=0.617, train_loss_epoch=0.445]
Validation: |          | 0/? [00:00<?, ?it/s][A
Validation:   0%|          | 0/4 [00:00<?, ?it/s][A
Validation DataLoader 0:   0%|          | 0/4 [00:00<?, ?it/s][Atensor(0.6983, device='cuda:0')
tensor(-0.3786, device='cuda:0')

Validation DataLoader 0:  25%|██▌       | 1/4 [00:00<00:02,  1.24it/s][Atensor(0.6018, device='cuda:0')
tensor(-0.4646, device='cuda:0')

Validation DataLoader 0:  50%|█████     | 2/4 [00:01<00:01,  1.22it/s][Atensor(0.7981, device='cuda:0')
tensor(-0.2911, device='cuda:0')

Validation DataLoader 0:  75%|███████▌  | 3/4 [00:02<00:00,  1.22it/s][Atensor(0.4782, device='cuda:0')
tensor(-0.2934, device='cuda:0')

Validation DataLoader 0: 100%|██████████| 4/4 [00:02<00:00,  1.45it/s][A
==================================================
Stage: VAL
Predicted class distribution: 0s = 21, 1s = 86
Actual label distribution:    0s = 80, 1s = 27
Actual Imbalance Ratio (0:1): 2.96:1
==================================================
✅ Model is predicting both classes.

                                                                      [AEpoch 17: 100%|██████████| 7/7 [00:09<00:00,  0.76it/s, v_num=dlg7, train_loss_step=0.684, val_loss=0.631, train_loss_epoch=0.445]Epoch 17: 100%|██████████| 7/7 [00:09<00:00,  0.76it/s, v_num=dlg7, train_loss_step=0.684, val_loss=0.631, train_loss_epoch=0.491]Epoch 17:   0%|          | 0/7 [00:00<?, ?it/s, v_num=dlg7, train_loss_step=0.684, val_loss=0.631, train_loss_epoch=0.491]        Epoch 18:   0%|          | 0/7 [00:00<?, ?it/s, v_num=dlg7, train_loss_step=0.684, val_loss=0.631, train_loss_epoch=0.491]WARNING: vision_encoder.blocks.2.1.spatial_block.conv1.fn.dw.weight has NO gradient.
Epoch 18:  14%|█▍        | 1/7 [00:01<00:07,  0.79it/s, v_num=dlg7, train_loss_step=0.684, val_loss=0.631, train_loss_epoch=0.491]Epoch 18:  14%|█▍        | 1/7 [00:01<00:07,  0.79it/s, v_num=dlg7, train_loss_step=0.479, val_loss=0.631, train_loss_epoch=0.491]WARNING: vision_encoder.blocks.2.1.spatial_block.conv1.fn.dw.weight has NO gradient.
Epoch 18:  29%|██▊       | 2/7 [00:02<00:05,  0.96it/s, v_num=dlg7, train_loss_step=0.479, val_loss=0.631, train_loss_epoch=0.491]Epoch 18:  29%|██▊       | 2/7 [00:02<00:05,  0.96it/s, v_num=dlg7, train_loss_step=0.502, val_loss=0.631, train_loss_epoch=0.491]WARNING: vision_encoder.blocks.2.1.spatial_block.conv1.fn.dw.weight has NO gradient.
Epoch 18:  43%|████▎     | 3/7 [00:02<00:03,  1.03it/s, v_num=dlg7, train_loss_step=0.502, val_loss=0.631, train_loss_epoch=0.491]Epoch 18:  43%|████▎     | 3/7 [00:02<00:03,  1.03it/s, v_num=dlg7, train_loss_step=0.577, val_loss=0.631, train_loss_epoch=0.491]WARNING: vision_encoder.blocks.2.1.spatial_block.conv1.fn.dw.weight has NO gradient.
Epoch 18:  57%|█████▋    | 4/7 [00:03<00:02,  1.06it/s, v_num=dlg7, train_loss_step=0.577, val_loss=0.631, train_loss_epoch=0.491]Epoch 18:  57%|█████▋    | 4/7 [00:03<00:02,  1.06it/s, v_num=dlg7, train_loss_step=0.454, val_loss=0.631, train_loss_epoch=0.491]WARNING: vision_encoder.blocks.2.1.spatial_block.conv1.fn.dw.weight has NO gradient.
Epoch 18:  71%|███████▏  | 5/7 [00:04<00:01,  1.09it/s, v_num=dlg7, train_loss_step=0.454, val_loss=0.631, train_loss_epoch=0.491]Epoch 18:  71%|███████▏  | 5/7 [00:04<00:01,  1.09it/s, v_num=dlg7, train_loss_step=0.471, val_loss=0.631, train_loss_epoch=0.491]WARNING: vision_encoder.blocks.2.1.spatial_block.conv1.fn.dw.weight has NO gradient.
Epoch 18:  86%|████████▌ | 6/7 [00:05<00:00,  1.11it/s, v_num=dlg7, train_loss_step=0.471, val_loss=0.631, train_loss_epoch=0.491]Epoch 18:  86%|████████▌ | 6/7 [00:05<00:00,  1.11it/s, v_num=dlg7, train_loss_step=0.437, val_loss=0.631, train_loss_epoch=0.491]WARNING: vision_encoder.blocks.2.1.spatial_block.conv1.fn.dw.weight has NO gradient.
Epoch 18: 100%|██████████| 7/7 [00:05<00:00,  1.17it/s, v_num=dlg7, train_loss_step=0.437, val_loss=0.631, train_loss_epoch=0.491]Epoch 18: 100%|██████████| 7/7 [00:05<00:00,  1.17it/s, v_num=dlg7, train_loss_step=0.391, val_loss=0.631, train_loss_epoch=0.491]
Validation: |          | 0/? [00:00<?, ?it/s][A
Validation:   0%|          | 0/4 [00:00<?, ?it/s][A
Validation DataLoader 0:   0%|          | 0/4 [00:00<?, ?it/s][Atensor(0.6788, device='cuda:0')
tensor(-0.4250, device='cuda:0')

Validation DataLoader 0:  25%|██▌       | 1/4 [00:00<00:02,  1.23it/s][Atensor(0.5934, device='cuda:0')
tensor(-0.4822, device='cuda:0')

Validation DataLoader 0:  50%|█████     | 2/4 [00:01<00:01,  1.22it/s][Atensor(0.8045, device='cuda:0')
tensor(-0.2784, device='cuda:0')

Validation DataLoader 0:  75%|███████▌  | 3/4 [00:02<00:00,  1.22it/s][Atensor(0.5139, device='cuda:0')
tensor(-0.2847, device='cuda:0')

Validation DataLoader 0: 100%|██████████| 4/4 [00:02<00:00,  1.44it/s][A
==================================================
Stage: VAL
Predicted class distribution: 0s = 20, 1s = 87
Actual label distribution:    0s = 80, 1s = 27
Actual Imbalance Ratio (0:1): 2.96:1
==================================================
✅ Model is predicting both classes.

                                                                      [AEpoch 18: 100%|██████████| 7/7 [00:09<00:00,  0.76it/s, v_num=dlg7, train_loss_step=0.391, val_loss=0.630, train_loss_epoch=0.491]Epoch 18: 100%|██████████| 7/7 [00:09<00:00,  0.76it/s, v_num=dlg7, train_loss_step=0.391, val_loss=0.630, train_loss_epoch=0.477]Epoch 18:   0%|          | 0/7 [00:00<?, ?it/s, v_num=dlg7, train_loss_step=0.391, val_loss=0.630, train_loss_epoch=0.477]        Epoch 19:   0%|          | 0/7 [00:00<?, ?it/s, v_num=dlg7, train_loss_step=0.391, val_loss=0.630, train_loss_epoch=0.477]WARNING: vision_encoder.blocks.2.1.spatial_block.conv1.fn.dw.weight has NO gradient.
Epoch 19:  14%|█▍        | 1/7 [00:01<00:07,  0.79it/s, v_num=dlg7, train_loss_step=0.391, val_loss=0.630, train_loss_epoch=0.477]Epoch 19:  14%|█▍        | 1/7 [00:01<00:07,  0.79it/s, v_num=dlg7, train_loss_step=0.401, val_loss=0.630, train_loss_epoch=0.477]WARNING: vision_encoder.blocks.2.1.spatial_block.conv1.fn.dw.weight has NO gradient.
Epoch 19:  29%|██▊       | 2/7 [00:02<00:05,  0.95it/s, v_num=dlg7, train_loss_step=0.401, val_loss=0.630, train_loss_epoch=0.477]Epoch 19:  29%|██▊       | 2/7 [00:02<00:05,  0.95it/s, v_num=dlg7, train_loss_step=0.404, val_loss=0.630, train_loss_epoch=0.477]WARNING: vision_encoder.blocks.2.1.spatial_block.conv1.fn.dw.weight has NO gradient.
Epoch 19:  43%|████▎     | 3/7 [00:02<00:03,  1.02it/s, v_num=dlg7, train_loss_step=0.404, val_loss=0.630, train_loss_epoch=0.477]Epoch 19:  43%|████▎     | 3/7 [00:02<00:03,  1.02it/s, v_num=dlg7, train_loss_step=0.549, val_loss=0.630, train_loss_epoch=0.477]WARNING: vision_encoder.blocks.2.1.spatial_block.conv1.fn.dw.weight has NO gradient.
Epoch 19:  57%|█████▋    | 4/7 [00:03<00:02,  1.06it/s, v_num=dlg7, train_loss_step=0.549, val_loss=0.630, train_loss_epoch=0.477]Epoch 19:  57%|█████▋    | 4/7 [00:03<00:02,  1.06it/s, v_num=dlg7, train_loss_step=0.610, val_loss=0.630, train_loss_epoch=0.477]WARNING: vision_encoder.blocks.2.1.spatial_block.conv1.fn.dw.weight has NO gradient.
Epoch 19:  71%|███████▏  | 5/7 [00:04<00:01,  1.09it/s, v_num=dlg7, train_loss_step=0.610, val_loss=0.630, train_loss_epoch=0.477]Epoch 19:  71%|███████▏  | 5/7 [00:04<00:01,  1.09it/s, v_num=dlg7, train_loss_step=0.554, val_loss=0.630, train_loss_epoch=0.477]WARNING: vision_encoder.blocks.2.1.spatial_block.conv1.fn.dw.weight has NO gradient.
Epoch 19:  86%|████████▌ | 6/7 [00:05<00:00,  1.10it/s, v_num=dlg7, train_loss_step=0.554, val_loss=0.630, train_loss_epoch=0.477]Epoch 19:  86%|████████▌ | 6/7 [00:05<00:00,  1.10it/s, v_num=dlg7, train_loss_step=0.436, val_loss=0.630, train_loss_epoch=0.477]WARNING: vision_encoder.blocks.2.1.spatial_block.conv1.fn.dw.weight has NO gradient.
Epoch 19: 100%|██████████| 7/7 [00:05<00:00,  1.17it/s, v_num=dlg7, train_loss_step=0.436, val_loss=0.630, train_loss_epoch=0.477]Epoch 19: 100%|██████████| 7/7 [00:05<00:00,  1.17it/s, v_num=dlg7, train_loss_step=0.320, val_loss=0.630, train_loss_epoch=0.477]
Validation: |          | 0/? [00:00<?, ?it/s][A
Validation:   0%|          | 0/4 [00:00<?, ?it/s][A
Validation DataLoader 0:   0%|          | 0/4 [00:00<?, ?it/s][Atensor(0.6881, device='cuda:0')
tensor(-0.4224, device='cuda:0')

Validation DataLoader 0:  25%|██▌       | 1/4 [00:00<00:02,  1.23it/s][Atensor(0.6115, device='cuda:0')
tensor(-0.4734, device='cuda:0')

Validation DataLoader 0:  50%|█████     | 2/4 [00:01<00:01,  1.22it/s][Atensor(0.8533, device='cuda:0')
tensor(-0.2564, device='cuda:0')

Validation DataLoader 0:  75%|███████▌  | 3/4 [00:02<00:00,  1.22it/s][Atensor(0.5044, device='cuda:0')
tensor(-0.2568, device='cuda:0')

Validation DataLoader 0: 100%|██████████| 4/4 [00:02<00:00,  1.44it/s][A
==================================================
Stage: VAL
Predicted class distribution: 0s = 22, 1s = 85
Actual label distribution:    0s = 80, 1s = 27
Actual Imbalance Ratio (0:1): 2.96:1
==================================================
✅ Model is predicting both classes.

                                                                      [AEpoch 19: 100%|██████████| 7/7 [00:09<00:00,  0.76it/s, v_num=dlg7, train_loss_step=0.320, val_loss=0.618, train_loss_epoch=0.477]Epoch 19: 100%|██████████| 7/7 [00:09<00:00,  0.76it/s, v_num=dlg7, train_loss_step=0.320, val_loss=0.618, train_loss_epoch=0.475]Epoch 19:   0%|          | 0/7 [00:00<?, ?it/s, v_num=dlg7, train_loss_step=0.320, val_loss=0.618, train_loss_epoch=0.475]        Epoch 20:   0%|          | 0/7 [00:00<?, ?it/s, v_num=dlg7, train_loss_step=0.320, val_loss=0.618, train_loss_epoch=0.475]WARNING: vision_encoder.blocks.2.1.spatial_block.conv1.fn.dw.weight has NO gradient.
Epoch 20:  14%|█▍        | 1/7 [00:01<00:07,  0.80it/s, v_num=dlg7, train_loss_step=0.320, val_loss=0.618, train_loss_epoch=0.475]Epoch 20:  14%|█▍        | 1/7 [00:01<00:07,  0.80it/s, v_num=dlg7, train_loss_step=0.462, val_loss=0.618, train_loss_epoch=0.475]WARNING: vision_encoder.blocks.2.1.spatial_block.conv1.fn.dw.weight has NO gradient.
Epoch 20:  29%|██▊       | 2/7 [00:02<00:05,  0.96it/s, v_num=dlg7, train_loss_step=0.462, val_loss=0.618, train_loss_epoch=0.475]Epoch 20:  29%|██▊       | 2/7 [00:02<00:05,  0.96it/s, v_num=dlg7, train_loss_step=0.486, val_loss=0.618, train_loss_epoch=0.475]WARNING: vision_encoder.blocks.2.1.spatial_block.conv1.fn.dw.weight has NO gradient.
Epoch 20:  43%|████▎     | 3/7 [00:02<00:03,  1.03it/s, v_num=dlg7, train_loss_step=0.486, val_loss=0.618, train_loss_epoch=0.475]Epoch 20:  43%|████▎     | 3/7 [00:02<00:03,  1.03it/s, v_num=dlg7, train_loss_step=0.411, val_loss=0.618, train_loss_epoch=0.475]WARNING: vision_encoder.blocks.2.1.spatial_block.conv1.fn.dw.weight has NO gradient.
Epoch 20:  57%|█████▋    | 4/7 [00:03<00:02,  1.07it/s, v_num=dlg7, train_loss_step=0.411, val_loss=0.618, train_loss_epoch=0.475]Epoch 20:  57%|█████▋    | 4/7 [00:03<00:02,  1.06it/s, v_num=dlg7, train_loss_step=0.488, val_loss=0.618, train_loss_epoch=0.475]WARNING: vision_encoder.blocks.2.1.spatial_block.conv1.fn.dw.weight has NO gradient.
Epoch 20:  71%|███████▏  | 5/7 [00:04<00:01,  1.09it/s, v_num=dlg7, train_loss_step=0.488, val_loss=0.618, train_loss_epoch=0.475]Epoch 20:  71%|███████▏  | 5/7 [00:04<00:01,  1.09it/s, v_num=dlg7, train_loss_step=0.617, val_loss=0.618, train_loss_epoch=0.475]WARNING: vision_encoder.blocks.2.1.spatial_block.conv1.fn.dw.weight has NO gradient.
Epoch 20:  86%|████████▌ | 6/7 [00:05<00:00,  1.11it/s, v_num=dlg7, train_loss_step=0.617, val_loss=0.618, train_loss_epoch=0.475]Epoch 20:  86%|████████▌ | 6/7 [00:05<00:00,  1.11it/s, v_num=dlg7, train_loss_step=0.482, val_loss=0.618, train_loss_epoch=0.475]WARNING: vision_encoder.blocks.2.1.spatial_block.conv1.fn.dw.weight has NO gradient.
Epoch 20: 100%|██████████| 7/7 [00:05<00:00,  1.17it/s, v_num=dlg7, train_loss_step=0.482, val_loss=0.618, train_loss_epoch=0.475]Epoch 20: 100%|██████████| 7/7 [00:05<00:00,  1.17it/s, v_num=dlg7, train_loss_step=0.456, val_loss=0.618, train_loss_epoch=0.475]
Validation: |          | 0/? [00:00<?, ?it/s][A
Validation:   0%|          | 0/4 [00:00<?, ?it/s][A
Validation DataLoader 0:   0%|          | 0/4 [00:00<?, ?it/s][Atensor(0.6753, device='cuda:0')
tensor(-0.4331, device='cuda:0')

Validation DataLoader 0:  25%|██▌       | 1/4 [00:00<00:02,  1.23it/s][Atensor(0.6583, device='cuda:0')
tensor(-0.4752, device='cuda:0')

Validation DataLoader 0:  50%|█████     | 2/4 [00:01<00:01,  1.22it/s][Atensor(0.8742, device='cuda:0')
tensor(-0.2643, device='cuda:0')

Validation DataLoader 0:  75%|███████▌  | 3/4 [00:02<00:00,  1.22it/s][Atensor(0.5374, device='cuda:0')
tensor(-0.2790, device='cuda:0')

Validation DataLoader 0: 100%|██████████| 4/4 [00:02<00:00,  1.44it/s][A
==================================================
Stage: VAL
Predicted class distribution: 0s = 25, 1s = 82
Actual label distribution:    0s = 80, 1s = 27
Actual Imbalance Ratio (0:1): 2.96:1
==================================================
✅ Model is predicting both classes.

                                                                      [AEpoch 20: 100%|██████████| 7/7 [00:09<00:00,  0.74it/s, v_num=dlg7, train_loss_step=0.456, val_loss=0.619, train_loss_epoch=0.475]Epoch 20: 100%|██████████| 7/7 [00:09<00:00,  0.74it/s, v_num=dlg7, train_loss_step=0.456, val_loss=0.619, train_loss_epoch=0.487]Epoch 20:   0%|          | 0/7 [00:00<?, ?it/s, v_num=dlg7, train_loss_step=0.456, val_loss=0.619, train_loss_epoch=0.487]        Epoch 21:   0%|          | 0/7 [00:00<?, ?it/s, v_num=dlg7, train_loss_step=0.456, val_loss=0.619, train_loss_epoch=0.487]WARNING: vision_encoder.blocks.2.1.spatial_block.conv1.fn.dw.weight has NO gradient.
Epoch 21:  14%|█▍        | 1/7 [00:01<00:09,  0.64it/s, v_num=dlg7, train_loss_step=0.456, val_loss=0.619, train_loss_epoch=0.487]Epoch 21:  14%|█▍        | 1/7 [00:01<00:09,  0.64it/s, v_num=dlg7, train_loss_step=0.460, val_loss=0.619, train_loss_epoch=0.487]WARNING: vision_encoder.blocks.2.1.spatial_block.conv1.fn.dw.weight has NO gradient.
Epoch 21:  29%|██▊       | 2/7 [00:02<00:06,  0.83it/s, v_num=dlg7, train_loss_step=0.460, val_loss=0.619, train_loss_epoch=0.487]Epoch 21:  29%|██▊       | 2/7 [00:02<00:06,  0.83it/s, v_num=dlg7, train_loss_step=0.496, val_loss=0.619, train_loss_epoch=0.487]WARNING: vision_encoder.blocks.2.1.spatial_block.conv1.fn.dw.weight has NO gradient.
Epoch 21:  43%|████▎     | 3/7 [00:03<00:04,  0.93it/s, v_num=dlg7, train_loss_step=0.496, val_loss=0.619, train_loss_epoch=0.487]Epoch 21:  43%|████▎     | 3/7 [00:03<00:04,  0.93it/s, v_num=dlg7, train_loss_step=0.429, val_loss=0.619, train_loss_epoch=0.487]WARNING: vision_encoder.blocks.2.1.spatial_block.conv1.fn.dw.weight has NO gradient.
Epoch 21:  57%|█████▋    | 4/7 [00:04<00:03,  0.98it/s, v_num=dlg7, train_loss_step=0.429, val_loss=0.619, train_loss_epoch=0.487]Epoch 21:  57%|█████▋    | 4/7 [00:04<00:03,  0.98it/s, v_num=dlg7, train_loss_step=0.490, val_loss=0.619, train_loss_epoch=0.487]WARNING: vision_encoder.blocks.2.1.spatial_block.conv1.fn.dw.weight has NO gradient.
Epoch 21:  71%|███████▏  | 5/7 [00:04<00:01,  1.02it/s, v_num=dlg7, train_loss_step=0.490, val_loss=0.619, train_loss_epoch=0.487]Epoch 21:  71%|███████▏  | 5/7 [00:04<00:01,  1.02it/s, v_num=dlg7, train_loss_step=0.362, val_loss=0.619, train_loss_epoch=0.487]WARNING: vision_encoder.blocks.2.1.spatial_block.conv1.fn.dw.weight has NO gradient.
Epoch 21:  86%|████████▌ | 6/7 [00:05<00:00,  1.05it/s, v_num=dlg7, train_loss_step=0.362, val_loss=0.619, train_loss_epoch=0.487]Epoch 21:  86%|████████▌ | 6/7 [00:05<00:00,  1.05it/s, v_num=dlg7, train_loss_step=0.422, val_loss=0.619, train_loss_epoch=0.487]WARNING: vision_encoder.blocks.2.1.spatial_block.conv1.fn.dw.weight has NO gradient.
Epoch 21: 100%|██████████| 7/7 [00:06<00:00,  1.11it/s, v_num=dlg7, train_loss_step=0.422, val_loss=0.619, train_loss_epoch=0.487]Epoch 21: 100%|██████████| 7/7 [00:06<00:00,  1.11it/s, v_num=dlg7, train_loss_step=0.401, val_loss=0.619, train_loss_epoch=0.487]
Validation: |          | 0/? [00:00<?, ?it/s][A
Validation:   0%|          | 0/4 [00:00<?, ?it/s][A
Validation DataLoader 0:   0%|          | 0/4 [00:00<?, ?it/s][Atensor(0.6478, device='cuda:0')
tensor(-0.4134, device='cuda:0')

Validation DataLoader 0:  25%|██▌       | 1/4 [00:00<00:02,  1.23it/s][Atensor(0.6556, device='cuda:0')
tensor(-0.4051, device='cuda:0')

Validation DataLoader 0:  50%|█████     | 2/4 [00:01<00:01,  1.22it/s][Atensor(0.8477, device='cuda:0')
tensor(-0.2000, device='cuda:0')

Validation DataLoader 0:  75%|███████▌  | 3/4 [00:02<00:00,  1.22it/s][Atensor(0.5567, device='cuda:0')
tensor(-0.2398, device='cuda:0')

Validation DataLoader 0: 100%|██████████| 4/4 [00:02<00:00,  1.44it/s][A
==================================================
Stage: VAL
Predicted class distribution: 0s = 28, 1s = 79
Actual label distribution:    0s = 80, 1s = 27
Actual Imbalance Ratio (0:1): 2.96:1
==================================================
✅ Model is predicting both classes.

                                                                      [AEpoch 21: 100%|██████████| 7/7 [00:09<00:00,  0.71it/s, v_num=dlg7, train_loss_step=0.401, val_loss=0.605, train_loss_epoch=0.487]Epoch 21: 100%|██████████| 7/7 [00:09<00:00,  0.71it/s, v_num=dlg7, train_loss_step=0.401, val_loss=0.605, train_loss_epoch=0.439]Epoch 21:   0%|          | 0/7 [00:00<?, ?it/s, v_num=dlg7, train_loss_step=0.401, val_loss=0.605, train_loss_epoch=0.439]        Epoch 22:   0%|          | 0/7 [00:00<?, ?it/s, v_num=dlg7, train_loss_step=0.401, val_loss=0.605, train_loss_epoch=0.439]WARNING: vision_encoder.blocks.2.1.spatial_block.conv1.fn.dw.weight has NO gradient.
Epoch 22:  14%|█▍        | 1/7 [00:01<00:07,  0.78it/s, v_num=dlg7, train_loss_step=0.401, val_loss=0.605, train_loss_epoch=0.439]Epoch 22:  14%|█▍        | 1/7 [00:01<00:07,  0.78it/s, v_num=dlg7, train_loss_step=0.408, val_loss=0.605, train_loss_epoch=0.439]WARNING: vision_encoder.blocks.2.1.spatial_block.conv1.fn.dw.weight has NO gradient.
Epoch 22:  29%|██▊       | 2/7 [00:02<00:05,  0.95it/s, v_num=dlg7, train_loss_step=0.408, val_loss=0.605, train_loss_epoch=0.439]Epoch 22:  29%|██▊       | 2/7 [00:02<00:05,  0.95it/s, v_num=dlg7, train_loss_step=0.474, val_loss=0.605, train_loss_epoch=0.439]WARNING: vision_encoder.blocks.2.1.spatial_block.conv1.fn.dw.weight has NO gradient.
Epoch 22:  43%|████▎     | 3/7 [00:02<00:03,  1.02it/s, v_num=dlg7, train_loss_step=0.474, val_loss=0.605, train_loss_epoch=0.439]Epoch 22:  43%|████▎     | 3/7 [00:02<00:03,  1.02it/s, v_num=dlg7, train_loss_step=0.520, val_loss=0.605, train_loss_epoch=0.439]WARNING: vision_encoder.blocks.2.1.spatial_block.conv1.fn.dw.weight has NO gradient.
Epoch 22:  57%|█████▋    | 4/7 [00:03<00:02,  1.06it/s, v_num=dlg7, train_loss_step=0.520, val_loss=0.605, train_loss_epoch=0.439]Epoch 22:  57%|█████▋    | 4/7 [00:03<00:02,  1.06it/s, v_num=dlg7, train_loss_step=0.460, val_loss=0.605, train_loss_epoch=0.439]WARNING: vision_encoder.blocks.2.1.spatial_block.conv1.fn.dw.weight has NO gradient.
Epoch 22:  71%|███████▏  | 5/7 [00:04<00:01,  1.08it/s, v_num=dlg7, train_loss_step=0.460, val_loss=0.605, train_loss_epoch=0.439]Epoch 22:  71%|███████▏  | 5/7 [00:04<00:01,  1.08it/s, v_num=dlg7, train_loss_step=0.438, val_loss=0.605, train_loss_epoch=0.439]WARNING: vision_encoder.blocks.2.1.spatial_block.conv1.fn.dw.weight has NO gradient.
Epoch 22:  86%|████████▌ | 6/7 [00:05<00:00,  1.10it/s, v_num=dlg7, train_loss_step=0.438, val_loss=0.605, train_loss_epoch=0.439]Epoch 22:  86%|████████▌ | 6/7 [00:05<00:00,  1.10it/s, v_num=dlg7, train_loss_step=0.497, val_loss=0.605, train_loss_epoch=0.439]WARNING: vision_encoder.blocks.2.1.spatial_block.conv1.fn.dw.weight has NO gradient.
Epoch 22: 100%|██████████| 7/7 [00:06<00:00,  1.17it/s, v_num=dlg7, train_loss_step=0.497, val_loss=0.605, train_loss_epoch=0.439]Epoch 22: 100%|██████████| 7/7 [00:06<00:00,  1.17it/s, v_num=dlg7, train_loss_step=0.491, val_loss=0.605, train_loss_epoch=0.439]
Validation: |          | 0/? [00:00<?, ?it/s][A
Validation:   0%|          | 0/4 [00:00<?, ?it/s][A
Validation DataLoader 0:   0%|          | 0/4 [00:00<?, ?it/s][Atensor(0.6358, device='cuda:0')
tensor(-0.4291, device='cuda:0')

Validation DataLoader 0:  25%|██▌       | 1/4 [00:00<00:02,  1.24it/s][Atensor(0.6270, device='cuda:0')
tensor(-0.3743, device='cuda:0')

Validation DataLoader 0:  50%|█████     | 2/4 [00:01<00:01,  1.23it/s][Atensor(0.8662, device='cuda:0')
tensor(-0.1843, device='cuda:0')

Validation DataLoader 0:  75%|███████▌  | 3/4 [00:02<00:00,  1.22it/s][Atensor(0.5787, device='cuda:0')
tensor(-0.2462, device='cuda:0')

Validation DataLoader 0: 100%|██████████| 4/4 [00:02<00:00,  1.44it/s][A
==================================================
Stage: VAL
Predicted class distribution: 0s = 29, 1s = 78
Actual label distribution:    0s = 80, 1s = 27
Actual Imbalance Ratio (0:1): 2.96:1
==================================================
✅ Model is predicting both classes.

                                                                      [AEpoch 22: 100%|██████████| 7/7 [00:09<00:00,  0.76it/s, v_num=dlg7, train_loss_step=0.491, val_loss=0.604, train_loss_epoch=0.439]Epoch 22: 100%|██████████| 7/7 [00:09<00:00,  0.76it/s, v_num=dlg7, train_loss_step=0.491, val_loss=0.604, train_loss_epoch=0.469]Epoch 22:   0%|          | 0/7 [00:00<?, ?it/s, v_num=dlg7, train_loss_step=0.491, val_loss=0.604, train_loss_epoch=0.469]        Epoch 23:   0%|          | 0/7 [00:00<?, ?it/s, v_num=dlg7, train_loss_step=0.491, val_loss=0.604, train_loss_epoch=0.469]WARNING: vision_encoder.blocks.2.1.spatial_block.conv1.fn.dw.weight has NO gradient.
Epoch 23:  14%|█▍        | 1/7 [00:01<00:07,  0.81it/s, v_num=dlg7, train_loss_step=0.491, val_loss=0.604, train_loss_epoch=0.469]Epoch 23:  14%|█▍        | 1/7 [00:01<00:07,  0.80it/s, v_num=dlg7, train_loss_step=0.349, val_loss=0.604, train_loss_epoch=0.469]WARNING: vision_encoder.blocks.2.1.spatial_block.conv1.fn.dw.weight has NO gradient.
Epoch 23:  29%|██▊       | 2/7 [00:02<00:05,  0.97it/s, v_num=dlg7, train_loss_step=0.349, val_loss=0.604, train_loss_epoch=0.469]Epoch 23:  29%|██▊       | 2/7 [00:02<00:05,  0.97it/s, v_num=dlg7, train_loss_step=0.409, val_loss=0.604, train_loss_epoch=0.469]WARNING: vision_encoder.blocks.2.1.spatial_block.conv1.fn.dw.weight has NO gradient.
Epoch 23:  43%|████▎     | 3/7 [00:02<00:03,  1.04it/s, v_num=dlg7, train_loss_step=0.409, val_loss=0.604, train_loss_epoch=0.469]Epoch 23:  43%|████▎     | 3/7 [00:02<00:03,  1.04it/s, v_num=dlg7, train_loss_step=0.369, val_loss=0.604, train_loss_epoch=0.469]WARNING: vision_encoder.blocks.2.1.spatial_block.conv1.fn.dw.weight has NO gradient.
Epoch 23:  57%|█████▋    | 4/7 [00:03<00:02,  1.07it/s, v_num=dlg7, train_loss_step=0.369, val_loss=0.604, train_loss_epoch=0.469]Epoch 23:  57%|█████▋    | 4/7 [00:03<00:02,  1.07it/s, v_num=dlg7, train_loss_step=0.376, val_loss=0.604, train_loss_epoch=0.469]WARNING: vision_encoder.blocks.2.1.spatial_block.conv1.fn.dw.weight has NO gradient.
Epoch 23:  71%|███████▏  | 5/7 [00:04<00:01,  1.10it/s, v_num=dlg7, train_loss_step=0.376, val_loss=0.604, train_loss_epoch=0.469]Epoch 23:  71%|███████▏  | 5/7 [00:04<00:01,  1.10it/s, v_num=dlg7, train_loss_step=0.362, val_loss=0.604, train_loss_epoch=0.469]WARNING: vision_encoder.blocks.2.1.spatial_block.conv1.fn.dw.weight has NO gradient.
Epoch 23:  86%|████████▌ | 6/7 [00:05<00:00,  1.11it/s, v_num=dlg7, train_loss_step=0.362, val_loss=0.604, train_loss_epoch=0.469]Epoch 23:  86%|████████▌ | 6/7 [00:05<00:00,  1.11it/s, v_num=dlg7, train_loss_step=0.409, val_loss=0.604, train_loss_epoch=0.469]WARNING: vision_encoder.blocks.2.1.spatial_block.conv1.fn.dw.weight has NO gradient.
Epoch 23: 100%|██████████| 7/7 [00:05<00:00,  1.18it/s, v_num=dlg7, train_loss_step=0.409, val_loss=0.604, train_loss_epoch=0.469]Epoch 23: 100%|██████████| 7/7 [00:05<00:00,  1.18it/s, v_num=dlg7, train_loss_step=0.409, val_loss=0.604, train_loss_epoch=0.469]
Validation: |          | 0/? [00:00<?, ?it/s][A
Validation:   0%|          | 0/4 [00:00<?, ?it/s][A
Validation DataLoader 0:   0%|          | 0/4 [00:00<?, ?it/s][Atensor(0.6662, device='cuda:0')
tensor(-0.5627, device='cuda:0')

Validation DataLoader 0:  25%|██▌       | 1/4 [00:00<00:02,  1.24it/s][Atensor(0.6694, device='cuda:0')
tensor(-0.4705, device='cuda:0')

Validation DataLoader 0:  50%|█████     | 2/4 [00:01<00:01,  1.23it/s][Atensor(0.9023, device='cuda:0')
tensor(-0.1986, device='cuda:0')

Validation DataLoader 0:  75%|███████▌  | 3/4 [00:02<00:00,  1.22it/s][Atensor(0.5460, device='cuda:0')
tensor(-0.2696, device='cuda:0')

Validation DataLoader 0: 100%|██████████| 4/4 [00:02<00:00,  1.45it/s][A
==================================================
Stage: VAL
Predicted class distribution: 0s = 30, 1s = 77
Actual label distribution:    0s = 80, 1s = 27
Actual Imbalance Ratio (0:1): 2.96:1
==================================================
✅ Model is predicting both classes.

                                                                      [AEpoch 23: 100%|██████████| 7/7 [00:09<00:00,  0.76it/s, v_num=dlg7, train_loss_step=0.409, val_loss=0.623, train_loss_epoch=0.469]Epoch 23: 100%|██████████| 7/7 [00:09<00:00,  0.76it/s, v_num=dlg7, train_loss_step=0.409, val_loss=0.623, train_loss_epoch=0.382]Epoch 23:   0%|          | 0/7 [00:00<?, ?it/s, v_num=dlg7, train_loss_step=0.409, val_loss=0.623, train_loss_epoch=0.382]        Epoch 24:   0%|          | 0/7 [00:00<?, ?it/s, v_num=dlg7, train_loss_step=0.409, val_loss=0.623, train_loss_epoch=0.382]WARNING: vision_encoder.blocks.2.1.spatial_block.conv1.fn.dw.weight has NO gradient.
Epoch 24:  14%|█▍        | 1/7 [00:01<00:07,  0.81it/s, v_num=dlg7, train_loss_step=0.409, val_loss=0.623, train_loss_epoch=0.382]Epoch 24:  14%|█▍        | 1/7 [00:01<00:07,  0.81it/s, v_num=dlg7, train_loss_step=0.448, val_loss=0.623, train_loss_epoch=0.382]WARNING: vision_encoder.blocks.2.1.spatial_block.conv1.fn.dw.weight has NO gradient.
Epoch 24:  29%|██▊       | 2/7 [00:02<00:05,  0.96it/s, v_num=dlg7, train_loss_step=0.448, val_loss=0.623, train_loss_epoch=0.382]Epoch 24:  29%|██▊       | 2/7 [00:02<00:05,  0.96it/s, v_num=dlg7, train_loss_step=0.429, val_loss=0.623, train_loss_epoch=0.382]WARNING: vision_encoder.blocks.2.1.spatial_block.conv1.fn.dw.weight has NO gradient.
Epoch 24:  43%|████▎     | 3/7 [00:02<00:03,  1.03it/s, v_num=dlg7, train_loss_step=0.429, val_loss=0.623, train_loss_epoch=0.382]Epoch 24:  43%|████▎     | 3/7 [00:02<00:03,  1.03it/s, v_num=dlg7, train_loss_step=0.562, val_loss=0.623, train_loss_epoch=0.382]WARNING: vision_encoder.blocks.2.1.spatial_block.conv1.fn.dw.weight has NO gradient.
Epoch 24:  57%|█████▋    | 4/7 [00:03<00:02,  1.07it/s, v_num=dlg7, train_loss_step=0.562, val_loss=0.623, train_loss_epoch=0.382]Epoch 24:  57%|█████▋    | 4/7 [00:03<00:02,  1.07it/s, v_num=dlg7, train_loss_step=0.460, val_loss=0.623, train_loss_epoch=0.382]WARNING: vision_encoder.blocks.2.1.spatial_block.conv1.fn.dw.weight has NO gradient.
Epoch 24:  71%|███████▏  | 5/7 [00:04<00:01,  1.09it/s, v_num=dlg7, train_loss_step=0.460, val_loss=0.623, train_loss_epoch=0.382]Epoch 24:  71%|███████▏  | 5/7 [00:04<00:01,  1.09it/s, v_num=dlg7, train_loss_step=0.574, val_loss=0.623, train_loss_epoch=0.382]WARNING: vision_encoder.blocks.2.1.spatial_block.conv1.fn.dw.weight has NO gradient.
Epoch 24:  86%|████████▌ | 6/7 [00:05<00:00,  1.11it/s, v_num=dlg7, train_loss_step=0.574, val_loss=0.623, train_loss_epoch=0.382]Epoch 24:  86%|████████▌ | 6/7 [00:05<00:00,  1.11it/s, v_num=dlg7, train_loss_step=0.460, val_loss=0.623, train_loss_epoch=0.382]WARNING: vision_encoder.blocks.2.1.spatial_block.conv1.fn.dw.weight has NO gradient.
Epoch 24: 100%|██████████| 7/7 [00:05<00:00,  1.17it/s, v_num=dlg7, train_loss_step=0.460, val_loss=0.623, train_loss_epoch=0.382]Epoch 24: 100%|██████████| 7/7 [00:05<00:00,  1.17it/s, v_num=dlg7, train_loss_step=0.388, val_loss=0.623, train_loss_epoch=0.382]
Validation: |          | 0/? [00:00<?, ?it/s][A
Validation:   0%|          | 0/4 [00:00<?, ?it/s][A
Validation DataLoader 0:   0%|          | 0/4 [00:00<?, ?it/s][Atensor(0.7092, device='cuda:0')
tensor(-0.6491, device='cuda:0')

Validation DataLoader 0:  25%|██▌       | 1/4 [00:00<00:02,  1.24it/s][Atensor(0.6734, device='cuda:0')
tensor(-0.5374, device='cuda:0')

Validation DataLoader 0:  50%|█████     | 2/4 [00:01<00:01,  1.22it/s][Atensor(0.8795, device='cuda:0')
tensor(-0.3093, device='cuda:0')

Validation DataLoader 0:  75%|███████▌  | 3/4 [00:02<00:00,  1.22it/s][Atensor(0.4884, device='cuda:0')
tensor(-0.2977, device='cuda:0')

Validation DataLoader 0: 100%|██████████| 4/4 [00:02<00:00,  1.44it/s][A
==================================================
Stage: VAL
Predicted class distribution: 0s = 29, 1s = 78
Actual label distribution:    0s = 80, 1s = 27
Actual Imbalance Ratio (0:1): 2.96:1
==================================================
✅ Model is predicting both classes.

                                                                      [AEpoch 24: 100%|██████████| 7/7 [00:09<00:00,  0.76it/s, v_num=dlg7, train_loss_step=0.388, val_loss=0.640, train_loss_epoch=0.382]Epoch 24: 100%|██████████| 7/7 [00:09<00:00,  0.76it/s, v_num=dlg7, train_loss_step=0.388, val_loss=0.640, train_loss_epoch=0.479]Epoch 24:   0%|          | 0/7 [00:00<?, ?it/s, v_num=dlg7, train_loss_step=0.388, val_loss=0.640, train_loss_epoch=0.479]        Epoch 25:   0%|          | 0/7 [00:00<?, ?it/s, v_num=dlg7, train_loss_step=0.388, val_loss=0.640, train_loss_epoch=0.479]WARNING: vision_encoder.blocks.2.1.spatial_block.conv1.fn.dw.weight has NO gradient.
Epoch 25:  14%|█▍        | 1/7 [00:01<00:07,  0.79it/s, v_num=dlg7, train_loss_step=0.388, val_loss=0.640, train_loss_epoch=0.479]Epoch 25:  14%|█▍        | 1/7 [00:01<00:07,  0.79it/s, v_num=dlg7, train_loss_step=0.401, val_loss=0.640, train_loss_epoch=0.479]WARNING: vision_encoder.blocks.2.1.spatial_block.conv1.fn.dw.weight has NO gradient.
Epoch 25:  29%|██▊       | 2/7 [00:02<00:05,  0.95it/s, v_num=dlg7, train_loss_step=0.401, val_loss=0.640, train_loss_epoch=0.479]Epoch 25:  29%|██▊       | 2/7 [00:02<00:05,  0.95it/s, v_num=dlg7, train_loss_step=0.578, val_loss=0.640, train_loss_epoch=0.479]WARNING: vision_encoder.blocks.2.1.spatial_block.conv1.fn.dw.weight has NO gradient.
Epoch 25:  43%|████▎     | 3/7 [00:02<00:03,  1.02it/s, v_num=dlg7, train_loss_step=0.578, val_loss=0.640, train_loss_epoch=0.479]Epoch 25:  43%|████▎     | 3/7 [00:02<00:03,  1.02it/s, v_num=dlg7, train_loss_step=0.550, val_loss=0.640, train_loss_epoch=0.479]WARNING: vision_encoder.blocks.2.1.spatial_block.conv1.fn.dw.weight has NO gradient.
Epoch 25:  57%|█████▋    | 4/7 [00:03<00:02,  1.06it/s, v_num=dlg7, train_loss_step=0.550, val_loss=0.640, train_loss_epoch=0.479]Epoch 25:  57%|█████▋    | 4/7 [00:03<00:02,  1.06it/s, v_num=dlg7, train_loss_step=0.543, val_loss=0.640, train_loss_epoch=0.479]WARNING: vision_encoder.blocks.2.1.spatial_block.conv1.fn.dw.weight has NO gradient.
Epoch 25:  71%|███████▏  | 5/7 [00:04<00:01,  1.09it/s, v_num=dlg7, train_loss_step=0.543, val_loss=0.640, train_loss_epoch=0.479]Epoch 25:  71%|███████▏  | 5/7 [00:04<00:01,  1.09it/s, v_num=dlg7, train_loss_step=0.601, val_loss=0.640, train_loss_epoch=0.479]WARNING: vision_encoder.blocks.2.1.spatial_block.conv1.fn.dw.weight has NO gradient.
Epoch 25:  86%|████████▌ | 6/7 [00:05<00:00,  1.11it/s, v_num=dlg7, train_loss_step=0.601, val_loss=0.640, train_loss_epoch=0.479]Epoch 25:  86%|████████▌ | 6/7 [00:05<00:00,  1.11it/s, v_num=dlg7, train_loss_step=0.424, val_loss=0.640, train_loss_epoch=0.479]WARNING: vision_encoder.blocks.2.1.spatial_block.conv1.fn.dw.weight has NO gradient.
Epoch 25: 100%|██████████| 7/7 [00:05<00:00,  1.17it/s, v_num=dlg7, train_loss_step=0.424, val_loss=0.640, train_loss_epoch=0.479]Epoch 25: 100%|██████████| 7/7 [00:05<00:00,  1.17it/s, v_num=dlg7, train_loss_step=0.372, val_loss=0.640, train_loss_epoch=0.479]
Validation: |          | 0/? [00:00<?, ?it/s][A
Validation:   0%|          | 0/4 [00:00<?, ?it/s][A
Validation DataLoader 0:   0%|          | 0/4 [00:00<?, ?it/s][Atensor(0.7270, device='cuda:0')
tensor(-0.6447, device='cuda:0')

Validation DataLoader 0:  25%|██▌       | 1/4 [00:00<00:02,  1.24it/s][Atensor(0.6364, device='cuda:0')
tensor(-0.5152, device='cuda:0')

Validation DataLoader 0:  50%|█████     | 2/4 [00:01<00:01,  1.22it/s][Atensor(0.8215, device='cuda:0')
tensor(-0.3169, device='cuda:0')

Validation DataLoader 0:  75%|███████▌  | 3/4 [00:02<00:00,  1.22it/s][Atensor(0.4590, device='cuda:0')
tensor(-0.2873, device='cuda:0')

Validation DataLoader 0: 100%|██████████| 4/4 [00:02<00:00,  1.44it/s][A
==================================================
Stage: VAL
Predicted class distribution: 0s = 31, 1s = 76
Actual label distribution:    0s = 80, 1s = 27
Actual Imbalance Ratio (0:1): 2.96:1
==================================================
✅ Model is predicting both classes.

                                                                      [AEpoch 25: 100%|██████████| 7/7 [00:09<00:00,  0.73it/s, v_num=dlg7, train_loss_step=0.372, val_loss=0.633, train_loss_epoch=0.479]Epoch 25: 100%|██████████| 7/7 [00:09<00:00,  0.73it/s, v_num=dlg7, train_loss_step=0.372, val_loss=0.633, train_loss_epoch=0.502]Epoch 25:   0%|          | 0/7 [00:00<?, ?it/s, v_num=dlg7, train_loss_step=0.372, val_loss=0.633, train_loss_epoch=0.502]        Epoch 26:   0%|          | 0/7 [00:00<?, ?it/s, v_num=dlg7, train_loss_step=0.372, val_loss=0.633, train_loss_epoch=0.502]WARNING: vision_encoder.blocks.2.1.spatial_block.conv1.fn.dw.weight has NO gradient.
Epoch 26:  14%|█▍        | 1/7 [00:01<00:07,  0.79it/s, v_num=dlg7, train_loss_step=0.372, val_loss=0.633, train_loss_epoch=0.502]Epoch 26:  14%|█▍        | 1/7 [00:01<00:07,  0.79it/s, v_num=dlg7, train_loss_step=0.575, val_loss=0.633, train_loss_epoch=0.502]WARNING: vision_encoder.blocks.2.1.spatial_block.conv1.fn.dw.weight has NO gradient.
Epoch 26:  29%|██▊       | 2/7 [00:02<00:05,  0.95it/s, v_num=dlg7, train_loss_step=0.575, val_loss=0.633, train_loss_epoch=0.502]Epoch 26:  29%|██▊       | 2/7 [00:02<00:05,  0.95it/s, v_num=dlg7, train_loss_step=0.495, val_loss=0.633, train_loss_epoch=0.502]WARNING: vision_encoder.blocks.2.1.spatial_block.conv1.fn.dw.weight has NO gradient.
Epoch 26:  43%|████▎     | 3/7 [00:02<00:03,  1.02it/s, v_num=dlg7, train_loss_step=0.495, val_loss=0.633, train_loss_epoch=0.502]Epoch 26:  43%|████▎     | 3/7 [00:02<00:03,  1.02it/s, v_num=dlg7, train_loss_step=0.641, val_loss=0.633, train_loss_epoch=0.502]WARNING: vision_encoder.blocks.2.1.spatial_block.conv1.fn.dw.weight has NO gradient.
Epoch 26:  57%|█████▋    | 4/7 [00:03<00:02,  1.06it/s, v_num=dlg7, train_loss_step=0.641, val_loss=0.633, train_loss_epoch=0.502]Epoch 26:  57%|█████▋    | 4/7 [00:03<00:02,  1.06it/s, v_num=dlg7, train_loss_step=0.518, val_loss=0.633, train_loss_epoch=0.502]WARNING: vision_encoder.blocks.2.1.spatial_block.conv1.fn.dw.weight has NO gradient.
Epoch 26:  71%|███████▏  | 5/7 [00:04<00:01,  1.08it/s, v_num=dlg7, train_loss_step=0.518, val_loss=0.633, train_loss_epoch=0.502]Epoch 26:  71%|███████▏  | 5/7 [00:04<00:01,  1.08it/s, v_num=dlg7, train_loss_step=0.441, val_loss=0.633, train_loss_epoch=0.502]WARNING: vision_encoder.blocks.2.1.spatial_block.conv1.fn.dw.weight has NO gradient.
Epoch 26:  86%|████████▌ | 6/7 [00:05<00:00,  1.10it/s, v_num=dlg7, train_loss_step=0.441, val_loss=0.633, train_loss_epoch=0.502]Epoch 26:  86%|████████▌ | 6/7 [00:05<00:00,  1.10it/s, v_num=dlg7, train_loss_step=0.440, val_loss=0.633, train_loss_epoch=0.502]WARNING: vision_encoder.blocks.2.1.spatial_block.conv1.fn.dw.weight has NO gradient.
Epoch 26: 100%|██████████| 7/7 [00:06<00:00,  1.17it/s, v_num=dlg7, train_loss_step=0.440, val_loss=0.633, train_loss_epoch=0.502]Epoch 26: 100%|██████████| 7/7 [00:06<00:00,  1.17it/s, v_num=dlg7, train_loss_step=0.426, val_loss=0.633, train_loss_epoch=0.502]
Validation: |          | 0/? [00:00<?, ?it/s][A
Validation:   0%|          | 0/4 [00:00<?, ?it/s][A
Validation DataLoader 0:   0%|          | 0/4 [00:00<?, ?it/s][Atensor(0.7470, device='cuda:0')
tensor(-0.3738, device='cuda:0')

Validation DataLoader 0:  25%|██▌       | 1/4 [00:00<00:02,  1.23it/s][Atensor(0.5482, device='cuda:0')
tensor(-0.2996, device='cuda:0')

Validation DataLoader 0:  50%|█████     | 2/4 [00:01<00:01,  1.22it/s][Atensor(0.8424, device='cuda:0')
tensor(-0.2806, device='cuda:0')

Validation DataLoader 0:  75%|███████▌  | 3/4 [00:02<00:00,  1.22it/s][Atensor(0.5277, device='cuda:0')
tensor(-0.2893, device='cuda:0')

Validation DataLoader 0: 100%|██████████| 4/4 [00:02<00:00,  1.44it/s][A
==================================================
Stage: VAL
Predicted class distribution: 0s = 39, 1s = 68
Actual label distribution:    0s = 80, 1s = 27
Actual Imbalance Ratio (0:1): 2.96:1
==================================================
✅ Model is predicting both classes.

                                                                      [AEpoch 26: 100%|██████████| 7/7 [00:09<00:00,  0.76it/s, v_num=dlg7, train_loss_step=0.426, val_loss=0.590, train_loss_epoch=0.502]Epoch 26: 100%|██████████| 7/7 [00:09<00:00,  0.76it/s, v_num=dlg7, train_loss_step=0.426, val_loss=0.590, train_loss_epoch=0.509]Epoch 26:   0%|          | 0/7 [00:00<?, ?it/s, v_num=dlg7, train_loss_step=0.426, val_loss=0.590, train_loss_epoch=0.509]        Epoch 27:   0%|          | 0/7 [00:00<?, ?it/s, v_num=dlg7, train_loss_step=0.426, val_loss=0.590, train_loss_epoch=0.509]WARNING: vision_encoder.blocks.2.1.spatial_block.conv1.fn.dw.weight has NO gradient.
Epoch 27:  14%|█▍        | 1/7 [00:01<00:07,  0.80it/s, v_num=dlg7, train_loss_step=0.426, val_loss=0.590, train_loss_epoch=0.509]Epoch 27:  14%|█▍        | 1/7 [00:01<00:07,  0.80it/s, v_num=dlg7, train_loss_step=0.361, val_loss=0.590, train_loss_epoch=0.509]WARNING: vision_encoder.blocks.2.1.spatial_block.conv1.fn.dw.weight has NO gradient.
Epoch 27:  29%|██▊       | 2/7 [00:02<00:05,  0.96it/s, v_num=dlg7, train_loss_step=0.361, val_loss=0.590, train_loss_epoch=0.509]Epoch 27:  29%|██▊       | 2/7 [00:02<00:05,  0.96it/s, v_num=dlg7, train_loss_step=0.307, val_loss=0.590, train_loss_epoch=0.509]WARNING: vision_encoder.blocks.2.1.spatial_block.conv1.fn.dw.weight has NO gradient.
Epoch 27:  43%|████▎     | 3/7 [00:02<00:03,  1.03it/s, v_num=dlg7, train_loss_step=0.307, val_loss=0.590, train_loss_epoch=0.509]Epoch 27:  43%|████▎     | 3/7 [00:02<00:03,  1.03it/s, v_num=dlg7, train_loss_step=0.485, val_loss=0.590, train_loss_epoch=0.509]WARNING: vision_encoder.blocks.2.1.spatial_block.conv1.fn.dw.weight has NO gradient.
Epoch 27:  57%|█████▋    | 4/7 [00:03<00:02,  1.07it/s, v_num=dlg7, train_loss_step=0.485, val_loss=0.590, train_loss_epoch=0.509]Epoch 27:  57%|█████▋    | 4/7 [00:03<00:02,  1.07it/s, v_num=dlg7, train_loss_step=0.361, val_loss=0.590, train_loss_epoch=0.509]WARNING: vision_encoder.blocks.2.1.spatial_block.conv1.fn.dw.weight has NO gradient.
Epoch 27:  71%|███████▏  | 5/7 [00:04<00:01,  1.09it/s, v_num=dlg7, train_loss_step=0.361, val_loss=0.590, train_loss_epoch=0.509]Epoch 27:  71%|███████▏  | 5/7 [00:04<00:01,  1.09it/s, v_num=dlg7, train_loss_step=0.434, val_loss=0.590, train_loss_epoch=0.509]WARNING: vision_encoder.blocks.2.1.spatial_block.conv1.fn.dw.weight has NO gradient.
Epoch 27:  86%|████████▌ | 6/7 [00:05<00:00,  1.11it/s, v_num=dlg7, train_loss_step=0.434, val_loss=0.590, train_loss_epoch=0.509]Epoch 27:  86%|████████▌ | 6/7 [00:05<00:00,  1.11it/s, v_num=dlg7, train_loss_step=0.385, val_loss=0.590, train_loss_epoch=0.509]WARNING: vision_encoder.blocks.2.1.spatial_block.conv1.fn.dw.weight has NO gradient.
Epoch 27: 100%|██████████| 7/7 [00:05<00:00,  1.17it/s, v_num=dlg7, train_loss_step=0.385, val_loss=0.590, train_loss_epoch=0.509]Epoch 27: 100%|██████████| 7/7 [00:05<00:00,  1.17it/s, v_num=dlg7, train_loss_step=0.523, val_loss=0.590, train_loss_epoch=0.509]
Validation: |          | 0/? [00:00<?, ?it/s][A
Validation:   0%|          | 0/4 [00:00<?, ?it/s][A
Validation DataLoader 0:   0%|          | 0/4 [00:00<?, ?it/s][Atensor(0.7799, device='cuda:0')
tensor(-0.3769, device='cuda:0')

Validation DataLoader 0:  25%|██▌       | 1/4 [00:00<00:02,  1.23it/s][Atensor(0.5967, device='cuda:0')
tensor(-0.2340, device='cuda:0')

Validation DataLoader 0:  50%|█████     | 2/4 [00:01<00:01,  1.22it/s][Atensor(0.8879, device='cuda:0')
tensor(-0.3027, device='cuda:0')

Validation DataLoader 0:  75%|███████▌  | 3/4 [00:02<00:00,  1.22it/s][Atensor(0.5666, device='cuda:0')
tensor(-0.2889, device='cuda:0')

Validation DataLoader 0: 100%|██████████| 4/4 [00:02<00:00,  1.44it/s][A
==================================================
Stage: VAL
Predicted class distribution: 0s = 42, 1s = 65
Actual label distribution:    0s = 80, 1s = 27
Actual Imbalance Ratio (0:1): 2.96:1
==================================================
✅ Model is predicting both classes.

                                                                      [AEpoch 27: 100%|██████████| 7/7 [00:09<00:00,  0.76it/s, v_num=dlg7, train_loss_step=0.523, val_loss=0.576, train_loss_epoch=0.509]Epoch 27: 100%|██████████| 7/7 [00:09<00:00,  0.76it/s, v_num=dlg7, train_loss_step=0.523, val_loss=0.576, train_loss_epoch=0.402]Epoch 27:   0%|          | 0/7 [00:00<?, ?it/s, v_num=dlg7, train_loss_step=0.523, val_loss=0.576, train_loss_epoch=0.402]        Epoch 28:   0%|          | 0/7 [00:00<?, ?it/s, v_num=dlg7, train_loss_step=0.523, val_loss=0.576, train_loss_epoch=0.402]WARNING: vision_encoder.blocks.2.1.spatial_block.conv1.fn.dw.weight has NO gradient.
Epoch 28:  14%|█▍        | 1/7 [00:01<00:07,  0.80it/s, v_num=dlg7, train_loss_step=0.523, val_loss=0.576, train_loss_epoch=0.402]Epoch 28:  14%|█▍        | 1/7 [00:01<00:07,  0.80it/s, v_num=dlg7, train_loss_step=0.451, val_loss=0.576, train_loss_epoch=0.402]WARNING: vision_encoder.blocks.2.1.spatial_block.conv1.fn.dw.weight has NO gradient.
Epoch 28:  29%|██▊       | 2/7 [00:02<00:05,  0.96it/s, v_num=dlg7, train_loss_step=0.451, val_loss=0.576, train_loss_epoch=0.402]Epoch 28:  29%|██▊       | 2/7 [00:02<00:05,  0.96it/s, v_num=dlg7, train_loss_step=0.421, val_loss=0.576, train_loss_epoch=0.402]WARNING: vision_encoder.blocks.2.1.spatial_block.conv1.fn.dw.weight has NO gradient.
Epoch 28:  43%|████▎     | 3/7 [00:02<00:03,  1.03it/s, v_num=dlg7, train_loss_step=0.421, val_loss=0.576, train_loss_epoch=0.402]Epoch 28:  43%|████▎     | 3/7 [00:02<00:03,  1.03it/s, v_num=dlg7, train_loss_step=0.454, val_loss=0.576, train_loss_epoch=0.402]WARNING: vision_encoder.blocks.2.1.spatial_block.conv1.fn.dw.weight has NO gradient.
Epoch 28:  57%|█████▋    | 4/7 [00:03<00:02,  1.07it/s, v_num=dlg7, train_loss_step=0.454, val_loss=0.576, train_loss_epoch=0.402]Epoch 28:  57%|█████▋    | 4/7 [00:03<00:02,  1.07it/s, v_num=dlg7, train_loss_step=0.385, val_loss=0.576, train_loss_epoch=0.402]WARNING: vision_encoder.blocks.2.1.spatial_block.conv1.fn.dw.weight has NO gradient.
Epoch 28:  71%|███████▏  | 5/7 [00:04<00:01,  1.09it/s, v_num=dlg7, train_loss_step=0.385, val_loss=0.576, train_loss_epoch=0.402]Epoch 28:  71%|███████▏  | 5/7 [00:04<00:01,  1.09it/s, v_num=dlg7, train_loss_step=0.466, val_loss=0.576, train_loss_epoch=0.402]WARNING: vision_encoder.blocks.2.1.spatial_block.conv1.fn.dw.weight has NO gradient.
Epoch 28:  86%|████████▌ | 6/7 [00:05<00:00,  1.11it/s, v_num=dlg7, train_loss_step=0.466, val_loss=0.576, train_loss_epoch=0.402]Epoch 28:  86%|████████▌ | 6/7 [00:05<00:00,  1.11it/s, v_num=dlg7, train_loss_step=0.340, val_loss=0.576, train_loss_epoch=0.402]WARNING: vision_encoder.blocks.2.1.spatial_block.conv1.fn.dw.weight has NO gradient.
Epoch 28: 100%|██████████| 7/7 [00:05<00:00,  1.18it/s, v_num=dlg7, train_loss_step=0.340, val_loss=0.576, train_loss_epoch=0.402]Epoch 28: 100%|██████████| 7/7 [00:05<00:00,  1.18it/s, v_num=dlg7, train_loss_step=0.552, val_loss=0.576, train_loss_epoch=0.402]
Validation: |          | 0/? [00:00<?, ?it/s][A
Validation:   0%|          | 0/4 [00:00<?, ?it/s][A
Validation DataLoader 0:   0%|          | 0/4 [00:00<?, ?it/s][Atensor(0.8164, device='cuda:0')
tensor(-0.4234, device='cuda:0')

Validation DataLoader 0:  25%|██▌       | 1/4 [00:00<00:02,  1.24it/s][Atensor(0.6182, device='cuda:0')
tensor(-0.2534, device='cuda:0')

Validation DataLoader 0:  50%|█████     | 2/4 [00:01<00:01,  1.22it/s][Atensor(0.9152, device='cuda:0')
tensor(-0.3439, device='cuda:0')

Validation DataLoader 0:  75%|███████▌  | 3/4 [00:02<00:00,  1.22it/s][Atensor(0.5812, device='cuda:0')
tensor(-0.3103, device='cuda:0')

Validation DataLoader 0: 100%|██████████| 4/4 [00:02<00:00,  1.44it/s][A
==================================================
Stage: VAL
Predicted class distribution: 0s = 43, 1s = 64
Actual label distribution:    0s = 80, 1s = 27
Actual Imbalance Ratio (0:1): 2.96:1
==================================================
✅ Model is predicting both classes.

                                                                      [AEpoch 28: 100%|██████████| 7/7 [00:09<00:00,  0.76it/s, v_num=dlg7, train_loss_step=0.552, val_loss=0.574, train_loss_epoch=0.402]Epoch 28: 100%|██████████| 7/7 [00:09<00:00,  0.76it/s, v_num=dlg7, train_loss_step=0.552, val_loss=0.574, train_loss_epoch=0.433]Epoch 28:   0%|          | 0/7 [00:00<?, ?it/s, v_num=dlg7, train_loss_step=0.552, val_loss=0.574, train_loss_epoch=0.433]        Epoch 29:   0%|          | 0/7 [00:00<?, ?it/s, v_num=dlg7, train_loss_step=0.552, val_loss=0.574, train_loss_epoch=0.433]WARNING: vision_encoder.blocks.2.1.spatial_block.conv1.fn.dw.weight has NO gradient.
Epoch 29:  14%|█▍        | 1/7 [00:01<00:07,  0.79it/s, v_num=dlg7, train_loss_step=0.552, val_loss=0.574, train_loss_epoch=0.433]Epoch 29:  14%|█▍        | 1/7 [00:01<00:07,  0.78it/s, v_num=dlg7, train_loss_step=0.392, val_loss=0.574, train_loss_epoch=0.433]WARNING: vision_encoder.blocks.2.1.spatial_block.conv1.fn.dw.weight has NO gradient.
Epoch 29:  29%|██▊       | 2/7 [00:02<00:05,  0.95it/s, v_num=dlg7, train_loss_step=0.392, val_loss=0.574, train_loss_epoch=0.433]Epoch 29:  29%|██▊       | 2/7 [00:02<00:05,  0.95it/s, v_num=dlg7, train_loss_step=0.434, val_loss=0.574, train_loss_epoch=0.433]WARNING: vision_encoder.blocks.2.1.spatial_block.conv1.fn.dw.weight has NO gradient.
Epoch 29:  43%|████▎     | 3/7 [00:02<00:03,  1.02it/s, v_num=dlg7, train_loss_step=0.434, val_loss=0.574, train_loss_epoch=0.433]Epoch 29:  43%|████▎     | 3/7 [00:02<00:03,  1.02it/s, v_num=dlg7, train_loss_step=0.475, val_loss=0.574, train_loss_epoch=0.433]WARNING: vision_encoder.blocks.2.1.spatial_block.conv1.fn.dw.weight has NO gradient.
Epoch 29:  57%|█████▋    | 4/7 [00:03<00:02,  1.06it/s, v_num=dlg7, train_loss_step=0.475, val_loss=0.574, train_loss_epoch=0.433]Epoch 29:  57%|█████▋    | 4/7 [00:03<00:02,  1.06it/s, v_num=dlg7, train_loss_step=0.416, val_loss=0.574, train_loss_epoch=0.433]WARNING: vision_encoder.blocks.2.1.spatial_block.conv1.fn.dw.weight has NO gradient.
Epoch 29:  71%|███████▏  | 5/7 [00:04<00:01,  1.09it/s, v_num=dlg7, train_loss_step=0.416, val_loss=0.574, train_loss_epoch=0.433]Epoch 29:  71%|███████▏  | 5/7 [00:04<00:01,  1.09it/s, v_num=dlg7, train_loss_step=0.424, val_loss=0.574, train_loss_epoch=0.433]WARNING: vision_encoder.blocks.2.1.spatial_block.conv1.fn.dw.weight has NO gradient.
Epoch 29:  86%|████████▌ | 6/7 [00:05<00:00,  1.11it/s, v_num=dlg7, train_loss_step=0.424, val_loss=0.574, train_loss_epoch=0.433]Epoch 29:  86%|████████▌ | 6/7 [00:05<00:00,  1.11it/s, v_num=dlg7, train_loss_step=0.396, val_loss=0.574, train_loss_epoch=0.433]WARNING: vision_encoder.blocks.2.1.spatial_block.conv1.fn.dw.weight has NO gradient.
Epoch 29: 100%|██████████| 7/7 [00:05<00:00,  1.17it/s, v_num=dlg7, train_loss_step=0.396, val_loss=0.574, train_loss_epoch=0.433]Epoch 29: 100%|██████████| 7/7 [00:05<00:00,  1.17it/s, v_num=dlg7, train_loss_step=0.650, val_loss=0.574, train_loss_epoch=0.433]
Validation: |          | 0/? [00:00<?, ?it/s][A
Validation:   0%|          | 0/4 [00:00<?, ?it/s][A
Validation DataLoader 0:   0%|          | 0/4 [00:00<?, ?it/s][Atensor(0.8557, device='cuda:0')
tensor(-0.4074, device='cuda:0')

Validation DataLoader 0:  25%|██▌       | 1/4 [00:00<00:02,  1.24it/s][Atensor(0.6005, device='cuda:0')
tensor(-0.2853, device='cuda:0')

Validation DataLoader 0:  50%|█████     | 2/4 [00:01<00:01,  1.22it/s][Atensor(0.9324, device='cuda:0')
tensor(-0.3520, device='cuda:0')

Validation DataLoader 0:  75%|███████▌  | 3/4 [00:02<00:00,  1.22it/s][Atensor(0.5935, device='cuda:0')
tensor(-0.3134, device='cuda:0')

Validation DataLoader 0: 100%|██████████| 4/4 [00:02<00:00,  1.44it/s][A
==================================================
Stage: VAL
Predicted class distribution: 0s = 42, 1s = 65
Actual label distribution:    0s = 80, 1s = 27
Actual Imbalance Ratio (0:1): 2.96:1
==================================================
✅ Model is predicting both classes.

                                                                      [AEpoch 29: 100%|██████████| 7/7 [00:09<00:00,  0.76it/s, v_num=dlg7, train_loss_step=0.650, val_loss=0.574, train_loss_epoch=0.433]Epoch 29: 100%|██████████| 7/7 [00:09<00:00,  0.76it/s, v_num=dlg7, train_loss_step=0.650, val_loss=0.574, train_loss_epoch=0.445]Epoch 29:   0%|          | 0/7 [00:00<?, ?it/s, v_num=dlg7, train_loss_step=0.650, val_loss=0.574, train_loss_epoch=0.445]        Epoch 30:   0%|          | 0/7 [00:00<?, ?it/s, v_num=dlg7, train_loss_step=0.650, val_loss=0.574, train_loss_epoch=0.445]WARNING: vision_encoder.blocks.2.1.spatial_block.conv1.fn.dw.weight has NO gradient.
Epoch 30:  14%|█▍        | 1/7 [00:01<00:07,  0.79it/s, v_num=dlg7, train_loss_step=0.650, val_loss=0.574, train_loss_epoch=0.445]Epoch 30:  14%|█▍        | 1/7 [00:01<00:07,  0.79it/s, v_num=dlg7, train_loss_step=0.375, val_loss=0.574, train_loss_epoch=0.445]WARNING: vision_encoder.blocks.2.1.spatial_block.conv1.fn.dw.weight has NO gradient.
Epoch 30:  29%|██▊       | 2/7 [00:02<00:05,  0.95it/s, v_num=dlg7, train_loss_step=0.375, val_loss=0.574, train_loss_epoch=0.445]Epoch 30:  29%|██▊       | 2/7 [00:02<00:05,  0.95it/s, v_num=dlg7, train_loss_step=0.545, val_loss=0.574, train_loss_epoch=0.445]WARNING: vision_encoder.blocks.2.1.spatial_block.conv1.fn.dw.weight has NO gradient.
Epoch 30:  43%|████▎     | 3/7 [00:02<00:03,  1.02it/s, v_num=dlg7, train_loss_step=0.545, val_loss=0.574, train_loss_epoch=0.445]Epoch 30:  43%|████▎     | 3/7 [00:02<00:03,  1.02it/s, v_num=dlg7, train_loss_step=0.392, val_loss=0.574, train_loss_epoch=0.445]WARNING: vision_encoder.blocks.2.1.spatial_block.conv1.fn.dw.weight has NO gradient.
Epoch 30:  57%|█████▋    | 4/7 [00:03<00:02,  1.06it/s, v_num=dlg7, train_loss_step=0.392, val_loss=0.574, train_loss_epoch=0.445]Epoch 30:  57%|█████▋    | 4/7 [00:03<00:02,  1.06it/s, v_num=dlg7, train_loss_step=0.440, val_loss=0.574, train_loss_epoch=0.445]WARNING: vision_encoder.blocks.2.1.spatial_block.conv1.fn.dw.weight has NO gradient.
Epoch 30:  71%|███████▏  | 5/7 [00:04<00:01,  1.09it/s, v_num=dlg7, train_loss_step=0.440, val_loss=0.574, train_loss_epoch=0.445]Epoch 30:  71%|███████▏  | 5/7 [00:04<00:01,  1.09it/s, v_num=dlg7, train_loss_step=0.340, val_loss=0.574, train_loss_epoch=0.445]WARNING: vision_encoder.blocks.2.1.spatial_block.conv1.fn.dw.weight has NO gradient.
Epoch 30:  86%|████████▌ | 6/7 [00:05<00:00,  1.11it/s, v_num=dlg7, train_loss_step=0.340, val_loss=0.574, train_loss_epoch=0.445]Epoch 30:  86%|████████▌ | 6/7 [00:05<00:00,  1.11it/s, v_num=dlg7, train_loss_step=0.418, val_loss=0.574, train_loss_epoch=0.445]WARNING: vision_encoder.blocks.2.1.spatial_block.conv1.fn.dw.weight has NO gradient.
Epoch 30: 100%|██████████| 7/7 [00:05<00:00,  1.17it/s, v_num=dlg7, train_loss_step=0.418, val_loss=0.574, train_loss_epoch=0.445]Epoch 30: 100%|██████████| 7/7 [00:05<00:00,  1.17it/s, v_num=dlg7, train_loss_step=0.372, val_loss=0.574, train_loss_epoch=0.445]
Validation: |          | 0/? [00:00<?, ?it/s][A
Validation:   0%|          | 0/4 [00:00<?, ?it/s][A
Validation DataLoader 0:   0%|          | 0/4 [00:00<?, ?it/s][Atensor(0.8914, device='cuda:0')
tensor(-0.4221, device='cuda:0')

Validation DataLoader 0:  25%|██▌       | 1/4 [00:00<00:02,  1.24it/s][Atensor(0.6078, device='cuda:0')
tensor(-0.3039, device='cuda:0')

Validation DataLoader 0:  50%|█████     | 2/4 [00:01<00:01,  1.22it/s][Atensor(0.9690, device='cuda:0')
tensor(-0.3318, device='cuda:0')

Validation DataLoader 0:  75%|███████▌  | 3/4 [00:02<00:00,  1.22it/s][Atensor(0.5766, device='cuda:0')
tensor(-0.3192, device='cuda:0')

Validation DataLoader 0: 100%|██████████| 4/4 [00:02<00:00,  1.44it/s][A
==================================================
Stage: VAL
Predicted class distribution: 0s = 45, 1s = 62
Actual label distribution:    0s = 80, 1s = 27
Actual Imbalance Ratio (0:1): 2.96:1
==================================================
✅ Model is predicting both classes.

                                                                      [AEpoch 30: 100%|██████████| 7/7 [00:09<00:00,  0.73it/s, v_num=dlg7, train_loss_step=0.372, val_loss=0.570, train_loss_epoch=0.445]Epoch 30: 100%|██████████| 7/7 [00:09<00:00,  0.73it/s, v_num=dlg7, train_loss_step=0.372, val_loss=0.570, train_loss_epoch=0.414]Epoch 30:   0%|          | 0/7 [00:00<?, ?it/s, v_num=dlg7, train_loss_step=0.372, val_loss=0.570, train_loss_epoch=0.414]        Epoch 31:   0%|          | 0/7 [00:00<?, ?it/s, v_num=dlg7, train_loss_step=0.372, val_loss=0.570, train_loss_epoch=0.414]WARNING: vision_encoder.blocks.2.1.spatial_block.conv1.fn.dw.weight has NO gradient.
Epoch 31:  14%|█▍        | 1/7 [00:01<00:07,  0.79it/s, v_num=dlg7, train_loss_step=0.372, val_loss=0.570, train_loss_epoch=0.414]Epoch 31:  14%|█▍        | 1/7 [00:01<00:07,  0.79it/s, v_num=dlg7, train_loss_step=0.334, val_loss=0.570, train_loss_epoch=0.414]WARNING: vision_encoder.blocks.2.1.spatial_block.conv1.fn.dw.weight has NO gradient.
Epoch 31:  29%|██▊       | 2/7 [00:02<00:05,  0.95it/s, v_num=dlg7, train_loss_step=0.334, val_loss=0.570, train_loss_epoch=0.414]Epoch 31:  29%|██▊       | 2/7 [00:02<00:05,  0.95it/s, v_num=dlg7, train_loss_step=0.416, val_loss=0.570, train_loss_epoch=0.414]WARNING: vision_encoder.blocks.2.1.spatial_block.conv1.fn.dw.weight has NO gradient.
Epoch 31:  43%|████▎     | 3/7 [00:02<00:03,  1.02it/s, v_num=dlg7, train_loss_step=0.416, val_loss=0.570, train_loss_epoch=0.414]Epoch 31:  43%|████▎     | 3/7 [00:02<00:03,  1.02it/s, v_num=dlg7, train_loss_step=0.354, val_loss=0.570, train_loss_epoch=0.414]WARNING: vision_encoder.blocks.2.1.spatial_block.conv1.fn.dw.weight has NO gradient.
Epoch 31:  57%|█████▋    | 4/7 [00:03<00:02,  1.06it/s, v_num=dlg7, train_loss_step=0.354, val_loss=0.570, train_loss_epoch=0.414]Epoch 31:  57%|█████▋    | 4/7 [00:03<00:02,  1.06it/s, v_num=dlg7, train_loss_step=0.459, val_loss=0.570, train_loss_epoch=0.414]WARNING: vision_encoder.blocks.2.1.spatial_block.conv1.fn.dw.weight has NO gradient.
Epoch 31:  71%|███████▏  | 5/7 [00:04<00:01,  1.09it/s, v_num=dlg7, train_loss_step=0.459, val_loss=0.570, train_loss_epoch=0.414]Epoch 31:  71%|███████▏  | 5/7 [00:04<00:01,  1.09it/s, v_num=dlg7, train_loss_step=0.401, val_loss=0.570, train_loss_epoch=0.414]WARNING: vision_encoder.blocks.2.1.spatial_block.conv1.fn.dw.weight has NO gradient.
Epoch 31:  86%|████████▌ | 6/7 [00:05<00:00,  1.10it/s, v_num=dlg7, train_loss_step=0.401, val_loss=0.570, train_loss_epoch=0.414]Epoch 31:  86%|████████▌ | 6/7 [00:05<00:00,  1.10it/s, v_num=dlg7, train_loss_step=0.488, val_loss=0.570, train_loss_epoch=0.414]WARNING: vision_encoder.blocks.2.1.spatial_block.conv1.fn.dw.weight has NO gradient.
Epoch 31: 100%|██████████| 7/7 [00:05<00:00,  1.17it/s, v_num=dlg7, train_loss_step=0.488, val_loss=0.570, train_loss_epoch=0.414]Epoch 31: 100%|██████████| 7/7 [00:05<00:00,  1.17it/s, v_num=dlg7, train_loss_step=0.277, val_loss=0.570, train_loss_epoch=0.414]
Validation: |          | 0/? [00:00<?, ?it/s][A
Validation:   0%|          | 0/4 [00:00<?, ?it/s][A
Validation DataLoader 0:   0%|          | 0/4 [00:00<?, ?it/s][Atensor(0.9453, device='cuda:0')
tensor(-0.4767, device='cuda:0')

Validation DataLoader 0:  25%|██▌       | 1/4 [00:00<00:02,  1.24it/s][Atensor(0.6444, device='cuda:0')
tensor(-0.3389, device='cuda:0')

Validation DataLoader 0:  50%|█████     | 2/4 [00:01<00:01,  1.23it/s][Atensor(1.0460, device='cuda:0')
tensor(-0.3432, device='cuda:0')

Validation DataLoader 0:  75%|███████▌  | 3/4 [00:02<00:00,  1.22it/s][Atensor(0.5878, device='cuda:0')
tensor(-0.3575, device='cuda:0')

Validation DataLoader 0: 100%|██████████| 4/4 [00:02<00:00,  1.45it/s][A
==================================================
Stage: VAL
Predicted class distribution: 0s = 49, 1s = 58
Actual label distribution:    0s = 80, 1s = 27
Actual Imbalance Ratio (0:1): 2.96:1
==================================================
✅ Model is predicting both classes.

                                                                      [AEpoch 31: 100%|██████████| 7/7 [00:09<00:00,  0.76it/s, v_num=dlg7, train_loss_step=0.277, val_loss=0.555, train_loss_epoch=0.414]Epoch 31: 100%|██████████| 7/7 [00:09<00:00,  0.76it/s, v_num=dlg7, train_loss_step=0.277, val_loss=0.555, train_loss_epoch=0.396]Epoch 31:   0%|          | 0/7 [00:00<?, ?it/s, v_num=dlg7, train_loss_step=0.277, val_loss=0.555, train_loss_epoch=0.396]        Epoch 32:   0%|          | 0/7 [00:00<?, ?it/s, v_num=dlg7, train_loss_step=0.277, val_loss=0.555, train_loss_epoch=0.396]WARNING: vision_encoder.blocks.2.1.spatial_block.conv1.fn.dw.weight has NO gradient.
Epoch 32:  14%|█▍        | 1/7 [00:01<00:07,  0.80it/s, v_num=dlg7, train_loss_step=0.277, val_loss=0.555, train_loss_epoch=0.396]Epoch 32:  14%|█▍        | 1/7 [00:01<00:07,  0.80it/s, v_num=dlg7, train_loss_step=0.327, val_loss=0.555, train_loss_epoch=0.396]WARNING: vision_encoder.blocks.2.1.spatial_block.conv1.fn.dw.weight has NO gradient.
Epoch 32:  29%|██▊       | 2/7 [00:02<00:05,  0.96it/s, v_num=dlg7, train_loss_step=0.327, val_loss=0.555, train_loss_epoch=0.396]Epoch 32:  29%|██▊       | 2/7 [00:02<00:05,  0.96it/s, v_num=dlg7, train_loss_step=0.293, val_loss=0.555, train_loss_epoch=0.396]WARNING: vision_encoder.blocks.2.1.spatial_block.conv1.fn.dw.weight has NO gradient.
Epoch 32:  43%|████▎     | 3/7 [00:02<00:03,  1.03it/s, v_num=dlg7, train_loss_step=0.293, val_loss=0.555, train_loss_epoch=0.396]Epoch 32:  43%|████▎     | 3/7 [00:02<00:03,  1.03it/s, v_num=dlg7, train_loss_step=0.376, val_loss=0.555, train_loss_epoch=0.396]WARNING: vision_encoder.blocks.2.1.spatial_block.conv1.fn.dw.weight has NO gradient.
Epoch 32:  57%|█████▋    | 4/7 [00:03<00:02,  1.07it/s, v_num=dlg7, train_loss_step=0.376, val_loss=0.555, train_loss_epoch=0.396]Epoch 32:  57%|█████▋    | 4/7 [00:03<00:02,  1.07it/s, v_num=dlg7, train_loss_step=0.229, val_loss=0.555, train_loss_epoch=0.396]WARNING: vision_encoder.blocks.2.1.spatial_block.conv1.fn.dw.weight has NO gradient.
Epoch 32:  71%|███████▏  | 5/7 [00:04<00:01,  1.09it/s, v_num=dlg7, train_loss_step=0.229, val_loss=0.555, train_loss_epoch=0.396]Epoch 32:  71%|███████▏  | 5/7 [00:04<00:01,  1.09it/s, v_num=dlg7, train_loss_step=0.390, val_loss=0.555, train_loss_epoch=0.396]WARNING: vision_encoder.blocks.2.1.spatial_block.conv1.fn.dw.weight has NO gradient.
Epoch 32:  86%|████████▌ | 6/7 [00:05<00:00,  1.11it/s, v_num=dlg7, train_loss_step=0.390, val_loss=0.555, train_loss_epoch=0.396]Epoch 32:  86%|████████▌ | 6/7 [00:05<00:00,  1.11it/s, v_num=dlg7, train_loss_step=0.482, val_loss=0.555, train_loss_epoch=0.396]WARNING: vision_encoder.blocks.2.1.spatial_block.conv1.fn.dw.weight has NO gradient.
Epoch 32: 100%|██████████| 7/7 [00:05<00:00,  1.17it/s, v_num=dlg7, train_loss_step=0.482, val_loss=0.555, train_loss_epoch=0.396]Epoch 32: 100%|██████████| 7/7 [00:05<00:00,  1.17it/s, v_num=dlg7, train_loss_step=0.358, val_loss=0.555, train_loss_epoch=0.396]
Validation: |          | 0/? [00:00<?, ?it/s][A
Validation:   0%|          | 0/4 [00:00<?, ?it/s][A
Validation DataLoader 0:   0%|          | 0/4 [00:00<?, ?it/s][Atensor(1.0222, device='cuda:0')
tensor(-0.5164, device='cuda:0')

Validation DataLoader 0:  25%|██▌       | 1/4 [00:00<00:02,  1.24it/s][Atensor(0.7111, device='cuda:0')
tensor(-0.3879, device='cuda:0')

Validation DataLoader 0:  50%|█████     | 2/4 [00:01<00:01,  1.22it/s][Atensor(1.1401, device='cuda:0')
tensor(-0.3644, device='cuda:0')

Validation DataLoader 0:  75%|███████▌  | 3/4 [00:02<00:00,  1.22it/s][Atensor(0.6107, device='cuda:0')
tensor(-0.4009, device='cuda:0')

Validation DataLoader 0: 100%|██████████| 4/4 [00:02<00:00,  1.45it/s][A
==================================================
Stage: VAL
Predicted class distribution: 0s = 48, 1s = 59
Actual label distribution:    0s = 80, 1s = 27
Actual Imbalance Ratio (0:1): 2.96:1
==================================================
✅ Model is predicting both classes.

                                                                      [AEpoch 32: 100%|██████████| 7/7 [00:09<00:00,  0.76it/s, v_num=dlg7, train_loss_step=0.358, val_loss=0.550, train_loss_epoch=0.396]Epoch 32: 100%|██████████| 7/7 [00:09<00:00,  0.76it/s, v_num=dlg7, train_loss_step=0.358, val_loss=0.550, train_loss_epoch=0.350]Epoch 32:   0%|          | 0/7 [00:00<?, ?it/s, v_num=dlg7, train_loss_step=0.358, val_loss=0.550, train_loss_epoch=0.350]        Epoch 33:   0%|          | 0/7 [00:00<?, ?it/s, v_num=dlg7, train_loss_step=0.358, val_loss=0.550, train_loss_epoch=0.350]WARNING: vision_encoder.blocks.2.1.spatial_block.conv1.fn.dw.weight has NO gradient.
Epoch 33:  14%|█▍        | 1/7 [00:01<00:07,  0.80it/s, v_num=dlg7, train_loss_step=0.358, val_loss=0.550, train_loss_epoch=0.350]Epoch 33:  14%|█▍        | 1/7 [00:01<00:07,  0.80it/s, v_num=dlg7, train_loss_step=0.354, val_loss=0.550, train_loss_epoch=0.350]WARNING: vision_encoder.blocks.2.1.spatial_block.conv1.fn.dw.weight has NO gradient.
Epoch 33:  29%|██▊       | 2/7 [00:02<00:05,  0.96it/s, v_num=dlg7, train_loss_step=0.354, val_loss=0.550, train_loss_epoch=0.350]Epoch 33:  29%|██▊       | 2/7 [00:02<00:05,  0.96it/s, v_num=dlg7, train_loss_step=0.299, val_loss=0.550, train_loss_epoch=0.350]WARNING: vision_encoder.blocks.2.1.spatial_block.conv1.fn.dw.weight has NO gradient.
Epoch 33:  43%|████▎     | 3/7 [00:02<00:03,  1.03it/s, v_num=dlg7, train_loss_step=0.299, val_loss=0.550, train_loss_epoch=0.350]Epoch 33:  43%|████▎     | 3/7 [00:02<00:03,  1.03it/s, v_num=dlg7, train_loss_step=0.313, val_loss=0.550, train_loss_epoch=0.350]WARNING: vision_encoder.blocks.2.1.spatial_block.conv1.fn.dw.weight has NO gradient.
Epoch 33:  57%|█████▋    | 4/7 [00:03<00:02,  1.07it/s, v_num=dlg7, train_loss_step=0.313, val_loss=0.550, train_loss_epoch=0.350]Epoch 33:  57%|█████▋    | 4/7 [00:03<00:02,  1.07it/s, v_num=dlg7, train_loss_step=0.534, val_loss=0.550, train_loss_epoch=0.350]WARNING: vision_encoder.blocks.2.1.spatial_block.conv1.fn.dw.weight has NO gradient.
Epoch 33:  71%|███████▏  | 5/7 [00:04<00:01,  1.10it/s, v_num=dlg7, train_loss_step=0.534, val_loss=0.550, train_loss_epoch=0.350]Epoch 33:  71%|███████▏  | 5/7 [00:04<00:01,  1.10it/s, v_num=dlg7, train_loss_step=0.354, val_loss=0.550, train_loss_epoch=0.350]WARNING: vision_encoder.blocks.2.1.spatial_block.conv1.fn.dw.weight has NO gradient.
Epoch 33:  86%|████████▌ | 6/7 [00:05<00:00,  1.11it/s, v_num=dlg7, train_loss_step=0.354, val_loss=0.550, train_loss_epoch=0.350]Epoch 33:  86%|████████▌ | 6/7 [00:05<00:00,  1.11it/s, v_num=dlg7, train_loss_step=0.443, val_loss=0.550, train_loss_epoch=0.350]WARNING: vision_encoder.blocks.2.1.spatial_block.conv1.fn.dw.weight has NO gradient.
Epoch 33: 100%|██████████| 7/7 [00:05<00:00,  1.18it/s, v_num=dlg7, train_loss_step=0.443, val_loss=0.550, train_loss_epoch=0.350]Epoch 33: 100%|██████████| 7/7 [00:05<00:00,  1.18it/s, v_num=dlg7, train_loss_step=0.295, val_loss=0.550, train_loss_epoch=0.350]
Validation: |          | 0/? [00:00<?, ?it/s][A
Validation:   0%|          | 0/4 [00:00<?, ?it/s][A
Validation DataLoader 0:   0%|          | 0/4 [00:00<?, ?it/s][Atensor(1.0555, device='cuda:0')
tensor(-0.5024, device='cuda:0')

Validation DataLoader 0:  25%|██▌       | 1/4 [00:00<00:02,  1.24it/s][Atensor(0.7466, device='cuda:0')
tensor(-0.4521, device='cuda:0')

Validation DataLoader 0:  50%|█████     | 2/4 [00:01<00:01,  1.22it/s][Atensor(1.1927, device='cuda:0')
tensor(-0.3459, device='cuda:0')

Validation DataLoader 0:  75%|███████▌  | 3/4 [00:02<00:00,  1.22it/s][Atensor(0.6162, device='cuda:0')
tensor(-0.4176, device='cuda:0')

Validation DataLoader 0: 100%|██████████| 4/4 [00:02<00:00,  1.45it/s][A
==================================================
Stage: VAL
Predicted class distribution: 0s = 47, 1s = 60
Actual label distribution:    0s = 80, 1s = 27
Actual Imbalance Ratio (0:1): 2.96:1
==================================================
✅ Model is predicting both classes.

                                                                      [AEpoch 33: 100%|██████████| 7/7 [00:09<00:00,  0.77it/s, v_num=dlg7, train_loss_step=0.295, val_loss=0.551, train_loss_epoch=0.350]Epoch 33: 100%|██████████| 7/7 [00:09<00:00,  0.77it/s, v_num=dlg7, train_loss_step=0.295, val_loss=0.551, train_loss_epoch=0.374]Epoch 33:   0%|          | 0/7 [00:00<?, ?it/s, v_num=dlg7, train_loss_step=0.295, val_loss=0.551, train_loss_epoch=0.374]        Epoch 34:   0%|          | 0/7 [00:00<?, ?it/s, v_num=dlg7, train_loss_step=0.295, val_loss=0.551, train_loss_epoch=0.374]WARNING: vision_encoder.blocks.2.1.spatial_block.conv1.fn.dw.weight has NO gradient.
Epoch 34:  14%|█▍        | 1/7 [00:01<00:07,  0.82it/s, v_num=dlg7, train_loss_step=0.295, val_loss=0.551, train_loss_epoch=0.374]Epoch 34:  14%|█▍        | 1/7 [00:01<00:07,  0.82it/s, v_num=dlg7, train_loss_step=0.465, val_loss=0.551, train_loss_epoch=0.374]WARNING: vision_encoder.blocks.2.1.spatial_block.conv1.fn.dw.weight has NO gradient.
Epoch 34:  29%|██▊       | 2/7 [00:02<00:05,  0.97it/s, v_num=dlg7, train_loss_step=0.465, val_loss=0.551, train_loss_epoch=0.374]Epoch 34:  29%|██▊       | 2/7 [00:02<00:05,  0.97it/s, v_num=dlg7, train_loss_step=0.414, val_loss=0.551, train_loss_epoch=0.374]WARNING: vision_encoder.blocks.2.1.spatial_block.conv1.fn.dw.weight has NO gradient.
Epoch 34:  43%|████▎     | 3/7 [00:02<00:03,  1.04it/s, v_num=dlg7, train_loss_step=0.414, val_loss=0.551, train_loss_epoch=0.374]Epoch 34:  43%|████▎     | 3/7 [00:02<00:03,  1.04it/s, v_num=dlg7, train_loss_step=0.404, val_loss=0.551, train_loss_epoch=0.374]WARNING: vision_encoder.blocks.2.1.spatial_block.conv1.fn.dw.weight has NO gradient.
Epoch 34:  57%|█████▋    | 4/7 [00:03<00:02,  1.08it/s, v_num=dlg7, train_loss_step=0.404, val_loss=0.551, train_loss_epoch=0.374]Epoch 34:  57%|█████▋    | 4/7 [00:03<00:02,  1.08it/s, v_num=dlg7, train_loss_step=0.574, val_loss=0.551, train_loss_epoch=0.374]WARNING: vision_encoder.blocks.2.1.spatial_block.conv1.fn.dw.weight has NO gradient.
Epoch 34:  71%|███████▏  | 5/7 [00:04<00:01,  1.10it/s, v_num=dlg7, train_loss_step=0.574, val_loss=0.551, train_loss_epoch=0.374]Epoch 34:  71%|███████▏  | 5/7 [00:04<00:01,  1.10it/s, v_num=dlg7, train_loss_step=0.297, val_loss=0.551, train_loss_epoch=0.374]WARNING: vision_encoder.blocks.2.1.spatial_block.conv1.fn.dw.weight has NO gradient.
Epoch 34:  86%|████████▌ | 6/7 [00:05<00:00,  1.11it/s, v_num=dlg7, train_loss_step=0.297, val_loss=0.551, train_loss_epoch=0.374]Epoch 34:  86%|████████▌ | 6/7 [00:05<00:00,  1.11it/s, v_num=dlg7, train_loss_step=0.367, val_loss=0.551, train_loss_epoch=0.374]WARNING: vision_encoder.blocks.2.1.spatial_block.conv1.fn.dw.weight has NO gradient.
Epoch 34: 100%|██████████| 7/7 [00:05<00:00,  1.18it/s, v_num=dlg7, train_loss_step=0.367, val_loss=0.551, train_loss_epoch=0.374]Epoch 34: 100%|██████████| 7/7 [00:05<00:00,  1.18it/s, v_num=dlg7, train_loss_step=0.441, val_loss=0.551, train_loss_epoch=0.374]
Validation: |          | 0/? [00:00<?, ?it/s][A
Validation:   0%|          | 0/4 [00:00<?, ?it/s][A
Validation DataLoader 0:   0%|          | 0/4 [00:00<?, ?it/s][Atensor(1.0423, device='cuda:0')
tensor(-0.4702, device='cuda:0')

Validation DataLoader 0:  25%|██▌       | 1/4 [00:00<00:02,  1.24it/s][Atensor(0.7392, device='cuda:0')
tensor(-0.4164, device='cuda:0')

Validation DataLoader 0:  50%|█████     | 2/4 [00:01<00:01,  1.22it/s][Atensor(1.1885, device='cuda:0')
tensor(-0.3017, device='cuda:0')

Validation DataLoader 0:  75%|███████▌  | 3/4 [00:02<00:00,  1.22it/s][Atensor(0.6157, device='cuda:0')
tensor(-0.3842, device='cuda:0')

Validation DataLoader 0: 100%|██████████| 4/4 [00:02<00:00,  1.44it/s][A
==================================================
Stage: VAL
Predicted class distribution: 0s = 50, 1s = 57
Actual label distribution:    0s = 80, 1s = 27
Actual Imbalance Ratio (0:1): 2.96:1
==================================================
✅ Model is predicting both classes.

                                                                      [AEpoch 34: 100%|██████████| 7/7 [00:09<00:00,  0.76it/s, v_num=dlg7, train_loss_step=0.441, val_loss=0.546, train_loss_epoch=0.374]Epoch 34: 100%|██████████| 7/7 [00:09<00:00,  0.76it/s, v_num=dlg7, train_loss_step=0.441, val_loss=0.546, train_loss_epoch=0.422]Epoch 34:   0%|          | 0/7 [00:00<?, ?it/s, v_num=dlg7, train_loss_step=0.441, val_loss=0.546, train_loss_epoch=0.422]        Epoch 35:   0%|          | 0/7 [00:00<?, ?it/s, v_num=dlg7, train_loss_step=0.441, val_loss=0.546, train_loss_epoch=0.422]WARNING: vision_encoder.blocks.2.1.spatial_block.conv1.fn.dw.weight has NO gradient.
Epoch 35:  14%|█▍        | 1/7 [00:01<00:08,  0.74it/s, v_num=dlg7, train_loss_step=0.441, val_loss=0.546, train_loss_epoch=0.422]Epoch 35:  14%|█▍        | 1/7 [00:01<00:08,  0.74it/s, v_num=dlg7, train_loss_step=0.260, val_loss=0.546, train_loss_epoch=0.422]WARNING: vision_encoder.blocks.2.1.spatial_block.conv1.fn.dw.weight has NO gradient.
Epoch 35:  29%|██▊       | 2/7 [00:02<00:05,  0.92it/s, v_num=dlg7, train_loss_step=0.260, val_loss=0.546, train_loss_epoch=0.422]Epoch 35:  29%|██▊       | 2/7 [00:02<00:05,  0.92it/s, v_num=dlg7, train_loss_step=0.323, val_loss=0.546, train_loss_epoch=0.422]WARNING: vision_encoder.blocks.2.1.spatial_block.conv1.fn.dw.weight has NO gradient.
Epoch 35:  43%|████▎     | 3/7 [00:03<00:04,  1.00it/s, v_num=dlg7, train_loss_step=0.323, val_loss=0.546, train_loss_epoch=0.422]Epoch 35:  43%|████▎     | 3/7 [00:03<00:04,  1.00it/s, v_num=dlg7, train_loss_step=0.322, val_loss=0.546, train_loss_epoch=0.422]WARNING: vision_encoder.blocks.2.1.spatial_block.conv1.fn.dw.weight has NO gradient.
Epoch 35:  57%|█████▋    | 4/7 [00:03<00:02,  1.04it/s, v_num=dlg7, train_loss_step=0.322, val_loss=0.546, train_loss_epoch=0.422]Epoch 35:  57%|█████▋    | 4/7 [00:03<00:02,  1.04it/s, v_num=dlg7, train_loss_step=0.500, val_loss=0.546, train_loss_epoch=0.422]WARNING: vision_encoder.blocks.2.1.spatial_block.conv1.fn.dw.weight has NO gradient.
Epoch 35:  71%|███████▏  | 5/7 [00:04<00:01,  1.07it/s, v_num=dlg7, train_loss_step=0.500, val_loss=0.546, train_loss_epoch=0.422]Epoch 35:  71%|███████▏  | 5/7 [00:04<00:01,  1.07it/s, v_num=dlg7, train_loss_step=0.350, val_loss=0.546, train_loss_epoch=0.422]WARNING: vision_encoder.blocks.2.1.spatial_block.conv1.fn.dw.weight has NO gradient.
Epoch 35:  86%|████████▌ | 6/7 [00:05<00:00,  1.09it/s, v_num=dlg7, train_loss_step=0.350, val_loss=0.546, train_loss_epoch=0.422]Epoch 35:  86%|████████▌ | 6/7 [00:05<00:00,  1.09it/s, v_num=dlg7, train_loss_step=0.383, val_loss=0.546, train_loss_epoch=0.422]WARNING: vision_encoder.blocks.2.1.spatial_block.conv1.fn.dw.weight has NO gradient.
Epoch 35: 100%|██████████| 7/7 [00:06<00:00,  1.16it/s, v_num=dlg7, train_loss_step=0.383, val_loss=0.546, train_loss_epoch=0.422]Epoch 35: 100%|██████████| 7/7 [00:06<00:00,  1.16it/s, v_num=dlg7, train_loss_step=0.387, val_loss=0.546, train_loss_epoch=0.422]
Validation: |          | 0/? [00:00<?, ?it/s][A
Validation:   0%|          | 0/4 [00:00<?, ?it/s][A
Validation DataLoader 0:   0%|          | 0/4 [00:00<?, ?it/s][Atensor(1.0589, device='cuda:0')
tensor(-0.4675, device='cuda:0')

Validation DataLoader 0:  25%|██▌       | 1/4 [00:00<00:02,  1.24it/s][Atensor(0.7446, device='cuda:0')
tensor(-0.3910, device='cuda:0')

Validation DataLoader 0:  50%|█████     | 2/4 [00:01<00:01,  1.23it/s][Atensor(1.1953, device='cuda:0')
tensor(-0.3230, device='cuda:0')

Validation DataLoader 0:  75%|███████▌  | 3/4 [00:02<00:00,  1.22it/s][Atensor(0.6515, device='cuda:0')
tensor(-0.3520, device='cuda:0')

Validation DataLoader 0: 100%|██████████| 4/4 [00:02<00:00,  1.45it/s][A
==================================================
Stage: VAL
Predicted class distribution: 0s = 53, 1s = 54
Actual label distribution:    0s = 80, 1s = 27
Actual Imbalance Ratio (0:1): 2.96:1
==================================================
✅ Model is predicting both classes.

                                                                      [AEpoch 35: 100%|██████████| 7/7 [00:09<00:00,  0.73it/s, v_num=dlg7, train_loss_step=0.387, val_loss=0.540, train_loss_epoch=0.422]Epoch 35: 100%|██████████| 7/7 [00:09<00:00,  0.73it/s, v_num=dlg7, train_loss_step=0.387, val_loss=0.540, train_loss_epoch=0.359]Epoch 35:   0%|          | 0/7 [00:00<?, ?it/s, v_num=dlg7, train_loss_step=0.387, val_loss=0.540, train_loss_epoch=0.359]        Epoch 36:   0%|          | 0/7 [00:00<?, ?it/s, v_num=dlg7, train_loss_step=0.387, val_loss=0.540, train_loss_epoch=0.359]WARNING: vision_encoder.blocks.2.1.spatial_block.conv1.fn.dw.weight has NO gradient.
Epoch 36:  14%|█▍        | 1/7 [00:01<00:07,  0.83it/s, v_num=dlg7, train_loss_step=0.387, val_loss=0.540, train_loss_epoch=0.359]Epoch 36:  14%|█▍        | 1/7 [00:01<00:07,  0.83it/s, v_num=dlg7, train_loss_step=0.322, val_loss=0.540, train_loss_epoch=0.359]WARNING: vision_encoder.blocks.2.1.spatial_block.conv1.fn.dw.weight has NO gradient.
Epoch 36:  29%|██▊       | 2/7 [00:02<00:05,  0.98it/s, v_num=dlg7, train_loss_step=0.322, val_loss=0.540, train_loss_epoch=0.359]Epoch 36:  29%|██▊       | 2/7 [00:02<00:05,  0.98it/s, v_num=dlg7, train_loss_step=0.404, val_loss=0.540, train_loss_epoch=0.359]WARNING: vision_encoder.blocks.2.1.spatial_block.conv1.fn.dw.weight has NO gradient.
Epoch 36:  43%|████▎     | 3/7 [00:02<00:03,  1.05it/s, v_num=dlg7, train_loss_step=0.404, val_loss=0.540, train_loss_epoch=0.359]Epoch 36:  43%|████▎     | 3/7 [00:02<00:03,  1.05it/s, v_num=dlg7, train_loss_step=0.276, val_loss=0.540, train_loss_epoch=0.359]WARNING: vision_encoder.blocks.2.1.spatial_block.conv1.fn.dw.weight has NO gradient.
Epoch 36:  57%|█████▋    | 4/7 [00:03<00:02,  1.08it/s, v_num=dlg7, train_loss_step=0.276, val_loss=0.540, train_loss_epoch=0.359]Epoch 36:  57%|█████▋    | 4/7 [00:03<00:02,  1.08it/s, v_num=dlg7, train_loss_step=0.264, val_loss=0.540, train_loss_epoch=0.359]WARNING: vision_encoder.blocks.2.1.spatial_block.conv1.fn.dw.weight has NO gradient.
Epoch 36:  71%|███████▏  | 5/7 [00:04<00:01,  1.10it/s, v_num=dlg7, train_loss_step=0.264, val_loss=0.540, train_loss_epoch=0.359]Epoch 36:  71%|███████▏  | 5/7 [00:04<00:01,  1.10it/s, v_num=dlg7, train_loss_step=0.285, val_loss=0.540, train_loss_epoch=0.359]WARNING: vision_encoder.blocks.2.1.spatial_block.conv1.fn.dw.weight has NO gradient.
Epoch 36:  86%|████████▌ | 6/7 [00:05<00:00,  1.12it/s, v_num=dlg7, train_loss_step=0.285, val_loss=0.540, train_loss_epoch=0.359]Epoch 36:  86%|████████▌ | 6/7 [00:05<00:00,  1.12it/s, v_num=dlg7, train_loss_step=0.423, val_loss=0.540, train_loss_epoch=0.359]WARNING: vision_encoder.blocks.2.1.spatial_block.conv1.fn.dw.weight has NO gradient.
Epoch 36: 100%|██████████| 7/7 [00:05<00:00,  1.18it/s, v_num=dlg7, train_loss_step=0.423, val_loss=0.540, train_loss_epoch=0.359]Epoch 36: 100%|██████████| 7/7 [00:05<00:00,  1.18it/s, v_num=dlg7, train_loss_step=0.159, val_loss=0.540, train_loss_epoch=0.359]
Validation: |          | 0/? [00:00<?, ?it/s][A
Validation:   0%|          | 0/4 [00:00<?, ?it/s][A
Validation DataLoader 0:   0%|          | 0/4 [00:00<?, ?it/s][Atensor(1.0606, device='cuda:0')
tensor(-0.5078, device='cuda:0')

Validation DataLoader 0:  25%|██▌       | 1/4 [00:00<00:02,  1.24it/s][Atensor(0.7363, device='cuda:0')
tensor(-0.4143, device='cuda:0')

Validation DataLoader 0:  50%|█████     | 2/4 [00:01<00:01,  1.23it/s][Atensor(1.2146, device='cuda:0')
tensor(-0.3909, device='cuda:0')

Validation DataLoader 0:  75%|███████▌  | 3/4 [00:02<00:00,  1.22it/s][Atensor(0.7097, device='cuda:0')
tensor(-0.3802, device='cuda:0')

Validation DataLoader 0: 100%|██████████| 4/4 [00:02<00:00,  1.45it/s][A
==================================================
Stage: VAL
Predicted class distribution: 0s = 55, 1s = 52
Actual label distribution:    0s = 80, 1s = 27
Actual Imbalance Ratio (0:1): 2.96:1
==================================================
✅ Model is predicting both classes.

                                                                      [AEpoch 36: 100%|██████████| 7/7 [00:09<00:00,  0.77it/s, v_num=dlg7, train_loss_step=0.159, val_loss=0.535, train_loss_epoch=0.359]Epoch 36: 100%|██████████| 7/7 [00:09<00:00,  0.77it/s, v_num=dlg7, train_loss_step=0.159, val_loss=0.535, train_loss_epoch=0.312]Epoch 36:   0%|          | 0/7 [00:00<?, ?it/s, v_num=dlg7, train_loss_step=0.159, val_loss=0.535, train_loss_epoch=0.312]        Epoch 37:   0%|          | 0/7 [00:00<?, ?it/s, v_num=dlg7, train_loss_step=0.159, val_loss=0.535, train_loss_epoch=0.312]WARNING: vision_encoder.blocks.2.1.spatial_block.conv1.fn.dw.weight has NO gradient.
Epoch 37:  14%|█▍        | 1/7 [00:01<00:07,  0.83it/s, v_num=dlg7, train_loss_step=0.159, val_loss=0.535, train_loss_epoch=0.312]Epoch 37:  14%|█▍        | 1/7 [00:01<00:07,  0.83it/s, v_num=dlg7, train_loss_step=0.416, val_loss=0.535, train_loss_epoch=0.312]WARNING: vision_encoder.blocks.2.1.spatial_block.conv1.fn.dw.weight has NO gradient.
Epoch 37:  29%|██▊       | 2/7 [00:02<00:05,  0.98it/s, v_num=dlg7, train_loss_step=0.416, val_loss=0.535, train_loss_epoch=0.312]Epoch 37:  29%|██▊       | 2/7 [00:02<00:05,  0.98it/s, v_num=dlg7, train_loss_step=0.170, val_loss=0.535, train_loss_epoch=0.312]WARNING: vision_encoder.blocks.2.1.spatial_block.conv1.fn.dw.weight has NO gradient.
Epoch 37:  43%|████▎     | 3/7 [00:02<00:03,  1.05it/s, v_num=dlg7, train_loss_step=0.170, val_loss=0.535, train_loss_epoch=0.312]Epoch 37:  43%|████▎     | 3/7 [00:02<00:03,  1.05it/s, v_num=dlg7, train_loss_step=0.373, val_loss=0.535, train_loss_epoch=0.312]WARNING: vision_encoder.blocks.2.1.spatial_block.conv1.fn.dw.weight has NO gradient.
Epoch 37:  57%|█████▋    | 4/7 [00:03<00:02,  1.08it/s, v_num=dlg7, train_loss_step=0.373, val_loss=0.535, train_loss_epoch=0.312]Epoch 37:  57%|█████▋    | 4/7 [00:03<00:02,  1.08it/s, v_num=dlg7, train_loss_step=0.370, val_loss=0.535, train_loss_epoch=0.312]WARNING: vision_encoder.blocks.2.1.spatial_block.conv1.fn.dw.weight has NO gradient.
Epoch 37:  71%|███████▏  | 5/7 [00:04<00:01,  1.11it/s, v_num=dlg7, train_loss_step=0.370, val_loss=0.535, train_loss_epoch=0.312]Epoch 37:  71%|███████▏  | 5/7 [00:04<00:01,  1.11it/s, v_num=dlg7, train_loss_step=0.369, val_loss=0.535, train_loss_epoch=0.312]WARNING: vision_encoder.blocks.2.1.spatial_block.conv1.fn.dw.weight has NO gradient.
Epoch 37:  86%|████████▌ | 6/7 [00:05<00:00,  1.12it/s, v_num=dlg7, train_loss_step=0.369, val_loss=0.535, train_loss_epoch=0.312]Epoch 37:  86%|████████▌ | 6/7 [00:05<00:00,  1.12it/s, v_num=dlg7, train_loss_step=0.411, val_loss=0.535, train_loss_epoch=0.312]WARNING: vision_encoder.blocks.2.1.spatial_block.conv1.fn.dw.weight has NO gradient.
Epoch 37: 100%|██████████| 7/7 [00:05<00:00,  1.19it/s, v_num=dlg7, train_loss_step=0.411, val_loss=0.535, train_loss_epoch=0.312]Epoch 37: 100%|██████████| 7/7 [00:05<00:00,  1.19it/s, v_num=dlg7, train_loss_step=0.444, val_loss=0.535, train_loss_epoch=0.312]
Validation: |          | 0/? [00:00<?, ?it/s][A
Validation:   0%|          | 0/4 [00:00<?, ?it/s][A
Validation DataLoader 0:   0%|          | 0/4 [00:00<?, ?it/s][Atensor(1.0111, device='cuda:0')
tensor(-0.5395, device='cuda:0')

Validation DataLoader 0:  25%|██▌       | 1/4 [00:00<00:02,  1.24it/s][Atensor(0.7186, device='cuda:0')
tensor(-0.4572, device='cuda:0')

Validation DataLoader 0:  50%|█████     | 2/4 [00:01<00:01,  1.22it/s][Atensor(1.2231, device='cuda:0')
tensor(-0.4529, device='cuda:0')

Validation DataLoader 0:  75%|███████▌  | 3/4 [00:02<00:00,  1.22it/s][Atensor(0.7251, device='cuda:0')
tensor(-0.4329, device='cuda:0')

Validation DataLoader 0: 100%|██████████| 4/4 [00:02<00:00,  1.44it/s][A
==================================================
Stage: VAL
Predicted class distribution: 0s = 56, 1s = 51
Actual label distribution:    0s = 80, 1s = 27
Actual Imbalance Ratio (0:1): 2.96:1
==================================================
✅ Model is predicting both classes.

                                                                      [AEpoch 37: 100%|██████████| 7/7 [00:09<00:00,  0.77it/s, v_num=dlg7, train_loss_step=0.444, val_loss=0.539, train_loss_epoch=0.312]Epoch 37: 100%|██████████| 7/7 [00:09<00:00,  0.77it/s, v_num=dlg7, train_loss_step=0.444, val_loss=0.539, train_loss_epoch=0.361]Epoch 37:   0%|          | 0/7 [00:00<?, ?it/s, v_num=dlg7, train_loss_step=0.444, val_loss=0.539, train_loss_epoch=0.361]        Epoch 38:   0%|          | 0/7 [00:00<?, ?it/s, v_num=dlg7, train_loss_step=0.444, val_loss=0.539, train_loss_epoch=0.361]WARNING: vision_encoder.blocks.2.1.spatial_block.conv1.fn.dw.weight has NO gradient.
Epoch 38:  14%|█▍        | 1/7 [00:01<00:07,  0.84it/s, v_num=dlg7, train_loss_step=0.444, val_loss=0.539, train_loss_epoch=0.361]Epoch 38:  14%|█▍        | 1/7 [00:01<00:07,  0.84it/s, v_num=dlg7, train_loss_step=0.450, val_loss=0.539, train_loss_epoch=0.361]WARNING: vision_encoder.blocks.2.1.spatial_block.conv1.fn.dw.weight has NO gradient.
Epoch 38:  29%|██▊       | 2/7 [00:02<00:05,  0.99it/s, v_num=dlg7, train_loss_step=0.450, val_loss=0.539, train_loss_epoch=0.361]Epoch 38:  29%|██▊       | 2/7 [00:02<00:05,  0.99it/s, v_num=dlg7, train_loss_step=0.367, val_loss=0.539, train_loss_epoch=0.361]WARNING: vision_encoder.blocks.2.1.spatial_block.conv1.fn.dw.weight has NO gradient.
Epoch 38:  43%|████▎     | 3/7 [00:02<00:03,  1.05it/s, v_num=dlg7, train_loss_step=0.367, val_loss=0.539, train_loss_epoch=0.361]Epoch 38:  43%|████▎     | 3/7 [00:02<00:03,  1.05it/s, v_num=dlg7, train_loss_step=0.255, val_loss=0.539, train_loss_epoch=0.361]WARNING: vision_encoder.blocks.2.1.spatial_block.conv1.fn.dw.weight has NO gradient.
Epoch 38:  57%|█████▋    | 4/7 [00:03<00:02,  1.08it/s, v_num=dlg7, train_loss_step=0.255, val_loss=0.539, train_loss_epoch=0.361]Epoch 38:  57%|█████▋    | 4/7 [00:03<00:02,  1.08it/s, v_num=dlg7, train_loss_step=0.252, val_loss=0.539, train_loss_epoch=0.361]WARNING: vision_encoder.blocks.2.1.spatial_block.conv1.fn.dw.weight has NO gradient.
Epoch 38:  71%|███████▏  | 5/7 [00:04<00:01,  1.10it/s, v_num=dlg7, train_loss_step=0.252, val_loss=0.539, train_loss_epoch=0.361]Epoch 38:  71%|███████▏  | 5/7 [00:04<00:01,  1.10it/s, v_num=dlg7, train_loss_step=0.416, val_loss=0.539, train_loss_epoch=0.361]WARNING: vision_encoder.blocks.2.1.spatial_block.conv1.fn.dw.weight has NO gradient.
Epoch 38:  86%|████████▌ | 6/7 [00:05<00:00,  1.12it/s, v_num=dlg7, train_loss_step=0.416, val_loss=0.539, train_loss_epoch=0.361]Epoch 38:  86%|████████▌ | 6/7 [00:05<00:00,  1.12it/s, v_num=dlg7, train_loss_step=0.414, val_loss=0.539, train_loss_epoch=0.361]WARNING: vision_encoder.blocks.2.1.spatial_block.conv1.fn.dw.weight has NO gradient.
Epoch 38: 100%|██████████| 7/7 [00:05<00:00,  1.18it/s, v_num=dlg7, train_loss_step=0.414, val_loss=0.539, train_loss_epoch=0.361]Epoch 38: 100%|██████████| 7/7 [00:05<00:00,  1.18it/s, v_num=dlg7, train_loss_step=0.427, val_loss=0.539, train_loss_epoch=0.361]
Validation: |          | 0/? [00:00<?, ?it/s][A
Validation:   0%|          | 0/4 [00:00<?, ?it/s][A
Validation DataLoader 0:   0%|          | 0/4 [00:00<?, ?it/s][Atensor(0.9994, device='cuda:0')
tensor(-0.5151, device='cuda:0')

Validation DataLoader 0:  25%|██▌       | 1/4 [00:00<00:02,  1.24it/s][Atensor(0.7428, device='cuda:0')
tensor(-0.4476, device='cuda:0')

Validation DataLoader 0:  50%|█████     | 2/4 [00:01<00:01,  1.22it/s][Atensor(1.2303, device='cuda:0')
tensor(-0.4273, device='cuda:0')

Validation DataLoader 0:  75%|███████▌  | 3/4 [00:02<00:00,  1.22it/s][Atensor(0.7343, device='cuda:0')
tensor(-0.3901, device='cuda:0')

Validation DataLoader 0: 100%|██████████| 4/4 [00:02<00:00,  1.44it/s][A
==================================================
Stage: VAL
Predicted class distribution: 0s = 58, 1s = 49
Actual label distribution:    0s = 80, 1s = 27
Actual Imbalance Ratio (0:1): 2.96:1
==================================================
✅ Model is predicting both classes.

                                                                      [AEpoch 38: 100%|██████████| 7/7 [00:09<00:00,  0.77it/s, v_num=dlg7, train_loss_step=0.427, val_loss=0.531, train_loss_epoch=0.361]Epoch 38: 100%|██████████| 7/7 [00:09<00:00,  0.77it/s, v_num=dlg7, train_loss_step=0.427, val_loss=0.531, train_loss_epoch=0.366]Epoch 38:   0%|          | 0/7 [00:00<?, ?it/s, v_num=dlg7, train_loss_step=0.427, val_loss=0.531, train_loss_epoch=0.366]        Epoch 39:   0%|          | 0/7 [00:00<?, ?it/s, v_num=dlg7, train_loss_step=0.427, val_loss=0.531, train_loss_epoch=0.366]WARNING: vision_encoder.blocks.2.1.spatial_block.conv1.fn.dw.weight has NO gradient.
Epoch 39:  14%|█▍        | 1/7 [00:01<00:07,  0.82it/s, v_num=dlg7, train_loss_step=0.427, val_loss=0.531, train_loss_epoch=0.366]Epoch 39:  14%|█▍        | 1/7 [00:01<00:07,  0.82it/s, v_num=dlg7, train_loss_step=0.600, val_loss=0.531, train_loss_epoch=0.366]WARNING: vision_encoder.blocks.2.1.spatial_block.conv1.fn.dw.weight has NO gradient.
Epoch 39:  29%|██▊       | 2/7 [00:02<00:05,  0.97it/s, v_num=dlg7, train_loss_step=0.600, val_loss=0.531, train_loss_epoch=0.366]Epoch 39:  29%|██▊       | 2/7 [00:02<00:05,  0.97it/s, v_num=dlg7, train_loss_step=0.330, val_loss=0.531, train_loss_epoch=0.366]WARNING: vision_encoder.blocks.2.1.spatial_block.conv1.fn.dw.weight has NO gradient.
Epoch 39:  43%|████▎     | 3/7 [00:02<00:03,  1.04it/s, v_num=dlg7, train_loss_step=0.330, val_loss=0.531, train_loss_epoch=0.366]Epoch 39:  43%|████▎     | 3/7 [00:02<00:03,  1.04it/s, v_num=dlg7, train_loss_step=0.205, val_loss=0.531, train_loss_epoch=0.366]WARNING: vision_encoder.blocks.2.1.spatial_block.conv1.fn.dw.weight has NO gradient.
Epoch 39:  57%|█████▋    | 4/7 [00:03<00:02,  1.07it/s, v_num=dlg7, train_loss_step=0.205, val_loss=0.531, train_loss_epoch=0.366]Epoch 39:  57%|█████▋    | 4/7 [00:03<00:02,  1.07it/s, v_num=dlg7, train_loss_step=0.241, val_loss=0.531, train_loss_epoch=0.366]WARNING: vision_encoder.blocks.2.1.spatial_block.conv1.fn.dw.weight has NO gradient.
Epoch 39:  71%|███████▏  | 5/7 [00:04<00:01,  1.10it/s, v_num=dlg7, train_loss_step=0.241, val_loss=0.531, train_loss_epoch=0.366]Epoch 39:  71%|███████▏  | 5/7 [00:04<00:01,  1.10it/s, v_num=dlg7, train_loss_step=0.440, val_loss=0.531, train_loss_epoch=0.366]WARNING: vision_encoder.blocks.2.1.spatial_block.conv1.fn.dw.weight has NO gradient.
Epoch 39:  86%|████████▌ | 6/7 [00:05<00:00,  1.11it/s, v_num=dlg7, train_loss_step=0.440, val_loss=0.531, train_loss_epoch=0.366]Epoch 39:  86%|████████▌ | 6/7 [00:05<00:00,  1.11it/s, v_num=dlg7, train_loss_step=0.469, val_loss=0.531, train_loss_epoch=0.366]WARNING: vision_encoder.blocks.2.1.spatial_block.conv1.fn.dw.weight has NO gradient.
Epoch 39: 100%|██████████| 7/7 [00:05<00:00,  1.18it/s, v_num=dlg7, train_loss_step=0.469, val_loss=0.531, train_loss_epoch=0.366]Epoch 39: 100%|██████████| 7/7 [00:05<00:00,  1.18it/s, v_num=dlg7, train_loss_step=0.488, val_loss=0.531, train_loss_epoch=0.366]
Validation: |          | 0/? [00:00<?, ?it/s][A
Validation:   0%|          | 0/4 [00:00<?, ?it/s][A
Validation DataLoader 0:   0%|          | 0/4 [00:00<?, ?it/s][Atensor(1.0338, device='cuda:0')
tensor(-0.5691, device='cuda:0')

Validation DataLoader 0:  25%|██▌       | 1/4 [00:00<00:02,  1.24it/s][Atensor(0.7829, device='cuda:0')
tensor(-0.4917, device='cuda:0')

Validation DataLoader 0:  50%|█████     | 2/4 [00:01<00:01,  1.23it/s][Atensor(1.2849, device='cuda:0')
tensor(-0.4585, device='cuda:0')

Validation DataLoader 0:  75%|███████▌  | 3/4 [00:02<00:00,  1.22it/s][Atensor(0.7542, device='cuda:0')
tensor(-0.4277, device='cuda:0')

Validation DataLoader 0: 100%|██████████| 4/4 [00:02<00:00,  1.44it/s][A
==================================================
Stage: VAL
Predicted class distribution: 0s = 53, 1s = 54
Actual label distribution:    0s = 80, 1s = 27
Actual Imbalance Ratio (0:1): 2.96:1
==================================================
✅ Model is predicting both classes.

                                                                      [AEpoch 39: 100%|██████████| 7/7 [00:09<00:00,  0.76it/s, v_num=dlg7, train_loss_step=0.488, val_loss=0.530, train_loss_epoch=0.366]Epoch 39: 100%|██████████| 7/7 [00:09<00:00,  0.75it/s, v_num=dlg7, train_loss_step=0.488, val_loss=0.530, train_loss_epoch=0.391]Epoch 39:   0%|          | 0/7 [00:00<?, ?it/s, v_num=dlg7, train_loss_step=0.488, val_loss=0.530, train_loss_epoch=0.391]        Epoch 40:   0%|          | 0/7 [00:00<?, ?it/s, v_num=dlg7, train_loss_step=0.488, val_loss=0.530, train_loss_epoch=0.391]WARNING: vision_encoder.blocks.2.1.spatial_block.conv1.fn.dw.weight has NO gradient.
Epoch 40:  14%|█▍        | 1/7 [00:01<00:07,  0.82it/s, v_num=dlg7, train_loss_step=0.488, val_loss=0.530, train_loss_epoch=0.391]Epoch 40:  14%|█▍        | 1/7 [00:01<00:07,  0.82it/s, v_num=dlg7, train_loss_step=0.410, val_loss=0.530, train_loss_epoch=0.391]WARNING: vision_encoder.blocks.2.1.spatial_block.conv1.fn.dw.weight has NO gradient.
Epoch 40:  29%|██▊       | 2/7 [00:02<00:05,  0.97it/s, v_num=dlg7, train_loss_step=0.410, val_loss=0.530, train_loss_epoch=0.391]Epoch 40:  29%|██▊       | 2/7 [00:02<00:05,  0.97it/s, v_num=dlg7, train_loss_step=0.187, val_loss=0.530, train_loss_epoch=0.391]WARNING: vision_encoder.blocks.2.1.spatial_block.conv1.fn.dw.weight has NO gradient.
Epoch 40:  43%|████▎     | 3/7 [00:02<00:03,  1.04it/s, v_num=dlg7, train_loss_step=0.187, val_loss=0.530, train_loss_epoch=0.391]Epoch 40:  43%|████▎     | 3/7 [00:02<00:03,  1.04it/s, v_num=dlg7, train_loss_step=0.344, val_loss=0.530, train_loss_epoch=0.391]WARNING: vision_encoder.blocks.2.1.spatial_block.conv1.fn.dw.weight has NO gradient.
Epoch 40:  57%|█████▋    | 4/7 [00:03<00:02,  1.08it/s, v_num=dlg7, train_loss_step=0.344, val_loss=0.530, train_loss_epoch=0.391]Epoch 40:  57%|█████▋    | 4/7 [00:03<00:02,  1.08it/s, v_num=dlg7, train_loss_step=0.194, val_loss=0.530, train_loss_epoch=0.391]WARNING: vision_encoder.blocks.2.1.spatial_block.conv1.fn.dw.weight has NO gradient.
Epoch 40:  71%|███████▏  | 5/7 [00:04<00:01,  1.10it/s, v_num=dlg7, train_loss_step=0.194, val_loss=0.530, train_loss_epoch=0.391]Epoch 40:  71%|███████▏  | 5/7 [00:04<00:01,  1.10it/s, v_num=dlg7, train_loss_step=0.377, val_loss=0.530, train_loss_epoch=0.391]WARNING: vision_encoder.blocks.2.1.spatial_block.conv1.fn.dw.weight has NO gradient.
Epoch 40:  86%|████████▌ | 6/7 [00:05<00:00,  1.12it/s, v_num=dlg7, train_loss_step=0.377, val_loss=0.530, train_loss_epoch=0.391]Epoch 40:  86%|████████▌ | 6/7 [00:05<00:00,  1.12it/s, v_num=dlg7, train_loss_step=0.255, val_loss=0.530, train_loss_epoch=0.391]WARNING: vision_encoder.blocks.2.1.spatial_block.conv1.fn.dw.weight has NO gradient.
Epoch 40: 100%|██████████| 7/7 [00:05<00:00,  1.18it/s, v_num=dlg7, train_loss_step=0.255, val_loss=0.530, train_loss_epoch=0.391]Epoch 40: 100%|██████████| 7/7 [00:05<00:00,  1.18it/s, v_num=dlg7, train_loss_step=0.446, val_loss=0.530, train_loss_epoch=0.391]
Validation: |          | 0/? [00:00<?, ?it/s][A
Validation:   0%|          | 0/4 [00:00<?, ?it/s][A
Validation DataLoader 0:   0%|          | 0/4 [00:00<?, ?it/s][Atensor(1.0586, device='cuda:0')
tensor(-0.5839, device='cuda:0')

Validation DataLoader 0:  25%|██▌       | 1/4 [00:00<00:02,  1.24it/s][Atensor(0.7919, device='cuda:0')
tensor(-0.4857, device='cuda:0')

Validation DataLoader 0:  50%|█████     | 2/4 [00:01<00:01,  1.23it/s][Atensor(1.2826, device='cuda:0')
tensor(-0.4823, device='cuda:0')

Validation DataLoader 0:  75%|███████▌  | 3/4 [00:02<00:00,  1.22it/s][Atensor(0.7454, device='cuda:0')
tensor(-0.4443, device='cuda:0')

Validation DataLoader 0: 100%|██████████| 4/4 [00:02<00:00,  1.45it/s][A
==================================================
Stage: VAL
Predicted class distribution: 0s = 52, 1s = 55
Actual label distribution:    0s = 80, 1s = 27
Actual Imbalance Ratio (0:1): 2.96:1
==================================================
✅ Model is predicting both classes.

                                                                      [AEpoch 40: 100%|██████████| 7/7 [00:09<00:00,  0.74it/s, v_num=dlg7, train_loss_step=0.446, val_loss=0.535, train_loss_epoch=0.391]Epoch 40: 100%|██████████| 7/7 [00:09<00:00,  0.74it/s, v_num=dlg7, train_loss_step=0.446, val_loss=0.535, train_loss_epoch=0.309]Epoch 40:   0%|          | 0/7 [00:00<?, ?it/s, v_num=dlg7, train_loss_step=0.446, val_loss=0.535, train_loss_epoch=0.309]        Epoch 41:   0%|          | 0/7 [00:00<?, ?it/s, v_num=dlg7, train_loss_step=0.446, val_loss=0.535, train_loss_epoch=0.309]WARNING: vision_encoder.blocks.2.1.spatial_block.conv1.fn.dw.weight has NO gradient.
Epoch 41:  14%|█▍        | 1/7 [00:01<00:07,  0.84it/s, v_num=dlg7, train_loss_step=0.446, val_loss=0.535, train_loss_epoch=0.309]Epoch 41:  14%|█▍        | 1/7 [00:01<00:07,  0.84it/s, v_num=dlg7, train_loss_step=0.314, val_loss=0.535, train_loss_epoch=0.309]WARNING: vision_encoder.blocks.2.1.spatial_block.conv1.fn.dw.weight has NO gradient.
Epoch 41:  29%|██▊       | 2/7 [00:02<00:05,  0.99it/s, v_num=dlg7, train_loss_step=0.314, val_loss=0.535, train_loss_epoch=0.309]Epoch 41:  29%|██▊       | 2/7 [00:02<00:05,  0.99it/s, v_num=dlg7, train_loss_step=0.330, val_loss=0.535, train_loss_epoch=0.309]WARNING: vision_encoder.blocks.2.1.spatial_block.conv1.fn.dw.weight has NO gradient.
Epoch 41:  43%|████▎     | 3/7 [00:02<00:03,  1.05it/s, v_num=dlg7, train_loss_step=0.330, val_loss=0.535, train_loss_epoch=0.309]Epoch 41:  43%|████▎     | 3/7 [00:02<00:03,  1.05it/s, v_num=dlg7, train_loss_step=0.288, val_loss=0.535, train_loss_epoch=0.309]WARNING: vision_encoder.blocks.2.1.spatial_block.conv1.fn.dw.weight has NO gradient.
Epoch 41:  57%|█████▋    | 4/7 [00:03<00:02,  1.08it/s, v_num=dlg7, train_loss_step=0.288, val_loss=0.535, train_loss_epoch=0.309]Epoch 41:  57%|█████▋    | 4/7 [00:03<00:02,  1.08it/s, v_num=dlg7, train_loss_step=0.668, val_loss=0.535, train_loss_epoch=0.309]WARNING: vision_encoder.blocks.2.1.spatial_block.conv1.fn.dw.weight has NO gradient.
Epoch 41:  71%|███████▏  | 5/7 [00:04<00:01,  1.11it/s, v_num=dlg7, train_loss_step=0.668, val_loss=0.535, train_loss_epoch=0.309]Epoch 41:  71%|███████▏  | 5/7 [00:04<00:01,  1.11it/s, v_num=dlg7, train_loss_step=0.210, val_loss=0.535, train_loss_epoch=0.309]WARNING: vision_encoder.blocks.2.1.spatial_block.conv1.fn.dw.weight has NO gradient.
Epoch 41:  86%|████████▌ | 6/7 [00:05<00:00,  1.12it/s, v_num=dlg7, train_loss_step=0.210, val_loss=0.535, train_loss_epoch=0.309]Epoch 41:  86%|████████▌ | 6/7 [00:05<00:00,  1.12it/s, v_num=dlg7, train_loss_step=0.465, val_loss=0.535, train_loss_epoch=0.309]WARNING: vision_encoder.blocks.2.1.spatial_block.conv1.fn.dw.weight has NO gradient.
Epoch 41: 100%|██████████| 7/7 [00:05<00:00,  1.18it/s, v_num=dlg7, train_loss_step=0.465, val_loss=0.535, train_loss_epoch=0.309]Epoch 41: 100%|██████████| 7/7 [00:05<00:00,  1.18it/s, v_num=dlg7, train_loss_step=0.559, val_loss=0.535, train_loss_epoch=0.309]
Validation: |          | 0/? [00:00<?, ?it/s][A
Validation:   0%|          | 0/4 [00:00<?, ?it/s][A
Validation DataLoader 0:   0%|          | 0/4 [00:00<?, ?it/s][Atensor(1.1153, device='cuda:0')
tensor(-0.5362, device='cuda:0')

Validation DataLoader 0:  25%|██▌       | 1/4 [00:00<00:02,  1.24it/s][Atensor(0.8860, device='cuda:0')
tensor(-0.4806, device='cuda:0')

Validation DataLoader 0:  50%|█████     | 2/4 [00:01<00:01,  1.22it/s][Atensor(1.3318, device='cuda:0')
tensor(-0.4531, device='cuda:0')

Validation DataLoader 0:  75%|███████▌  | 3/4 [00:02<00:00,  1.22it/s][Atensor(0.7850, device='cuda:0')
tensor(-0.4158, device='cuda:0')

Validation DataLoader 0: 100%|██████████| 4/4 [00:02<00:00,  1.44it/s][A
==================================================
Stage: VAL
Predicted class distribution: 0s = 61, 1s = 46
Actual label distribution:    0s = 80, 1s = 27
Actual Imbalance Ratio (0:1): 2.96:1
==================================================
✅ Model is predicting both classes.

                                                                      [AEpoch 41: 100%|██████████| 7/7 [00:09<00:00,  0.77it/s, v_num=dlg7, train_loss_step=0.559, val_loss=0.521, train_loss_epoch=0.309]Epoch 41: 100%|██████████| 7/7 [00:09<00:00,  0.77it/s, v_num=dlg7, train_loss_step=0.559, val_loss=0.521, train_loss_epoch=0.397]Epoch 41:   0%|          | 0/7 [00:00<?, ?it/s, v_num=dlg7, train_loss_step=0.559, val_loss=0.521, train_loss_epoch=0.397]        Epoch 42:   0%|          | 0/7 [00:00<?, ?it/s, v_num=dlg7, train_loss_step=0.559, val_loss=0.521, train_loss_epoch=0.397]WARNING: vision_encoder.blocks.2.1.spatial_block.conv1.fn.dw.weight has NO gradient.
Epoch 42:  14%|█▍        | 1/7 [00:01<00:07,  0.82it/s, v_num=dlg7, train_loss_step=0.559, val_loss=0.521, train_loss_epoch=0.397]Epoch 42:  14%|█▍        | 1/7 [00:01<00:07,  0.82it/s, v_num=dlg7, train_loss_step=0.451, val_loss=0.521, train_loss_epoch=0.397]WARNING: vision_encoder.blocks.2.1.spatial_block.conv1.fn.dw.weight has NO gradient.
Epoch 42:  29%|██▊       | 2/7 [00:02<00:05,  0.97it/s, v_num=dlg7, train_loss_step=0.451, val_loss=0.521, train_loss_epoch=0.397]Epoch 42:  29%|██▊       | 2/7 [00:02<00:05,  0.97it/s, v_num=dlg7, train_loss_step=0.399, val_loss=0.521, train_loss_epoch=0.397]WARNING: vision_encoder.blocks.2.1.spatial_block.conv1.fn.dw.weight has NO gradient.
Epoch 42:  43%|████▎     | 3/7 [00:02<00:03,  1.04it/s, v_num=dlg7, train_loss_step=0.399, val_loss=0.521, train_loss_epoch=0.397]Epoch 42:  43%|████▎     | 3/7 [00:02<00:03,  1.04it/s, v_num=dlg7, train_loss_step=0.313, val_loss=0.521, train_loss_epoch=0.397]WARNING: vision_encoder.blocks.2.1.spatial_block.conv1.fn.dw.weight has NO gradient.
Epoch 42:  57%|█████▋    | 4/7 [00:03<00:02,  1.08it/s, v_num=dlg7, train_loss_step=0.313, val_loss=0.521, train_loss_epoch=0.397]Epoch 42:  57%|█████▋    | 4/7 [00:03<00:02,  1.08it/s, v_num=dlg7, train_loss_step=0.283, val_loss=0.521, train_loss_epoch=0.397]WARNING: vision_encoder.blocks.2.1.spatial_block.conv1.fn.dw.weight has NO gradient.
Epoch 42:  71%|███████▏  | 5/7 [00:04<00:01,  1.10it/s, v_num=dlg7, train_loss_step=0.283, val_loss=0.521, train_loss_epoch=0.397]Epoch 42:  71%|███████▏  | 5/7 [00:04<00:01,  1.10it/s, v_num=dlg7, train_loss_step=0.302, val_loss=0.521, train_loss_epoch=0.397]WARNING: vision_encoder.blocks.2.1.spatial_block.conv1.fn.dw.weight has NO gradient.
Epoch 42:  86%|████████▌ | 6/7 [00:05<00:00,  1.12it/s, v_num=dlg7, train_loss_step=0.302, val_loss=0.521, train_loss_epoch=0.397]Epoch 42:  86%|████████▌ | 6/7 [00:05<00:00,  1.12it/s, v_num=dlg7, train_loss_step=0.416, val_loss=0.521, train_loss_epoch=0.397]WARNING: vision_encoder.blocks.2.1.spatial_block.conv1.fn.dw.weight has NO gradient.
Epoch 42: 100%|██████████| 7/7 [00:05<00:00,  1.18it/s, v_num=dlg7, train_loss_step=0.416, val_loss=0.521, train_loss_epoch=0.397]Epoch 42: 100%|██████████| 7/7 [00:05<00:00,  1.18it/s, v_num=dlg7, train_loss_step=0.290, val_loss=0.521, train_loss_epoch=0.397]
Validation: |          | 0/? [00:00<?, ?it/s][A
Validation:   0%|          | 0/4 [00:00<?, ?it/s][A
Validation DataLoader 0:   0%|          | 0/4 [00:00<?, ?it/s][Atensor(1.1719, device='cuda:0')
tensor(-0.4029, device='cuda:0')

Validation DataLoader 0:  25%|██▌       | 1/4 [00:00<00:02,  1.24it/s][Atensor(0.9343, device='cuda:0')
tensor(-0.4445, device='cuda:0')

Validation DataLoader 0:  50%|█████     | 2/4 [00:01<00:01,  1.23it/s][Atensor(1.3917, device='cuda:0')
tensor(-0.3716, device='cuda:0')

Validation DataLoader 0:  75%|███████▌  | 3/4 [00:02<00:00,  1.22it/s][Atensor(0.8317, device='cuda:0')
tensor(-0.3476, device='cuda:0')

Validation DataLoader 0: 100%|██████████| 4/4 [00:02<00:00,  1.45it/s][A
==================================================
Stage: VAL
Predicted class distribution: 0s = 66, 1s = 41
Actual label distribution:    0s = 80, 1s = 27
Actual Imbalance Ratio (0:1): 2.96:1
==================================================
✅ Model is predicting both classes.

                                                                      [AEpoch 42: 100%|██████████| 7/7 [00:09<00:00,  0.76it/s, v_num=dlg7, train_loss_step=0.290, val_loss=0.507, train_loss_epoch=0.397]Epoch 42: 100%|██████████| 7/7 [00:09<00:00,  0.76it/s, v_num=dlg7, train_loss_step=0.290, val_loss=0.507, train_loss_epoch=0.354]Epoch 42:   0%|          | 0/7 [00:00<?, ?it/s, v_num=dlg7, train_loss_step=0.290, val_loss=0.507, train_loss_epoch=0.354]        Epoch 43:   0%|          | 0/7 [00:00<?, ?it/s, v_num=dlg7, train_loss_step=0.290, val_loss=0.507, train_loss_epoch=0.354]WARNING: vision_encoder.blocks.2.1.spatial_block.conv1.fn.dw.weight has NO gradient.
Epoch 43:  14%|█▍        | 1/7 [00:01<00:07,  0.82it/s, v_num=dlg7, train_loss_step=0.290, val_loss=0.507, train_loss_epoch=0.354]Epoch 43:  14%|█▍        | 1/7 [00:01<00:07,  0.82it/s, v_num=dlg7, train_loss_step=0.418, val_loss=0.507, train_loss_epoch=0.354]WARNING: vision_encoder.blocks.2.1.spatial_block.conv1.fn.dw.weight has NO gradient.
Epoch 43:  29%|██▊       | 2/7 [00:02<00:05,  0.98it/s, v_num=dlg7, train_loss_step=0.418, val_loss=0.507, train_loss_epoch=0.354]Epoch 43:  29%|██▊       | 2/7 [00:02<00:05,  0.98it/s, v_num=dlg7, train_loss_step=0.366, val_loss=0.507, train_loss_epoch=0.354]WARNING: vision_encoder.blocks.2.1.spatial_block.conv1.fn.dw.weight has NO gradient.
Epoch 43:  43%|████▎     | 3/7 [00:02<00:03,  1.04it/s, v_num=dlg7, train_loss_step=0.366, val_loss=0.507, train_loss_epoch=0.354]Epoch 43:  43%|████▎     | 3/7 [00:02<00:03,  1.04it/s, v_num=dlg7, train_loss_step=0.324, val_loss=0.507, train_loss_epoch=0.354]WARNING: vision_encoder.blocks.2.1.spatial_block.conv1.fn.dw.weight has NO gradient.
Epoch 43:  57%|█████▋    | 4/7 [00:03<00:02,  1.08it/s, v_num=dlg7, train_loss_step=0.324, val_loss=0.507, train_loss_epoch=0.354]Epoch 43:  57%|█████▋    | 4/7 [00:03<00:02,  1.08it/s, v_num=dlg7, train_loss_step=0.287, val_loss=0.507, train_loss_epoch=0.354]WARNING: vision_encoder.blocks.2.1.spatial_block.conv1.fn.dw.weight has NO gradient.
Epoch 43:  71%|███████▏  | 5/7 [00:04<00:01,  1.10it/s, v_num=dlg7, train_loss_step=0.287, val_loss=0.507, train_loss_epoch=0.354]Epoch 43:  71%|███████▏  | 5/7 [00:04<00:01,  1.10it/s, v_num=dlg7, train_loss_step=0.368, val_loss=0.507, train_loss_epoch=0.354]WARNING: vision_encoder.blocks.2.1.spatial_block.conv1.fn.dw.weight has NO gradient.
Epoch 43:  86%|████████▌ | 6/7 [00:05<00:00,  1.12it/s, v_num=dlg7, train_loss_step=0.368, val_loss=0.507, train_loss_epoch=0.354]Epoch 43:  86%|████████▌ | 6/7 [00:05<00:00,  1.12it/s, v_num=dlg7, train_loss_step=0.312, val_loss=0.507, train_loss_epoch=0.354]WARNING: vision_encoder.blocks.2.1.spatial_block.conv1.fn.dw.weight has NO gradient.
Epoch 43: 100%|██████████| 7/7 [00:05<00:00,  1.18it/s, v_num=dlg7, train_loss_step=0.312, val_loss=0.507, train_loss_epoch=0.354]Epoch 43: 100%|██████████| 7/7 [00:05<00:00,  1.18it/s, v_num=dlg7, train_loss_step=0.309, val_loss=0.507, train_loss_epoch=0.354]
Validation: |          | 0/? [00:00<?, ?it/s][A
Validation:   0%|          | 0/4 [00:00<?, ?it/s][A
Validation DataLoader 0:   0%|          | 0/4 [00:00<?, ?it/s][Atensor(1.2262, device='cuda:0')
tensor(-0.3556, device='cuda:0')

Validation DataLoader 0:  25%|██▌       | 1/4 [00:00<00:02,  1.24it/s][Atensor(0.9675, device='cuda:0')
tensor(-0.4890, device='cuda:0')

Validation DataLoader 0:  50%|█████     | 2/4 [00:01<00:01,  1.23it/s][Atensor(1.4756, device='cuda:0')
tensor(-0.3256, device='cuda:0')

Validation DataLoader 0:  75%|███████▌  | 3/4 [00:02<00:00,  1.22it/s][Atensor(0.8139, device='cuda:0')
tensor(-0.2889, device='cuda:0')

Validation DataLoader 0: 100%|██████████| 4/4 [00:02<00:00,  1.45it/s][A
==================================================
Stage: VAL
Predicted class distribution: 0s = 65, 1s = 42
Actual label distribution:    0s = 80, 1s = 27
Actual Imbalance Ratio (0:1): 2.96:1
==================================================
✅ Model is predicting both classes.

                                                                      [AEpoch 43: 100%|██████████| 7/7 [00:09<00:00,  0.76it/s, v_num=dlg7, train_loss_step=0.309, val_loss=0.506, train_loss_epoch=0.354]Epoch 43: 100%|██████████| 7/7 [00:09<00:00,  0.76it/s, v_num=dlg7, train_loss_step=0.309, val_loss=0.506, train_loss_epoch=0.342]Epoch 43:   0%|          | 0/7 [00:00<?, ?it/s, v_num=dlg7, train_loss_step=0.309, val_loss=0.506, train_loss_epoch=0.342]        Epoch 44:   0%|          | 0/7 [00:00<?, ?it/s, v_num=dlg7, train_loss_step=0.309, val_loss=0.506, train_loss_epoch=0.342]WARNING: vision_encoder.blocks.2.1.spatial_block.conv1.fn.dw.weight has NO gradient.
Epoch 44:  14%|█▍        | 1/7 [00:01<00:07,  0.79it/s, v_num=dlg7, train_loss_step=0.309, val_loss=0.506, train_loss_epoch=0.342]Epoch 44:  14%|█▍        | 1/7 [00:01<00:07,  0.79it/s, v_num=dlg7, train_loss_step=0.313, val_loss=0.506, train_loss_epoch=0.342]WARNING: vision_encoder.blocks.2.1.spatial_block.conv1.fn.dw.weight has NO gradient.
Epoch 44:  29%|██▊       | 2/7 [00:02<00:05,  0.95it/s, v_num=dlg7, train_loss_step=0.313, val_loss=0.506, train_loss_epoch=0.342]Epoch 44:  29%|██▊       | 2/7 [00:02<00:05,  0.95it/s, v_num=dlg7, train_loss_step=0.225, val_loss=0.506, train_loss_epoch=0.342]WARNING: vision_encoder.blocks.2.1.spatial_block.conv1.fn.dw.weight has NO gradient.
Epoch 44:  43%|████▎     | 3/7 [00:02<00:03,  1.03it/s, v_num=dlg7, train_loss_step=0.225, val_loss=0.506, train_loss_epoch=0.342]Epoch 44:  43%|████▎     | 3/7 [00:02<00:03,  1.03it/s, v_num=dlg7, train_loss_step=0.316, val_loss=0.506, train_loss_epoch=0.342]WARNING: vision_encoder.blocks.2.1.spatial_block.conv1.fn.dw.weight has NO gradient.
Epoch 44:  57%|█████▋    | 4/7 [00:03<00:02,  1.07it/s, v_num=dlg7, train_loss_step=0.316, val_loss=0.506, train_loss_epoch=0.342]Epoch 44:  57%|█████▋    | 4/7 [00:03<00:02,  1.07it/s, v_num=dlg7, train_loss_step=0.455, val_loss=0.506, train_loss_epoch=0.342]WARNING: vision_encoder.blocks.2.1.spatial_block.conv1.fn.dw.weight has NO gradient.
Epoch 44:  71%|███████▏  | 5/7 [00:04<00:01,  1.09it/s, v_num=dlg7, train_loss_step=0.455, val_loss=0.506, train_loss_epoch=0.342]Epoch 44:  71%|███████▏  | 5/7 [00:04<00:01,  1.09it/s, v_num=dlg7, train_loss_step=0.364, val_loss=0.506, train_loss_epoch=0.342]WARNING: vision_encoder.blocks.2.1.spatial_block.conv1.fn.dw.weight has NO gradient.
Epoch 44:  86%|████████▌ | 6/7 [00:05<00:00,  1.11it/s, v_num=dlg7, train_loss_step=0.364, val_loss=0.506, train_loss_epoch=0.342]Epoch 44:  86%|████████▌ | 6/7 [00:05<00:00,  1.11it/s, v_num=dlg7, train_loss_step=0.182, val_loss=0.506, train_loss_epoch=0.342]WARNING: vision_encoder.blocks.2.1.spatial_block.conv1.fn.dw.weight has NO gradient.
Epoch 44: 100%|██████████| 7/7 [00:05<00:00,  1.17it/s, v_num=dlg7, train_loss_step=0.182, val_loss=0.506, train_loss_epoch=0.342]Epoch 44: 100%|██████████| 7/7 [00:05<00:00,  1.17it/s, v_num=dlg7, train_loss_step=0.459, val_loss=0.506, train_loss_epoch=0.342]
Validation: |          | 0/? [00:00<?, ?it/s][A
Validation:   0%|          | 0/4 [00:00<?, ?it/s][A
Validation DataLoader 0:   0%|          | 0/4 [00:00<?, ?it/s][Atensor(1.2634, device='cuda:0')
tensor(-0.3772, device='cuda:0')

Validation DataLoader 0:  25%|██▌       | 1/4 [00:00<00:02,  1.24it/s][Atensor(1.0204, device='cuda:0')
tensor(-0.5708, device='cuda:0')

Validation DataLoader 0:  50%|█████     | 2/4 [00:01<00:01,  1.23it/s][Atensor(1.5562, device='cuda:0')
tensor(-0.3099, device='cuda:0')

Validation DataLoader 0:  75%|███████▌  | 3/4 [00:02<00:00,  1.22it/s][Atensor(0.8136, device='cuda:0')
tensor(-0.2412, device='cuda:0')

Validation DataLoader 0: 100%|██████████| 4/4 [00:02<00:00,  1.45it/s][A
==================================================
Stage: VAL
Predicted class distribution: 0s = 60, 1s = 47
Actual label distribution:    0s = 80, 1s = 27
Actual Imbalance Ratio (0:1): 2.96:1
==================================================
✅ Model is predicting both classes.

                                                                      [AEpoch 44: 100%|██████████| 7/7 [00:09<00:00,  0.76it/s, v_num=dlg7, train_loss_step=0.459, val_loss=0.514, train_loss_epoch=0.342]Epoch 44: 100%|██████████| 7/7 [00:09<00:00,  0.76it/s, v_num=dlg7, train_loss_step=0.459, val_loss=0.514, train_loss_epoch=0.324]Epoch 44:   0%|          | 0/7 [00:00<?, ?it/s, v_num=dlg7, train_loss_step=0.459, val_loss=0.514, train_loss_epoch=0.324]        Epoch 45:   0%|          | 0/7 [00:00<?, ?it/s, v_num=dlg7, train_loss_step=0.459, val_loss=0.514, train_loss_epoch=0.324]WARNING: vision_encoder.blocks.2.1.spatial_block.conv1.fn.dw.weight has NO gradient.
Epoch 45:  14%|█▍        | 1/7 [00:01<00:07,  0.80it/s, v_num=dlg7, train_loss_step=0.459, val_loss=0.514, train_loss_epoch=0.324]Epoch 45:  14%|█▍        | 1/7 [00:01<00:07,  0.80it/s, v_num=dlg7, train_loss_step=0.272, val_loss=0.514, train_loss_epoch=0.324]WARNING: vision_encoder.blocks.2.1.spatial_block.conv1.fn.dw.weight has NO gradient.
Epoch 45:  29%|██▊       | 2/7 [00:02<00:05,  0.96it/s, v_num=dlg7, train_loss_step=0.272, val_loss=0.514, train_loss_epoch=0.324]Epoch 45:  29%|██▊       | 2/7 [00:02<00:05,  0.96it/s, v_num=dlg7, train_loss_step=0.405, val_loss=0.514, train_loss_epoch=0.324]WARNING: vision_encoder.blocks.2.1.spatial_block.conv1.fn.dw.weight has NO gradient.
Epoch 45:  43%|████▎     | 3/7 [00:02<00:03,  1.03it/s, v_num=dlg7, train_loss_step=0.405, val_loss=0.514, train_loss_epoch=0.324]Epoch 45:  43%|████▎     | 3/7 [00:02<00:03,  1.03it/s, v_num=dlg7, train_loss_step=0.255, val_loss=0.514, train_loss_epoch=0.324]WARNING: vision_encoder.blocks.2.1.spatial_block.conv1.fn.dw.weight has NO gradient.
Epoch 45:  57%|█████▋    | 4/7 [00:03<00:02,  1.07it/s, v_num=dlg7, train_loss_step=0.255, val_loss=0.514, train_loss_epoch=0.324]Epoch 45:  57%|█████▋    | 4/7 [00:03<00:02,  1.07it/s, v_num=dlg7, train_loss_step=0.303, val_loss=0.514, train_loss_epoch=0.324]WARNING: vision_encoder.blocks.2.1.spatial_block.conv1.fn.dw.weight has NO gradient.
Epoch 45:  71%|███████▏  | 5/7 [00:04<00:01,  1.09it/s, v_num=dlg7, train_loss_step=0.303, val_loss=0.514, train_loss_epoch=0.324]Epoch 45:  71%|███████▏  | 5/7 [00:04<00:01,  1.09it/s, v_num=dlg7, train_loss_step=0.338, val_loss=0.514, train_loss_epoch=0.324]WARNING: vision_encoder.blocks.2.1.spatial_block.conv1.fn.dw.weight has NO gradient.
Epoch 45:  86%|████████▌ | 6/7 [00:05<00:00,  1.11it/s, v_num=dlg7, train_loss_step=0.338, val_loss=0.514, train_loss_epoch=0.324]Epoch 45:  86%|████████▌ | 6/7 [00:05<00:00,  1.11it/s, v_num=dlg7, train_loss_step=0.216, val_loss=0.514, train_loss_epoch=0.324]WARNING: vision_encoder.blocks.2.1.spatial_block.conv1.fn.dw.weight has NO gradient.
Epoch 45: 100%|██████████| 7/7 [00:05<00:00,  1.17it/s, v_num=dlg7, train_loss_step=0.216, val_loss=0.514, train_loss_epoch=0.324]Epoch 45: 100%|██████████| 7/7 [00:05<00:00,  1.17it/s, v_num=dlg7, train_loss_step=0.384, val_loss=0.514, train_loss_epoch=0.324]
Validation: |          | 0/? [00:00<?, ?it/s][A
Validation:   0%|          | 0/4 [00:00<?, ?it/s][A
Validation DataLoader 0:   0%|          | 0/4 [00:00<?, ?it/s][Atensor(1.2390, device='cuda:0')
tensor(-0.4487, device='cuda:0')

Validation DataLoader 0:  25%|██▌       | 1/4 [00:00<00:02,  1.24it/s][Atensor(0.9504, device='cuda:0')
tensor(-0.6469, device='cuda:0')

Validation DataLoader 0:  50%|█████     | 2/4 [00:01<00:01,  1.22it/s][Atensor(1.5098, device='cuda:0')
tensor(-0.3901, device='cuda:0')

Validation DataLoader 0:  75%|███████▌  | 3/4 [00:02<00:00,  1.22it/s][Atensor(0.7610, device='cuda:0')
tensor(-0.2987, device='cuda:0')

Validation DataLoader 0: 100%|██████████| 4/4 [00:02<00:00,  1.44it/s][A
==================================================
Stage: VAL
Predicted class distribution: 0s = 53, 1s = 54
Actual label distribution:    0s = 80, 1s = 27
Actual Imbalance Ratio (0:1): 2.96:1
==================================================
✅ Model is predicting both classes.

                                                                      [AEpoch 45: 100%|██████████| 7/7 [00:09<00:00,  0.74it/s, v_num=dlg7, train_loss_step=0.384, val_loss=0.526, train_loss_epoch=0.324]Epoch 45: 100%|██████████| 7/7 [00:09<00:00,  0.74it/s, v_num=dlg7, train_loss_step=0.384, val_loss=0.526, train_loss_epoch=0.307]Epoch 45:   0%|          | 0/7 [00:00<?, ?it/s, v_num=dlg7, train_loss_step=0.384, val_loss=0.526, train_loss_epoch=0.307]        Epoch 46:   0%|          | 0/7 [00:00<?, ?it/s, v_num=dlg7, train_loss_step=0.384, val_loss=0.526, train_loss_epoch=0.307]WARNING: vision_encoder.blocks.2.1.spatial_block.conv1.fn.dw.weight has NO gradient.
Epoch 46:  14%|█▍        | 1/7 [00:01<00:07,  0.79it/s, v_num=dlg7, train_loss_step=0.384, val_loss=0.526, train_loss_epoch=0.307]Epoch 46:  14%|█▍        | 1/7 [00:01<00:07,  0.79it/s, v_num=dlg7, train_loss_step=0.460, val_loss=0.526, train_loss_epoch=0.307]WARNING: vision_encoder.blocks.2.1.spatial_block.conv1.fn.dw.weight has NO gradient.
Epoch 46:  29%|██▊       | 2/7 [00:02<00:05,  0.95it/s, v_num=dlg7, train_loss_step=0.460, val_loss=0.526, train_loss_epoch=0.307]Epoch 46:  29%|██▊       | 2/7 [00:02<00:05,  0.95it/s, v_num=dlg7, train_loss_step=0.288, val_loss=0.526, train_loss_epoch=0.307]WARNING: vision_encoder.blocks.2.1.spatial_block.conv1.fn.dw.weight has NO gradient.
Epoch 46:  43%|████▎     | 3/7 [00:02<00:03,  1.02it/s, v_num=dlg7, train_loss_step=0.288, val_loss=0.526, train_loss_epoch=0.307]Epoch 46:  43%|████▎     | 3/7 [00:02<00:03,  1.02it/s, v_num=dlg7, train_loss_step=0.280, val_loss=0.526, train_loss_epoch=0.307]WARNING: vision_encoder.blocks.2.1.spatial_block.conv1.fn.dw.weight has NO gradient.
Epoch 46:  57%|█████▋    | 4/7 [00:03<00:02,  1.06it/s, v_num=dlg7, train_loss_step=0.280, val_loss=0.526, train_loss_epoch=0.307]Epoch 46:  57%|█████▋    | 4/7 [00:03<00:02,  1.06it/s, v_num=dlg7, train_loss_step=0.376, val_loss=0.526, train_loss_epoch=0.307]WARNING: vision_encoder.blocks.2.1.spatial_block.conv1.fn.dw.weight has NO gradient.
Epoch 46:  71%|███████▏  | 5/7 [00:04<00:01,  1.09it/s, v_num=dlg7, train_loss_step=0.376, val_loss=0.526, train_loss_epoch=0.307]Epoch 46:  71%|███████▏  | 5/7 [00:04<00:01,  1.09it/s, v_num=dlg7, train_loss_step=0.304, val_loss=0.526, train_loss_epoch=0.307]WARNING: vision_encoder.blocks.2.1.spatial_block.conv1.fn.dw.weight has NO gradient.
Epoch 46:  86%|████████▌ | 6/7 [00:05<00:00,  1.10it/s, v_num=dlg7, train_loss_step=0.304, val_loss=0.526, train_loss_epoch=0.307]Epoch 46:  86%|████████▌ | 6/7 [00:05<00:00,  1.10it/s, v_num=dlg7, train_loss_step=0.177, val_loss=0.526, train_loss_epoch=0.307]WARNING: vision_encoder.blocks.2.1.spatial_block.conv1.fn.dw.weight has NO gradient.
Epoch 46: 100%|██████████| 7/7 [00:05<00:00,  1.17it/s, v_num=dlg7, train_loss_step=0.177, val_loss=0.526, train_loss_epoch=0.307]Epoch 46: 100%|██████████| 7/7 [00:06<00:00,  1.17it/s, v_num=dlg7, train_loss_step=0.251, val_loss=0.526, train_loss_epoch=0.307]
Validation: |          | 0/? [00:00<?, ?it/s][A
Validation:   0%|          | 0/4 [00:00<?, ?it/s][A
Validation DataLoader 0:   0%|          | 0/4 [00:00<?, ?it/s][Atensor(1.2873, device='cuda:0')
tensor(-0.5114, device='cuda:0')

Validation DataLoader 0:  25%|██▌       | 1/4 [00:00<00:02,  1.24it/s][Atensor(0.9456, device='cuda:0')
tensor(-0.6942, device='cuda:0')

Validation DataLoader 0:  50%|█████     | 2/4 [00:01<00:01,  1.22it/s][Atensor(1.5246, device='cuda:0')
tensor(-0.4348, device='cuda:0')

Validation DataLoader 0:  75%|███████▌  | 3/4 [00:02<00:00,  1.22it/s][Atensor(0.7663, device='cuda:0')
tensor(-0.3910, device='cuda:0')

Validation DataLoader 0: 100%|██████████| 4/4 [00:02<00:00,  1.44it/s][A
==================================================
Stage: VAL
Predicted class distribution: 0s = 55, 1s = 52
Actual label distribution:    0s = 80, 1s = 27
Actual Imbalance Ratio (0:1): 2.96:1
==================================================
✅ Model is predicting both classes.

                                                                      [AEpoch 46: 100%|██████████| 7/7 [00:09<00:00,  0.76it/s, v_num=dlg7, train_loss_step=0.251, val_loss=0.531, train_loss_epoch=0.307]Epoch 46: 100%|██████████| 7/7 [00:09<00:00,  0.76it/s, v_num=dlg7, train_loss_step=0.251, val_loss=0.531, train_loss_epoch=0.308]Epoch 46:   0%|          | 0/7 [00:00<?, ?it/s, v_num=dlg7, train_loss_step=0.251, val_loss=0.531, train_loss_epoch=0.308]        Epoch 47:   0%|          | 0/7 [00:00<?, ?it/s, v_num=dlg7, train_loss_step=0.251, val_loss=0.531, train_loss_epoch=0.308]WARNING: vision_encoder.blocks.2.1.spatial_block.conv1.fn.dw.weight has NO gradient.
Epoch 47:  14%|█▍        | 1/7 [00:01<00:07,  0.78it/s, v_num=dlg7, train_loss_step=0.251, val_loss=0.531, train_loss_epoch=0.308]Epoch 47:  14%|█▍        | 1/7 [00:01<00:07,  0.78it/s, v_num=dlg7, train_loss_step=0.175, val_loss=0.531, train_loss_epoch=0.308]WARNING: vision_encoder.blocks.2.1.spatial_block.conv1.fn.dw.weight has NO gradient.
Epoch 47:  29%|██▊       | 2/7 [00:02<00:05,  0.95it/s, v_num=dlg7, train_loss_step=0.175, val_loss=0.531, train_loss_epoch=0.308]Epoch 47:  29%|██▊       | 2/7 [00:02<00:05,  0.95it/s, v_num=dlg7, train_loss_step=0.247, val_loss=0.531, train_loss_epoch=0.308]WARNING: vision_encoder.blocks.2.1.spatial_block.conv1.fn.dw.weight has NO gradient.
Epoch 47:  43%|████▎     | 3/7 [00:02<00:03,  1.02it/s, v_num=dlg7, train_loss_step=0.247, val_loss=0.531, train_loss_epoch=0.308]Epoch 47:  43%|████▎     | 3/7 [00:02<00:03,  1.02it/s, v_num=dlg7, train_loss_step=0.318, val_loss=0.531, train_loss_epoch=0.308]WARNING: vision_encoder.blocks.2.1.spatial_block.conv1.fn.dw.weight has NO gradient.
Epoch 47:  57%|█████▋    | 4/7 [00:03<00:02,  1.06it/s, v_num=dlg7, train_loss_step=0.318, val_loss=0.531, train_loss_epoch=0.308]Epoch 47:  57%|█████▋    | 4/7 [00:03<00:02,  1.06it/s, v_num=dlg7, train_loss_step=0.180, val_loss=0.531, train_loss_epoch=0.308]WARNING: vision_encoder.blocks.2.1.spatial_block.conv1.fn.dw.weight has NO gradient.
Epoch 47:  71%|███████▏  | 5/7 [00:04<00:01,  1.08it/s, v_num=dlg7, train_loss_step=0.180, val_loss=0.531, train_loss_epoch=0.308]Epoch 47:  71%|███████▏  | 5/7 [00:04<00:01,  1.08it/s, v_num=dlg7, train_loss_step=0.218, val_loss=0.531, train_loss_epoch=0.308]WARNING: vision_encoder.blocks.2.1.spatial_block.conv1.fn.dw.weight has NO gradient.
Epoch 47:  86%|████████▌ | 6/7 [00:05<00:00,  1.10it/s, v_num=dlg7, train_loss_step=0.218, val_loss=0.531, train_loss_epoch=0.308]Epoch 47:  86%|████████▌ | 6/7 [00:05<00:00,  1.10it/s, v_num=dlg7, train_loss_step=0.243, val_loss=0.531, train_loss_epoch=0.308]WARNING: vision_encoder.blocks.2.1.spatial_block.conv1.fn.dw.weight has NO gradient.
Epoch 47: 100%|██████████| 7/7 [00:06<00:00,  1.16it/s, v_num=dlg7, train_loss_step=0.243, val_loss=0.531, train_loss_epoch=0.308]Epoch 47: 100%|██████████| 7/7 [00:06<00:00,  1.16it/s, v_num=dlg7, train_loss_step=0.056, val_loss=0.531, train_loss_epoch=0.308]
Validation: |          | 0/? [00:00<?, ?it/s][A
Validation:   0%|          | 0/4 [00:00<?, ?it/s][A
Validation DataLoader 0:   0%|          | 0/4 [00:00<?, ?it/s][Atensor(1.3012, device='cuda:0')
tensor(-0.5062, device='cuda:0')

Validation DataLoader 0:  25%|██▌       | 1/4 [00:00<00:02,  1.23it/s][Atensor(0.9190, device='cuda:0')
tensor(-0.6618, device='cuda:0')

Validation DataLoader 0:  50%|█████     | 2/4 [00:01<00:01,  1.22it/s][Atensor(1.5382, device='cuda:0')
tensor(-0.4628, device='cuda:0')

Validation DataLoader 0:  75%|███████▌  | 3/4 [00:02<00:00,  1.21it/s][Atensor(0.7864, device='cuda:0')
tensor(-0.4247, device='cuda:0')

Validation DataLoader 0: 100%|██████████| 4/4 [00:02<00:00,  1.44it/s][A
==================================================
Stage: VAL
Predicted class distribution: 0s = 60, 1s = 47
Actual label distribution:    0s = 80, 1s = 27
Actual Imbalance Ratio (0:1): 2.96:1
==================================================
✅ Model is predicting both classes.

                                                                      [AEpoch 47: 100%|██████████| 7/7 [00:09<00:00,  0.75it/s, v_num=dlg7, train_loss_step=0.056, val_loss=0.522, train_loss_epoch=0.308]Epoch 47: 100%|██████████| 7/7 [00:09<00:00,  0.75it/s, v_num=dlg7, train_loss_step=0.056, val_loss=0.522, train_loss_epoch=0.213]Epoch 47:   0%|          | 0/7 [00:00<?, ?it/s, v_num=dlg7, train_loss_step=0.056, val_loss=0.522, train_loss_epoch=0.213]        Epoch 48:   0%|          | 0/7 [00:00<?, ?it/s, v_num=dlg7, train_loss_step=0.056, val_loss=0.522, train_loss_epoch=0.213]WARNING: vision_encoder.blocks.2.1.spatial_block.conv1.fn.dw.weight has NO gradient.
Epoch 48:  14%|█▍        | 1/7 [00:01<00:07,  0.79it/s, v_num=dlg7, train_loss_step=0.056, val_loss=0.522, train_loss_epoch=0.213]Epoch 48:  14%|█▍        | 1/7 [00:01<00:07,  0.79it/s, v_num=dlg7, train_loss_step=0.400, val_loss=0.522, train_loss_epoch=0.213]WARNING: vision_encoder.blocks.2.1.spatial_block.conv1.fn.dw.weight has NO gradient.
Epoch 48:  29%|██▊       | 2/7 [00:02<00:05,  0.95it/s, v_num=dlg7, train_loss_step=0.400, val_loss=0.522, train_loss_epoch=0.213]Epoch 48:  29%|██▊       | 2/7 [00:02<00:05,  0.95it/s, v_num=dlg7, train_loss_step=0.212, val_loss=0.522, train_loss_epoch=0.213]WARNING: vision_encoder.blocks.2.1.spatial_block.conv1.fn.dw.weight has NO gradient.
Epoch 48:  43%|████▎     | 3/7 [00:02<00:03,  1.02it/s, v_num=dlg7, train_loss_step=0.212, val_loss=0.522, train_loss_epoch=0.213]Epoch 48:  43%|████▎     | 3/7 [00:02<00:03,  1.02it/s, v_num=dlg7, train_loss_step=0.400, val_loss=0.522, train_loss_epoch=0.213]WARNING: vision_encoder.blocks.2.1.spatial_block.conv1.fn.dw.weight has NO gradient.
Epoch 48:  57%|█████▋    | 4/7 [00:03<00:02,  1.06it/s, v_num=dlg7, train_loss_step=0.400, val_loss=0.522, train_loss_epoch=0.213]Epoch 48:  57%|█████▋    | 4/7 [00:03<00:02,  1.06it/s, v_num=dlg7, train_loss_step=0.308, val_loss=0.522, train_loss_epoch=0.213]WARNING: vision_encoder.blocks.2.1.spatial_block.conv1.fn.dw.weight has NO gradient.
Epoch 48:  71%|███████▏  | 5/7 [00:04<00:01,  1.08it/s, v_num=dlg7, train_loss_step=0.308, val_loss=0.522, train_loss_epoch=0.213]Epoch 48:  71%|███████▏  | 5/7 [00:04<00:01,  1.08it/s, v_num=dlg7, train_loss_step=0.313, val_loss=0.522, train_loss_epoch=0.213]WARNING: vision_encoder.blocks.2.1.spatial_block.conv1.fn.dw.weight has NO gradient.
Epoch 48:  86%|████████▌ | 6/7 [00:05<00:00,  1.10it/s, v_num=dlg7, train_loss_step=0.313, val_loss=0.522, train_loss_epoch=0.213]Epoch 48:  86%|████████▌ | 6/7 [00:05<00:00,  1.10it/s, v_num=dlg7, train_loss_step=0.280, val_loss=0.522, train_loss_epoch=0.213]WARNING: vision_encoder.blocks.2.1.spatial_block.conv1.fn.dw.weight has NO gradient.
Epoch 48: 100%|██████████| 7/7 [00:06<00:00,  1.16it/s, v_num=dlg7, train_loss_step=0.280, val_loss=0.522, train_loss_epoch=0.213]Epoch 48: 100%|██████████| 7/7 [00:06<00:00,  1.16it/s, v_num=dlg7, train_loss_step=0.344, val_loss=0.522, train_loss_epoch=0.213]
Validation: |          | 0/? [00:00<?, ?it/s][A
Validation:   0%|          | 0/4 [00:00<?, ?it/s][A
Validation DataLoader 0:   0%|          | 0/4 [00:00<?, ?it/s][Atensor(1.2621, device='cuda:0')
tensor(-0.5210, device='cuda:0')

Validation DataLoader 0:  25%|██▌       | 1/4 [00:00<00:02,  1.23it/s][Atensor(0.9050, device='cuda:0')
tensor(-0.6672, device='cuda:0')

Validation DataLoader 0:  50%|█████     | 2/4 [00:01<00:01,  1.22it/s][Atensor(1.5130, device='cuda:0')
tensor(-0.5315, device='cuda:0')

Validation DataLoader 0:  75%|███████▌  | 3/4 [00:02<00:00,  1.21it/s][Atensor(0.7655, device='cuda:0')
tensor(-0.5218, device='cuda:0')

Validation DataLoader 0: 100%|██████████| 4/4 [00:02<00:00,  1.44it/s][A
==================================================
Stage: VAL
Predicted class distribution: 0s = 60, 1s = 47
Actual label distribution:    0s = 80, 1s = 27
Actual Imbalance Ratio (0:1): 2.96:1
==================================================
✅ Model is predicting both classes.

                                                                      [AEpoch 48: 100%|██████████| 7/7 [00:09<00:00,  0.75it/s, v_num=dlg7, train_loss_step=0.344, val_loss=0.522, train_loss_epoch=0.213]Epoch 48: 100%|██████████| 7/7 [00:09<00:00,  0.75it/s, v_num=dlg7, train_loss_step=0.344, val_loss=0.522, train_loss_epoch=0.321]Epoch 48:   0%|          | 0/7 [00:00<?, ?it/s, v_num=dlg7, train_loss_step=0.344, val_loss=0.522, train_loss_epoch=0.321]        Epoch 49:   0%|          | 0/7 [00:00<?, ?it/s, v_num=dlg7, train_loss_step=0.344, val_loss=0.522, train_loss_epoch=0.321]WARNING: vision_encoder.blocks.2.1.spatial_block.conv1.fn.dw.weight has NO gradient.
Epoch 49:  14%|█▍        | 1/7 [00:01<00:07,  0.79it/s, v_num=dlg7, train_loss_step=0.344, val_loss=0.522, train_loss_epoch=0.321]Epoch 49:  14%|█▍        | 1/7 [00:01<00:07,  0.79it/s, v_num=dlg7, train_loss_step=0.424, val_loss=0.522, train_loss_epoch=0.321]WARNING: vision_encoder.blocks.2.1.spatial_block.conv1.fn.dw.weight has NO gradient.
Epoch 49:  29%|██▊       | 2/7 [00:02<00:05,  0.96it/s, v_num=dlg7, train_loss_step=0.424, val_loss=0.522, train_loss_epoch=0.321]Epoch 49:  29%|██▊       | 2/7 [00:02<00:05,  0.96it/s, v_num=dlg7, train_loss_step=0.273, val_loss=0.522, train_loss_epoch=0.321]WARNING: vision_encoder.blocks.2.1.spatial_block.conv1.fn.dw.weight has NO gradient.
Epoch 49:  43%|████▎     | 3/7 [00:02<00:03,  1.02it/s, v_num=dlg7, train_loss_step=0.273, val_loss=0.522, train_loss_epoch=0.321]Epoch 49:  43%|████▎     | 3/7 [00:02<00:03,  1.02it/s, v_num=dlg7, train_loss_step=0.243, val_loss=0.522, train_loss_epoch=0.321]WARNING: vision_encoder.blocks.2.1.spatial_block.conv1.fn.dw.weight has NO gradient.
Epoch 49:  57%|█████▋    | 4/7 [00:03<00:02,  1.06it/s, v_num=dlg7, train_loss_step=0.243, val_loss=0.522, train_loss_epoch=0.321]Epoch 49:  57%|█████▋    | 4/7 [00:03<00:02,  1.06it/s, v_num=dlg7, train_loss_step=0.300, val_loss=0.522, train_loss_epoch=0.321]WARNING: vision_encoder.blocks.2.1.spatial_block.conv1.fn.dw.weight has NO gradient.
Epoch 49:  71%|███████▏  | 5/7 [00:04<00:01,  1.09it/s, v_num=dlg7, train_loss_step=0.300, val_loss=0.522, train_loss_epoch=0.321]Epoch 49:  71%|███████▏  | 5/7 [00:04<00:01,  1.09it/s, v_num=dlg7, train_loss_step=0.299, val_loss=0.522, train_loss_epoch=0.321]WARNING: vision_encoder.blocks.2.1.spatial_block.conv1.fn.dw.weight has NO gradient.
Epoch 49:  86%|████████▌ | 6/7 [00:05<00:00,  1.10it/s, v_num=dlg7, train_loss_step=0.299, val_loss=0.522, train_loss_epoch=0.321]Epoch 49:  86%|████████▌ | 6/7 [00:05<00:00,  1.10it/s, v_num=dlg7, train_loss_step=0.412, val_loss=0.522, train_loss_epoch=0.321]WARNING: vision_encoder.blocks.2.1.spatial_block.conv1.fn.dw.weight has NO gradient.
Epoch 49: 100%|██████████| 7/7 [00:06<00:00,  1.17it/s, v_num=dlg7, train_loss_step=0.412, val_loss=0.522, train_loss_epoch=0.321]Epoch 49: 100%|██████████| 7/7 [00:06<00:00,  1.17it/s, v_num=dlg7, train_loss_step=0.344, val_loss=0.522, train_loss_epoch=0.321]
Validation: |          | 0/? [00:00<?, ?it/s][A
Validation:   0%|          | 0/4 [00:00<?, ?it/s][A
Validation DataLoader 0:   0%|          | 0/4 [00:00<?, ?it/s][Atensor(1.3043, device='cuda:0')
tensor(-0.4712, device='cuda:0')

Validation DataLoader 0:  25%|██▌       | 1/4 [00:00<00:02,  1.23it/s][Atensor(0.9361, device='cuda:0')
tensor(-0.6270, device='cuda:0')

Validation DataLoader 0:  50%|█████     | 2/4 [00:01<00:01,  1.22it/s][Atensor(1.5579, device='cuda:0')
tensor(-0.5173, device='cuda:0')

Validation DataLoader 0:  75%|███████▌  | 3/4 [00:02<00:00,  1.21it/s][Atensor(0.8197, device='cuda:0')
tensor(-0.4952, device='cuda:0')

Validation DataLoader 0: 100%|██████████| 4/4 [00:02<00:00,  1.44it/s][A
==================================================
Stage: VAL
Predicted class distribution: 0s = 64, 1s = 43
Actual label distribution:    0s = 80, 1s = 27
Actual Imbalance Ratio (0:1): 2.96:1
==================================================
✅ Model is predicting both classes.

                                                                      [AEpoch 49: 100%|██████████| 7/7 [00:09<00:00,  0.75it/s, v_num=dlg7, train_loss_step=0.344, val_loss=0.504, train_loss_epoch=0.321]Epoch 49: 100%|██████████| 7/7 [00:09<00:00,  0.75it/s, v_num=dlg7, train_loss_step=0.344, val_loss=0.504, train_loss_epoch=0.327]Epoch 49:   0%|          | 0/7 [00:00<?, ?it/s, v_num=dlg7, train_loss_step=0.344, val_loss=0.504, train_loss_epoch=0.327]        Epoch 50:   0%|          | 0/7 [00:00<?, ?it/s, v_num=dlg7, train_loss_step=0.344, val_loss=0.504, train_loss_epoch=0.327]WARNING: vision_encoder.blocks.2.1.spatial_block.conv1.fn.dw.weight has NO gradient.
Epoch 50:  14%|█▍        | 1/7 [00:01<00:07,  0.79it/s, v_num=dlg7, train_loss_step=0.344, val_loss=0.504, train_loss_epoch=0.327]Epoch 50:  14%|█▍        | 1/7 [00:01<00:07,  0.79it/s, v_num=dlg7, train_loss_step=0.382, val_loss=0.504, train_loss_epoch=0.327]WARNING: vision_encoder.blocks.2.1.spatial_block.conv1.fn.dw.weight has NO gradient.
Epoch 50:  29%|██▊       | 2/7 [00:02<00:05,  0.95it/s, v_num=dlg7, train_loss_step=0.382, val_loss=0.504, train_loss_epoch=0.327]Epoch 50:  29%|██▊       | 2/7 [00:02<00:05,  0.95it/s, v_num=dlg7, train_loss_step=0.342, val_loss=0.504, train_loss_epoch=0.327]WARNING: vision_encoder.blocks.2.1.spatial_block.conv1.fn.dw.weight has NO gradient.
Epoch 50:  43%|████▎     | 3/7 [00:02<00:03,  1.02it/s, v_num=dlg7, train_loss_step=0.342, val_loss=0.504, train_loss_epoch=0.327]Epoch 50:  43%|████▎     | 3/7 [00:02<00:03,  1.02it/s, v_num=dlg7, train_loss_step=0.491, val_loss=0.504, train_loss_epoch=0.327]WARNING: vision_encoder.blocks.2.1.spatial_block.conv1.fn.dw.weight has NO gradient.
Epoch 50:  57%|█████▋    | 4/7 [00:03<00:02,  1.06it/s, v_num=dlg7, train_loss_step=0.491, val_loss=0.504, train_loss_epoch=0.327]Epoch 50:  57%|█████▋    | 4/7 [00:03<00:02,  1.06it/s, v_num=dlg7, train_loss_step=0.246, val_loss=0.504, train_loss_epoch=0.327]WARNING: vision_encoder.blocks.2.1.spatial_block.conv1.fn.dw.weight has NO gradient.
Epoch 50:  71%|███████▏  | 5/7 [00:04<00:01,  1.09it/s, v_num=dlg7, train_loss_step=0.246, val_loss=0.504, train_loss_epoch=0.327]Epoch 50:  71%|███████▏  | 5/7 [00:04<00:01,  1.09it/s, v_num=dlg7, train_loss_step=0.346, val_loss=0.504, train_loss_epoch=0.327]WARNING: vision_encoder.blocks.2.1.spatial_block.conv1.fn.dw.weight has NO gradient.
Epoch 50:  86%|████████▌ | 6/7 [00:05<00:00,  1.10it/s, v_num=dlg7, train_loss_step=0.346, val_loss=0.504, train_loss_epoch=0.327]Epoch 50:  86%|████████▌ | 6/7 [00:05<00:00,  1.10it/s, v_num=dlg7, train_loss_step=0.320, val_loss=0.504, train_loss_epoch=0.327]WARNING: vision_encoder.blocks.2.1.spatial_block.conv1.fn.dw.weight has NO gradient.
Epoch 50: 100%|██████████| 7/7 [00:05<00:00,  1.17it/s, v_num=dlg7, train_loss_step=0.320, val_loss=0.504, train_loss_epoch=0.327]Epoch 50: 100%|██████████| 7/7 [00:06<00:00,  1.17it/s, v_num=dlg7, train_loss_step=0.814, val_loss=0.504, train_loss_epoch=0.327]
Validation: |          | 0/? [00:00<?, ?it/s][A
Validation:   0%|          | 0/4 [00:00<?, ?it/s][A
Validation DataLoader 0:   0%|          | 0/4 [00:00<?, ?it/s][Atensor(1.3702, device='cuda:0')
tensor(-0.5240, device='cuda:0')

Validation DataLoader 0:  25%|██▌       | 1/4 [00:00<00:02,  1.24it/s][Atensor(0.9617, device='cuda:0')
tensor(-0.6583, device='cuda:0')

Validation DataLoader 0:  50%|█████     | 2/4 [00:01<00:01,  1.22it/s][Atensor(1.6155, device='cuda:0')
tensor(-0.5265, device='cuda:0')

Validation DataLoader 0:  75%|███████▌  | 3/4 [00:02<00:00,  1.22it/s][Atensor(0.8060, device='cuda:0')
tensor(-0.3703, device='cuda:0')

Validation DataLoader 0: 100%|██████████| 4/4 [00:02<00:00,  1.44it/s][A
==================================================
Stage: VAL
Predicted class distribution: 0s = 63, 1s = 44
Actual label distribution:    0s = 80, 1s = 27
Actual Imbalance Ratio (0:1): 2.96:1
==================================================
✅ Model is predicting both classes.

                                                                      [AEpoch 50: 100%|██████████| 7/7 [00:09<00:00,  0.73it/s, v_num=dlg7, train_loss_step=0.814, val_loss=0.501, train_loss_epoch=0.327]Epoch 50: 100%|██████████| 7/7 [00:09<00:00,  0.73it/s, v_num=dlg7, train_loss_step=0.814, val_loss=0.501, train_loss_epoch=0.400]Epoch 50:   0%|          | 0/7 [00:00<?, ?it/s, v_num=dlg7, train_loss_step=0.814, val_loss=0.501, train_loss_epoch=0.400]        Epoch 51:   0%|          | 0/7 [00:00<?, ?it/s, v_num=dlg7, train_loss_step=0.814, val_loss=0.501, train_loss_epoch=0.400]WARNING: vision_encoder.blocks.2.1.spatial_block.conv1.fn.dw.weight has NO gradient.
Epoch 51:  14%|█▍        | 1/7 [00:01<00:07,  0.80it/s, v_num=dlg7, train_loss_step=0.814, val_loss=0.501, train_loss_epoch=0.400]Epoch 51:  14%|█▍        | 1/7 [00:01<00:07,  0.80it/s, v_num=dlg7, train_loss_step=0.266, val_loss=0.501, train_loss_epoch=0.400]WARNING: vision_encoder.blocks.2.1.spatial_block.conv1.fn.dw.weight has NO gradient.
Epoch 51:  29%|██▊       | 2/7 [00:02<00:05,  0.96it/s, v_num=dlg7, train_loss_step=0.266, val_loss=0.501, train_loss_epoch=0.400]Epoch 51:  29%|██▊       | 2/7 [00:02<00:05,  0.96it/s, v_num=dlg7, train_loss_step=0.266, val_loss=0.501, train_loss_epoch=0.400]WARNING: vision_encoder.blocks.2.1.spatial_block.conv1.fn.dw.weight has NO gradient.
Epoch 51:  43%|████▎     | 3/7 [00:02<00:03,  1.03it/s, v_num=dlg7, train_loss_step=0.266, val_loss=0.501, train_loss_epoch=0.400]Epoch 51:  43%|████▎     | 3/7 [00:02<00:03,  1.03it/s, v_num=dlg7, train_loss_step=0.117, val_loss=0.501, train_loss_epoch=0.400]WARNING: vision_encoder.blocks.2.1.spatial_block.conv1.fn.dw.weight has NO gradient.
Epoch 51:  57%|█████▋    | 4/7 [00:03<00:02,  1.07it/s, v_num=dlg7, train_loss_step=0.117, val_loss=0.501, train_loss_epoch=0.400]Epoch 51:  57%|█████▋    | 4/7 [00:03<00:02,  1.07it/s, v_num=dlg7, train_loss_step=0.301, val_loss=0.501, train_loss_epoch=0.400]WARNING: vision_encoder.blocks.2.1.spatial_block.conv1.fn.dw.weight has NO gradient.
Epoch 51:  71%|███████▏  | 5/7 [00:04<00:01,  1.09it/s, v_num=dlg7, train_loss_step=0.301, val_loss=0.501, train_loss_epoch=0.400]Epoch 51:  71%|███████▏  | 5/7 [00:04<00:01,  1.09it/s, v_num=dlg7, train_loss_step=0.243, val_loss=0.501, train_loss_epoch=0.400]WARNING: vision_encoder.blocks.2.1.spatial_block.conv1.fn.dw.weight has NO gradient.
Epoch 51:  86%|████████▌ | 6/7 [00:05<00:00,  1.11it/s, v_num=dlg7, train_loss_step=0.243, val_loss=0.501, train_loss_epoch=0.400]Epoch 51:  86%|████████▌ | 6/7 [00:05<00:00,  1.11it/s, v_num=dlg7, train_loss_step=0.433, val_loss=0.501, train_loss_epoch=0.400]WARNING: vision_encoder.blocks.2.1.spatial_block.conv1.fn.dw.weight has NO gradient.
Epoch 51: 100%|██████████| 7/7 [00:05<00:00,  1.17it/s, v_num=dlg7, train_loss_step=0.433, val_loss=0.501, train_loss_epoch=0.400]Epoch 51: 100%|██████████| 7/7 [00:05<00:00,  1.17it/s, v_num=dlg7, train_loss_step=0.316, val_loss=0.501, train_loss_epoch=0.400]
Validation: |          | 0/? [00:00<?, ?it/s][A
Validation:   0%|          | 0/4 [00:00<?, ?it/s][A
Validation DataLoader 0:   0%|          | 0/4 [00:00<?, ?it/s][Atensor(1.4240, device='cuda:0')
tensor(-0.5296, device='cuda:0')

Validation DataLoader 0:  25%|██▌       | 1/4 [00:00<00:02,  1.24it/s][Atensor(0.9891, device='cuda:0')
tensor(-0.6874, device='cuda:0')

Validation DataLoader 0:  50%|█████     | 2/4 [00:01<00:01,  1.22it/s][Atensor(1.6576, device='cuda:0')
tensor(-0.5045, device='cuda:0')

Validation DataLoader 0:  75%|███████▌  | 3/4 [00:02<00:00,  1.22it/s][Atensor(0.8669, device='cuda:0')
tensor(-0.2752, device='cuda:0')

Validation DataLoader 0: 100%|██████████| 4/4 [00:02<00:00,  1.44it/s][A
==================================================
Stage: VAL
Predicted class distribution: 0s = 62, 1s = 45
Actual label distribution:    0s = 80, 1s = 27
Actual Imbalance Ratio (0:1): 2.96:1
==================================================
✅ Model is predicting both classes.

                                                                      [AEpoch 51: 100%|██████████| 7/7 [00:09<00:00,  0.76it/s, v_num=dlg7, train_loss_step=0.316, val_loss=0.505, train_loss_epoch=0.400]Epoch 51: 100%|██████████| 7/7 [00:09<00:00,  0.76it/s, v_num=dlg7, train_loss_step=0.316, val_loss=0.505, train_loss_epoch=0.276]Epoch 51:   0%|          | 0/7 [00:00<?, ?it/s, v_num=dlg7, train_loss_step=0.316, val_loss=0.505, train_loss_epoch=0.276]        Epoch 52:   0%|          | 0/7 [00:00<?, ?it/s, v_num=dlg7, train_loss_step=0.316, val_loss=0.505, train_loss_epoch=0.276]WARNING: vision_encoder.blocks.2.1.spatial_block.conv1.fn.dw.weight has NO gradient.
Epoch 52:  14%|█▍        | 1/7 [00:01<00:07,  0.79it/s, v_num=dlg7, train_loss_step=0.316, val_loss=0.505, train_loss_epoch=0.276]Epoch 52:  14%|█▍        | 1/7 [00:01<00:07,  0.79it/s, v_num=dlg7, train_loss_step=0.245, val_loss=0.505, train_loss_epoch=0.276]WARNING: vision_encoder.blocks.2.1.spatial_block.conv1.fn.dw.weight has NO gradient.
Epoch 52:  29%|██▊       | 2/7 [00:02<00:05,  0.95it/s, v_num=dlg7, train_loss_step=0.245, val_loss=0.505, train_loss_epoch=0.276]Epoch 52:  29%|██▊       | 2/7 [00:02<00:05,  0.95it/s, v_num=dlg7, train_loss_step=0.0668, val_loss=0.505, train_loss_epoch=0.276]WARNING: vision_encoder.blocks.2.1.spatial_block.conv1.fn.dw.weight has NO gradient.
Epoch 52:  43%|████▎     | 3/7 [00:02<00:03,  1.02it/s, v_num=dlg7, train_loss_step=0.0668, val_loss=0.505, train_loss_epoch=0.276]Epoch 52:  43%|████▎     | 3/7 [00:02<00:03,  1.02it/s, v_num=dlg7, train_loss_step=0.174, val_loss=0.505, train_loss_epoch=0.276] WARNING: vision_encoder.blocks.2.1.spatial_block.conv1.fn.dw.weight has NO gradient.
Epoch 52:  57%|█████▋    | 4/7 [00:03<00:02,  1.06it/s, v_num=dlg7, train_loss_step=0.174, val_loss=0.505, train_loss_epoch=0.276]Epoch 52:  57%|█████▋    | 4/7 [00:03<00:02,  1.06it/s, v_num=dlg7, train_loss_step=0.479, val_loss=0.505, train_loss_epoch=0.276]WARNING: vision_encoder.blocks.2.1.spatial_block.conv1.fn.dw.weight has NO gradient.
Epoch 52:  71%|███████▏  | 5/7 [00:04<00:01,  1.09it/s, v_num=dlg7, train_loss_step=0.479, val_loss=0.505, train_loss_epoch=0.276]Epoch 52:  71%|███████▏  | 5/7 [00:04<00:01,  1.09it/s, v_num=dlg7, train_loss_step=0.171, val_loss=0.505, train_loss_epoch=0.276]WARNING: vision_encoder.blocks.2.1.spatial_block.conv1.fn.dw.weight has NO gradient.
Epoch 52:  86%|████████▌ | 6/7 [00:05<00:00,  1.10it/s, v_num=dlg7, train_loss_step=0.171, val_loss=0.505, train_loss_epoch=0.276]Epoch 52:  86%|████████▌ | 6/7 [00:05<00:00,  1.10it/s, v_num=dlg7, train_loss_step=0.192, val_loss=0.505, train_loss_epoch=0.276]WARNING: vision_encoder.blocks.2.1.spatial_block.conv1.fn.dw.weight has NO gradient.
Epoch 52: 100%|██████████| 7/7 [00:06<00:00,  1.17it/s, v_num=dlg7, train_loss_step=0.192, val_loss=0.505, train_loss_epoch=0.276]Epoch 52: 100%|██████████| 7/7 [00:06<00:00,  1.17it/s, v_num=dlg7, train_loss_step=0.282, val_loss=0.505, train_loss_epoch=0.276]
Validation: |          | 0/? [00:00<?, ?it/s][A
Validation:   0%|          | 0/4 [00:00<?, ?it/s][A
Validation DataLoader 0:   0%|          | 0/4 [00:00<?, ?it/s][Atensor(1.4639, device='cuda:0')
tensor(-0.4967, device='cuda:0')

Validation DataLoader 0:  25%|██▌       | 1/4 [00:00<00:02,  1.24it/s][Atensor(1.0275, device='cuda:0')
tensor(-0.6627, device='cuda:0')

Validation DataLoader 0:  50%|█████     | 2/4 [00:01<00:01,  1.22it/s][Atensor(1.7118, device='cuda:0')
tensor(-0.5142, device='cuda:0')

Validation DataLoader 0:  75%|███████▌  | 3/4 [00:02<00:00,  1.22it/s][Atensor(0.9201, device='cuda:0')
tensor(-0.2826, device='cuda:0')

Validation DataLoader 0: 100%|██████████| 4/4 [00:02<00:00,  1.44it/s][A
==================================================
Stage: VAL
Predicted class distribution: 0s = 61, 1s = 46
Actual label distribution:    0s = 80, 1s = 27
Actual Imbalance Ratio (0:1): 2.96:1
==================================================
✅ Model is predicting both classes.

                                                                      [AEpoch 52: 100%|██████████| 7/7 [00:09<00:00,  0.75it/s, v_num=dlg7, train_loss_step=0.282, val_loss=0.498, train_loss_epoch=0.276]Epoch 52: 100%|██████████| 7/7 [00:09<00:00,  0.75it/s, v_num=dlg7, train_loss_step=0.282, val_loss=0.498, train_loss_epoch=0.227]Epoch 52:   0%|          | 0/7 [00:00<?, ?it/s, v_num=dlg7, train_loss_step=0.282, val_loss=0.498, train_loss_epoch=0.227]        Epoch 53:   0%|          | 0/7 [00:00<?, ?it/s, v_num=dlg7, train_loss_step=0.282, val_loss=0.498, train_loss_epoch=0.227]WARNING: vision_encoder.blocks.2.1.spatial_block.conv1.fn.dw.weight has NO gradient.
Epoch 53:  14%|█▍        | 1/7 [00:01<00:07,  0.78it/s, v_num=dlg7, train_loss_step=0.282, val_loss=0.498, train_loss_epoch=0.227]Epoch 53:  14%|█▍        | 1/7 [00:01<00:07,  0.78it/s, v_num=dlg7, train_loss_step=0.273, val_loss=0.498, train_loss_epoch=0.227]WARNING: vision_encoder.blocks.2.1.spatial_block.conv1.fn.dw.weight has NO gradient.
Epoch 53:  29%|██▊       | 2/7 [00:02<00:05,  0.95it/s, v_num=dlg7, train_loss_step=0.273, val_loss=0.498, train_loss_epoch=0.227]Epoch 53:  29%|██▊       | 2/7 [00:02<00:05,  0.95it/s, v_num=dlg7, train_loss_step=0.332, val_loss=0.498, train_loss_epoch=0.227]WARNING: vision_encoder.blocks.2.1.spatial_block.conv1.fn.dw.weight has NO gradient.
Epoch 53:  43%|████▎     | 3/7 [00:02<00:03,  1.02it/s, v_num=dlg7, train_loss_step=0.332, val_loss=0.498, train_loss_epoch=0.227]Epoch 53:  43%|████▎     | 3/7 [00:02<00:03,  1.02it/s, v_num=dlg7, train_loss_step=0.209, val_loss=0.498, train_loss_epoch=0.227]WARNING: vision_encoder.blocks.2.1.spatial_block.conv1.fn.dw.weight has NO gradient.
Epoch 53:  57%|█████▋    | 4/7 [00:03<00:02,  1.06it/s, v_num=dlg7, train_loss_step=0.209, val_loss=0.498, train_loss_epoch=0.227]Epoch 53:  57%|█████▋    | 4/7 [00:03<00:02,  1.06it/s, v_num=dlg7, train_loss_step=0.132, val_loss=0.498, train_loss_epoch=0.227]WARNING: vision_encoder.blocks.2.1.spatial_block.conv1.fn.dw.weight has NO gradient.
Epoch 53:  71%|███████▏  | 5/7 [00:04<00:01,  1.09it/s, v_num=dlg7, train_loss_step=0.132, val_loss=0.498, train_loss_epoch=0.227]Epoch 53:  71%|███████▏  | 5/7 [00:04<00:01,  1.09it/s, v_num=dlg7, train_loss_step=0.342, val_loss=0.498, train_loss_epoch=0.227]WARNING: vision_encoder.blocks.2.1.spatial_block.conv1.fn.dw.weight has NO gradient.
Epoch 53:  86%|████████▌ | 6/7 [00:05<00:00,  1.10it/s, v_num=dlg7, train_loss_step=0.342, val_loss=0.498, train_loss_epoch=0.227]Epoch 53:  86%|████████▌ | 6/7 [00:05<00:00,  1.10it/s, v_num=dlg7, train_loss_step=0.592, val_loss=0.498, train_loss_epoch=0.227]WARNING: vision_encoder.blocks.2.1.spatial_block.conv1.fn.dw.weight has NO gradient.
Epoch 53: 100%|██████████| 7/7 [00:05<00:00,  1.17it/s, v_num=dlg7, train_loss_step=0.592, val_loss=0.498, train_loss_epoch=0.227]Epoch 53: 100%|██████████| 7/7 [00:05<00:00,  1.17it/s, v_num=dlg7, train_loss_step=0.252, val_loss=0.498, train_loss_epoch=0.227]
Validation: |          | 0/? [00:00<?, ?it/s][A
Validation:   0%|          | 0/4 [00:00<?, ?it/s][A
Validation DataLoader 0:   0%|          | 0/4 [00:00<?, ?it/s][Atensor(1.4459, device='cuda:0')
tensor(-0.4988, device='cuda:0')

Validation DataLoader 0:  25%|██▌       | 1/4 [00:00<00:02,  1.24it/s][Atensor(1.0385, device='cuda:0')
tensor(-0.5788, device='cuda:0')

Validation DataLoader 0:  50%|█████     | 2/4 [00:01<00:01,  1.23it/s][Atensor(1.7351, device='cuda:0')
tensor(-0.5151, device='cuda:0')

Validation DataLoader 0:  75%|███████▌  | 3/4 [00:02<00:00,  1.22it/s][Atensor(0.9907, device='cuda:0')
tensor(-0.2355, device='cuda:0')

Validation DataLoader 0: 100%|██████████| 4/4 [00:02<00:00,  1.44it/s][A
==================================================
Stage: VAL
Predicted class distribution: 0s = 63, 1s = 44
Actual label distribution:    0s = 80, 1s = 27
Actual Imbalance Ratio (0:1): 2.96:1
==================================================
✅ Model is predicting both classes.

                                                                      [AEpoch 53: 100%|██████████| 7/7 [00:09<00:00,  0.76it/s, v_num=dlg7, train_loss_step=0.252, val_loss=0.474, train_loss_epoch=0.227]Epoch 53: 100%|██████████| 7/7 [00:09<00:00,  0.76it/s, v_num=dlg7, train_loss_step=0.252, val_loss=0.474, train_loss_epoch=0.307]Epoch 53:   0%|          | 0/7 [00:00<?, ?it/s, v_num=dlg7, train_loss_step=0.252, val_loss=0.474, train_loss_epoch=0.307]        Epoch 54:   0%|          | 0/7 [00:00<?, ?it/s, v_num=dlg7, train_loss_step=0.252, val_loss=0.474, train_loss_epoch=0.307]WARNING: vision_encoder.blocks.2.1.spatial_block.conv1.fn.dw.weight has NO gradient.
Epoch 54:  14%|█▍        | 1/7 [00:01<00:07,  0.79it/s, v_num=dlg7, train_loss_step=0.252, val_loss=0.474, train_loss_epoch=0.307]Epoch 54:  14%|█▍        | 1/7 [00:01<00:07,  0.79it/s, v_num=dlg7, train_loss_step=0.250, val_loss=0.474, train_loss_epoch=0.307]WARNING: vision_encoder.blocks.2.1.spatial_block.conv1.fn.dw.weight has NO gradient.
Epoch 54:  29%|██▊       | 2/7 [00:02<00:05,  0.95it/s, v_num=dlg7, train_loss_step=0.250, val_loss=0.474, train_loss_epoch=0.307]Epoch 54:  29%|██▊       | 2/7 [00:02<00:05,  0.95it/s, v_num=dlg7, train_loss_step=0.274, val_loss=0.474, train_loss_epoch=0.307]WARNING: vision_encoder.blocks.2.1.spatial_block.conv1.fn.dw.weight has NO gradient.
Epoch 54:  43%|████▎     | 3/7 [00:02<00:03,  1.02it/s, v_num=dlg7, train_loss_step=0.274, val_loss=0.474, train_loss_epoch=0.307]Epoch 54:  43%|████▎     | 3/7 [00:02<00:03,  1.02it/s, v_num=dlg7, train_loss_step=0.253, val_loss=0.474, train_loss_epoch=0.307]WARNING: vision_encoder.blocks.2.1.spatial_block.conv1.fn.dw.weight has NO gradient.
Epoch 54:  57%|█████▋    | 4/7 [00:03<00:02,  1.06it/s, v_num=dlg7, train_loss_step=0.253, val_loss=0.474, train_loss_epoch=0.307]Epoch 54:  57%|█████▋    | 4/7 [00:03<00:02,  1.06it/s, v_num=dlg7, train_loss_step=0.411, val_loss=0.474, train_loss_epoch=0.307]WARNING: vision_encoder.blocks.2.1.spatial_block.conv1.fn.dw.weight has NO gradient.
Epoch 54:  71%|███████▏  | 5/7 [00:04<00:01,  1.09it/s, v_num=dlg7, train_loss_step=0.411, val_loss=0.474, train_loss_epoch=0.307]Epoch 54:  71%|███████▏  | 5/7 [00:04<00:01,  1.09it/s, v_num=dlg7, train_loss_step=0.0826, val_loss=0.474, train_loss_epoch=0.307]WARNING: vision_encoder.blocks.2.1.spatial_block.conv1.fn.dw.weight has NO gradient.
Epoch 54:  86%|████████▌ | 6/7 [00:05<00:00,  1.11it/s, v_num=dlg7, train_loss_step=0.0826, val_loss=0.474, train_loss_epoch=0.307]Epoch 54:  86%|████████▌ | 6/7 [00:05<00:00,  1.11it/s, v_num=dlg7, train_loss_step=0.288, val_loss=0.474, train_loss_epoch=0.307] WARNING: vision_encoder.blocks.2.1.spatial_block.conv1.fn.dw.weight has NO gradient.
Epoch 54: 100%|██████████| 7/7 [00:05<00:00,  1.17it/s, v_num=dlg7, train_loss_step=0.288, val_loss=0.474, train_loss_epoch=0.307]Epoch 54: 100%|██████████| 7/7 [00:05<00:00,  1.17it/s, v_num=dlg7, train_loss_step=0.280, val_loss=0.474, train_loss_epoch=0.307]
Validation: |          | 0/? [00:00<?, ?it/s][A
Validation:   0%|          | 0/4 [00:00<?, ?it/s][A
Validation DataLoader 0:   0%|          | 0/4 [00:00<?, ?it/s][Atensor(1.4146, device='cuda:0')
tensor(-0.4971, device='cuda:0')

Validation DataLoader 0:  25%|██▌       | 1/4 [00:00<00:02,  1.24it/s][Atensor(1.0662, device='cuda:0')
tensor(-0.5145, device='cuda:0')

Validation DataLoader 0:  50%|█████     | 2/4 [00:01<00:01,  1.23it/s][Atensor(1.6817, device='cuda:0')
tensor(-0.5684, device='cuda:0')

Validation DataLoader 0:  75%|███████▌  | 3/4 [00:02<00:00,  1.22it/s][Atensor(0.9969, device='cuda:0')
tensor(-0.2194, device='cuda:0')

Validation DataLoader 0: 100%|██████████| 4/4 [00:02<00:00,  1.44it/s][A
==================================================
Stage: VAL
Predicted class distribution: 0s = 68, 1s = 39
Actual label distribution:    0s = 80, 1s = 27
Actual Imbalance Ratio (0:1): 2.96:1
==================================================
✅ Model is predicting both classes.

                                                                      [AEpoch 54: 100%|██████████| 7/7 [00:09<00:00,  0.74it/s, v_num=dlg7, train_loss_step=0.280, val_loss=0.470, train_loss_epoch=0.307]Epoch 54: 100%|██████████| 7/7 [00:09<00:00,  0.74it/s, v_num=dlg7, train_loss_step=0.280, val_loss=0.470, train_loss_epoch=0.262]Epoch 54:   0%|          | 0/7 [00:00<?, ?it/s, v_num=dlg7, train_loss_step=0.280, val_loss=0.470, train_loss_epoch=0.262]        Epoch 55:   0%|          | 0/7 [00:00<?, ?it/s, v_num=dlg7, train_loss_step=0.280, val_loss=0.470, train_loss_epoch=0.262]WARNING: vision_encoder.blocks.2.1.spatial_block.conv1.fn.dw.weight has NO gradient.
Epoch 55:  14%|█▍        | 1/7 [00:01<00:07,  0.79it/s, v_num=dlg7, train_loss_step=0.280, val_loss=0.470, train_loss_epoch=0.262]Epoch 55:  14%|█▍        | 1/7 [00:01<00:07,  0.79it/s, v_num=dlg7, train_loss_step=0.130, val_loss=0.470, train_loss_epoch=0.262]WARNING: vision_encoder.blocks.2.1.spatial_block.conv1.fn.dw.weight has NO gradient.
Epoch 55:  29%|██▊       | 2/7 [00:02<00:05,  0.95it/s, v_num=dlg7, train_loss_step=0.130, val_loss=0.470, train_loss_epoch=0.262]Epoch 55:  29%|██▊       | 2/7 [00:02<00:05,  0.95it/s, v_num=dlg7, train_loss_step=0.207, val_loss=0.470, train_loss_epoch=0.262]WARNING: vision_encoder.blocks.2.1.spatial_block.conv1.fn.dw.weight has NO gradient.
Epoch 55:  43%|████▎     | 3/7 [00:02<00:03,  1.02it/s, v_num=dlg7, train_loss_step=0.207, val_loss=0.470, train_loss_epoch=0.262]Epoch 55:  43%|████▎     | 3/7 [00:02<00:03,  1.02it/s, v_num=dlg7, train_loss_step=0.441, val_loss=0.470, train_loss_epoch=0.262]WARNING: vision_encoder.blocks.2.1.spatial_block.conv1.fn.dw.weight has NO gradient.
Epoch 55:  57%|█████▋    | 4/7 [00:03<00:02,  1.06it/s, v_num=dlg7, train_loss_step=0.441, val_loss=0.470, train_loss_epoch=0.262]Epoch 55:  57%|█████▋    | 4/7 [00:03<00:02,  1.06it/s, v_num=dlg7, train_loss_step=0.136, val_loss=0.470, train_loss_epoch=0.262]WARNING: vision_encoder.blocks.2.1.spatial_block.conv1.fn.dw.weight has NO gradient.
Epoch 55:  71%|███████▏  | 5/7 [00:04<00:01,  1.09it/s, v_num=dlg7, train_loss_step=0.136, val_loss=0.470, train_loss_epoch=0.262]Epoch 55:  71%|███████▏  | 5/7 [00:04<00:01,  1.09it/s, v_num=dlg7, train_loss_step=0.170, val_loss=0.470, train_loss_epoch=0.262]WARNING: vision_encoder.blocks.2.1.spatial_block.conv1.fn.dw.weight has NO gradient.
Epoch 55:  86%|████████▌ | 6/7 [00:05<00:00,  1.11it/s, v_num=dlg7, train_loss_step=0.170, val_loss=0.470, train_loss_epoch=0.262]Epoch 55:  86%|████████▌ | 6/7 [00:05<00:00,  1.11it/s, v_num=dlg7, train_loss_step=0.252, val_loss=0.470, train_loss_epoch=0.262]WARNING: vision_encoder.blocks.2.1.spatial_block.conv1.fn.dw.weight has NO gradient.
Epoch 55: 100%|██████████| 7/7 [00:05<00:00,  1.17it/s, v_num=dlg7, train_loss_step=0.252, val_loss=0.470, train_loss_epoch=0.262]Epoch 55: 100%|██████████| 7/7 [00:05<00:00,  1.17it/s, v_num=dlg7, train_loss_step=0.266, val_loss=0.470, train_loss_epoch=0.262]
Validation: |          | 0/? [00:00<?, ?it/s][A
Validation:   0%|          | 0/4 [00:00<?, ?it/s][A
Validation DataLoader 0:   0%|          | 0/4 [00:00<?, ?it/s][Atensor(1.4174, device='cuda:0')
tensor(-0.5149, device='cuda:0')

Validation DataLoader 0:  25%|██▌       | 1/4 [00:00<00:02,  1.24it/s][Atensor(1.0781, device='cuda:0')
tensor(-0.5398, device='cuda:0')

Validation DataLoader 0:  50%|█████     | 2/4 [00:01<00:01,  1.23it/s][Atensor(1.6853, device='cuda:0')
tensor(-0.6145, device='cuda:0')

Validation DataLoader 0:  75%|███████▌  | 3/4 [00:02<00:00,  1.22it/s][Atensor(0.9597, device='cuda:0')
tensor(-0.2268, device='cuda:0')

Validation DataLoader 0: 100%|██████████| 4/4 [00:02<00:00,  1.45it/s][A
==================================================
Stage: VAL
Predicted class distribution: 0s = 66, 1s = 41
Actual label distribution:    0s = 80, 1s = 27
Actual Imbalance Ratio (0:1): 2.96:1
==================================================
✅ Model is predicting both classes.

                                                                      [AEpoch 55: 100%|██████████| 7/7 [00:09<00:00,  0.74it/s, v_num=dlg7, train_loss_step=0.266, val_loss=0.479, train_loss_epoch=0.262]Epoch 55: 100%|██████████| 7/7 [00:09<00:00,  0.74it/s, v_num=dlg7, train_loss_step=0.266, val_loss=0.479, train_loss_epoch=0.227]Epoch 55:   0%|          | 0/7 [00:00<?, ?it/s, v_num=dlg7, train_loss_step=0.266, val_loss=0.479, train_loss_epoch=0.227]        Epoch 56:   0%|          | 0/7 [00:00<?, ?it/s, v_num=dlg7, train_loss_step=0.266, val_loss=0.479, train_loss_epoch=0.227]WARNING: vision_encoder.blocks.2.1.spatial_block.conv1.fn.dw.weight has NO gradient.
Epoch 56:  14%|█▍        | 1/7 [00:01<00:07,  0.79it/s, v_num=dlg7, train_loss_step=0.266, val_loss=0.479, train_loss_epoch=0.227]Epoch 56:  14%|█▍        | 1/7 [00:01<00:07,  0.79it/s, v_num=dlg7, train_loss_step=0.106, val_loss=0.479, train_loss_epoch=0.227]WARNING: vision_encoder.blocks.2.1.spatial_block.conv1.fn.dw.weight has NO gradient.
Epoch 56:  29%|██▊       | 2/7 [00:02<00:05,  0.95it/s, v_num=dlg7, train_loss_step=0.106, val_loss=0.479, train_loss_epoch=0.227]Epoch 56:  29%|██▊       | 2/7 [00:02<00:05,  0.95it/s, v_num=dlg7, train_loss_step=0.394, val_loss=0.479, train_loss_epoch=0.227]WARNING: vision_encoder.blocks.2.1.spatial_block.conv1.fn.dw.weight has NO gradient.
Epoch 56:  43%|████▎     | 3/7 [00:02<00:03,  1.02it/s, v_num=dlg7, train_loss_step=0.394, val_loss=0.479, train_loss_epoch=0.227]Epoch 56:  43%|████▎     | 3/7 [00:02<00:03,  1.02it/s, v_num=dlg7, train_loss_step=0.511, val_loss=0.479, train_loss_epoch=0.227]WARNING: vision_encoder.blocks.2.1.spatial_block.conv1.fn.dw.weight has NO gradient.
Epoch 56:  57%|█████▋    | 4/7 [00:03<00:02,  1.06it/s, v_num=dlg7, train_loss_step=0.511, val_loss=0.479, train_loss_epoch=0.227]Epoch 56:  57%|█████▋    | 4/7 [00:03<00:02,  1.06it/s, v_num=dlg7, train_loss_step=0.409, val_loss=0.479, train_loss_epoch=0.227]WARNING: vision_encoder.blocks.2.1.spatial_block.conv1.fn.dw.weight has NO gradient.
Epoch 56:  71%|███████▏  | 5/7 [00:04<00:01,  1.09it/s, v_num=dlg7, train_loss_step=0.409, val_loss=0.479, train_loss_epoch=0.227]Epoch 56:  71%|███████▏  | 5/7 [00:04<00:01,  1.09it/s, v_num=dlg7, train_loss_step=0.136, val_loss=0.479, train_loss_epoch=0.227]WARNING: vision_encoder.blocks.2.1.spatial_block.conv1.fn.dw.weight has NO gradient.
Epoch 56:  86%|████████▌ | 6/7 [00:05<00:00,  1.10it/s, v_num=dlg7, train_loss_step=0.136, val_loss=0.479, train_loss_epoch=0.227]Epoch 56:  86%|████████▌ | 6/7 [00:05<00:00,  1.10it/s, v_num=dlg7, train_loss_step=0.297, val_loss=0.479, train_loss_epoch=0.227]WARNING: vision_encoder.blocks.2.1.spatial_block.conv1.fn.dw.weight has NO gradient.
Epoch 56: 100%|██████████| 7/7 [00:05<00:00,  1.17it/s, v_num=dlg7, train_loss_step=0.297, val_loss=0.479, train_loss_epoch=0.227]Epoch 56: 100%|██████████| 7/7 [00:05<00:00,  1.17it/s, v_num=dlg7, train_loss_step=0.0982, val_loss=0.479, train_loss_epoch=0.227]
Validation: |          | 0/? [00:00<?, ?it/s][A
Validation:   0%|          | 0/4 [00:00<?, ?it/s][A
Validation DataLoader 0:   0%|          | 0/4 [00:00<?, ?it/s][Atensor(1.5249, device='cuda:0')
tensor(-0.5394, device='cuda:0')

Validation DataLoader 0:  25%|██▌       | 1/4 [00:00<00:02,  1.24it/s][Atensor(1.1023, device='cuda:0')
tensor(-0.5718, device='cuda:0')

Validation DataLoader 0:  50%|█████     | 2/4 [00:01<00:01,  1.23it/s][Atensor(1.7515, device='cuda:0')
tensor(-0.5669, device='cuda:0')

Validation DataLoader 0:  75%|███████▌  | 3/4 [00:02<00:00,  1.22it/s][Atensor(0.9909, device='cuda:0')
tensor(-0.2497, device='cuda:0')

Validation DataLoader 0: 100%|██████████| 4/4 [00:02<00:00,  1.44it/s][A
==================================================
Stage: VAL
Predicted class distribution: 0s = 69, 1s = 38
Actual label distribution:    0s = 80, 1s = 27
Actual Imbalance Ratio (0:1): 2.96:1
==================================================
✅ Model is predicting both classes.

                                                                      [AEpoch 56: 100%|██████████| 7/7 [00:09<00:00,  0.76it/s, v_num=dlg7, train_loss_step=0.0982, val_loss=0.484, train_loss_epoch=0.227]Epoch 56: 100%|██████████| 7/7 [00:09<00:00,  0.76it/s, v_num=dlg7, train_loss_step=0.0982, val_loss=0.484, train_loss_epoch=0.288]Epoch 56:   0%|          | 0/7 [00:00<?, ?it/s, v_num=dlg7, train_loss_step=0.0982, val_loss=0.484, train_loss_epoch=0.288]        Epoch 57:   0%|          | 0/7 [00:00<?, ?it/s, v_num=dlg7, train_loss_step=0.0982, val_loss=0.484, train_loss_epoch=0.288]WARNING: vision_encoder.blocks.2.1.spatial_block.conv1.fn.dw.weight has NO gradient.
Epoch 57:  14%|█▍        | 1/7 [00:01<00:07,  0.79it/s, v_num=dlg7, train_loss_step=0.0982, val_loss=0.484, train_loss_epoch=0.288]Epoch 57:  14%|█▍        | 1/7 [00:01<00:07,  0.79it/s, v_num=dlg7, train_loss_step=0.347, val_loss=0.484, train_loss_epoch=0.288] WARNING: vision_encoder.blocks.2.1.spatial_block.conv1.fn.dw.weight has NO gradient.
Epoch 57:  29%|██▊       | 2/7 [00:02<00:05,  0.95it/s, v_num=dlg7, train_loss_step=0.347, val_loss=0.484, train_loss_epoch=0.288]Epoch 57:  29%|██▊       | 2/7 [00:02<00:05,  0.95it/s, v_num=dlg7, train_loss_step=0.395, val_loss=0.484, train_loss_epoch=0.288]WARNING: vision_encoder.blocks.2.1.spatial_block.conv1.fn.dw.weight has NO gradient.
Epoch 57:  43%|████▎     | 3/7 [00:02<00:03,  1.02it/s, v_num=dlg7, train_loss_step=0.395, val_loss=0.484, train_loss_epoch=0.288]Epoch 57:  43%|████▎     | 3/7 [00:02<00:03,  1.02it/s, v_num=dlg7, train_loss_step=0.299, val_loss=0.484, train_loss_epoch=0.288]WARNING: vision_encoder.blocks.2.1.spatial_block.conv1.fn.dw.weight has NO gradient.
Epoch 57:  57%|█████▋    | 4/7 [00:03<00:02,  1.06it/s, v_num=dlg7, train_loss_step=0.299, val_loss=0.484, train_loss_epoch=0.288]Epoch 57:  57%|█████▋    | 4/7 [00:03<00:02,  1.06it/s, v_num=dlg7, train_loss_step=0.0606, val_loss=0.484, train_loss_epoch=0.288]WARNING: vision_encoder.blocks.2.1.spatial_block.conv1.fn.dw.weight has NO gradient.
Epoch 57:  71%|███████▏  | 5/7 [00:04<00:01,  1.09it/s, v_num=dlg7, train_loss_step=0.0606, val_loss=0.484, train_loss_epoch=0.288]Epoch 57:  71%|███████▏  | 5/7 [00:04<00:01,  1.09it/s, v_num=dlg7, train_loss_step=0.491, val_loss=0.484, train_loss_epoch=0.288] WARNING: vision_encoder.blocks.2.1.spatial_block.conv1.fn.dw.weight has NO gradient.
Epoch 57:  86%|████████▌ | 6/7 [00:05<00:00,  1.10it/s, v_num=dlg7, train_loss_step=0.491, val_loss=0.484, train_loss_epoch=0.288]Epoch 57:  86%|████████▌ | 6/7 [00:05<00:00,  1.10it/s, v_num=dlg7, train_loss_step=0.236, val_loss=0.484, train_loss_epoch=0.288]WARNING: vision_encoder.blocks.2.1.spatial_block.conv1.fn.dw.weight has NO gradient.
Epoch 57: 100%|██████████| 7/7 [00:05<00:00,  1.17it/s, v_num=dlg7, train_loss_step=0.236, val_loss=0.484, train_loss_epoch=0.288]Epoch 57: 100%|██████████| 7/7 [00:05<00:00,  1.17it/s, v_num=dlg7, train_loss_step=0.156, val_loss=0.484, train_loss_epoch=0.288]
Validation: |          | 0/? [00:00<?, ?it/s][A
Validation:   0%|          | 0/4 [00:00<?, ?it/s][A
Validation DataLoader 0:   0%|          | 0/4 [00:00<?, ?it/s][Atensor(1.5664, device='cuda:0')
tensor(-0.5400, device='cuda:0')

Validation DataLoader 0:  25%|██▌       | 1/4 [00:00<00:02,  1.24it/s][Atensor(1.1845, device='cuda:0')
tensor(-0.6494, device='cuda:0')

Validation DataLoader 0:  50%|█████     | 2/4 [00:01<00:01,  1.22it/s][Atensor(1.8007, device='cuda:0')
tensor(-0.5093, device='cuda:0')

Validation DataLoader 0:  75%|███████▌  | 3/4 [00:02<00:00,  1.22it/s][Atensor(0.9557, device='cuda:0')
tensor(-0.2880, device='cuda:0')

Validation DataLoader 0: 100%|██████████| 4/4 [00:02<00:00,  1.44it/s][A
==================================================
Stage: VAL
Predicted class distribution: 0s = 67, 1s = 40
Actual label distribution:    0s = 80, 1s = 27
Actual Imbalance Ratio (0:1): 2.96:1
==================================================
✅ Model is predicting both classes.

                                                                      [AEpoch 57: 100%|██████████| 7/7 [00:09<00:00,  0.76it/s, v_num=dlg7, train_loss_step=0.156, val_loss=0.500, train_loss_epoch=0.288]Epoch 57: 100%|██████████| 7/7 [00:09<00:00,  0.76it/s, v_num=dlg7, train_loss_step=0.156, val_loss=0.500, train_loss_epoch=0.290]Epoch 57:   0%|          | 0/7 [00:00<?, ?it/s, v_num=dlg7, train_loss_step=0.156, val_loss=0.500, train_loss_epoch=0.290]        Epoch 58:   0%|          | 0/7 [00:00<?, ?it/s, v_num=dlg7, train_loss_step=0.156, val_loss=0.500, train_loss_epoch=0.290]WARNING: vision_encoder.blocks.2.1.spatial_block.conv1.fn.dw.weight has NO gradient.
Epoch 58:  14%|█▍        | 1/7 [00:01<00:07,  0.79it/s, v_num=dlg7, train_loss_step=0.156, val_loss=0.500, train_loss_epoch=0.290]Epoch 58:  14%|█▍        | 1/7 [00:01<00:07,  0.79it/s, v_num=dlg7, train_loss_step=0.410, val_loss=0.500, train_loss_epoch=0.290]WARNING: vision_encoder.blocks.2.1.spatial_block.conv1.fn.dw.weight has NO gradient.
Epoch 58:  29%|██▊       | 2/7 [00:02<00:05,  0.95it/s, v_num=dlg7, train_loss_step=0.410, val_loss=0.500, train_loss_epoch=0.290]Epoch 58:  29%|██▊       | 2/7 [00:02<00:05,  0.95it/s, v_num=dlg7, train_loss_step=0.196, val_loss=0.500, train_loss_epoch=0.290]WARNING: vision_encoder.blocks.2.1.spatial_block.conv1.fn.dw.weight has NO gradient.
Epoch 58:  43%|████▎     | 3/7 [00:02<00:03,  1.02it/s, v_num=dlg7, train_loss_step=0.196, val_loss=0.500, train_loss_epoch=0.290]Epoch 58:  43%|████▎     | 3/7 [00:02<00:03,  1.02it/s, v_num=dlg7, train_loss_step=0.192, val_loss=0.500, train_loss_epoch=0.290]WARNING: vision_encoder.blocks.2.1.spatial_block.conv1.fn.dw.weight has NO gradient.
Epoch 58:  57%|█████▋    | 4/7 [00:03<00:02,  1.06it/s, v_num=dlg7, train_loss_step=0.192, val_loss=0.500, train_loss_epoch=0.290]Epoch 58:  57%|█████▋    | 4/7 [00:03<00:02,  1.06it/s, v_num=dlg7, train_loss_step=0.305, val_loss=0.500, train_loss_epoch=0.290]WARNING: vision_encoder.blocks.2.1.spatial_block.conv1.fn.dw.weight has NO gradient.
Epoch 58:  71%|███████▏  | 5/7 [00:04<00:01,  1.09it/s, v_num=dlg7, train_loss_step=0.305, val_loss=0.500, train_loss_epoch=0.290]Epoch 58:  71%|███████▏  | 5/7 [00:04<00:01,  1.09it/s, v_num=dlg7, train_loss_step=0.242, val_loss=0.500, train_loss_epoch=0.290]WARNING: vision_encoder.blocks.2.1.spatial_block.conv1.fn.dw.weight has NO gradient.
Epoch 58:  86%|████████▌ | 6/7 [00:05<00:00,  1.10it/s, v_num=dlg7, train_loss_step=0.242, val_loss=0.500, train_loss_epoch=0.290]Epoch 58:  86%|████████▌ | 6/7 [00:05<00:00,  1.10it/s, v_num=dlg7, train_loss_step=0.280, val_loss=0.500, train_loss_epoch=0.290]WARNING: vision_encoder.blocks.2.1.spatial_block.conv1.fn.dw.weight has NO gradient.
Epoch 58: 100%|██████████| 7/7 [00:06<00:00,  1.17it/s, v_num=dlg7, train_loss_step=0.280, val_loss=0.500, train_loss_epoch=0.290]Epoch 58: 100%|██████████| 7/7 [00:06<00:00,  1.17it/s, v_num=dlg7, train_loss_step=0.249, val_loss=0.500, train_loss_epoch=0.290]
Validation: |          | 0/? [00:00<?, ?it/s][A
Validation:   0%|          | 0/4 [00:00<?, ?it/s][A
Validation DataLoader 0:   0%|          | 0/4 [00:00<?, ?it/s][Atensor(1.4698, device='cuda:0')
tensor(-0.5352, device='cuda:0')

Validation DataLoader 0:  25%|██▌       | 1/4 [00:00<00:02,  1.23it/s][Atensor(1.2114, device='cuda:0')
tensor(-0.7030, device='cuda:0')

Validation DataLoader 0:  50%|█████     | 2/4 [00:01<00:01,  1.21it/s][Atensor(1.7350, device='cuda:0')
tensor(-0.5885, device='cuda:0')

Validation DataLoader 0:  75%|███████▌  | 3/4 [00:02<00:00,  1.21it/s][Atensor(0.9037, device='cuda:0')
tensor(-0.3457, device='cuda:0')

Validation DataLoader 0: 100%|██████████| 4/4 [00:02<00:00,  1.43it/s][A
==================================================
Stage: VAL
Predicted class distribution: 0s = 70, 1s = 37
Actual label distribution:    0s = 80, 1s = 27
Actual Imbalance Ratio (0:1): 2.96:1
==================================================
✅ Model is predicting both classes.

                                                                      [AEpoch 58: 100%|██████████| 7/7 [00:09<00:00,  0.75it/s, v_num=dlg7, train_loss_step=0.249, val_loss=0.508, train_loss_epoch=0.290]Epoch 58: 100%|██████████| 7/7 [00:09<00:00,  0.75it/s, v_num=dlg7, train_loss_step=0.249, val_loss=0.508, train_loss_epoch=0.269]Epoch 58:   0%|          | 0/7 [00:00<?, ?it/s, v_num=dlg7, train_loss_step=0.249, val_loss=0.508, train_loss_epoch=0.269]        Epoch 59:   0%|          | 0/7 [00:00<?, ?it/s, v_num=dlg7, train_loss_step=0.249, val_loss=0.508, train_loss_epoch=0.269]WARNING: vision_encoder.blocks.2.1.spatial_block.conv1.fn.dw.weight has NO gradient.
Epoch 59:  14%|█▍        | 1/7 [00:01<00:07,  0.79it/s, v_num=dlg7, train_loss_step=0.249, val_loss=0.508, train_loss_epoch=0.269]Epoch 59:  14%|█▍        | 1/7 [00:01<00:07,  0.78it/s, v_num=dlg7, train_loss_step=0.219, val_loss=0.508, train_loss_epoch=0.269]WARNING: vision_encoder.blocks.2.1.spatial_block.conv1.fn.dw.weight has NO gradient.
Epoch 59:  29%|██▊       | 2/7 [00:02<00:05,  0.95it/s, v_num=dlg7, train_loss_step=0.219, val_loss=0.508, train_loss_epoch=0.269]Epoch 59:  29%|██▊       | 2/7 [00:02<00:05,  0.95it/s, v_num=dlg7, train_loss_step=0.174, val_loss=0.508, train_loss_epoch=0.269]WARNING: vision_encoder.blocks.2.1.spatial_block.conv1.fn.dw.weight has NO gradient.
Epoch 59:  43%|████▎     | 3/7 [00:02<00:03,  1.02it/s, v_num=dlg7, train_loss_step=0.174, val_loss=0.508, train_loss_epoch=0.269]Epoch 59:  43%|████▎     | 3/7 [00:02<00:03,  1.02it/s, v_num=dlg7, train_loss_step=0.320, val_loss=0.508, train_loss_epoch=0.269]WARNING: vision_encoder.blocks.2.1.spatial_block.conv1.fn.dw.weight has NO gradient.
Epoch 59:  57%|█████▋    | 4/7 [00:03<00:02,  1.06it/s, v_num=dlg7, train_loss_step=0.320, val_loss=0.508, train_loss_epoch=0.269]Epoch 59:  57%|█████▋    | 4/7 [00:03<00:02,  1.06it/s, v_num=dlg7, train_loss_step=0.341, val_loss=0.508, train_loss_epoch=0.269]WARNING: vision_encoder.blocks.2.1.spatial_block.conv1.fn.dw.weight has NO gradient.
Epoch 59:  71%|███████▏  | 5/7 [00:04<00:01,  1.08it/s, v_num=dlg7, train_loss_step=0.341, val_loss=0.508, train_loss_epoch=0.269]Epoch 59:  71%|███████▏  | 5/7 [00:04<00:01,  1.08it/s, v_num=dlg7, train_loss_step=0.0986, val_loss=0.508, train_loss_epoch=0.269]WARNING: vision_encoder.blocks.2.1.spatial_block.conv1.fn.dw.weight has NO gradient.
Epoch 59:  86%|████████▌ | 6/7 [00:05<00:00,  1.10it/s, v_num=dlg7, train_loss_step=0.0986, val_loss=0.508, train_loss_epoch=0.269]Epoch 59:  86%|████████▌ | 6/7 [00:05<00:00,  1.10it/s, v_num=dlg7, train_loss_step=0.277, val_loss=0.508, train_loss_epoch=0.269] WARNING: vision_encoder.blocks.2.1.spatial_block.conv1.fn.dw.weight has NO gradient.
Epoch 59: 100%|██████████| 7/7 [00:06<00:00,  1.16it/s, v_num=dlg7, train_loss_step=0.277, val_loss=0.508, train_loss_epoch=0.269]Epoch 59: 100%|██████████| 7/7 [00:06<00:00,  1.16it/s, v_num=dlg7, train_loss_step=0.229, val_loss=0.508, train_loss_epoch=0.269]
Validation: |          | 0/? [00:00<?, ?it/s][A
Validation:   0%|          | 0/4 [00:00<?, ?it/s][A
Validation DataLoader 0:   0%|          | 0/4 [00:00<?, ?it/s][Atensor(1.5037, device='cuda:0')
tensor(-0.4984, device='cuda:0')

Validation DataLoader 0:  25%|██▌       | 1/4 [00:00<00:02,  1.23it/s][Atensor(1.2695, device='cuda:0')
tensor(-0.7182, device='cuda:0')

Validation DataLoader 0:  50%|█████     | 2/4 [00:01<00:01,  1.22it/s][Atensor(1.7621, device='cuda:0')
tensor(-0.5659, device='cuda:0')

Validation DataLoader 0:  75%|███████▌  | 3/4 [00:02<00:00,  1.21it/s][Atensor(0.9592, device='cuda:0')
tensor(-0.3222, device='cuda:0')

Validation DataLoader 0: 100%|██████████| 4/4 [00:02<00:00,  1.44it/s][A
==================================================
Stage: VAL
Predicted class distribution: 0s = 73, 1s = 34
Actual label distribution:    0s = 80, 1s = 27
Actual Imbalance Ratio (0:1): 2.96:1
==================================================
✅ Model is predicting both classes.

                                                                      [AEpoch 59: 100%|██████████| 7/7 [00:09<00:00,  0.75it/s, v_num=dlg7, train_loss_step=0.229, val_loss=0.506, train_loss_epoch=0.269]Epoch 59: 100%|██████████| 7/7 [00:09<00:00,  0.75it/s, v_num=dlg7, train_loss_step=0.229, val_loss=0.506, train_loss_epoch=0.237]Epoch 59:   0%|          | 0/7 [00:00<?, ?it/s, v_num=dlg7, train_loss_step=0.229, val_loss=0.506, train_loss_epoch=0.237]        Epoch 60:   0%|          | 0/7 [00:00<?, ?it/s, v_num=dlg7, train_loss_step=0.229, val_loss=0.506, train_loss_epoch=0.237]WARNING: vision_encoder.blocks.2.1.spatial_block.conv1.fn.dw.weight has NO gradient.
Epoch 60:  14%|█▍        | 1/7 [00:01<00:07,  0.79it/s, v_num=dlg7, train_loss_step=0.229, val_loss=0.506, train_loss_epoch=0.237]Epoch 60:  14%|█▍        | 1/7 [00:01<00:07,  0.79it/s, v_num=dlg7, train_loss_step=0.272, val_loss=0.506, train_loss_epoch=0.237]WARNING: vision_encoder.blocks.2.1.spatial_block.conv1.fn.dw.weight has NO gradient.
Epoch 60:  29%|██▊       | 2/7 [00:02<00:05,  0.95it/s, v_num=dlg7, train_loss_step=0.272, val_loss=0.506, train_loss_epoch=0.237]Epoch 60:  29%|██▊       | 2/7 [00:02<00:05,  0.95it/s, v_num=dlg7, train_loss_step=0.398, val_loss=0.506, train_loss_epoch=0.237]WARNING: vision_encoder.blocks.2.1.spatial_block.conv1.fn.dw.weight has NO gradient.
Epoch 60:  43%|████▎     | 3/7 [00:02<00:03,  1.02it/s, v_num=dlg7, train_loss_step=0.398, val_loss=0.506, train_loss_epoch=0.237]Epoch 60:  43%|████▎     | 3/7 [00:02<00:03,  1.02it/s, v_num=dlg7, train_loss_step=0.0997, val_loss=0.506, train_loss_epoch=0.237]WARNING: vision_encoder.blocks.2.1.spatial_block.conv1.fn.dw.weight has NO gradient.
Epoch 60:  57%|█████▋    | 4/7 [00:03<00:02,  1.06it/s, v_num=dlg7, train_loss_step=0.0997, val_loss=0.506, train_loss_epoch=0.237]Epoch 60:  57%|█████▋    | 4/7 [00:03<00:02,  1.06it/s, v_num=dlg7, train_loss_step=0.324, val_loss=0.506, train_loss_epoch=0.237] WARNING: vision_encoder.blocks.2.1.spatial_block.conv1.fn.dw.weight has NO gradient.
Epoch 60:  71%|███████▏  | 5/7 [00:04<00:01,  1.09it/s, v_num=dlg7, train_loss_step=0.324, val_loss=0.506, train_loss_epoch=0.237]Epoch 60:  71%|███████▏  | 5/7 [00:04<00:01,  1.09it/s, v_num=dlg7, train_loss_step=0.204, val_loss=0.506, train_loss_epoch=0.237]WARNING: vision_encoder.blocks.2.1.spatial_block.conv1.fn.dw.weight has NO gradient.
Epoch 60:  86%|████████▌ | 6/7 [00:05<00:00,  1.10it/s, v_num=dlg7, train_loss_step=0.204, val_loss=0.506, train_loss_epoch=0.237]Epoch 60:  86%|████████▌ | 6/7 [00:05<00:00,  1.10it/s, v_num=dlg7, train_loss_step=0.256, val_loss=0.506, train_loss_epoch=0.237]WARNING: vision_encoder.blocks.2.1.spatial_block.conv1.fn.dw.weight has NO gradient.
Epoch 60: 100%|██████████| 7/7 [00:05<00:00,  1.17it/s, v_num=dlg7, train_loss_step=0.256, val_loss=0.506, train_loss_epoch=0.237]Epoch 60: 100%|██████████| 7/7 [00:05<00:00,  1.17it/s, v_num=dlg7, train_loss_step=0.272, val_loss=0.506, train_loss_epoch=0.237]
Validation: |          | 0/? [00:00<?, ?it/s][A
Validation:   0%|          | 0/4 [00:00<?, ?it/s][A
Validation DataLoader 0:   0%|          | 0/4 [00:00<?, ?it/s][Atensor(1.5646, device='cuda:0')
tensor(-0.4532, device='cuda:0')

Validation DataLoader 0:  25%|██▌       | 1/4 [00:00<00:02,  1.23it/s][Atensor(1.2902, device='cuda:0')
tensor(-0.6777, device='cuda:0')

Validation DataLoader 0:  50%|█████     | 2/4 [00:01<00:01,  1.22it/s][Atensor(1.7937, device='cuda:0')
tensor(-0.5833, device='cuda:0')

Validation DataLoader 0:  75%|███████▌  | 3/4 [00:02<00:00,  1.21it/s][Atensor(1.0373, device='cuda:0')
tensor(-0.2943, device='cuda:0')

Validation DataLoader 0: 100%|██████████| 4/4 [00:02<00:00,  1.44it/s][A
==================================================
Stage: VAL
Predicted class distribution: 0s = 75, 1s = 32
Actual label distribution:    0s = 80, 1s = 27
Actual Imbalance Ratio (0:1): 2.96:1
==================================================
✅ Model is predicting both classes.

                                                                      [AEpoch 60: 100%|██████████| 7/7 [00:09<00:00,  0.72it/s, v_num=dlg7, train_loss_step=0.272, val_loss=0.492, train_loss_epoch=0.237]Epoch 60: 100%|██████████| 7/7 [00:09<00:00,  0.72it/s, v_num=dlg7, train_loss_step=0.272, val_loss=0.492, train_loss_epoch=0.260]Epoch 60:   0%|          | 0/7 [00:00<?, ?it/s, v_num=dlg7, train_loss_step=0.272, val_loss=0.492, train_loss_epoch=0.260]        Epoch 61:   0%|          | 0/7 [00:00<?, ?it/s, v_num=dlg7, train_loss_step=0.272, val_loss=0.492, train_loss_epoch=0.260]WARNING: vision_encoder.blocks.2.1.spatial_block.conv1.fn.dw.weight has NO gradient.
Epoch 61:  14%|█▍        | 1/7 [00:01<00:07,  0.81it/s, v_num=dlg7, train_loss_step=0.272, val_loss=0.492, train_loss_epoch=0.260]Epoch 61:  14%|█▍        | 1/7 [00:01<00:07,  0.81it/s, v_num=dlg7, train_loss_step=1.120, val_loss=0.492, train_loss_epoch=0.260]WARNING: vision_encoder.blocks.2.1.spatial_block.conv1.fn.dw.weight has NO gradient.
Epoch 61:  29%|██▊       | 2/7 [00:02<00:05,  0.96it/s, v_num=dlg7, train_loss_step=1.120, val_loss=0.492, train_loss_epoch=0.260]Epoch 61:  29%|██▊       | 2/7 [00:02<00:05,  0.96it/s, v_num=dlg7, train_loss_step=0.262, val_loss=0.492, train_loss_epoch=0.260]WARNING: vision_encoder.blocks.2.1.spatial_block.conv1.fn.dw.weight has NO gradient.
Epoch 61:  43%|████▎     | 3/7 [00:02<00:03,  1.03it/s, v_num=dlg7, train_loss_step=0.262, val_loss=0.492, train_loss_epoch=0.260]Epoch 61:  43%|████▎     | 3/7 [00:02<00:03,  1.03it/s, v_num=dlg7, train_loss_step=0.263, val_loss=0.492, train_loss_epoch=0.260]WARNING: vision_encoder.blocks.2.1.spatial_block.conv1.fn.dw.weight has NO gradient.
Epoch 61:  57%|█████▋    | 4/7 [00:03<00:02,  1.07it/s, v_num=dlg7, train_loss_step=0.263, val_loss=0.492, train_loss_epoch=0.260]Epoch 61:  57%|█████▋    | 4/7 [00:03<00:02,  1.07it/s, v_num=dlg7, train_loss_step=0.193, val_loss=0.492, train_loss_epoch=0.260]WARNING: vision_encoder.blocks.2.1.spatial_block.conv1.fn.dw.weight has NO gradient.
Epoch 61:  71%|███████▏  | 5/7 [00:04<00:01,  1.09it/s, v_num=dlg7, train_loss_step=0.193, val_loss=0.492, train_loss_epoch=0.260]Epoch 61:  71%|███████▏  | 5/7 [00:04<00:01,  1.09it/s, v_num=dlg7, train_loss_step=0.198, val_loss=0.492, train_loss_epoch=0.260]WARNING: vision_encoder.blocks.2.1.spatial_block.conv1.fn.dw.weight has NO gradient.
Epoch 61:  86%|████████▌ | 6/7 [00:05<00:00,  1.11it/s, v_num=dlg7, train_loss_step=0.198, val_loss=0.492, train_loss_epoch=0.260]Epoch 61:  86%|████████▌ | 6/7 [00:05<00:00,  1.11it/s, v_num=dlg7, train_loss_step=0.182, val_loss=0.492, train_loss_epoch=0.260]WARNING: vision_encoder.blocks.2.1.spatial_block.conv1.fn.dw.weight has NO gradient.
Epoch 61: 100%|██████████| 7/7 [00:05<00:00,  1.17it/s, v_num=dlg7, train_loss_step=0.182, val_loss=0.492, train_loss_epoch=0.260]Epoch 61: 100%|██████████| 7/7 [00:05<00:00,  1.17it/s, v_num=dlg7, train_loss_step=0.256, val_loss=0.492, train_loss_epoch=0.260]
Validation: |          | 0/? [00:00<?, ?it/s][A
Validation:   0%|          | 0/4 [00:00<?, ?it/s][A
Validation DataLoader 0:   0%|          | 0/4 [00:00<?, ?it/s][Atensor(1.5315, device='cuda:0')
tensor(-0.4625, device='cuda:0')

Validation DataLoader 0:  25%|██▌       | 1/4 [00:00<00:02,  1.23it/s][Atensor(1.2976, device='cuda:0')
tensor(-0.4579, device='cuda:0')

Validation DataLoader 0:  50%|█████     | 2/4 [00:01<00:01,  1.22it/s][Atensor(1.8641, device='cuda:0')
tensor(-0.5131, device='cuda:0')

Validation DataLoader 0:  75%|███████▌  | 3/4 [00:02<00:00,  1.21it/s][Atensor(1.0899, device='cuda:0')
tensor(-0.2852, device='cuda:0')

Validation DataLoader 0: 100%|██████████| 4/4 [00:02<00:00,  1.44it/s][A
==================================================
Stage: VAL
Predicted class distribution: 0s = 76, 1s = 31
Actual label distribution:    0s = 80, 1s = 27
Actual Imbalance Ratio (0:1): 2.96:1
==================================================
✅ Model is predicting both classes.

                                                                      [AEpoch 61: 100%|██████████| 7/7 [00:09<00:00,  0.76it/s, v_num=dlg7, train_loss_step=0.256, val_loss=0.473, train_loss_epoch=0.260]Epoch 61: 100%|██████████| 7/7 [00:09<00:00,  0.76it/s, v_num=dlg7, train_loss_step=0.256, val_loss=0.473, train_loss_epoch=0.358]Epoch 61:   0%|          | 0/7 [00:00<?, ?it/s, v_num=dlg7, train_loss_step=0.256, val_loss=0.473, train_loss_epoch=0.358]        Epoch 62:   0%|          | 0/7 [00:00<?, ?it/s, v_num=dlg7, train_loss_step=0.256, val_loss=0.473, train_loss_epoch=0.358]WARNING: vision_encoder.blocks.2.1.spatial_block.conv1.fn.dw.weight has NO gradient.
Epoch 62:  14%|█▍        | 1/7 [00:01<00:07,  0.78it/s, v_num=dlg7, train_loss_step=0.256, val_loss=0.473, train_loss_epoch=0.358]Epoch 62:  14%|█▍        | 1/7 [00:01<00:07,  0.78it/s, v_num=dlg7, train_loss_step=0.274, val_loss=0.473, train_loss_epoch=0.358]WARNING: vision_encoder.blocks.2.1.spatial_block.conv1.fn.dw.weight has NO gradient.
Epoch 62:  29%|██▊       | 2/7 [00:02<00:05,  0.94it/s, v_num=dlg7, train_loss_step=0.274, val_loss=0.473, train_loss_epoch=0.358]Epoch 62:  29%|██▊       | 2/7 [00:02<00:05,  0.94it/s, v_num=dlg7, train_loss_step=0.512, val_loss=0.473, train_loss_epoch=0.358]WARNING: vision_encoder.blocks.2.1.spatial_block.conv1.fn.dw.weight has NO gradient.
Epoch 62:  43%|████▎     | 3/7 [00:02<00:03,  1.01it/s, v_num=dlg7, train_loss_step=0.512, val_loss=0.473, train_loss_epoch=0.358]Epoch 62:  43%|████▎     | 3/7 [00:02<00:03,  1.01it/s, v_num=dlg7, train_loss_step=0.224, val_loss=0.473, train_loss_epoch=0.358]WARNING: vision_encoder.blocks.2.1.spatial_block.conv1.fn.dw.weight has NO gradient.
Epoch 62:  57%|█████▋    | 4/7 [00:03<00:02,  1.05it/s, v_num=dlg7, train_loss_step=0.224, val_loss=0.473, train_loss_epoch=0.358]Epoch 62:  57%|█████▋    | 4/7 [00:03<00:02,  1.05it/s, v_num=dlg7, train_loss_step=0.298, val_loss=0.473, train_loss_epoch=0.358]WARNING: vision_encoder.blocks.2.1.spatial_block.conv1.fn.dw.weight has NO gradient.
Epoch 62:  71%|███████▏  | 5/7 [00:04<00:01,  1.08it/s, v_num=dlg7, train_loss_step=0.298, val_loss=0.473, train_loss_epoch=0.358]Epoch 62:  71%|███████▏  | 5/7 [00:04<00:01,  1.08it/s, v_num=dlg7, train_loss_step=0.239, val_loss=0.473, train_loss_epoch=0.358]WARNING: vision_encoder.blocks.2.1.spatial_block.conv1.fn.dw.weight has NO gradient.
Epoch 62:  86%|████████▌ | 6/7 [00:05<00:00,  1.10it/s, v_num=dlg7, train_loss_step=0.239, val_loss=0.473, train_loss_epoch=0.358]Epoch 62:  86%|████████▌ | 6/7 [00:05<00:00,  1.10it/s, v_num=dlg7, train_loss_step=0.277, val_loss=0.473, train_loss_epoch=0.358]WARNING: vision_encoder.blocks.2.1.spatial_block.conv1.fn.dw.weight has NO gradient.
Epoch 62: 100%|██████████| 7/7 [00:06<00:00,  1.16it/s, v_num=dlg7, train_loss_step=0.277, val_loss=0.473, train_loss_epoch=0.358]Epoch 62: 100%|██████████| 7/7 [00:06<00:00,  1.16it/s, v_num=dlg7, train_loss_step=0.167, val_loss=0.473, train_loss_epoch=0.358]
Validation: |          | 0/? [00:00<?, ?it/s][A
Validation:   0%|          | 0/4 [00:00<?, ?it/s][A
Validation DataLoader 0:   0%|          | 0/4 [00:00<?, ?it/s][Atensor(1.5131, device='cuda:0')
tensor(-0.5093, device='cuda:0')

Validation DataLoader 0:  25%|██▌       | 1/4 [00:00<00:02,  1.23it/s][Atensor(1.3076, device='cuda:0')
tensor(-0.4289, device='cuda:0')

Validation DataLoader 0:  50%|█████     | 2/4 [00:01<00:01,  1.22it/s][Atensor(1.8768, device='cuda:0')
tensor(-0.5208, device='cuda:0')

Validation DataLoader 0:  75%|███████▌  | 3/4 [00:02<00:00,  1.21it/s][Atensor(1.1463, device='cuda:0')
tensor(-0.3342, device='cuda:0')

Validation DataLoader 0: 100%|██████████| 4/4 [00:02<00:00,  1.44it/s][A
==================================================
Stage: VAL
Predicted class distribution: 0s = 75, 1s = 32
Actual label distribution:    0s = 80, 1s = 27
Actual Imbalance Ratio (0:1): 2.96:1
==================================================
✅ Model is predicting both classes.

                                                                      [AEpoch 62: 100%|██████████| 7/7 [00:09<00:00,  0.75it/s, v_num=dlg7, train_loss_step=0.167, val_loss=0.468, train_loss_epoch=0.358]Epoch 62: 100%|██████████| 7/7 [00:09<00:00,  0.75it/s, v_num=dlg7, train_loss_step=0.167, val_loss=0.468, train_loss_epoch=0.290]Epoch 62:   0%|          | 0/7 [00:00<?, ?it/s, v_num=dlg7, train_loss_step=0.167, val_loss=0.468, train_loss_epoch=0.290]        Epoch 63:   0%|          | 0/7 [00:00<?, ?it/s, v_num=dlg7, train_loss_step=0.167, val_loss=0.468, train_loss_epoch=0.290]WARNING: vision_encoder.blocks.2.1.spatial_block.conv1.fn.dw.weight has NO gradient.
Epoch 63:  14%|█▍        | 1/7 [00:01<00:07,  0.79it/s, v_num=dlg7, train_loss_step=0.167, val_loss=0.468, train_loss_epoch=0.290]Epoch 63:  14%|█▍        | 1/7 [00:01<00:07,  0.79it/s, v_num=dlg7, train_loss_step=0.480, val_loss=0.468, train_loss_epoch=0.290]WARNING: vision_encoder.blocks.2.1.spatial_block.conv1.fn.dw.weight has NO gradient.
Epoch 63:  29%|██▊       | 2/7 [00:02<00:05,  0.96it/s, v_num=dlg7, train_loss_step=0.480, val_loss=0.468, train_loss_epoch=0.290]Epoch 63:  29%|██▊       | 2/7 [00:02<00:05,  0.96it/s, v_num=dlg7, train_loss_step=0.255, val_loss=0.468, train_loss_epoch=0.290]WARNING: vision_encoder.blocks.2.1.spatial_block.conv1.fn.dw.weight has NO gradient.
Epoch 63:  43%|████▎     | 3/7 [00:02<00:03,  1.03it/s, v_num=dlg7, train_loss_step=0.255, val_loss=0.468, train_loss_epoch=0.290]Epoch 63:  43%|████▎     | 3/7 [00:02<00:03,  1.03it/s, v_num=dlg7, train_loss_step=0.288, val_loss=0.468, train_loss_epoch=0.290]WARNING: vision_encoder.blocks.2.1.spatial_block.conv1.fn.dw.weight has NO gradient.
Epoch 63:  57%|█████▋    | 4/7 [00:03<00:02,  1.06it/s, v_num=dlg7, train_loss_step=0.288, val_loss=0.468, train_loss_epoch=0.290]Epoch 63:  57%|█████▋    | 4/7 [00:03<00:02,  1.06it/s, v_num=dlg7, train_loss_step=0.205, val_loss=0.468, train_loss_epoch=0.290]WARNING: vision_encoder.blocks.2.1.spatial_block.conv1.fn.dw.weight has NO gradient.
Epoch 63:  71%|███████▏  | 5/7 [00:04<00:01,  1.09it/s, v_num=dlg7, train_loss_step=0.205, val_loss=0.468, train_loss_epoch=0.290]Epoch 63:  71%|███████▏  | 5/7 [00:04<00:01,  1.09it/s, v_num=dlg7, train_loss_step=0.154, val_loss=0.468, train_loss_epoch=0.290]WARNING: vision_encoder.blocks.2.1.spatial_block.conv1.fn.dw.weight has NO gradient.
Epoch 63:  86%|████████▌ | 6/7 [00:05<00:00,  1.11it/s, v_num=dlg7, train_loss_step=0.154, val_loss=0.468, train_loss_epoch=0.290]Epoch 63:  86%|████████▌ | 6/7 [00:05<00:00,  1.11it/s, v_num=dlg7, train_loss_step=0.0808, val_loss=0.468, train_loss_epoch=0.290]WARNING: vision_encoder.blocks.2.1.spatial_block.conv1.fn.dw.weight has NO gradient.
Epoch 63: 100%|██████████| 7/7 [00:05<00:00,  1.17it/s, v_num=dlg7, train_loss_step=0.0808, val_loss=0.468, train_loss_epoch=0.290]Epoch 63: 100%|██████████| 7/7 [00:05<00:00,  1.17it/s, v_num=dlg7, train_loss_step=0.339, val_loss=0.468, train_loss_epoch=0.290] 
Validation: |          | 0/? [00:00<?, ?it/s][A
Validation:   0%|          | 0/4 [00:00<?, ?it/s][A
Validation DataLoader 0:   0%|          | 0/4 [00:00<?, ?it/s][Atensor(1.5946, device='cuda:0')
tensor(-0.5608, device='cuda:0')

Validation DataLoader 0:  25%|██▌       | 1/4 [00:00<00:02,  1.23it/s][Atensor(1.2684, device='cuda:0')
tensor(-0.4994, device='cuda:0')

Validation DataLoader 0:  50%|█████     | 2/4 [00:01<00:01,  1.22it/s][Atensor(1.9120, device='cuda:0')
tensor(-0.4620, device='cuda:0')

Validation DataLoader 0:  75%|███████▌  | 3/4 [00:02<00:00,  1.21it/s][Atensor(1.2309, device='cuda:0')
tensor(-0.2918, device='cuda:0')

Validation DataLoader 0: 100%|██████████| 4/4 [00:02<00:00,  1.44it/s][A
==================================================
Stage: VAL
Predicted class distribution: 0s = 74, 1s = 33
Actual label distribution:    0s = 80, 1s = 27
Actual Imbalance Ratio (0:1): 2.96:1
==================================================
✅ Model is predicting both classes.

                                                                      [AEpoch 63: 100%|██████████| 7/7 [00:09<00:00,  0.76it/s, v_num=dlg7, train_loss_step=0.339, val_loss=0.468, train_loss_epoch=0.290]Epoch 63: 100%|██████████| 7/7 [00:09<00:00,  0.76it/s, v_num=dlg7, train_loss_step=0.339, val_loss=0.468, train_loss_epoch=0.253]Epoch 63:   0%|          | 0/7 [00:00<?, ?it/s, v_num=dlg7, train_loss_step=0.339, val_loss=0.468, train_loss_epoch=0.253]        Epoch 64:   0%|          | 0/7 [00:00<?, ?it/s, v_num=dlg7, train_loss_step=0.339, val_loss=0.468, train_loss_epoch=0.253]WARNING: vision_encoder.blocks.2.1.spatial_block.conv1.fn.dw.weight has NO gradient.
Epoch 64:  14%|█▍        | 1/7 [00:01<00:07,  0.79it/s, v_num=dlg7, train_loss_step=0.339, val_loss=0.468, train_loss_epoch=0.253]Epoch 64:  14%|█▍        | 1/7 [00:01<00:07,  0.79it/s, v_num=dlg7, train_loss_step=0.281, val_loss=0.468, train_loss_epoch=0.253]WARNING: vision_encoder.blocks.2.1.spatial_block.conv1.fn.dw.weight has NO gradient.
Epoch 64:  29%|██▊       | 2/7 [00:02<00:05,  0.95it/s, v_num=dlg7, train_loss_step=0.281, val_loss=0.468, train_loss_epoch=0.253]Epoch 64:  29%|██▊       | 2/7 [00:02<00:05,  0.95it/s, v_num=dlg7, train_loss_step=0.319, val_loss=0.468, train_loss_epoch=0.253]WARNING: vision_encoder.blocks.2.1.spatial_block.conv1.fn.dw.weight has NO gradient.
Epoch 64:  43%|████▎     | 3/7 [00:02<00:03,  1.02it/s, v_num=dlg7, train_loss_step=0.319, val_loss=0.468, train_loss_epoch=0.253]Epoch 64:  43%|████▎     | 3/7 [00:02<00:03,  1.02it/s, v_num=dlg7, train_loss_step=0.171, val_loss=0.468, train_loss_epoch=0.253]WARNING: vision_encoder.blocks.2.1.spatial_block.conv1.fn.dw.weight has NO gradient.
Epoch 64:  57%|█████▋    | 4/7 [00:03<00:02,  1.06it/s, v_num=dlg7, train_loss_step=0.171, val_loss=0.468, train_loss_epoch=0.253]Epoch 64:  57%|█████▋    | 4/7 [00:03<00:02,  1.06it/s, v_num=dlg7, train_loss_step=0.280, val_loss=0.468, train_loss_epoch=0.253]WARNING: vision_encoder.blocks.2.1.spatial_block.conv1.fn.dw.weight has NO gradient.
Epoch 64:  71%|███████▏  | 5/7 [00:04<00:01,  1.09it/s, v_num=dlg7, train_loss_step=0.280, val_loss=0.468, train_loss_epoch=0.253]Epoch 64:  71%|███████▏  | 5/7 [00:04<00:01,  1.09it/s, v_num=dlg7, train_loss_step=0.301, val_loss=0.468, train_loss_epoch=0.253]WARNING: vision_encoder.blocks.2.1.spatial_block.conv1.fn.dw.weight has NO gradient.
Epoch 64:  86%|████████▌ | 6/7 [00:05<00:00,  1.11it/s, v_num=dlg7, train_loss_step=0.301, val_loss=0.468, train_loss_epoch=0.253]Epoch 64:  86%|████████▌ | 6/7 [00:05<00:00,  1.11it/s, v_num=dlg7, train_loss_step=0.208, val_loss=0.468, train_loss_epoch=0.253]WARNING: vision_encoder.blocks.2.1.spatial_block.conv1.fn.dw.weight has NO gradient.
Epoch 64: 100%|██████████| 7/7 [00:05<00:00,  1.17it/s, v_num=dlg7, train_loss_step=0.208, val_loss=0.468, train_loss_epoch=0.253]Epoch 64: 100%|██████████| 7/7 [00:05<00:00,  1.17it/s, v_num=dlg7, train_loss_step=0.362, val_loss=0.468, train_loss_epoch=0.253]
Validation: |          | 0/? [00:00<?, ?it/s][A
Validation:   0%|          | 0/4 [00:00<?, ?it/s][A
Validation DataLoader 0:   0%|          | 0/4 [00:00<?, ?it/s][Atensor(1.6250, device='cuda:0')
tensor(-0.5815, device='cuda:0')

Validation DataLoader 0:  25%|██▌       | 1/4 [00:00<00:02,  1.24it/s][Atensor(1.2836, device='cuda:0')
tensor(-0.5177, device='cuda:0')

Validation DataLoader 0:  50%|█████     | 2/4 [00:01<00:01,  1.23it/s][Atensor(1.9250, device='cuda:0')
tensor(-0.4493, device='cuda:0')

Validation DataLoader 0:  75%|███████▌  | 3/4 [00:02<00:00,  1.22it/s][Atensor(1.2991, device='cuda:0')
tensor(-0.3382, device='cuda:0')

Validation DataLoader 0: 100%|██████████| 4/4 [00:02<00:00,  1.45it/s][A
==================================================
Stage: VAL
Predicted class distribution: 0s = 75, 1s = 32
Actual label distribution:    0s = 80, 1s = 27
Actual Imbalance Ratio (0:1): 2.96:1
==================================================
✅ Model is predicting both classes.

                                                                      [AEpoch 64: 100%|██████████| 7/7 [00:09<00:00,  0.76it/s, v_num=dlg7, train_loss_step=0.362, val_loss=0.471, train_loss_epoch=0.253]Epoch 64: 100%|██████████| 7/7 [00:09<00:00,  0.76it/s, v_num=dlg7, train_loss_step=0.362, val_loss=0.471, train_loss_epoch=0.270]Epoch 64:   0%|          | 0/7 [00:00<?, ?it/s, v_num=dlg7, train_loss_step=0.362, val_loss=0.471, train_loss_epoch=0.270]        Epoch 65:   0%|          | 0/7 [00:00<?, ?it/s, v_num=dlg7, train_loss_step=0.362, val_loss=0.471, train_loss_epoch=0.270]WARNING: vision_encoder.blocks.2.1.spatial_block.conv1.fn.dw.weight has NO gradient.
Epoch 65:  14%|█▍        | 1/7 [00:01<00:07,  0.79it/s, v_num=dlg7, train_loss_step=0.362, val_loss=0.471, train_loss_epoch=0.270]Epoch 65:  14%|█▍        | 1/7 [00:01<00:07,  0.79it/s, v_num=dlg7, train_loss_step=0.294, val_loss=0.471, train_loss_epoch=0.270]WARNING: vision_encoder.blocks.2.1.spatial_block.conv1.fn.dw.weight has NO gradient.
Epoch 65:  29%|██▊       | 2/7 [00:02<00:05,  0.95it/s, v_num=dlg7, train_loss_step=0.294, val_loss=0.471, train_loss_epoch=0.270]Epoch 65:  29%|██▊       | 2/7 [00:02<00:05,  0.95it/s, v_num=dlg7, train_loss_step=0.179, val_loss=0.471, train_loss_epoch=0.270]WARNING: vision_encoder.blocks.2.1.spatial_block.conv1.fn.dw.weight has NO gradient.
Epoch 65:  43%|████▎     | 3/7 [00:02<00:03,  1.02it/s, v_num=dlg7, train_loss_step=0.179, val_loss=0.471, train_loss_epoch=0.270]Epoch 65:  43%|████▎     | 3/7 [00:02<00:03,  1.02it/s, v_num=dlg7, train_loss_step=0.171, val_loss=0.471, train_loss_epoch=0.270]WARNING: vision_encoder.blocks.2.1.spatial_block.conv1.fn.dw.weight has NO gradient.
Epoch 65:  57%|█████▋    | 4/7 [00:03<00:02,  1.06it/s, v_num=dlg7, train_loss_step=0.171, val_loss=0.471, train_loss_epoch=0.270]Epoch 65:  57%|█████▋    | 4/7 [00:03<00:02,  1.06it/s, v_num=dlg7, train_loss_step=0.172, val_loss=0.471, train_loss_epoch=0.270]WARNING: vision_encoder.blocks.2.1.spatial_block.conv1.fn.dw.weight has NO gradient.
Epoch 65:  71%|███████▏  | 5/7 [00:04<00:01,  1.09it/s, v_num=dlg7, train_loss_step=0.172, val_loss=0.471, train_loss_epoch=0.270]Epoch 65:  71%|███████▏  | 5/7 [00:04<00:01,  1.09it/s, v_num=dlg7, train_loss_step=0.267, val_loss=0.471, train_loss_epoch=0.270]WARNING: vision_encoder.blocks.2.1.spatial_block.conv1.fn.dw.weight has NO gradient.
Epoch 65:  86%|████████▌ | 6/7 [00:05<00:00,  1.10it/s, v_num=dlg7, train_loss_step=0.267, val_loss=0.471, train_loss_epoch=0.270]Epoch 65:  86%|████████▌ | 6/7 [00:05<00:00,  1.10it/s, v_num=dlg7, train_loss_step=0.185, val_loss=0.471, train_loss_epoch=0.270]WARNING: vision_encoder.blocks.2.1.spatial_block.conv1.fn.dw.weight has NO gradient.
Epoch 65: 100%|██████████| 7/7 [00:05<00:00,  1.17it/s, v_num=dlg7, train_loss_step=0.185, val_loss=0.471, train_loss_epoch=0.270]Epoch 65: 100%|██████████| 7/7 [00:05<00:00,  1.17it/s, v_num=dlg7, train_loss_step=0.282, val_loss=0.471, train_loss_epoch=0.270]
Validation: |          | 0/? [00:00<?, ?it/s][A
Validation:   0%|          | 0/4 [00:00<?, ?it/s][A
Validation DataLoader 0:   0%|          | 0/4 [00:00<?, ?it/s][Atensor(1.6642, device='cuda:0')
tensor(-0.6226, device='cuda:0')

Validation DataLoader 0:  25%|██▌       | 1/4 [00:00<00:02,  1.24it/s][Atensor(1.2970, device='cuda:0')
tensor(-0.5566, device='cuda:0')

Validation DataLoader 0:  50%|█████     | 2/4 [00:01<00:01,  1.22it/s][Atensor(1.9724, device='cuda:0')
tensor(-0.5017, device='cuda:0')

Validation DataLoader 0:  75%|███████▌  | 3/4 [00:02<00:00,  1.22it/s][Atensor(1.3603, device='cuda:0')
tensor(-0.3859, device='cuda:0')

Validation DataLoader 0: 100%|██████████| 4/4 [00:02<00:00,  1.44it/s][A
==================================================
Stage: VAL
Predicted class distribution: 0s = 71, 1s = 36
Actual label distribution:    0s = 80, 1s = 27
Actual Imbalance Ratio (0:1): 2.96:1
==================================================
✅ Model is predicting both classes.

                                                                      [AEpoch 65: 100%|██████████| 7/7 [00:09<00:00,  0.73it/s, v_num=dlg7, train_loss_step=0.282, val_loss=0.479, train_loss_epoch=0.270]Epoch 65: 100%|██████████| 7/7 [00:09<00:00,  0.73it/s, v_num=dlg7, train_loss_step=0.282, val_loss=0.479, train_loss_epoch=0.218]Epoch 65:   0%|          | 0/7 [00:00<?, ?it/s, v_num=dlg7, train_loss_step=0.282, val_loss=0.479, train_loss_epoch=0.218]        Epoch 66:   0%|          | 0/7 [00:00<?, ?it/s, v_num=dlg7, train_loss_step=0.282, val_loss=0.479, train_loss_epoch=0.218]WARNING: vision_encoder.blocks.2.1.spatial_block.conv1.fn.dw.weight has NO gradient.
Epoch 66:  14%|█▍        | 1/7 [00:01<00:07,  0.79it/s, v_num=dlg7, train_loss_step=0.282, val_loss=0.479, train_loss_epoch=0.218]Epoch 66:  14%|█▍        | 1/7 [00:01<00:07,  0.79it/s, v_num=dlg7, train_loss_step=0.178, val_loss=0.479, train_loss_epoch=0.218]WARNING: vision_encoder.blocks.2.1.spatial_block.conv1.fn.dw.weight has NO gradient.
Epoch 66:  29%|██▊       | 2/7 [00:02<00:05,  0.95it/s, v_num=dlg7, train_loss_step=0.178, val_loss=0.479, train_loss_epoch=0.218]Epoch 66:  29%|██▊       | 2/7 [00:02<00:05,  0.95it/s, v_num=dlg7, train_loss_step=0.281, val_loss=0.479, train_loss_epoch=0.218]WARNING: vision_encoder.blocks.2.1.spatial_block.conv1.fn.dw.weight has NO gradient.
Epoch 66:  43%|████▎     | 3/7 [00:02<00:03,  1.02it/s, v_num=dlg7, train_loss_step=0.281, val_loss=0.479, train_loss_epoch=0.218]Epoch 66:  43%|████▎     | 3/7 [00:02<00:03,  1.02it/s, v_num=dlg7, train_loss_step=0.573, val_loss=0.479, train_loss_epoch=0.218]WARNING: vision_encoder.blocks.2.1.spatial_block.conv1.fn.dw.weight has NO gradient.
Epoch 66:  57%|█████▋    | 4/7 [00:03<00:02,  1.06it/s, v_num=dlg7, train_loss_step=0.573, val_loss=0.479, train_loss_epoch=0.218]Epoch 66:  57%|█████▋    | 4/7 [00:03<00:02,  1.06it/s, v_num=dlg7, train_loss_step=0.299, val_loss=0.479, train_loss_epoch=0.218]WARNING: vision_encoder.blocks.2.1.spatial_block.conv1.fn.dw.weight has NO gradient.
Epoch 66:  71%|███████▏  | 5/7 [00:04<00:01,  1.09it/s, v_num=dlg7, train_loss_step=0.299, val_loss=0.479, train_loss_epoch=0.218]Epoch 66:  71%|███████▏  | 5/7 [00:04<00:01,  1.09it/s, v_num=dlg7, train_loss_step=0.223, val_loss=0.479, train_loss_epoch=0.218]WARNING: vision_encoder.blocks.2.1.spatial_block.conv1.fn.dw.weight has NO gradient.
Epoch 66:  86%|████████▌ | 6/7 [00:05<00:00,  1.10it/s, v_num=dlg7, train_loss_step=0.223, val_loss=0.479, train_loss_epoch=0.218]Epoch 66:  86%|████████▌ | 6/7 [00:05<00:00,  1.10it/s, v_num=dlg7, train_loss_step=0.367, val_loss=0.479, train_loss_epoch=0.218]WARNING: vision_encoder.blocks.2.1.spatial_block.conv1.fn.dw.weight has NO gradient.
Epoch 66: 100%|██████████| 7/7 [00:05<00:00,  1.17it/s, v_num=dlg7, train_loss_step=0.367, val_loss=0.479, train_loss_epoch=0.218]Epoch 66: 100%|██████████| 7/7 [00:05<00:00,  1.17it/s, v_num=dlg7, train_loss_step=0.181, val_loss=0.479, train_loss_epoch=0.218]
Validation: |          | 0/? [00:00<?, ?it/s][A
Validation:   0%|          | 0/4 [00:00<?, ?it/s][A
Validation DataLoader 0:   0%|          | 0/4 [00:00<?, ?it/s][Atensor(1.7785, device='cuda:0')
tensor(-0.6417, device='cuda:0')

Validation DataLoader 0:  25%|██▌       | 1/4 [00:00<00:02,  1.23it/s][Atensor(1.4188, device='cuda:0')
tensor(-0.5208, device='cuda:0')

Validation DataLoader 0:  50%|█████     | 2/4 [00:01<00:01,  1.22it/s][Atensor(2.1236, device='cuda:0')
tensor(-0.4817, device='cuda:0')

Validation DataLoader 0:  75%|███████▌  | 3/4 [00:02<00:00,  1.22it/s][Atensor(1.3888, device='cuda:0')
tensor(-0.4041, device='cuda:0')

Validation DataLoader 0: 100%|██████████| 4/4 [00:02<00:00,  1.44it/s][A
==================================================
Stage: VAL
Predicted class distribution: 0s = 72, 1s = 35
Actual label distribution:    0s = 80, 1s = 27
Actual Imbalance Ratio (0:1): 2.96:1
==================================================
✅ Model is predicting both classes.

                                                                      [AEpoch 66: 100%|██████████| 7/7 [00:09<00:00,  0.75it/s, v_num=dlg7, train_loss_step=0.181, val_loss=0.477, train_loss_epoch=0.218]Epoch 66: 100%|██████████| 7/7 [00:09<00:00,  0.75it/s, v_num=dlg7, train_loss_step=0.181, val_loss=0.477, train_loss_epoch=0.306]Epoch 66:   0%|          | 0/7 [00:00<?, ?it/s, v_num=dlg7, train_loss_step=0.181, val_loss=0.477, train_loss_epoch=0.306]        Epoch 67:   0%|          | 0/7 [00:00<?, ?it/s, v_num=dlg7, train_loss_step=0.181, val_loss=0.477, train_loss_epoch=0.306]WARNING: vision_encoder.blocks.2.1.spatial_block.conv1.fn.dw.weight has NO gradient.
Epoch 67:  14%|█▍        | 1/7 [00:01<00:07,  0.78it/s, v_num=dlg7, train_loss_step=0.181, val_loss=0.477, train_loss_epoch=0.306]Epoch 67:  14%|█▍        | 1/7 [00:01<00:07,  0.78it/s, v_num=dlg7, train_loss_step=0.0558, val_loss=0.477, train_loss_epoch=0.306]WARNING: vision_encoder.blocks.2.1.spatial_block.conv1.fn.dw.weight has NO gradient.
Epoch 67:  29%|██▊       | 2/7 [00:02<00:05,  0.94it/s, v_num=dlg7, train_loss_step=0.0558, val_loss=0.477, train_loss_epoch=0.306]Epoch 67:  29%|██▊       | 2/7 [00:02<00:05,  0.94it/s, v_num=dlg7, train_loss_step=0.205, val_loss=0.477, train_loss_epoch=0.306] WARNING: vision_encoder.blocks.2.1.spatial_block.conv1.fn.dw.weight has NO gradient.
Epoch 67:  43%|████▎     | 3/7 [00:02<00:03,  1.02it/s, v_num=dlg7, train_loss_step=0.205, val_loss=0.477, train_loss_epoch=0.306]Epoch 67:  43%|████▎     | 3/7 [00:02<00:03,  1.02it/s, v_num=dlg7, train_loss_step=1.040, val_loss=0.477, train_loss_epoch=0.306]WARNING: vision_encoder.blocks.2.1.spatial_block.conv1.fn.dw.weight has NO gradient.
Epoch 67:  57%|█████▋    | 4/7 [00:03<00:02,  1.06it/s, v_num=dlg7, train_loss_step=1.040, val_loss=0.477, train_loss_epoch=0.306]Epoch 67:  57%|█████▋    | 4/7 [00:03<00:02,  1.05it/s, v_num=dlg7, train_loss_step=0.232, val_loss=0.477, train_loss_epoch=0.306]WARNING: vision_encoder.blocks.2.1.spatial_block.conv1.fn.dw.weight has NO gradient.
Epoch 67:  71%|███████▏  | 5/7 [00:04<00:01,  1.08it/s, v_num=dlg7, train_loss_step=0.232, val_loss=0.477, train_loss_epoch=0.306]Epoch 67:  71%|███████▏  | 5/7 [00:04<00:01,  1.08it/s, v_num=dlg7, train_loss_step=0.185, val_loss=0.477, train_loss_epoch=0.306]WARNING: vision_encoder.blocks.2.1.spatial_block.conv1.fn.dw.weight has NO gradient.
Epoch 67:  86%|████████▌ | 6/7 [00:05<00:00,  1.10it/s, v_num=dlg7, train_loss_step=0.185, val_loss=0.477, train_loss_epoch=0.306]Epoch 67:  86%|████████▌ | 6/7 [00:05<00:00,  1.10it/s, v_num=dlg7, train_loss_step=0.274, val_loss=0.477, train_loss_epoch=0.306]WARNING: vision_encoder.blocks.2.1.spatial_block.conv1.fn.dw.weight has NO gradient.
Epoch 67: 100%|██████████| 7/7 [00:06<00:00,  1.16it/s, v_num=dlg7, train_loss_step=0.274, val_loss=0.477, train_loss_epoch=0.306]Epoch 67: 100%|██████████| 7/7 [00:06<00:00,  1.16it/s, v_num=dlg7, train_loss_step=-0.0832, val_loss=0.477, train_loss_epoch=0.306]
Validation: |          | 0/? [00:00<?, ?it/s][A
Validation:   0%|          | 0/4 [00:00<?, ?it/s][A
Validation DataLoader 0:   0%|          | 0/4 [00:00<?, ?it/s][Atensor(1.8158, device='cuda:0')
tensor(-0.6255, device='cuda:0')

Validation DataLoader 0:  25%|██▌       | 1/4 [00:00<00:02,  1.23it/s][Atensor(1.4466, device='cuda:0')
tensor(-0.4844, device='cuda:0')

Validation DataLoader 0:  50%|█████     | 2/4 [00:01<00:01,  1.22it/s][Atensor(2.1530, device='cuda:0')
tensor(-0.4538, device='cuda:0')

Validation DataLoader 0:  75%|███████▌  | 3/4 [00:02<00:00,  1.21it/s][Atensor(1.3183, device='cuda:0')
tensor(-0.3896, device='cuda:0')

Validation DataLoader 0: 100%|██████████| 4/4 [00:02<00:00,  1.44it/s][A
==================================================
Stage: VAL
Predicted class distribution: 0s = 71, 1s = 36
Actual label distribution:    0s = 80, 1s = 27
Actual Imbalance Ratio (0:1): 2.96:1
==================================================
✅ Model is predicting both classes.

                                                                      [AEpoch 67: 100%|██████████| 7/7 [00:09<00:00,  0.75it/s, v_num=dlg7, train_loss_step=-0.0832, val_loss=0.479, train_loss_epoch=0.306]Epoch 67: 100%|██████████| 7/7 [00:09<00:00,  0.75it/s, v_num=dlg7, train_loss_step=-0.0832, val_loss=0.479, train_loss_epoch=0.291]Epoch 67:   0%|          | 0/7 [00:00<?, ?it/s, v_num=dlg7, train_loss_step=-0.0832, val_loss=0.479, train_loss_epoch=0.291]        Epoch 68:   0%|          | 0/7 [00:00<?, ?it/s, v_num=dlg7, train_loss_step=-0.0832, val_loss=0.479, train_loss_epoch=0.291]WARNING: vision_encoder.blocks.2.1.spatial_block.conv1.fn.dw.weight has NO gradient.
Epoch 68:  14%|█▍        | 1/7 [00:01<00:07,  0.79it/s, v_num=dlg7, train_loss_step=-0.0832, val_loss=0.479, train_loss_epoch=0.291]Epoch 68:  14%|█▍        | 1/7 [00:01<00:07,  0.79it/s, v_num=dlg7, train_loss_step=0.247, val_loss=0.479, train_loss_epoch=0.291]  WARNING: vision_encoder.blocks.2.1.spatial_block.conv1.fn.dw.weight has NO gradient.
Epoch 68:  29%|██▊       | 2/7 [00:02<00:05,  0.95it/s, v_num=dlg7, train_loss_step=0.247, val_loss=0.479, train_loss_epoch=0.291]Epoch 68:  29%|██▊       | 2/7 [00:02<00:05,  0.95it/s, v_num=dlg7, train_loss_step=0.254, val_loss=0.479, train_loss_epoch=0.291]WARNING: vision_encoder.blocks.2.1.spatial_block.conv1.fn.dw.weight has NO gradient.
Epoch 68:  43%|████▎     | 3/7 [00:02<00:03,  1.02it/s, v_num=dlg7, train_loss_step=0.254, val_loss=0.479, train_loss_epoch=0.291]Epoch 68:  43%|████▎     | 3/7 [00:02<00:03,  1.02it/s, v_num=dlg7, train_loss_step=0.155, val_loss=0.479, train_loss_epoch=0.291]WARNING: vision_encoder.blocks.2.1.spatial_block.conv1.fn.dw.weight has NO gradient.
Epoch 68:  57%|█████▋    | 4/7 [00:03<00:02,  1.06it/s, v_num=dlg7, train_loss_step=0.155, val_loss=0.479, train_loss_epoch=0.291]Epoch 68:  57%|█████▋    | 4/7 [00:03<00:02,  1.06it/s, v_num=dlg7, train_loss_step=0.122, val_loss=0.479, train_loss_epoch=0.291]WARNING: vision_encoder.blocks.2.1.spatial_block.conv1.fn.dw.weight has NO gradient.
Epoch 68:  71%|███████▏  | 5/7 [00:04<00:01,  1.08it/s, v_num=dlg7, train_loss_step=0.122, val_loss=0.479, train_loss_epoch=0.291]Epoch 68:  71%|███████▏  | 5/7 [00:04<00:01,  1.08it/s, v_num=dlg7, train_loss_step=0.130, val_loss=0.479, train_loss_epoch=0.291]WARNING: vision_encoder.blocks.2.1.spatial_block.conv1.fn.dw.weight has NO gradient.
Epoch 68:  86%|████████▌ | 6/7 [00:05<00:00,  1.10it/s, v_num=dlg7, train_loss_step=0.130, val_loss=0.479, train_loss_epoch=0.291]Epoch 68:  86%|████████▌ | 6/7 [00:05<00:00,  1.10it/s, v_num=dlg7, train_loss_step=0.0709, val_loss=0.479, train_loss_epoch=0.291]WARNING: vision_encoder.blocks.2.1.spatial_block.conv1.fn.dw.weight has NO gradient.
Epoch 68: 100%|██████████| 7/7 [00:06<00:00,  1.16it/s, v_num=dlg7, train_loss_step=0.0709, val_loss=0.479, train_loss_epoch=0.291]Epoch 68: 100%|██████████| 7/7 [00:06<00:00,  1.16it/s, v_num=dlg7, train_loss_step=0.0483, val_loss=0.479, train_loss_epoch=0.291]
Validation: |          | 0/? [00:00<?, ?it/s][A
Validation:   0%|          | 0/4 [00:00<?, ?it/s][A
Validation DataLoader 0:   0%|          | 0/4 [00:00<?, ?it/s][Atensor(1.8485, device='cuda:0')
tensor(-0.5966, device='cuda:0')

Validation DataLoader 0:  25%|██▌       | 1/4 [00:00<00:02,  1.23it/s][Atensor(1.4962, device='cuda:0')
tensor(-0.5041, device='cuda:0')

Validation DataLoader 0:  50%|█████     | 2/4 [00:01<00:01,  1.22it/s][Atensor(2.2127, device='cuda:0')
tensor(-0.4685, device='cuda:0')

Validation DataLoader 0:  75%|███████▌  | 3/4 [00:02<00:00,  1.21it/s][Atensor(1.3752, device='cuda:0')
tensor(-0.3702, device='cuda:0')

Validation DataLoader 0: 100%|██████████| 4/4 [00:02<00:00,  1.44it/s][A
==================================================
Stage: VAL
Predicted class distribution: 0s = 73, 1s = 34
Actual label distribution:    0s = 80, 1s = 27
Actual Imbalance Ratio (0:1): 2.96:1
==================================================
✅ Model is predicting both classes.

                                                                      [AEpoch 68: 100%|██████████| 7/7 [00:09<00:00,  0.75it/s, v_num=dlg7, train_loss_step=0.0483, val_loss=0.477, train_loss_epoch=0.291]Epoch 68: 100%|██████████| 7/7 [00:09<00:00,  0.75it/s, v_num=dlg7, train_loss_step=0.0483, val_loss=0.477, train_loss_epoch=0.152]Epoch 68:   0%|          | 0/7 [00:00<?, ?it/s, v_num=dlg7, train_loss_step=0.0483, val_loss=0.477, train_loss_epoch=0.152]        Epoch 69:   0%|          | 0/7 [00:00<?, ?it/s, v_num=dlg7, train_loss_step=0.0483, val_loss=0.477, train_loss_epoch=0.152]WARNING: vision_encoder.blocks.2.1.spatial_block.conv1.fn.dw.weight has NO gradient.
Epoch 69:  14%|█▍        | 1/7 [00:01<00:07,  0.79it/s, v_num=dlg7, train_loss_step=0.0483, val_loss=0.477, train_loss_epoch=0.152]Epoch 69:  14%|█▍        | 1/7 [00:01<00:07,  0.79it/s, v_num=dlg7, train_loss_step=0.116, val_loss=0.477, train_loss_epoch=0.152] WARNING: vision_encoder.blocks.2.1.spatial_block.conv1.fn.dw.weight has NO gradient.
Epoch 69:  29%|██▊       | 2/7 [00:02<00:05,  0.95it/s, v_num=dlg7, train_loss_step=0.116, val_loss=0.477, train_loss_epoch=0.152]Epoch 69:  29%|██▊       | 2/7 [00:02<00:05,  0.95it/s, v_num=dlg7, train_loss_step=0.428, val_loss=0.477, train_loss_epoch=0.152]WARNING: vision_encoder.blocks.2.1.spatial_block.conv1.fn.dw.weight has NO gradient.
Epoch 69:  43%|████▎     | 3/7 [00:02<00:03,  1.02it/s, v_num=dlg7, train_loss_step=0.428, val_loss=0.477, train_loss_epoch=0.152]Epoch 69:  43%|████▎     | 3/7 [00:02<00:03,  1.02it/s, v_num=dlg7, train_loss_step=-0.019, val_loss=0.477, train_loss_epoch=0.152]WARNING: vision_encoder.blocks.2.1.spatial_block.conv1.fn.dw.weight has NO gradient.
Epoch 69:  57%|█████▋    | 4/7 [00:03<00:02,  1.06it/s, v_num=dlg7, train_loss_step=-0.019, val_loss=0.477, train_loss_epoch=0.152]Epoch 69:  57%|█████▋    | 4/7 [00:03<00:02,  1.06it/s, v_num=dlg7, train_loss_step=0.321, val_loss=0.477, train_loss_epoch=0.152] WARNING: vision_encoder.blocks.2.1.spatial_block.conv1.fn.dw.weight has NO gradient.
Epoch 69:  71%|███████▏  | 5/7 [00:04<00:01,  1.08it/s, v_num=dlg7, train_loss_step=0.321, val_loss=0.477, train_loss_epoch=0.152]Epoch 69:  71%|███████▏  | 5/7 [00:04<00:01,  1.08it/s, v_num=dlg7, train_loss_step=0.333, val_loss=0.477, train_loss_epoch=0.152]WARNING: vision_encoder.blocks.2.1.spatial_block.conv1.fn.dw.weight has NO gradient.
Epoch 69:  86%|████████▌ | 6/7 [00:05<00:00,  1.10it/s, v_num=dlg7, train_loss_step=0.333, val_loss=0.477, train_loss_epoch=0.152]Epoch 69:  86%|████████▌ | 6/7 [00:05<00:00,  1.10it/s, v_num=dlg7, train_loss_step=0.101, val_loss=0.477, train_loss_epoch=0.152]WARNING: vision_encoder.blocks.2.1.spatial_block.conv1.fn.dw.weight has NO gradient.
Epoch 69: 100%|██████████| 7/7 [00:06<00:00,  1.16it/s, v_num=dlg7, train_loss_step=0.101, val_loss=0.477, train_loss_epoch=0.152]Epoch 69: 100%|██████████| 7/7 [00:06<00:00,  1.16it/s, v_num=dlg7, train_loss_step=0.191, val_loss=0.477, train_loss_epoch=0.152]
Validation: |          | 0/? [00:00<?, ?it/s][A
Validation:   0%|          | 0/4 [00:00<?, ?it/s][A
Validation DataLoader 0:   0%|          | 0/4 [00:00<?, ?it/s][Atensor(1.8279, device='cuda:0')
tensor(-0.6177, device='cuda:0')

Validation DataLoader 0:  25%|██▌       | 1/4 [00:00<00:02,  1.23it/s][Atensor(1.5123, device='cuda:0')
tensor(-0.4923, device='cuda:0')

Validation DataLoader 0:  50%|█████     | 2/4 [00:01<00:01,  1.22it/s][Atensor(2.2146, device='cuda:0')
tensor(-0.5306, device='cuda:0')

Validation DataLoader 0:  75%|███████▌  | 3/4 [00:02<00:00,  1.21it/s][Atensor(1.3512, device='cuda:0')
tensor(-0.3899, device='cuda:0')

Validation DataLoader 0: 100%|██████████| 4/4 [00:02<00:00,  1.44it/s][A
==================================================
Stage: VAL
Predicted class distribution: 0s = 72, 1s = 35
Actual label distribution:    0s = 80, 1s = 27
Actual Imbalance Ratio (0:1): 2.96:1
==================================================
✅ Model is predicting both classes.

                                                                      [AEpoch 69: 100%|██████████| 7/7 [00:09<00:00,  0.75it/s, v_num=dlg7, train_loss_step=0.191, val_loss=0.477, train_loss_epoch=0.152]Epoch 69: 100%|██████████| 7/7 [00:09<00:00,  0.75it/s, v_num=dlg7, train_loss_step=0.191, val_loss=0.477, train_loss_epoch=0.211]Epoch 69:   0%|          | 0/7 [00:00<?, ?it/s, v_num=dlg7, train_loss_step=0.191, val_loss=0.477, train_loss_epoch=0.211]        Epoch 70:   0%|          | 0/7 [00:00<?, ?it/s, v_num=dlg7, train_loss_step=0.191, val_loss=0.477, train_loss_epoch=0.211]WARNING: vision_encoder.blocks.2.1.spatial_block.conv1.fn.dw.weight has NO gradient.
Epoch 70:  14%|█▍        | 1/7 [00:01<00:07,  0.79it/s, v_num=dlg7, train_loss_step=0.191, val_loss=0.477, train_loss_epoch=0.211]Epoch 70:  14%|█▍        | 1/7 [00:01<00:07,  0.79it/s, v_num=dlg7, train_loss_step=0.213, val_loss=0.477, train_loss_epoch=0.211]WARNING: vision_encoder.blocks.2.1.spatial_block.conv1.fn.dw.weight has NO gradient.
Epoch 70:  29%|██▊       | 2/7 [00:02<00:05,  0.95it/s, v_num=dlg7, train_loss_step=0.213, val_loss=0.477, train_loss_epoch=0.211]Epoch 70:  29%|██▊       | 2/7 [00:02<00:05,  0.95it/s, v_num=dlg7, train_loss_step=0.201, val_loss=0.477, train_loss_epoch=0.211]WARNING: vision_encoder.blocks.2.1.spatial_block.conv1.fn.dw.weight has NO gradient.
Epoch 70:  43%|████▎     | 3/7 [00:02<00:03,  1.02it/s, v_num=dlg7, train_loss_step=0.201, val_loss=0.477, train_loss_epoch=0.211]Epoch 70:  43%|████▎     | 3/7 [00:02<00:03,  1.02it/s, v_num=dlg7, train_loss_step=0.0368, val_loss=0.477, train_loss_epoch=0.211]WARNING: vision_encoder.blocks.2.1.spatial_block.conv1.fn.dw.weight has NO gradient.
Epoch 70:  57%|█████▋    | 4/7 [00:03<00:02,  1.06it/s, v_num=dlg7, train_loss_step=0.0368, val_loss=0.477, train_loss_epoch=0.211]Epoch 70:  57%|█████▋    | 4/7 [00:03<00:02,  1.06it/s, v_num=dlg7, train_loss_step=0.321, val_loss=0.477, train_loss_epoch=0.211] WARNING: vision_encoder.blocks.2.1.spatial_block.conv1.fn.dw.weight has NO gradient.
Epoch 70:  71%|███████▏  | 5/7 [00:04<00:01,  1.08it/s, v_num=dlg7, train_loss_step=0.321, val_loss=0.477, train_loss_epoch=0.211]Epoch 70:  71%|███████▏  | 5/7 [00:04<00:01,  1.08it/s, v_num=dlg7, train_loss_step=0.181, val_loss=0.477, train_loss_epoch=0.211]WARNING: vision_encoder.blocks.2.1.spatial_block.conv1.fn.dw.weight has NO gradient.
Epoch 70:  86%|████████▌ | 6/7 [00:05<00:00,  1.10it/s, v_num=dlg7, train_loss_step=0.181, val_loss=0.477, train_loss_epoch=0.211]Epoch 70:  86%|████████▌ | 6/7 [00:05<00:00,  1.10it/s, v_num=dlg7, train_loss_step=0.325, val_loss=0.477, train_loss_epoch=0.211]WARNING: vision_encoder.blocks.2.1.spatial_block.conv1.fn.dw.weight has NO gradient.
Epoch 70: 100%|██████████| 7/7 [00:06<00:00,  1.16it/s, v_num=dlg7, train_loss_step=0.325, val_loss=0.477, train_loss_epoch=0.211]Epoch 70: 100%|██████████| 7/7 [00:06<00:00,  1.16it/s, v_num=dlg7, train_loss_step=0.301, val_loss=0.477, train_loss_epoch=0.211]
Validation: |          | 0/? [00:00<?, ?it/s][A
Validation:   0%|          | 0/4 [00:00<?, ?it/s][A
Validation DataLoader 0:   0%|          | 0/4 [00:00<?, ?it/s][Atensor(1.7875, device='cuda:0')
tensor(-0.6612, device='cuda:0')

Validation DataLoader 0:  25%|██▌       | 1/4 [00:00<00:02,  1.23it/s][Atensor(1.4954, device='cuda:0')
tensor(-0.5805, device='cuda:0')

Validation DataLoader 0:  50%|█████     | 2/4 [00:01<00:01,  1.22it/s][Atensor(2.2075, device='cuda:0')
tensor(-0.5754, device='cuda:0')

Validation DataLoader 0:  75%|███████▌  | 3/4 [00:02<00:00,  1.21it/s][Atensor(1.2829, device='cuda:0')
tensor(-0.4181, device='cuda:0')

Validation DataLoader 0: 100%|██████████| 4/4 [00:02<00:00,  1.44it/s][A
==================================================
Stage: VAL
Predicted class distribution: 0s = 67, 1s = 40
Actual label distribution:    0s = 80, 1s = 27
Actual Imbalance Ratio (0:1): 2.96:1
==================================================
✅ Model is predicting both classes.

                                                                      [AEpoch 70: 100%|██████████| 7/7 [00:09<00:00,  0.72it/s, v_num=dlg7, train_loss_step=0.301, val_loss=0.483, train_loss_epoch=0.211]Epoch 70: 100%|██████████| 7/7 [00:09<00:00,  0.72it/s, v_num=dlg7, train_loss_step=0.301, val_loss=0.483, train_loss_epoch=0.222]Epoch 70:   0%|          | 0/7 [00:00<?, ?it/s, v_num=dlg7, train_loss_step=0.301, val_loss=0.483, train_loss_epoch=0.222]        Epoch 71:   0%|          | 0/7 [00:00<?, ?it/s, v_num=dlg7, train_loss_step=0.301, val_loss=0.483, train_loss_epoch=0.222]WARNING: vision_encoder.blocks.2.1.spatial_block.conv1.fn.dw.weight has NO gradient.
Epoch 71:  14%|█▍        | 1/7 [00:01<00:07,  0.80it/s, v_num=dlg7, train_loss_step=0.301, val_loss=0.483, train_loss_epoch=0.222]Epoch 71:  14%|█▍        | 1/7 [00:01<00:07,  0.79it/s, v_num=dlg7, train_loss_step=0.0875, val_loss=0.483, train_loss_epoch=0.222]WARNING: vision_encoder.blocks.2.1.spatial_block.conv1.fn.dw.weight has NO gradient.
Epoch 71:  29%|██▊       | 2/7 [00:02<00:05,  0.95it/s, v_num=dlg7, train_loss_step=0.0875, val_loss=0.483, train_loss_epoch=0.222]Epoch 71:  29%|██▊       | 2/7 [00:02<00:05,  0.95it/s, v_num=dlg7, train_loss_step=0.232, val_loss=0.483, train_loss_epoch=0.222] WARNING: vision_encoder.blocks.2.1.spatial_block.conv1.fn.dw.weight has NO gradient.
Epoch 71:  43%|████▎     | 3/7 [00:02<00:03,  1.02it/s, v_num=dlg7, train_loss_step=0.232, val_loss=0.483, train_loss_epoch=0.222]Epoch 71:  43%|████▎     | 3/7 [00:02<00:03,  1.02it/s, v_num=dlg7, train_loss_step=0.486, val_loss=0.483, train_loss_epoch=0.222]WARNING: vision_encoder.blocks.2.1.spatial_block.conv1.fn.dw.weight has NO gradient.
Epoch 71:  57%|█████▋    | 4/7 [00:03<00:02,  1.06it/s, v_num=dlg7, train_loss_step=0.486, val_loss=0.483, train_loss_epoch=0.222]Epoch 71:  57%|█████▋    | 4/7 [00:03<00:02,  1.06it/s, v_num=dlg7, train_loss_step=0.223, val_loss=0.483, train_loss_epoch=0.222]WARNING: vision_encoder.blocks.2.1.spatial_block.conv1.fn.dw.weight has NO gradient.
Epoch 71:  71%|███████▏  | 5/7 [00:04<00:01,  1.08it/s, v_num=dlg7, train_loss_step=0.223, val_loss=0.483, train_loss_epoch=0.222]Epoch 71:  71%|███████▏  | 5/7 [00:04<00:01,  1.08it/s, v_num=dlg7, train_loss_step=0.166, val_loss=0.483, train_loss_epoch=0.222]WARNING: vision_encoder.blocks.2.1.spatial_block.conv1.fn.dw.weight has NO gradient.
Epoch 71:  86%|████████▌ | 6/7 [00:05<00:00,  1.10it/s, v_num=dlg7, train_loss_step=0.166, val_loss=0.483, train_loss_epoch=0.222]Epoch 71:  86%|████████▌ | 6/7 [00:05<00:00,  1.10it/s, v_num=dlg7, train_loss_step=0.259, val_loss=0.483, train_loss_epoch=0.222]WARNING: vision_encoder.blocks.2.1.spatial_block.conv1.fn.dw.weight has NO gradient.
Epoch 71: 100%|██████████| 7/7 [00:06<00:00,  1.16it/s, v_num=dlg7, train_loss_step=0.259, val_loss=0.483, train_loss_epoch=0.222]Epoch 71: 100%|██████████| 7/7 [00:06<00:00,  1.16it/s, v_num=dlg7, train_loss_step=0.330, val_loss=0.483, train_loss_epoch=0.222]
Validation: |          | 0/? [00:00<?, ?it/s][A
Validation:   0%|          | 0/4 [00:00<?, ?it/s][A
Validation DataLoader 0:   0%|          | 0/4 [00:00<?, ?it/s][Atensor(1.7507, device='cuda:0')
tensor(-0.7238, device='cuda:0')

Validation DataLoader 0:  25%|██▌       | 1/4 [00:00<00:02,  1.23it/s][Atensor(1.4746, device='cuda:0')
tensor(-0.6590, device='cuda:0')

Validation DataLoader 0:  50%|█████     | 2/4 [00:01<00:01,  1.22it/s][Atensor(2.1992, device='cuda:0')
tensor(-0.5721, device='cuda:0')

Validation DataLoader 0:  75%|███████▌  | 3/4 [00:02<00:00,  1.21it/s][Atensor(1.2058, device='cuda:0')
tensor(-0.4465, device='cuda:0')

Validation DataLoader 0: 100%|██████████| 4/4 [00:02<00:00,  1.44it/s][A
==================================================
Stage: VAL
Predicted class distribution: 0s = 64, 1s = 43
Actual label distribution:    0s = 80, 1s = 27
Actual Imbalance Ratio (0:1): 2.96:1
==================================================
✅ Model is predicting both classes.

                                                                      [AEpoch 71: 100%|██████████| 7/7 [00:09<00:00,  0.75it/s, v_num=dlg7, train_loss_step=0.330, val_loss=0.489, train_loss_epoch=0.222]Epoch 71: 100%|██████████| 7/7 [00:09<00:00,  0.75it/s, v_num=dlg7, train_loss_step=0.330, val_loss=0.489, train_loss_epoch=0.251]Epoch 71:   0%|          | 0/7 [00:00<?, ?it/s, v_num=dlg7, train_loss_step=0.330, val_loss=0.489, train_loss_epoch=0.251]        Epoch 72:   0%|          | 0/7 [00:00<?, ?it/s, v_num=dlg7, train_loss_step=0.330, val_loss=0.489, train_loss_epoch=0.251]WARNING: vision_encoder.blocks.2.1.spatial_block.conv1.fn.dw.weight has NO gradient.
Epoch 72:  14%|█▍        | 1/7 [00:01<00:07,  0.79it/s, v_num=dlg7, train_loss_step=0.330, val_loss=0.489, train_loss_epoch=0.251]Epoch 72:  14%|█▍        | 1/7 [00:01<00:07,  0.79it/s, v_num=dlg7, train_loss_step=0.201, val_loss=0.489, train_loss_epoch=0.251]WARNING: vision_encoder.blocks.2.1.spatial_block.conv1.fn.dw.weight has NO gradient.
Epoch 72:  29%|██▊       | 2/7 [00:02<00:05,  0.95it/s, v_num=dlg7, train_loss_step=0.201, val_loss=0.489, train_loss_epoch=0.251]Epoch 72:  29%|██▊       | 2/7 [00:02<00:05,  0.95it/s, v_num=dlg7, train_loss_step=-0.0343, val_loss=0.489, train_loss_epoch=0.251]WARNING: vision_encoder.blocks.2.1.spatial_block.conv1.fn.dw.weight has NO gradient.
Epoch 72:  43%|████▎     | 3/7 [00:02<00:03,  1.02it/s, v_num=dlg7, train_loss_step=-0.0343, val_loss=0.489, train_loss_epoch=0.251]Epoch 72:  43%|████▎     | 3/7 [00:02<00:03,  1.02it/s, v_num=dlg7, train_loss_step=0.294, val_loss=0.489, train_loss_epoch=0.251]  WARNING: vision_encoder.blocks.2.1.spatial_block.conv1.fn.dw.weight has NO gradient.
Epoch 72:  57%|█████▋    | 4/7 [00:03<00:02,  1.06it/s, v_num=dlg7, train_loss_step=0.294, val_loss=0.489, train_loss_epoch=0.251]Epoch 72:  57%|█████▋    | 4/7 [00:03<00:02,  1.06it/s, v_num=dlg7, train_loss_step=0.139, val_loss=0.489, train_loss_epoch=0.251]WARNING: vision_encoder.blocks.2.1.spatial_block.conv1.fn.dw.weight has NO gradient.
Epoch 72:  71%|███████▏  | 5/7 [00:04<00:01,  1.08it/s, v_num=dlg7, train_loss_step=0.139, val_loss=0.489, train_loss_epoch=0.251]Epoch 72:  71%|███████▏  | 5/7 [00:04<00:01,  1.08it/s, v_num=dlg7, train_loss_step=0.301, val_loss=0.489, train_loss_epoch=0.251]WARNING: vision_encoder.blocks.2.1.spatial_block.conv1.fn.dw.weight has NO gradient.
Epoch 72:  86%|████████▌ | 6/7 [00:05<00:00,  1.10it/s, v_num=dlg7, train_loss_step=0.301, val_loss=0.489, train_loss_epoch=0.251]Epoch 72:  86%|████████▌ | 6/7 [00:05<00:00,  1.10it/s, v_num=dlg7, train_loss_step=0.202, val_loss=0.489, train_loss_epoch=0.251]WARNING: vision_encoder.blocks.2.1.spatial_block.conv1.fn.dw.weight has NO gradient.
Epoch 72: 100%|██████████| 7/7 [00:06<00:00,  1.17it/s, v_num=dlg7, train_loss_step=0.202, val_loss=0.489, train_loss_epoch=0.251]Epoch 72: 100%|██████████| 7/7 [00:06<00:00,  1.17it/s, v_num=dlg7, train_loss_step=0.391, val_loss=0.489, train_loss_epoch=0.251]
Validation: |          | 0/? [00:00<?, ?it/s][A
Validation:   0%|          | 0/4 [00:00<?, ?it/s][A
Validation DataLoader 0:   0%|          | 0/4 [00:00<?, ?it/s][Atensor(1.8195, device='cuda:0')
tensor(-0.7059, device='cuda:0')

Validation DataLoader 0:  25%|██▌       | 1/4 [00:00<00:02,  1.23it/s][Atensor(1.5325, device='cuda:0')
tensor(-0.6699, device='cuda:0')

Validation DataLoader 0:  50%|█████     | 2/4 [00:01<00:01,  1.22it/s][Atensor(2.2940, device='cuda:0')
tensor(-0.4854, device='cuda:0')

Validation DataLoader 0:  75%|███████▌  | 3/4 [00:02<00:00,  1.21it/s][Atensor(1.2289, device='cuda:0')
tensor(-0.4381, device='cuda:0')

Validation DataLoader 0: 100%|██████████| 4/4 [00:02<00:00,  1.43it/s][A
==================================================
Stage: VAL
Predicted class distribution: 0s = 64, 1s = 43
Actual label distribution:    0s = 80, 1s = 27
Actual Imbalance Ratio (0:1): 2.96:1
==================================================
✅ Model is predicting both classes.

                                                                      [AEpoch 72: 100%|██████████| 7/7 [00:09<00:00,  0.75it/s, v_num=dlg7, train_loss_step=0.391, val_loss=0.485, train_loss_epoch=0.251]Epoch 72: 100%|██████████| 7/7 [00:09<00:00,  0.75it/s, v_num=dlg7, train_loss_step=0.391, val_loss=0.485, train_loss_epoch=0.204]Epoch 72:   0%|          | 0/7 [00:00<?, ?it/s, v_num=dlg7, train_loss_step=0.391, val_loss=0.485, train_loss_epoch=0.204]        Epoch 73:   0%|          | 0/7 [00:00<?, ?it/s, v_num=dlg7, train_loss_step=0.391, val_loss=0.485, train_loss_epoch=0.204]WARNING: vision_encoder.blocks.2.1.spatial_block.conv1.fn.dw.weight has NO gradient.
Epoch 73:  14%|█▍        | 1/7 [00:01<00:07,  0.80it/s, v_num=dlg7, train_loss_step=0.391, val_loss=0.485, train_loss_epoch=0.204]Epoch 73:  14%|█▍        | 1/7 [00:01<00:07,  0.79it/s, v_num=dlg7, train_loss_step=0.163, val_loss=0.485, train_loss_epoch=0.204]WARNING: vision_encoder.blocks.2.1.spatial_block.conv1.fn.dw.weight has NO gradient.
Epoch 73:  29%|██▊       | 2/7 [00:02<00:05,  0.96it/s, v_num=dlg7, train_loss_step=0.163, val_loss=0.485, train_loss_epoch=0.204]Epoch 73:  29%|██▊       | 2/7 [00:02<00:05,  0.96it/s, v_num=dlg7, train_loss_step=0.173, val_loss=0.485, train_loss_epoch=0.204]WARNING: vision_encoder.blocks.2.1.spatial_block.conv1.fn.dw.weight has NO gradient.
Epoch 73:  43%|████▎     | 3/7 [00:02<00:03,  1.02it/s, v_num=dlg7, train_loss_step=0.173, val_loss=0.485, train_loss_epoch=0.204]Epoch 73:  43%|████▎     | 3/7 [00:02<00:03,  1.02it/s, v_num=dlg7, train_loss_step=0.226, val_loss=0.485, train_loss_epoch=0.204]WARNING: vision_encoder.blocks.2.1.spatial_block.conv1.fn.dw.weight has NO gradient.
Epoch 73:  57%|█████▋    | 4/7 [00:03<00:02,  1.06it/s, v_num=dlg7, train_loss_step=0.226, val_loss=0.485, train_loss_epoch=0.204]Epoch 73:  57%|█████▋    | 4/7 [00:03<00:02,  1.06it/s, v_num=dlg7, train_loss_step=0.110, val_loss=0.485, train_loss_epoch=0.204]WARNING: vision_encoder.blocks.2.1.spatial_block.conv1.fn.dw.weight has NO gradient.
Epoch 73:  71%|███████▏  | 5/7 [00:04<00:01,  1.09it/s, v_num=dlg7, train_loss_step=0.110, val_loss=0.485, train_loss_epoch=0.204]Epoch 73:  71%|███████▏  | 5/7 [00:04<00:01,  1.09it/s, v_num=dlg7, train_loss_step=0.355, val_loss=0.485, train_loss_epoch=0.204]WARNING: vision_encoder.blocks.2.1.spatial_block.conv1.fn.dw.weight has NO gradient.
Epoch 73:  86%|████████▌ | 6/7 [00:05<00:00,  1.10it/s, v_num=dlg7, train_loss_step=0.355, val_loss=0.485, train_loss_epoch=0.204]Epoch 73:  86%|████████▌ | 6/7 [00:05<00:00,  1.10it/s, v_num=dlg7, train_loss_step=0.226, val_loss=0.485, train_loss_epoch=0.204]WARNING: vision_encoder.blocks.2.1.spatial_block.conv1.fn.dw.weight has NO gradient.
Epoch 73: 100%|██████████| 7/7 [00:06<00:00,  1.17it/s, v_num=dlg7, train_loss_step=0.226, val_loss=0.485, train_loss_epoch=0.204]Epoch 73: 100%|██████████| 7/7 [00:06<00:00,  1.17it/s, v_num=dlg7, train_loss_step=0.289, val_loss=0.485, train_loss_epoch=0.204]
Validation: |          | 0/? [00:00<?, ?it/s][A
Validation:   0%|          | 0/4 [00:00<?, ?it/s][A
Validation DataLoader 0:   0%|          | 0/4 [00:00<?, ?it/s][Atensor(1.8757, device='cuda:0')
tensor(-0.6929, device='cuda:0')

Validation DataLoader 0:  25%|██▌       | 1/4 [00:00<00:02,  1.23it/s][Atensor(1.5706, device='cuda:0')
tensor(-0.7054, device='cuda:0')

Validation DataLoader 0:  50%|█████     | 2/4 [00:01<00:01,  1.22it/s][Atensor(2.3314, device='cuda:0')
tensor(-0.4478, device='cuda:0')

Validation DataLoader 0:  75%|███████▌  | 3/4 [00:02<00:00,  1.21it/s][Atensor(1.2933, device='cuda:0')
tensor(-0.4644, device='cuda:0')

Validation DataLoader 0: 100%|██████████| 4/4 [00:02<00:00,  1.44it/s][A
==================================================
Stage: VAL
Predicted class distribution: 0s = 64, 1s = 43
Actual label distribution:    0s = 80, 1s = 27
Actual Imbalance Ratio (0:1): 2.96:1
==================================================
✅ Model is predicting both classes.

                                                                      [AEpoch 73: 100%|██████████| 7/7 [00:09<00:00,  0.76it/s, v_num=dlg7, train_loss_step=0.289, val_loss=0.486, train_loss_epoch=0.204]Epoch 73: 100%|██████████| 7/7 [00:09<00:00,  0.76it/s, v_num=dlg7, train_loss_step=0.289, val_loss=0.486, train_loss_epoch=0.217]Epoch 73:   0%|          | 0/7 [00:00<?, ?it/s, v_num=dlg7, train_loss_step=0.289, val_loss=0.486, train_loss_epoch=0.217]        Epoch 74:   0%|          | 0/7 [00:00<?, ?it/s, v_num=dlg7, train_loss_step=0.289, val_loss=0.486, train_loss_epoch=0.217]WARNING: vision_encoder.blocks.2.1.spatial_block.conv1.fn.dw.weight has NO gradient.
Epoch 74:  14%|█▍        | 1/7 [00:01<00:07,  0.78it/s, v_num=dlg7, train_loss_step=0.289, val_loss=0.486, train_loss_epoch=0.217]Epoch 74:  14%|█▍        | 1/7 [00:01<00:07,  0.78it/s, v_num=dlg7, train_loss_step=0.248, val_loss=0.486, train_loss_epoch=0.217]WARNING: vision_encoder.blocks.2.1.spatial_block.conv1.fn.dw.weight has NO gradient.
Epoch 74:  29%|██▊       | 2/7 [00:02<00:05,  0.95it/s, v_num=dlg7, train_loss_step=0.248, val_loss=0.486, train_loss_epoch=0.217]Epoch 74:  29%|██▊       | 2/7 [00:02<00:05,  0.95it/s, v_num=dlg7, train_loss_step=0.124, val_loss=0.486, train_loss_epoch=0.217]WARNING: vision_encoder.blocks.2.1.spatial_block.conv1.fn.dw.weight has NO gradient.
Epoch 74:  43%|████▎     | 3/7 [00:02<00:03,  1.01it/s, v_num=dlg7, train_loss_step=0.124, val_loss=0.486, train_loss_epoch=0.217]Epoch 74:  43%|████▎     | 3/7 [00:02<00:03,  1.01it/s, v_num=dlg7, train_loss_step=0.135, val_loss=0.486, train_loss_epoch=0.217]WARNING: vision_encoder.blocks.2.1.spatial_block.conv1.fn.dw.weight has NO gradient.
Epoch 74:  57%|█████▋    | 4/7 [00:03<00:02,  1.05it/s, v_num=dlg7, train_loss_step=0.135, val_loss=0.486, train_loss_epoch=0.217]Epoch 74:  57%|█████▋    | 4/7 [00:03<00:02,  1.05it/s, v_num=dlg7, train_loss_step=0.204, val_loss=0.486, train_loss_epoch=0.217]WARNING: vision_encoder.blocks.2.1.spatial_block.conv1.fn.dw.weight has NO gradient.
Epoch 74:  71%|███████▏  | 5/7 [00:04<00:01,  1.08it/s, v_num=dlg7, train_loss_step=0.204, val_loss=0.486, train_loss_epoch=0.217]Epoch 74:  71%|███████▏  | 5/7 [00:04<00:01,  1.08it/s, v_num=dlg7, train_loss_step=0.0754, val_loss=0.486, train_loss_epoch=0.217]WARNING: vision_encoder.blocks.2.1.spatial_block.conv1.fn.dw.weight has NO gradient.
Epoch 74:  86%|████████▌ | 6/7 [00:05<00:00,  1.10it/s, v_num=dlg7, train_loss_step=0.0754, val_loss=0.486, train_loss_epoch=0.217]Epoch 74:  86%|████████▌ | 6/7 [00:05<00:00,  1.10it/s, v_num=dlg7, train_loss_step=0.198, val_loss=0.486, train_loss_epoch=0.217] WARNING: vision_encoder.blocks.2.1.spatial_block.conv1.fn.dw.weight has NO gradient.
Epoch 74: 100%|██████████| 7/7 [00:06<00:00,  1.16it/s, v_num=dlg7, train_loss_step=0.198, val_loss=0.486, train_loss_epoch=0.217]Epoch 74: 100%|██████████| 7/7 [00:06<00:00,  1.16it/s, v_num=dlg7, train_loss_step=0.126, val_loss=0.486, train_loss_epoch=0.217]
Validation: |          | 0/? [00:00<?, ?it/s][A
Validation:   0%|          | 0/4 [00:00<?, ?it/s][A
Validation DataLoader 0:   0%|          | 0/4 [00:00<?, ?it/s][Atensor(1.9155, device='cuda:0')
tensor(-0.6843, device='cuda:0')

Validation DataLoader 0:  25%|██▌       | 1/4 [00:00<00:02,  1.23it/s][Atensor(1.5961, device='cuda:0')
tensor(-0.6798, device='cuda:0')

Validation DataLoader 0:  50%|█████     | 2/4 [00:01<00:01,  1.22it/s][Atensor(2.3364, device='cuda:0')
tensor(-0.4418, device='cuda:0')

Validation DataLoader 0:  75%|███████▌  | 3/4 [00:02<00:00,  1.21it/s][Atensor(1.2977, device='cuda:0')
tensor(-0.4572, device='cuda:0')

Validation DataLoader 0: 100%|██████████| 4/4 [00:02<00:00,  1.44it/s][A
==================================================
Stage: VAL
Predicted class distribution: 0s = 66, 1s = 41
Actual label distribution:    0s = 80, 1s = 27
Actual Imbalance Ratio (0:1): 2.96:1
==================================================
✅ Model is predicting both classes.

                                                                      [AEpoch 74: 100%|██████████| 7/7 [00:09<00:00,  0.75it/s, v_num=dlg7, train_loss_step=0.126, val_loss=0.489, train_loss_epoch=0.217]Epoch 74: 100%|██████████| 7/7 [00:09<00:00,  0.75it/s, v_num=dlg7, train_loss_step=0.126, val_loss=0.489, train_loss_epoch=0.160]Epoch 74:   0%|          | 0/7 [00:00<?, ?it/s, v_num=dlg7, train_loss_step=0.126, val_loss=0.489, train_loss_epoch=0.160]        Epoch 75:   0%|          | 0/7 [00:00<?, ?it/s, v_num=dlg7, train_loss_step=0.126, val_loss=0.489, train_loss_epoch=0.160]WARNING: vision_encoder.blocks.2.1.spatial_block.conv1.fn.dw.weight has NO gradient.
Epoch 75:  14%|█▍        | 1/7 [00:01<00:07,  0.78it/s, v_num=dlg7, train_loss_step=0.126, val_loss=0.489, train_loss_epoch=0.160]Epoch 75:  14%|█▍        | 1/7 [00:01<00:07,  0.78it/s, v_num=dlg7, train_loss_step=0.121, val_loss=0.489, train_loss_epoch=0.160]WARNING: vision_encoder.blocks.2.1.spatial_block.conv1.fn.dw.weight has NO gradient.
Epoch 75:  29%|██▊       | 2/7 [00:02<00:05,  0.94it/s, v_num=dlg7, train_loss_step=0.121, val_loss=0.489, train_loss_epoch=0.160]Epoch 75:  29%|██▊       | 2/7 [00:02<00:05,  0.94it/s, v_num=dlg7, train_loss_step=0.0588, val_loss=0.489, train_loss_epoch=0.160]WARNING: vision_encoder.blocks.2.1.spatial_block.conv1.fn.dw.weight has NO gradient.
Epoch 75:  43%|████▎     | 3/7 [00:02<00:03,  1.01it/s, v_num=dlg7, train_loss_step=0.0588, val_loss=0.489, train_loss_epoch=0.160]Epoch 75:  43%|████▎     | 3/7 [00:02<00:03,  1.01it/s, v_num=dlg7, train_loss_step=0.324, val_loss=0.489, train_loss_epoch=0.160] WARNING: vision_encoder.blocks.2.1.spatial_block.conv1.fn.dw.weight has NO gradient.
Epoch 75:  57%|█████▋    | 4/7 [00:03<00:02,  1.05it/s, v_num=dlg7, train_loss_step=0.324, val_loss=0.489, train_loss_epoch=0.160]Epoch 75:  57%|█████▋    | 4/7 [00:03<00:02,  1.05it/s, v_num=dlg7, train_loss_step=0.0678, val_loss=0.489, train_loss_epoch=0.160]WARNING: vision_encoder.blocks.2.1.spatial_block.conv1.fn.dw.weight has NO gradient.
Epoch 75:  71%|███████▏  | 5/7 [00:04<00:01,  1.08it/s, v_num=dlg7, train_loss_step=0.0678, val_loss=0.489, train_loss_epoch=0.160]Epoch 75:  71%|███████▏  | 5/7 [00:04<00:01,  1.08it/s, v_num=dlg7, train_loss_step=0.133, val_loss=0.489, train_loss_epoch=0.160] WARNING: vision_encoder.blocks.2.1.spatial_block.conv1.fn.dw.weight has NO gradient.
Epoch 75:  86%|████████▌ | 6/7 [00:05<00:00,  1.09it/s, v_num=dlg7, train_loss_step=0.133, val_loss=0.489, train_loss_epoch=0.160]Epoch 75:  86%|████████▌ | 6/7 [00:05<00:00,  1.09it/s, v_num=dlg7, train_loss_step=0.297, val_loss=0.489, train_loss_epoch=0.160]WARNING: vision_encoder.blocks.2.1.spatial_block.conv1.fn.dw.weight has NO gradient.
Epoch 75: 100%|██████████| 7/7 [00:06<00:00,  1.16it/s, v_num=dlg7, train_loss_step=0.297, val_loss=0.489, train_loss_epoch=0.160]Epoch 75: 100%|██████████| 7/7 [00:06<00:00,  1.16it/s, v_num=dlg7, train_loss_step=0.298, val_loss=0.489, train_loss_epoch=0.160]
Validation: |          | 0/? [00:00<?, ?it/s][A
Validation:   0%|          | 0/4 [00:00<?, ?it/s][A
Validation DataLoader 0:   0%|          | 0/4 [00:00<?, ?it/s][Atensor(1.9020, device='cuda:0')
tensor(-0.6964, device='cuda:0')

Validation DataLoader 0:  25%|██▌       | 1/4 [00:00<00:02,  1.23it/s][Atensor(1.5684, device='cuda:0')
tensor(-0.7056, device='cuda:0')

Validation DataLoader 0:  50%|█████     | 2/4 [00:01<00:01,  1.22it/s][Atensor(2.2819, device='cuda:0')
tensor(-0.4907, device='cuda:0')

Validation DataLoader 0:  75%|███████▌  | 3/4 [00:02<00:00,  1.21it/s][Atensor(1.2679, device='cuda:0')
tensor(-0.4787, device='cuda:0')

Validation DataLoader 0: 100%|██████████| 4/4 [00:02<00:00,  1.44it/s][A
==================================================
Stage: VAL
Predicted class distribution: 0s = 65, 1s = 42
Actual label distribution:    0s = 80, 1s = 27
Actual Imbalance Ratio (0:1): 2.96:1
==================================================
✅ Model is predicting both classes.

                                                                      [AEpoch 75: 100%|██████████| 7/7 [00:09<00:00,  0.73it/s, v_num=dlg7, train_loss_step=0.298, val_loss=0.494, train_loss_epoch=0.160]Epoch 75: 100%|██████████| 7/7 [00:09<00:00,  0.73it/s, v_num=dlg7, train_loss_step=0.298, val_loss=0.494, train_loss_epoch=0.180]Epoch 75:   0%|          | 0/7 [00:00<?, ?it/s, v_num=dlg7, train_loss_step=0.298, val_loss=0.494, train_loss_epoch=0.180]        Epoch 76:   0%|          | 0/7 [00:00<?, ?it/s, v_num=dlg7, train_loss_step=0.298, val_loss=0.494, train_loss_epoch=0.180]WARNING: vision_encoder.blocks.2.1.spatial_block.conv1.fn.dw.weight has NO gradient.
Epoch 76:  14%|█▍        | 1/7 [00:01<00:07,  0.79it/s, v_num=dlg7, train_loss_step=0.298, val_loss=0.494, train_loss_epoch=0.180]Epoch 76:  14%|█▍        | 1/7 [00:01<00:07,  0.79it/s, v_num=dlg7, train_loss_step=0.204, val_loss=0.494, train_loss_epoch=0.180]WARNING: vision_encoder.blocks.2.1.spatial_block.conv1.fn.dw.weight has NO gradient.
Epoch 76:  29%|██▊       | 2/7 [00:02<00:05,  0.95it/s, v_num=dlg7, train_loss_step=0.204, val_loss=0.494, train_loss_epoch=0.180]Epoch 76:  29%|██▊       | 2/7 [00:02<00:05,  0.95it/s, v_num=dlg7, train_loss_step=0.355, val_loss=0.494, train_loss_epoch=0.180]WARNING: vision_encoder.blocks.2.1.spatial_block.conv1.fn.dw.weight has NO gradient.
Epoch 76:  43%|████▎     | 3/7 [00:02<00:03,  1.02it/s, v_num=dlg7, train_loss_step=0.355, val_loss=0.494, train_loss_epoch=0.180]Epoch 76:  43%|████▎     | 3/7 [00:02<00:03,  1.02it/s, v_num=dlg7, train_loss_step=0.479, val_loss=0.494, train_loss_epoch=0.180]WARNING: vision_encoder.blocks.2.1.spatial_block.conv1.fn.dw.weight has NO gradient.
Epoch 76:  57%|█████▋    | 4/7 [00:03<00:02,  1.06it/s, v_num=dlg7, train_loss_step=0.479, val_loss=0.494, train_loss_epoch=0.180]Epoch 76:  57%|█████▋    | 4/7 [00:03<00:02,  1.06it/s, v_num=dlg7, train_loss_step=0.116, val_loss=0.494, train_loss_epoch=0.180]WARNING: vision_encoder.blocks.2.1.spatial_block.conv1.fn.dw.weight has NO gradient.
Epoch 76:  71%|███████▏  | 5/7 [00:04<00:01,  1.08it/s, v_num=dlg7, train_loss_step=0.116, val_loss=0.494, train_loss_epoch=0.180]Epoch 76:  71%|███████▏  | 5/7 [00:04<00:01,  1.08it/s, v_num=dlg7, train_loss_step=0.194, val_loss=0.494, train_loss_epoch=0.180]WARNING: vision_encoder.blocks.2.1.spatial_block.conv1.fn.dw.weight has NO gradient.
Epoch 76:  86%|████████▌ | 6/7 [00:05<00:00,  1.10it/s, v_num=dlg7, train_loss_step=0.194, val_loss=0.494, train_loss_epoch=0.180]Epoch 76:  86%|████████▌ | 6/7 [00:05<00:00,  1.10it/s, v_num=dlg7, train_loss_step=0.199, val_loss=0.494, train_loss_epoch=0.180]WARNING: vision_encoder.blocks.2.1.spatial_block.conv1.fn.dw.weight has NO gradient.
Epoch 76: 100%|██████████| 7/7 [00:06<00:00,  1.16it/s, v_num=dlg7, train_loss_step=0.199, val_loss=0.494, train_loss_epoch=0.180]Epoch 76: 100%|██████████| 7/7 [00:06<00:00,  1.16it/s, v_num=dlg7, train_loss_step=0.100, val_loss=0.494, train_loss_epoch=0.180]
Validation: |          | 0/? [00:00<?, ?it/s][A
Validation:   0%|          | 0/4 [00:00<?, ?it/s][A
Validation DataLoader 0:   0%|          | 0/4 [00:00<?, ?it/s][Atensor(1.8609, device='cuda:0')
tensor(-0.6319, device='cuda:0')

Validation DataLoader 0:  25%|██▌       | 1/4 [00:00<00:02,  1.23it/s][Atensor(1.5396, device='cuda:0')
tensor(-0.6552, device='cuda:0')

Validation DataLoader 0:  50%|█████     | 2/4 [00:01<00:01,  1.22it/s][Atensor(2.2631, device='cuda:0')
tensor(-0.4649, device='cuda:0')

Validation DataLoader 0:  75%|███████▌  | 3/4 [00:02<00:00,  1.21it/s][Atensor(1.2808, device='cuda:0')
tensor(-0.3807, device='cuda:0')

Validation DataLoader 0: 100%|██████████| 4/4 [00:02<00:00,  1.44it/s][A
==================================================
Stage: VAL
Predicted class distribution: 0s = 70, 1s = 37
Actual label distribution:    0s = 80, 1s = 27
Actual Imbalance Ratio (0:1): 2.96:1
==================================================
✅ Model is predicting both classes.

                                                                      [AEpoch 76: 100%|██████████| 7/7 [00:09<00:00,  0.75it/s, v_num=dlg7, train_loss_step=0.100, val_loss=0.484, train_loss_epoch=0.180]Epoch 76: 100%|██████████| 7/7 [00:09<00:00,  0.75it/s, v_num=dlg7, train_loss_step=0.100, val_loss=0.484, train_loss_epoch=0.242]Epoch 76:   0%|          | 0/7 [00:00<?, ?it/s, v_num=dlg7, train_loss_step=0.100, val_loss=0.484, train_loss_epoch=0.242]        Epoch 77:   0%|          | 0/7 [00:00<?, ?it/s, v_num=dlg7, train_loss_step=0.100, val_loss=0.484, train_loss_epoch=0.242]WARNING: vision_encoder.blocks.2.1.spatial_block.conv1.fn.dw.weight has NO gradient.
Epoch 77:  14%|█▍        | 1/7 [00:01<00:07,  0.79it/s, v_num=dlg7, train_loss_step=0.100, val_loss=0.484, train_loss_epoch=0.242]Epoch 77:  14%|█▍        | 1/7 [00:01<00:07,  0.79it/s, v_num=dlg7, train_loss_step=0.118, val_loss=0.484, train_loss_epoch=0.242]WARNING: vision_encoder.blocks.2.1.spatial_block.conv1.fn.dw.weight has NO gradient.
Epoch 77:  29%|██▊       | 2/7 [00:02<00:05,  0.95it/s, v_num=dlg7, train_loss_step=0.118, val_loss=0.484, train_loss_epoch=0.242]Epoch 77:  29%|██▊       | 2/7 [00:02<00:05,  0.95it/s, v_num=dlg7, train_loss_step=0.0779, val_loss=0.484, train_loss_epoch=0.242]WARNING: vision_encoder.blocks.2.1.spatial_block.conv1.fn.dw.weight has NO gradient.
Epoch 77:  43%|████▎     | 3/7 [00:02<00:03,  1.02it/s, v_num=dlg7, train_loss_step=0.0779, val_loss=0.484, train_loss_epoch=0.242]Epoch 77:  43%|████▎     | 3/7 [00:02<00:03,  1.02it/s, v_num=dlg7, train_loss_step=0.151, val_loss=0.484, train_loss_epoch=0.242] WARNING: vision_encoder.blocks.2.1.spatial_block.conv1.fn.dw.weight has NO gradient.
Epoch 77:  57%|█████▋    | 4/7 [00:03<00:02,  1.06it/s, v_num=dlg7, train_loss_step=0.151, val_loss=0.484, train_loss_epoch=0.242]Epoch 77:  57%|█████▋    | 4/7 [00:03<00:02,  1.06it/s, v_num=dlg7, train_loss_step=0.0904, val_loss=0.484, train_loss_epoch=0.242]WARNING: vision_encoder.blocks.2.1.spatial_block.conv1.fn.dw.weight has NO gradient.
Epoch 77:  71%|███████▏  | 5/7 [00:04<00:01,  1.08it/s, v_num=dlg7, train_loss_step=0.0904, val_loss=0.484, train_loss_epoch=0.242]Epoch 77:  71%|███████▏  | 5/7 [00:04<00:01,  1.08it/s, v_num=dlg7, train_loss_step=0.230, val_loss=0.484, train_loss_epoch=0.242] WARNING: vision_encoder.blocks.2.1.spatial_block.conv1.fn.dw.weight has NO gradient.
Epoch 77:  86%|████████▌ | 6/7 [00:05<00:00,  1.10it/s, v_num=dlg7, train_loss_step=0.230, val_loss=0.484, train_loss_epoch=0.242]Epoch 77:  86%|████████▌ | 6/7 [00:05<00:00,  1.10it/s, v_num=dlg7, train_loss_step=0.274, val_loss=0.484, train_loss_epoch=0.242]WARNING: vision_encoder.blocks.2.1.spatial_block.conv1.fn.dw.weight has NO gradient.
Epoch 77: 100%|██████████| 7/7 [00:06<00:00,  1.16it/s, v_num=dlg7, train_loss_step=0.274, val_loss=0.484, train_loss_epoch=0.242]Epoch 77: 100%|██████████| 7/7 [00:06<00:00,  1.16it/s, v_num=dlg7, train_loss_step=0.219, val_loss=0.484, train_loss_epoch=0.242]
Validation: |          | 0/? [00:00<?, ?it/s][A
Validation:   0%|          | 0/4 [00:00<?, ?it/s][A
Validation DataLoader 0:   0%|          | 0/4 [00:00<?, ?it/s][Atensor(1.7141, device='cuda:0')
tensor(-0.6164, device='cuda:0')

Validation DataLoader 0:  25%|██▌       | 1/4 [00:00<00:02,  1.23it/s][Atensor(1.4013, device='cuda:0')
tensor(-0.6952, device='cuda:0')

Validation DataLoader 0:  50%|█████     | 2/4 [00:01<00:01,  1.21it/s][Atensor(2.1403, device='cuda:0')
tensor(-0.5134, device='cuda:0')

Validation DataLoader 0:  75%|███████▌  | 3/4 [00:02<00:00,  1.21it/s][Atensor(1.2646, device='cuda:0')
tensor(-0.3141, device='cuda:0')

Validation DataLoader 0: 100%|██████████| 4/4 [00:02<00:00,  1.43it/s][A
==================================================
Stage: VAL
Predicted class distribution: 0s = 69, 1s = 38
Actual label distribution:    0s = 80, 1s = 27
Actual Imbalance Ratio (0:1): 2.96:1
==================================================
✅ Model is predicting both classes.

                                                                      [AEpoch 77: 100%|██████████| 7/7 [00:09<00:00,  0.76it/s, v_num=dlg7, train_loss_step=0.219, val_loss=0.481, train_loss_epoch=0.242]Epoch 77: 100%|██████████| 7/7 [00:09<00:00,  0.75it/s, v_num=dlg7, train_loss_step=0.219, val_loss=0.481, train_loss_epoch=0.163]Epoch 77:   0%|          | 0/7 [00:00<?, ?it/s, v_num=dlg7, train_loss_step=0.219, val_loss=0.481, train_loss_epoch=0.163]        Epoch 78:   0%|          | 0/7 [00:00<?, ?it/s, v_num=dlg7, train_loss_step=0.219, val_loss=0.481, train_loss_epoch=0.163]WARNING: vision_encoder.blocks.2.1.spatial_block.conv1.fn.dw.weight has NO gradient.
Epoch 78:  14%|█▍        | 1/7 [00:01<00:07,  0.79it/s, v_num=dlg7, train_loss_step=0.219, val_loss=0.481, train_loss_epoch=0.163]Epoch 78:  14%|█▍        | 1/7 [00:01<00:07,  0.79it/s, v_num=dlg7, train_loss_step=0.089, val_loss=0.481, train_loss_epoch=0.163]WARNING: vision_encoder.blocks.2.1.spatial_block.conv1.fn.dw.weight has NO gradient.
Epoch 78:  29%|██▊       | 2/7 [00:02<00:05,  0.95it/s, v_num=dlg7, train_loss_step=0.089, val_loss=0.481, train_loss_epoch=0.163]Epoch 78:  29%|██▊       | 2/7 [00:02<00:05,  0.95it/s, v_num=dlg7, train_loss_step=0.0295, val_loss=0.481, train_loss_epoch=0.163]WARNING: vision_encoder.blocks.2.1.spatial_block.conv1.fn.dw.weight has NO gradient.
Epoch 78:  43%|████▎     | 3/7 [00:02<00:03,  1.02it/s, v_num=dlg7, train_loss_step=0.0295, val_loss=0.481, train_loss_epoch=0.163]Epoch 78:  43%|████▎     | 3/7 [00:02<00:03,  1.02it/s, v_num=dlg7, train_loss_step=0.168, val_loss=0.481, train_loss_epoch=0.163] WARNING: vision_encoder.blocks.2.1.spatial_block.conv1.fn.dw.weight has NO gradient.
Epoch 78:  57%|█████▋    | 4/7 [00:03<00:02,  1.06it/s, v_num=dlg7, train_loss_step=0.168, val_loss=0.481, train_loss_epoch=0.163]Epoch 78:  57%|█████▋    | 4/7 [00:03<00:02,  1.06it/s, v_num=dlg7, train_loss_step=0.292, val_loss=0.481, train_loss_epoch=0.163]WARNING: vision_encoder.blocks.2.1.spatial_block.conv1.fn.dw.weight has NO gradient.
Epoch 78:  71%|███████▏  | 5/7 [00:04<00:01,  1.09it/s, v_num=dlg7, train_loss_step=0.292, val_loss=0.481, train_loss_epoch=0.163]Epoch 78:  71%|███████▏  | 5/7 [00:04<00:01,  1.09it/s, v_num=dlg7, train_loss_step=0.458, val_loss=0.481, train_loss_epoch=0.163]WARNING: vision_encoder.blocks.2.1.spatial_block.conv1.fn.dw.weight has NO gradient.
Epoch 78:  86%|████████▌ | 6/7 [00:05<00:00,  1.10it/s, v_num=dlg7, train_loss_step=0.458, val_loss=0.481, train_loss_epoch=0.163]Epoch 78:  86%|████████▌ | 6/7 [00:05<00:00,  1.10it/s, v_num=dlg7, train_loss_step=0.101, val_loss=0.481, train_loss_epoch=0.163]WARNING: vision_encoder.blocks.2.1.spatial_block.conv1.fn.dw.weight has NO gradient.
Epoch 78: 100%|██████████| 7/7 [00:06<00:00,  1.17it/s, v_num=dlg7, train_loss_step=0.101, val_loss=0.481, train_loss_epoch=0.163]Epoch 78: 100%|██████████| 7/7 [00:06<00:00,  1.17it/s, v_num=dlg7, train_loss_step=0.412, val_loss=0.481, train_loss_epoch=0.163]
Validation: |          | 0/? [00:00<?, ?it/s][A
Validation:   0%|          | 0/4 [00:00<?, ?it/s][A
Validation DataLoader 0:   0%|          | 0/4 [00:00<?, ?it/s][Atensor(1.5906, device='cuda:0')
tensor(-0.6397, device='cuda:0')

Validation DataLoader 0:  25%|██▌       | 1/4 [00:00<00:02,  1.23it/s][Atensor(1.2673, device='cuda:0')
tensor(-0.7322, device='cuda:0')

Validation DataLoader 0:  50%|█████     | 2/4 [00:01<00:01,  1.22it/s][Atensor(2.0128, device='cuda:0')
tensor(-0.6179, device='cuda:0')

Validation DataLoader 0:  75%|███████▌  | 3/4 [00:02<00:00,  1.21it/s][Atensor(1.2260, device='cuda:0')
tensor(-0.3265, device='cuda:0')

Validation DataLoader 0: 100%|██████████| 4/4 [00:02<00:00,  1.44it/s][A
==================================================
Stage: VAL
Predicted class distribution: 0s = 69, 1s = 38
Actual label distribution:    0s = 80, 1s = 27
Actual Imbalance Ratio (0:1): 2.96:1
==================================================
✅ Model is predicting both classes.

                                                                      [AEpoch 78: 100%|██████████| 7/7 [00:09<00:00,  0.76it/s, v_num=dlg7, train_loss_step=0.412, val_loss=0.492, train_loss_epoch=0.163]Epoch 78: 100%|██████████| 7/7 [00:09<00:00,  0.75it/s, v_num=dlg7, train_loss_step=0.412, val_loss=0.492, train_loss_epoch=0.212]Epoch 78: 100%|██████████| 7/7 [00:09<00:00,  0.75it/s, v_num=dlg7, train_loss_step=0.412, val_loss=0.492, train_loss_epoch=0.212]
Testing: |          | 0/? [00:00<?, ?it/s]Testing:   0%|          | 0/3 [00:00<?, ?it/s]Testing DataLoader 0:   0%|          | 0/3 [00:00<?, ?it/s]Testing DataLoader 0:  33%|███▎      | 1/3 [00:00<00:01,  1.24it/s]Testing DataLoader 0:  67%|██████▋   | 2/3 [00:01<00:00,  1.23it/s]Testing DataLoader 0: 100%|██████████| 3/3 [00:02<00:00,  1.46it/s]Saved test predictions and probabilities to test_results_fold_final.xlsx

==================================================
Stage: TEST
Predicted class distribution: 0s = 60, 1s = 20
Actual label distribution:    0s = 60, 1s = 20
Actual Imbalance Ratio (0:1): 3.00:1
==================================================
✅ Model is predicting both classes.
Testing DataLoader 0: 100%|██████████| 3/3 [00:02<00:00,  1.01it/s]
┏━━━━━━━━━━━━━━━━━━━━━━━━━━━┳━━━━━━━━━━━━━━━━━━━━━━━━━━━┓
┃        Test metric        ┃       DataLoader 0        ┃
┡━━━━━━━━━━━━━━━━━━━━━━━━━━━╇━━━━━━━━━━━━━━━━━━━━━━━━━━━┩
│        test_auroc         │    0.6833333373069763     │
│     test_balanced_acc     │    0.5666666626930237     │
│        test_cindex        │    0.6527672410011292     │
│       test_f1_score       │    0.3499999940395355     │
│         test_ibs          │    0.11757668852806091    │
└───────────────────────────┴───────────────────────────┘

====================== STARTING FOLD 2/3 ======================
The model has 283,138 trainable parameters.
Sanity Checking: |          | 0/? [00:00<?, ?it/s]Sanity Checking:   0%|          | 0/2 [00:00<?, ?it/s]Sanity Checking DataLoader 0:   0%|          | 0/2 [00:00<?, ?it/s]tensor(0.0260, device='cuda:0')
tensor(-0.1833, device='cuda:0')
Sanity Checking DataLoader 0:  50%|█████     | 1/2 [00:00<00:00,  1.24it/s]tensor(0.0550, device='cuda:0')
tensor(-0.2655, device='cuda:0')
Sanity Checking DataLoader 0: 100%|██████████| 2/2 [00:01<00:00,  1.23it/s]
==================================================
Stage: VAL
Predicted class distribution: 0s = 0, 1s = 64
Actual label distribution:    0s = 48, 1s = 16
Actual Imbalance Ratio (0:1): 3.00:1
==================================================
⚠️ Model is predicting only class 1 (minority class). It is ignoring the majority class!
                                                                           Training: |          | 0/? [00:00<?, ?it/s]Training:   0%|          | 0/7 [00:00<?, ?it/s]Epoch 0:   0%|          | 0/7 [00:00<?, ?it/s] WARNING: vision_encoder.blocks.2.1.spatial_block.conv1.fn.dw.weight has NO gradient.
Epoch 0:  14%|█▍        | 1/7 [00:00<00:05,  1.03it/s]Epoch 0:  14%|█▍        | 1/7 [00:00<00:05,  1.03it/s, v_num=ccwc, train_loss_step=0.477]WARNING: vision_encoder.blocks.2.1.spatial_block.conv1.fn.dw.weight has NO gradient.
Epoch 0:  29%|██▊       | 2/7 [00:01<00:04,  1.11it/s, v_num=ccwc, train_loss_step=0.477]Epoch 0:  29%|██▊       | 2/7 [00:01<00:04,  1.11it/s, v_num=ccwc, train_loss_step=0.635]WARNING: vision_encoder.blocks.2.1.spatial_block.conv1.fn.dw.weight has NO gradient.
Epoch 0:  43%|████▎     | 3/7 [00:02<00:03,  1.14it/s, v_num=ccwc, train_loss_step=0.635]Epoch 0:  43%|████▎     | 3/7 [00:02<00:03,  1.14it/s, v_num=ccwc, train_loss_step=0.641]WARNING: vision_encoder.blocks.2.1.spatial_block.conv1.fn.dw.weight has NO gradient.
Epoch 0:  57%|█████▋    | 4/7 [00:03<00:02,  1.15it/s, v_num=ccwc, train_loss_step=0.641]Epoch 0:  57%|█████▋    | 4/7 [00:03<00:02,  1.15it/s, v_num=ccwc, train_loss_step=0.594]WARNING: vision_encoder.blocks.2.1.spatial_block.conv1.fn.dw.weight has NO gradient.
Epoch 0:  71%|███████▏  | 5/7 [00:04<00:01,  1.16it/s, v_num=ccwc, train_loss_step=0.594]Epoch 0:  71%|███████▏  | 5/7 [00:04<00:01,  1.16it/s, v_num=ccwc, train_loss_step=0.611]WARNING: vision_encoder.blocks.2.1.spatial_block.conv1.fn.dw.weight has NO gradient.
Epoch 0:  86%|████████▌ | 6/7 [00:05<00:00,  1.17it/s, v_num=ccwc, train_loss_step=0.611]Epoch 0:  86%|████████▌ | 6/7 [00:05<00:00,  1.17it/s, v_num=ccwc, train_loss_step=0.629]WARNING: vision_encoder.blocks.2.1.spatial_block.conv1.fn.dw.weight has NO gradient.
Epoch 0: 100%|██████████| 7/7 [00:05<00:00,  1.23it/s, v_num=ccwc, train_loss_step=0.629]Epoch 0: 100%|██████████| 7/7 [00:05<00:00,  1.23it/s, v_num=ccwc, train_loss_step=0.614]
Validation: |          | 0/? [00:00<?, ?it/s][A
Validation:   0%|          | 0/4 [00:00<?, ?it/s][A
Validation DataLoader 0:   0%|          | 0/4 [00:00<?, ?it/s][Atensor(0.0770, device='cuda:0')
tensor(-0.1520, device='cuda:0')

Validation DataLoader 0:  25%|██▌       | 1/4 [00:00<00:02,  1.24it/s][Atensor(0.0808, device='cuda:0')
tensor(-0.1826, device='cuda:0')

Validation DataLoader 0:  50%|█████     | 2/4 [00:01<00:01,  1.23it/s][Atensor(0.1030, device='cuda:0')
tensor(-0.1443, device='cuda:0')

Validation DataLoader 0:  75%|███████▌  | 3/4 [00:02<00:00,  1.23it/s][Atensor(0.0489, device='cuda:0')
tensor(-0.1088, device='cuda:0')

Validation DataLoader 0: 100%|██████████| 4/4 [00:02<00:00,  1.45it/s][A
==================================================
Stage: VAL
Predicted class distribution: 0s = 0, 1s = 107
Actual label distribution:    0s = 80, 1s = 27
Actual Imbalance Ratio (0:1): 2.96:1
==================================================
⚠️ Model is predicting only class 1 (minority class). It is ignoring the majority class!

                                                                      [AEpoch 0: 100%|██████████| 7/7 [00:09<00:00,  0.74it/s, v_num=ccwc, train_loss_step=0.614, val_loss=0.742]Epoch 0: 100%|██████████| 7/7 [00:09<00:00,  0.74it/s, v_num=ccwc, train_loss_step=0.614, val_loss=0.742, train_loss_epoch=0.600]Epoch 0:   0%|          | 0/7 [00:00<?, ?it/s, v_num=ccwc, train_loss_step=0.614, val_loss=0.742, train_loss_epoch=0.600]        Epoch 1:   0%|          | 0/7 [00:00<?, ?it/s, v_num=ccwc, train_loss_step=0.614, val_loss=0.742, train_loss_epoch=0.600]WARNING: vision_encoder.blocks.2.1.spatial_block.conv1.fn.dw.weight has NO gradient.
Epoch 1:  14%|█▍        | 1/7 [00:01<00:09,  0.66it/s, v_num=ccwc, train_loss_step=0.614, val_loss=0.742, train_loss_epoch=0.600]Epoch 1:  14%|█▍        | 1/7 [00:01<00:09,  0.66it/s, v_num=ccwc, train_loss_step=0.641, val_loss=0.742, train_loss_epoch=0.600]WARNING: vision_encoder.blocks.2.1.spatial_block.conv1.fn.dw.weight has NO gradient.
Epoch 1:  29%|██▊       | 2/7 [00:02<00:05,  0.86it/s, v_num=ccwc, train_loss_step=0.641, val_loss=0.742, train_loss_epoch=0.600]Epoch 1:  29%|██▊       | 2/7 [00:02<00:05,  0.86it/s, v_num=ccwc, train_loss_step=0.556, val_loss=0.742, train_loss_epoch=0.600]WARNING: vision_encoder.blocks.2.1.spatial_block.conv1.fn.dw.weight has NO gradient.
Epoch 1:  43%|████▎     | 3/7 [00:03<00:04,  0.95it/s, v_num=ccwc, train_loss_step=0.556, val_loss=0.742, train_loss_epoch=0.600]Epoch 1:  43%|████▎     | 3/7 [00:03<00:04,  0.95it/s, v_num=ccwc, train_loss_step=0.648, val_loss=0.742, train_loss_epoch=0.600]WARNING: vision_encoder.blocks.2.1.spatial_block.conv1.fn.dw.weight has NO gradient.
Epoch 1:  57%|█████▋    | 4/7 [00:03<00:02,  1.00it/s, v_num=ccwc, train_loss_step=0.648, val_loss=0.742, train_loss_epoch=0.600]Epoch 1:  57%|█████▋    | 4/7 [00:03<00:02,  1.00it/s, v_num=ccwc, train_loss_step=0.583, val_loss=0.742, train_loss_epoch=0.600]WARNING: vision_encoder.blocks.2.1.spatial_block.conv1.fn.dw.weight has NO gradient.
Epoch 1:  71%|███████▏  | 5/7 [00:04<00:01,  1.04it/s, v_num=ccwc, train_loss_step=0.583, val_loss=0.742, train_loss_epoch=0.600]Epoch 1:  71%|███████▏  | 5/7 [00:04<00:01,  1.04it/s, v_num=ccwc, train_loss_step=0.550, val_loss=0.742, train_loss_epoch=0.600]WARNING: vision_encoder.blocks.2.1.spatial_block.conv1.fn.dw.weight has NO gradient.
Epoch 1:  86%|████████▌ | 6/7 [00:05<00:00,  1.06it/s, v_num=ccwc, train_loss_step=0.550, val_loss=0.742, train_loss_epoch=0.600]Epoch 1:  86%|████████▌ | 6/7 [00:05<00:00,  1.06it/s, v_num=ccwc, train_loss_step=0.599, val_loss=0.742, train_loss_epoch=0.600]WARNING: vision_encoder.blocks.2.1.spatial_block.conv1.fn.dw.weight has NO gradient.
Epoch 1: 100%|██████████| 7/7 [00:06<00:00,  1.13it/s, v_num=ccwc, train_loss_step=0.599, val_loss=0.742, train_loss_epoch=0.600]Epoch 1: 100%|██████████| 7/7 [00:06<00:00,  1.13it/s, v_num=ccwc, train_loss_step=0.646, val_loss=0.742, train_loss_epoch=0.600]
Validation: |          | 0/? [00:00<?, ?it/s][A
Validation:   0%|          | 0/4 [00:00<?, ?it/s][A
Validation DataLoader 0:   0%|          | 0/4 [00:00<?, ?it/s][Atensor(0.1106, device='cuda:0')
tensor(-0.1506, device='cuda:0')

Validation DataLoader 0:  25%|██▌       | 1/4 [00:00<00:02,  1.24it/s][Atensor(0.1051, device='cuda:0')
tensor(-0.1855, device='cuda:0')

Validation DataLoader 0:  50%|█████     | 2/4 [00:01<00:01,  1.23it/s][Atensor(0.1491, device='cuda:0')
tensor(-0.1219, device='cuda:0')

Validation DataLoader 0:  75%|███████▌  | 3/4 [00:02<00:00,  1.22it/s][Atensor(0.0704, device='cuda:0')
tensor(-0.1057, device='cuda:0')

Validation DataLoader 0: 100%|██████████| 4/4 [00:02<00:00,  1.45it/s][A
==================================================
Stage: VAL
Predicted class distribution: 0s = 0, 1s = 107
Actual label distribution:    0s = 80, 1s = 27
Actual Imbalance Ratio (0:1): 2.96:1
==================================================
⚠️ Model is predicting only class 1 (minority class). It is ignoring the majority class!

                                                                      [AEpoch 1: 100%|██████████| 7/7 [00:09<00:00,  0.72it/s, v_num=ccwc, train_loss_step=0.646, val_loss=0.729, train_loss_epoch=0.600]Epoch 1: 100%|██████████| 7/7 [00:09<00:00,  0.72it/s, v_num=ccwc, train_loss_step=0.646, val_loss=0.729, train_loss_epoch=0.601]Epoch 1:   0%|          | 0/7 [00:00<?, ?it/s, v_num=ccwc, train_loss_step=0.646, val_loss=0.729, train_loss_epoch=0.601]        Epoch 2:   0%|          | 0/7 [00:00<?, ?it/s, v_num=ccwc, train_loss_step=0.646, val_loss=0.729, train_loss_epoch=0.601]WARNING: vision_encoder.blocks.2.1.spatial_block.conv1.fn.dw.weight has NO gradient.
Epoch 2:  14%|█▍        | 1/7 [00:01<00:09,  0.66it/s, v_num=ccwc, train_loss_step=0.646, val_loss=0.729, train_loss_epoch=0.601]Epoch 2:  14%|█▍        | 1/7 [00:01<00:09,  0.66it/s, v_num=ccwc, train_loss_step=0.665, val_loss=0.729, train_loss_epoch=0.601]WARNING: vision_encoder.blocks.2.1.spatial_block.conv1.fn.dw.weight has NO gradient.
Epoch 2:  29%|██▊       | 2/7 [00:02<00:05,  0.85it/s, v_num=ccwc, train_loss_step=0.665, val_loss=0.729, train_loss_epoch=0.601]Epoch 2:  29%|██▊       | 2/7 [00:02<00:05,  0.85it/s, v_num=ccwc, train_loss_step=0.491, val_loss=0.729, train_loss_epoch=0.601]WARNING: vision_encoder.blocks.2.1.spatial_block.conv1.fn.dw.weight has NO gradient.
Epoch 2:  43%|████▎     | 3/7 [00:03<00:04,  0.94it/s, v_num=ccwc, train_loss_step=0.491, val_loss=0.729, train_loss_epoch=0.601]Epoch 2:  43%|████▎     | 3/7 [00:03<00:04,  0.94it/s, v_num=ccwc, train_loss_step=0.535, val_loss=0.729, train_loss_epoch=0.601]WARNING: vision_encoder.blocks.2.1.spatial_block.conv1.fn.dw.weight has NO gradient.
Epoch 2:  57%|█████▋    | 4/7 [00:04<00:03,  1.00it/s, v_num=ccwc, train_loss_step=0.535, val_loss=0.729, train_loss_epoch=0.601]Epoch 2:  57%|█████▋    | 4/7 [00:04<00:03,  1.00it/s, v_num=ccwc, train_loss_step=0.648, val_loss=0.729, train_loss_epoch=0.601]WARNING: vision_encoder.blocks.2.1.spatial_block.conv1.fn.dw.weight has NO gradient.
Epoch 2:  71%|███████▏  | 5/7 [00:04<00:01,  1.03it/s, v_num=ccwc, train_loss_step=0.648, val_loss=0.729, train_loss_epoch=0.601]Epoch 2:  71%|███████▏  | 5/7 [00:04<00:01,  1.03it/s, v_num=ccwc, train_loss_step=0.616, val_loss=0.729, train_loss_epoch=0.601]WARNING: vision_encoder.blocks.2.1.spatial_block.conv1.fn.dw.weight has NO gradient.
Epoch 2:  86%|████████▌ | 6/7 [00:05<00:00,  1.06it/s, v_num=ccwc, train_loss_step=0.616, val_loss=0.729, train_loss_epoch=0.601]Epoch 2:  86%|████████▌ | 6/7 [00:05<00:00,  1.06it/s, v_num=ccwc, train_loss_step=0.578, val_loss=0.729, train_loss_epoch=0.601]WARNING: vision_encoder.blocks.2.1.spatial_block.conv1.fn.dw.weight has NO gradient.
Epoch 2: 100%|██████████| 7/7 [00:06<00:00,  1.12it/s, v_num=ccwc, train_loss_step=0.578, val_loss=0.729, train_loss_epoch=0.601]Epoch 2: 100%|██████████| 7/7 [00:06<00:00,  1.12it/s, v_num=ccwc, train_loss_step=0.605, val_loss=0.729, train_loss_epoch=0.601]
Validation: |          | 0/? [00:00<?, ?it/s][A
Validation:   0%|          | 0/4 [00:00<?, ?it/s][A
Validation DataLoader 0:   0%|          | 0/4 [00:00<?, ?it/s][Atensor(0.1522, device='cuda:0')
tensor(-0.1669, device='cuda:0')

Validation DataLoader 0:  25%|██▌       | 1/4 [00:00<00:02,  1.24it/s][Atensor(0.1409, device='cuda:0')
tensor(-0.2152, device='cuda:0')

Validation DataLoader 0:  50%|█████     | 2/4 [00:01<00:01,  1.23it/s][Atensor(0.2652, device='cuda:0')
tensor(-0.1157, device='cuda:0')

Validation DataLoader 0:  75%|███████▌  | 3/4 [00:02<00:00,  1.22it/s][Atensor(0.1018, device='cuda:0')
tensor(-0.0850, device='cuda:0')

Validation DataLoader 0: 100%|██████████| 4/4 [00:02<00:00,  1.45it/s][A
==================================================
Stage: VAL
Predicted class distribution: 0s = 0, 1s = 107
Actual label distribution:    0s = 80, 1s = 27
Actual Imbalance Ratio (0:1): 2.96:1
==================================================
⚠️ Model is predicting only class 1 (minority class). It is ignoring the majority class!

                                                                      [AEpoch 2: 100%|██████████| 7/7 [00:09<00:00,  0.72it/s, v_num=ccwc, train_loss_step=0.605, val_loss=0.710, train_loss_epoch=0.601]Epoch 2: 100%|██████████| 7/7 [00:09<00:00,  0.71it/s, v_num=ccwc, train_loss_step=0.605, val_loss=0.710, train_loss_epoch=0.591]Epoch 2:   0%|          | 0/7 [00:00<?, ?it/s, v_num=ccwc, train_loss_step=0.605, val_loss=0.710, train_loss_epoch=0.591]        Epoch 3:   0%|          | 0/7 [00:00<?, ?it/s, v_num=ccwc, train_loss_step=0.605, val_loss=0.710, train_loss_epoch=0.591]WARNING: vision_encoder.blocks.2.1.spatial_block.conv1.fn.dw.weight has NO gradient.
Epoch 3:  14%|█▍        | 1/7 [00:01<00:07,  0.79it/s, v_num=ccwc, train_loss_step=0.605, val_loss=0.710, train_loss_epoch=0.591]Epoch 3:  14%|█▍        | 1/7 [00:01<00:07,  0.79it/s, v_num=ccwc, train_loss_step=0.488, val_loss=0.710, train_loss_epoch=0.591]WARNING: vision_encoder.blocks.2.1.spatial_block.conv1.fn.dw.weight has NO gradient.
Epoch 3:  29%|██▊       | 2/7 [00:02<00:05,  0.95it/s, v_num=ccwc, train_loss_step=0.488, val_loss=0.710, train_loss_epoch=0.591]Epoch 3:  29%|██▊       | 2/7 [00:02<00:05,  0.95it/s, v_num=ccwc, train_loss_step=0.552, val_loss=0.710, train_loss_epoch=0.591]WARNING: vision_encoder.blocks.2.1.spatial_block.conv1.fn.dw.weight has NO gradient.
Epoch 3:  43%|████▎     | 3/7 [00:02<00:03,  1.03it/s, v_num=ccwc, train_loss_step=0.552, val_loss=0.710, train_loss_epoch=0.591]Epoch 3:  43%|████▎     | 3/7 [00:02<00:03,  1.03it/s, v_num=ccwc, train_loss_step=0.667, val_loss=0.710, train_loss_epoch=0.591]WARNING: vision_encoder.blocks.2.1.spatial_block.conv1.fn.dw.weight has NO gradient.
Epoch 3:  57%|█████▋    | 4/7 [00:03<00:02,  1.07it/s, v_num=ccwc, train_loss_step=0.667, val_loss=0.710, train_loss_epoch=0.591]Epoch 3:  57%|█████▋    | 4/7 [00:03<00:02,  1.07it/s, v_num=ccwc, train_loss_step=0.594, val_loss=0.710, train_loss_epoch=0.591]WARNING: vision_encoder.blocks.2.1.spatial_block.conv1.fn.dw.weight has NO gradient.
Epoch 3:  71%|███████▏  | 5/7 [00:04<00:01,  1.09it/s, v_num=ccwc, train_loss_step=0.594, val_loss=0.710, train_loss_epoch=0.591]Epoch 3:  71%|███████▏  | 5/7 [00:04<00:01,  1.09it/s, v_num=ccwc, train_loss_step=0.712, val_loss=0.710, train_loss_epoch=0.591]WARNING: vision_encoder.blocks.2.1.spatial_block.conv1.fn.dw.weight has NO gradient.
Epoch 3:  86%|████████▌ | 6/7 [00:05<00:00,  1.11it/s, v_num=ccwc, train_loss_step=0.712, val_loss=0.710, train_loss_epoch=0.591]Epoch 3:  86%|████████▌ | 6/7 [00:05<00:00,  1.11it/s, v_num=ccwc, train_loss_step=0.542, val_loss=0.710, train_loss_epoch=0.591]WARNING: vision_encoder.blocks.2.1.spatial_block.conv1.fn.dw.weight has NO gradient.
Epoch 3: 100%|██████████| 7/7 [00:05<00:00,  1.17it/s, v_num=ccwc, train_loss_step=0.542, val_loss=0.710, train_loss_epoch=0.591]Epoch 3: 100%|██████████| 7/7 [00:05<00:00,  1.17it/s, v_num=ccwc, train_loss_step=0.568, val_loss=0.710, train_loss_epoch=0.591]
Validation: |          | 0/? [00:00<?, ?it/s][A
Validation:   0%|          | 0/4 [00:00<?, ?it/s][A
Validation DataLoader 0:   0%|          | 0/4 [00:00<?, ?it/s][Atensor(0.2368, device='cuda:0')
tensor(-0.1896, device='cuda:0')

Validation DataLoader 0:  25%|██▌       | 1/4 [00:00<00:02,  1.24it/s][Atensor(0.2484, device='cuda:0')
tensor(-0.2578, device='cuda:0')

Validation DataLoader 0:  50%|█████     | 2/4 [00:01<00:01,  1.23it/s][Atensor(0.3774, device='cuda:0')
tensor(-0.1190, device='cuda:0')

Validation DataLoader 0:  75%|███████▌  | 3/4 [00:02<00:00,  1.22it/s][Atensor(0.1684, device='cuda:0')
tensor(-0.0774, device='cuda:0')

Validation DataLoader 0: 100%|██████████| 4/4 [00:02<00:00,  1.45it/s][A
==================================================
Stage: VAL
Predicted class distribution: 0s = 1, 1s = 106
Actual label distribution:    0s = 80, 1s = 27
Actual Imbalance Ratio (0:1): 2.96:1
==================================================
✅ Model is predicting both classes.

                                                                      [AEpoch 3: 100%|██████████| 7/7 [00:09<00:00,  0.75it/s, v_num=ccwc, train_loss_step=0.568, val_loss=0.686, train_loss_epoch=0.591]Epoch 3: 100%|██████████| 7/7 [00:09<00:00,  0.75it/s, v_num=ccwc, train_loss_step=0.568, val_loss=0.686, train_loss_epoch=0.590]Epoch 3:   0%|          | 0/7 [00:00<?, ?it/s, v_num=ccwc, train_loss_step=0.568, val_loss=0.686, train_loss_epoch=0.590]        Epoch 4:   0%|          | 0/7 [00:00<?, ?it/s, v_num=ccwc, train_loss_step=0.568, val_loss=0.686, train_loss_epoch=0.590]WARNING: vision_encoder.blocks.2.1.spatial_block.conv1.fn.dw.weight has NO gradient.
Epoch 4:  14%|█▍        | 1/7 [00:01<00:08,  0.68it/s, v_num=ccwc, train_loss_step=0.568, val_loss=0.686, train_loss_epoch=0.590]Epoch 4:  14%|█▍        | 1/7 [00:01<00:08,  0.68it/s, v_num=ccwc, train_loss_step=0.576, val_loss=0.686, train_loss_epoch=0.590]WARNING: vision_encoder.blocks.2.1.spatial_block.conv1.fn.dw.weight has NO gradient.
Epoch 4:  29%|██▊       | 2/7 [00:02<00:05,  0.87it/s, v_num=ccwc, train_loss_step=0.576, val_loss=0.686, train_loss_epoch=0.590]Epoch 4:  29%|██▊       | 2/7 [00:02<00:05,  0.87it/s, v_num=ccwc, train_loss_step=0.550, val_loss=0.686, train_loss_epoch=0.590]WARNING: vision_encoder.blocks.2.1.spatial_block.conv1.fn.dw.weight has NO gradient.
Epoch 4:  43%|████▎     | 3/7 [00:03<00:04,  0.96it/s, v_num=ccwc, train_loss_step=0.550, val_loss=0.686, train_loss_epoch=0.590]Epoch 4:  43%|████▎     | 3/7 [00:03<00:04,  0.96it/s, v_num=ccwc, train_loss_step=0.536, val_loss=0.686, train_loss_epoch=0.590]WARNING: vision_encoder.blocks.2.1.spatial_block.conv1.fn.dw.weight has NO gradient.
Epoch 4:  57%|█████▋    | 4/7 [00:03<00:02,  1.01it/s, v_num=ccwc, train_loss_step=0.536, val_loss=0.686, train_loss_epoch=0.590]Epoch 4:  57%|█████▋    | 4/7 [00:03<00:02,  1.01it/s, v_num=ccwc, train_loss_step=0.556, val_loss=0.686, train_loss_epoch=0.590]WARNING: vision_encoder.blocks.2.1.spatial_block.conv1.fn.dw.weight has NO gradient.
Epoch 4:  71%|███████▏  | 5/7 [00:04<00:01,  1.04it/s, v_num=ccwc, train_loss_step=0.556, val_loss=0.686, train_loss_epoch=0.590]Epoch 4:  71%|███████▏  | 5/7 [00:04<00:01,  1.04it/s, v_num=ccwc, train_loss_step=0.486, val_loss=0.686, train_loss_epoch=0.590]WARNING: vision_encoder.blocks.2.1.spatial_block.conv1.fn.dw.weight has NO gradient.
Epoch 4:  86%|████████▌ | 6/7 [00:05<00:00,  1.07it/s, v_num=ccwc, train_loss_step=0.486, val_loss=0.686, train_loss_epoch=0.590]Epoch 4:  86%|████████▌ | 6/7 [00:05<00:00,  1.07it/s, v_num=ccwc, train_loss_step=0.556, val_loss=0.686, train_loss_epoch=0.590]WARNING: vision_encoder.blocks.2.1.spatial_block.conv1.fn.dw.weight has NO gradient.
Epoch 4: 100%|██████████| 7/7 [00:06<00:00,  1.13it/s, v_num=ccwc, train_loss_step=0.556, val_loss=0.686, train_loss_epoch=0.590]Epoch 4: 100%|██████████| 7/7 [00:06<00:00,  1.13it/s, v_num=ccwc, train_loss_step=0.497, val_loss=0.686, train_loss_epoch=0.590]
Validation: |          | 0/? [00:00<?, ?it/s][A
Validation:   0%|          | 0/4 [00:00<?, ?it/s][A
Validation DataLoader 0:   0%|          | 0/4 [00:00<?, ?it/s][Atensor(0.3118, device='cuda:0')
tensor(-0.1913, device='cuda:0')

Validation DataLoader 0:  25%|██▌       | 1/4 [00:00<00:02,  1.24it/s][Atensor(0.3673, device='cuda:0')
tensor(-0.2925, device='cuda:0')

Validation DataLoader 0:  50%|█████     | 2/4 [00:01<00:01,  1.23it/s][Atensor(0.4930, device='cuda:0')
tensor(-0.1225, device='cuda:0')

Validation DataLoader 0:  75%|███████▌  | 3/4 [00:02<00:00,  1.23it/s][Atensor(0.2665, device='cuda:0')
tensor(-0.0844, device='cuda:0')

Validation DataLoader 0: 100%|██████████| 4/4 [00:02<00:00,  1.45it/s][A
==================================================
Stage: VAL
Predicted class distribution: 0s = 8, 1s = 99
Actual label distribution:    0s = 80, 1s = 27
Actual Imbalance Ratio (0:1): 2.96:1
==================================================
✅ Model is predicting both classes.

                                                                      [AEpoch 4: 100%|██████████| 7/7 [00:09<00:00,  0.72it/s, v_num=ccwc, train_loss_step=0.497, val_loss=0.661, train_loss_epoch=0.590]Epoch 4: 100%|██████████| 7/7 [00:09<00:00,  0.72it/s, v_num=ccwc, train_loss_step=0.497, val_loss=0.661, train_loss_epoch=0.539]Epoch 4:   0%|          | 0/7 [00:00<?, ?it/s, v_num=ccwc, train_loss_step=0.497, val_loss=0.661, train_loss_epoch=0.539]        Epoch 5:   0%|          | 0/7 [00:00<?, ?it/s, v_num=ccwc, train_loss_step=0.497, val_loss=0.661, train_loss_epoch=0.539]WARNING: vision_encoder.blocks.2.1.spatial_block.conv1.fn.dw.weight has NO gradient.
Epoch 5:  14%|█▍        | 1/7 [00:01<00:08,  0.67it/s, v_num=ccwc, train_loss_step=0.497, val_loss=0.661, train_loss_epoch=0.539]Epoch 5:  14%|█▍        | 1/7 [00:01<00:08,  0.67it/s, v_num=ccwc, train_loss_step=0.558, val_loss=0.661, train_loss_epoch=0.539]WARNING: vision_encoder.blocks.2.1.spatial_block.conv1.fn.dw.weight has NO gradient.
Epoch 5:  29%|██▊       | 2/7 [00:02<00:05,  0.86it/s, v_num=ccwc, train_loss_step=0.558, val_loss=0.661, train_loss_epoch=0.539]Epoch 5:  29%|██▊       | 2/7 [00:02<00:05,  0.86it/s, v_num=ccwc, train_loss_step=0.551, val_loss=0.661, train_loss_epoch=0.539]WARNING: vision_encoder.blocks.2.1.spatial_block.conv1.fn.dw.weight has NO gradient.
Epoch 5:  43%|████▎     | 3/7 [00:03<00:04,  0.95it/s, v_num=ccwc, train_loss_step=0.551, val_loss=0.661, train_loss_epoch=0.539]Epoch 5:  43%|████▎     | 3/7 [00:03<00:04,  0.95it/s, v_num=ccwc, train_loss_step=0.555, val_loss=0.661, train_loss_epoch=0.539]WARNING: vision_encoder.blocks.2.1.spatial_block.conv1.fn.dw.weight has NO gradient.
Epoch 5:  57%|█████▋    | 4/7 [00:03<00:02,  1.00it/s, v_num=ccwc, train_loss_step=0.555, val_loss=0.661, train_loss_epoch=0.539]Epoch 5:  57%|█████▋    | 4/7 [00:03<00:02,  1.00it/s, v_num=ccwc, train_loss_step=0.459, val_loss=0.661, train_loss_epoch=0.539]WARNING: vision_encoder.blocks.2.1.spatial_block.conv1.fn.dw.weight has NO gradient.
Epoch 5:  71%|███████▏  | 5/7 [00:04<00:01,  1.04it/s, v_num=ccwc, train_loss_step=0.459, val_loss=0.661, train_loss_epoch=0.539]Epoch 5:  71%|███████▏  | 5/7 [00:04<00:01,  1.04it/s, v_num=ccwc, train_loss_step=0.449, val_loss=0.661, train_loss_epoch=0.539]WARNING: vision_encoder.blocks.2.1.spatial_block.conv1.fn.dw.weight has NO gradient.
Epoch 5:  86%|████████▌ | 6/7 [00:05<00:00,  1.06it/s, v_num=ccwc, train_loss_step=0.449, val_loss=0.661, train_loss_epoch=0.539]Epoch 5:  86%|████████▌ | 6/7 [00:05<00:00,  1.06it/s, v_num=ccwc, train_loss_step=0.538, val_loss=0.661, train_loss_epoch=0.539]WARNING: vision_encoder.blocks.2.1.spatial_block.conv1.fn.dw.weight has NO gradient.
Epoch 5: 100%|██████████| 7/7 [00:06<00:00,  1.13it/s, v_num=ccwc, train_loss_step=0.538, val_loss=0.661, train_loss_epoch=0.539]Epoch 5: 100%|██████████| 7/7 [00:06<00:00,  1.13it/s, v_num=ccwc, train_loss_step=0.623, val_loss=0.661, train_loss_epoch=0.539]
Validation: |          | 0/? [00:00<?, ?it/s][A
Validation:   0%|          | 0/4 [00:00<?, ?it/s][A
Validation DataLoader 0:   0%|          | 0/4 [00:00<?, ?it/s][Atensor(0.4288, device='cuda:0')
tensor(-0.2433, device='cuda:0')

Validation DataLoader 0:  25%|██▌       | 1/4 [00:00<00:02,  1.24it/s][Atensor(0.4808, device='cuda:0')
tensor(-0.3444, device='cuda:0')

Validation DataLoader 0:  50%|█████     | 2/4 [00:01<00:01,  1.23it/s][Atensor(0.6141, device='cuda:0')
tensor(-0.1422, device='cuda:0')

Validation DataLoader 0:  75%|███████▌  | 3/4 [00:02<00:00,  1.22it/s][Atensor(0.4054, device='cuda:0')
tensor(-0.0963, device='cuda:0')

Validation DataLoader 0: 100%|██████████| 4/4 [00:02<00:00,  1.45it/s][A
==================================================
Stage: VAL
Predicted class distribution: 0s = 14, 1s = 93
Actual label distribution:    0s = 80, 1s = 27
Actual Imbalance Ratio (0:1): 2.96:1
==================================================
✅ Model is predicting both classes.

                                                                      [AEpoch 5: 100%|██████████| 7/7 [00:10<00:00,  0.70it/s, v_num=ccwc, train_loss_step=0.623, val_loss=0.645, train_loss_epoch=0.539]Epoch 5: 100%|██████████| 7/7 [00:10<00:00,  0.70it/s, v_num=ccwc, train_loss_step=0.623, val_loss=0.645, train_loss_epoch=0.529]Epoch 5:   0%|          | 0/7 [00:00<?, ?it/s, v_num=ccwc, train_loss_step=0.623, val_loss=0.645, train_loss_epoch=0.529]        Epoch 6:   0%|          | 0/7 [00:00<?, ?it/s, v_num=ccwc, train_loss_step=0.623, val_loss=0.645, train_loss_epoch=0.529]WARNING: vision_encoder.blocks.2.1.spatial_block.conv1.fn.dw.weight has NO gradient.
Epoch 6:  14%|█▍        | 1/7 [00:01<00:08,  0.67it/s, v_num=ccwc, train_loss_step=0.623, val_loss=0.645, train_loss_epoch=0.529]Epoch 6:  14%|█▍        | 1/7 [00:01<00:08,  0.67it/s, v_num=ccwc, train_loss_step=0.513, val_loss=0.645, train_loss_epoch=0.529]WARNING: vision_encoder.blocks.2.1.spatial_block.conv1.fn.dw.weight has NO gradient.
Epoch 6:  29%|██▊       | 2/7 [00:02<00:05,  0.86it/s, v_num=ccwc, train_loss_step=0.513, val_loss=0.645, train_loss_epoch=0.529]Epoch 6:  29%|██▊       | 2/7 [00:02<00:05,  0.86it/s, v_num=ccwc, train_loss_step=0.669, val_loss=0.645, train_loss_epoch=0.529]WARNING: vision_encoder.blocks.2.1.spatial_block.conv1.fn.dw.weight has NO gradient.
Epoch 6:  43%|████▎     | 3/7 [00:03<00:04,  0.95it/s, v_num=ccwc, train_loss_step=0.669, val_loss=0.645, train_loss_epoch=0.529]Epoch 6:  43%|████▎     | 3/7 [00:03<00:04,  0.95it/s, v_num=ccwc, train_loss_step=0.518, val_loss=0.645, train_loss_epoch=0.529]WARNING: vision_encoder.blocks.2.1.spatial_block.conv1.fn.dw.weight has NO gradient.
Epoch 6:  57%|█████▋    | 4/7 [00:03<00:02,  1.00it/s, v_num=ccwc, train_loss_step=0.518, val_loss=0.645, train_loss_epoch=0.529]Epoch 6:  57%|█████▋    | 4/7 [00:03<00:02,  1.00it/s, v_num=ccwc, train_loss_step=0.519, val_loss=0.645, train_loss_epoch=0.529]WARNING: vision_encoder.blocks.2.1.spatial_block.conv1.fn.dw.weight has NO gradient.
Epoch 6:  71%|███████▏  | 5/7 [00:04<00:01,  1.04it/s, v_num=ccwc, train_loss_step=0.519, val_loss=0.645, train_loss_epoch=0.529]Epoch 6:  71%|███████▏  | 5/7 [00:04<00:01,  1.04it/s, v_num=ccwc, train_loss_step=0.577, val_loss=0.645, train_loss_epoch=0.529]WARNING: vision_encoder.blocks.2.1.spatial_block.conv1.fn.dw.weight has NO gradient.
Epoch 6:  86%|████████▌ | 6/7 [00:05<00:00,  1.06it/s, v_num=ccwc, train_loss_step=0.577, val_loss=0.645, train_loss_epoch=0.529]Epoch 6:  86%|████████▌ | 6/7 [00:05<00:00,  1.06it/s, v_num=ccwc, train_loss_step=0.472, val_loss=0.645, train_loss_epoch=0.529]WARNING: vision_encoder.blocks.2.1.spatial_block.conv1.fn.dw.weight has NO gradient.
Epoch 6: 100%|██████████| 7/7 [00:06<00:00,  1.13it/s, v_num=ccwc, train_loss_step=0.472, val_loss=0.645, train_loss_epoch=0.529]Epoch 6: 100%|██████████| 7/7 [00:06<00:00,  1.13it/s, v_num=ccwc, train_loss_step=0.493, val_loss=0.645, train_loss_epoch=0.529]
Validation: |          | 0/? [00:00<?, ?it/s][A
Validation:   0%|          | 0/4 [00:00<?, ?it/s][A
Validation DataLoader 0:   0%|          | 0/4 [00:00<?, ?it/s][Atensor(0.5070, device='cuda:0')
tensor(-0.2657, device='cuda:0')

Validation DataLoader 0:  25%|██▌       | 1/4 [00:00<00:02,  1.24it/s][Atensor(0.5685, device='cuda:0')
tensor(-0.3790, device='cuda:0')

Validation DataLoader 0:  50%|█████     | 2/4 [00:01<00:01,  1.23it/s][Atensor(0.7143, device='cuda:0')
tensor(-0.1491, device='cuda:0')

Validation DataLoader 0:  75%|███████▌  | 3/4 [00:02<00:00,  1.22it/s][Atensor(0.5118, device='cuda:0')
tensor(-0.1025, device='cuda:0')

Validation DataLoader 0: 100%|██████████| 4/4 [00:02<00:00,  1.45it/s][A
==================================================
Stage: VAL
Predicted class distribution: 0s = 18, 1s = 89
Actual label distribution:    0s = 80, 1s = 27
Actual Imbalance Ratio (0:1): 2.96:1
==================================================
✅ Model is predicting both classes.

                                                                      [AEpoch 6: 100%|██████████| 7/7 [00:09<00:00,  0.72it/s, v_num=ccwc, train_loss_step=0.493, val_loss=0.637, train_loss_epoch=0.529]Epoch 6: 100%|██████████| 7/7 [00:09<00:00,  0.72it/s, v_num=ccwc, train_loss_step=0.493, val_loss=0.637, train_loss_epoch=0.540]Epoch 6:   0%|          | 0/7 [00:00<?, ?it/s, v_num=ccwc, train_loss_step=0.493, val_loss=0.637, train_loss_epoch=0.540]        Epoch 7:   0%|          | 0/7 [00:00<?, ?it/s, v_num=ccwc, train_loss_step=0.493, val_loss=0.637, train_loss_epoch=0.540]WARNING: vision_encoder.blocks.2.1.spatial_block.conv1.fn.dw.weight has NO gradient.
Epoch 7:  14%|█▍        | 1/7 [00:01<00:08,  0.68it/s, v_num=ccwc, train_loss_step=0.493, val_loss=0.637, train_loss_epoch=0.540]Epoch 7:  14%|█▍        | 1/7 [00:01<00:08,  0.68it/s, v_num=ccwc, train_loss_step=0.602, val_loss=0.637, train_loss_epoch=0.540]WARNING: vision_encoder.blocks.2.1.spatial_block.conv1.fn.dw.weight has NO gradient.
Epoch 7:  29%|██▊       | 2/7 [00:02<00:05,  0.87it/s, v_num=ccwc, train_loss_step=0.602, val_loss=0.637, train_loss_epoch=0.540]Epoch 7:  29%|██▊       | 2/7 [00:02<00:05,  0.87it/s, v_num=ccwc, train_loss_step=0.669, val_loss=0.637, train_loss_epoch=0.540]WARNING: vision_encoder.blocks.2.1.spatial_block.conv1.fn.dw.weight has NO gradient.
Epoch 7:  43%|████▎     | 3/7 [00:03<00:04,  0.96it/s, v_num=ccwc, train_loss_step=0.669, val_loss=0.637, train_loss_epoch=0.540]Epoch 7:  43%|████▎     | 3/7 [00:03<00:04,  0.96it/s, v_num=ccwc, train_loss_step=0.571, val_loss=0.637, train_loss_epoch=0.540]WARNING: vision_encoder.blocks.2.1.spatial_block.conv1.fn.dw.weight has NO gradient.
Epoch 7:  57%|█████▋    | 4/7 [00:03<00:02,  1.01it/s, v_num=ccwc, train_loss_step=0.571, val_loss=0.637, train_loss_epoch=0.540]Epoch 7:  57%|█████▋    | 4/7 [00:03<00:02,  1.01it/s, v_num=ccwc, train_loss_step=0.482, val_loss=0.637, train_loss_epoch=0.540]WARNING: vision_encoder.blocks.2.1.spatial_block.conv1.fn.dw.weight has NO gradient.
Epoch 7:  71%|███████▏  | 5/7 [00:04<00:01,  1.04it/s, v_num=ccwc, train_loss_step=0.482, val_loss=0.637, train_loss_epoch=0.540]Epoch 7:  71%|███████▏  | 5/7 [00:04<00:01,  1.04it/s, v_num=ccwc, train_loss_step=0.598, val_loss=0.637, train_loss_epoch=0.540]WARNING: vision_encoder.blocks.2.1.spatial_block.conv1.fn.dw.weight has NO gradient.
Epoch 7:  86%|████████▌ | 6/7 [00:05<00:00,  1.07it/s, v_num=ccwc, train_loss_step=0.598, val_loss=0.637, train_loss_epoch=0.540]Epoch 7:  86%|████████▌ | 6/7 [00:05<00:00,  1.07it/s, v_num=ccwc, train_loss_step=0.496, val_loss=0.637, train_loss_epoch=0.540]WARNING: vision_encoder.blocks.2.1.spatial_block.conv1.fn.dw.weight has NO gradient.
Epoch 7: 100%|██████████| 7/7 [00:06<00:00,  1.13it/s, v_num=ccwc, train_loss_step=0.496, val_loss=0.637, train_loss_epoch=0.540]Epoch 7: 100%|██████████| 7/7 [00:06<00:00,  1.13it/s, v_num=ccwc, train_loss_step=0.691, val_loss=0.637, train_loss_epoch=0.540]
Validation: |          | 0/? [00:00<?, ?it/s][A
Validation:   0%|          | 0/4 [00:00<?, ?it/s][A
Validation DataLoader 0:   0%|          | 0/4 [00:00<?, ?it/s][Atensor(0.5815, device='cuda:0')
tensor(-0.2769, device='cuda:0')

Validation DataLoader 0:  25%|██▌       | 1/4 [00:00<00:02,  1.24it/s][Atensor(0.6155, device='cuda:0')
tensor(-0.3989, device='cuda:0')

Validation DataLoader 0:  50%|█████     | 2/4 [00:01<00:01,  1.23it/s][Atensor(0.7703, device='cuda:0')
tensor(-0.1609, device='cuda:0')

Validation DataLoader 0:  75%|███████▌  | 3/4 [00:02<00:00,  1.22it/s][Atensor(0.5610, device='cuda:0')
tensor(-0.1176, device='cuda:0')

Validation DataLoader 0: 100%|██████████| 4/4 [00:02<00:00,  1.45it/s][A
==================================================
Stage: VAL
Predicted class distribution: 0s = 24, 1s = 83
Actual label distribution:    0s = 80, 1s = 27
Actual Imbalance Ratio (0:1): 2.96:1
==================================================
✅ Model is predicting both classes.

                                                                      [AEpoch 7: 100%|██████████| 7/7 [00:09<00:00,  0.72it/s, v_num=ccwc, train_loss_step=0.691, val_loss=0.631, train_loss_epoch=0.540]Epoch 7: 100%|██████████| 7/7 [00:09<00:00,  0.72it/s, v_num=ccwc, train_loss_step=0.691, val_loss=0.631, train_loss_epoch=0.582]Epoch 7:   0%|          | 0/7 [00:00<?, ?it/s, v_num=ccwc, train_loss_step=0.691, val_loss=0.631, train_loss_epoch=0.582]        Epoch 8:   0%|          | 0/7 [00:00<?, ?it/s, v_num=ccwc, train_loss_step=0.691, val_loss=0.631, train_loss_epoch=0.582]WARNING: vision_encoder.blocks.2.1.spatial_block.conv1.fn.dw.weight has NO gradient.
Epoch 8:  14%|█▍        | 1/7 [00:01<00:08,  0.67it/s, v_num=ccwc, train_loss_step=0.691, val_loss=0.631, train_loss_epoch=0.582]Epoch 8:  14%|█▍        | 1/7 [00:01<00:08,  0.67it/s, v_num=ccwc, train_loss_step=0.444, val_loss=0.631, train_loss_epoch=0.582]WARNING: vision_encoder.blocks.2.1.spatial_block.conv1.fn.dw.weight has NO gradient.
Epoch 8:  29%|██▊       | 2/7 [00:02<00:05,  0.86it/s, v_num=ccwc, train_loss_step=0.444, val_loss=0.631, train_loss_epoch=0.582]Epoch 8:  29%|██▊       | 2/7 [00:02<00:05,  0.86it/s, v_num=ccwc, train_loss_step=0.523, val_loss=0.631, train_loss_epoch=0.582]WARNING: vision_encoder.blocks.2.1.spatial_block.conv1.fn.dw.weight has NO gradient.
Epoch 8:  43%|████▎     | 3/7 [00:03<00:04,  0.95it/s, v_num=ccwc, train_loss_step=0.523, val_loss=0.631, train_loss_epoch=0.582]Epoch 8:  43%|████▎     | 3/7 [00:03<00:04,  0.95it/s, v_num=ccwc, train_loss_step=0.518, val_loss=0.631, train_loss_epoch=0.582]WARNING: vision_encoder.blocks.2.1.spatial_block.conv1.fn.dw.weight has NO gradient.
Epoch 8:  57%|█████▋    | 4/7 [00:03<00:02,  1.01it/s, v_num=ccwc, train_loss_step=0.518, val_loss=0.631, train_loss_epoch=0.582]Epoch 8:  57%|█████▋    | 4/7 [00:03<00:02,  1.01it/s, v_num=ccwc, train_loss_step=0.505, val_loss=0.631, train_loss_epoch=0.582]WARNING: vision_encoder.blocks.2.1.spatial_block.conv1.fn.dw.weight has NO gradient.
Epoch 8:  71%|███████▏  | 5/7 [00:04<00:01,  1.04it/s, v_num=ccwc, train_loss_step=0.505, val_loss=0.631, train_loss_epoch=0.582]Epoch 8:  71%|███████▏  | 5/7 [00:04<00:01,  1.04it/s, v_num=ccwc, train_loss_step=0.614, val_loss=0.631, train_loss_epoch=0.582]WARNING: vision_encoder.blocks.2.1.spatial_block.conv1.fn.dw.weight has NO gradient.
Epoch 8:  86%|████████▌ | 6/7 [00:05<00:00,  1.06it/s, v_num=ccwc, train_loss_step=0.614, val_loss=0.631, train_loss_epoch=0.582]Epoch 8:  86%|████████▌ | 6/7 [00:05<00:00,  1.06it/s, v_num=ccwc, train_loss_step=0.502, val_loss=0.631, train_loss_epoch=0.582]WARNING: vision_encoder.blocks.2.1.spatial_block.conv1.fn.dw.weight has NO gradient.
Epoch 8: 100%|██████████| 7/7 [00:06<00:00,  1.13it/s, v_num=ccwc, train_loss_step=0.502, val_loss=0.631, train_loss_epoch=0.582]Epoch 8: 100%|██████████| 7/7 [00:06<00:00,  1.13it/s, v_num=ccwc, train_loss_step=0.551, val_loss=0.631, train_loss_epoch=0.582]
Validation: |          | 0/? [00:00<?, ?it/s][A
Validation:   0%|          | 0/4 [00:00<?, ?it/s][A
Validation DataLoader 0:   0%|          | 0/4 [00:00<?, ?it/s][Atensor(0.6527, device='cuda:0')
tensor(-0.2241, device='cuda:0')

Validation DataLoader 0:  25%|██▌       | 1/4 [00:00<00:02,  1.24it/s][Atensor(0.6141, device='cuda:0')
tensor(-0.3828, device='cuda:0')

Validation DataLoader 0:  50%|█████     | 2/4 [00:01<00:01,  1.23it/s][Atensor(0.7849, device='cuda:0')
tensor(-0.1380, device='cuda:0')

Validation DataLoader 0:  75%|███████▌  | 3/4 [00:02<00:00,  1.22it/s][Atensor(0.5144, device='cuda:0')
tensor(-0.0869, device='cuda:0')

Validation DataLoader 0: 100%|██████████| 4/4 [00:02<00:00,  1.45it/s][A
==================================================
Stage: VAL
Predicted class distribution: 0s = 27, 1s = 80
Actual label distribution:    0s = 80, 1s = 27
Actual Imbalance Ratio (0:1): 2.96:1
==================================================
✅ Model is predicting both classes.

                                                                      [AEpoch 8: 100%|██████████| 7/7 [00:09<00:00,  0.72it/s, v_num=ccwc, train_loss_step=0.551, val_loss=0.615, train_loss_epoch=0.582]Epoch 8: 100%|██████████| 7/7 [00:09<00:00,  0.72it/s, v_num=ccwc, train_loss_step=0.551, val_loss=0.615, train_loss_epoch=0.521]Epoch 8:   0%|          | 0/7 [00:00<?, ?it/s, v_num=ccwc, train_loss_step=0.551, val_loss=0.615, train_loss_epoch=0.521]        Epoch 9:   0%|          | 0/7 [00:00<?, ?it/s, v_num=ccwc, train_loss_step=0.551, val_loss=0.615, train_loss_epoch=0.521]WARNING: vision_encoder.blocks.2.1.spatial_block.conv1.fn.dw.weight has NO gradient.
Epoch 9:  14%|█▍        | 1/7 [00:01<00:08,  0.68it/s, v_num=ccwc, train_loss_step=0.551, val_loss=0.615, train_loss_epoch=0.521]Epoch 9:  14%|█▍        | 1/7 [00:01<00:08,  0.68it/s, v_num=ccwc, train_loss_step=0.535, val_loss=0.615, train_loss_epoch=0.521]WARNING: vision_encoder.blocks.2.1.spatial_block.conv1.fn.dw.weight has NO gradient.
Epoch 9:  29%|██▊       | 2/7 [00:02<00:05,  0.87it/s, v_num=ccwc, train_loss_step=0.535, val_loss=0.615, train_loss_epoch=0.521]Epoch 9:  29%|██▊       | 2/7 [00:02<00:05,  0.87it/s, v_num=ccwc, train_loss_step=0.558, val_loss=0.615, train_loss_epoch=0.521]WARNING: vision_encoder.blocks.2.1.spatial_block.conv1.fn.dw.weight has NO gradient.
Epoch 9:  43%|████▎     | 3/7 [00:03<00:04,  0.96it/s, v_num=ccwc, train_loss_step=0.558, val_loss=0.615, train_loss_epoch=0.521]Epoch 9:  43%|████▎     | 3/7 [00:03<00:04,  0.96it/s, v_num=ccwc, train_loss_step=0.591, val_loss=0.615, train_loss_epoch=0.521]WARNING: vision_encoder.blocks.2.1.spatial_block.conv1.fn.dw.weight has NO gradient.
Epoch 9:  57%|█████▋    | 4/7 [00:03<00:02,  1.01it/s, v_num=ccwc, train_loss_step=0.591, val_loss=0.615, train_loss_epoch=0.521]Epoch 9:  57%|█████▋    | 4/7 [00:03<00:02,  1.01it/s, v_num=ccwc, train_loss_step=0.655, val_loss=0.615, train_loss_epoch=0.521]WARNING: vision_encoder.blocks.2.1.spatial_block.conv1.fn.dw.weight has NO gradient.
Epoch 9:  71%|███████▏  | 5/7 [00:04<00:01,  1.04it/s, v_num=ccwc, train_loss_step=0.655, val_loss=0.615, train_loss_epoch=0.521]Epoch 9:  71%|███████▏  | 5/7 [00:04<00:01,  1.04it/s, v_num=ccwc, train_loss_step=0.526, val_loss=0.615, train_loss_epoch=0.521]WARNING: vision_encoder.blocks.2.1.spatial_block.conv1.fn.dw.weight has NO gradient.
Epoch 9:  86%|████████▌ | 6/7 [00:05<00:00,  1.07it/s, v_num=ccwc, train_loss_step=0.526, val_loss=0.615, train_loss_epoch=0.521]Epoch 9:  86%|████████▌ | 6/7 [00:05<00:00,  1.07it/s, v_num=ccwc, train_loss_step=0.525, val_loss=0.615, train_loss_epoch=0.521]WARNING: vision_encoder.blocks.2.1.spatial_block.conv1.fn.dw.weight has NO gradient.
Epoch 9: 100%|██████████| 7/7 [00:06<00:00,  1.13it/s, v_num=ccwc, train_loss_step=0.525, val_loss=0.615, train_loss_epoch=0.521]Epoch 9: 100%|██████████| 7/7 [00:06<00:00,  1.13it/s, v_num=ccwc, train_loss_step=0.534, val_loss=0.615, train_loss_epoch=0.521]
Validation: |          | 0/? [00:00<?, ?it/s][A
Validation:   0%|          | 0/4 [00:00<?, ?it/s][A
Validation DataLoader 0:   0%|          | 0/4 [00:00<?, ?it/s][Atensor(0.6829, device='cuda:0')
tensor(-0.2104, device='cuda:0')

Validation DataLoader 0:  25%|██▌       | 1/4 [00:00<00:02,  1.24it/s][Atensor(0.6514, device='cuda:0')
tensor(-0.3862, device='cuda:0')

Validation DataLoader 0:  50%|█████     | 2/4 [00:01<00:01,  1.23it/s][Atensor(0.7816, device='cuda:0')
tensor(-0.1321, device='cuda:0')

Validation DataLoader 0:  75%|███████▌  | 3/4 [00:02<00:00,  1.22it/s][Atensor(0.4828, device='cuda:0')
tensor(-0.0999, device='cuda:0')

Validation DataLoader 0: 100%|██████████| 4/4 [00:02<00:00,  1.45it/s][A
==================================================
Stage: VAL
Predicted class distribution: 0s = 30, 1s = 77
Actual label distribution:    0s = 80, 1s = 27
Actual Imbalance Ratio (0:1): 2.96:1
==================================================
✅ Model is predicting both classes.

                                                                      [AEpoch 9: 100%|██████████| 7/7 [00:09<00:00,  0.72it/s, v_num=ccwc, train_loss_step=0.534, val_loss=0.607, train_loss_epoch=0.521]Epoch 9: 100%|██████████| 7/7 [00:09<00:00,  0.72it/s, v_num=ccwc, train_loss_step=0.534, val_loss=0.607, train_loss_epoch=0.562]Epoch 9:   0%|          | 0/7 [00:00<?, ?it/s, v_num=ccwc, train_loss_step=0.534, val_loss=0.607, train_loss_epoch=0.562]        Epoch 10:   0%|          | 0/7 [00:00<?, ?it/s, v_num=ccwc, train_loss_step=0.534, val_loss=0.607, train_loss_epoch=0.562]WARNING: vision_encoder.blocks.2.1.spatial_block.conv1.fn.dw.weight has NO gradient.
Epoch 10:  14%|█▍        | 1/7 [00:01<00:08,  0.67it/s, v_num=ccwc, train_loss_step=0.534, val_loss=0.607, train_loss_epoch=0.562]Epoch 10:  14%|█▍        | 1/7 [00:01<00:08,  0.67it/s, v_num=ccwc, train_loss_step=0.453, val_loss=0.607, train_loss_epoch=0.562]WARNING: vision_encoder.blocks.2.1.spatial_block.conv1.fn.dw.weight has NO gradient.
Epoch 10:  29%|██▊       | 2/7 [00:02<00:05,  0.86it/s, v_num=ccwc, train_loss_step=0.453, val_loss=0.607, train_loss_epoch=0.562]Epoch 10:  29%|██▊       | 2/7 [00:02<00:05,  0.86it/s, v_num=ccwc, train_loss_step=0.453, val_loss=0.607, train_loss_epoch=0.562]WARNING: vision_encoder.blocks.2.1.spatial_block.conv1.fn.dw.weight has NO gradient.
Epoch 10:  43%|████▎     | 3/7 [00:03<00:04,  0.95it/s, v_num=ccwc, train_loss_step=0.453, val_loss=0.607, train_loss_epoch=0.562]Epoch 10:  43%|████▎     | 3/7 [00:03<00:04,  0.95it/s, v_num=ccwc, train_loss_step=0.517, val_loss=0.607, train_loss_epoch=0.562]WARNING: vision_encoder.blocks.2.1.spatial_block.conv1.fn.dw.weight has NO gradient.
Epoch 10:  57%|█████▋    | 4/7 [00:03<00:02,  1.01it/s, v_num=ccwc, train_loss_step=0.517, val_loss=0.607, train_loss_epoch=0.562]Epoch 10:  57%|█████▋    | 4/7 [00:03<00:02,  1.01it/s, v_num=ccwc, train_loss_step=0.539, val_loss=0.607, train_loss_epoch=0.562]WARNING: vision_encoder.blocks.2.1.spatial_block.conv1.fn.dw.weight has NO gradient.
Epoch 10:  71%|███████▏  | 5/7 [00:04<00:01,  1.04it/s, v_num=ccwc, train_loss_step=0.539, val_loss=0.607, train_loss_epoch=0.562]Epoch 10:  71%|███████▏  | 5/7 [00:04<00:01,  1.04it/s, v_num=ccwc, train_loss_step=0.342, val_loss=0.607, train_loss_epoch=0.562]WARNING: vision_encoder.blocks.2.1.spatial_block.conv1.fn.dw.weight has NO gradient.
Epoch 10:  86%|████████▌ | 6/7 [00:05<00:00,  1.06it/s, v_num=ccwc, train_loss_step=0.342, val_loss=0.607, train_loss_epoch=0.562]Epoch 10:  86%|████████▌ | 6/7 [00:05<00:00,  1.06it/s, v_num=ccwc, train_loss_step=0.578, val_loss=0.607, train_loss_epoch=0.562]WARNING: vision_encoder.blocks.2.1.spatial_block.conv1.fn.dw.weight has NO gradient.
Epoch 10: 100%|██████████| 7/7 [00:06<00:00,  1.13it/s, v_num=ccwc, train_loss_step=0.578, val_loss=0.607, train_loss_epoch=0.562]Epoch 10: 100%|██████████| 7/7 [00:06<00:00,  1.13it/s, v_num=ccwc, train_loss_step=0.379, val_loss=0.607, train_loss_epoch=0.562]
Validation: |          | 0/? [00:00<?, ?it/s][A
Validation:   0%|          | 0/4 [00:00<?, ?it/s][A
Validation DataLoader 0:   0%|          | 0/4 [00:00<?, ?it/s][Atensor(0.7021, device='cuda:0')
tensor(-0.2182, device='cuda:0')

Validation DataLoader 0:  25%|██▌       | 1/4 [00:00<00:02,  1.24it/s][Atensor(0.6589, device='cuda:0')
tensor(-0.4063, device='cuda:0')

Validation DataLoader 0:  50%|█████     | 2/4 [00:01<00:01,  1.23it/s][Atensor(0.8163, device='cuda:0')
tensor(-0.1095, device='cuda:0')

Validation DataLoader 0:  75%|███████▌  | 3/4 [00:02<00:00,  1.22it/s][Atensor(0.5072, device='cuda:0')
tensor(-0.0965, device='cuda:0')

Validation DataLoader 0: 100%|██████████| 4/4 [00:02<00:00,  1.45it/s][A
==================================================
Stage: VAL
Predicted class distribution: 0s = 32, 1s = 75
Actual label distribution:    0s = 80, 1s = 27
Actual Imbalance Ratio (0:1): 2.96:1
==================================================
✅ Model is predicting both classes.

                                                                      [AEpoch 10: 100%|██████████| 7/7 [00:10<00:00,  0.70it/s, v_num=ccwc, train_loss_step=0.379, val_loss=0.600, train_loss_epoch=0.562]Epoch 10: 100%|██████████| 7/7 [00:10<00:00,  0.70it/s, v_num=ccwc, train_loss_step=0.379, val_loss=0.600, train_loss_epoch=0.470]Epoch 10:   0%|          | 0/7 [00:00<?, ?it/s, v_num=ccwc, train_loss_step=0.379, val_loss=0.600, train_loss_epoch=0.470]        Epoch 11:   0%|          | 0/7 [00:00<?, ?it/s, v_num=ccwc, train_loss_step=0.379, val_loss=0.600, train_loss_epoch=0.470]WARNING: vision_encoder.blocks.2.1.spatial_block.conv1.fn.dw.weight has NO gradient.
Epoch 11:  14%|█▍        | 1/7 [00:01<00:08,  0.68it/s, v_num=ccwc, train_loss_step=0.379, val_loss=0.600, train_loss_epoch=0.470]Epoch 11:  14%|█▍        | 1/7 [00:01<00:08,  0.68it/s, v_num=ccwc, train_loss_step=0.591, val_loss=0.600, train_loss_epoch=0.470]WARNING: vision_encoder.blocks.2.1.spatial_block.conv1.fn.dw.weight has NO gradient.
Epoch 11:  29%|██▊       | 2/7 [00:02<00:05,  0.87it/s, v_num=ccwc, train_loss_step=0.591, val_loss=0.600, train_loss_epoch=0.470]Epoch 11:  29%|██▊       | 2/7 [00:02<00:05,  0.87it/s, v_num=ccwc, train_loss_step=0.439, val_loss=0.600, train_loss_epoch=0.470]WARNING: vision_encoder.blocks.2.1.spatial_block.conv1.fn.dw.weight has NO gradient.
Epoch 11:  43%|████▎     | 3/7 [00:03<00:04,  0.96it/s, v_num=ccwc, train_loss_step=0.439, val_loss=0.600, train_loss_epoch=0.470]Epoch 11:  43%|████▎     | 3/7 [00:03<00:04,  0.96it/s, v_num=ccwc, train_loss_step=0.450, val_loss=0.600, train_loss_epoch=0.470]WARNING: vision_encoder.blocks.2.1.spatial_block.conv1.fn.dw.weight has NO gradient.
Epoch 11:  57%|█████▋    | 4/7 [00:03<00:02,  1.01it/s, v_num=ccwc, train_loss_step=0.450, val_loss=0.600, train_loss_epoch=0.470]Epoch 11:  57%|█████▋    | 4/7 [00:03<00:02,  1.01it/s, v_num=ccwc, train_loss_step=0.474, val_loss=0.600, train_loss_epoch=0.470]WARNING: vision_encoder.blocks.2.1.spatial_block.conv1.fn.dw.weight has NO gradient.
Epoch 11:  71%|███████▏  | 5/7 [00:04<00:01,  1.04it/s, v_num=ccwc, train_loss_step=0.474, val_loss=0.600, train_loss_epoch=0.470]Epoch 11:  71%|███████▏  | 5/7 [00:04<00:01,  1.04it/s, v_num=ccwc, train_loss_step=0.384, val_loss=0.600, train_loss_epoch=0.470]WARNING: vision_encoder.blocks.2.1.spatial_block.conv1.fn.dw.weight has NO gradient.
Epoch 11:  86%|████████▌ | 6/7 [00:05<00:00,  1.07it/s, v_num=ccwc, train_loss_step=0.384, val_loss=0.600, train_loss_epoch=0.470]Epoch 11:  86%|████████▌ | 6/7 [00:05<00:00,  1.07it/s, v_num=ccwc, train_loss_step=0.518, val_loss=0.600, train_loss_epoch=0.470]WARNING: vision_encoder.blocks.2.1.spatial_block.conv1.fn.dw.weight has NO gradient.
Epoch 11: 100%|██████████| 7/7 [00:06<00:00,  1.13it/s, v_num=ccwc, train_loss_step=0.518, val_loss=0.600, train_loss_epoch=0.470]Epoch 11: 100%|██████████| 7/7 [00:06<00:00,  1.13it/s, v_num=ccwc, train_loss_step=0.463, val_loss=0.600, train_loss_epoch=0.470]
Validation: |          | 0/? [00:00<?, ?it/s][A
Validation:   0%|          | 0/4 [00:00<?, ?it/s][A
Validation DataLoader 0:   0%|          | 0/4 [00:00<?, ?it/s][Atensor(0.7342, device='cuda:0')
tensor(-0.2118, device='cuda:0')

Validation DataLoader 0:  25%|██▌       | 1/4 [00:00<00:02,  1.24it/s][Atensor(0.6755, device='cuda:0')
tensor(-0.4222, device='cuda:0')

Validation DataLoader 0:  50%|█████     | 2/4 [00:01<00:01,  1.23it/s][Atensor(0.9154, device='cuda:0')
tensor(-0.0858, device='cuda:0')

Validation DataLoader 0:  75%|███████▌  | 3/4 [00:02<00:00,  1.22it/s][Atensor(0.5771, device='cuda:0')
tensor(-0.1191, device='cuda:0')

Validation DataLoader 0: 100%|██████████| 4/4 [00:02<00:00,  1.45it/s][A
==================================================
Stage: VAL
Predicted class distribution: 0s = 40, 1s = 67
Actual label distribution:    0s = 80, 1s = 27
Actual Imbalance Ratio (0:1): 2.96:1
==================================================
✅ Model is predicting both classes.

                                                                      [AEpoch 11: 100%|██████████| 7/7 [00:09<00:00,  0.73it/s, v_num=ccwc, train_loss_step=0.463, val_loss=0.588, train_loss_epoch=0.470]Epoch 11: 100%|██████████| 7/7 [00:09<00:00,  0.73it/s, v_num=ccwc, train_loss_step=0.463, val_loss=0.588, train_loss_epoch=0.475]Epoch 11:   0%|          | 0/7 [00:00<?, ?it/s, v_num=ccwc, train_loss_step=0.463, val_loss=0.588, train_loss_epoch=0.475]        Epoch 12:   0%|          | 0/7 [00:00<?, ?it/s, v_num=ccwc, train_loss_step=0.463, val_loss=0.588, train_loss_epoch=0.475]WARNING: vision_encoder.blocks.2.1.spatial_block.conv1.fn.dw.weight has NO gradient.
Epoch 12:  14%|█▍        | 1/7 [00:01<00:08,  0.68it/s, v_num=ccwc, train_loss_step=0.463, val_loss=0.588, train_loss_epoch=0.475]Epoch 12:  14%|█▍        | 1/7 [00:01<00:08,  0.68it/s, v_num=ccwc, train_loss_step=0.467, val_loss=0.588, train_loss_epoch=0.475]WARNING: vision_encoder.blocks.2.1.spatial_block.conv1.fn.dw.weight has NO gradient.
Epoch 12:  29%|██▊       | 2/7 [00:02<00:05,  0.87it/s, v_num=ccwc, train_loss_step=0.467, val_loss=0.588, train_loss_epoch=0.475]Epoch 12:  29%|██▊       | 2/7 [00:02<00:05,  0.87it/s, v_num=ccwc, train_loss_step=0.455, val_loss=0.588, train_loss_epoch=0.475]WARNING: vision_encoder.blocks.2.1.spatial_block.conv1.fn.dw.weight has NO gradient.
Epoch 12:  43%|████▎     | 3/7 [00:03<00:04,  0.96it/s, v_num=ccwc, train_loss_step=0.455, val_loss=0.588, train_loss_epoch=0.475]Epoch 12:  43%|████▎     | 3/7 [00:03<00:04,  0.96it/s, v_num=ccwc, train_loss_step=0.525, val_loss=0.588, train_loss_epoch=0.475]WARNING: vision_encoder.blocks.2.1.spatial_block.conv1.fn.dw.weight has NO gradient.
Epoch 12:  57%|█████▋    | 4/7 [00:03<00:02,  1.01it/s, v_num=ccwc, train_loss_step=0.525, val_loss=0.588, train_loss_epoch=0.475]Epoch 12:  57%|█████▋    | 4/7 [00:03<00:02,  1.01it/s, v_num=ccwc, train_loss_step=0.439, val_loss=0.588, train_loss_epoch=0.475]WARNING: vision_encoder.blocks.2.1.spatial_block.conv1.fn.dw.weight has NO gradient.
Epoch 12:  71%|███████▏  | 5/7 [00:04<00:01,  1.04it/s, v_num=ccwc, train_loss_step=0.439, val_loss=0.588, train_loss_epoch=0.475]Epoch 12:  71%|███████▏  | 5/7 [00:04<00:01,  1.04it/s, v_num=ccwc, train_loss_step=0.399, val_loss=0.588, train_loss_epoch=0.475]WARNING: vision_encoder.blocks.2.1.spatial_block.conv1.fn.dw.weight has NO gradient.
Epoch 12:  86%|████████▌ | 6/7 [00:05<00:00,  1.07it/s, v_num=ccwc, train_loss_step=0.399, val_loss=0.588, train_loss_epoch=0.475]Epoch 12:  86%|████████▌ | 6/7 [00:05<00:00,  1.07it/s, v_num=ccwc, train_loss_step=0.671, val_loss=0.588, train_loss_epoch=0.475]WARNING: vision_encoder.blocks.2.1.spatial_block.conv1.fn.dw.weight has NO gradient.
Epoch 12: 100%|██████████| 7/7 [00:06<00:00,  1.13it/s, v_num=ccwc, train_loss_step=0.671, val_loss=0.588, train_loss_epoch=0.475]Epoch 12: 100%|██████████| 7/7 [00:06<00:00,  1.13it/s, v_num=ccwc, train_loss_step=0.527, val_loss=0.588, train_loss_epoch=0.475]
Validation: |          | 0/? [00:00<?, ?it/s][A
Validation:   0%|          | 0/4 [00:00<?, ?it/s][A
Validation DataLoader 0:   0%|          | 0/4 [00:00<?, ?it/s][Atensor(0.7779, device='cuda:0')
tensor(-0.2154, device='cuda:0')

Validation DataLoader 0:  25%|██▌       | 1/4 [00:00<00:02,  1.24it/s][Atensor(0.7177, device='cuda:0')
tensor(-0.4852, device='cuda:0')

Validation DataLoader 0:  50%|█████     | 2/4 [00:01<00:01,  1.22it/s][Atensor(0.9750, device='cuda:0')
tensor(-0.0966, device='cuda:0')

Validation DataLoader 0:  75%|███████▌  | 3/4 [00:02<00:00,  1.22it/s][Atensor(0.6391, device='cuda:0')
tensor(-0.1601, device='cuda:0')

Validation DataLoader 0: 100%|██████████| 4/4 [00:02<00:00,  1.44it/s][A
==================================================
Stage: VAL
Predicted class distribution: 0s = 41, 1s = 66
Actual label distribution:    0s = 80, 1s = 27
Actual Imbalance Ratio (0:1): 2.96:1
==================================================
✅ Model is predicting both classes.

                                                                      [AEpoch 12: 100%|██████████| 7/7 [00:09<00:00,  0.72it/s, v_num=ccwc, train_loss_step=0.527, val_loss=0.586, train_loss_epoch=0.475]Epoch 12: 100%|██████████| 7/7 [00:09<00:00,  0.72it/s, v_num=ccwc, train_loss_step=0.527, val_loss=0.586, train_loss_epoch=0.496]Epoch 12:   0%|          | 0/7 [00:00<?, ?it/s, v_num=ccwc, train_loss_step=0.527, val_loss=0.586, train_loss_epoch=0.496]        Epoch 13:   0%|          | 0/7 [00:00<?, ?it/s, v_num=ccwc, train_loss_step=0.527, val_loss=0.586, train_loss_epoch=0.496]WARNING: vision_encoder.blocks.2.1.spatial_block.conv1.fn.dw.weight has NO gradient.
Epoch 13:  14%|█▍        | 1/7 [00:01<00:08,  0.68it/s, v_num=ccwc, train_loss_step=0.527, val_loss=0.586, train_loss_epoch=0.496]Epoch 13:  14%|█▍        | 1/7 [00:01<00:08,  0.68it/s, v_num=ccwc, train_loss_step=0.484, val_loss=0.586, train_loss_epoch=0.496]WARNING: vision_encoder.blocks.2.1.spatial_block.conv1.fn.dw.weight has NO gradient.
Epoch 13:  29%|██▊       | 2/7 [00:02<00:05,  0.87it/s, v_num=ccwc, train_loss_step=0.484, val_loss=0.586, train_loss_epoch=0.496]Epoch 13:  29%|██▊       | 2/7 [00:02<00:05,  0.87it/s, v_num=ccwc, train_loss_step=0.513, val_loss=0.586, train_loss_epoch=0.496]WARNING: vision_encoder.blocks.2.1.spatial_block.conv1.fn.dw.weight has NO gradient.
Epoch 13:  43%|████▎     | 3/7 [00:03<00:04,  0.96it/s, v_num=ccwc, train_loss_step=0.513, val_loss=0.586, train_loss_epoch=0.496]Epoch 13:  43%|████▎     | 3/7 [00:03<00:04,  0.96it/s, v_num=ccwc, train_loss_step=0.421, val_loss=0.586, train_loss_epoch=0.496]WARNING: vision_encoder.blocks.2.1.spatial_block.conv1.fn.dw.weight has NO gradient.
Epoch 13:  57%|█████▋    | 4/7 [00:03<00:02,  1.01it/s, v_num=ccwc, train_loss_step=0.421, val_loss=0.586, train_loss_epoch=0.496]Epoch 13:  57%|█████▋    | 4/7 [00:03<00:02,  1.01it/s, v_num=ccwc, train_loss_step=0.393, val_loss=0.586, train_loss_epoch=0.496]WARNING: vision_encoder.blocks.2.1.spatial_block.conv1.fn.dw.weight has NO gradient.
Epoch 13:  71%|███████▏  | 5/7 [00:04<00:01,  1.04it/s, v_num=ccwc, train_loss_step=0.393, val_loss=0.586, train_loss_epoch=0.496]Epoch 13:  71%|███████▏  | 5/7 [00:04<00:01,  1.04it/s, v_num=ccwc, train_loss_step=0.392, val_loss=0.586, train_loss_epoch=0.496]WARNING: vision_encoder.blocks.2.1.spatial_block.conv1.fn.dw.weight has NO gradient.
Epoch 13:  86%|████████▌ | 6/7 [00:05<00:00,  1.07it/s, v_num=ccwc, train_loss_step=0.392, val_loss=0.586, train_loss_epoch=0.496]Epoch 13:  86%|████████▌ | 6/7 [00:05<00:00,  1.07it/s, v_num=ccwc, train_loss_step=0.438, val_loss=0.586, train_loss_epoch=0.496]WARNING: vision_encoder.blocks.2.1.spatial_block.conv1.fn.dw.weight has NO gradient.
Epoch 13: 100%|██████████| 7/7 [00:06<00:00,  1.13it/s, v_num=ccwc, train_loss_step=0.438, val_loss=0.586, train_loss_epoch=0.496]Epoch 13: 100%|██████████| 7/7 [00:06<00:00,  1.13it/s, v_num=ccwc, train_loss_step=0.454, val_loss=0.586, train_loss_epoch=0.496]
Validation: |          | 0/? [00:00<?, ?it/s][A
Validation:   0%|          | 0/4 [00:00<?, ?it/s][A
Validation DataLoader 0:   0%|          | 0/4 [00:00<?, ?it/s][Atensor(0.8418, device='cuda:0')
tensor(-0.2497, device='cuda:0')

Validation DataLoader 0:  25%|██▌       | 1/4 [00:00<00:02,  1.20it/s][Atensor(0.7575, device='cuda:0')
tensor(-0.5169, device='cuda:0')

Validation DataLoader 0:  50%|█████     | 2/4 [00:01<00:01,  1.20it/s][Atensor(1.0478, device='cuda:0')
tensor(-0.0923, device='cuda:0')

Validation DataLoader 0:  75%|███████▌  | 3/4 [00:02<00:00,  1.21it/s][Atensor(0.6929, device='cuda:0')
tensor(-0.2201, device='cuda:0')

Validation DataLoader 0: 100%|██████████| 4/4 [00:02<00:00,  1.43it/s][A
==================================================
Stage: VAL
Predicted class distribution: 0s = 47, 1s = 60
Actual label distribution:    0s = 80, 1s = 27
Actual Imbalance Ratio (0:1): 2.96:1
==================================================
✅ Model is predicting both classes.

                                                                      [AEpoch 13: 100%|██████████| 7/7 [00:09<00:00,  0.72it/s, v_num=ccwc, train_loss_step=0.454, val_loss=0.583, train_loss_epoch=0.496]Epoch 13: 100%|██████████| 7/7 [00:09<00:00,  0.72it/s, v_num=ccwc, train_loss_step=0.454, val_loss=0.583, train_loss_epoch=0.442]Epoch 13:   0%|          | 0/7 [00:00<?, ?it/s, v_num=ccwc, train_loss_step=0.454, val_loss=0.583, train_loss_epoch=0.442]        Epoch 14:   0%|          | 0/7 [00:00<?, ?it/s, v_num=ccwc, train_loss_step=0.454, val_loss=0.583, train_loss_epoch=0.442]WARNING: vision_encoder.blocks.2.1.spatial_block.conv1.fn.dw.weight has NO gradient.
Epoch 14:  14%|█▍        | 1/7 [00:01<00:08,  0.68it/s, v_num=ccwc, train_loss_step=0.454, val_loss=0.583, train_loss_epoch=0.442]Epoch 14:  14%|█▍        | 1/7 [00:01<00:08,  0.68it/s, v_num=ccwc, train_loss_step=0.509, val_loss=0.583, train_loss_epoch=0.442]WARNING: vision_encoder.blocks.2.1.spatial_block.conv1.fn.dw.weight has NO gradient.
Epoch 14:  29%|██▊       | 2/7 [00:02<00:05,  0.87it/s, v_num=ccwc, train_loss_step=0.509, val_loss=0.583, train_loss_epoch=0.442]Epoch 14:  29%|██▊       | 2/7 [00:02<00:05,  0.87it/s, v_num=ccwc, train_loss_step=0.488, val_loss=0.583, train_loss_epoch=0.442]WARNING: vision_encoder.blocks.2.1.spatial_block.conv1.fn.dw.weight has NO gradient.
Epoch 14:  43%|████▎     | 3/7 [00:03<00:04,  0.96it/s, v_num=ccwc, train_loss_step=0.488, val_loss=0.583, train_loss_epoch=0.442]Epoch 14:  43%|████▎     | 3/7 [00:03<00:04,  0.96it/s, v_num=ccwc, train_loss_step=0.467, val_loss=0.583, train_loss_epoch=0.442]WARNING: vision_encoder.blocks.2.1.spatial_block.conv1.fn.dw.weight has NO gradient.
Epoch 14:  57%|█████▋    | 4/7 [00:03<00:02,  1.01it/s, v_num=ccwc, train_loss_step=0.467, val_loss=0.583, train_loss_epoch=0.442]Epoch 14:  57%|█████▋    | 4/7 [00:03<00:02,  1.01it/s, v_num=ccwc, train_loss_step=0.500, val_loss=0.583, train_loss_epoch=0.442]WARNING: vision_encoder.blocks.2.1.spatial_block.conv1.fn.dw.weight has NO gradient.
Epoch 14:  71%|███████▏  | 5/7 [00:04<00:01,  1.04it/s, v_num=ccwc, train_loss_step=0.500, val_loss=0.583, train_loss_epoch=0.442]Epoch 14:  71%|███████▏  | 5/7 [00:04<00:01,  1.04it/s, v_num=ccwc, train_loss_step=0.441, val_loss=0.583, train_loss_epoch=0.442]WARNING: vision_encoder.blocks.2.1.spatial_block.conv1.fn.dw.weight has NO gradient.
Epoch 14:  86%|████████▌ | 6/7 [00:05<00:00,  1.07it/s, v_num=ccwc, train_loss_step=0.441, val_loss=0.583, train_loss_epoch=0.442]Epoch 14:  86%|████████▌ | 6/7 [00:05<00:00,  1.07it/s, v_num=ccwc, train_loss_step=0.406, val_loss=0.583, train_loss_epoch=0.442]WARNING: vision_encoder.blocks.2.1.spatial_block.conv1.fn.dw.weight has NO gradient.
Epoch 14: 100%|██████████| 7/7 [00:06<00:00,  1.13it/s, v_num=ccwc, train_loss_step=0.406, val_loss=0.583, train_loss_epoch=0.442]Epoch 14: 100%|██████████| 7/7 [00:06<00:00,  1.13it/s, v_num=ccwc, train_loss_step=0.571, val_loss=0.583, train_loss_epoch=0.442]
Validation: |          | 0/? [00:00<?, ?it/s][A
Validation:   0%|          | 0/4 [00:00<?, ?it/s][A
Validation DataLoader 0:   0%|          | 0/4 [00:00<?, ?it/s][Atensor(0.9614, device='cuda:0')
tensor(-0.2735, device='cuda:0')

Validation DataLoader 0:  25%|██▌       | 1/4 [00:00<00:02,  1.24it/s][Atensor(0.8274, device='cuda:0')
tensor(-0.5518, device='cuda:0')

Validation DataLoader 0:  50%|█████     | 2/4 [00:01<00:01,  1.23it/s][Atensor(1.1487, device='cuda:0')
tensor(-0.1053, device='cuda:0')

Validation DataLoader 0:  75%|███████▌  | 3/4 [00:02<00:00,  1.22it/s][Atensor(0.7691, device='cuda:0')
tensor(-0.2338, device='cuda:0')

Validation DataLoader 0: 100%|██████████| 4/4 [00:02<00:00,  1.45it/s][A
==================================================
Stage: VAL
Predicted class distribution: 0s = 55, 1s = 52
Actual label distribution:    0s = 80, 1s = 27
Actual Imbalance Ratio (0:1): 2.96:1
==================================================
✅ Model is predicting both classes.

                                                                      [AEpoch 14: 100%|██████████| 7/7 [00:09<00:00,  0.73it/s, v_num=ccwc, train_loss_step=0.571, val_loss=0.574, train_loss_epoch=0.442]Epoch 14: 100%|██████████| 7/7 [00:09<00:00,  0.72it/s, v_num=ccwc, train_loss_step=0.571, val_loss=0.574, train_loss_epoch=0.479]Epoch 14:   0%|          | 0/7 [00:00<?, ?it/s, v_num=ccwc, train_loss_step=0.571, val_loss=0.574, train_loss_epoch=0.479]        Epoch 15:   0%|          | 0/7 [00:00<?, ?it/s, v_num=ccwc, train_loss_step=0.571, val_loss=0.574, train_loss_epoch=0.479]WARNING: vision_encoder.blocks.2.1.spatial_block.conv1.fn.dw.weight has NO gradient.
Epoch 15:  14%|█▍        | 1/7 [00:01<00:08,  0.69it/s, v_num=ccwc, train_loss_step=0.571, val_loss=0.574, train_loss_epoch=0.479]Epoch 15:  14%|█▍        | 1/7 [00:01<00:08,  0.69it/s, v_num=ccwc, train_loss_step=0.478, val_loss=0.574, train_loss_epoch=0.479]WARNING: vision_encoder.blocks.2.1.spatial_block.conv1.fn.dw.weight has NO gradient.
Epoch 15:  29%|██▊       | 2/7 [00:02<00:05,  0.87it/s, v_num=ccwc, train_loss_step=0.478, val_loss=0.574, train_loss_epoch=0.479]Epoch 15:  29%|██▊       | 2/7 [00:02<00:05,  0.87it/s, v_num=ccwc, train_loss_step=0.394, val_loss=0.574, train_loss_epoch=0.479]WARNING: vision_encoder.blocks.2.1.spatial_block.conv1.fn.dw.weight has NO gradient.
Epoch 15:  43%|████▎     | 3/7 [00:03<00:04,  0.96it/s, v_num=ccwc, train_loss_step=0.394, val_loss=0.574, train_loss_epoch=0.479]Epoch 15:  43%|████▎     | 3/7 [00:03<00:04,  0.96it/s, v_num=ccwc, train_loss_step=0.457, val_loss=0.574, train_loss_epoch=0.479]WARNING: vision_encoder.blocks.2.1.spatial_block.conv1.fn.dw.weight has NO gradient.
Epoch 15:  57%|█████▋    | 4/7 [00:03<00:02,  1.01it/s, v_num=ccwc, train_loss_step=0.457, val_loss=0.574, train_loss_epoch=0.479]Epoch 15:  57%|█████▋    | 4/7 [00:03<00:02,  1.01it/s, v_num=ccwc, train_loss_step=0.474, val_loss=0.574, train_loss_epoch=0.479]WARNING: vision_encoder.blocks.2.1.spatial_block.conv1.fn.dw.weight has NO gradient.
Epoch 15:  71%|███████▏  | 5/7 [00:04<00:01,  1.05it/s, v_num=ccwc, train_loss_step=0.474, val_loss=0.574, train_loss_epoch=0.479]Epoch 15:  71%|███████▏  | 5/7 [00:04<00:01,  1.05it/s, v_num=ccwc, train_loss_step=0.505, val_loss=0.574, train_loss_epoch=0.479]WARNING: vision_encoder.blocks.2.1.spatial_block.conv1.fn.dw.weight has NO gradient.
Epoch 15:  86%|████████▌ | 6/7 [00:05<00:00,  1.07it/s, v_num=ccwc, train_loss_step=0.505, val_loss=0.574, train_loss_epoch=0.479]Epoch 15:  86%|████████▌ | 6/7 [00:05<00:00,  1.07it/s, v_num=ccwc, train_loss_step=0.423, val_loss=0.574, train_loss_epoch=0.479]WARNING: vision_encoder.blocks.2.1.spatial_block.conv1.fn.dw.weight has NO gradient.
Epoch 15: 100%|██████████| 7/7 [00:06<00:00,  1.14it/s, v_num=ccwc, train_loss_step=0.423, val_loss=0.574, train_loss_epoch=0.479]Epoch 15: 100%|██████████| 7/7 [00:06<00:00,  1.14it/s, v_num=ccwc, train_loss_step=0.232, val_loss=0.574, train_loss_epoch=0.479]
Validation: |          | 0/? [00:00<?, ?it/s][A
Validation:   0%|          | 0/4 [00:00<?, ?it/s][A
Validation DataLoader 0:   0%|          | 0/4 [00:00<?, ?it/s][Atensor(1.0005, device='cuda:0')
tensor(-0.3163, device='cuda:0')

Validation DataLoader 0:  25%|██▌       | 1/4 [00:00<00:02,  1.24it/s][Atensor(0.8565, device='cuda:0')
tensor(-0.6274, device='cuda:0')

Validation DataLoader 0:  50%|█████     | 2/4 [00:01<00:01,  1.23it/s][Atensor(1.1940, device='cuda:0')
tensor(-0.1131, device='cuda:0')

Validation DataLoader 0:  75%|███████▌  | 3/4 [00:02<00:00,  1.22it/s][Atensor(0.8200, device='cuda:0')
tensor(-0.3129, device='cuda:0')

Validation DataLoader 0: 100%|██████████| 4/4 [00:02<00:00,  1.45it/s][A
==================================================
Stage: VAL
Predicted class distribution: 0s = 48, 1s = 59
Actual label distribution:    0s = 80, 1s = 27
Actual Imbalance Ratio (0:1): 2.96:1
==================================================
✅ Model is predicting both classes.

                                                                      [AEpoch 15: 100%|██████████| 7/7 [00:10<00:00,  0.69it/s, v_num=ccwc, train_loss_step=0.232, val_loss=0.587, train_loss_epoch=0.479]Epoch 15: 100%|██████████| 7/7 [00:10<00:00,  0.69it/s, v_num=ccwc, train_loss_step=0.232, val_loss=0.587, train_loss_epoch=0.433]Epoch 15:   0%|          | 0/7 [00:00<?, ?it/s, v_num=ccwc, train_loss_step=0.232, val_loss=0.587, train_loss_epoch=0.433]        Epoch 16:   0%|          | 0/7 [00:00<?, ?it/s, v_num=ccwc, train_loss_step=0.232, val_loss=0.587, train_loss_epoch=0.433]WARNING: vision_encoder.blocks.2.1.spatial_block.conv1.fn.dw.weight has NO gradient.
Epoch 16:  14%|█▍        | 1/7 [00:01<00:08,  0.68it/s, v_num=ccwc, train_loss_step=0.232, val_loss=0.587, train_loss_epoch=0.433]Epoch 16:  14%|█▍        | 1/7 [00:01<00:08,  0.68it/s, v_num=ccwc, train_loss_step=0.417, val_loss=0.587, train_loss_epoch=0.433]WARNING: vision_encoder.blocks.2.1.spatial_block.conv1.fn.dw.weight has NO gradient.
Epoch 16:  29%|██▊       | 2/7 [00:02<00:05,  0.87it/s, v_num=ccwc, train_loss_step=0.417, val_loss=0.587, train_loss_epoch=0.433]Epoch 16:  29%|██▊       | 2/7 [00:02<00:05,  0.87it/s, v_num=ccwc, train_loss_step=0.429, val_loss=0.587, train_loss_epoch=0.433]WARNING: vision_encoder.blocks.2.1.spatial_block.conv1.fn.dw.weight has NO gradient.
Epoch 16:  43%|████▎     | 3/7 [00:03<00:04,  0.96it/s, v_num=ccwc, train_loss_step=0.429, val_loss=0.587, train_loss_epoch=0.433]Epoch 16:  43%|████▎     | 3/7 [00:03<00:04,  0.96it/s, v_num=ccwc, train_loss_step=0.417, val_loss=0.587, train_loss_epoch=0.433]WARNING: vision_encoder.blocks.2.1.spatial_block.conv1.fn.dw.weight has NO gradient.
Epoch 16:  57%|█████▋    | 4/7 [00:03<00:02,  1.01it/s, v_num=ccwc, train_loss_step=0.417, val_loss=0.587, train_loss_epoch=0.433]Epoch 16:  57%|█████▋    | 4/7 [00:03<00:02,  1.01it/s, v_num=ccwc, train_loss_step=0.383, val_loss=0.587, train_loss_epoch=0.433]WARNING: vision_encoder.blocks.2.1.spatial_block.conv1.fn.dw.weight has NO gradient.
Epoch 16:  71%|███████▏  | 5/7 [00:04<00:01,  1.04it/s, v_num=ccwc, train_loss_step=0.383, val_loss=0.587, train_loss_epoch=0.433]Epoch 16:  71%|███████▏  | 5/7 [00:04<00:01,  1.04it/s, v_num=ccwc, train_loss_step=0.405, val_loss=0.587, train_loss_epoch=0.433]WARNING: vision_encoder.blocks.2.1.spatial_block.conv1.fn.dw.weight has NO gradient.
Epoch 16:  86%|████████▌ | 6/7 [00:05<00:00,  1.07it/s, v_num=ccwc, train_loss_step=0.405, val_loss=0.587, train_loss_epoch=0.433]Epoch 16:  86%|████████▌ | 6/7 [00:05<00:00,  1.07it/s, v_num=ccwc, train_loss_step=0.339, val_loss=0.587, train_loss_epoch=0.433]WARNING: vision_encoder.blocks.2.1.spatial_block.conv1.fn.dw.weight has NO gradient.
Epoch 16: 100%|██████████| 7/7 [00:06<00:00,  1.13it/s, v_num=ccwc, train_loss_step=0.339, val_loss=0.587, train_loss_epoch=0.433]Epoch 16: 100%|██████████| 7/7 [00:06<00:00,  1.13it/s, v_num=ccwc, train_loss_step=0.447, val_loss=0.587, train_loss_epoch=0.433]
Validation: |          | 0/? [00:00<?, ?it/s][A
Validation:   0%|          | 0/4 [00:00<?, ?it/s][A
Validation DataLoader 0:   0%|          | 0/4 [00:00<?, ?it/s][Atensor(0.9969, device='cuda:0')
tensor(-0.3784, device='cuda:0')

Validation DataLoader 0:  25%|██▌       | 1/4 [00:00<00:02,  1.24it/s][Atensor(0.8341, device='cuda:0')
tensor(-0.7031, device='cuda:0')

Validation DataLoader 0:  50%|█████     | 2/4 [00:01<00:01,  1.23it/s][Atensor(1.1598, device='cuda:0')
tensor(-0.1324, device='cuda:0')

Validation DataLoader 0:  75%|███████▌  | 3/4 [00:02<00:00,  1.22it/s][Atensor(0.8090, device='cuda:0')
tensor(-0.3993, device='cuda:0')

Validation DataLoader 0: 100%|██████████| 4/4 [00:02<00:00,  1.45it/s][A
==================================================
Stage: VAL
Predicted class distribution: 0s = 46, 1s = 61
Actual label distribution:    0s = 80, 1s = 27
Actual Imbalance Ratio (0:1): 2.96:1
==================================================
✅ Model is predicting both classes.

                                                                      [AEpoch 16: 100%|██████████| 7/7 [00:09<00:00,  0.73it/s, v_num=ccwc, train_loss_step=0.447, val_loss=0.604, train_loss_epoch=0.433]Epoch 16: 100%|██████████| 7/7 [00:09<00:00,  0.72it/s, v_num=ccwc, train_loss_step=0.447, val_loss=0.604, train_loss_epoch=0.403]Epoch 16:   0%|          | 0/7 [00:00<?, ?it/s, v_num=ccwc, train_loss_step=0.447, val_loss=0.604, train_loss_epoch=0.403]        Epoch 17:   0%|          | 0/7 [00:00<?, ?it/s, v_num=ccwc, train_loss_step=0.447, val_loss=0.604, train_loss_epoch=0.403]WARNING: vision_encoder.blocks.2.1.spatial_block.conv1.fn.dw.weight has NO gradient.
Epoch 17:  14%|█▍        | 1/7 [00:01<00:08,  0.67it/s, v_num=ccwc, train_loss_step=0.447, val_loss=0.604, train_loss_epoch=0.403]Epoch 17:  14%|█▍        | 1/7 [00:01<00:08,  0.67it/s, v_num=ccwc, train_loss_step=0.532, val_loss=0.604, train_loss_epoch=0.403]WARNING: vision_encoder.blocks.2.1.spatial_block.conv1.fn.dw.weight has NO gradient.
Epoch 17:  29%|██▊       | 2/7 [00:02<00:05,  0.86it/s, v_num=ccwc, train_loss_step=0.532, val_loss=0.604, train_loss_epoch=0.403]Epoch 17:  29%|██▊       | 2/7 [00:02<00:05,  0.86it/s, v_num=ccwc, train_loss_step=0.517, val_loss=0.604, train_loss_epoch=0.403]WARNING: vision_encoder.blocks.2.1.spatial_block.conv1.fn.dw.weight has NO gradient.
Epoch 17:  43%|████▎     | 3/7 [00:03<00:04,  0.95it/s, v_num=ccwc, train_loss_step=0.517, val_loss=0.604, train_loss_epoch=0.403]Epoch 17:  43%|████▎     | 3/7 [00:03<00:04,  0.95it/s, v_num=ccwc, train_loss_step=0.273, val_loss=0.604, train_loss_epoch=0.403]WARNING: vision_encoder.blocks.2.1.spatial_block.conv1.fn.dw.weight has NO gradient.
Epoch 17:  57%|█████▋    | 4/7 [00:03<00:02,  1.00it/s, v_num=ccwc, train_loss_step=0.273, val_loss=0.604, train_loss_epoch=0.403]Epoch 17:  57%|█████▋    | 4/7 [00:03<00:02,  1.00it/s, v_num=ccwc, train_loss_step=0.437, val_loss=0.604, train_loss_epoch=0.403]WARNING: vision_encoder.blocks.2.1.spatial_block.conv1.fn.dw.weight has NO gradient.
Epoch 17:  71%|███████▏  | 5/7 [00:04<00:01,  1.04it/s, v_num=ccwc, train_loss_step=0.437, val_loss=0.604, train_loss_epoch=0.403]Epoch 17:  71%|███████▏  | 5/7 [00:04<00:01,  1.04it/s, v_num=ccwc, train_loss_step=0.267, val_loss=0.604, train_loss_epoch=0.403]WARNING: vision_encoder.blocks.2.1.spatial_block.conv1.fn.dw.weight has NO gradient.
Epoch 17:  86%|████████▌ | 6/7 [00:05<00:00,  1.06it/s, v_num=ccwc, train_loss_step=0.267, val_loss=0.604, train_loss_epoch=0.403]Epoch 17:  86%|████████▌ | 6/7 [00:05<00:00,  1.06it/s, v_num=ccwc, train_loss_step=0.380, val_loss=0.604, train_loss_epoch=0.403]WARNING: vision_encoder.blocks.2.1.spatial_block.conv1.fn.dw.weight has NO gradient.
Epoch 17: 100%|██████████| 7/7 [00:06<00:00,  1.13it/s, v_num=ccwc, train_loss_step=0.380, val_loss=0.604, train_loss_epoch=0.403]Epoch 17: 100%|██████████| 7/7 [00:06<00:00,  1.13it/s, v_num=ccwc, train_loss_step=0.459, val_loss=0.604, train_loss_epoch=0.403]
Validation: |          | 0/? [00:00<?, ?it/s][A
Validation:   0%|          | 0/4 [00:00<?, ?it/s][A
Validation DataLoader 0:   0%|          | 0/4 [00:00<?, ?it/s][Atensor(1.0180, device='cuda:0')
tensor(-0.4278, device='cuda:0')

Validation DataLoader 0:  25%|██▌       | 1/4 [00:00<00:02,  1.24it/s][Atensor(0.8736, device='cuda:0')
tensor(-0.7355, device='cuda:0')

Validation DataLoader 0:  50%|█████     | 2/4 [00:01<00:01,  1.23it/s][Atensor(1.1480, device='cuda:0')
tensor(-0.1486, device='cuda:0')

Validation DataLoader 0:  75%|███████▌  | 3/4 [00:02<00:00,  1.22it/s][Atensor(0.8126, device='cuda:0')
tensor(-0.4750, device='cuda:0')

Validation DataLoader 0: 100%|██████████| 4/4 [00:02<00:00,  1.45it/s][A
==================================================
Stage: VAL
Predicted class distribution: 0s = 48, 1s = 59
Actual label distribution:    0s = 80, 1s = 27
Actual Imbalance Ratio (0:1): 2.96:1
==================================================
✅ Model is predicting both classes.

                                                                      [AEpoch 17: 100%|██████████| 7/7 [00:09<00:00,  0.72it/s, v_num=ccwc, train_loss_step=0.459, val_loss=0.612, train_loss_epoch=0.403]Epoch 17: 100%|██████████| 7/7 [00:09<00:00,  0.72it/s, v_num=ccwc, train_loss_step=0.459, val_loss=0.612, train_loss_epoch=0.407]Epoch 17:   0%|          | 0/7 [00:00<?, ?it/s, v_num=ccwc, train_loss_step=0.459, val_loss=0.612, train_loss_epoch=0.407]        Epoch 18:   0%|          | 0/7 [00:00<?, ?it/s, v_num=ccwc, train_loss_step=0.459, val_loss=0.612, train_loss_epoch=0.407]WARNING: vision_encoder.blocks.2.1.spatial_block.conv1.fn.dw.weight has NO gradient.
Epoch 18:  14%|█▍        | 1/7 [00:01<00:08,  0.67it/s, v_num=ccwc, train_loss_step=0.459, val_loss=0.612, train_loss_epoch=0.407]Epoch 18:  14%|█▍        | 1/7 [00:01<00:08,  0.67it/s, v_num=ccwc, train_loss_step=0.475, val_loss=0.612, train_loss_epoch=0.407]WARNING: vision_encoder.blocks.2.1.spatial_block.conv1.fn.dw.weight has NO gradient.
Epoch 18:  29%|██▊       | 2/7 [00:02<00:05,  0.86it/s, v_num=ccwc, train_loss_step=0.475, val_loss=0.612, train_loss_epoch=0.407]Epoch 18:  29%|██▊       | 2/7 [00:02<00:05,  0.86it/s, v_num=ccwc, train_loss_step=0.462, val_loss=0.612, train_loss_epoch=0.407]WARNING: vision_encoder.blocks.2.1.spatial_block.conv1.fn.dw.weight has NO gradient.
Epoch 18:  43%|████▎     | 3/7 [00:03<00:04,  0.95it/s, v_num=ccwc, train_loss_step=0.462, val_loss=0.612, train_loss_epoch=0.407]Epoch 18:  43%|████▎     | 3/7 [00:03<00:04,  0.95it/s, v_num=ccwc, train_loss_step=0.467, val_loss=0.612, train_loss_epoch=0.407]WARNING: vision_encoder.blocks.2.1.spatial_block.conv1.fn.dw.weight has NO gradient.
Epoch 18:  57%|█████▋    | 4/7 [00:04<00:03,  1.00it/s, v_num=ccwc, train_loss_step=0.467, val_loss=0.612, train_loss_epoch=0.407]Epoch 18:  57%|█████▋    | 4/7 [00:04<00:03,  1.00it/s, v_num=ccwc, train_loss_step=0.425, val_loss=0.612, train_loss_epoch=0.407]WARNING: vision_encoder.blocks.2.1.spatial_block.conv1.fn.dw.weight has NO gradient.
Epoch 18:  71%|███████▏  | 5/7 [00:04<00:01,  1.03it/s, v_num=ccwc, train_loss_step=0.425, val_loss=0.612, train_loss_epoch=0.407]Epoch 18:  71%|███████▏  | 5/7 [00:04<00:01,  1.03it/s, v_num=ccwc, train_loss_step=0.600, val_loss=0.612, train_loss_epoch=0.407]WARNING: vision_encoder.blocks.2.1.spatial_block.conv1.fn.dw.weight has NO gradient.
Epoch 18:  86%|████████▌ | 6/7 [00:05<00:00,  1.06it/s, v_num=ccwc, train_loss_step=0.600, val_loss=0.612, train_loss_epoch=0.407]Epoch 18:  86%|████████▌ | 6/7 [00:05<00:00,  1.06it/s, v_num=ccwc, train_loss_step=0.353, val_loss=0.612, train_loss_epoch=0.407]WARNING: vision_encoder.blocks.2.1.spatial_block.conv1.fn.dw.weight has NO gradient.
Epoch 18: 100%|██████████| 7/7 [00:06<00:00,  1.12it/s, v_num=ccwc, train_loss_step=0.353, val_loss=0.612, train_loss_epoch=0.407]Epoch 18: 100%|██████████| 7/7 [00:06<00:00,  1.12it/s, v_num=ccwc, train_loss_step=0.388, val_loss=0.612, train_loss_epoch=0.407]
Validation: |          | 0/? [00:00<?, ?it/s][A
Validation:   0%|          | 0/4 [00:00<?, ?it/s][A
Validation DataLoader 0:   0%|          | 0/4 [00:00<?, ?it/s][Atensor(1.0613, device='cuda:0')
tensor(-0.5367, device='cuda:0')

Validation DataLoader 0:  25%|██▌       | 1/4 [00:00<00:02,  1.24it/s][Atensor(0.8953, device='cuda:0')
tensor(-0.7847, device='cuda:0')

Validation DataLoader 0:  50%|█████     | 2/4 [00:01<00:01,  1.22it/s][Atensor(1.1422, device='cuda:0')
tensor(-0.1417, device='cuda:0')

Validation DataLoader 0:  75%|███████▌  | 3/4 [00:02<00:00,  1.22it/s][Atensor(0.8225, device='cuda:0')
tensor(-0.5821, device='cuda:0')

Validation DataLoader 0: 100%|██████████| 4/4 [00:02<00:00,  1.44it/s][A
==================================================
Stage: VAL
Predicted class distribution: 0s = 50, 1s = 57
Actual label distribution:    0s = 80, 1s = 27
Actual Imbalance Ratio (0:1): 2.96:1
==================================================
✅ Model is predicting both classes.

                                                                      [AEpoch 18: 100%|██████████| 7/7 [00:09<00:00,  0.72it/s, v_num=ccwc, train_loss_step=0.388, val_loss=0.633, train_loss_epoch=0.407]Epoch 18: 100%|██████████| 7/7 [00:09<00:00,  0.72it/s, v_num=ccwc, train_loss_step=0.388, val_loss=0.633, train_loss_epoch=0.456]Epoch 18:   0%|          | 0/7 [00:00<?, ?it/s, v_num=ccwc, train_loss_step=0.388, val_loss=0.633, train_loss_epoch=0.456]        Epoch 19:   0%|          | 0/7 [00:00<?, ?it/s, v_num=ccwc, train_loss_step=0.388, val_loss=0.633, train_loss_epoch=0.456]WARNING: vision_encoder.blocks.2.1.spatial_block.conv1.fn.dw.weight has NO gradient.
Epoch 19:  14%|█▍        | 1/7 [00:01<00:08,  0.67it/s, v_num=ccwc, train_loss_step=0.388, val_loss=0.633, train_loss_epoch=0.456]Epoch 19:  14%|█▍        | 1/7 [00:01<00:08,  0.67it/s, v_num=ccwc, train_loss_step=0.438, val_loss=0.633, train_loss_epoch=0.456]WARNING: vision_encoder.blocks.2.1.spatial_block.conv1.fn.dw.weight has NO gradient.
Epoch 19:  29%|██▊       | 2/7 [00:02<00:05,  0.86it/s, v_num=ccwc, train_loss_step=0.438, val_loss=0.633, train_loss_epoch=0.456]Epoch 19:  29%|██▊       | 2/7 [00:02<00:05,  0.86it/s, v_num=ccwc, train_loss_step=0.673, val_loss=0.633, train_loss_epoch=0.456]WARNING: vision_encoder.blocks.2.1.spatial_block.conv1.fn.dw.weight has NO gradient.
Epoch 19:  43%|████▎     | 3/7 [00:03<00:04,  0.95it/s, v_num=ccwc, train_loss_step=0.673, val_loss=0.633, train_loss_epoch=0.456]Epoch 19:  43%|████▎     | 3/7 [00:03<00:04,  0.95it/s, v_num=ccwc, train_loss_step=0.444, val_loss=0.633, train_loss_epoch=0.456]WARNING: vision_encoder.blocks.2.1.spatial_block.conv1.fn.dw.weight has NO gradient.
Epoch 19:  57%|█████▋    | 4/7 [00:03<00:02,  1.00it/s, v_num=ccwc, train_loss_step=0.444, val_loss=0.633, train_loss_epoch=0.456]Epoch 19:  57%|█████▋    | 4/7 [00:03<00:02,  1.00it/s, v_num=ccwc, train_loss_step=0.267, val_loss=0.633, train_loss_epoch=0.456]WARNING: vision_encoder.blocks.2.1.spatial_block.conv1.fn.dw.weight has NO gradient.
Epoch 19:  71%|███████▏  | 5/7 [00:04<00:01,  1.04it/s, v_num=ccwc, train_loss_step=0.267, val_loss=0.633, train_loss_epoch=0.456]Epoch 19:  71%|███████▏  | 5/7 [00:04<00:01,  1.04it/s, v_num=ccwc, train_loss_step=0.326, val_loss=0.633, train_loss_epoch=0.456]WARNING: vision_encoder.blocks.2.1.spatial_block.conv1.fn.dw.weight has NO gradient.
Epoch 19:  86%|████████▌ | 6/7 [00:05<00:00,  1.06it/s, v_num=ccwc, train_loss_step=0.326, val_loss=0.633, train_loss_epoch=0.456]Epoch 19:  86%|████████▌ | 6/7 [00:05<00:00,  1.06it/s, v_num=ccwc, train_loss_step=0.393, val_loss=0.633, train_loss_epoch=0.456]WARNING: vision_encoder.blocks.2.1.spatial_block.conv1.fn.dw.weight has NO gradient.
Epoch 19: 100%|██████████| 7/7 [00:06<00:00,  1.12it/s, v_num=ccwc, train_loss_step=0.393, val_loss=0.633, train_loss_epoch=0.456]Epoch 19: 100%|██████████| 7/7 [00:06<00:00,  1.12it/s, v_num=ccwc, train_loss_step=0.450, val_loss=0.633, train_loss_epoch=0.456]
Validation: |          | 0/? [00:00<?, ?it/s][A
Validation:   0%|          | 0/4 [00:00<?, ?it/s][A
Validation DataLoader 0:   0%|          | 0/4 [00:00<?, ?it/s][Atensor(1.1057, device='cuda:0')
tensor(-0.4970, device='cuda:0')

Validation DataLoader 0:  25%|██▌       | 1/4 [00:00<00:02,  1.23it/s][Atensor(0.9240, device='cuda:0')
tensor(-0.7792, device='cuda:0')

Validation DataLoader 0:  50%|█████     | 2/4 [00:01<00:01,  1.22it/s][Atensor(1.1432, device='cuda:0')
tensor(-0.1870, device='cuda:0')

Validation DataLoader 0:  75%|███████▌  | 3/4 [00:02<00:00,  1.22it/s][Atensor(0.8216, device='cuda:0')
tensor(-0.5166, device='cuda:0')

Validation DataLoader 0: 100%|██████████| 4/4 [00:02<00:00,  1.44it/s][A
==================================================
Stage: VAL
Predicted class distribution: 0s = 49, 1s = 58
Actual label distribution:    0s = 80, 1s = 27
Actual Imbalance Ratio (0:1): 2.96:1
==================================================
✅ Model is predicting both classes.

                                                                      [AEpoch 19: 100%|██████████| 7/7 [00:09<00:00,  0.72it/s, v_num=ccwc, train_loss_step=0.450, val_loss=0.625, train_loss_epoch=0.456]Epoch 19: 100%|██████████| 7/7 [00:09<00:00,  0.72it/s, v_num=ccwc, train_loss_step=0.450, val_loss=0.625, train_loss_epoch=0.426]Epoch 19:   0%|          | 0/7 [00:00<?, ?it/s, v_num=ccwc, train_loss_step=0.450, val_loss=0.625, train_loss_epoch=0.426]        Epoch 20:   0%|          | 0/7 [00:00<?, ?it/s, v_num=ccwc, train_loss_step=0.450, val_loss=0.625, train_loss_epoch=0.426]WARNING: vision_encoder.blocks.2.1.spatial_block.conv1.fn.dw.weight has NO gradient.
Epoch 20:  14%|█▍        | 1/7 [00:01<00:08,  0.67it/s, v_num=ccwc, train_loss_step=0.450, val_loss=0.625, train_loss_epoch=0.426]Epoch 20:  14%|█▍        | 1/7 [00:01<00:08,  0.67it/s, v_num=ccwc, train_loss_step=0.285, val_loss=0.625, train_loss_epoch=0.426]WARNING: vision_encoder.blocks.2.1.spatial_block.conv1.fn.dw.weight has NO gradient.
Epoch 20:  29%|██▊       | 2/7 [00:02<00:05,  0.86it/s, v_num=ccwc, train_loss_step=0.285, val_loss=0.625, train_loss_epoch=0.426]Epoch 20:  29%|██▊       | 2/7 [00:02<00:05,  0.86it/s, v_num=ccwc, train_loss_step=0.498, val_loss=0.625, train_loss_epoch=0.426]WARNING: vision_encoder.blocks.2.1.spatial_block.conv1.fn.dw.weight has NO gradient.
Epoch 20:  43%|████▎     | 3/7 [00:03<00:04,  0.94it/s, v_num=ccwc, train_loss_step=0.498, val_loss=0.625, train_loss_epoch=0.426]Epoch 20:  43%|████▎     | 3/7 [00:03<00:04,  0.94it/s, v_num=ccwc, train_loss_step=0.344, val_loss=0.625, train_loss_epoch=0.426]WARNING: vision_encoder.blocks.2.1.spatial_block.conv1.fn.dw.weight has NO gradient.
Epoch 20:  57%|█████▋    | 4/7 [00:04<00:03,  1.00it/s, v_num=ccwc, train_loss_step=0.344, val_loss=0.625, train_loss_epoch=0.426]Epoch 20:  57%|█████▋    | 4/7 [00:04<00:03,  1.00it/s, v_num=ccwc, train_loss_step=0.456, val_loss=0.625, train_loss_epoch=0.426]WARNING: vision_encoder.blocks.2.1.spatial_block.conv1.fn.dw.weight has NO gradient.
Epoch 20:  71%|███████▏  | 5/7 [00:04<00:01,  1.03it/s, v_num=ccwc, train_loss_step=0.456, val_loss=0.625, train_loss_epoch=0.426]Epoch 20:  71%|███████▏  | 5/7 [00:04<00:01,  1.03it/s, v_num=ccwc, train_loss_step=0.356, val_loss=0.625, train_loss_epoch=0.426]WARNING: vision_encoder.blocks.2.1.spatial_block.conv1.fn.dw.weight has NO gradient.
Epoch 20:  86%|████████▌ | 6/7 [00:05<00:00,  1.06it/s, v_num=ccwc, train_loss_step=0.356, val_loss=0.625, train_loss_epoch=0.426]Epoch 20:  86%|████████▌ | 6/7 [00:05<00:00,  1.06it/s, v_num=ccwc, train_loss_step=0.557, val_loss=0.625, train_loss_epoch=0.426]WARNING: vision_encoder.blocks.2.1.spatial_block.conv1.fn.dw.weight has NO gradient.
Epoch 20: 100%|██████████| 7/7 [00:06<00:00,  1.12it/s, v_num=ccwc, train_loss_step=0.557, val_loss=0.625, train_loss_epoch=0.426]Epoch 20: 100%|██████████| 7/7 [00:06<00:00,  1.12it/s, v_num=ccwc, train_loss_step=0.521, val_loss=0.625, train_loss_epoch=0.426]
Validation: |          | 0/? [00:00<?, ?it/s][A
Validation:   0%|          | 0/4 [00:00<?, ?it/s][A
Validation DataLoader 0:   0%|          | 0/4 [00:00<?, ?it/s][Atensor(1.1558, device='cuda:0')
tensor(-0.4581, device='cuda:0')

Validation DataLoader 0:  25%|██▌       | 1/4 [00:00<00:02,  1.23it/s][Atensor(0.9275, device='cuda:0')
tensor(-0.7694, device='cuda:0')

Validation DataLoader 0:  50%|█████     | 2/4 [00:01<00:01,  1.22it/s][Atensor(1.1810, device='cuda:0')
tensor(-0.2319, device='cuda:0')

Validation DataLoader 0:  75%|███████▌  | 3/4 [00:02<00:00,  1.22it/s][Atensor(0.8581, device='cuda:0')
tensor(-0.4623, device='cuda:0')

Validation DataLoader 0: 100%|██████████| 4/4 [00:02<00:00,  1.44it/s][A
==================================================
Stage: VAL
Predicted class distribution: 0s = 50, 1s = 57
Actual label distribution:    0s = 80, 1s = 27
Actual Imbalance Ratio (0:1): 2.96:1
==================================================
✅ Model is predicting both classes.

                                                                      [AEpoch 20: 100%|██████████| 7/7 [00:10<00:00,  0.70it/s, v_num=ccwc, train_loss_step=0.521, val_loss=0.621, train_loss_epoch=0.426]Epoch 20: 100%|██████████| 7/7 [00:10<00:00,  0.70it/s, v_num=ccwc, train_loss_step=0.521, val_loss=0.621, train_loss_epoch=0.427]Epoch 20:   0%|          | 0/7 [00:00<?, ?it/s, v_num=ccwc, train_loss_step=0.521, val_loss=0.621, train_loss_epoch=0.427]        Epoch 21:   0%|          | 0/7 [00:00<?, ?it/s, v_num=ccwc, train_loss_step=0.521, val_loss=0.621, train_loss_epoch=0.427]WARNING: vision_encoder.blocks.2.1.spatial_block.conv1.fn.dw.weight has NO gradient.
Epoch 21:  14%|█▍        | 1/7 [00:01<00:08,  0.67it/s, v_num=ccwc, train_loss_step=0.521, val_loss=0.621, train_loss_epoch=0.427]Epoch 21:  14%|█▍        | 1/7 [00:01<00:08,  0.67it/s, v_num=ccwc, train_loss_step=0.348, val_loss=0.621, train_loss_epoch=0.427]WARNING: vision_encoder.blocks.2.1.spatial_block.conv1.fn.dw.weight has NO gradient.
Epoch 21:  29%|██▊       | 2/7 [00:02<00:05,  0.86it/s, v_num=ccwc, train_loss_step=0.348, val_loss=0.621, train_loss_epoch=0.427]Epoch 21:  29%|██▊       | 2/7 [00:02<00:05,  0.86it/s, v_num=ccwc, train_loss_step=0.487, val_loss=0.621, train_loss_epoch=0.427]WARNING: vision_encoder.blocks.2.1.spatial_block.conv1.fn.dw.weight has NO gradient.
Epoch 21:  43%|████▎     | 3/7 [00:03<00:04,  0.95it/s, v_num=ccwc, train_loss_step=0.487, val_loss=0.621, train_loss_epoch=0.427]Epoch 21:  43%|████▎     | 3/7 [00:03<00:04,  0.95it/s, v_num=ccwc, train_loss_step=0.422, val_loss=0.621, train_loss_epoch=0.427]WARNING: vision_encoder.blocks.2.1.spatial_block.conv1.fn.dw.weight has NO gradient.
Epoch 21:  57%|█████▋    | 4/7 [00:03<00:02,  1.00it/s, v_num=ccwc, train_loss_step=0.422, val_loss=0.621, train_loss_epoch=0.427]Epoch 21:  57%|█████▋    | 4/7 [00:03<00:02,  1.00it/s, v_num=ccwc, train_loss_step=0.505, val_loss=0.621, train_loss_epoch=0.427]WARNING: vision_encoder.blocks.2.1.spatial_block.conv1.fn.dw.weight has NO gradient.
Epoch 21:  71%|███████▏  | 5/7 [00:04<00:01,  1.04it/s, v_num=ccwc, train_loss_step=0.505, val_loss=0.621, train_loss_epoch=0.427]Epoch 21:  71%|███████▏  | 5/7 [00:04<00:01,  1.04it/s, v_num=ccwc, train_loss_step=0.239, val_loss=0.621, train_loss_epoch=0.427]WARNING: vision_encoder.blocks.2.1.spatial_block.conv1.fn.dw.weight has NO gradient.
Epoch 21:  86%|████████▌ | 6/7 [00:05<00:00,  1.06it/s, v_num=ccwc, train_loss_step=0.239, val_loss=0.621, train_loss_epoch=0.427]Epoch 21:  86%|████████▌ | 6/7 [00:05<00:00,  1.06it/s, v_num=ccwc, train_loss_step=0.351, val_loss=0.621, train_loss_epoch=0.427]WARNING: vision_encoder.blocks.2.1.spatial_block.conv1.fn.dw.weight has NO gradient.
Epoch 21: 100%|██████████| 7/7 [00:06<00:00,  1.12it/s, v_num=ccwc, train_loss_step=0.351, val_loss=0.621, train_loss_epoch=0.427]Epoch 21: 100%|██████████| 7/7 [00:06<00:00,  1.12it/s, v_num=ccwc, train_loss_step=0.429, val_loss=0.621, train_loss_epoch=0.427]
Validation: |          | 0/? [00:00<?, ?it/s][A
Validation:   0%|          | 0/4 [00:00<?, ?it/s][A
Validation DataLoader 0:   0%|          | 0/4 [00:00<?, ?it/s][Atensor(1.2537, device='cuda:0')
tensor(-0.4439, device='cuda:0')

Validation DataLoader 0:  25%|██▌       | 1/4 [00:00<00:02,  1.23it/s][Atensor(0.9654, device='cuda:0')
tensor(-0.7460, device='cuda:0')

Validation DataLoader 0:  50%|█████     | 2/4 [00:01<00:01,  1.22it/s][Atensor(1.2330, device='cuda:0')
tensor(-0.2710, device='cuda:0')

Validation DataLoader 0:  75%|███████▌  | 3/4 [00:02<00:00,  1.22it/s][Atensor(0.9492, device='cuda:0')
tensor(-0.4702, device='cuda:0')

Validation DataLoader 0: 100%|██████████| 4/4 [00:02<00:00,  1.44it/s][A
==================================================
Stage: VAL
Predicted class distribution: 0s = 56, 1s = 51
Actual label distribution:    0s = 80, 1s = 27
Actual Imbalance Ratio (0:1): 2.96:1
==================================================
✅ Model is predicting both classes.

                                                                      [AEpoch 21: 100%|██████████| 7/7 [00:09<00:00,  0.72it/s, v_num=ccwc, train_loss_step=0.429, val_loss=0.613, train_loss_epoch=0.427]Epoch 21: 100%|██████████| 7/7 [00:09<00:00,  0.72it/s, v_num=ccwc, train_loss_step=0.429, val_loss=0.613, train_loss_epoch=0.396]Epoch 21:   0%|          | 0/7 [00:00<?, ?it/s, v_num=ccwc, train_loss_step=0.429, val_loss=0.613, train_loss_epoch=0.396]        Epoch 22:   0%|          | 0/7 [00:00<?, ?it/s, v_num=ccwc, train_loss_step=0.429, val_loss=0.613, train_loss_epoch=0.396]WARNING: vision_encoder.blocks.2.1.spatial_block.conv1.fn.dw.weight has NO gradient.
Epoch 22:  14%|█▍        | 1/7 [00:01<00:08,  0.67it/s, v_num=ccwc, train_loss_step=0.429, val_loss=0.613, train_loss_epoch=0.396]Epoch 22:  14%|█▍        | 1/7 [00:01<00:08,  0.67it/s, v_num=ccwc, train_loss_step=0.408, val_loss=0.613, train_loss_epoch=0.396]WARNING: vision_encoder.blocks.2.1.spatial_block.conv1.fn.dw.weight has NO gradient.
Epoch 22:  29%|██▊       | 2/7 [00:02<00:05,  0.86it/s, v_num=ccwc, train_loss_step=0.408, val_loss=0.613, train_loss_epoch=0.396]Epoch 22:  29%|██▊       | 2/7 [00:02<00:05,  0.86it/s, v_num=ccwc, train_loss_step=0.545, val_loss=0.613, train_loss_epoch=0.396]WARNING: vision_encoder.blocks.2.1.spatial_block.conv1.fn.dw.weight has NO gradient.
Epoch 22:  43%|████▎     | 3/7 [00:03<00:04,  0.95it/s, v_num=ccwc, train_loss_step=0.545, val_loss=0.613, train_loss_epoch=0.396]Epoch 22:  43%|████▎     | 3/7 [00:03<00:04,  0.95it/s, v_num=ccwc, train_loss_step=0.335, val_loss=0.613, train_loss_epoch=0.396]WARNING: vision_encoder.blocks.2.1.spatial_block.conv1.fn.dw.weight has NO gradient.
Epoch 22:  57%|█████▋    | 4/7 [00:03<00:02,  1.00it/s, v_num=ccwc, train_loss_step=0.335, val_loss=0.613, train_loss_epoch=0.396]Epoch 22:  57%|█████▋    | 4/7 [00:03<00:02,  1.00it/s, v_num=ccwc, train_loss_step=0.403, val_loss=0.613, train_loss_epoch=0.396]WARNING: vision_encoder.blocks.2.1.spatial_block.conv1.fn.dw.weight has NO gradient.
Epoch 22:  71%|███████▏  | 5/7 [00:04<00:01,  1.03it/s, v_num=ccwc, train_loss_step=0.403, val_loss=0.613, train_loss_epoch=0.396]Epoch 22:  71%|███████▏  | 5/7 [00:04<00:01,  1.03it/s, v_num=ccwc, train_loss_step=0.321, val_loss=0.613, train_loss_epoch=0.396]WARNING: vision_encoder.blocks.2.1.spatial_block.conv1.fn.dw.weight has NO gradient.
Epoch 22:  86%|████████▌ | 6/7 [00:05<00:00,  1.06it/s, v_num=ccwc, train_loss_step=0.321, val_loss=0.613, train_loss_epoch=0.396]Epoch 22:  86%|████████▌ | 6/7 [00:05<00:00,  1.06it/s, v_num=ccwc, train_loss_step=0.514, val_loss=0.613, train_loss_epoch=0.396]WARNING: vision_encoder.blocks.2.1.spatial_block.conv1.fn.dw.weight has NO gradient.
Epoch 22: 100%|██████████| 7/7 [00:06<00:00,  1.12it/s, v_num=ccwc, train_loss_step=0.514, val_loss=0.613, train_loss_epoch=0.396]Epoch 22: 100%|██████████| 7/7 [00:06<00:00,  1.12it/s, v_num=ccwc, train_loss_step=0.376, val_loss=0.613, train_loss_epoch=0.396]
Validation: |          | 0/? [00:00<?, ?it/s][A
Validation:   0%|          | 0/4 [00:00<?, ?it/s][A
Validation DataLoader 0:   0%|          | 0/4 [00:00<?, ?it/s][Atensor(1.3279, device='cuda:0')
tensor(-0.4589, device='cuda:0')

Validation DataLoader 0:  25%|██▌       | 1/4 [00:00<00:02,  1.24it/s][Atensor(1.0112, device='cuda:0')
tensor(-0.7188, device='cuda:0')

Validation DataLoader 0:  50%|█████     | 2/4 [00:01<00:01,  1.22it/s][Atensor(1.3102, device='cuda:0')
tensor(-0.3280, device='cuda:0')

Validation DataLoader 0:  75%|███████▌  | 3/4 [00:02<00:00,  1.22it/s][Atensor(1.0685, device='cuda:0')
tensor(-0.4766, device='cuda:0')

Validation DataLoader 0: 100%|██████████| 4/4 [00:02<00:00,  1.44it/s][A
==================================================
Stage: VAL
Predicted class distribution: 0s = 57, 1s = 50
Actual label distribution:    0s = 80, 1s = 27
Actual Imbalance Ratio (0:1): 2.96:1
==================================================
✅ Model is predicting both classes.

                                                                      [AEpoch 22: 100%|██████████| 7/7 [00:09<00:00,  0.72it/s, v_num=ccwc, train_loss_step=0.376, val_loss=0.606, train_loss_epoch=0.396]Epoch 22: 100%|██████████| 7/7 [00:09<00:00,  0.72it/s, v_num=ccwc, train_loss_step=0.376, val_loss=0.606, train_loss_epoch=0.417]Epoch 22:   0%|          | 0/7 [00:00<?, ?it/s, v_num=ccwc, train_loss_step=0.376, val_loss=0.606, train_loss_epoch=0.417]        Epoch 23:   0%|          | 0/7 [00:00<?, ?it/s, v_num=ccwc, train_loss_step=0.376, val_loss=0.606, train_loss_epoch=0.417]WARNING: vision_encoder.blocks.2.1.spatial_block.conv1.fn.dw.weight has NO gradient.
Epoch 23:  14%|█▍        | 1/7 [00:01<00:08,  0.68it/s, v_num=ccwc, train_loss_step=0.376, val_loss=0.606, train_loss_epoch=0.417]Epoch 23:  14%|█▍        | 1/7 [00:01<00:08,  0.68it/s, v_num=ccwc, train_loss_step=0.501, val_loss=0.606, train_loss_epoch=0.417]WARNING: vision_encoder.blocks.2.1.spatial_block.conv1.fn.dw.weight has NO gradient.
Epoch 23:  29%|██▊       | 2/7 [00:02<00:05,  0.87it/s, v_num=ccwc, train_loss_step=0.501, val_loss=0.606, train_loss_epoch=0.417]Epoch 23:  29%|██▊       | 2/7 [00:02<00:05,  0.87it/s, v_num=ccwc, train_loss_step=0.457, val_loss=0.606, train_loss_epoch=0.417]WARNING: vision_encoder.blocks.2.1.spatial_block.conv1.fn.dw.weight has NO gradient.
Epoch 23:  43%|████▎     | 3/7 [00:03<00:04,  0.95it/s, v_num=ccwc, train_loss_step=0.457, val_loss=0.606, train_loss_epoch=0.417]Epoch 23:  43%|████▎     | 3/7 [00:03<00:04,  0.95it/s, v_num=ccwc, train_loss_step=0.196, val_loss=0.606, train_loss_epoch=0.417]WARNING: vision_encoder.blocks.2.1.spatial_block.conv1.fn.dw.weight has NO gradient.
Epoch 23:  57%|█████▋    | 4/7 [00:03<00:02,  1.00it/s, v_num=ccwc, train_loss_step=0.196, val_loss=0.606, train_loss_epoch=0.417]Epoch 23:  57%|█████▋    | 4/7 [00:03<00:02,  1.00it/s, v_num=ccwc, train_loss_step=0.383, val_loss=0.606, train_loss_epoch=0.417]WARNING: vision_encoder.blocks.2.1.spatial_block.conv1.fn.dw.weight has NO gradient.
Epoch 23:  71%|███████▏  | 5/7 [00:04<00:01,  1.04it/s, v_num=ccwc, train_loss_step=0.383, val_loss=0.606, train_loss_epoch=0.417]Epoch 23:  71%|███████▏  | 5/7 [00:04<00:01,  1.04it/s, v_num=ccwc, train_loss_step=0.314, val_loss=0.606, train_loss_epoch=0.417]WARNING: vision_encoder.blocks.2.1.spatial_block.conv1.fn.dw.weight has NO gradient.
Epoch 23:  86%|████████▌ | 6/7 [00:05<00:00,  1.06it/s, v_num=ccwc, train_loss_step=0.314, val_loss=0.606, train_loss_epoch=0.417]Epoch 23:  86%|████████▌ | 6/7 [00:05<00:00,  1.06it/s, v_num=ccwc, train_loss_step=0.327, val_loss=0.606, train_loss_epoch=0.417]WARNING: vision_encoder.blocks.2.1.spatial_block.conv1.fn.dw.weight has NO gradient.
Epoch 23: 100%|██████████| 7/7 [00:06<00:00,  1.13it/s, v_num=ccwc, train_loss_step=0.327, val_loss=0.606, train_loss_epoch=0.417]Epoch 23: 100%|██████████| 7/7 [00:06<00:00,  1.13it/s, v_num=ccwc, train_loss_step=0.452, val_loss=0.606, train_loss_epoch=0.417]
Validation: |          | 0/? [00:00<?, ?it/s][A
Validation:   0%|          | 0/4 [00:00<?, ?it/s][A
Validation DataLoader 0:   0%|          | 0/4 [00:00<?, ?it/s][Atensor(1.3762, device='cuda:0')
tensor(-0.4470, device='cuda:0')

Validation DataLoader 0:  25%|██▌       | 1/4 [00:00<00:02,  1.23it/s][Atensor(1.0445, device='cuda:0')
tensor(-0.6831, device='cuda:0')

Validation DataLoader 0:  50%|█████     | 2/4 [00:01<00:01,  1.22it/s][Atensor(1.4499, device='cuda:0')
tensor(-0.3594, device='cuda:0')

Validation DataLoader 0:  75%|███████▌  | 3/4 [00:02<00:00,  1.21it/s][Atensor(1.1505, device='cuda:0')
tensor(-0.4615, device='cuda:0')

Validation DataLoader 0: 100%|██████████| 4/4 [00:02<00:00,  1.44it/s][A
==================================================
Stage: VAL
Predicted class distribution: 0s = 59, 1s = 48
Actual label distribution:    0s = 80, 1s = 27
Actual Imbalance Ratio (0:1): 2.96:1
==================================================
✅ Model is predicting both classes.

                                                                      [AEpoch 23: 100%|██████████| 7/7 [00:09<00:00,  0.72it/s, v_num=ccwc, train_loss_step=0.452, val_loss=0.594, train_loss_epoch=0.417]Epoch 23: 100%|██████████| 7/7 [00:09<00:00,  0.72it/s, v_num=ccwc, train_loss_step=0.452, val_loss=0.594, train_loss_epoch=0.372]Epoch 23:   0%|          | 0/7 [00:00<?, ?it/s, v_num=ccwc, train_loss_step=0.452, val_loss=0.594, train_loss_epoch=0.372]        Epoch 24:   0%|          | 0/7 [00:00<?, ?it/s, v_num=ccwc, train_loss_step=0.452, val_loss=0.594, train_loss_epoch=0.372]WARNING: vision_encoder.blocks.2.1.spatial_block.conv1.fn.dw.weight has NO gradient.
Epoch 24:  14%|█▍        | 1/7 [00:01<00:08,  0.68it/s, v_num=ccwc, train_loss_step=0.452, val_loss=0.594, train_loss_epoch=0.372]Epoch 24:  14%|█▍        | 1/7 [00:01<00:08,  0.68it/s, v_num=ccwc, train_loss_step=0.230, val_loss=0.594, train_loss_epoch=0.372]WARNING: vision_encoder.blocks.2.1.spatial_block.conv1.fn.dw.weight has NO gradient.
Epoch 24:  29%|██▊       | 2/7 [00:02<00:05,  0.85it/s, v_num=ccwc, train_loss_step=0.230, val_loss=0.594, train_loss_epoch=0.372]Epoch 24:  29%|██▊       | 2/7 [00:02<00:05,  0.85it/s, v_num=ccwc, train_loss_step=0.372, val_loss=0.594, train_loss_epoch=0.372]WARNING: vision_encoder.blocks.2.1.spatial_block.conv1.fn.dw.weight has NO gradient.
Epoch 24:  43%|████▎     | 3/7 [00:03<00:04,  0.94it/s, v_num=ccwc, train_loss_step=0.372, val_loss=0.594, train_loss_epoch=0.372]Epoch 24:  43%|████▎     | 3/7 [00:03<00:04,  0.94it/s, v_num=ccwc, train_loss_step=0.423, val_loss=0.594, train_loss_epoch=0.372]WARNING: vision_encoder.blocks.2.1.spatial_block.conv1.fn.dw.weight has NO gradient.
Epoch 24:  57%|█████▋    | 4/7 [00:04<00:03,  0.99it/s, v_num=ccwc, train_loss_step=0.423, val_loss=0.594, train_loss_epoch=0.372]Epoch 24:  57%|█████▋    | 4/7 [00:04<00:03,  0.99it/s, v_num=ccwc, train_loss_step=0.317, val_loss=0.594, train_loss_epoch=0.372]WARNING: vision_encoder.blocks.2.1.spatial_block.conv1.fn.dw.weight has NO gradient.
Epoch 24:  71%|███████▏  | 5/7 [00:04<00:01,  1.03it/s, v_num=ccwc, train_loss_step=0.317, val_loss=0.594, train_loss_epoch=0.372]Epoch 24:  71%|███████▏  | 5/7 [00:04<00:01,  1.03it/s, v_num=ccwc, train_loss_step=0.352, val_loss=0.594, train_loss_epoch=0.372]WARNING: vision_encoder.blocks.2.1.spatial_block.conv1.fn.dw.weight has NO gradient.
Epoch 24:  86%|████████▌ | 6/7 [00:05<00:00,  1.05it/s, v_num=ccwc, train_loss_step=0.352, val_loss=0.594, train_loss_epoch=0.372]Epoch 24:  86%|████████▌ | 6/7 [00:05<00:00,  1.05it/s, v_num=ccwc, train_loss_step=0.275, val_loss=0.594, train_loss_epoch=0.372]WARNING: vision_encoder.blocks.2.1.spatial_block.conv1.fn.dw.weight has NO gradient.
Epoch 24: 100%|██████████| 7/7 [00:06<00:00,  1.12it/s, v_num=ccwc, train_loss_step=0.275, val_loss=0.594, train_loss_epoch=0.372]Epoch 24: 100%|██████████| 7/7 [00:06<00:00,  1.12it/s, v_num=ccwc, train_loss_step=0.540, val_loss=0.594, train_loss_epoch=0.372]
Validation: |          | 0/? [00:00<?, ?it/s][A
Validation:   0%|          | 0/4 [00:00<?, ?it/s][A
Validation DataLoader 0:   0%|          | 0/4 [00:00<?, ?it/s][Atensor(1.4391, device='cuda:0')
tensor(-0.5115, device='cuda:0')

Validation DataLoader 0:  25%|██▌       | 1/4 [00:00<00:02,  1.23it/s][Atensor(1.1124, device='cuda:0')
tensor(-0.7356, device='cuda:0')

Validation DataLoader 0:  50%|█████     | 2/4 [00:01<00:01,  1.22it/s][Atensor(1.5221, device='cuda:0')
tensor(-0.3938, device='cuda:0')

Validation DataLoader 0:  75%|███████▌  | 3/4 [00:02<00:00,  1.21it/s][Atensor(1.2363, device='cuda:0')
tensor(-0.5135, device='cuda:0')

Validation DataLoader 0: 100%|██████████| 4/4 [00:02<00:00,  1.44it/s][A
==================================================
Stage: VAL
Predicted class distribution: 0s = 58, 1s = 49
Actual label distribution:    0s = 80, 1s = 27
Actual Imbalance Ratio (0:1): 2.96:1
==================================================
✅ Model is predicting both classes.

                                                                      [AEpoch 24: 100%|██████████| 7/7 [00:09<00:00,  0.74it/s, v_num=ccwc, train_loss_step=0.540, val_loss=0.605, train_loss_epoch=0.372]Epoch 24: 100%|██████████| 7/7 [00:09<00:00,  0.74it/s, v_num=ccwc, train_loss_step=0.540, val_loss=0.605, train_loss_epoch=0.349]Epoch 24:   0%|          | 0/7 [00:00<?, ?it/s, v_num=ccwc, train_loss_step=0.540, val_loss=0.605, train_loss_epoch=0.349]        Epoch 25:   0%|          | 0/7 [00:00<?, ?it/s, v_num=ccwc, train_loss_step=0.540, val_loss=0.605, train_loss_epoch=0.349]WARNING: vision_encoder.blocks.2.1.spatial_block.conv1.fn.dw.weight has NO gradient.
Epoch 25:  14%|█▍        | 1/7 [00:01<00:07,  0.76it/s, v_num=ccwc, train_loss_step=0.540, val_loss=0.605, train_loss_epoch=0.349]Epoch 25:  14%|█▍        | 1/7 [00:01<00:07,  0.76it/s, v_num=ccwc, train_loss_step=0.273, val_loss=0.605, train_loss_epoch=0.349]WARNING: vision_encoder.blocks.2.1.spatial_block.conv1.fn.dw.weight has NO gradient.
Epoch 25:  29%|██▊       | 2/7 [00:02<00:05,  0.93it/s, v_num=ccwc, train_loss_step=0.273, val_loss=0.605, train_loss_epoch=0.349]Epoch 25:  29%|██▊       | 2/7 [00:02<00:05,  0.93it/s, v_num=ccwc, train_loss_step=0.376, val_loss=0.605, train_loss_epoch=0.349]WARNING: vision_encoder.blocks.2.1.spatial_block.conv1.fn.dw.weight has NO gradient.
Epoch 25:  43%|████▎     | 3/7 [00:02<00:03,  1.00it/s, v_num=ccwc, train_loss_step=0.376, val_loss=0.605, train_loss_epoch=0.349]Epoch 25:  43%|████▎     | 3/7 [00:02<00:03,  1.00it/s, v_num=ccwc, train_loss_step=0.301, val_loss=0.605, train_loss_epoch=0.349]WARNING: vision_encoder.blocks.2.1.spatial_block.conv1.fn.dw.weight has NO gradient.
Epoch 25:  57%|█████▋    | 4/7 [00:03<00:02,  1.04it/s, v_num=ccwc, train_loss_step=0.301, val_loss=0.605, train_loss_epoch=0.349]Epoch 25:  57%|█████▋    | 4/7 [00:03<00:02,  1.04it/s, v_num=ccwc, train_loss_step=0.169, val_loss=0.605, train_loss_epoch=0.349]WARNING: vision_encoder.blocks.2.1.spatial_block.conv1.fn.dw.weight has NO gradient.
Epoch 25:  71%|███████▏  | 5/7 [00:04<00:01,  1.07it/s, v_num=ccwc, train_loss_step=0.169, val_loss=0.605, train_loss_epoch=0.349]Epoch 25:  71%|███████▏  | 5/7 [00:04<00:01,  1.07it/s, v_num=ccwc, train_loss_step=0.340, val_loss=0.605, train_loss_epoch=0.349]WARNING: vision_encoder.blocks.2.1.spatial_block.conv1.fn.dw.weight has NO gradient.
Epoch 25:  86%|████████▌ | 6/7 [00:05<00:00,  1.09it/s, v_num=ccwc, train_loss_step=0.340, val_loss=0.605, train_loss_epoch=0.349]Epoch 25:  86%|████████▌ | 6/7 [00:05<00:00,  1.09it/s, v_num=ccwc, train_loss_step=0.460, val_loss=0.605, train_loss_epoch=0.349]WARNING: vision_encoder.blocks.2.1.spatial_block.conv1.fn.dw.weight has NO gradient.
Epoch 25: 100%|██████████| 7/7 [00:06<00:00,  1.15it/s, v_num=ccwc, train_loss_step=0.460, val_loss=0.605, train_loss_epoch=0.349]Epoch 25: 100%|██████████| 7/7 [00:06<00:00,  1.15it/s, v_num=ccwc, train_loss_step=0.254, val_loss=0.605, train_loss_epoch=0.349]
Validation: |          | 0/? [00:00<?, ?it/s][A
Validation:   0%|          | 0/4 [00:00<?, ?it/s][A
Validation DataLoader 0:   0%|          | 0/4 [00:00<?, ?it/s][Atensor(1.4537, device='cuda:0')
tensor(-0.5794, device='cuda:0')

Validation DataLoader 0:  25%|██▌       | 1/4 [00:00<00:02,  1.23it/s][Atensor(1.0835, device='cuda:0')
tensor(-0.8140, device='cuda:0')

Validation DataLoader 0:  50%|█████     | 2/4 [00:01<00:01,  1.22it/s][Atensor(1.4967, device='cuda:0')
tensor(-0.4032, device='cuda:0')

Validation DataLoader 0:  75%|███████▌  | 3/4 [00:02<00:00,  1.21it/s][Atensor(1.2319, device='cuda:0')
tensor(-0.5425, device='cuda:0')

Validation DataLoader 0: 100%|██████████| 4/4 [00:02<00:00,  1.44it/s][A
==================================================
Stage: VAL
Predicted class distribution: 0s = 52, 1s = 55
Actual label distribution:    0s = 80, 1s = 27
Actual Imbalance Ratio (0:1): 2.96:1
==================================================
✅ Model is predicting both classes.

                                                                      [AEpoch 25: 100%|██████████| 7/7 [00:09<00:00,  0.73it/s, v_num=ccwc, train_loss_step=0.254, val_loss=0.626, train_loss_epoch=0.349]Epoch 25: 100%|██████████| 7/7 [00:09<00:00,  0.73it/s, v_num=ccwc, train_loss_step=0.254, val_loss=0.626, train_loss_epoch=0.313]Epoch 25:   0%|          | 0/7 [00:00<?, ?it/s, v_num=ccwc, train_loss_step=0.254, val_loss=0.626, train_loss_epoch=0.313]        Epoch 26:   0%|          | 0/7 [00:00<?, ?it/s, v_num=ccwc, train_loss_step=0.254, val_loss=0.626, train_loss_epoch=0.313]WARNING: vision_encoder.blocks.2.1.spatial_block.conv1.fn.dw.weight has NO gradient.
Epoch 26:  14%|█▍        | 1/7 [00:01<00:07,  0.78it/s, v_num=ccwc, train_loss_step=0.254, val_loss=0.626, train_loss_epoch=0.313]Epoch 26:  14%|█▍        | 1/7 [00:01<00:07,  0.78it/s, v_num=ccwc, train_loss_step=0.425, val_loss=0.626, train_loss_epoch=0.313]WARNING: vision_encoder.blocks.2.1.spatial_block.conv1.fn.dw.weight has NO gradient.
Epoch 26:  29%|██▊       | 2/7 [00:02<00:05,  0.95it/s, v_num=ccwc, train_loss_step=0.425, val_loss=0.626, train_loss_epoch=0.313]Epoch 26:  29%|██▊       | 2/7 [00:02<00:05,  0.95it/s, v_num=ccwc, train_loss_step=0.355, val_loss=0.626, train_loss_epoch=0.313]WARNING: vision_encoder.blocks.2.1.spatial_block.conv1.fn.dw.weight has NO gradient.
Epoch 26:  43%|████▎     | 3/7 [00:02<00:03,  1.02it/s, v_num=ccwc, train_loss_step=0.355, val_loss=0.626, train_loss_epoch=0.313]Epoch 26:  43%|████▎     | 3/7 [00:02<00:03,  1.02it/s, v_num=ccwc, train_loss_step=0.393, val_loss=0.626, train_loss_epoch=0.313]WARNING: vision_encoder.blocks.2.1.spatial_block.conv1.fn.dw.weight has NO gradient.
Epoch 26:  57%|█████▋    | 4/7 [00:03<00:02,  1.06it/s, v_num=ccwc, train_loss_step=0.393, val_loss=0.626, train_loss_epoch=0.313]Epoch 26:  57%|█████▋    | 4/7 [00:03<00:02,  1.06it/s, v_num=ccwc, train_loss_step=0.248, val_loss=0.626, train_loss_epoch=0.313]WARNING: vision_encoder.blocks.2.1.spatial_block.conv1.fn.dw.weight has NO gradient.
Epoch 26:  71%|███████▏  | 5/7 [00:04<00:01,  1.08it/s, v_num=ccwc, train_loss_step=0.248, val_loss=0.626, train_loss_epoch=0.313]Epoch 26:  71%|███████▏  | 5/7 [00:04<00:01,  1.08it/s, v_num=ccwc, train_loss_step=0.344, val_loss=0.626, train_loss_epoch=0.313]WARNING: vision_encoder.blocks.2.1.spatial_block.conv1.fn.dw.weight has NO gradient.
Epoch 26:  86%|████████▌ | 6/7 [00:05<00:00,  1.10it/s, v_num=ccwc, train_loss_step=0.344, val_loss=0.626, train_loss_epoch=0.313]Epoch 26:  86%|████████▌ | 6/7 [00:05<00:00,  1.10it/s, v_num=ccwc, train_loss_step=0.240, val_loss=0.626, train_loss_epoch=0.313]WARNING: vision_encoder.blocks.2.1.spatial_block.conv1.fn.dw.weight has NO gradient.
Epoch 26: 100%|██████████| 7/7 [00:06<00:00,  1.16it/s, v_num=ccwc, train_loss_step=0.240, val_loss=0.626, train_loss_epoch=0.313]Epoch 26: 100%|██████████| 7/7 [00:06<00:00,  1.16it/s, v_num=ccwc, train_loss_step=0.362, val_loss=0.626, train_loss_epoch=0.313]
Validation: |          | 0/? [00:00<?, ?it/s][A
Validation:   0%|          | 0/4 [00:00<?, ?it/s][A
Validation DataLoader 0:   0%|          | 0/4 [00:00<?, ?it/s][Atensor(1.4844, device='cuda:0')
tensor(-0.5916, device='cuda:0')

Validation DataLoader 0:  25%|██▌       | 1/4 [00:00<00:02,  1.23it/s][Atensor(1.0673, device='cuda:0')
tensor(-0.8446, device='cuda:0')

Validation DataLoader 0:  50%|█████     | 2/4 [00:01<00:01,  1.22it/s][Atensor(1.5056, device='cuda:0')
tensor(-0.4081, device='cuda:0')

Validation DataLoader 0:  75%|███████▌  | 3/4 [00:02<00:00,  1.21it/s][Atensor(1.2261, device='cuda:0')
tensor(-0.6015, device='cuda:0')

Validation DataLoader 0: 100%|██████████| 4/4 [00:02<00:00,  1.44it/s][A
==================================================
Stage: VAL
Predicted class distribution: 0s = 52, 1s = 55
Actual label distribution:    0s = 80, 1s = 27
Actual Imbalance Ratio (0:1): 2.96:1
==================================================
✅ Model is predicting both classes.

                                                                      [AEpoch 26: 100%|██████████| 7/7 [00:09<00:00,  0.75it/s, v_num=ccwc, train_loss_step=0.362, val_loss=0.632, train_loss_epoch=0.313]Epoch 26: 100%|██████████| 7/7 [00:09<00:00,  0.75it/s, v_num=ccwc, train_loss_step=0.362, val_loss=0.632, train_loss_epoch=0.337]Epoch 26:   0%|          | 0/7 [00:00<?, ?it/s, v_num=ccwc, train_loss_step=0.362, val_loss=0.632, train_loss_epoch=0.337]        Epoch 27:   0%|          | 0/7 [00:00<?, ?it/s, v_num=ccwc, train_loss_step=0.362, val_loss=0.632, train_loss_epoch=0.337]WARNING: vision_encoder.blocks.2.1.spatial_block.conv1.fn.dw.weight has NO gradient.
Epoch 27:  14%|█▍        | 1/7 [00:01<00:07,  0.79it/s, v_num=ccwc, train_loss_step=0.362, val_loss=0.632, train_loss_epoch=0.337]Epoch 27:  14%|█▍        | 1/7 [00:01<00:07,  0.79it/s, v_num=ccwc, train_loss_step=0.285, val_loss=0.632, train_loss_epoch=0.337]WARNING: vision_encoder.blocks.2.1.spatial_block.conv1.fn.dw.weight has NO gradient.
Epoch 27:  29%|██▊       | 2/7 [00:02<00:05,  0.95it/s, v_num=ccwc, train_loss_step=0.285, val_loss=0.632, train_loss_epoch=0.337]Epoch 27:  29%|██▊       | 2/7 [00:02<00:05,  0.95it/s, v_num=ccwc, train_loss_step=0.320, val_loss=0.632, train_loss_epoch=0.337]WARNING: vision_encoder.blocks.2.1.spatial_block.conv1.fn.dw.weight has NO gradient.
Epoch 27:  43%|████▎     | 3/7 [00:02<00:03,  1.02it/s, v_num=ccwc, train_loss_step=0.320, val_loss=0.632, train_loss_epoch=0.337]Epoch 27:  43%|████▎     | 3/7 [00:02<00:03,  1.02it/s, v_num=ccwc, train_loss_step=0.274, val_loss=0.632, train_loss_epoch=0.337]WARNING: vision_encoder.blocks.2.1.spatial_block.conv1.fn.dw.weight has NO gradient.
Epoch 27:  57%|█████▋    | 4/7 [00:03<00:02,  1.06it/s, v_num=ccwc, train_loss_step=0.274, val_loss=0.632, train_loss_epoch=0.337]Epoch 27:  57%|█████▋    | 4/7 [00:03<00:02,  1.06it/s, v_num=ccwc, train_loss_step=0.326, val_loss=0.632, train_loss_epoch=0.337]WARNING: vision_encoder.blocks.2.1.spatial_block.conv1.fn.dw.weight has NO gradient.
Epoch 27:  71%|███████▏  | 5/7 [00:04<00:01,  1.08it/s, v_num=ccwc, train_loss_step=0.326, val_loss=0.632, train_loss_epoch=0.337]Epoch 27:  71%|███████▏  | 5/7 [00:04<00:01,  1.08it/s, v_num=ccwc, train_loss_step=0.295, val_loss=0.632, train_loss_epoch=0.337]WARNING: vision_encoder.blocks.2.1.spatial_block.conv1.fn.dw.weight has NO gradient.
Epoch 27:  86%|████████▌ | 6/7 [00:05<00:00,  1.10it/s, v_num=ccwc, train_loss_step=0.295, val_loss=0.632, train_loss_epoch=0.337]Epoch 27:  86%|████████▌ | 6/7 [00:05<00:00,  1.10it/s, v_num=ccwc, train_loss_step=0.234, val_loss=0.632, train_loss_epoch=0.337]WARNING: vision_encoder.blocks.2.1.spatial_block.conv1.fn.dw.weight has NO gradient.
Epoch 27: 100%|██████████| 7/7 [00:06<00:00,  1.17it/s, v_num=ccwc, train_loss_step=0.234, val_loss=0.632, train_loss_epoch=0.337]Epoch 27: 100%|██████████| 7/7 [00:06<00:00,  1.17it/s, v_num=ccwc, train_loss_step=0.258, val_loss=0.632, train_loss_epoch=0.337]
Validation: |          | 0/? [00:00<?, ?it/s][A
Validation:   0%|          | 0/4 [00:00<?, ?it/s][A
Validation DataLoader 0:   0%|          | 0/4 [00:00<?, ?it/s][Atensor(1.5048, device='cuda:0')
tensor(-0.6142, device='cuda:0')

Validation DataLoader 0:  25%|██▌       | 1/4 [00:00<00:02,  1.23it/s][Atensor(1.0999, device='cuda:0')
tensor(-0.8931, device='cuda:0')

Validation DataLoader 0:  50%|█████     | 2/4 [00:01<00:01,  1.22it/s][Atensor(1.5211, device='cuda:0')
tensor(-0.3909, device='cuda:0')

Validation DataLoader 0:  75%|███████▌  | 3/4 [00:02<00:00,  1.22it/s][Atensor(1.1826, device='cuda:0')
tensor(-0.6066, device='cuda:0')

Validation DataLoader 0: 100%|██████████| 4/4 [00:02<00:00,  1.44it/s][A
==================================================
Stage: VAL
Predicted class distribution: 0s = 57, 1s = 50
Actual label distribution:    0s = 80, 1s = 27
Actual Imbalance Ratio (0:1): 2.96:1
==================================================
✅ Model is predicting both classes.

                                                                      [AEpoch 27: 100%|██████████| 7/7 [00:09<00:00,  0.76it/s, v_num=ccwc, train_loss_step=0.258, val_loss=0.631, train_loss_epoch=0.337]Epoch 27: 100%|██████████| 7/7 [00:09<00:00,  0.75it/s, v_num=ccwc, train_loss_step=0.258, val_loss=0.631, train_loss_epoch=0.286]Epoch 27:   0%|          | 0/7 [00:00<?, ?it/s, v_num=ccwc, train_loss_step=0.258, val_loss=0.631, train_loss_epoch=0.286]        Epoch 28:   0%|          | 0/7 [00:00<?, ?it/s, v_num=ccwc, train_loss_step=0.258, val_loss=0.631, train_loss_epoch=0.286]WARNING: vision_encoder.blocks.2.1.spatial_block.conv1.fn.dw.weight has NO gradient.
Epoch 28:  14%|█▍        | 1/7 [00:01<00:07,  0.78it/s, v_num=ccwc, train_loss_step=0.258, val_loss=0.631, train_loss_epoch=0.286]Epoch 28:  14%|█▍        | 1/7 [00:01<00:07,  0.78it/s, v_num=ccwc, train_loss_step=0.232, val_loss=0.631, train_loss_epoch=0.286]WARNING: vision_encoder.blocks.2.1.spatial_block.conv1.fn.dw.weight has NO gradient.
Epoch 28:  29%|██▊       | 2/7 [00:02<00:05,  0.95it/s, v_num=ccwc, train_loss_step=0.232, val_loss=0.631, train_loss_epoch=0.286]Epoch 28:  29%|██▊       | 2/7 [00:02<00:05,  0.95it/s, v_num=ccwc, train_loss_step=0.335, val_loss=0.631, train_loss_epoch=0.286]WARNING: vision_encoder.blocks.2.1.spatial_block.conv1.fn.dw.weight has NO gradient.
Epoch 28:  43%|████▎     | 3/7 [00:02<00:03,  1.02it/s, v_num=ccwc, train_loss_step=0.335, val_loss=0.631, train_loss_epoch=0.286]Epoch 28:  43%|████▎     | 3/7 [00:02<00:03,  1.02it/s, v_num=ccwc, train_loss_step=0.325, val_loss=0.631, train_loss_epoch=0.286]WARNING: vision_encoder.blocks.2.1.spatial_block.conv1.fn.dw.weight has NO gradient.
Epoch 28:  57%|█████▋    | 4/7 [00:03<00:02,  1.06it/s, v_num=ccwc, train_loss_step=0.325, val_loss=0.631, train_loss_epoch=0.286]Epoch 28:  57%|█████▋    | 4/7 [00:03<00:02,  1.06it/s, v_num=ccwc, train_loss_step=0.387, val_loss=0.631, train_loss_epoch=0.286]WARNING: vision_encoder.blocks.2.1.spatial_block.conv1.fn.dw.weight has NO gradient.
Epoch 28:  71%|███████▏  | 5/7 [00:04<00:01,  1.08it/s, v_num=ccwc, train_loss_step=0.387, val_loss=0.631, train_loss_epoch=0.286]Epoch 28:  71%|███████▏  | 5/7 [00:04<00:01,  1.08it/s, v_num=ccwc, train_loss_step=0.330, val_loss=0.631, train_loss_epoch=0.286]WARNING: vision_encoder.blocks.2.1.spatial_block.conv1.fn.dw.weight has NO gradient.
Epoch 28:  86%|████████▌ | 6/7 [00:05<00:00,  1.10it/s, v_num=ccwc, train_loss_step=0.330, val_loss=0.631, train_loss_epoch=0.286]Epoch 28:  86%|████████▌ | 6/7 [00:05<00:00,  1.10it/s, v_num=ccwc, train_loss_step=0.403, val_loss=0.631, train_loss_epoch=0.286]WARNING: vision_encoder.blocks.2.1.spatial_block.conv1.fn.dw.weight has NO gradient.
Epoch 28: 100%|██████████| 7/7 [00:06<00:00,  1.16it/s, v_num=ccwc, train_loss_step=0.403, val_loss=0.631, train_loss_epoch=0.286]Epoch 28: 100%|██████████| 7/7 [00:06<00:00,  1.16it/s, v_num=ccwc, train_loss_step=0.475, val_loss=0.631, train_loss_epoch=0.286]
Validation: |          | 0/? [00:00<?, ?it/s][A
Validation:   0%|          | 0/4 [00:00<?, ?it/s][A
Validation DataLoader 0:   0%|          | 0/4 [00:00<?, ?it/s][Atensor(1.5375, device='cuda:0')
tensor(-0.6700, device='cuda:0')

Validation DataLoader 0:  25%|██▌       | 1/4 [00:00<00:02,  1.23it/s][Atensor(1.1152, device='cuda:0')
tensor(-0.9565, device='cuda:0')

Validation DataLoader 0:  50%|█████     | 2/4 [00:01<00:01,  1.22it/s][Atensor(1.5183, device='cuda:0')
tensor(-0.4044, device='cuda:0')

Validation DataLoader 0:  75%|███████▌  | 3/4 [00:02<00:00,  1.21it/s][Atensor(1.1688, device='cuda:0')
tensor(-0.6301, device='cuda:0')

Validation DataLoader 0: 100%|██████████| 4/4 [00:02<00:00,  1.44it/s][A
==================================================
Stage: VAL
Predicted class distribution: 0s = 60, 1s = 47
Actual label distribution:    0s = 80, 1s = 27
Actual Imbalance Ratio (0:1): 2.96:1
==================================================
✅ Model is predicting both classes.

                                                                      [AEpoch 28: 100%|██████████| 7/7 [00:09<00:00,  0.75it/s, v_num=ccwc, train_loss_step=0.475, val_loss=0.647, train_loss_epoch=0.286]Epoch 28: 100%|██████████| 7/7 [00:09<00:00,  0.75it/s, v_num=ccwc, train_loss_step=0.475, val_loss=0.647, train_loss_epoch=0.349]Epoch 28:   0%|          | 0/7 [00:00<?, ?it/s, v_num=ccwc, train_loss_step=0.475, val_loss=0.647, train_loss_epoch=0.349]        Epoch 29:   0%|          | 0/7 [00:00<?, ?it/s, v_num=ccwc, train_loss_step=0.475, val_loss=0.647, train_loss_epoch=0.349]WARNING: vision_encoder.blocks.2.1.spatial_block.conv1.fn.dw.weight has NO gradient.
Epoch 29:  14%|█▍        | 1/7 [00:01<00:07,  0.77it/s, v_num=ccwc, train_loss_step=0.475, val_loss=0.647, train_loss_epoch=0.349]Epoch 29:  14%|█▍        | 1/7 [00:01<00:07,  0.77it/s, v_num=ccwc, train_loss_step=0.371, val_loss=0.647, train_loss_epoch=0.349]WARNING: vision_encoder.blocks.2.1.spatial_block.conv1.fn.dw.weight has NO gradient.
Epoch 29:  29%|██▊       | 2/7 [00:02<00:05,  0.94it/s, v_num=ccwc, train_loss_step=0.371, val_loss=0.647, train_loss_epoch=0.349]Epoch 29:  29%|██▊       | 2/7 [00:02<00:05,  0.94it/s, v_num=ccwc, train_loss_step=0.246, val_loss=0.647, train_loss_epoch=0.349]WARNING: vision_encoder.blocks.2.1.spatial_block.conv1.fn.dw.weight has NO gradient.
Epoch 29:  43%|████▎     | 3/7 [00:02<00:03,  1.01it/s, v_num=ccwc, train_loss_step=0.246, val_loss=0.647, train_loss_epoch=0.349]Epoch 29:  43%|████▎     | 3/7 [00:02<00:03,  1.01it/s, v_num=ccwc, train_loss_step=0.0722, val_loss=0.647, train_loss_epoch=0.349]WARNING: vision_encoder.blocks.2.1.spatial_block.conv1.fn.dw.weight has NO gradient.
Epoch 29:  57%|█████▋    | 4/7 [00:03<00:02,  1.05it/s, v_num=ccwc, train_loss_step=0.0722, val_loss=0.647, train_loss_epoch=0.349]Epoch 29:  57%|█████▋    | 4/7 [00:03<00:02,  1.05it/s, v_num=ccwc, train_loss_step=0.253, val_loss=0.647, train_loss_epoch=0.349] WARNING: vision_encoder.blocks.2.1.spatial_block.conv1.fn.dw.weight has NO gradient.
Epoch 29:  71%|███████▏  | 5/7 [00:04<00:01,  1.08it/s, v_num=ccwc, train_loss_step=0.253, val_loss=0.647, train_loss_epoch=0.349]Epoch 29:  71%|███████▏  | 5/7 [00:04<00:01,  1.08it/s, v_num=ccwc, train_loss_step=0.396, val_loss=0.647, train_loss_epoch=0.349]WARNING: vision_encoder.blocks.2.1.spatial_block.conv1.fn.dw.weight has NO gradient.
Epoch 29:  86%|████████▌ | 6/7 [00:05<00:00,  1.10it/s, v_num=ccwc, train_loss_step=0.396, val_loss=0.647, train_loss_epoch=0.349]Epoch 29:  86%|████████▌ | 6/7 [00:05<00:00,  1.10it/s, v_num=ccwc, train_loss_step=0.234, val_loss=0.647, train_loss_epoch=0.349]WARNING: vision_encoder.blocks.2.1.spatial_block.conv1.fn.dw.weight has NO gradient.
Epoch 29: 100%|██████████| 7/7 [00:06<00:00,  1.16it/s, v_num=ccwc, train_loss_step=0.234, val_loss=0.647, train_loss_epoch=0.349]Epoch 29: 100%|██████████| 7/7 [00:06<00:00,  1.16it/s, v_num=ccwc, train_loss_step=0.437, val_loss=0.647, train_loss_epoch=0.349]
Validation: |          | 0/? [00:00<?, ?it/s][A
Validation:   0%|          | 0/4 [00:00<?, ?it/s][A
Validation DataLoader 0:   0%|          | 0/4 [00:00<?, ?it/s][Atensor(1.6102, device='cuda:0')
tensor(-0.7088, device='cuda:0')

Validation DataLoader 0:  25%|██▌       | 1/4 [00:00<00:02,  1.23it/s][Atensor(1.1959, device='cuda:0')
tensor(-0.9940, device='cuda:0')

Validation DataLoader 0:  50%|█████     | 2/4 [00:01<00:01,  1.22it/s][Atensor(1.5870, device='cuda:0')
tensor(-0.3772, device='cuda:0')

Validation DataLoader 0:  75%|███████▌  | 3/4 [00:02<00:00,  1.21it/s][Atensor(1.2496, device='cuda:0')
tensor(-0.6889, device='cuda:0')

Validation DataLoader 0: 100%|██████████| 4/4 [00:02<00:00,  1.44it/s][A
==================================================
Stage: VAL
Predicted class distribution: 0s = 62, 1s = 45
Actual label distribution:    0s = 80, 1s = 27
Actual Imbalance Ratio (0:1): 2.96:1
==================================================
✅ Model is predicting both classes.

                                                                      [AEpoch 29: 100%|██████████| 7/7 [00:09<00:00,  0.75it/s, v_num=ccwc, train_loss_step=0.437, val_loss=0.660, train_loss_epoch=0.349]Epoch 29: 100%|██████████| 7/7 [00:09<00:00,  0.75it/s, v_num=ccwc, train_loss_step=0.437, val_loss=0.660, train_loss_epoch=0.279]Epoch 29: 100%|██████████| 7/7 [00:09<00:00,  0.75it/s, v_num=ccwc, train_loss_step=0.437, val_loss=0.660, train_loss_epoch=0.279]
Testing: |          | 0/? [00:00<?, ?it/s]Testing:   0%|          | 0/3 [00:00<?, ?it/s]Testing DataLoader 0:   0%|          | 0/3 [00:00<?, ?it/s]Testing DataLoader 0:  33%|███▎      | 1/3 [00:00<00:01,  1.24it/s]Testing DataLoader 0:  67%|██████▋   | 2/3 [00:01<00:00,  1.23it/s]Testing DataLoader 0: 100%|██████████| 3/3 [00:02<00:00,  1.46it/s]Saved test predictions and probabilities to test_results_fold_final.xlsx

==================================================
Stage: TEST
Predicted class distribution: 0s = 50, 1s = 30
Actual label distribution:    0s = 60, 1s = 20
Actual Imbalance Ratio (0:1): 3.00:1
==================================================
✅ Model is predicting both classes.
Testing DataLoader 0: 100%|██████████| 3/3 [00:02<00:00,  1.15it/s]
┏━━━━━━━━━━━━━━━━━━━━━━━━━━━┳━━━━━━━━━━━━━━━━━━━━━━━━━━━┓
┃        Test metric        ┃       DataLoader 0        ┃
┡━━━━━━━━━━━━━━━━━━━━━━━━━━━╇━━━━━━━━━━━━━━━━━━━━━━━━━━━┩
│        test_auroc         │    0.7101852297782898     │
│     test_balanced_acc     │    0.6499999761581421     │
│        test_cindex        │     0.71645188331604      │
│       test_f1_score       │    0.47999998927116394    │
│         test_ibs          │    0.1073862761259079     │
└───────────────────────────┴───────────────────────────┘

====================== STARTING FOLD 3/3 ======================
The model has 283,138 trainable parameters.
Sanity Checking: |          | 0/? [00:00<?, ?it/s]Sanity Checking:   0%|          | 0/2 [00:00<?, ?it/s]Sanity Checking DataLoader 0:   0%|          | 0/2 [00:00<?, ?it/s]tensor(0.1164, device='cuda:0')
tensor(-0.1111, device='cuda:0')
Sanity Checking DataLoader 0:  50%|█████     | 1/2 [00:00<00:00,  1.24it/s]tensor(0.0960, device='cuda:0')
tensor(-0.1630, device='cuda:0')
Sanity Checking DataLoader 0: 100%|██████████| 2/2 [00:01<00:00,  1.23it/s]
==================================================
Stage: VAL
Predicted class distribution: 0s = 0, 1s = 64
Actual label distribution:    0s = 52, 1s = 12
Actual Imbalance Ratio (0:1): 4.33:1
==================================================
⚠️ Model is predicting only class 1 (minority class). It is ignoring the majority class!
                                                                           Training: |          | 0/? [00:00<?, ?it/s]Training:   0%|          | 0/7 [00:00<?, ?it/s]Epoch 0:   0%|          | 0/7 [00:00<?, ?it/s] WARNING: vision_encoder.blocks.2.1.spatial_block.conv1.fn.dw.weight has NO gradient.
Epoch 0:  14%|█▍        | 1/7 [00:00<00:05,  1.03it/s]Epoch 0:  14%|█▍        | 1/7 [00:00<00:05,  1.03it/s, v_num=f1sz, train_loss_step=0.757]WARNING: vision_encoder.blocks.2.1.spatial_block.conv1.fn.dw.weight has NO gradient.
Epoch 0:  29%|██▊       | 2/7 [00:01<00:04,  1.11it/s, v_num=f1sz, train_loss_step=0.757]Epoch 0:  29%|██▊       | 2/7 [00:01<00:04,  1.11it/s, v_num=f1sz, train_loss_step=0.574]WARNING: vision_encoder.blocks.2.1.spatial_block.conv1.fn.dw.weight has NO gradient.
Epoch 0:  43%|████▎     | 3/7 [00:02<00:03,  1.14it/s, v_num=f1sz, train_loss_step=0.574]Epoch 0:  43%|████▎     | 3/7 [00:02<00:03,  1.14it/s, v_num=f1sz, train_loss_step=0.599]WARNING: vision_encoder.blocks.2.1.spatial_block.conv1.fn.dw.weight has NO gradient.
Epoch 0:  57%|█████▋    | 4/7 [00:03<00:02,  1.16it/s, v_num=f1sz, train_loss_step=0.599]Epoch 0:  57%|█████▋    | 4/7 [00:03<00:02,  1.16it/s, v_num=f1sz, train_loss_step=0.573]WARNING: vision_encoder.blocks.2.1.spatial_block.conv1.fn.dw.weight has NO gradient.
Epoch 0:  71%|███████▏  | 5/7 [00:04<00:01,  1.17it/s, v_num=f1sz, train_loss_step=0.573]Epoch 0:  71%|███████▏  | 5/7 [00:04<00:01,  1.17it/s, v_num=f1sz, train_loss_step=0.580]WARNING: vision_encoder.blocks.2.1.spatial_block.conv1.fn.dw.weight has NO gradient.
Epoch 0:  86%|████████▌ | 6/7 [00:05<00:00,  1.18it/s, v_num=f1sz, train_loss_step=0.580]Epoch 0:  86%|████████▌ | 6/7 [00:05<00:00,  1.18it/s, v_num=f1sz, train_loss_step=0.561]WARNING: vision_encoder.blocks.2.1.spatial_block.conv1.fn.dw.weight has NO gradient.
Epoch 0: 100%|██████████| 7/7 [00:05<00:00,  1.23it/s, v_num=f1sz, train_loss_step=0.561]Epoch 0: 100%|██████████| 7/7 [00:05<00:00,  1.23it/s, v_num=f1sz, train_loss_step=0.624]
Validation: |          | 0/? [00:00<?, ?it/s][A
Validation:   0%|          | 0/4 [00:00<?, ?it/s][A
Validation DataLoader 0:   0%|          | 0/4 [00:00<?, ?it/s][Atensor(0.1034, device='cuda:0')
tensor(-0.0784, device='cuda:0')

Validation DataLoader 0:  25%|██▌       | 1/4 [00:00<00:02,  1.24it/s][Atensor(0.1400, device='cuda:0')
tensor(-0.1009, device='cuda:0')

Validation DataLoader 0:  50%|█████     | 2/4 [00:01<00:01,  1.23it/s][Atensor(0.1143, device='cuda:0')
tensor(-0.0964, device='cuda:0')

Validation DataLoader 0:  75%|███████▌  | 3/4 [00:02<00:00,  1.22it/s][Atensor(0.0496, device='cuda:0')
tensor(-0.0730, device='cuda:0')

Validation DataLoader 0: 100%|██████████| 4/4 [00:02<00:00,  1.47it/s][A
==================================================
Stage: VAL
Predicted class distribution: 0s = 0, 1s = 106
Actual label distribution:    0s = 80, 1s = 26
Actual Imbalance Ratio (0:1): 3.08:1
==================================================
⚠️ Model is predicting only class 1 (minority class). It is ignoring the majority class!

                                                                      [AEpoch 0: 100%|██████████| 7/7 [00:09<00:00,  0.73it/s, v_num=f1sz, train_loss_step=0.624, val_loss=0.687]Epoch 0: 100%|██████████| 7/7 [00:09<00:00,  0.73it/s, v_num=f1sz, train_loss_step=0.624, val_loss=0.687, train_loss_epoch=0.609]Epoch 0:   0%|          | 0/7 [00:00<?, ?it/s, v_num=f1sz, train_loss_step=0.624, val_loss=0.687, train_loss_epoch=0.609]        Epoch 1:   0%|          | 0/7 [00:00<?, ?it/s, v_num=f1sz, train_loss_step=0.624, val_loss=0.687, train_loss_epoch=0.609]WARNING: vision_encoder.blocks.2.1.spatial_block.conv1.fn.dw.weight has NO gradient.
Epoch 1:  14%|█▍        | 1/7 [00:01<00:09,  0.66it/s, v_num=f1sz, train_loss_step=0.624, val_loss=0.687, train_loss_epoch=0.609]Epoch 1:  14%|█▍        | 1/7 [00:01<00:09,  0.66it/s, v_num=f1sz, train_loss_step=0.580, val_loss=0.687, train_loss_epoch=0.609]WARNING: vision_encoder.blocks.2.1.spatial_block.conv1.fn.dw.weight has NO gradient.
Epoch 1:  29%|██▊       | 2/7 [00:02<00:05,  0.85it/s, v_num=f1sz, train_loss_step=0.580, val_loss=0.687, train_loss_epoch=0.609]Epoch 1:  29%|██▊       | 2/7 [00:02<00:05,  0.85it/s, v_num=f1sz, train_loss_step=0.649, val_loss=0.687, train_loss_epoch=0.609]WARNING: vision_encoder.blocks.2.1.spatial_block.conv1.fn.dw.weight has NO gradient.
Epoch 1:  43%|████▎     | 3/7 [00:03<00:04,  0.94it/s, v_num=f1sz, train_loss_step=0.649, val_loss=0.687, train_loss_epoch=0.609]Epoch 1:  43%|████▎     | 3/7 [00:03<00:04,  0.94it/s, v_num=f1sz, train_loss_step=0.578, val_loss=0.687, train_loss_epoch=0.609]WARNING: vision_encoder.blocks.2.1.spatial_block.conv1.fn.dw.weight has NO gradient.
Epoch 1:  57%|█████▋    | 4/7 [00:04<00:03,  1.00it/s, v_num=f1sz, train_loss_step=0.578, val_loss=0.687, train_loss_epoch=0.609]Epoch 1:  57%|█████▋    | 4/7 [00:04<00:03,  1.00it/s, v_num=f1sz, train_loss_step=0.551, val_loss=0.687, train_loss_epoch=0.609]WARNING: vision_encoder.blocks.2.1.spatial_block.conv1.fn.dw.weight has NO gradient.
Epoch 1:  71%|███████▏  | 5/7 [00:04<00:01,  1.04it/s, v_num=f1sz, train_loss_step=0.551, val_loss=0.687, train_loss_epoch=0.609]Epoch 1:  71%|███████▏  | 5/7 [00:04<00:01,  1.03it/s, v_num=f1sz, train_loss_step=0.625, val_loss=0.687, train_loss_epoch=0.609]WARNING: vision_encoder.blocks.2.1.spatial_block.conv1.fn.dw.weight has NO gradient.
Epoch 1:  86%|████████▌ | 6/7 [00:05<00:00,  1.06it/s, v_num=f1sz, train_loss_step=0.625, val_loss=0.687, train_loss_epoch=0.609]Epoch 1:  86%|████████▌ | 6/7 [00:05<00:00,  1.06it/s, v_num=f1sz, train_loss_step=0.611, val_loss=0.687, train_loss_epoch=0.609]WARNING: vision_encoder.blocks.2.1.spatial_block.conv1.fn.dw.weight has NO gradient.
Epoch 1: 100%|██████████| 7/7 [00:06<00:00,  1.12it/s, v_num=f1sz, train_loss_step=0.611, val_loss=0.687, train_loss_epoch=0.609]Epoch 1: 100%|██████████| 7/7 [00:06<00:00,  1.12it/s, v_num=f1sz, train_loss_step=0.631, val_loss=0.687, train_loss_epoch=0.609]
Validation: |          | 0/? [00:00<?, ?it/s][A
Validation:   0%|          | 0/4 [00:00<?, ?it/s][A
Validation DataLoader 0:   0%|          | 0/4 [00:00<?, ?it/s][Atensor(0.1887, device='cuda:0')
tensor(-0.0823, device='cuda:0')

Validation DataLoader 0:  25%|██▌       | 1/4 [00:00<00:02,  1.24it/s][Atensor(0.1939, device='cuda:0')
tensor(-0.0873, device='cuda:0')

Validation DataLoader 0:  50%|█████     | 2/4 [00:01<00:01,  1.23it/s][Atensor(0.2029, device='cuda:0')
tensor(-0.0969, device='cuda:0')

Validation DataLoader 0:  75%|███████▌  | 3/4 [00:02<00:00,  1.22it/s][Atensor(0.1094, device='cuda:0')
tensor(-0.0704, device='cuda:0')

Validation DataLoader 0: 100%|██████████| 4/4 [00:02<00:00,  1.47it/s][A
==================================================
Stage: VAL
Predicted class distribution: 0s = 0, 1s = 106
Actual label distribution:    0s = 80, 1s = 26
Actual Imbalance Ratio (0:1): 3.08:1
==================================================
⚠️ Model is predicting only class 1 (minority class). It is ignoring the majority class!

                                                                      [AEpoch 1: 100%|██████████| 7/7 [00:09<00:00,  0.72it/s, v_num=f1sz, train_loss_step=0.631, val_loss=0.673, train_loss_epoch=0.609]Epoch 1: 100%|██████████| 7/7 [00:09<00:00,  0.71it/s, v_num=f1sz, train_loss_step=0.631, val_loss=0.673, train_loss_epoch=0.602]Epoch 1:   0%|          | 0/7 [00:00<?, ?it/s, v_num=f1sz, train_loss_step=0.631, val_loss=0.673, train_loss_epoch=0.602]        Epoch 2:   0%|          | 0/7 [00:00<?, ?it/s, v_num=f1sz, train_loss_step=0.631, val_loss=0.673, train_loss_epoch=0.602]WARNING: vision_encoder.blocks.2.1.spatial_block.conv1.fn.dw.weight has NO gradient.
Epoch 2:  14%|█▍        | 1/7 [00:01<00:09,  0.65it/s, v_num=f1sz, train_loss_step=0.631, val_loss=0.673, train_loss_epoch=0.602]Epoch 2:  14%|█▍        | 1/7 [00:01<00:09,  0.65it/s, v_num=f1sz, train_loss_step=0.549, val_loss=0.673, train_loss_epoch=0.602]WARNING: vision_encoder.blocks.2.1.spatial_block.conv1.fn.dw.weight has NO gradient.
Epoch 2:  29%|██▊       | 2/7 [00:02<00:05,  0.84it/s, v_num=f1sz, train_loss_step=0.549, val_loss=0.673, train_loss_epoch=0.602]Epoch 2:  29%|██▊       | 2/7 [00:02<00:05,  0.84it/s, v_num=f1sz, train_loss_step=0.605, val_loss=0.673, train_loss_epoch=0.602]WARNING: vision_encoder.blocks.2.1.spatial_block.conv1.fn.dw.weight has NO gradient.
Epoch 2:  43%|████▎     | 3/7 [00:03<00:04,  0.94it/s, v_num=f1sz, train_loss_step=0.605, val_loss=0.673, train_loss_epoch=0.602]Epoch 2:  43%|████▎     | 3/7 [00:03<00:04,  0.94it/s, v_num=f1sz, train_loss_step=0.493, val_loss=0.673, train_loss_epoch=0.602]WARNING: vision_encoder.blocks.2.1.spatial_block.conv1.fn.dw.weight has NO gradient.
Epoch 2:  57%|█████▋    | 4/7 [00:04<00:03,  0.99it/s, v_num=f1sz, train_loss_step=0.493, val_loss=0.673, train_loss_epoch=0.602]Epoch 2:  57%|█████▋    | 4/7 [00:04<00:03,  0.99it/s, v_num=f1sz, train_loss_step=0.580, val_loss=0.673, train_loss_epoch=0.602]WARNING: vision_encoder.blocks.2.1.spatial_block.conv1.fn.dw.weight has NO gradient.
Epoch 2:  71%|███████▏  | 5/7 [00:04<00:01,  1.03it/s, v_num=f1sz, train_loss_step=0.580, val_loss=0.673, train_loss_epoch=0.602]Epoch 2:  71%|███████▏  | 5/7 [00:04<00:01,  1.03it/s, v_num=f1sz, train_loss_step=0.654, val_loss=0.673, train_loss_epoch=0.602]WARNING: vision_encoder.blocks.2.1.spatial_block.conv1.fn.dw.weight has NO gradient.
Epoch 2:  86%|████████▌ | 6/7 [00:05<00:00,  1.06it/s, v_num=f1sz, train_loss_step=0.654, val_loss=0.673, train_loss_epoch=0.602]Epoch 2:  86%|████████▌ | 6/7 [00:05<00:00,  1.06it/s, v_num=f1sz, train_loss_step=0.518, val_loss=0.673, train_loss_epoch=0.602]WARNING: vision_encoder.blocks.2.1.spatial_block.conv1.fn.dw.weight has NO gradient.
Epoch 2: 100%|██████████| 7/7 [00:06<00:00,  1.12it/s, v_num=f1sz, train_loss_step=0.518, val_loss=0.673, train_loss_epoch=0.602]Epoch 2: 100%|██████████| 7/7 [00:06<00:00,  1.12it/s, v_num=f1sz, train_loss_step=0.536, val_loss=0.673, train_loss_epoch=0.602]
Validation: |          | 0/? [00:00<?, ?it/s][A
Validation:   0%|          | 0/4 [00:00<?, ?it/s][A
Validation DataLoader 0:   0%|          | 0/4 [00:00<?, ?it/s][Atensor(0.2809, device='cuda:0')
tensor(-0.1136, device='cuda:0')

Validation DataLoader 0:  25%|██▌       | 1/4 [00:00<00:02,  1.24it/s][Atensor(0.2920, device='cuda:0')
tensor(-0.0670, device='cuda:0')

Validation DataLoader 0:  50%|█████     | 2/4 [00:01<00:01,  1.23it/s][Atensor(0.2867, device='cuda:0')
tensor(-0.1002, device='cuda:0')

Validation DataLoader 0:  75%|███████▌  | 3/4 [00:02<00:00,  1.23it/s][Atensor(0.1768, device='cuda:0')
tensor(-0.0612, device='cuda:0')

Validation DataLoader 0: 100%|██████████| 4/4 [00:02<00:00,  1.47it/s][A
==================================================
Stage: VAL
Predicted class distribution: 0s = 0, 1s = 106
Actual label distribution:    0s = 80, 1s = 26
Actual Imbalance Ratio (0:1): 3.08:1
==================================================
⚠️ Model is predicting only class 1 (minority class). It is ignoring the majority class!

                                                                      [AEpoch 2: 100%|██████████| 7/7 [00:09<00:00,  0.71it/s, v_num=f1sz, train_loss_step=0.536, val_loss=0.657, train_loss_epoch=0.602]Epoch 2: 100%|██████████| 7/7 [00:09<00:00,  0.71it/s, v_num=f1sz, train_loss_step=0.536, val_loss=0.657, train_loss_epoch=0.563]Epoch 2:   0%|          | 0/7 [00:00<?, ?it/s, v_num=f1sz, train_loss_step=0.536, val_loss=0.657, train_loss_epoch=0.563]        Epoch 3:   0%|          | 0/7 [00:00<?, ?it/s, v_num=f1sz, train_loss_step=0.536, val_loss=0.657, train_loss_epoch=0.563]WARNING: vision_encoder.blocks.2.1.spatial_block.conv1.fn.dw.weight has NO gradient.
Epoch 3:  14%|█▍        | 1/7 [00:01<00:09,  0.66it/s, v_num=f1sz, train_loss_step=0.536, val_loss=0.657, train_loss_epoch=0.563]Epoch 3:  14%|█▍        | 1/7 [00:01<00:09,  0.64it/s, v_num=f1sz, train_loss_step=0.583, val_loss=0.657, train_loss_epoch=0.563]WARNING: vision_encoder.blocks.2.1.spatial_block.conv1.fn.dw.weight has NO gradient.
Epoch 3:  29%|██▊       | 2/7 [00:02<00:05,  0.84it/s, v_num=f1sz, train_loss_step=0.583, val_loss=0.657, train_loss_epoch=0.563]Epoch 3:  29%|██▊       | 2/7 [00:02<00:05,  0.84it/s, v_num=f1sz, train_loss_step=0.581, val_loss=0.657, train_loss_epoch=0.563]WARNING: vision_encoder.blocks.2.1.spatial_block.conv1.fn.dw.weight has NO gradient.
Epoch 3:  43%|████▎     | 3/7 [00:03<00:04,  0.93it/s, v_num=f1sz, train_loss_step=0.581, val_loss=0.657, train_loss_epoch=0.563]Epoch 3:  43%|████▎     | 3/7 [00:03<00:04,  0.93it/s, v_num=f1sz, train_loss_step=0.560, val_loss=0.657, train_loss_epoch=0.563]WARNING: vision_encoder.blocks.2.1.spatial_block.conv1.fn.dw.weight has NO gradient.
Epoch 3:  57%|█████▋    | 4/7 [00:04<00:03,  0.99it/s, v_num=f1sz, train_loss_step=0.560, val_loss=0.657, train_loss_epoch=0.563]Epoch 3:  57%|█████▋    | 4/7 [00:04<00:03,  0.99it/s, v_num=f1sz, train_loss_step=0.533, val_loss=0.657, train_loss_epoch=0.563]WARNING: vision_encoder.blocks.2.1.spatial_block.conv1.fn.dw.weight has NO gradient.
Epoch 3:  71%|███████▏  | 5/7 [00:04<00:01,  1.03it/s, v_num=f1sz, train_loss_step=0.533, val_loss=0.657, train_loss_epoch=0.563]Epoch 3:  71%|███████▏  | 5/7 [00:04<00:01,  1.03it/s, v_num=f1sz, train_loss_step=0.567, val_loss=0.657, train_loss_epoch=0.563]WARNING: vision_encoder.blocks.2.1.spatial_block.conv1.fn.dw.weight has NO gradient.
Epoch 3:  86%|████████▌ | 6/7 [00:05<00:00,  1.05it/s, v_num=f1sz, train_loss_step=0.567, val_loss=0.657, train_loss_epoch=0.563]Epoch 3:  86%|████████▌ | 6/7 [00:05<00:00,  1.05it/s, v_num=f1sz, train_loss_step=0.539, val_loss=0.657, train_loss_epoch=0.563]WARNING: vision_encoder.blocks.2.1.spatial_block.conv1.fn.dw.weight has NO gradient.
Epoch 3: 100%|██████████| 7/7 [00:06<00:00,  1.11it/s, v_num=f1sz, train_loss_step=0.539, val_loss=0.657, train_loss_epoch=0.563]Epoch 3: 100%|██████████| 7/7 [00:06<00:00,  1.11it/s, v_num=f1sz, train_loss_step=0.683, val_loss=0.657, train_loss_epoch=0.563]
Validation: |          | 0/? [00:00<?, ?it/s][A
Validation:   0%|          | 0/4 [00:00<?, ?it/s][A
Validation DataLoader 0:   0%|          | 0/4 [00:00<?, ?it/s][Atensor(0.4262, device='cuda:0')
tensor(-0.1598, device='cuda:0')

Validation DataLoader 0:  25%|██▌       | 1/4 [00:00<00:02,  1.24it/s][Atensor(0.4093, device='cuda:0')
tensor(-0.0651, device='cuda:0')

Validation DataLoader 0:  50%|█████     | 2/4 [00:01<00:01,  1.23it/s][Atensor(0.3498, device='cuda:0')
tensor(-0.1183, device='cuda:0')

Validation DataLoader 0:  75%|███████▌  | 3/4 [00:02<00:00,  1.22it/s][Atensor(0.2312, device='cuda:0')
tensor(-0.0975, device='cuda:0')

Validation DataLoader 0: 100%|██████████| 4/4 [00:02<00:00,  1.47it/s][A
==================================================
Stage: VAL
Predicted class distribution: 0s = 5, 1s = 101
Actual label distribution:    0s = 80, 1s = 26
Actual Imbalance Ratio (0:1): 3.08:1
==================================================
✅ Model is predicting both classes.

                                                                      [AEpoch 3: 100%|██████████| 7/7 [00:09<00:00,  0.73it/s, v_num=f1sz, train_loss_step=0.683, val_loss=0.650, train_loss_epoch=0.563]Epoch 3: 100%|██████████| 7/7 [00:09<00:00,  0.73it/s, v_num=f1sz, train_loss_step=0.683, val_loss=0.650, train_loss_epoch=0.573]Epoch 3:   0%|          | 0/7 [00:00<?, ?it/s, v_num=f1sz, train_loss_step=0.683, val_loss=0.650, train_loss_epoch=0.573]        Epoch 4:   0%|          | 0/7 [00:00<?, ?it/s, v_num=f1sz, train_loss_step=0.683, val_loss=0.650, train_loss_epoch=0.573]WARNING: vision_encoder.blocks.2.1.spatial_block.conv1.fn.dw.weight has NO gradient.
Epoch 4:  14%|█▍        | 1/7 [00:01<00:09,  0.64it/s, v_num=f1sz, train_loss_step=0.683, val_loss=0.650, train_loss_epoch=0.573]Epoch 4:  14%|█▍        | 1/7 [00:01<00:09,  0.64it/s, v_num=f1sz, train_loss_step=0.620, val_loss=0.650, train_loss_epoch=0.573]WARNING: vision_encoder.blocks.2.1.spatial_block.conv1.fn.dw.weight has NO gradient.
Epoch 4:  29%|██▊       | 2/7 [00:02<00:05,  0.84it/s, v_num=f1sz, train_loss_step=0.620, val_loss=0.650, train_loss_epoch=0.573]Epoch 4:  29%|██▊       | 2/7 [00:02<00:05,  0.84it/s, v_num=f1sz, train_loss_step=0.553, val_loss=0.650, train_loss_epoch=0.573]WARNING: vision_encoder.blocks.2.1.spatial_block.conv1.fn.dw.weight has NO gradient.
Epoch 4:  43%|████▎     | 3/7 [00:03<00:04,  0.93it/s, v_num=f1sz, train_loss_step=0.553, val_loss=0.650, train_loss_epoch=0.573]Epoch 4:  43%|████▎     | 3/7 [00:03<00:04,  0.93it/s, v_num=f1sz, train_loss_step=0.552, val_loss=0.650, train_loss_epoch=0.573]WARNING: vision_encoder.blocks.2.1.spatial_block.conv1.fn.dw.weight has NO gradient.
Epoch 4:  57%|█████▋    | 4/7 [00:04<00:03,  0.99it/s, v_num=f1sz, train_loss_step=0.552, val_loss=0.650, train_loss_epoch=0.573]Epoch 4:  57%|█████▋    | 4/7 [00:04<00:03,  0.99it/s, v_num=f1sz, train_loss_step=0.673, val_loss=0.650, train_loss_epoch=0.573]WARNING: vision_encoder.blocks.2.1.spatial_block.conv1.fn.dw.weight has NO gradient.
Epoch 4:  71%|███████▏  | 5/7 [00:04<00:01,  1.03it/s, v_num=f1sz, train_loss_step=0.673, val_loss=0.650, train_loss_epoch=0.573]Epoch 4:  71%|███████▏  | 5/7 [00:04<00:01,  1.03it/s, v_num=f1sz, train_loss_step=0.605, val_loss=0.650, train_loss_epoch=0.573]WARNING: vision_encoder.blocks.2.1.spatial_block.conv1.fn.dw.weight has NO gradient.
Epoch 4:  86%|████████▌ | 6/7 [00:05<00:00,  1.05it/s, v_num=f1sz, train_loss_step=0.605, val_loss=0.650, train_loss_epoch=0.573]Epoch 4:  86%|████████▌ | 6/7 [00:05<00:00,  1.05it/s, v_num=f1sz, train_loss_step=0.484, val_loss=0.650, train_loss_epoch=0.573]WARNING: vision_encoder.blocks.2.1.spatial_block.conv1.fn.dw.weight has NO gradient.
Epoch 4: 100%|██████████| 7/7 [00:06<00:00,  1.11it/s, v_num=f1sz, train_loss_step=0.484, val_loss=0.650, train_loss_epoch=0.573]Epoch 4: 100%|██████████| 7/7 [00:06<00:00,  1.11it/s, v_num=f1sz, train_loss_step=0.550, val_loss=0.650, train_loss_epoch=0.573]
Validation: |          | 0/? [00:00<?, ?it/s][A
Validation:   0%|          | 0/4 [00:00<?, ?it/s][A
Validation DataLoader 0:   0%|          | 0/4 [00:00<?, ?it/s][Atensor(0.5538, device='cuda:0')
tensor(-0.1788, device='cuda:0')

Validation DataLoader 0:  25%|██▌       | 1/4 [00:00<00:02,  1.24it/s][Atensor(0.5099, device='cuda:0')
tensor(-0.0835, device='cuda:0')

Validation DataLoader 0:  50%|█████     | 2/4 [00:01<00:01,  1.23it/s][Atensor(0.4365, device='cuda:0')
tensor(-0.1354, device='cuda:0')

Validation DataLoader 0:  75%|███████▌  | 3/4 [00:02<00:00,  1.22it/s][Atensor(0.2990, device='cuda:0')
tensor(-0.1206, device='cuda:0')

Validation DataLoader 0: 100%|██████████| 4/4 [00:02<00:00,  1.47it/s][A
==================================================
Stage: VAL
Predicted class distribution: 0s = 14, 1s = 92
Actual label distribution:    0s = 80, 1s = 26
Actual Imbalance Ratio (0:1): 3.08:1
==================================================
✅ Model is predicting both classes.

                                                                      [AEpoch 4: 100%|██████████| 7/7 [00:09<00:00,  0.72it/s, v_num=f1sz, train_loss_step=0.550, val_loss=0.635, train_loss_epoch=0.573]Epoch 4: 100%|██████████| 7/7 [00:09<00:00,  0.72it/s, v_num=f1sz, train_loss_step=0.550, val_loss=0.635, train_loss_epoch=0.578]Epoch 4:   0%|          | 0/7 [00:00<?, ?it/s, v_num=f1sz, train_loss_step=0.550, val_loss=0.635, train_loss_epoch=0.578]        Epoch 5:   0%|          | 0/7 [00:00<?, ?it/s, v_num=f1sz, train_loss_step=0.550, val_loss=0.635, train_loss_epoch=0.578]WARNING: vision_encoder.blocks.2.1.spatial_block.conv1.fn.dw.weight has NO gradient.
Epoch 5:  14%|█▍        | 1/7 [00:01<00:08,  0.70it/s, v_num=f1sz, train_loss_step=0.550, val_loss=0.635, train_loss_epoch=0.578]Epoch 5:  14%|█▍        | 1/7 [00:01<00:08,  0.70it/s, v_num=f1sz, train_loss_step=0.659, val_loss=0.635, train_loss_epoch=0.578]WARNING: vision_encoder.blocks.2.1.spatial_block.conv1.fn.dw.weight has NO gradient.
Epoch 5:  29%|██▊       | 2/7 [00:02<00:05,  0.88it/s, v_num=f1sz, train_loss_step=0.659, val_loss=0.635, train_loss_epoch=0.578]Epoch 5:  29%|██▊       | 2/7 [00:02<00:05,  0.88it/s, v_num=f1sz, train_loss_step=0.593, val_loss=0.635, train_loss_epoch=0.578]WARNING: vision_encoder.blocks.2.1.spatial_block.conv1.fn.dw.weight has NO gradient.
Epoch 5:  43%|████▎     | 3/7 [00:03<00:04,  0.97it/s, v_num=f1sz, train_loss_step=0.593, val_loss=0.635, train_loss_epoch=0.578]Epoch 5:  43%|████▎     | 3/7 [00:03<00:04,  0.97it/s, v_num=f1sz, train_loss_step=0.627, val_loss=0.635, train_loss_epoch=0.578]WARNING: vision_encoder.blocks.2.1.spatial_block.conv1.fn.dw.weight has NO gradient.
Epoch 5:  57%|█████▋    | 4/7 [00:03<00:02,  1.02it/s, v_num=f1sz, train_loss_step=0.627, val_loss=0.635, train_loss_epoch=0.578]Epoch 5:  57%|█████▋    | 4/7 [00:03<00:02,  1.02it/s, v_num=f1sz, train_loss_step=0.529, val_loss=0.635, train_loss_epoch=0.578]WARNING: vision_encoder.blocks.2.1.spatial_block.conv1.fn.dw.weight has NO gradient.
Epoch 5:  71%|███████▏  | 5/7 [00:04<00:01,  1.05it/s, v_num=f1sz, train_loss_step=0.529, val_loss=0.635, train_loss_epoch=0.578]Epoch 5:  71%|███████▏  | 5/7 [00:04<00:01,  1.05it/s, v_num=f1sz, train_loss_step=0.616, val_loss=0.635, train_loss_epoch=0.578]WARNING: vision_encoder.blocks.2.1.spatial_block.conv1.fn.dw.weight has NO gradient.
Epoch 5:  86%|████████▌ | 6/7 [00:05<00:00,  1.07it/s, v_num=f1sz, train_loss_step=0.616, val_loss=0.635, train_loss_epoch=0.578]Epoch 5:  86%|████████▌ | 6/7 [00:05<00:00,  1.07it/s, v_num=f1sz, train_loss_step=0.608, val_loss=0.635, train_loss_epoch=0.578]WARNING: vision_encoder.blocks.2.1.spatial_block.conv1.fn.dw.weight has NO gradient.
Epoch 5: 100%|██████████| 7/7 [00:06<00:00,  1.13it/s, v_num=f1sz, train_loss_step=0.608, val_loss=0.635, train_loss_epoch=0.578]Epoch 5: 100%|██████████| 7/7 [00:06<00:00,  1.13it/s, v_num=f1sz, train_loss_step=0.517, val_loss=0.635, train_loss_epoch=0.578]
Validation: |          | 0/? [00:00<?, ?it/s][A
Validation:   0%|          | 0/4 [00:00<?, ?it/s][A
Validation DataLoader 0:   0%|          | 0/4 [00:00<?, ?it/s][Atensor(0.6694, device='cuda:0')
tensor(-0.1909, device='cuda:0')

Validation DataLoader 0:  25%|██▌       | 1/4 [00:00<00:02,  1.24it/s][Atensor(0.6065, device='cuda:0')
tensor(-0.0826, device='cuda:0')

Validation DataLoader 0:  50%|█████     | 2/4 [00:01<00:01,  1.23it/s][Atensor(0.5383, device='cuda:0')
tensor(-0.1604, device='cuda:0')

Validation DataLoader 0:  75%|███████▌  | 3/4 [00:02<00:00,  1.22it/s][Atensor(0.3402, device='cuda:0')
tensor(-0.1189, device='cuda:0')

Validation DataLoader 0: 100%|██████████| 4/4 [00:02<00:00,  1.47it/s][A
==================================================
Stage: VAL
Predicted class distribution: 0s = 19, 1s = 87
Actual label distribution:    0s = 80, 1s = 26
Actual Imbalance Ratio (0:1): 3.08:1
==================================================
✅ Model is predicting both classes.

                                                                      [AEpoch 5: 100%|██████████| 7/7 [00:09<00:00,  0.70it/s, v_num=f1sz, train_loss_step=0.517, val_loss=0.620, train_loss_epoch=0.578]Epoch 5: 100%|██████████| 7/7 [00:09<00:00,  0.70it/s, v_num=f1sz, train_loss_step=0.517, val_loss=0.620, train_loss_epoch=0.596]Epoch 5:   0%|          | 0/7 [00:00<?, ?it/s, v_num=f1sz, train_loss_step=0.517, val_loss=0.620, train_loss_epoch=0.596]        Epoch 6:   0%|          | 0/7 [00:00<?, ?it/s, v_num=f1sz, train_loss_step=0.517, val_loss=0.620, train_loss_epoch=0.596]WARNING: vision_encoder.blocks.2.1.spatial_block.conv1.fn.dw.weight has NO gradient.
Epoch 6:  14%|█▍        | 1/7 [00:01<00:08,  0.68it/s, v_num=f1sz, train_loss_step=0.517, val_loss=0.620, train_loss_epoch=0.596]Epoch 6:  14%|█▍        | 1/7 [00:01<00:08,  0.68it/s, v_num=f1sz, train_loss_step=0.575, val_loss=0.620, train_loss_epoch=0.596]WARNING: vision_encoder.blocks.2.1.spatial_block.conv1.fn.dw.weight has NO gradient.
Epoch 6:  29%|██▊       | 2/7 [00:02<00:05,  0.87it/s, v_num=f1sz, train_loss_step=0.575, val_loss=0.620, train_loss_epoch=0.596]Epoch 6:  29%|██▊       | 2/7 [00:02<00:05,  0.87it/s, v_num=f1sz, train_loss_step=0.564, val_loss=0.620, train_loss_epoch=0.596]WARNING: vision_encoder.blocks.2.1.spatial_block.conv1.fn.dw.weight has NO gradient.
Epoch 6:  43%|████▎     | 3/7 [00:03<00:04,  0.96it/s, v_num=f1sz, train_loss_step=0.564, val_loss=0.620, train_loss_epoch=0.596]Epoch 6:  43%|████▎     | 3/7 [00:03<00:04,  0.96it/s, v_num=f1sz, train_loss_step=0.527, val_loss=0.620, train_loss_epoch=0.596]WARNING: vision_encoder.blocks.2.1.spatial_block.conv1.fn.dw.weight has NO gradient.
Epoch 6:  57%|█████▋    | 4/7 [00:03<00:02,  1.01it/s, v_num=f1sz, train_loss_step=0.527, val_loss=0.620, train_loss_epoch=0.596]Epoch 6:  57%|█████▋    | 4/7 [00:03<00:02,  1.01it/s, v_num=f1sz, train_loss_step=0.514, val_loss=0.620, train_loss_epoch=0.596]WARNING: vision_encoder.blocks.2.1.spatial_block.conv1.fn.dw.weight has NO gradient.
Epoch 6:  71%|███████▏  | 5/7 [00:04<00:01,  1.04it/s, v_num=f1sz, train_loss_step=0.514, val_loss=0.620, train_loss_epoch=0.596]Epoch 6:  71%|███████▏  | 5/7 [00:04<00:01,  1.04it/s, v_num=f1sz, train_loss_step=0.486, val_loss=0.620, train_loss_epoch=0.596]WARNING: vision_encoder.blocks.2.1.spatial_block.conv1.fn.dw.weight has NO gradient.
Epoch 6:  86%|████████▌ | 6/7 [00:05<00:00,  1.07it/s, v_num=f1sz, train_loss_step=0.486, val_loss=0.620, train_loss_epoch=0.596]Epoch 6:  86%|████████▌ | 6/7 [00:05<00:00,  1.07it/s, v_num=f1sz, train_loss_step=0.542, val_loss=0.620, train_loss_epoch=0.596]WARNING: vision_encoder.blocks.2.1.spatial_block.conv1.fn.dw.weight has NO gradient.
Epoch 6: 100%|██████████| 7/7 [00:06<00:00,  1.13it/s, v_num=f1sz, train_loss_step=0.542, val_loss=0.620, train_loss_epoch=0.596]Epoch 6: 100%|██████████| 7/7 [00:06<00:00,  1.13it/s, v_num=f1sz, train_loss_step=0.518, val_loss=0.620, train_loss_epoch=0.596]
Validation: |          | 0/? [00:00<?, ?it/s][A
Validation:   0%|          | 0/4 [00:00<?, ?it/s][A
Validation DataLoader 0:   0%|          | 0/4 [00:00<?, ?it/s][Atensor(0.7934, device='cuda:0')
tensor(-0.2004, device='cuda:0')

Validation DataLoader 0:  25%|██▌       | 1/4 [00:00<00:02,  1.24it/s][Atensor(0.7068, device='cuda:0')
tensor(-0.0802, device='cuda:0')

Validation DataLoader 0:  50%|█████     | 2/4 [00:01<00:01,  1.23it/s][Atensor(0.6348, device='cuda:0')
tensor(-0.1716, device='cuda:0')

Validation DataLoader 0:  75%|███████▌  | 3/4 [00:02<00:00,  1.23it/s][Atensor(0.3878, device='cuda:0')
tensor(-0.1311, device='cuda:0')

Validation DataLoader 0: 100%|██████████| 4/4 [00:02<00:00,  1.47it/s][A
==================================================
Stage: VAL
Predicted class distribution: 0s = 25, 1s = 81
Actual label distribution:    0s = 80, 1s = 26
Actual Imbalance Ratio (0:1): 3.08:1
==================================================
✅ Model is predicting both classes.

                                                                      [AEpoch 6: 100%|██████████| 7/7 [00:09<00:00,  0.72it/s, v_num=f1sz, train_loss_step=0.518, val_loss=0.610, train_loss_epoch=0.596]Epoch 6: 100%|██████████| 7/7 [00:09<00:00,  0.72it/s, v_num=f1sz, train_loss_step=0.518, val_loss=0.610, train_loss_epoch=0.533]Epoch 6:   0%|          | 0/7 [00:00<?, ?it/s, v_num=f1sz, train_loss_step=0.518, val_loss=0.610, train_loss_epoch=0.533]        Epoch 7:   0%|          | 0/7 [00:00<?, ?it/s, v_num=f1sz, train_loss_step=0.518, val_loss=0.610, train_loss_epoch=0.533]WARNING: vision_encoder.blocks.2.1.spatial_block.conv1.fn.dw.weight has NO gradient.
Epoch 7:  14%|█▍        | 1/7 [00:01<00:08,  0.68it/s, v_num=f1sz, train_loss_step=0.518, val_loss=0.610, train_loss_epoch=0.533]Epoch 7:  14%|█▍        | 1/7 [00:01<00:08,  0.68it/s, v_num=f1sz, train_loss_step=0.456, val_loss=0.610, train_loss_epoch=0.533]WARNING: vision_encoder.blocks.2.1.spatial_block.conv1.fn.dw.weight has NO gradient.
Epoch 7:  29%|██▊       | 2/7 [00:02<00:05,  0.87it/s, v_num=f1sz, train_loss_step=0.456, val_loss=0.610, train_loss_epoch=0.533]Epoch 7:  29%|██▊       | 2/7 [00:02<00:05,  0.87it/s, v_num=f1sz, train_loss_step=0.553, val_loss=0.610, train_loss_epoch=0.533]WARNING: vision_encoder.blocks.2.1.spatial_block.conv1.fn.dw.weight has NO gradient.
Epoch 7:  43%|████▎     | 3/7 [00:03<00:04,  0.96it/s, v_num=f1sz, train_loss_step=0.553, val_loss=0.610, train_loss_epoch=0.533]Epoch 7:  43%|████▎     | 3/7 [00:03<00:04,  0.96it/s, v_num=f1sz, train_loss_step=0.492, val_loss=0.610, train_loss_epoch=0.533]WARNING: vision_encoder.blocks.2.1.spatial_block.conv1.fn.dw.weight has NO gradient.
Epoch 7:  57%|█████▋    | 4/7 [00:03<00:02,  1.01it/s, v_num=f1sz, train_loss_step=0.492, val_loss=0.610, train_loss_epoch=0.533]Epoch 7:  57%|█████▋    | 4/7 [00:03<00:02,  1.01it/s, v_num=f1sz, train_loss_step=0.591, val_loss=0.610, train_loss_epoch=0.533]WARNING: vision_encoder.blocks.2.1.spatial_block.conv1.fn.dw.weight has NO gradient.
Epoch 7:  71%|███████▏  | 5/7 [00:04<00:01,  1.05it/s, v_num=f1sz, train_loss_step=0.591, val_loss=0.610, train_loss_epoch=0.533]Epoch 7:  71%|███████▏  | 5/7 [00:04<00:01,  1.05it/s, v_num=f1sz, train_loss_step=0.546, val_loss=0.610, train_loss_epoch=0.533]WARNING: vision_encoder.blocks.2.1.spatial_block.conv1.fn.dw.weight has NO gradient.
Epoch 7:  86%|████████▌ | 6/7 [00:05<00:00,  1.07it/s, v_num=f1sz, train_loss_step=0.546, val_loss=0.610, train_loss_epoch=0.533]Epoch 7:  86%|████████▌ | 6/7 [00:05<00:00,  1.07it/s, v_num=f1sz, train_loss_step=0.507, val_loss=0.610, train_loss_epoch=0.533]WARNING: vision_encoder.blocks.2.1.spatial_block.conv1.fn.dw.weight has NO gradient.
Epoch 7: 100%|██████████| 7/7 [00:06<00:00,  1.13it/s, v_num=f1sz, train_loss_step=0.507, val_loss=0.610, train_loss_epoch=0.533]Epoch 7: 100%|██████████| 7/7 [00:06<00:00,  1.13it/s, v_num=f1sz, train_loss_step=0.506, val_loss=0.610, train_loss_epoch=0.533]
Validation: |          | 0/? [00:00<?, ?it/s][A
Validation:   0%|          | 0/4 [00:00<?, ?it/s][A
Validation DataLoader 0:   0%|          | 0/4 [00:00<?, ?it/s][Atensor(0.9121, device='cuda:0')
tensor(-0.2087, device='cuda:0')

Validation DataLoader 0:  25%|██▌       | 1/4 [00:00<00:02,  1.24it/s][Atensor(0.8255, device='cuda:0')
tensor(-0.0777, device='cuda:0')

Validation DataLoader 0:  50%|█████     | 2/4 [00:01<00:01,  1.23it/s][Atensor(0.7525, device='cuda:0')
tensor(-0.1927, device='cuda:0')

Validation DataLoader 0:  75%|███████▌  | 3/4 [00:02<00:00,  1.22it/s][Atensor(0.4484, device='cuda:0')
tensor(-0.1551, device='cuda:0')

Validation DataLoader 0: 100%|██████████| 4/4 [00:02<00:00,  1.47it/s][A
==================================================
Stage: VAL
Predicted class distribution: 0s = 33, 1s = 73
Actual label distribution:    0s = 80, 1s = 26
Actual Imbalance Ratio (0:1): 3.08:1
==================================================
✅ Model is predicting both classes.

                                                                      [AEpoch 7: 100%|██████████| 7/7 [00:09<00:00,  0.72it/s, v_num=f1sz, train_loss_step=0.506, val_loss=0.602, train_loss_epoch=0.533]Epoch 7: 100%|██████████| 7/7 [00:09<00:00,  0.72it/s, v_num=f1sz, train_loss_step=0.506, val_loss=0.602, train_loss_epoch=0.522]Epoch 7:   0%|          | 0/7 [00:00<?, ?it/s, v_num=f1sz, train_loss_step=0.506, val_loss=0.602, train_loss_epoch=0.522]        Epoch 8:   0%|          | 0/7 [00:00<?, ?it/s, v_num=f1sz, train_loss_step=0.506, val_loss=0.602, train_loss_epoch=0.522]WARNING: vision_encoder.blocks.2.1.spatial_block.conv1.fn.dw.weight has NO gradient.
Epoch 8:  14%|█▍        | 1/7 [00:01<00:09,  0.66it/s, v_num=f1sz, train_loss_step=0.506, val_loss=0.602, train_loss_epoch=0.522]Epoch 8:  14%|█▍        | 1/7 [00:01<00:09,  0.66it/s, v_num=f1sz, train_loss_step=0.517, val_loss=0.602, train_loss_epoch=0.522]WARNING: vision_encoder.blocks.2.1.spatial_block.conv1.fn.dw.weight has NO gradient.
Epoch 8:  29%|██▊       | 2/7 [00:02<00:05,  0.85it/s, v_num=f1sz, train_loss_step=0.517, val_loss=0.602, train_loss_epoch=0.522]Epoch 8:  29%|██▊       | 2/7 [00:02<00:05,  0.85it/s, v_num=f1sz, train_loss_step=0.541, val_loss=0.602, train_loss_epoch=0.522]WARNING: vision_encoder.blocks.2.1.spatial_block.conv1.fn.dw.weight has NO gradient.
Epoch 8:  43%|████▎     | 3/7 [00:03<00:04,  0.95it/s, v_num=f1sz, train_loss_step=0.541, val_loss=0.602, train_loss_epoch=0.522]Epoch 8:  43%|████▎     | 3/7 [00:03<00:04,  0.95it/s, v_num=f1sz, train_loss_step=0.563, val_loss=0.602, train_loss_epoch=0.522]WARNING: vision_encoder.blocks.2.1.spatial_block.conv1.fn.dw.weight has NO gradient.
Epoch 8:  57%|█████▋    | 4/7 [00:04<00:03,  1.00it/s, v_num=f1sz, train_loss_step=0.563, val_loss=0.602, train_loss_epoch=0.522]Epoch 8:  57%|█████▋    | 4/7 [00:04<00:03,  1.00it/s, v_num=f1sz, train_loss_step=0.516, val_loss=0.602, train_loss_epoch=0.522]WARNING: vision_encoder.blocks.2.1.spatial_block.conv1.fn.dw.weight has NO gradient.
Epoch 8:  71%|███████▏  | 5/7 [00:04<00:01,  1.04it/s, v_num=f1sz, train_loss_step=0.516, val_loss=0.602, train_loss_epoch=0.522]Epoch 8:  71%|███████▏  | 5/7 [00:04<00:01,  1.04it/s, v_num=f1sz, train_loss_step=0.451, val_loss=0.602, train_loss_epoch=0.522]WARNING: vision_encoder.blocks.2.1.spatial_block.conv1.fn.dw.weight has NO gradient.
Epoch 8:  86%|████████▌ | 6/7 [00:05<00:00,  1.06it/s, v_num=f1sz, train_loss_step=0.451, val_loss=0.602, train_loss_epoch=0.522]Epoch 8:  86%|████████▌ | 6/7 [00:05<00:00,  1.06it/s, v_num=f1sz, train_loss_step=0.536, val_loss=0.602, train_loss_epoch=0.522]WARNING: vision_encoder.blocks.2.1.spatial_block.conv1.fn.dw.weight has NO gradient.
Epoch 8: 100%|██████████| 7/7 [00:06<00:00,  1.12it/s, v_num=f1sz, train_loss_step=0.536, val_loss=0.602, train_loss_epoch=0.522]Epoch 8: 100%|██████████| 7/7 [00:06<00:00,  1.12it/s, v_num=f1sz, train_loss_step=0.495, val_loss=0.602, train_loss_epoch=0.522]
Validation: |          | 0/? [00:00<?, ?it/s][A
Validation:   0%|          | 0/4 [00:00<?, ?it/s][A
Validation DataLoader 0:   0%|          | 0/4 [00:00<?, ?it/s][Atensor(1.0347, device='cuda:0')
tensor(-0.1946, device='cuda:0')

Validation DataLoader 0:  25%|██▌       | 1/4 [00:00<00:02,  1.24it/s][Atensor(0.9609, device='cuda:0')
tensor(-0.0824, device='cuda:0')

Validation DataLoader 0:  50%|█████     | 2/4 [00:01<00:01,  1.23it/s][Atensor(0.8969, device='cuda:0')
tensor(-0.1921, device='cuda:0')

Validation DataLoader 0:  75%|███████▌  | 3/4 [00:02<00:00,  1.22it/s][Atensor(0.5027, device='cuda:0')
tensor(-0.1601, device='cuda:0')

Validation DataLoader 0: 100%|██████████| 4/4 [00:02<00:00,  1.47it/s][A
==================================================
Stage: VAL
Predicted class distribution: 0s = 41, 1s = 65
Actual label distribution:    0s = 80, 1s = 26
Actual Imbalance Ratio (0:1): 3.08:1
==================================================
✅ Model is predicting both classes.

                                                                      [AEpoch 8: 100%|██████████| 7/7 [00:09<00:00,  0.72it/s, v_num=f1sz, train_loss_step=0.495, val_loss=0.601, train_loss_epoch=0.522]Epoch 8: 100%|██████████| 7/7 [00:09<00:00,  0.72it/s, v_num=f1sz, train_loss_step=0.495, val_loss=0.601, train_loss_epoch=0.518]Epoch 8:   0%|          | 0/7 [00:00<?, ?it/s, v_num=f1sz, train_loss_step=0.495, val_loss=0.601, train_loss_epoch=0.518]        Epoch 9:   0%|          | 0/7 [00:00<?, ?it/s, v_num=f1sz, train_loss_step=0.495, val_loss=0.601, train_loss_epoch=0.518]WARNING: vision_encoder.blocks.2.1.spatial_block.conv1.fn.dw.weight has NO gradient.
Epoch 9:  14%|█▍        | 1/7 [00:01<00:08,  0.67it/s, v_num=f1sz, train_loss_step=0.495, val_loss=0.601, train_loss_epoch=0.518]Epoch 9:  14%|█▍        | 1/7 [00:01<00:08,  0.67it/s, v_num=f1sz, train_loss_step=0.622, val_loss=0.601, train_loss_epoch=0.518]WARNING: vision_encoder.blocks.2.1.spatial_block.conv1.fn.dw.weight has NO gradient.
Epoch 9:  29%|██▊       | 2/7 [00:02<00:05,  0.87it/s, v_num=f1sz, train_loss_step=0.622, val_loss=0.601, train_loss_epoch=0.518]Epoch 9:  29%|██▊       | 2/7 [00:02<00:05,  0.86it/s, v_num=f1sz, train_loss_step=0.503, val_loss=0.601, train_loss_epoch=0.518]WARNING: vision_encoder.blocks.2.1.spatial_block.conv1.fn.dw.weight has NO gradient.
Epoch 9:  43%|████▎     | 3/7 [00:03<00:04,  0.95it/s, v_num=f1sz, train_loss_step=0.503, val_loss=0.601, train_loss_epoch=0.518]Epoch 9:  43%|████▎     | 3/7 [00:03<00:04,  0.95it/s, v_num=f1sz, train_loss_step=0.388, val_loss=0.601, train_loss_epoch=0.518]WARNING: vision_encoder.blocks.2.1.spatial_block.conv1.fn.dw.weight has NO gradient.
Epoch 9:  57%|█████▋    | 4/7 [00:03<00:02,  1.01it/s, v_num=f1sz, train_loss_step=0.388, val_loss=0.601, train_loss_epoch=0.518]Epoch 9:  57%|█████▋    | 4/7 [00:03<00:02,  1.01it/s, v_num=f1sz, train_loss_step=0.543, val_loss=0.601, train_loss_epoch=0.518]WARNING: vision_encoder.blocks.2.1.spatial_block.conv1.fn.dw.weight has NO gradient.
Epoch 9:  71%|███████▏  | 5/7 [00:04<00:01,  1.04it/s, v_num=f1sz, train_loss_step=0.543, val_loss=0.601, train_loss_epoch=0.518]Epoch 9:  71%|███████▏  | 5/7 [00:04<00:01,  1.04it/s, v_num=f1sz, train_loss_step=0.563, val_loss=0.601, train_loss_epoch=0.518]WARNING: vision_encoder.blocks.2.1.spatial_block.conv1.fn.dw.weight has NO gradient.
Epoch 9:  86%|████████▌ | 6/7 [00:05<00:00,  1.07it/s, v_num=f1sz, train_loss_step=0.563, val_loss=0.601, train_loss_epoch=0.518]Epoch 9:  86%|████████▌ | 6/7 [00:05<00:00,  1.07it/s, v_num=f1sz, train_loss_step=0.567, val_loss=0.601, train_loss_epoch=0.518]WARNING: vision_encoder.blocks.2.1.spatial_block.conv1.fn.dw.weight has NO gradient.
Epoch 9: 100%|██████████| 7/7 [00:06<00:00,  1.13it/s, v_num=f1sz, train_loss_step=0.567, val_loss=0.601, train_loss_epoch=0.518]Epoch 9: 100%|██████████| 7/7 [00:06<00:00,  1.13it/s, v_num=f1sz, train_loss_step=0.518, val_loss=0.601, train_loss_epoch=0.518]
Validation: |          | 0/? [00:00<?, ?it/s][A
Validation:   0%|          | 0/4 [00:00<?, ?it/s][A
Validation DataLoader 0:   0%|          | 0/4 [00:00<?, ?it/s][Atensor(1.0735, device='cuda:0')
tensor(-0.2036, device='cuda:0')

Validation DataLoader 0:  25%|██▌       | 1/4 [00:00<00:02,  1.24it/s][Atensor(1.0171, device='cuda:0')
tensor(-0.0901, device='cuda:0')

Validation DataLoader 0:  50%|█████     | 2/4 [00:01<00:01,  1.23it/s][Atensor(0.9640, device='cuda:0')
tensor(-0.1906, device='cuda:0')

Validation DataLoader 0:  75%|███████▌  | 3/4 [00:02<00:00,  1.22it/s][Atensor(0.5313, device='cuda:0')
tensor(-0.1744, device='cuda:0')

Validation DataLoader 0: 100%|██████████| 4/4 [00:02<00:00,  1.47it/s][A
==================================================
Stage: VAL
Predicted class distribution: 0s = 47, 1s = 59
Actual label distribution:    0s = 80, 1s = 26
Actual Imbalance Ratio (0:1): 3.08:1
==================================================
✅ Model is predicting both classes.

                                                                      [AEpoch 9: 100%|██████████| 7/7 [00:09<00:00,  0.72it/s, v_num=f1sz, train_loss_step=0.518, val_loss=0.600, train_loss_epoch=0.518]Epoch 9: 100%|██████████| 7/7 [00:09<00:00,  0.72it/s, v_num=f1sz, train_loss_step=0.518, val_loss=0.600, train_loss_epoch=0.530]Epoch 9:   0%|          | 0/7 [00:00<?, ?it/s, v_num=f1sz, train_loss_step=0.518, val_loss=0.600, train_loss_epoch=0.530]        Epoch 10:   0%|          | 0/7 [00:00<?, ?it/s, v_num=f1sz, train_loss_step=0.518, val_loss=0.600, train_loss_epoch=0.530]WARNING: vision_encoder.blocks.2.1.spatial_block.conv1.fn.dw.weight has NO gradient.
Epoch 10:  14%|█▍        | 1/7 [00:01<00:08,  0.67it/s, v_num=f1sz, train_loss_step=0.518, val_loss=0.600, train_loss_epoch=0.530]Epoch 10:  14%|█▍        | 1/7 [00:01<00:08,  0.67it/s, v_num=f1sz, train_loss_step=0.484, val_loss=0.600, train_loss_epoch=0.530]WARNING: vision_encoder.blocks.2.1.spatial_block.conv1.fn.dw.weight has NO gradient.
Epoch 10:  29%|██▊       | 2/7 [00:02<00:05,  0.86it/s, v_num=f1sz, train_loss_step=0.484, val_loss=0.600, train_loss_epoch=0.530]Epoch 10:  29%|██▊       | 2/7 [00:02<00:05,  0.86it/s, v_num=f1sz, train_loss_step=0.568, val_loss=0.600, train_loss_epoch=0.530]WARNING: vision_encoder.blocks.2.1.spatial_block.conv1.fn.dw.weight has NO gradient.
Epoch 10:  43%|████▎     | 3/7 [00:03<00:04,  0.95it/s, v_num=f1sz, train_loss_step=0.568, val_loss=0.600, train_loss_epoch=0.530]Epoch 10:  43%|████▎     | 3/7 [00:03<00:04,  0.95it/s, v_num=f1sz, train_loss_step=0.419, val_loss=0.600, train_loss_epoch=0.530]WARNING: vision_encoder.blocks.2.1.spatial_block.conv1.fn.dw.weight has NO gradient.
Epoch 10:  57%|█████▋    | 4/7 [00:03<00:02,  1.01it/s, v_num=f1sz, train_loss_step=0.419, val_loss=0.600, train_loss_epoch=0.530]Epoch 10:  57%|█████▋    | 4/7 [00:03<00:02,  1.01it/s, v_num=f1sz, train_loss_step=0.496, val_loss=0.600, train_loss_epoch=0.530]WARNING: vision_encoder.blocks.2.1.spatial_block.conv1.fn.dw.weight has NO gradient.
Epoch 10:  71%|███████▏  | 5/7 [00:04<00:01,  1.04it/s, v_num=f1sz, train_loss_step=0.496, val_loss=0.600, train_loss_epoch=0.530]Epoch 10:  71%|███████▏  | 5/7 [00:04<00:01,  1.04it/s, v_num=f1sz, train_loss_step=0.486, val_loss=0.600, train_loss_epoch=0.530]WARNING: vision_encoder.blocks.2.1.spatial_block.conv1.fn.dw.weight has NO gradient.
Epoch 10:  86%|████████▌ | 6/7 [00:05<00:00,  1.07it/s, v_num=f1sz, train_loss_step=0.486, val_loss=0.600, train_loss_epoch=0.530]Epoch 10:  86%|████████▌ | 6/7 [00:05<00:00,  1.07it/s, v_num=f1sz, train_loss_step=0.507, val_loss=0.600, train_loss_epoch=0.530]WARNING: vision_encoder.blocks.2.1.spatial_block.conv1.fn.dw.weight has NO gradient.
Epoch 10: 100%|██████████| 7/7 [00:06<00:00,  1.12it/s, v_num=f1sz, train_loss_step=0.507, val_loss=0.600, train_loss_epoch=0.530]Epoch 10: 100%|██████████| 7/7 [00:06<00:00,  1.12it/s, v_num=f1sz, train_loss_step=0.429, val_loss=0.600, train_loss_epoch=0.530]
Validation: |          | 0/? [00:00<?, ?it/s][A
Validation:   0%|          | 0/4 [00:00<?, ?it/s][A
Validation DataLoader 0:   0%|          | 0/4 [00:00<?, ?it/s][Atensor(1.1208, device='cuda:0')
tensor(-0.2438, device='cuda:0')

Validation DataLoader 0:  25%|██▌       | 1/4 [00:00<00:02,  1.24it/s][Atensor(0.9717, device='cuda:0')
tensor(-0.1167, device='cuda:0')

Validation DataLoader 0:  50%|█████     | 2/4 [00:01<00:01,  1.23it/s][Atensor(0.9773, device='cuda:0')
tensor(-0.2021, device='cuda:0')

Validation DataLoader 0:  75%|███████▌  | 3/4 [00:02<00:00,  1.23it/s][Atensor(0.5203, device='cuda:0')
tensor(-0.1982, device='cuda:0')

Validation DataLoader 0: 100%|██████████| 4/4 [00:02<00:00,  1.47it/s][A
==================================================
Stage: VAL
Predicted class distribution: 0s = 45, 1s = 61
Actual label distribution:    0s = 80, 1s = 26
Actual Imbalance Ratio (0:1): 3.08:1
==================================================
✅ Model is predicting both classes.

                                                                      [AEpoch 10: 100%|██████████| 7/7 [00:10<00:00,  0.69it/s, v_num=f1sz, train_loss_step=0.429, val_loss=0.602, train_loss_epoch=0.530]Epoch 10: 100%|██████████| 7/7 [00:10<00:00,  0.69it/s, v_num=f1sz, train_loss_step=0.429, val_loss=0.602, train_loss_epoch=0.487]Epoch 10:   0%|          | 0/7 [00:00<?, ?it/s, v_num=f1sz, train_loss_step=0.429, val_loss=0.602, train_loss_epoch=0.487]        Epoch 11:   0%|          | 0/7 [00:00<?, ?it/s, v_num=f1sz, train_loss_step=0.429, val_loss=0.602, train_loss_epoch=0.487]WARNING: vision_encoder.blocks.2.1.spatial_block.conv1.fn.dw.weight has NO gradient.
Epoch 11:  14%|█▍        | 1/7 [00:01<00:08,  0.67it/s, v_num=f1sz, train_loss_step=0.429, val_loss=0.602, train_loss_epoch=0.487]Epoch 11:  14%|█▍        | 1/7 [00:01<00:08,  0.67it/s, v_num=f1sz, train_loss_step=0.484, val_loss=0.602, train_loss_epoch=0.487]WARNING: vision_encoder.blocks.2.1.spatial_block.conv1.fn.dw.weight has NO gradient.
Epoch 11:  29%|██▊       | 2/7 [00:02<00:05,  0.86it/s, v_num=f1sz, train_loss_step=0.484, val_loss=0.602, train_loss_epoch=0.487]Epoch 11:  29%|██▊       | 2/7 [00:02<00:05,  0.86it/s, v_num=f1sz, train_loss_step=0.478, val_loss=0.602, train_loss_epoch=0.487]WARNING: vision_encoder.blocks.2.1.spatial_block.conv1.fn.dw.weight has NO gradient.
Epoch 11:  43%|████▎     | 3/7 [00:03<00:04,  0.95it/s, v_num=f1sz, train_loss_step=0.478, val_loss=0.602, train_loss_epoch=0.487]Epoch 11:  43%|████▎     | 3/7 [00:03<00:04,  0.95it/s, v_num=f1sz, train_loss_step=0.434, val_loss=0.602, train_loss_epoch=0.487]WARNING: vision_encoder.blocks.2.1.spatial_block.conv1.fn.dw.weight has NO gradient.
Epoch 11:  57%|█████▋    | 4/7 [00:03<00:02,  1.01it/s, v_num=f1sz, train_loss_step=0.434, val_loss=0.602, train_loss_epoch=0.487]Epoch 11:  57%|█████▋    | 4/7 [00:03<00:02,  1.01it/s, v_num=f1sz, train_loss_step=0.424, val_loss=0.602, train_loss_epoch=0.487]WARNING: vision_encoder.blocks.2.1.spatial_block.conv1.fn.dw.weight has NO gradient.
Epoch 11:  71%|███████▏  | 5/7 [00:04<00:01,  1.04it/s, v_num=f1sz, train_loss_step=0.424, val_loss=0.602, train_loss_epoch=0.487]Epoch 11:  71%|███████▏  | 5/7 [00:04<00:01,  1.04it/s, v_num=f1sz, train_loss_step=0.398, val_loss=0.602, train_loss_epoch=0.487]WARNING: vision_encoder.blocks.2.1.spatial_block.conv1.fn.dw.weight has NO gradient.
Epoch 11:  86%|████████▌ | 6/7 [00:05<00:00,  1.06it/s, v_num=f1sz, train_loss_step=0.398, val_loss=0.602, train_loss_epoch=0.487]Epoch 11:  86%|████████▌ | 6/7 [00:05<00:00,  1.06it/s, v_num=f1sz, train_loss_step=0.470, val_loss=0.602, train_loss_epoch=0.487]WARNING: vision_encoder.blocks.2.1.spatial_block.conv1.fn.dw.weight has NO gradient.
Epoch 11: 100%|██████████| 7/7 [00:06<00:00,  1.12it/s, v_num=f1sz, train_loss_step=0.470, val_loss=0.602, train_loss_epoch=0.487]Epoch 11: 100%|██████████| 7/7 [00:06<00:00,  1.12it/s, v_num=f1sz, train_loss_step=0.396, val_loss=0.602, train_loss_epoch=0.487]
Validation: |          | 0/? [00:00<?, ?it/s][A
Validation:   0%|          | 0/4 [00:00<?, ?it/s][A
Validation DataLoader 0:   0%|          | 0/4 [00:00<?, ?it/s][Atensor(1.2339, device='cuda:0')
tensor(-0.2746, device='cuda:0')

Validation DataLoader 0:  25%|██▌       | 1/4 [00:00<00:02,  1.24it/s][Atensor(1.0207, device='cuda:0')
tensor(-0.1404, device='cuda:0')

Validation DataLoader 0:  50%|█████     | 2/4 [00:01<00:01,  1.22it/s][Atensor(1.0651, device='cuda:0')
tensor(-0.1708, device='cuda:0')

Validation DataLoader 0:  75%|███████▌  | 3/4 [00:02<00:00,  1.22it/s][Atensor(0.5284, device='cuda:0')
tensor(-0.2403, device='cuda:0')

Validation DataLoader 0: 100%|██████████| 4/4 [00:02<00:00,  1.46it/s][A
==================================================
Stage: VAL
Predicted class distribution: 0s = 45, 1s = 61
Actual label distribution:    0s = 80, 1s = 26
Actual Imbalance Ratio (0:1): 3.08:1
==================================================
✅ Model is predicting both classes.

                                                                      [AEpoch 11: 100%|██████████| 7/7 [00:09<00:00,  0.72it/s, v_num=f1sz, train_loss_step=0.396, val_loss=0.607, train_loss_epoch=0.487]Epoch 11: 100%|██████████| 7/7 [00:09<00:00,  0.72it/s, v_num=f1sz, train_loss_step=0.396, val_loss=0.607, train_loss_epoch=0.443]Epoch 11:   0%|          | 0/7 [00:00<?, ?it/s, v_num=f1sz, train_loss_step=0.396, val_loss=0.607, train_loss_epoch=0.443]        Epoch 12:   0%|          | 0/7 [00:00<?, ?it/s, v_num=f1sz, train_loss_step=0.396, val_loss=0.607, train_loss_epoch=0.443]WARNING: vision_encoder.blocks.2.1.spatial_block.conv1.fn.dw.weight has NO gradient.
Epoch 12:  14%|█▍        | 1/7 [00:01<00:09,  0.66it/s, v_num=f1sz, train_loss_step=0.396, val_loss=0.607, train_loss_epoch=0.443]Epoch 12:  14%|█▍        | 1/7 [00:01<00:09,  0.66it/s, v_num=f1sz, train_loss_step=0.494, val_loss=0.607, train_loss_epoch=0.443]WARNING: vision_encoder.blocks.2.1.spatial_block.conv1.fn.dw.weight has NO gradient.
Epoch 12:  29%|██▊       | 2/7 [00:02<00:05,  0.85it/s, v_num=f1sz, train_loss_step=0.494, val_loss=0.607, train_loss_epoch=0.443]Epoch 12:  29%|██▊       | 2/7 [00:02<00:05,  0.85it/s, v_num=f1sz, train_loss_step=0.392, val_loss=0.607, train_loss_epoch=0.443]WARNING: vision_encoder.blocks.2.1.spatial_block.conv1.fn.dw.weight has NO gradient.
Epoch 12:  43%|████▎     | 3/7 [00:03<00:04,  0.94it/s, v_num=f1sz, train_loss_step=0.392, val_loss=0.607, train_loss_epoch=0.443]Epoch 12:  43%|████▎     | 3/7 [00:03<00:04,  0.94it/s, v_num=f1sz, train_loss_step=0.479, val_loss=0.607, train_loss_epoch=0.443]WARNING: vision_encoder.blocks.2.1.spatial_block.conv1.fn.dw.weight has NO gradient.
Epoch 12:  57%|█████▋    | 4/7 [00:04<00:03,  0.99it/s, v_num=f1sz, train_loss_step=0.479, val_loss=0.607, train_loss_epoch=0.443]Epoch 12:  57%|█████▋    | 4/7 [00:04<00:03,  0.99it/s, v_num=f1sz, train_loss_step=0.628, val_loss=0.607, train_loss_epoch=0.443]WARNING: vision_encoder.blocks.2.1.spatial_block.conv1.fn.dw.weight has NO gradient.
Epoch 12:  71%|███████▏  | 5/7 [00:04<00:01,  1.03it/s, v_num=f1sz, train_loss_step=0.628, val_loss=0.607, train_loss_epoch=0.443]Epoch 12:  71%|███████▏  | 5/7 [00:04<00:01,  1.03it/s, v_num=f1sz, train_loss_step=0.497, val_loss=0.607, train_loss_epoch=0.443]WARNING: vision_encoder.blocks.2.1.spatial_block.conv1.fn.dw.weight has NO gradient.
Epoch 12:  86%|████████▌ | 6/7 [00:05<00:00,  1.06it/s, v_num=f1sz, train_loss_step=0.497, val_loss=0.607, train_loss_epoch=0.443]Epoch 12:  86%|████████▌ | 6/7 [00:05<00:00,  1.06it/s, v_num=f1sz, train_loss_step=0.579, val_loss=0.607, train_loss_epoch=0.443]WARNING: vision_encoder.blocks.2.1.spatial_block.conv1.fn.dw.weight has NO gradient.
Epoch 12: 100%|██████████| 7/7 [00:06<00:00,  1.12it/s, v_num=f1sz, train_loss_step=0.579, val_loss=0.607, train_loss_epoch=0.443]Epoch 12: 100%|██████████| 7/7 [00:06<00:00,  1.12it/s, v_num=f1sz, train_loss_step=0.502, val_loss=0.607, train_loss_epoch=0.443]
Validation: |          | 0/? [00:00<?, ?it/s][A
Validation:   0%|          | 0/4 [00:00<?, ?it/s][A
Validation DataLoader 0:   0%|          | 0/4 [00:00<?, ?it/s][Atensor(1.3844, device='cuda:0')
tensor(-0.3223, device='cuda:0')

Validation DataLoader 0:  25%|██▌       | 1/4 [00:00<00:02,  1.24it/s][Atensor(1.1163, device='cuda:0')
tensor(-0.1498, device='cuda:0')

Validation DataLoader 0:  50%|█████     | 2/4 [00:01<00:01,  1.22it/s][Atensor(1.1426, device='cuda:0')
tensor(-0.1762, device='cuda:0')

Validation DataLoader 0:  75%|███████▌  | 3/4 [00:02<00:00,  1.22it/s][Atensor(0.5588, device='cuda:0')
tensor(-0.2873, device='cuda:0')

Validation DataLoader 0: 100%|██████████| 4/4 [00:02<00:00,  1.46it/s][A
==================================================
Stage: VAL
Predicted class distribution: 0s = 48, 1s = 58
Actual label distribution:    0s = 80, 1s = 26
Actual Imbalance Ratio (0:1): 3.08:1
==================================================
✅ Model is predicting both classes.

                                                                      [AEpoch 12: 100%|██████████| 7/7 [00:09<00:00,  0.72it/s, v_num=f1sz, train_loss_step=0.502, val_loss=0.608, train_loss_epoch=0.443]Epoch 12: 100%|██████████| 7/7 [00:09<00:00,  0.72it/s, v_num=f1sz, train_loss_step=0.502, val_loss=0.608, train_loss_epoch=0.511]Epoch 12:   0%|          | 0/7 [00:00<?, ?it/s, v_num=f1sz, train_loss_step=0.502, val_loss=0.608, train_loss_epoch=0.511]        Epoch 13:   0%|          | 0/7 [00:00<?, ?it/s, v_num=f1sz, train_loss_step=0.502, val_loss=0.608, train_loss_epoch=0.511]WARNING: vision_encoder.blocks.2.1.spatial_block.conv1.fn.dw.weight has NO gradient.
Epoch 13:  14%|█▍        | 1/7 [00:01<00:08,  0.68it/s, v_num=f1sz, train_loss_step=0.502, val_loss=0.608, train_loss_epoch=0.511]Epoch 13:  14%|█▍        | 1/7 [00:01<00:08,  0.68it/s, v_num=f1sz, train_loss_step=0.456, val_loss=0.608, train_loss_epoch=0.511]WARNING: vision_encoder.blocks.2.1.spatial_block.conv1.fn.dw.weight has NO gradient.
Epoch 13:  29%|██▊       | 2/7 [00:02<00:05,  0.87it/s, v_num=f1sz, train_loss_step=0.456, val_loss=0.608, train_loss_epoch=0.511]Epoch 13:  29%|██▊       | 2/7 [00:02<00:05,  0.87it/s, v_num=f1sz, train_loss_step=0.510, val_loss=0.608, train_loss_epoch=0.511]WARNING: vision_encoder.blocks.2.1.spatial_block.conv1.fn.dw.weight has NO gradient.
Epoch 13:  43%|████▎     | 3/7 [00:03<00:04,  0.95it/s, v_num=f1sz, train_loss_step=0.510, val_loss=0.608, train_loss_epoch=0.511]Epoch 13:  43%|████▎     | 3/7 [00:03<00:04,  0.95it/s, v_num=f1sz, train_loss_step=0.581, val_loss=0.608, train_loss_epoch=0.511]WARNING: vision_encoder.blocks.2.1.spatial_block.conv1.fn.dw.weight has NO gradient.
Epoch 13:  57%|█████▋    | 4/7 [00:03<00:02,  1.01it/s, v_num=f1sz, train_loss_step=0.581, val_loss=0.608, train_loss_epoch=0.511]Epoch 13:  57%|█████▋    | 4/7 [00:03<00:02,  1.01it/s, v_num=f1sz, train_loss_step=0.456, val_loss=0.608, train_loss_epoch=0.511]WARNING: vision_encoder.blocks.2.1.spatial_block.conv1.fn.dw.weight has NO gradient.
Epoch 13:  71%|███████▏  | 5/7 [00:04<00:01,  1.04it/s, v_num=f1sz, train_loss_step=0.456, val_loss=0.608, train_loss_epoch=0.511]Epoch 13:  71%|███████▏  | 5/7 [00:04<00:01,  1.04it/s, v_num=f1sz, train_loss_step=0.502, val_loss=0.608, train_loss_epoch=0.511]WARNING: vision_encoder.blocks.2.1.spatial_block.conv1.fn.dw.weight has NO gradient.
Epoch 13:  86%|████████▌ | 6/7 [00:05<00:00,  1.06it/s, v_num=f1sz, train_loss_step=0.502, val_loss=0.608, train_loss_epoch=0.511]Epoch 13:  86%|████████▌ | 6/7 [00:05<00:00,  1.06it/s, v_num=f1sz, train_loss_step=0.518, val_loss=0.608, train_loss_epoch=0.511]WARNING: vision_encoder.blocks.2.1.spatial_block.conv1.fn.dw.weight has NO gradient.
Epoch 13: 100%|██████████| 7/7 [00:06<00:00,  1.12it/s, v_num=f1sz, train_loss_step=0.518, val_loss=0.608, train_loss_epoch=0.511]Epoch 13: 100%|██████████| 7/7 [00:06<00:00,  1.12it/s, v_num=f1sz, train_loss_step=0.342, val_loss=0.608, train_loss_epoch=0.511]
Validation: |          | 0/? [00:00<?, ?it/s][A
Validation:   0%|          | 0/4 [00:00<?, ?it/s][A
Validation DataLoader 0:   0%|          | 0/4 [00:00<?, ?it/s][Atensor(1.3882, device='cuda:0')
tensor(-0.3833, device='cuda:0')

Validation DataLoader 0:  25%|██▌       | 1/4 [00:00<00:02,  1.24it/s][Atensor(1.0962, device='cuda:0')
tensor(-0.2032, device='cuda:0')

Validation DataLoader 0:  50%|█████     | 2/4 [00:01<00:01,  1.22it/s][Atensor(1.0501, device='cuda:0')
tensor(-0.1934, device='cuda:0')

Validation DataLoader 0:  75%|███████▌  | 3/4 [00:02<00:00,  1.20it/s][Atensor(0.5667, device='cuda:0')
tensor(-0.3433, device='cuda:0')

Validation DataLoader 0: 100%|██████████| 4/4 [00:02<00:00,  1.44it/s][A
==================================================
Stage: VAL
Predicted class distribution: 0s = 45, 1s = 61
Actual label distribution:    0s = 80, 1s = 26
Actual Imbalance Ratio (0:1): 3.08:1
==================================================
✅ Model is predicting both classes.

                                                                      [AEpoch 13: 100%|██████████| 7/7 [00:09<00:00,  0.72it/s, v_num=f1sz, train_loss_step=0.342, val_loss=0.612, train_loss_epoch=0.511]Epoch 13: 100%|██████████| 7/7 [00:09<00:00,  0.72it/s, v_num=f1sz, train_loss_step=0.342, val_loss=0.612, train_loss_epoch=0.487]Epoch 13:   0%|          | 0/7 [00:00<?, ?it/s, v_num=f1sz, train_loss_step=0.342, val_loss=0.612, train_loss_epoch=0.487]        Epoch 14:   0%|          | 0/7 [00:00<?, ?it/s, v_num=f1sz, train_loss_step=0.342, val_loss=0.612, train_loss_epoch=0.487]WARNING: vision_encoder.blocks.2.1.spatial_block.conv1.fn.dw.weight has NO gradient.
Epoch 14:  14%|█▍        | 1/7 [00:01<00:07,  0.79it/s, v_num=f1sz, train_loss_step=0.342, val_loss=0.612, train_loss_epoch=0.487]Epoch 14:  14%|█▍        | 1/7 [00:01<00:07,  0.79it/s, v_num=f1sz, train_loss_step=0.414, val_loss=0.612, train_loss_epoch=0.487]WARNING: vision_encoder.blocks.2.1.spatial_block.conv1.fn.dw.weight has NO gradient.
Epoch 14:  29%|██▊       | 2/7 [00:02<00:05,  0.95it/s, v_num=f1sz, train_loss_step=0.414, val_loss=0.612, train_loss_epoch=0.487]Epoch 14:  29%|██▊       | 2/7 [00:02<00:05,  0.95it/s, v_num=f1sz, train_loss_step=0.440, val_loss=0.612, train_loss_epoch=0.487]WARNING: vision_encoder.blocks.2.1.spatial_block.conv1.fn.dw.weight has NO gradient.
Epoch 14:  43%|████▎     | 3/7 [00:02<00:03,  1.02it/s, v_num=f1sz, train_loss_step=0.440, val_loss=0.612, train_loss_epoch=0.487]Epoch 14:  43%|████▎     | 3/7 [00:02<00:03,  1.02it/s, v_num=f1sz, train_loss_step=0.422, val_loss=0.612, train_loss_epoch=0.487]WARNING: vision_encoder.blocks.2.1.spatial_block.conv1.fn.dw.weight has NO gradient.
Epoch 14:  57%|█████▋    | 4/7 [00:03<00:02,  1.06it/s, v_num=f1sz, train_loss_step=0.422, val_loss=0.612, train_loss_epoch=0.487]Epoch 14:  57%|█████▋    | 4/7 [00:03<00:02,  1.06it/s, v_num=f1sz, train_loss_step=0.369, val_loss=0.612, train_loss_epoch=0.487]WARNING: vision_encoder.blocks.2.1.spatial_block.conv1.fn.dw.weight has NO gradient.
Epoch 14:  71%|███████▏  | 5/7 [00:04<00:01,  1.08it/s, v_num=f1sz, train_loss_step=0.369, val_loss=0.612, train_loss_epoch=0.487]Epoch 14:  71%|███████▏  | 5/7 [00:04<00:01,  1.08it/s, v_num=f1sz, train_loss_step=0.471, val_loss=0.612, train_loss_epoch=0.487]WARNING: vision_encoder.blocks.2.1.spatial_block.conv1.fn.dw.weight has NO gradient.
Epoch 14:  86%|████████▌ | 6/7 [00:05<00:00,  1.10it/s, v_num=f1sz, train_loss_step=0.471, val_loss=0.612, train_loss_epoch=0.487]Epoch 14:  86%|████████▌ | 6/7 [00:05<00:00,  1.10it/s, v_num=f1sz, train_loss_step=0.350, val_loss=0.612, train_loss_epoch=0.487]WARNING: vision_encoder.blocks.2.1.spatial_block.conv1.fn.dw.weight has NO gradient.
Epoch 14: 100%|██████████| 7/7 [00:06<00:00,  1.16it/s, v_num=f1sz, train_loss_step=0.350, val_loss=0.612, train_loss_epoch=0.487]Epoch 14: 100%|██████████| 7/7 [00:06<00:00,  1.16it/s, v_num=f1sz, train_loss_step=0.406, val_loss=0.612, train_loss_epoch=0.487]
Validation: |          | 0/? [00:00<?, ?it/s][A
Validation:   0%|          | 0/4 [00:00<?, ?it/s][A
Validation DataLoader 0:   0%|          | 0/4 [00:00<?, ?it/s][Atensor(1.3138, device='cuda:0')
tensor(-0.4783, device='cuda:0')

Validation DataLoader 0:  25%|██▌       | 1/4 [00:00<00:02,  1.23it/s][Atensor(1.0361, device='cuda:0')
tensor(-0.2853, device='cuda:0')

Validation DataLoader 0:  50%|█████     | 2/4 [00:01<00:01,  1.22it/s][Atensor(0.9163, device='cuda:0')
tensor(-0.2496, device='cuda:0')

Validation DataLoader 0:  75%|███████▌  | 3/4 [00:02<00:00,  1.22it/s][Atensor(0.5744, device='cuda:0')
tensor(-0.4193, device='cuda:0')

Validation DataLoader 0: 100%|██████████| 4/4 [00:02<00:00,  1.46it/s][A
==================================================
Stage: VAL
Predicted class distribution: 0s = 44, 1s = 62
Actual label distribution:    0s = 80, 1s = 26
Actual Imbalance Ratio (0:1): 3.08:1
==================================================
✅ Model is predicting both classes.

                                                                      [AEpoch 14: 100%|██████████| 7/7 [00:09<00:00,  0.75it/s, v_num=f1sz, train_loss_step=0.406, val_loss=0.625, train_loss_epoch=0.487]Epoch 14: 100%|██████████| 7/7 [00:09<00:00,  0.75it/s, v_num=f1sz, train_loss_step=0.406, val_loss=0.625, train_loss_epoch=0.410]Epoch 14:   0%|          | 0/7 [00:00<?, ?it/s, v_num=f1sz, train_loss_step=0.406, val_loss=0.625, train_loss_epoch=0.410]        Epoch 15:   0%|          | 0/7 [00:00<?, ?it/s, v_num=f1sz, train_loss_step=0.406, val_loss=0.625, train_loss_epoch=0.410]WARNING: vision_encoder.blocks.2.1.spatial_block.conv1.fn.dw.weight has NO gradient.
Epoch 15:  14%|█▍        | 1/7 [00:01<00:07,  0.79it/s, v_num=f1sz, train_loss_step=0.406, val_loss=0.625, train_loss_epoch=0.410]Epoch 15:  14%|█▍        | 1/7 [00:01<00:07,  0.78it/s, v_num=f1sz, train_loss_step=0.541, val_loss=0.625, train_loss_epoch=0.410]WARNING: vision_encoder.blocks.2.1.spatial_block.conv1.fn.dw.weight has NO gradient.
Epoch 15:  29%|██▊       | 2/7 [00:02<00:05,  0.95it/s, v_num=f1sz, train_loss_step=0.541, val_loss=0.625, train_loss_epoch=0.410]Epoch 15:  29%|██▊       | 2/7 [00:02<00:05,  0.95it/s, v_num=f1sz, train_loss_step=0.477, val_loss=0.625, train_loss_epoch=0.410]WARNING: vision_encoder.blocks.2.1.spatial_block.conv1.fn.dw.weight has NO gradient.
Epoch 15:  43%|████▎     | 3/7 [00:02<00:03,  1.02it/s, v_num=f1sz, train_loss_step=0.477, val_loss=0.625, train_loss_epoch=0.410]Epoch 15:  43%|████▎     | 3/7 [00:02<00:03,  1.02it/s, v_num=f1sz, train_loss_step=0.492, val_loss=0.625, train_loss_epoch=0.410]WARNING: vision_encoder.blocks.2.1.spatial_block.conv1.fn.dw.weight has NO gradient.
Epoch 15:  57%|█████▋    | 4/7 [00:03<00:02,  1.06it/s, v_num=f1sz, train_loss_step=0.492, val_loss=0.625, train_loss_epoch=0.410]Epoch 15:  57%|█████▋    | 4/7 [00:03<00:02,  1.06it/s, v_num=f1sz, train_loss_step=0.346, val_loss=0.625, train_loss_epoch=0.410]WARNING: vision_encoder.blocks.2.1.spatial_block.conv1.fn.dw.weight has NO gradient.
Epoch 15:  71%|███████▏  | 5/7 [00:04<00:01,  1.08it/s, v_num=f1sz, train_loss_step=0.346, val_loss=0.625, train_loss_epoch=0.410]Epoch 15:  71%|███████▏  | 5/7 [00:04<00:01,  1.08it/s, v_num=f1sz, train_loss_step=0.480, val_loss=0.625, train_loss_epoch=0.410]WARNING: vision_encoder.blocks.2.1.spatial_block.conv1.fn.dw.weight has NO gradient.
Epoch 15:  86%|████████▌ | 6/7 [00:05<00:00,  1.10it/s, v_num=f1sz, train_loss_step=0.480, val_loss=0.625, train_loss_epoch=0.410]Epoch 15:  86%|████████▌ | 6/7 [00:05<00:00,  1.10it/s, v_num=f1sz, train_loss_step=0.513, val_loss=0.625, train_loss_epoch=0.410]WARNING: vision_encoder.blocks.2.1.spatial_block.conv1.fn.dw.weight has NO gradient.
Epoch 15: 100%|██████████| 7/7 [00:06<00:00,  1.16it/s, v_num=f1sz, train_loss_step=0.513, val_loss=0.625, train_loss_epoch=0.410]Epoch 15: 100%|██████████| 7/7 [00:06<00:00,  1.16it/s, v_num=f1sz, train_loss_step=0.571, val_loss=0.625, train_loss_epoch=0.410]
Validation: |          | 0/? [00:00<?, ?it/s][A
Validation:   0%|          | 0/4 [00:00<?, ?it/s][A
Validation DataLoader 0:   0%|          | 0/4 [00:00<?, ?it/s][Atensor(1.3113, device='cuda:0')
tensor(-0.5475, device='cuda:0')

Validation DataLoader 0:  25%|██▌       | 1/4 [00:00<00:02,  1.23it/s][Atensor(1.0283, device='cuda:0')
tensor(-0.3422, device='cuda:0')

Validation DataLoader 0:  50%|█████     | 2/4 [00:01<00:01,  1.22it/s][Atensor(0.8687, device='cuda:0')
tensor(-0.2883, device='cuda:0')

Validation DataLoader 0:  75%|███████▌  | 3/4 [00:02<00:00,  1.21it/s][Atensor(0.6033, device='cuda:0')
tensor(-0.4742, device='cuda:0')

Validation DataLoader 0: 100%|██████████| 4/4 [00:02<00:00,  1.46it/s][A
==================================================
Stage: VAL
Predicted class distribution: 0s = 42, 1s = 64
Actual label distribution:    0s = 80, 1s = 26
Actual Imbalance Ratio (0:1): 3.08:1
==================================================
✅ Model is predicting both classes.

                                                                      [AEpoch 15: 100%|██████████| 7/7 [00:09<00:00,  0.73it/s, v_num=f1sz, train_loss_step=0.571, val_loss=0.637, train_loss_epoch=0.410]Epoch 15: 100%|██████████| 7/7 [00:09<00:00,  0.73it/s, v_num=f1sz, train_loss_step=0.571, val_loss=0.637, train_loss_epoch=0.485]Epoch 15:   0%|          | 0/7 [00:00<?, ?it/s, v_num=f1sz, train_loss_step=0.571, val_loss=0.637, train_loss_epoch=0.485]        Epoch 16:   0%|          | 0/7 [00:00<?, ?it/s, v_num=f1sz, train_loss_step=0.571, val_loss=0.637, train_loss_epoch=0.485]WARNING: vision_encoder.blocks.2.1.spatial_block.conv1.fn.dw.weight has NO gradient.
Epoch 16:  14%|█▍        | 1/7 [00:01<00:07,  0.79it/s, v_num=f1sz, train_loss_step=0.571, val_loss=0.637, train_loss_epoch=0.485]Epoch 16:  14%|█▍        | 1/7 [00:01<00:07,  0.79it/s, v_num=f1sz, train_loss_step=0.433, val_loss=0.637, train_loss_epoch=0.485]WARNING: vision_encoder.blocks.2.1.spatial_block.conv1.fn.dw.weight has NO gradient.
Epoch 16:  29%|██▊       | 2/7 [00:02<00:05,  0.95it/s, v_num=f1sz, train_loss_step=0.433, val_loss=0.637, train_loss_epoch=0.485]Epoch 16:  29%|██▊       | 2/7 [00:02<00:05,  0.95it/s, v_num=f1sz, train_loss_step=0.433, val_loss=0.637, train_loss_epoch=0.485]WARNING: vision_encoder.blocks.2.1.spatial_block.conv1.fn.dw.weight has NO gradient.
Epoch 16:  43%|████▎     | 3/7 [00:02<00:03,  1.02it/s, v_num=f1sz, train_loss_step=0.433, val_loss=0.637, train_loss_epoch=0.485]Epoch 16:  43%|████▎     | 3/7 [00:02<00:03,  1.02it/s, v_num=f1sz, train_loss_step=0.373, val_loss=0.637, train_loss_epoch=0.485]WARNING: vision_encoder.blocks.2.1.spatial_block.conv1.fn.dw.weight has NO gradient.
Epoch 16:  57%|█████▋    | 4/7 [00:03<00:02,  1.06it/s, v_num=f1sz, train_loss_step=0.373, val_loss=0.637, train_loss_epoch=0.485]Epoch 16:  57%|█████▋    | 4/7 [00:03<00:02,  1.06it/s, v_num=f1sz, train_loss_step=0.541, val_loss=0.637, train_loss_epoch=0.485]WARNING: vision_encoder.blocks.2.1.spatial_block.conv1.fn.dw.weight has NO gradient.
Epoch 16:  71%|███████▏  | 5/7 [00:04<00:01,  1.08it/s, v_num=f1sz, train_loss_step=0.541, val_loss=0.637, train_loss_epoch=0.485]Epoch 16:  71%|███████▏  | 5/7 [00:04<00:01,  1.08it/s, v_num=f1sz, train_loss_step=0.414, val_loss=0.637, train_loss_epoch=0.485]WARNING: vision_encoder.blocks.2.1.spatial_block.conv1.fn.dw.weight has NO gradient.
Epoch 16:  86%|████████▌ | 6/7 [00:05<00:00,  1.10it/s, v_num=f1sz, train_loss_step=0.414, val_loss=0.637, train_loss_epoch=0.485]Epoch 16:  86%|████████▌ | 6/7 [00:05<00:00,  1.10it/s, v_num=f1sz, train_loss_step=0.378, val_loss=0.637, train_loss_epoch=0.485]WARNING: vision_encoder.blocks.2.1.spatial_block.conv1.fn.dw.weight has NO gradient.
Epoch 16: 100%|██████████| 7/7 [00:06<00:00,  1.16it/s, v_num=f1sz, train_loss_step=0.378, val_loss=0.637, train_loss_epoch=0.485]Epoch 16: 100%|██████████| 7/7 [00:06<00:00,  1.16it/s, v_num=f1sz, train_loss_step=0.507, val_loss=0.637, train_loss_epoch=0.485]
Validation: |          | 0/? [00:00<?, ?it/s][A
Validation:   0%|          | 0/4 [00:00<?, ?it/s][A
Validation DataLoader 0:   0%|          | 0/4 [00:00<?, ?it/s][Atensor(1.3907, device='cuda:0')
tensor(-0.6047, device='cuda:0')

Validation DataLoader 0:  25%|██▌       | 1/4 [00:00<00:02,  1.23it/s][Atensor(1.0503, device='cuda:0')
tensor(-0.3702, device='cuda:0')

Validation DataLoader 0:  50%|█████     | 2/4 [00:01<00:01,  1.22it/s][Atensor(0.9252, device='cuda:0')
tensor(-0.3234, device='cuda:0')

Validation DataLoader 0:  75%|███████▌  | 3/4 [00:02<00:00,  1.21it/s][Atensor(0.6456, device='cuda:0')
tensor(-0.5289, device='cuda:0')

Validation DataLoader 0: 100%|██████████| 4/4 [00:02<00:00,  1.46it/s][A
==================================================
Stage: VAL
Predicted class distribution: 0s = 46, 1s = 60
Actual label distribution:    0s = 80, 1s = 26
Actual Imbalance Ratio (0:1): 3.08:1
==================================================
✅ Model is predicting both classes.

                                                                      [AEpoch 16: 100%|██████████| 7/7 [00:09<00:00,  0.75it/s, v_num=f1sz, train_loss_step=0.507, val_loss=0.635, train_loss_epoch=0.485]Epoch 16: 100%|██████████| 7/7 [00:09<00:00,  0.75it/s, v_num=f1sz, train_loss_step=0.507, val_loss=0.635, train_loss_epoch=0.437]Epoch 16:   0%|          | 0/7 [00:00<?, ?it/s, v_num=f1sz, train_loss_step=0.507, val_loss=0.635, train_loss_epoch=0.437]        Epoch 17:   0%|          | 0/7 [00:00<?, ?it/s, v_num=f1sz, train_loss_step=0.507, val_loss=0.635, train_loss_epoch=0.437]WARNING: vision_encoder.blocks.2.1.spatial_block.conv1.fn.dw.weight has NO gradient.
Epoch 17:  14%|█▍        | 1/7 [00:01<00:07,  0.80it/s, v_num=f1sz, train_loss_step=0.507, val_loss=0.635, train_loss_epoch=0.437]Epoch 17:  14%|█▍        | 1/7 [00:01<00:07,  0.79it/s, v_num=f1sz, train_loss_step=0.425, val_loss=0.635, train_loss_epoch=0.437]WARNING: vision_encoder.blocks.2.1.spatial_block.conv1.fn.dw.weight has NO gradient.
Epoch 17:  29%|██▊       | 2/7 [00:02<00:05,  0.95it/s, v_num=f1sz, train_loss_step=0.425, val_loss=0.635, train_loss_epoch=0.437]Epoch 17:  29%|██▊       | 2/7 [00:02<00:05,  0.95it/s, v_num=f1sz, train_loss_step=0.435, val_loss=0.635, train_loss_epoch=0.437]WARNING: vision_encoder.blocks.2.1.spatial_block.conv1.fn.dw.weight has NO gradient.
Epoch 17:  43%|████▎     | 3/7 [00:02<00:03,  1.02it/s, v_num=f1sz, train_loss_step=0.435, val_loss=0.635, train_loss_epoch=0.437]Epoch 17:  43%|████▎     | 3/7 [00:02<00:03,  1.02it/s, v_num=f1sz, train_loss_step=0.404, val_loss=0.635, train_loss_epoch=0.437]WARNING: vision_encoder.blocks.2.1.spatial_block.conv1.fn.dw.weight has NO gradient.
Epoch 17:  57%|█████▋    | 4/7 [00:03<00:02,  1.06it/s, v_num=f1sz, train_loss_step=0.404, val_loss=0.635, train_loss_epoch=0.437]Epoch 17:  57%|█████▋    | 4/7 [00:03<00:02,  1.06it/s, v_num=f1sz, train_loss_step=0.462, val_loss=0.635, train_loss_epoch=0.437]WARNING: vision_encoder.blocks.2.1.spatial_block.conv1.fn.dw.weight has NO gradient.
Epoch 17:  71%|███████▏  | 5/7 [00:04<00:01,  1.09it/s, v_num=f1sz, train_loss_step=0.462, val_loss=0.635, train_loss_epoch=0.437]Epoch 17:  71%|███████▏  | 5/7 [00:04<00:01,  1.09it/s, v_num=f1sz, train_loss_step=0.535, val_loss=0.635, train_loss_epoch=0.437]WARNING: vision_encoder.blocks.2.1.spatial_block.conv1.fn.dw.weight has NO gradient.
Epoch 17:  86%|████████▌ | 6/7 [00:05<00:00,  1.10it/s, v_num=f1sz, train_loss_step=0.535, val_loss=0.635, train_loss_epoch=0.437]Epoch 17:  86%|████████▌ | 6/7 [00:05<00:00,  1.10it/s, v_num=f1sz, train_loss_step=0.561, val_loss=0.635, train_loss_epoch=0.437]WARNING: vision_encoder.blocks.2.1.spatial_block.conv1.fn.dw.weight has NO gradient.
Epoch 17: 100%|██████████| 7/7 [00:06<00:00,  1.16it/s, v_num=f1sz, train_loss_step=0.561, val_loss=0.635, train_loss_epoch=0.437]Epoch 17: 100%|██████████| 7/7 [00:06<00:00,  1.16it/s, v_num=f1sz, train_loss_step=0.377, val_loss=0.635, train_loss_epoch=0.437]
Validation: |          | 0/? [00:00<?, ?it/s][A
Validation:   0%|          | 0/4 [00:00<?, ?it/s][A
Validation DataLoader 0:   0%|          | 0/4 [00:00<?, ?it/s][Atensor(1.4352, device='cuda:0')
tensor(-0.6413, device='cuda:0')

Validation DataLoader 0:  25%|██▌       | 1/4 [00:00<00:02,  1.23it/s][Atensor(1.0466, device='cuda:0')
tensor(-0.4099, device='cuda:0')

Validation DataLoader 0:  50%|█████     | 2/4 [00:01<00:01,  1.22it/s][Atensor(0.9778, device='cuda:0')
tensor(-0.3289, device='cuda:0')

Validation DataLoader 0:  75%|███████▌  | 3/4 [00:02<00:00,  1.22it/s][Atensor(0.6712, device='cuda:0')
tensor(-0.5696, device='cuda:0')

Validation DataLoader 0: 100%|██████████| 4/4 [00:02<00:00,  1.46it/s][A
==================================================
Stage: VAL
Predicted class distribution: 0s = 47, 1s = 59
Actual label distribution:    0s = 80, 1s = 26
Actual Imbalance Ratio (0:1): 3.08:1
==================================================
✅ Model is predicting both classes.

                                                                      [AEpoch 17: 100%|██████████| 7/7 [00:09<00:00,  0.76it/s, v_num=f1sz, train_loss_step=0.377, val_loss=0.635, train_loss_epoch=0.437]Epoch 17: 100%|██████████| 7/7 [00:09<00:00,  0.76it/s, v_num=f1sz, train_loss_step=0.377, val_loss=0.635, train_loss_epoch=0.461]Epoch 17:   0%|          | 0/7 [00:00<?, ?it/s, v_num=f1sz, train_loss_step=0.377, val_loss=0.635, train_loss_epoch=0.461]        Epoch 18:   0%|          | 0/7 [00:00<?, ?it/s, v_num=f1sz, train_loss_step=0.377, val_loss=0.635, train_loss_epoch=0.461]WARNING: vision_encoder.blocks.2.1.spatial_block.conv1.fn.dw.weight has NO gradient.
Epoch 18:  14%|█▍        | 1/7 [00:01<00:07,  0.79it/s, v_num=f1sz, train_loss_step=0.377, val_loss=0.635, train_loss_epoch=0.461]Epoch 18:  14%|█▍        | 1/7 [00:01<00:07,  0.79it/s, v_num=f1sz, train_loss_step=0.377, val_loss=0.635, train_loss_epoch=0.461]WARNING: vision_encoder.blocks.2.1.spatial_block.conv1.fn.dw.weight has NO gradient.
Epoch 18:  29%|██▊       | 2/7 [00:02<00:05,  0.95it/s, v_num=f1sz, train_loss_step=0.377, val_loss=0.635, train_loss_epoch=0.461]Epoch 18:  29%|██▊       | 2/7 [00:02<00:05,  0.95it/s, v_num=f1sz, train_loss_step=0.474, val_loss=0.635, train_loss_epoch=0.461]WARNING: vision_encoder.blocks.2.1.spatial_block.conv1.fn.dw.weight has NO gradient.
Epoch 18:  43%|████▎     | 3/7 [00:02<00:03,  1.02it/s, v_num=f1sz, train_loss_step=0.474, val_loss=0.635, train_loss_epoch=0.461]Epoch 18:  43%|████▎     | 3/7 [00:02<00:03,  1.02it/s, v_num=f1sz, train_loss_step=0.438, val_loss=0.635, train_loss_epoch=0.461]WARNING: vision_encoder.blocks.2.1.spatial_block.conv1.fn.dw.weight has NO gradient.
Epoch 18:  57%|█████▋    | 4/7 [00:03<00:02,  1.06it/s, v_num=f1sz, train_loss_step=0.438, val_loss=0.635, train_loss_epoch=0.461]Epoch 18:  57%|█████▋    | 4/7 [00:03<00:02,  1.06it/s, v_num=f1sz, train_loss_step=0.329, val_loss=0.635, train_loss_epoch=0.461]WARNING: vision_encoder.blocks.2.1.spatial_block.conv1.fn.dw.weight has NO gradient.
Epoch 18:  71%|███████▏  | 5/7 [00:04<00:01,  1.08it/s, v_num=f1sz, train_loss_step=0.329, val_loss=0.635, train_loss_epoch=0.461]Epoch 18:  71%|███████▏  | 5/7 [00:04<00:01,  1.08it/s, v_num=f1sz, train_loss_step=0.446, val_loss=0.635, train_loss_epoch=0.461]WARNING: vision_encoder.blocks.2.1.spatial_block.conv1.fn.dw.weight has NO gradient.
Epoch 18:  86%|████████▌ | 6/7 [00:05<00:00,  1.10it/s, v_num=f1sz, train_loss_step=0.446, val_loss=0.635, train_loss_epoch=0.461]Epoch 18:  86%|████████▌ | 6/7 [00:05<00:00,  1.10it/s, v_num=f1sz, train_loss_step=0.331, val_loss=0.635, train_loss_epoch=0.461]WARNING: vision_encoder.blocks.2.1.spatial_block.conv1.fn.dw.weight has NO gradient.
Epoch 18: 100%|██████████| 7/7 [00:06<00:00,  1.16it/s, v_num=f1sz, train_loss_step=0.331, val_loss=0.635, train_loss_epoch=0.461]Epoch 18: 100%|██████████| 7/7 [00:06<00:00,  1.16it/s, v_num=f1sz, train_loss_step=0.266, val_loss=0.635, train_loss_epoch=0.461]
Validation: |          | 0/? [00:00<?, ?it/s][A
Validation:   0%|          | 0/4 [00:00<?, ?it/s][A
Validation DataLoader 0:   0%|          | 0/4 [00:00<?, ?it/s][Atensor(1.4224, device='cuda:0')
tensor(-0.6163, device='cuda:0')

Validation DataLoader 0:  25%|██▌       | 1/4 [00:00<00:02,  1.24it/s][Atensor(0.9739, device='cuda:0')
tensor(-0.4035, device='cuda:0')

Validation DataLoader 0:  50%|█████     | 2/4 [00:01<00:01,  1.22it/s][Atensor(1.0001, device='cuda:0')
tensor(-0.3086, device='cuda:0')

Validation DataLoader 0:  75%|███████▌  | 3/4 [00:02<00:00,  1.21it/s][Atensor(0.7017, device='cuda:0')
tensor(-0.5545, device='cuda:0')

Validation DataLoader 0: 100%|██████████| 4/4 [00:02<00:00,  1.46it/s][A
==================================================
Stage: VAL
Predicted class distribution: 0s = 50, 1s = 56
Actual label distribution:    0s = 80, 1s = 26
Actual Imbalance Ratio (0:1): 3.08:1
==================================================
✅ Model is predicting both classes.

                                                                      [AEpoch 18: 100%|██████████| 7/7 [00:09<00:00,  0.76it/s, v_num=f1sz, train_loss_step=0.266, val_loss=0.624, train_loss_epoch=0.461]Epoch 18: 100%|██████████| 7/7 [00:09<00:00,  0.75it/s, v_num=f1sz, train_loss_step=0.266, val_loss=0.624, train_loss_epoch=0.385]Epoch 18:   0%|          | 0/7 [00:00<?, ?it/s, v_num=f1sz, train_loss_step=0.266, val_loss=0.624, train_loss_epoch=0.385]        Epoch 19:   0%|          | 0/7 [00:00<?, ?it/s, v_num=f1sz, train_loss_step=0.266, val_loss=0.624, train_loss_epoch=0.385]WARNING: vision_encoder.blocks.2.1.spatial_block.conv1.fn.dw.weight has NO gradient.
Epoch 19:  14%|█▍        | 1/7 [00:01<00:07,  0.78it/s, v_num=f1sz, train_loss_step=0.266, val_loss=0.624, train_loss_epoch=0.385]Epoch 19:  14%|█▍        | 1/7 [00:01<00:07,  0.78it/s, v_num=f1sz, train_loss_step=0.344, val_loss=0.624, train_loss_epoch=0.385]WARNING: vision_encoder.blocks.2.1.spatial_block.conv1.fn.dw.weight has NO gradient.
Epoch 19:  29%|██▊       | 2/7 [00:02<00:05,  0.94it/s, v_num=f1sz, train_loss_step=0.344, val_loss=0.624, train_loss_epoch=0.385]Epoch 19:  29%|██▊       | 2/7 [00:02<00:05,  0.94it/s, v_num=f1sz, train_loss_step=0.489, val_loss=0.624, train_loss_epoch=0.385]WARNING: vision_encoder.blocks.2.1.spatial_block.conv1.fn.dw.weight has NO gradient.
Epoch 19:  43%|████▎     | 3/7 [00:02<00:03,  1.01it/s, v_num=f1sz, train_loss_step=0.489, val_loss=0.624, train_loss_epoch=0.385]Epoch 19:  43%|████▎     | 3/7 [00:02<00:03,  1.01it/s, v_num=f1sz, train_loss_step=0.391, val_loss=0.624, train_loss_epoch=0.385]WARNING: vision_encoder.blocks.2.1.spatial_block.conv1.fn.dw.weight has NO gradient.
Epoch 19:  57%|█████▋    | 4/7 [00:03<00:02,  1.05it/s, v_num=f1sz, train_loss_step=0.391, val_loss=0.624, train_loss_epoch=0.385]Epoch 19:  57%|█████▋    | 4/7 [00:03<00:02,  1.05it/s, v_num=f1sz, train_loss_step=0.469, val_loss=0.624, train_loss_epoch=0.385]WARNING: vision_encoder.blocks.2.1.spatial_block.conv1.fn.dw.weight has NO gradient.
Epoch 19:  71%|███████▏  | 5/7 [00:04<00:01,  1.08it/s, v_num=f1sz, train_loss_step=0.469, val_loss=0.624, train_loss_epoch=0.385]Epoch 19:  71%|███████▏  | 5/7 [00:04<00:01,  1.08it/s, v_num=f1sz, train_loss_step=0.362, val_loss=0.624, train_loss_epoch=0.385]WARNING: vision_encoder.blocks.2.1.spatial_block.conv1.fn.dw.weight has NO gradient.
Epoch 19:  86%|████████▌ | 6/7 [00:05<00:00,  1.10it/s, v_num=f1sz, train_loss_step=0.362, val_loss=0.624, train_loss_epoch=0.385]Epoch 19:  86%|████████▌ | 6/7 [00:05<00:00,  1.10it/s, v_num=f1sz, train_loss_step=0.397, val_loss=0.624, train_loss_epoch=0.385]WARNING: vision_encoder.blocks.2.1.spatial_block.conv1.fn.dw.weight has NO gradient.
Epoch 19: 100%|██████████| 7/7 [00:06<00:00,  1.15it/s, v_num=f1sz, train_loss_step=0.397, val_loss=0.624, train_loss_epoch=0.385]Epoch 19: 100%|██████████| 7/7 [00:06<00:00,  1.15it/s, v_num=f1sz, train_loss_step=0.361, val_loss=0.624, train_loss_epoch=0.385]
Validation: |          | 0/? [00:00<?, ?it/s][A
Validation:   0%|          | 0/4 [00:00<?, ?it/s][A
Validation DataLoader 0:   0%|          | 0/4 [00:00<?, ?it/s][Atensor(1.4388, device='cuda:0')
tensor(-0.6612, device='cuda:0')

Validation DataLoader 0:  25%|██▌       | 1/4 [00:00<00:02,  1.23it/s][Atensor(0.9644, device='cuda:0')
tensor(-0.4337, device='cuda:0')

Validation DataLoader 0:  50%|█████     | 2/4 [00:01<00:01,  1.21it/s][Atensor(1.0438, device='cuda:0')
tensor(-0.3006, device='cuda:0')

Validation DataLoader 0:  75%|███████▌  | 3/4 [00:02<00:00,  1.21it/s][Atensor(0.7471, device='cuda:0')
tensor(-0.6069, device='cuda:0')

Validation DataLoader 0: 100%|██████████| 4/4 [00:02<00:00,  1.45it/s][A
==================================================
Stage: VAL
Predicted class distribution: 0s = 50, 1s = 56
Actual label distribution:    0s = 80, 1s = 26
Actual Imbalance Ratio (0:1): 3.08:1
==================================================
✅ Model is predicting both classes.

                                                                      [AEpoch 19: 100%|██████████| 7/7 [00:09<00:00,  0.75it/s, v_num=f1sz, train_loss_step=0.361, val_loss=0.640, train_loss_epoch=0.385]Epoch 19: 100%|██████████| 7/7 [00:09<00:00,  0.75it/s, v_num=f1sz, train_loss_step=0.361, val_loss=0.640, train_loss_epoch=0.404]Epoch 19:   0%|          | 0/7 [00:00<?, ?it/s, v_num=f1sz, train_loss_step=0.361, val_loss=0.640, train_loss_epoch=0.404]        Epoch 20:   0%|          | 0/7 [00:00<?, ?it/s, v_num=f1sz, train_loss_step=0.361, val_loss=0.640, train_loss_epoch=0.404]WARNING: vision_encoder.blocks.2.1.spatial_block.conv1.fn.dw.weight has NO gradient.
Epoch 20:  14%|█▍        | 1/7 [00:01<00:07,  0.78it/s, v_num=f1sz, train_loss_step=0.361, val_loss=0.640, train_loss_epoch=0.404]Epoch 20:  14%|█▍        | 1/7 [00:01<00:07,  0.78it/s, v_num=f1sz, train_loss_step=0.429, val_loss=0.640, train_loss_epoch=0.404]WARNING: vision_encoder.blocks.2.1.spatial_block.conv1.fn.dw.weight has NO gradient.
Epoch 20:  29%|██▊       | 2/7 [00:02<00:05,  0.95it/s, v_num=f1sz, train_loss_step=0.429, val_loss=0.640, train_loss_epoch=0.404]Epoch 20:  29%|██▊       | 2/7 [00:02<00:05,  0.95it/s, v_num=f1sz, train_loss_step=0.215, val_loss=0.640, train_loss_epoch=0.404]WARNING: vision_encoder.blocks.2.1.spatial_block.conv1.fn.dw.weight has NO gradient.
Epoch 20:  43%|████▎     | 3/7 [00:02<00:03,  1.02it/s, v_num=f1sz, train_loss_step=0.215, val_loss=0.640, train_loss_epoch=0.404]Epoch 20:  43%|████▎     | 3/7 [00:02<00:03,  1.02it/s, v_num=f1sz, train_loss_step=0.316, val_loss=0.640, train_loss_epoch=0.404]WARNING: vision_encoder.blocks.2.1.spatial_block.conv1.fn.dw.weight has NO gradient.
Epoch 20:  57%|█████▋    | 4/7 [00:03<00:02,  1.05it/s, v_num=f1sz, train_loss_step=0.316, val_loss=0.640, train_loss_epoch=0.404]Epoch 20:  57%|█████▋    | 4/7 [00:03<00:02,  1.05it/s, v_num=f1sz, train_loss_step=0.442, val_loss=0.640, train_loss_epoch=0.404]WARNING: vision_encoder.blocks.2.1.spatial_block.conv1.fn.dw.weight has NO gradient.
Epoch 20:  71%|███████▏  | 5/7 [00:04<00:01,  1.08it/s, v_num=f1sz, train_loss_step=0.442, val_loss=0.640, train_loss_epoch=0.404]Epoch 20:  71%|███████▏  | 5/7 [00:04<00:01,  1.08it/s, v_num=f1sz, train_loss_step=0.341, val_loss=0.640, train_loss_epoch=0.404]WARNING: vision_encoder.blocks.2.1.spatial_block.conv1.fn.dw.weight has NO gradient.
Epoch 20:  86%|████████▌ | 6/7 [00:05<00:00,  1.10it/s, v_num=f1sz, train_loss_step=0.341, val_loss=0.640, train_loss_epoch=0.404]Epoch 20:  86%|████████▌ | 6/7 [00:05<00:00,  1.10it/s, v_num=f1sz, train_loss_step=0.479, val_loss=0.640, train_loss_epoch=0.404]WARNING: vision_encoder.blocks.2.1.spatial_block.conv1.fn.dw.weight has NO gradient.
Epoch 20: 100%|██████████| 7/7 [00:06<00:00,  1.15it/s, v_num=f1sz, train_loss_step=0.479, val_loss=0.640, train_loss_epoch=0.404]Epoch 20: 100%|██████████| 7/7 [00:06<00:00,  1.15it/s, v_num=f1sz, train_loss_step=0.515, val_loss=0.640, train_loss_epoch=0.404]
Validation: |          | 0/? [00:00<?, ?it/s][A
Validation:   0%|          | 0/4 [00:00<?, ?it/s][A
Validation DataLoader 0:   0%|          | 0/4 [00:00<?, ?it/s][Atensor(1.5191, device='cuda:0')
tensor(-0.6923, device='cuda:0')

Validation DataLoader 0:  25%|██▌       | 1/4 [00:00<00:02,  1.23it/s][Atensor(1.1140, device='cuda:0')
tensor(-0.4413, device='cuda:0')

Validation DataLoader 0:  50%|█████     | 2/4 [00:01<00:01,  1.22it/s][Atensor(1.0625, device='cuda:0')
tensor(-0.3289, device='cuda:0')

Validation DataLoader 0:  75%|███████▌  | 3/4 [00:02<00:00,  1.21it/s][Atensor(0.7491, device='cuda:0')
tensor(-0.6326, device='cuda:0')

Validation DataLoader 0: 100%|██████████| 4/4 [00:02<00:00,  1.46it/s][A
==================================================
Stage: VAL
Predicted class distribution: 0s = 52, 1s = 54
Actual label distribution:    0s = 80, 1s = 26
Actual Imbalance Ratio (0:1): 3.08:1
==================================================
✅ Model is predicting both classes.

                                                                      [AEpoch 20: 100%|██████████| 7/7 [00:09<00:00,  0.72it/s, v_num=f1sz, train_loss_step=0.515, val_loss=0.642, train_loss_epoch=0.404]Epoch 20: 100%|██████████| 7/7 [00:09<00:00,  0.72it/s, v_num=f1sz, train_loss_step=0.515, val_loss=0.642, train_loss_epoch=0.385]Epoch 20:   0%|          | 0/7 [00:00<?, ?it/s, v_num=f1sz, train_loss_step=0.515, val_loss=0.642, train_loss_epoch=0.385]        Epoch 21:   0%|          | 0/7 [00:00<?, ?it/s, v_num=f1sz, train_loss_step=0.515, val_loss=0.642, train_loss_epoch=0.385]WARNING: vision_encoder.blocks.2.1.spatial_block.conv1.fn.dw.weight has NO gradient.
Epoch 21:  14%|█▍        | 1/7 [00:01<00:07,  0.79it/s, v_num=f1sz, train_loss_step=0.515, val_loss=0.642, train_loss_epoch=0.385]Epoch 21:  14%|█▍        | 1/7 [00:01<00:07,  0.79it/s, v_num=f1sz, train_loss_step=0.362, val_loss=0.642, train_loss_epoch=0.385]WARNING: vision_encoder.blocks.2.1.spatial_block.conv1.fn.dw.weight has NO gradient.
Epoch 21:  29%|██▊       | 2/7 [00:02<00:05,  0.95it/s, v_num=f1sz, train_loss_step=0.362, val_loss=0.642, train_loss_epoch=0.385]Epoch 21:  29%|██▊       | 2/7 [00:02<00:05,  0.95it/s, v_num=f1sz, train_loss_step=0.454, val_loss=0.642, train_loss_epoch=0.385]WARNING: vision_encoder.blocks.2.1.spatial_block.conv1.fn.dw.weight has NO gradient.
Epoch 21:  43%|████▎     | 3/7 [00:02<00:03,  1.02it/s, v_num=f1sz, train_loss_step=0.454, val_loss=0.642, train_loss_epoch=0.385]Epoch 21:  43%|████▎     | 3/7 [00:02<00:03,  1.02it/s, v_num=f1sz, train_loss_step=0.474, val_loss=0.642, train_loss_epoch=0.385]WARNING: vision_encoder.blocks.2.1.spatial_block.conv1.fn.dw.weight has NO gradient.
Epoch 21:  57%|█████▋    | 4/7 [00:03<00:02,  1.06it/s, v_num=f1sz, train_loss_step=0.474, val_loss=0.642, train_loss_epoch=0.385]Epoch 21:  57%|█████▋    | 4/7 [00:03<00:02,  1.06it/s, v_num=f1sz, train_loss_step=0.314, val_loss=0.642, train_loss_epoch=0.385]WARNING: vision_encoder.blocks.2.1.spatial_block.conv1.fn.dw.weight has NO gradient.
Epoch 21:  71%|███████▏  | 5/7 [00:04<00:01,  1.08it/s, v_num=f1sz, train_loss_step=0.314, val_loss=0.642, train_loss_epoch=0.385]Epoch 21:  71%|███████▏  | 5/7 [00:04<00:01,  1.08it/s, v_num=f1sz, train_loss_step=0.373, val_loss=0.642, train_loss_epoch=0.385]WARNING: vision_encoder.blocks.2.1.spatial_block.conv1.fn.dw.weight has NO gradient.
Epoch 21:  86%|████████▌ | 6/7 [00:05<00:00,  1.10it/s, v_num=f1sz, train_loss_step=0.373, val_loss=0.642, train_loss_epoch=0.385]Epoch 21:  86%|████████▌ | 6/7 [00:05<00:00,  1.10it/s, v_num=f1sz, train_loss_step=0.404, val_loss=0.642, train_loss_epoch=0.385]WARNING: vision_encoder.blocks.2.1.spatial_block.conv1.fn.dw.weight has NO gradient.
Epoch 21: 100%|██████████| 7/7 [00:06<00:00,  1.16it/s, v_num=f1sz, train_loss_step=0.404, val_loss=0.642, train_loss_epoch=0.385]Epoch 21: 100%|██████████| 7/7 [00:06<00:00,  1.16it/s, v_num=f1sz, train_loss_step=0.450, val_loss=0.642, train_loss_epoch=0.385]
Validation: |          | 0/? [00:00<?, ?it/s][A
Validation:   0%|          | 0/4 [00:00<?, ?it/s][A
Validation DataLoader 0:   0%|          | 0/4 [00:00<?, ?it/s][Atensor(1.6015, device='cuda:0')
tensor(-0.7208, device='cuda:0')

Validation DataLoader 0:  25%|██▌       | 1/4 [00:00<00:02,  1.23it/s][Atensor(1.2003, device='cuda:0')
tensor(-0.4682, device='cuda:0')

Validation DataLoader 0:  50%|█████     | 2/4 [00:01<00:01,  1.22it/s][Atensor(1.0603, device='cuda:0')
tensor(-0.3658, device='cuda:0')

Validation DataLoader 0:  75%|███████▌  | 3/4 [00:02<00:00,  1.22it/s][Atensor(0.7276, device='cuda:0')
tensor(-0.6402, device='cuda:0')

Validation DataLoader 0: 100%|██████████| 4/4 [00:02<00:00,  1.46it/s][A
==================================================
Stage: VAL
Predicted class distribution: 0s = 55, 1s = 51
Actual label distribution:    0s = 80, 1s = 26
Actual Imbalance Ratio (0:1): 3.08:1
==================================================
✅ Model is predicting both classes.

                                                                      [AEpoch 21: 100%|██████████| 7/7 [00:09<00:00,  0.75it/s, v_num=f1sz, train_loss_step=0.450, val_loss=0.642, train_loss_epoch=0.385]Epoch 21: 100%|██████████| 7/7 [00:09<00:00,  0.75it/s, v_num=f1sz, train_loss_step=0.450, val_loss=0.642, train_loss_epoch=0.402]Epoch 21:   0%|          | 0/7 [00:00<?, ?it/s, v_num=f1sz, train_loss_step=0.450, val_loss=0.642, train_loss_epoch=0.402]        Epoch 22:   0%|          | 0/7 [00:00<?, ?it/s, v_num=f1sz, train_loss_step=0.450, val_loss=0.642, train_loss_epoch=0.402]WARNING: vision_encoder.blocks.2.1.spatial_block.conv1.fn.dw.weight has NO gradient.
Epoch 22:  14%|█▍        | 1/7 [00:01<00:07,  0.80it/s, v_num=f1sz, train_loss_step=0.450, val_loss=0.642, train_loss_epoch=0.402]Epoch 22:  14%|█▍        | 1/7 [00:01<00:07,  0.80it/s, v_num=f1sz, train_loss_step=0.395, val_loss=0.642, train_loss_epoch=0.402]WARNING: vision_encoder.blocks.2.1.spatial_block.conv1.fn.dw.weight has NO gradient.
Epoch 22:  29%|██▊       | 2/7 [00:02<00:05,  0.95it/s, v_num=f1sz, train_loss_step=0.395, val_loss=0.642, train_loss_epoch=0.402]Epoch 22:  29%|██▊       | 2/7 [00:02<00:05,  0.95it/s, v_num=f1sz, train_loss_step=0.231, val_loss=0.642, train_loss_epoch=0.402]WARNING: vision_encoder.blocks.2.1.spatial_block.conv1.fn.dw.weight has NO gradient.
Epoch 22:  43%|████▎     | 3/7 [00:02<00:03,  1.02it/s, v_num=f1sz, train_loss_step=0.231, val_loss=0.642, train_loss_epoch=0.402]Epoch 22:  43%|████▎     | 3/7 [00:02<00:03,  1.02it/s, v_num=f1sz, train_loss_step=0.323, val_loss=0.642, train_loss_epoch=0.402]WARNING: vision_encoder.blocks.2.1.spatial_block.conv1.fn.dw.weight has NO gradient.
Epoch 22:  57%|█████▋    | 4/7 [00:03<00:02,  1.06it/s, v_num=f1sz, train_loss_step=0.323, val_loss=0.642, train_loss_epoch=0.402]Epoch 22:  57%|█████▋    | 4/7 [00:03<00:02,  1.06it/s, v_num=f1sz, train_loss_step=0.390, val_loss=0.642, train_loss_epoch=0.402]WARNING: vision_encoder.blocks.2.1.spatial_block.conv1.fn.dw.weight has NO gradient.
Epoch 22:  71%|███████▏  | 5/7 [00:04<00:01,  1.08it/s, v_num=f1sz, train_loss_step=0.390, val_loss=0.642, train_loss_epoch=0.402]Epoch 22:  71%|███████▏  | 5/7 [00:04<00:01,  1.08it/s, v_num=f1sz, train_loss_step=0.311, val_loss=0.642, train_loss_epoch=0.402]WARNING: vision_encoder.blocks.2.1.spatial_block.conv1.fn.dw.weight has NO gradient.
Epoch 22:  86%|████████▌ | 6/7 [00:05<00:00,  1.10it/s, v_num=f1sz, train_loss_step=0.311, val_loss=0.642, train_loss_epoch=0.402]Epoch 22:  86%|████████▌ | 6/7 [00:05<00:00,  1.10it/s, v_num=f1sz, train_loss_step=0.515, val_loss=0.642, train_loss_epoch=0.402]WARNING: vision_encoder.blocks.2.1.spatial_block.conv1.fn.dw.weight has NO gradient.
Epoch 22: 100%|██████████| 7/7 [00:06<00:00,  1.16it/s, v_num=f1sz, train_loss_step=0.515, val_loss=0.642, train_loss_epoch=0.402]Epoch 22: 100%|██████████| 7/7 [00:06<00:00,  1.16it/s, v_num=f1sz, train_loss_step=0.467, val_loss=0.642, train_loss_epoch=0.402]
Validation: |          | 0/? [00:00<?, ?it/s][A
Validation:   0%|          | 0/4 [00:00<?, ?it/s][A
Validation DataLoader 0:   0%|          | 0/4 [00:00<?, ?it/s][Atensor(1.7011, device='cuda:0')
tensor(-0.6990, device='cuda:0')

Validation DataLoader 0:  25%|██▌       | 1/4 [00:00<00:02,  1.23it/s][Atensor(1.2784, device='cuda:0')
tensor(-0.4646, device='cuda:0')

Validation DataLoader 0:  50%|█████     | 2/4 [00:01<00:01,  1.22it/s][Atensor(1.0717, device='cuda:0')
tensor(-0.3616, device='cuda:0')

Validation DataLoader 0:  75%|███████▌  | 3/4 [00:02<00:00,  1.21it/s][Atensor(0.7611, device='cuda:0')
tensor(-0.6316, device='cuda:0')

Validation DataLoader 0: 100%|██████████| 4/4 [00:02<00:00,  1.46it/s][A
==================================================
Stage: VAL
Predicted class distribution: 0s = 57, 1s = 49
Actual label distribution:    0s = 80, 1s = 26
Actual Imbalance Ratio (0:1): 3.08:1
==================================================
✅ Model is predicting both classes.

                                                                      [AEpoch 22: 100%|██████████| 7/7 [00:09<00:00,  0.75it/s, v_num=f1sz, train_loss_step=0.467, val_loss=0.636, train_loss_epoch=0.402]Epoch 22: 100%|██████████| 7/7 [00:09<00:00,  0.75it/s, v_num=f1sz, train_loss_step=0.467, val_loss=0.636, train_loss_epoch=0.372]Epoch 22:   0%|          | 0/7 [00:00<?, ?it/s, v_num=f1sz, train_loss_step=0.467, val_loss=0.636, train_loss_epoch=0.372]        Epoch 23:   0%|          | 0/7 [00:00<?, ?it/s, v_num=f1sz, train_loss_step=0.467, val_loss=0.636, train_loss_epoch=0.372]WARNING: vision_encoder.blocks.2.1.spatial_block.conv1.fn.dw.weight has NO gradient.
Epoch 23:  14%|█▍        | 1/7 [00:01<00:07,  0.78it/s, v_num=f1sz, train_loss_step=0.467, val_loss=0.636, train_loss_epoch=0.372]Epoch 23:  14%|█▍        | 1/7 [00:01<00:07,  0.78it/s, v_num=f1sz, train_loss_step=0.266, val_loss=0.636, train_loss_epoch=0.372]WARNING: vision_encoder.blocks.2.1.spatial_block.conv1.fn.dw.weight has NO gradient.
Epoch 23:  29%|██▊       | 2/7 [00:02<00:05,  0.94it/s, v_num=f1sz, train_loss_step=0.266, val_loss=0.636, train_loss_epoch=0.372]Epoch 23:  29%|██▊       | 2/7 [00:02<00:05,  0.94it/s, v_num=f1sz, train_loss_step=0.314, val_loss=0.636, train_loss_epoch=0.372]WARNING: vision_encoder.blocks.2.1.spatial_block.conv1.fn.dw.weight has NO gradient.
Epoch 23:  43%|████▎     | 3/7 [00:02<00:03,  1.01it/s, v_num=f1sz, train_loss_step=0.314, val_loss=0.636, train_loss_epoch=0.372]Epoch 23:  43%|████▎     | 3/7 [00:02<00:03,  1.01it/s, v_num=f1sz, train_loss_step=0.394, val_loss=0.636, train_loss_epoch=0.372]WARNING: vision_encoder.blocks.2.1.spatial_block.conv1.fn.dw.weight has NO gradient.
Epoch 23:  57%|█████▋    | 4/7 [00:03<00:02,  1.05it/s, v_num=f1sz, train_loss_step=0.394, val_loss=0.636, train_loss_epoch=0.372]Epoch 23:  57%|█████▋    | 4/7 [00:03<00:02,  1.05it/s, v_num=f1sz, train_loss_step=0.443, val_loss=0.636, train_loss_epoch=0.372]WARNING: vision_encoder.blocks.2.1.spatial_block.conv1.fn.dw.weight has NO gradient.
Epoch 23:  71%|███████▏  | 5/7 [00:04<00:01,  1.08it/s, v_num=f1sz, train_loss_step=0.443, val_loss=0.636, train_loss_epoch=0.372]Epoch 23:  71%|███████▏  | 5/7 [00:04<00:01,  1.08it/s, v_num=f1sz, train_loss_step=0.279, val_loss=0.636, train_loss_epoch=0.372]WARNING: vision_encoder.blocks.2.1.spatial_block.conv1.fn.dw.weight has NO gradient.
Epoch 23:  86%|████████▌ | 6/7 [00:05<00:00,  1.10it/s, v_num=f1sz, train_loss_step=0.279, val_loss=0.636, train_loss_epoch=0.372]Epoch 23:  86%|████████▌ | 6/7 [00:05<00:00,  1.10it/s, v_num=f1sz, train_loss_step=0.290, val_loss=0.636, train_loss_epoch=0.372]WARNING: vision_encoder.blocks.2.1.spatial_block.conv1.fn.dw.weight has NO gradient.
Epoch 23: 100%|██████████| 7/7 [00:06<00:00,  1.15it/s, v_num=f1sz, train_loss_step=0.290, val_loss=0.636, train_loss_epoch=0.372]Epoch 23: 100%|██████████| 7/7 [00:06<00:00,  1.15it/s, v_num=f1sz, train_loss_step=0.359, val_loss=0.636, train_loss_epoch=0.372]
Validation: |          | 0/? [00:00<?, ?it/s][A
Validation:   0%|          | 0/4 [00:00<?, ?it/s][A
Validation DataLoader 0:   0%|          | 0/4 [00:00<?, ?it/s][Atensor(1.8257, device='cuda:0')
tensor(-0.6605, device='cuda:0')

Validation DataLoader 0:  25%|██▌       | 1/4 [00:00<00:02,  1.23it/s][Atensor(1.2729, device='cuda:0')
tensor(-0.4187, device='cuda:0')

Validation DataLoader 0:  50%|█████     | 2/4 [00:01<00:01,  1.22it/s][Atensor(1.0979, device='cuda:0')
tensor(-0.3426, device='cuda:0')

Validation DataLoader 0:  75%|███████▌  | 3/4 [00:02<00:00,  1.21it/s][Atensor(0.8240, device='cuda:0')
tensor(-0.5944, device='cuda:0')

Validation DataLoader 0: 100%|██████████| 4/4 [00:02<00:00,  1.46it/s][A
==================================================
Stage: VAL
Predicted class distribution: 0s = 62, 1s = 44
Actual label distribution:    0s = 80, 1s = 26
Actual Imbalance Ratio (0:1): 3.08:1
==================================================
✅ Model is predicting both classes.

                                                                      [AEpoch 23: 100%|██████████| 7/7 [00:09<00:00,  0.75it/s, v_num=f1sz, train_loss_step=0.359, val_loss=0.628, train_loss_epoch=0.372]Epoch 23: 100%|██████████| 7/7 [00:09<00:00,  0.75it/s, v_num=f1sz, train_loss_step=0.359, val_loss=0.628, train_loss_epoch=0.334]Epoch 23:   0%|          | 0/7 [00:00<?, ?it/s, v_num=f1sz, train_loss_step=0.359, val_loss=0.628, train_loss_epoch=0.334]        Epoch 24:   0%|          | 0/7 [00:00<?, ?it/s, v_num=f1sz, train_loss_step=0.359, val_loss=0.628, train_loss_epoch=0.334]WARNING: vision_encoder.blocks.2.1.spatial_block.conv1.fn.dw.weight has NO gradient.
Epoch 24:  14%|█▍        | 1/7 [00:01<00:07,  0.80it/s, v_num=f1sz, train_loss_step=0.359, val_loss=0.628, train_loss_epoch=0.334]Epoch 24:  14%|█▍        | 1/7 [00:01<00:07,  0.80it/s, v_num=f1sz, train_loss_step=0.313, val_loss=0.628, train_loss_epoch=0.334]WARNING: vision_encoder.blocks.2.1.spatial_block.conv1.fn.dw.weight has NO gradient.
Epoch 24:  29%|██▊       | 2/7 [00:02<00:05,  0.96it/s, v_num=f1sz, train_loss_step=0.313, val_loss=0.628, train_loss_epoch=0.334]Epoch 24:  29%|██▊       | 2/7 [00:02<00:05,  0.96it/s, v_num=f1sz, train_loss_step=0.205, val_loss=0.628, train_loss_epoch=0.334]WARNING: vision_encoder.blocks.2.1.spatial_block.conv1.fn.dw.weight has NO gradient.
Epoch 24:  43%|████▎     | 3/7 [00:02<00:03,  1.02it/s, v_num=f1sz, train_loss_step=0.205, val_loss=0.628, train_loss_epoch=0.334]Epoch 24:  43%|████▎     | 3/7 [00:02<00:03,  1.02it/s, v_num=f1sz, train_loss_step=0.351, val_loss=0.628, train_loss_epoch=0.334]WARNING: vision_encoder.blocks.2.1.spatial_block.conv1.fn.dw.weight has NO gradient.
Epoch 24:  57%|█████▋    | 4/7 [00:03<00:02,  1.06it/s, v_num=f1sz, train_loss_step=0.351, val_loss=0.628, train_loss_epoch=0.334]Epoch 24:  57%|█████▋    | 4/7 [00:03<00:02,  1.06it/s, v_num=f1sz, train_loss_step=0.238, val_loss=0.628, train_loss_epoch=0.334]WARNING: vision_encoder.blocks.2.1.spatial_block.conv1.fn.dw.weight has NO gradient.
Epoch 24:  71%|███████▏  | 5/7 [00:04<00:01,  1.09it/s, v_num=f1sz, train_loss_step=0.238, val_loss=0.628, train_loss_epoch=0.334]Epoch 24:  71%|███████▏  | 5/7 [00:04<00:01,  1.09it/s, v_num=f1sz, train_loss_step=0.503, val_loss=0.628, train_loss_epoch=0.334]WARNING: vision_encoder.blocks.2.1.spatial_block.conv1.fn.dw.weight has NO gradient.
Epoch 24:  86%|████████▌ | 6/7 [00:05<00:00,  1.10it/s, v_num=f1sz, train_loss_step=0.503, val_loss=0.628, train_loss_epoch=0.334]Epoch 24:  86%|████████▌ | 6/7 [00:05<00:00,  1.10it/s, v_num=f1sz, train_loss_step=0.519, val_loss=0.628, train_loss_epoch=0.334]WARNING: vision_encoder.blocks.2.1.spatial_block.conv1.fn.dw.weight has NO gradient.
Epoch 24: 100%|██████████| 7/7 [00:06<00:00,  1.16it/s, v_num=f1sz, train_loss_step=0.519, val_loss=0.628, train_loss_epoch=0.334]Epoch 24: 100%|██████████| 7/7 [00:06<00:00,  1.16it/s, v_num=f1sz, train_loss_step=0.314, val_loss=0.628, train_loss_epoch=0.334]
Validation: |          | 0/? [00:00<?, ?it/s][A
Validation:   0%|          | 0/4 [00:00<?, ?it/s][A
Validation DataLoader 0:   0%|          | 0/4 [00:00<?, ?it/s][Atensor(1.9678, device='cuda:0')
tensor(-0.6667, device='cuda:0')

Validation DataLoader 0:  25%|██▌       | 1/4 [00:00<00:02,  1.24it/s][Atensor(1.3344, device='cuda:0')
tensor(-0.4267, device='cuda:0')

Validation DataLoader 0:  50%|█████     | 2/4 [00:01<00:01,  1.22it/s][Atensor(1.1955, device='cuda:0')
tensor(-0.2995, device='cuda:0')

Validation DataLoader 0:  75%|███████▌  | 3/4 [00:02<00:00,  1.22it/s][Atensor(0.9027, device='cuda:0')
tensor(-0.5589, device='cuda:0')

Validation DataLoader 0: 100%|██████████| 4/4 [00:02<00:00,  1.46it/s][A
==================================================
Stage: VAL
Predicted class distribution: 0s = 60, 1s = 46
Actual label distribution:    0s = 80, 1s = 26
Actual Imbalance Ratio (0:1): 3.08:1
==================================================
✅ Model is predicting both classes.

                                                                      [AEpoch 24: 100%|██████████| 7/7 [00:09<00:00,  0.76it/s, v_num=f1sz, train_loss_step=0.314, val_loss=0.624, train_loss_epoch=0.334]Epoch 24: 100%|██████████| 7/7 [00:09<00:00,  0.75it/s, v_num=f1sz, train_loss_step=0.314, val_loss=0.624, train_loss_epoch=0.350]Epoch 24: 100%|██████████| 7/7 [00:09<00:00,  0.75it/s, v_num=f1sz, train_loss_step=0.314, val_loss=0.624, train_loss_epoch=0.350]
Testing: |          | 0/? [00:00<?, ?it/s]Testing:   0%|          | 0/3 [00:00<?, ?it/s]Testing DataLoader 0:   0%|          | 0/3 [00:00<?, ?it/s]Testing DataLoader 0:  33%|███▎      | 1/3 [00:00<00:01,  1.24it/s]Testing DataLoader 0:  67%|██████▋   | 2/3 [00:01<00:00,  1.23it/s]Testing DataLoader 0: 100%|██████████| 3/3 [00:02<00:00,  1.46it/s]Saved test predictions and probabilities to test_results_fold_final.xlsx

==================================================
Stage: TEST
Predicted class distribution: 0s = 44, 1s = 36
Actual label distribution:    0s = 60, 1s = 20
Actual Imbalance Ratio (0:1): 3.00:1
==================================================
✅ Model is predicting both classes.
Testing DataLoader 0: 100%|██████████| 3/3 [00:02<00:00,  1.23it/s]
┏━━━━━━━━━━━━━━━━━━━━━━━━━━━┳━━━━━━━━━━━━━━━━━━━━━━━━━━━┓
┃        Test metric        ┃       DataLoader 0        ┃
┡━━━━━━━━━━━━━━━━━━━━━━━━━━━╇━━━━━━━━━━━━━━━━━━━━━━━━━━━┩
│        test_auroc         │    0.6175926327705383     │
│     test_balanced_acc     │    0.5666666626930237     │
│        test_cindex        │    0.6209249496459961     │
│       test_f1_score       │    0.3928571343421936     │
│         test_ibs          │    0.1159273013472557     │
└───────────────────────────┴───────────────────────────┘

====================== CV COMPLETE (3 Folds) ======================
Average Test AUROC: 0.6704
Average Test F1 Score: 0.4076
✅ Results successfully appended to Experiments_Summary.xlsx
