{"val_loss": 2.0618669986724854, "val_auroc": 0.4675716161727905, "val_f1_score": 0.20000000298023224, "val_balanced_accuracy": 0.5279034972190857, "epoch": 300, "trainer/global_step": 3300, "_timestamp": 1764689712.749981, "_runtime": 35.81512403488159, "_step": 366, "train_loss": 0.0037756923120468855, "test_auroc": 0.6103988289833069, "test_f1_score": 0.41025641560554504, "test_balanced_accuracy": 0.6075498461723328, "_wandb": {"runtime": 34}}