{"train_loss": 0.9609514474868774, "trainer/global_step": 3, "_timestamp": 1765304370.7791355, "_runtime": 85.6951813697815, "_step": 3}