{"val_loss":4.0103535652160645,"_timestamp":1.763654793222168e+09,"train_loss":2.894162893295288,"test_cindex":0.586345374584198,"test_auc_mean":0.6687275767326355,"_runtime":53,"_wandb":{"runtime":53},"_step":3601}