{"val_loss": 4.185649394989014, "epoch": 300, "trainer/global_step": 600, "_timestamp": 1764192070.1161573, "_runtime": 5235.532658338547, "_step": 312, "train_loss": 4.442597389221191, "test_cindex": 0.64985591173172, "test_auc_mean": 0.689162015914917, "_wandb": {"runtime": 5234}}