{"val_loss": 4.02402925491333, "epoch": 300, "trainer/global_step": 600, "_timestamp": 1764264881.2292972, "_runtime": 89.65887928009033, "_step": 312, "train_loss": 4.5405426025390625, "test_cindex": 0.5751004219055176, "test_auc_mean": 0.6124197244644165, "_wandb": {"runtime": 88}}