{"val_loss": 1.1760727167129517, "val_auroc": 0.7294545769691467, "val_f1_score": 0.5, "val_balanced_accuracy": 0.6327272653579712, "epoch": 41, "trainer/global_step": 328, "_timestamp": 1765302139.8769863, "_runtime": 4758.141396284103, "_step": 47, "train_loss": 0.7039599418640137, "test_auroc": 0.6795803308486938, "test_f1_score": 0.5, "test_balanced_accuracy": 0.6585956811904907, "_wandb": {"runtime": 4766}}