{"train_loss": 1.06498384475708, "trainer/global_step": 52, "_timestamp": 1765304836.6694899, "_runtime": 309.94410490989685, "_step": 58}