{"val_loss": 0.6374896764755249, "val_auroc": 0.5384615659713745, "epoch": 300, "trainer/global_step": 600, "_timestamp": 1764327100.8675795, "_runtime": 16.754591464996338, "_step": 312, "train_loss": 0.6235989332199097, "test_auroc": 0.5546594858169556, "test_accuracy": 0.7749999761581421, "_wandb": {"runtime": 15}}