{"val_loss": 1.236940860748291, "val_auroc": 0.581818163394928, "val_f1_score": 0.0, "val_balanced_accuracy": 0.5, "epoch": 0, "trainer/global_step": 7, "_timestamp": 1764934690.7798045, "_runtime": 152.80073046684265, "_step": 0}