{"val_loss": 1.2369855642318726, "val_auroc": 0.5636363625526428, "epoch": 1, "trainer/global_step": 15, "_timestamp": 1765297129.119406, "_runtime": 302.65911889076233, "_step": 1}