{"train_loss": 1.1513276100158691, "epoch": 2, "trainer/global_step": 16, "_timestamp": 1765304720.347537, "_runtime": 286.03579807281494, "_step": 18}