{"val_loss": 1.236754059791565, "val_auroc": 0.4930909276008606, "val_f1_score": 0.0, "val_balanced_accuracy": 0.5, "epoch": 0, "trainer/global_step": 7, "_timestamp": 1764851313.13158, "_runtime": 176.74561715126038, "_step": 0}