{"val_loss": 9.193568229675293, "val_auroc": 0.4245169162750244, "val_f1_score": 0.20000000298023224, "epoch": 300, "trainer/global_step": 2400, "_timestamp": 1764350653.5764444, "_runtime": 45.24560046195984, "_step": 348, "train_loss": 0.00231568212620914, "test_auroc": 0.608974277973175, "test_f1_score": 0.3478260934352875, "_wandb": {"runtime": 44}}