[2025-12-16 16:24:12,258][MedImageInsight.ImageDataLoader.transforms.build][INFO] - => testing transformers: Compose(
    Resize(size=(480, 480), interpolation=bicubic, max_size=None, antialias=warn)
    ToTensor()
    Normalize(mean=[0.485, 0.456, 0.406], std=[0.229, 0.224, 0.225])
)
[2025-12-16 16:24:12,258][MedImageInsight.UniCLModel][INFO] - Create model with standard parameterization
[2025-12-16 16:24:15,461][MedImageInsight.LangEncoder.transformer][INFO] - => init weight of Linear/Conv2d from trunc norm
[2025-12-16 16:24:15,564][MedImageInsight.LangEncoder.transformer][INFO] - => init bias of Linear/Conv2d to zeros
[2025-12-16 16:24:15,564][MedImageInsight.LangEncoder.transformer][INFO] - => init weight of Linear/Conv2d from trunc norm
[2025-12-16 16:24:15,745][MedImageInsight.LangEncoder.transformer][INFO] - => init bias of Linear/Conv2d to zeros
[2025-12-16 16:24:15,745][MedImageInsight.LangEncoder.transformer][INFO] - => init weight of Linear/Conv2d from trunc norm
[2025-12-16 16:24:15,853][MedImageInsight.LangEncoder.transformer][INFO] - => init bias of Linear/Conv2d to zeros
[2025-12-16 16:24:15,853][MedImageInsight.LangEncoder.transformer][INFO] - => init weight of Linear/Conv2d from trunc norm
[2025-12-16 16:24:15,963][MedImageInsight.LangEncoder.transformer][INFO] - => init bias of Linear/Conv2d to zeros
[2025-12-16 16:24:15,963][MedImageInsight.LangEncoder.transformer][INFO] - => init weight of Linear/Conv2d from trunc norm
[2025-12-16 16:24:16,155][MedImageInsight.LangEncoder.transformer][INFO] - => init bias of Linear/Conv2d to zeros
[2025-12-16 16:24:16,155][MedImageInsight.LangEncoder.transformer][INFO] - => init weight of Linear/Conv2d from trunc norm
[2025-12-16 16:24:16,264][MedImageInsight.LangEncoder.transformer][INFO] - => init bias of Linear/Conv2d to zeros
[2025-12-16 16:24:16,264][MedImageInsight.LangEncoder.transformer][INFO] - => init weight of Linear/Conv2d from trunc norm
[2025-12-16 16:24:16,445][MedImageInsight.LangEncoder.transformer][INFO] - => init bias of Linear/Conv2d to zeros
[2025-12-16 16:24:16,445][MedImageInsight.LangEncoder.transformer][INFO] - => init weight of Linear/Conv2d from trunc norm
[2025-12-16 16:24:16,550][MedImageInsight.LangEncoder.transformer][INFO] - => init bias of Linear/Conv2d to zeros
[2025-12-16 16:24:16,550][MedImageInsight.LangEncoder.transformer][INFO] - => init weight of Linear/Conv2d from trunc norm
[2025-12-16 16:24:16,673][MedImageInsight.LangEncoder.transformer][INFO] - => init bias of Linear/Conv2d to zeros
[2025-12-16 16:24:16,673][MedImageInsight.LangEncoder.transformer][INFO] - => init weight of Linear/Conv2d from trunc norm
[2025-12-16 16:24:16,856][MedImageInsight.LangEncoder.transformer][INFO] - => init bias of Linear/Conv2d to zeros
[2025-12-16 16:24:16,856][MedImageInsight.LangEncoder.transformer][INFO] - => init weight of Linear/Conv2d from trunc norm
[2025-12-16 16:24:17,041][MedImageInsight.LangEncoder.transformer][INFO] - => init bias of Linear/Conv2d to zeros
[2025-12-16 16:24:17,041][MedImageInsight.LangEncoder.transformer][INFO] - => init weight of Linear/Conv2d from trunc norm
[2025-12-16 16:24:17,157][MedImageInsight.LangEncoder.transformer][INFO] - => init bias of Linear/Conv2d to zeros
[2025-12-16 16:24:17,157][MedImageInsight.LangEncoder.transformer][INFO] - => init weight of Linear/Conv2d from trunc norm
[2025-12-16 16:24:17,266][MedImageInsight.LangEncoder.transformer][INFO] - => init bias of Linear/Conv2d to zeros
[2025-12-16 16:24:17,266][MedImageInsight.LangEncoder.transformer][INFO] - => init weight of Linear/Conv2d from trunc norm
[2025-12-16 16:24:17,445][MedImageInsight.LangEncoder.transformer][INFO] - => init bias of Linear/Conv2d to zeros
[2025-12-16 16:24:17,445][MedImageInsight.LangEncoder.transformer][INFO] - => init weight of Linear/Conv2d from trunc norm
[2025-12-16 16:24:17,560][MedImageInsight.LangEncoder.transformer][INFO] - => init bias of Linear/Conv2d to zeros
[2025-12-16 16:24:17,560][MedImageInsight.LangEncoder.transformer][INFO] - => init weight of Linear/Conv2d from trunc norm
[2025-12-16 16:24:17,745][MedImageInsight.LangEncoder.transformer][INFO] - => init bias of Linear/Conv2d to zeros
[2025-12-16 16:24:17,745][MedImageInsight.LangEncoder.transformer][INFO] - => init weight of Linear/Conv2d from trunc norm
[2025-12-16 16:24:17,854][MedImageInsight.LangEncoder.transformer][INFO] - => init bias of Linear/Conv2d to zeros
[2025-12-16 16:24:17,854][MedImageInsight.LangEncoder.transformer][INFO] - => init weight of Linear/Conv2d from trunc norm
[2025-12-16 16:24:18,046][MedImageInsight.LangEncoder.transformer][INFO] - => init bias of Linear/Conv2d to zeros
[2025-12-16 16:24:18,046][MedImageInsight.LangEncoder.transformer][INFO] - => init weight of Linear/Conv2d from trunc norm
[2025-12-16 16:24:18,155][MedImageInsight.LangEncoder.transformer][INFO] - => init bias of Linear/Conv2d to zeros
[2025-12-16 16:24:18,155][MedImageInsight.LangEncoder.transformer][INFO] - => init weight of Linear/Conv2d from trunc norm
[2025-12-16 16:24:18,341][MedImageInsight.LangEncoder.transformer][INFO] - => init bias of Linear/Conv2d to zeros
[2025-12-16 16:24:18,341][MedImageInsight.LangEncoder.transformer][INFO] - => init weight of Linear/Conv2d from trunc norm
[2025-12-16 16:24:18,456][MedImageInsight.LangEncoder.transformer][INFO] - => init bias of Linear/Conv2d to zeros
[2025-12-16 16:24:18,457][MedImageInsight.LangEncoder.transformer][INFO] - => init weight of Linear/Conv2d from trunc norm
[2025-12-16 16:24:18,568][MedImageInsight.LangEncoder.transformer][INFO] - => init bias of Linear/Conv2d to zeros
[2025-12-16 16:24:18,568][MedImageInsight.LangEncoder.transformer][INFO] - => init weight of Linear/Conv2d from trunc norm
[2025-12-16 16:24:18,751][MedImageInsight.LangEncoder.transformer][INFO] - => init bias of Linear/Conv2d to zeros
[2025-12-16 16:24:18,751][MedImageInsight.LangEncoder.transformer][INFO] - => init weight of Linear/Conv2d from trunc norm
[2025-12-16 16:24:18,864][MedImageInsight.LangEncoder.transformer][INFO] - => init bias of Linear/Conv2d to zeros
[2025-12-16 16:24:18,864][MedImageInsight.LangEncoder.transformer][INFO] - => init weight of Linear/Conv2d from trunc norm
[2025-12-16 16:24:19,049][MedImageInsight.LangEncoder.transformer][INFO] - => init bias of Linear/Conv2d to zeros
[2025-12-16 16:24:19,049][MedImageInsight.LangEncoder.transformer][INFO] - => init weight of Linear/Conv2d from trunc norm
[2025-12-16 16:24:19,168][MedImageInsight.LangEncoder.transformer][INFO] - => init bias of Linear/Conv2d to zeros
[2025-12-16 16:24:19,168][MedImageInsight.LangEncoder.transformer][INFO] - => init weight of Linear/Conv2d from trunc norm
[2025-12-16 16:24:19,352][MedImageInsight.LangEncoder.transformer][INFO] - => init bias of Linear/Conv2d to zeros
[2025-12-16 16:24:19,352][MedImageInsight.LangEncoder.transformer][INFO] - => init weight of Linear/Conv2d from trunc norm
[2025-12-16 16:24:19,464][MedImageInsight.LangEncoder.transformer][INFO] - => init bias of Linear/Conv2d to zeros
[2025-12-16 16:24:19,464][MedImageInsight.LangEncoder.transformer][INFO] - => init weight of Linear/Conv2d from trunc norm
[2025-12-16 16:24:19,649][MedImageInsight.LangEncoder.transformer][INFO] - => init bias of Linear/Conv2d to zeros
[2025-12-16 16:24:19,649][MedImageInsight.LangEncoder.transformer][INFO] - => init weight of Linear/Conv2d from trunc norm
[2025-12-16 16:24:19,841][MedImageInsight.LangEncoder.transformer][INFO] - => init bias of Linear/Conv2d to zeros
[2025-12-16 16:24:19,841][MedImageInsight.LangEncoder.transformer][INFO] - => init weight of Linear/Conv2d from trunc norm
[2025-12-16 16:24:19,946][MedImageInsight.LangEncoder.transformer][INFO] - => init bias of Linear/Conv2d to zeros
[2025-12-16 16:24:19,946][MedImageInsight.LangEncoder.transformer][INFO] - => init weight of Linear/Conv2d from trunc norm
[2025-12-16 16:24:20,057][MedImageInsight.LangEncoder.transformer][INFO] - => init bias of Linear/Conv2d to zeros
[2025-12-16 16:24:20,057][MedImageInsight.LangEncoder.transformer][INFO] - => init weight of Linear/Conv2d from trunc norm
[2025-12-16 16:24:20,245][MedImageInsight.LangEncoder.transformer][INFO] - => init bias of Linear/Conv2d to zeros
[2025-12-16 16:24:20,245][MedImageInsight.LangEncoder.transformer][INFO] - => init weight of Linear/Conv2d from trunc norm
[2025-12-16 16:24:20,361][MedImageInsight.LangEncoder.transformer][INFO] - => init bias of Linear/Conv2d to zeros
[2025-12-16 16:24:20,361][MedImageInsight.LangEncoder.transformer][INFO] - => init weight of Linear/Conv2d from trunc norm
[2025-12-16 16:24:20,545][MedImageInsight.LangEncoder.transformer][INFO] - => init bias of Linear/Conv2d to zeros
[2025-12-16 16:24:20,545][MedImageInsight.LangEncoder.transformer][INFO] - => init weight of Linear/Conv2d from trunc norm
[2025-12-16 16:24:20,660][MedImageInsight.LangEncoder.transformer][INFO] - => init bias of Linear/Conv2d to zeros
[2025-12-16 16:24:20,660][MedImageInsight.LangEncoder.transformer][INFO] - => init weight of Linear/Conv2d from trunc norm
[2025-12-16 16:24:20,764][MedImageInsight.LangEncoder.transformer][INFO] - => init bias of Linear/Conv2d to zeros
[2025-12-16 16:24:20,764][MedImageInsight.LangEncoder.transformer][INFO] - => init weight of Linear/Conv2d from trunc norm
[2025-12-16 16:24:20,945][MedImageInsight.LangEncoder.transformer][INFO] - => init bias of Linear/Conv2d to zeros
[2025-12-16 16:24:20,945][MedImageInsight.LangEncoder.transformer][INFO] - => init weight of Linear/Conv2d from trunc norm
[2025-12-16 16:24:21,058][MedImageInsight.LangEncoder.transformer][INFO] - => init bias of Linear/Conv2d to zeros
[2025-12-16 16:24:21,058][MedImageInsight.LangEncoder.transformer][INFO] - => init weight of Linear/Conv2d from trunc norm
[2025-12-16 16:24:21,249][MedImageInsight.LangEncoder.transformer][INFO] - => init bias of Linear/Conv2d to zeros
[2025-12-16 16:24:21,249][MedImageInsight.LangEncoder.transformer][INFO] - => init weight of Linear/Conv2d from trunc norm
[2025-12-16 16:24:21,360][MedImageInsight.LangEncoder.transformer][INFO] - => init bias of Linear/Conv2d to zeros
[2025-12-16 16:24:21,360][MedImageInsight.LangEncoder.transformer][INFO] - => init weight of Linear/Conv2d from trunc norm
[2025-12-16 16:24:21,543][MedImageInsight.LangEncoder.transformer][INFO] - => init bias of Linear/Conv2d to zeros
[2025-12-16 16:24:21,543][MedImageInsight.LangEncoder.transformer][INFO] - => init weight of Linear/Conv2d from trunc norm
[2025-12-16 16:24:21,651][MedImageInsight.LangEncoder.transformer][INFO] - => init bias of Linear/Conv2d to zeros
[2025-12-16 16:24:21,651][MedImageInsight.LangEncoder.transformer][INFO] - => init weight of Linear/Conv2d from trunc norm
[2025-12-16 16:24:21,848][MedImageInsight.LangEncoder.transformer][INFO] - => init bias of Linear/Conv2d to zeros
[2025-12-16 16:24:21,848][MedImageInsight.LangEncoder.transformer][INFO] - => init weight of Linear/Conv2d from trunc norm
[2025-12-16 16:24:21,954][MedImageInsight.LangEncoder.transformer][INFO] - => init bias of Linear/Conv2d to zeros
[2025-12-16 16:24:21,954][MedImageInsight.LangEncoder.transformer][INFO] - => init weight of Linear/Conv2d from trunc norm
[2025-12-16 16:24:22,141][MedImageInsight.LangEncoder.transformer][INFO] - => init bias of Linear/Conv2d to zeros
[2025-12-16 16:24:22,141][MedImageInsight.LangEncoder.transformer][INFO] - => init weight of Linear/Conv2d from trunc norm
[2025-12-16 16:24:22,252][MedImageInsight.LangEncoder.transformer][INFO] - => init bias of Linear/Conv2d to zeros
[2025-12-16 16:24:22,253][MedImageInsight.LangEncoder.transformer][INFO] - => init weight of Linear/Conv2d from trunc norm
[2025-12-16 16:24:22,368][MedImageInsight.LangEncoder.transformer][INFO] - => init bias of Linear/Conv2d to zeros
[2025-12-16 16:24:22,446][MedImageInsight.ImageEncoder.davit_v1][INFO] - Create model with standard parameterization
[2025-12-16 16:24:22,457][MedImageInsight.ImageEncoder.davit_v1][INFO] - => Depth offset in stage 0: 0
[2025-12-16 16:24:22,770][MedImageInsight.ImageEncoder.davit_v1][INFO] - => Depth offset in stage 1: 2
[2025-12-16 16:24:23,178][MedImageInsight.ImageEncoder.davit_v1][INFO] - => Depth offset in stage 2: 4
[2025-12-16 16:24:26,523][MedImageInsight.ImageEncoder.davit_v1][INFO] - => Depth offset in stage 3: 22
[2025-12-16 16:24:27,023][MedImageInsight.ImageEncoder.davit_v1][INFO] - Custom init: original init
[2025-12-16 16:24:40,763][MedImageInsight.ImageEncoder.davit_v1][INFO] - Load model from pretrained checkpoint
[2025-12-16 16:24:40,843][MedImageInsight.UniCLModel][INFO] - Custom init: original init
[2025-12-16 16:24:48,153][MedImageInsight.UniCLModel][INFO] - => Loading pretrained model /nas-ctm01/homes/fmferreira/MedImageInsights/2024.09.27/vision_model/medimageinsigt-v1.0.0.pt
[2025-12-16 16:24:48,787][MedImageInsight.UniCLModel][INFO] - => init image_projection from /nas-ctm01/homes/fmferreira/MedImageInsights/2024.09.27/vision_model/medimageinsigt-v1.0.0.pt
[2025-12-16 16:24:48,787][MedImageInsight.UniCLModel][INFO] - => init lang_encoder.ln_final.bias from /nas-ctm01/homes/fmferreira/MedImageInsights/2024.09.27/vision_model/medimageinsigt-v1.0.0.pt
[2025-12-16 16:24:48,787][MedImageInsight.UniCLModel][INFO] - => init lang_encoder.ln_final.weight from /nas-ctm01/homes/fmferreira/MedImageInsights/2024.09.27/vision_model/medimageinsigt-v1.0.0.pt
[2025-12-16 16:24:48,787][MedImageInsight.UniCLModel][INFO] - => init lang_encoder.positional_embedding from /nas-ctm01/homes/fmferreira/MedImageInsights/2024.09.27/vision_model/medimageinsigt-v1.0.0.pt
[2025-12-16 16:24:48,787][MedImageInsight.UniCLModel][INFO] - => init lang_encoder.resblocks.0.attn.in_proj_bias from /nas-ctm01/homes/fmferreira/MedImageInsights/2024.09.27/vision_model/medimageinsigt-v1.0.0.pt
[2025-12-16 16:24:48,787][MedImageInsight.UniCLModel][INFO] - => init lang_encoder.resblocks.0.attn.in_proj_weight from /nas-ctm01/homes/fmferreira/MedImageInsights/2024.09.27/vision_model/medimageinsigt-v1.0.0.pt
[2025-12-16 16:24:48,787][MedImageInsight.UniCLModel][INFO] - => init lang_encoder.resblocks.0.attn.out_proj.bias from /nas-ctm01/homes/fmferreira/MedImageInsights/2024.09.27/vision_model/medimageinsigt-v1.0.0.pt
[2025-12-16 16:24:48,787][MedImageInsight.UniCLModel][INFO] - => init lang_encoder.resblocks.0.attn.out_proj.weight from /nas-ctm01/homes/fmferreira/MedImageInsights/2024.09.27/vision_model/medimageinsigt-v1.0.0.pt
[2025-12-16 16:24:48,787][MedImageInsight.UniCLModel][INFO] - => init lang_encoder.resblocks.0.ln_1.bias from /nas-ctm01/homes/fmferreira/MedImageInsights/2024.09.27/vision_model/medimageinsigt-v1.0.0.pt
[2025-12-16 16:24:48,787][MedImageInsight.UniCLModel][INFO] - => init lang_encoder.resblocks.0.ln_1.weight from /nas-ctm01/homes/fmferreira/MedImageInsights/2024.09.27/vision_model/medimageinsigt-v1.0.0.pt
[2025-12-16 16:24:48,787][MedImageInsight.UniCLModel][INFO] - => init lang_encoder.resblocks.0.ln_2.bias from /nas-ctm01/homes/fmferreira/MedImageInsights/2024.09.27/vision_model/medimageinsigt-v1.0.0.pt
[2025-12-16 16:24:48,787][MedImageInsight.UniCLModel][INFO] - => init lang_encoder.resblocks.0.ln_2.weight from /nas-ctm01/homes/fmferreira/MedImageInsights/2024.09.27/vision_model/medimageinsigt-v1.0.0.pt
[2025-12-16 16:24:48,787][MedImageInsight.UniCLModel][INFO] - => init lang_encoder.resblocks.0.mlp.c_fc.bias from /nas-ctm01/homes/fmferreira/MedImageInsights/2024.09.27/vision_model/medimageinsigt-v1.0.0.pt
[2025-12-16 16:24:48,787][MedImageInsight.UniCLModel][INFO] - => init lang_encoder.resblocks.0.mlp.c_fc.weight from /nas-ctm01/homes/fmferreira/MedImageInsights/2024.09.27/vision_model/medimageinsigt-v1.0.0.pt
[2025-12-16 16:24:48,787][MedImageInsight.UniCLModel][INFO] - => init lang_encoder.resblocks.0.mlp.c_proj.bias from /nas-ctm01/homes/fmferreira/MedImageInsights/2024.09.27/vision_model/medimageinsigt-v1.0.0.pt
[2025-12-16 16:24:48,787][MedImageInsight.UniCLModel][INFO] - => init lang_encoder.resblocks.0.mlp.c_proj.weight from /nas-ctm01/homes/fmferreira/MedImageInsights/2024.09.27/vision_model/medimageinsigt-v1.0.0.pt
[2025-12-16 16:24:48,787][MedImageInsight.UniCLModel][INFO] - => init lang_encoder.resblocks.1.attn.in_proj_bias from /nas-ctm01/homes/fmferreira/MedImageInsights/2024.09.27/vision_model/medimageinsigt-v1.0.0.pt
[2025-12-16 16:24:48,787][MedImageInsight.UniCLModel][INFO] - => init lang_encoder.resblocks.1.attn.in_proj_weight from /nas-ctm01/homes/fmferreira/MedImageInsights/2024.09.27/vision_model/medimageinsigt-v1.0.0.pt
[2025-12-16 16:24:48,787][MedImageInsight.UniCLModel][INFO] - => init lang_encoder.resblocks.1.attn.out_proj.bias from /nas-ctm01/homes/fmferreira/MedImageInsights/2024.09.27/vision_model/medimageinsigt-v1.0.0.pt
[2025-12-16 16:24:48,787][MedImageInsight.UniCLModel][INFO] - => init lang_encoder.resblocks.1.attn.out_proj.weight from /nas-ctm01/homes/fmferreira/MedImageInsights/2024.09.27/vision_model/medimageinsigt-v1.0.0.pt
[2025-12-16 16:24:48,787][MedImageInsight.UniCLModel][INFO] - => init lang_encoder.resblocks.1.ln_1.bias from /nas-ctm01/homes/fmferreira/MedImageInsights/2024.09.27/vision_model/medimageinsigt-v1.0.0.pt
[2025-12-16 16:24:48,787][MedImageInsight.UniCLModel][INFO] - => init lang_encoder.resblocks.1.ln_1.weight from /nas-ctm01/homes/fmferreira/MedImageInsights/2024.09.27/vision_model/medimageinsigt-v1.0.0.pt
[2025-12-16 16:24:48,787][MedImageInsight.UniCLModel][INFO] - => init lang_encoder.resblocks.1.ln_2.bias from /nas-ctm01/homes/fmferreira/MedImageInsights/2024.09.27/vision_model/medimageinsigt-v1.0.0.pt
[2025-12-16 16:24:48,787][MedImageInsight.UniCLModel][INFO] - => init lang_encoder.resblocks.1.ln_2.weight from /nas-ctm01/homes/fmferreira/MedImageInsights/2024.09.27/vision_model/medimageinsigt-v1.0.0.pt
[2025-12-16 16:24:48,787][MedImageInsight.UniCLModel][INFO] - => init lang_encoder.resblocks.1.mlp.c_fc.bias from /nas-ctm01/homes/fmferreira/MedImageInsights/2024.09.27/vision_model/medimageinsigt-v1.0.0.pt
[2025-12-16 16:24:48,787][MedImageInsight.UniCLModel][INFO] - => init lang_encoder.resblocks.1.mlp.c_fc.weight from /nas-ctm01/homes/fmferreira/MedImageInsights/2024.09.27/vision_model/medimageinsigt-v1.0.0.pt
[2025-12-16 16:24:48,788][MedImageInsight.UniCLModel][INFO] - => init lang_encoder.resblocks.1.mlp.c_proj.bias from /nas-ctm01/homes/fmferreira/MedImageInsights/2024.09.27/vision_model/medimageinsigt-v1.0.0.pt
[2025-12-16 16:24:48,788][MedImageInsight.UniCLModel][INFO] - => init lang_encoder.resblocks.1.mlp.c_proj.weight from /nas-ctm01/homes/fmferreira/MedImageInsights/2024.09.27/vision_model/medimageinsigt-v1.0.0.pt
[2025-12-16 16:24:48,788][MedImageInsight.UniCLModel][INFO] - => init lang_encoder.resblocks.10.attn.in_proj_bias from /nas-ctm01/homes/fmferreira/MedImageInsights/2024.09.27/vision_model/medimageinsigt-v1.0.0.pt
[2025-12-16 16:24:48,788][MedImageInsight.UniCLModel][INFO] - => init lang_encoder.resblocks.10.attn.in_proj_weight from /nas-ctm01/homes/fmferreira/MedImageInsights/2024.09.27/vision_model/medimageinsigt-v1.0.0.pt
[2025-12-16 16:24:48,788][MedImageInsight.UniCLModel][INFO] - => init lang_encoder.resblocks.10.attn.out_proj.bias from /nas-ctm01/homes/fmferreira/MedImageInsights/2024.09.27/vision_model/medimageinsigt-v1.0.0.pt
[2025-12-16 16:24:48,788][MedImageInsight.UniCLModel][INFO] - => init lang_encoder.resblocks.10.attn.out_proj.weight from /nas-ctm01/homes/fmferreira/MedImageInsights/2024.09.27/vision_model/medimageinsigt-v1.0.0.pt
[2025-12-16 16:24:48,788][MedImageInsight.UniCLModel][INFO] - => init lang_encoder.resblocks.10.ln_1.bias from /nas-ctm01/homes/fmferreira/MedImageInsights/2024.09.27/vision_model/medimageinsigt-v1.0.0.pt
[2025-12-16 16:24:48,788][MedImageInsight.UniCLModel][INFO] - => init lang_encoder.resblocks.10.ln_1.weight from /nas-ctm01/homes/fmferreira/MedImageInsights/2024.09.27/vision_model/medimageinsigt-v1.0.0.pt
[2025-12-16 16:24:48,788][MedImageInsight.UniCLModel][INFO] - => init lang_encoder.resblocks.10.ln_2.bias from /nas-ctm01/homes/fmferreira/MedImageInsights/2024.09.27/vision_model/medimageinsigt-v1.0.0.pt
[2025-12-16 16:24:48,788][MedImageInsight.UniCLModel][INFO] - => init lang_encoder.resblocks.10.ln_2.weight from /nas-ctm01/homes/fmferreira/MedImageInsights/2024.09.27/vision_model/medimageinsigt-v1.0.0.pt
[2025-12-16 16:24:48,788][MedImageInsight.UniCLModel][INFO] - => init lang_encoder.resblocks.10.mlp.c_fc.bias from /nas-ctm01/homes/fmferreira/MedImageInsights/2024.09.27/vision_model/medimageinsigt-v1.0.0.pt
[2025-12-16 16:24:48,788][MedImageInsight.UniCLModel][INFO] - => init lang_encoder.resblocks.10.mlp.c_fc.weight from /nas-ctm01/homes/fmferreira/MedImageInsights/2024.09.27/vision_model/medimageinsigt-v1.0.0.pt
[2025-12-16 16:24:48,788][MedImageInsight.UniCLModel][INFO] - => init lang_encoder.resblocks.10.mlp.c_proj.bias from /nas-ctm01/homes/fmferreira/MedImageInsights/2024.09.27/vision_model/medimageinsigt-v1.0.0.pt
[2025-12-16 16:24:48,788][MedImageInsight.UniCLModel][INFO] - => init lang_encoder.resblocks.10.mlp.c_proj.weight from /nas-ctm01/homes/fmferreira/MedImageInsights/2024.09.27/vision_model/medimageinsigt-v1.0.0.pt
[2025-12-16 16:24:48,788][MedImageInsight.UniCLModel][INFO] - => init lang_encoder.resblocks.11.attn.in_proj_bias from /nas-ctm01/homes/fmferreira/MedImageInsights/2024.09.27/vision_model/medimageinsigt-v1.0.0.pt
[2025-12-16 16:24:48,788][MedImageInsight.UniCLModel][INFO] - => init lang_encoder.resblocks.11.attn.in_proj_weight from /nas-ctm01/homes/fmferreira/MedImageInsights/2024.09.27/vision_model/medimageinsigt-v1.0.0.pt
[2025-12-16 16:24:48,788][MedImageInsight.UniCLModel][INFO] - => init lang_encoder.resblocks.11.attn.out_proj.bias from /nas-ctm01/homes/fmferreira/MedImageInsights/2024.09.27/vision_model/medimageinsigt-v1.0.0.pt
[2025-12-16 16:24:48,788][MedImageInsight.UniCLModel][INFO] - => init lang_encoder.resblocks.11.attn.out_proj.weight from /nas-ctm01/homes/fmferreira/MedImageInsights/2024.09.27/vision_model/medimageinsigt-v1.0.0.pt
[2025-12-16 16:24:48,788][MedImageInsight.UniCLModel][INFO] - => init lang_encoder.resblocks.11.ln_1.bias from /nas-ctm01/homes/fmferreira/MedImageInsights/2024.09.27/vision_model/medimageinsigt-v1.0.0.pt
[2025-12-16 16:24:48,788][MedImageInsight.UniCLModel][INFO] - => init lang_encoder.resblocks.11.ln_1.weight from /nas-ctm01/homes/fmferreira/MedImageInsights/2024.09.27/vision_model/medimageinsigt-v1.0.0.pt
[2025-12-16 16:24:48,788][MedImageInsight.UniCLModel][INFO] - => init lang_encoder.resblocks.11.ln_2.bias from /nas-ctm01/homes/fmferreira/MedImageInsights/2024.09.27/vision_model/medimageinsigt-v1.0.0.pt
[2025-12-16 16:24:48,788][MedImageInsight.UniCLModel][INFO] - => init lang_encoder.resblocks.11.ln_2.weight from /nas-ctm01/homes/fmferreira/MedImageInsights/2024.09.27/vision_model/medimageinsigt-v1.0.0.pt
[2025-12-16 16:24:48,788][MedImageInsight.UniCLModel][INFO] - => init lang_encoder.resblocks.11.mlp.c_fc.bias from /nas-ctm01/homes/fmferreira/MedImageInsights/2024.09.27/vision_model/medimageinsigt-v1.0.0.pt
[2025-12-16 16:24:48,788][MedImageInsight.UniCLModel][INFO] - => init lang_encoder.resblocks.11.mlp.c_fc.weight from /nas-ctm01/homes/fmferreira/MedImageInsights/2024.09.27/vision_model/medimageinsigt-v1.0.0.pt
[2025-12-16 16:24:48,788][MedImageInsight.UniCLModel][INFO] - => init lang_encoder.resblocks.11.mlp.c_proj.bias from /nas-ctm01/homes/fmferreira/MedImageInsights/2024.09.27/vision_model/medimageinsigt-v1.0.0.pt
[2025-12-16 16:24:48,788][MedImageInsight.UniCLModel][INFO] - => init lang_encoder.resblocks.11.mlp.c_proj.weight from /nas-ctm01/homes/fmferreira/MedImageInsights/2024.09.27/vision_model/medimageinsigt-v1.0.0.pt
[2025-12-16 16:24:48,788][MedImageInsight.UniCLModel][INFO] - => init lang_encoder.resblocks.12.attn.in_proj_bias from /nas-ctm01/homes/fmferreira/MedImageInsights/2024.09.27/vision_model/medimageinsigt-v1.0.0.pt
[2025-12-16 16:24:48,788][MedImageInsight.UniCLModel][INFO] - => init lang_encoder.resblocks.12.attn.in_proj_weight from /nas-ctm01/homes/fmferreira/MedImageInsights/2024.09.27/vision_model/medimageinsigt-v1.0.0.pt
[2025-12-16 16:24:48,788][MedImageInsight.UniCLModel][INFO] - => init lang_encoder.resblocks.12.attn.out_proj.bias from /nas-ctm01/homes/fmferreira/MedImageInsights/2024.09.27/vision_model/medimageinsigt-v1.0.0.pt
[2025-12-16 16:24:48,788][MedImageInsight.UniCLModel][INFO] - => init lang_encoder.resblocks.12.attn.out_proj.weight from /nas-ctm01/homes/fmferreira/MedImageInsights/2024.09.27/vision_model/medimageinsigt-v1.0.0.pt
[2025-12-16 16:24:48,788][MedImageInsight.UniCLModel][INFO] - => init lang_encoder.resblocks.12.ln_1.bias from /nas-ctm01/homes/fmferreira/MedImageInsights/2024.09.27/vision_model/medimageinsigt-v1.0.0.pt
[2025-12-16 16:24:48,788][MedImageInsight.UniCLModel][INFO] - => init lang_encoder.resblocks.12.ln_1.weight from /nas-ctm01/homes/fmferreira/MedImageInsights/2024.09.27/vision_model/medimageinsigt-v1.0.0.pt
[2025-12-16 16:24:48,788][MedImageInsight.UniCLModel][INFO] - => init lang_encoder.resblocks.12.ln_2.bias from /nas-ctm01/homes/fmferreira/MedImageInsights/2024.09.27/vision_model/medimageinsigt-v1.0.0.pt
[2025-12-16 16:24:48,788][MedImageInsight.UniCLModel][INFO] - => init lang_encoder.resblocks.12.ln_2.weight from /nas-ctm01/homes/fmferreira/MedImageInsights/2024.09.27/vision_model/medimageinsigt-v1.0.0.pt
[2025-12-16 16:24:48,788][MedImageInsight.UniCLModel][INFO] - => init lang_encoder.resblocks.12.mlp.c_fc.bias from /nas-ctm01/homes/fmferreira/MedImageInsights/2024.09.27/vision_model/medimageinsigt-v1.0.0.pt
[2025-12-16 16:24:48,788][MedImageInsight.UniCLModel][INFO] - => init lang_encoder.resblocks.12.mlp.c_fc.weight from /nas-ctm01/homes/fmferreira/MedImageInsights/2024.09.27/vision_model/medimageinsigt-v1.0.0.pt
[2025-12-16 16:24:48,788][MedImageInsight.UniCLModel][INFO] - => init lang_encoder.resblocks.12.mlp.c_proj.bias from /nas-ctm01/homes/fmferreira/MedImageInsights/2024.09.27/vision_model/medimageinsigt-v1.0.0.pt
[2025-12-16 16:24:48,788][MedImageInsight.UniCLModel][INFO] - => init lang_encoder.resblocks.12.mlp.c_proj.weight from /nas-ctm01/homes/fmferreira/MedImageInsights/2024.09.27/vision_model/medimageinsigt-v1.0.0.pt
[2025-12-16 16:24:48,788][MedImageInsight.UniCLModel][INFO] - => init lang_encoder.resblocks.13.attn.in_proj_bias from /nas-ctm01/homes/fmferreira/MedImageInsights/2024.09.27/vision_model/medimageinsigt-v1.0.0.pt
[2025-12-16 16:24:48,788][MedImageInsight.UniCLModel][INFO] - => init lang_encoder.resblocks.13.attn.in_proj_weight from /nas-ctm01/homes/fmferreira/MedImageInsights/2024.09.27/vision_model/medimageinsigt-v1.0.0.pt
[2025-12-16 16:24:48,788][MedImageInsight.UniCLModel][INFO] - => init lang_encoder.resblocks.13.attn.out_proj.bias from /nas-ctm01/homes/fmferreira/MedImageInsights/2024.09.27/vision_model/medimageinsigt-v1.0.0.pt
[2025-12-16 16:24:48,788][MedImageInsight.UniCLModel][INFO] - => init lang_encoder.resblocks.13.attn.out_proj.weight from /nas-ctm01/homes/fmferreira/MedImageInsights/2024.09.27/vision_model/medimageinsigt-v1.0.0.pt
[2025-12-16 16:24:48,788][MedImageInsight.UniCLModel][INFO] - => init lang_encoder.resblocks.13.ln_1.bias from /nas-ctm01/homes/fmferreira/MedImageInsights/2024.09.27/vision_model/medimageinsigt-v1.0.0.pt
[2025-12-16 16:24:48,788][MedImageInsight.UniCLModel][INFO] - => init lang_encoder.resblocks.13.ln_1.weight from /nas-ctm01/homes/fmferreira/MedImageInsights/2024.09.27/vision_model/medimageinsigt-v1.0.0.pt
[2025-12-16 16:24:48,788][MedImageInsight.UniCLModel][INFO] - => init lang_encoder.resblocks.13.ln_2.bias from /nas-ctm01/homes/fmferreira/MedImageInsights/2024.09.27/vision_model/medimageinsigt-v1.0.0.pt
[2025-12-16 16:24:48,788][MedImageInsight.UniCLModel][INFO] - => init lang_encoder.resblocks.13.ln_2.weight from /nas-ctm01/homes/fmferreira/MedImageInsights/2024.09.27/vision_model/medimageinsigt-v1.0.0.pt
[2025-12-16 16:24:48,788][MedImageInsight.UniCLModel][INFO] - => init lang_encoder.resblocks.13.mlp.c_fc.bias from /nas-ctm01/homes/fmferreira/MedImageInsights/2024.09.27/vision_model/medimageinsigt-v1.0.0.pt
[2025-12-16 16:24:48,788][MedImageInsight.UniCLModel][INFO] - => init lang_encoder.resblocks.13.mlp.c_fc.weight from /nas-ctm01/homes/fmferreira/MedImageInsights/2024.09.27/vision_model/medimageinsigt-v1.0.0.pt
[2025-12-16 16:24:48,788][MedImageInsight.UniCLModel][INFO] - => init lang_encoder.resblocks.13.mlp.c_proj.bias from /nas-ctm01/homes/fmferreira/MedImageInsights/2024.09.27/vision_model/medimageinsigt-v1.0.0.pt
[2025-12-16 16:24:48,788][MedImageInsight.UniCLModel][INFO] - => init lang_encoder.resblocks.13.mlp.c_proj.weight from /nas-ctm01/homes/fmferreira/MedImageInsights/2024.09.27/vision_model/medimageinsigt-v1.0.0.pt
[2025-12-16 16:24:48,788][MedImageInsight.UniCLModel][INFO] - => init lang_encoder.resblocks.14.attn.in_proj_bias from /nas-ctm01/homes/fmferreira/MedImageInsights/2024.09.27/vision_model/medimageinsigt-v1.0.0.pt
[2025-12-16 16:24:48,788][MedImageInsight.UniCLModel][INFO] - => init lang_encoder.resblocks.14.attn.in_proj_weight from /nas-ctm01/homes/fmferreira/MedImageInsights/2024.09.27/vision_model/medimageinsigt-v1.0.0.pt
[2025-12-16 16:24:48,788][MedImageInsight.UniCLModel][INFO] - => init lang_encoder.resblocks.14.attn.out_proj.bias from /nas-ctm01/homes/fmferreira/MedImageInsights/2024.09.27/vision_model/medimageinsigt-v1.0.0.pt
[2025-12-16 16:24:48,788][MedImageInsight.UniCLModel][INFO] - => init lang_encoder.resblocks.14.attn.out_proj.weight from /nas-ctm01/homes/fmferreira/MedImageInsights/2024.09.27/vision_model/medimageinsigt-v1.0.0.pt
[2025-12-16 16:24:48,788][MedImageInsight.UniCLModel][INFO] - => init lang_encoder.resblocks.14.ln_1.bias from /nas-ctm01/homes/fmferreira/MedImageInsights/2024.09.27/vision_model/medimageinsigt-v1.0.0.pt
[2025-12-16 16:24:48,788][MedImageInsight.UniCLModel][INFO] - => init lang_encoder.resblocks.14.ln_1.weight from /nas-ctm01/homes/fmferreira/MedImageInsights/2024.09.27/vision_model/medimageinsigt-v1.0.0.pt
[2025-12-16 16:24:48,788][MedImageInsight.UniCLModel][INFO] - => init lang_encoder.resblocks.14.ln_2.bias from /nas-ctm01/homes/fmferreira/MedImageInsights/2024.09.27/vision_model/medimageinsigt-v1.0.0.pt
[2025-12-16 16:24:48,789][MedImageInsight.UniCLModel][INFO] - => init lang_encoder.resblocks.14.ln_2.weight from /nas-ctm01/homes/fmferreira/MedImageInsights/2024.09.27/vision_model/medimageinsigt-v1.0.0.pt
[2025-12-16 16:24:48,789][MedImageInsight.UniCLModel][INFO] - => init lang_encoder.resblocks.14.mlp.c_fc.bias from /nas-ctm01/homes/fmferreira/MedImageInsights/2024.09.27/vision_model/medimageinsigt-v1.0.0.pt
[2025-12-16 16:24:48,789][MedImageInsight.UniCLModel][INFO] - => init lang_encoder.resblocks.14.mlp.c_fc.weight from /nas-ctm01/homes/fmferreira/MedImageInsights/2024.09.27/vision_model/medimageinsigt-v1.0.0.pt
[2025-12-16 16:24:48,789][MedImageInsight.UniCLModel][INFO] - => init lang_encoder.resblocks.14.mlp.c_proj.bias from /nas-ctm01/homes/fmferreira/MedImageInsights/2024.09.27/vision_model/medimageinsigt-v1.0.0.pt
[2025-12-16 16:24:48,789][MedImageInsight.UniCLModel][INFO] - => init lang_encoder.resblocks.14.mlp.c_proj.weight from /nas-ctm01/homes/fmferreira/MedImageInsights/2024.09.27/vision_model/medimageinsigt-v1.0.0.pt
[2025-12-16 16:24:48,789][MedImageInsight.UniCLModel][INFO] - => init lang_encoder.resblocks.15.attn.in_proj_bias from /nas-ctm01/homes/fmferreira/MedImageInsights/2024.09.27/vision_model/medimageinsigt-v1.0.0.pt
[2025-12-16 16:24:48,789][MedImageInsight.UniCLModel][INFO] - => init lang_encoder.resblocks.15.attn.in_proj_weight from /nas-ctm01/homes/fmferreira/MedImageInsights/2024.09.27/vision_model/medimageinsigt-v1.0.0.pt
[2025-12-16 16:24:48,789][MedImageInsight.UniCLModel][INFO] - => init lang_encoder.resblocks.15.attn.out_proj.bias from /nas-ctm01/homes/fmferreira/MedImageInsights/2024.09.27/vision_model/medimageinsigt-v1.0.0.pt
[2025-12-16 16:24:48,789][MedImageInsight.UniCLModel][INFO] - => init lang_encoder.resblocks.15.attn.out_proj.weight from /nas-ctm01/homes/fmferreira/MedImageInsights/2024.09.27/vision_model/medimageinsigt-v1.0.0.pt
[2025-12-16 16:24:48,789][MedImageInsight.UniCLModel][INFO] - => init lang_encoder.resblocks.15.ln_1.bias from /nas-ctm01/homes/fmferreira/MedImageInsights/2024.09.27/vision_model/medimageinsigt-v1.0.0.pt
[2025-12-16 16:24:48,789][MedImageInsight.UniCLModel][INFO] - => init lang_encoder.resblocks.15.ln_1.weight from /nas-ctm01/homes/fmferreira/MedImageInsights/2024.09.27/vision_model/medimageinsigt-v1.0.0.pt
[2025-12-16 16:24:48,789][MedImageInsight.UniCLModel][INFO] - => init lang_encoder.resblocks.15.ln_2.bias from /nas-ctm01/homes/fmferreira/MedImageInsights/2024.09.27/vision_model/medimageinsigt-v1.0.0.pt
[2025-12-16 16:24:48,789][MedImageInsight.UniCLModel][INFO] - => init lang_encoder.resblocks.15.ln_2.weight from /nas-ctm01/homes/fmferreira/MedImageInsights/2024.09.27/vision_model/medimageinsigt-v1.0.0.pt
[2025-12-16 16:24:48,789][MedImageInsight.UniCLModel][INFO] - => init lang_encoder.resblocks.15.mlp.c_fc.bias from /nas-ctm01/homes/fmferreira/MedImageInsights/2024.09.27/vision_model/medimageinsigt-v1.0.0.pt
[2025-12-16 16:24:48,789][MedImageInsight.UniCLModel][INFO] - => init lang_encoder.resblocks.15.mlp.c_fc.weight from /nas-ctm01/homes/fmferreira/MedImageInsights/2024.09.27/vision_model/medimageinsigt-v1.0.0.pt
[2025-12-16 16:24:48,789][MedImageInsight.UniCLModel][INFO] - => init lang_encoder.resblocks.15.mlp.c_proj.bias from /nas-ctm01/homes/fmferreira/MedImageInsights/2024.09.27/vision_model/medimageinsigt-v1.0.0.pt
[2025-12-16 16:24:48,789][MedImageInsight.UniCLModel][INFO] - => init lang_encoder.resblocks.15.mlp.c_proj.weight from /nas-ctm01/homes/fmferreira/MedImageInsights/2024.09.27/vision_model/medimageinsigt-v1.0.0.pt
[2025-12-16 16:24:48,789][MedImageInsight.UniCLModel][INFO] - => init lang_encoder.resblocks.2.attn.in_proj_bias from /nas-ctm01/homes/fmferreira/MedImageInsights/2024.09.27/vision_model/medimageinsigt-v1.0.0.pt
[2025-12-16 16:24:48,789][MedImageInsight.UniCLModel][INFO] - => init lang_encoder.resblocks.2.attn.in_proj_weight from /nas-ctm01/homes/fmferreira/MedImageInsights/2024.09.27/vision_model/medimageinsigt-v1.0.0.pt
[2025-12-16 16:24:48,789][MedImageInsight.UniCLModel][INFO] - => init lang_encoder.resblocks.2.attn.out_proj.bias from /nas-ctm01/homes/fmferreira/MedImageInsights/2024.09.27/vision_model/medimageinsigt-v1.0.0.pt
[2025-12-16 16:24:48,789][MedImageInsight.UniCLModel][INFO] - => init lang_encoder.resblocks.2.attn.out_proj.weight from /nas-ctm01/homes/fmferreira/MedImageInsights/2024.09.27/vision_model/medimageinsigt-v1.0.0.pt
[2025-12-16 16:24:48,789][MedImageInsight.UniCLModel][INFO] - => init lang_encoder.resblocks.2.ln_1.bias from /nas-ctm01/homes/fmferreira/MedImageInsights/2024.09.27/vision_model/medimageinsigt-v1.0.0.pt
[2025-12-16 16:24:48,789][MedImageInsight.UniCLModel][INFO] - => init lang_encoder.resblocks.2.ln_1.weight from /nas-ctm01/homes/fmferreira/MedImageInsights/2024.09.27/vision_model/medimageinsigt-v1.0.0.pt
[2025-12-16 16:24:48,789][MedImageInsight.UniCLModel][INFO] - => init lang_encoder.resblocks.2.ln_2.bias from /nas-ctm01/homes/fmferreira/MedImageInsights/2024.09.27/vision_model/medimageinsigt-v1.0.0.pt
[2025-12-16 16:24:48,789][MedImageInsight.UniCLModel][INFO] - => init lang_encoder.resblocks.2.ln_2.weight from /nas-ctm01/homes/fmferreira/MedImageInsights/2024.09.27/vision_model/medimageinsigt-v1.0.0.pt
[2025-12-16 16:24:48,789][MedImageInsight.UniCLModel][INFO] - => init lang_encoder.resblocks.2.mlp.c_fc.bias from /nas-ctm01/homes/fmferreira/MedImageInsights/2024.09.27/vision_model/medimageinsigt-v1.0.0.pt
[2025-12-16 16:24:48,789][MedImageInsight.UniCLModel][INFO] - => init lang_encoder.resblocks.2.mlp.c_fc.weight from /nas-ctm01/homes/fmferreira/MedImageInsights/2024.09.27/vision_model/medimageinsigt-v1.0.0.pt
[2025-12-16 16:24:48,789][MedImageInsight.UniCLModel][INFO] - => init lang_encoder.resblocks.2.mlp.c_proj.bias from /nas-ctm01/homes/fmferreira/MedImageInsights/2024.09.27/vision_model/medimageinsigt-v1.0.0.pt
[2025-12-16 16:24:48,789][MedImageInsight.UniCLModel][INFO] - => init lang_encoder.resblocks.2.mlp.c_proj.weight from /nas-ctm01/homes/fmferreira/MedImageInsights/2024.09.27/vision_model/medimageinsigt-v1.0.0.pt
[2025-12-16 16:24:48,789][MedImageInsight.UniCLModel][INFO] - => init lang_encoder.resblocks.3.attn.in_proj_bias from /nas-ctm01/homes/fmferreira/MedImageInsights/2024.09.27/vision_model/medimageinsigt-v1.0.0.pt
[2025-12-16 16:24:48,789][MedImageInsight.UniCLModel][INFO] - => init lang_encoder.resblocks.3.attn.in_proj_weight from /nas-ctm01/homes/fmferreira/MedImageInsights/2024.09.27/vision_model/medimageinsigt-v1.0.0.pt
[2025-12-16 16:24:48,789][MedImageInsight.UniCLModel][INFO] - => init lang_encoder.resblocks.3.attn.out_proj.bias from /nas-ctm01/homes/fmferreira/MedImageInsights/2024.09.27/vision_model/medimageinsigt-v1.0.0.pt
[2025-12-16 16:24:48,789][MedImageInsight.UniCLModel][INFO] - => init lang_encoder.resblocks.3.attn.out_proj.weight from /nas-ctm01/homes/fmferreira/MedImageInsights/2024.09.27/vision_model/medimageinsigt-v1.0.0.pt
[2025-12-16 16:24:48,789][MedImageInsight.UniCLModel][INFO] - => init lang_encoder.resblocks.3.ln_1.bias from /nas-ctm01/homes/fmferreira/MedImageInsights/2024.09.27/vision_model/medimageinsigt-v1.0.0.pt
[2025-12-16 16:24:48,789][MedImageInsight.UniCLModel][INFO] - => init lang_encoder.resblocks.3.ln_1.weight from /nas-ctm01/homes/fmferreira/MedImageInsights/2024.09.27/vision_model/medimageinsigt-v1.0.0.pt
[2025-12-16 16:24:48,789][MedImageInsight.UniCLModel][INFO] - => init lang_encoder.resblocks.3.ln_2.bias from /nas-ctm01/homes/fmferreira/MedImageInsights/2024.09.27/vision_model/medimageinsigt-v1.0.0.pt
[2025-12-16 16:24:48,789][MedImageInsight.UniCLModel][INFO] - => init lang_encoder.resblocks.3.ln_2.weight from /nas-ctm01/homes/fmferreira/MedImageInsights/2024.09.27/vision_model/medimageinsigt-v1.0.0.pt
[2025-12-16 16:24:48,789][MedImageInsight.UniCLModel][INFO] - => init lang_encoder.resblocks.3.mlp.c_fc.bias from /nas-ctm01/homes/fmferreira/MedImageInsights/2024.09.27/vision_model/medimageinsigt-v1.0.0.pt
[2025-12-16 16:24:48,789][MedImageInsight.UniCLModel][INFO] - => init lang_encoder.resblocks.3.mlp.c_fc.weight from /nas-ctm01/homes/fmferreira/MedImageInsights/2024.09.27/vision_model/medimageinsigt-v1.0.0.pt
[2025-12-16 16:24:48,789][MedImageInsight.UniCLModel][INFO] - => init lang_encoder.resblocks.3.mlp.c_proj.bias from /nas-ctm01/homes/fmferreira/MedImageInsights/2024.09.27/vision_model/medimageinsigt-v1.0.0.pt
[2025-12-16 16:24:48,789][MedImageInsight.UniCLModel][INFO] - => init lang_encoder.resblocks.3.mlp.c_proj.weight from /nas-ctm01/homes/fmferreira/MedImageInsights/2024.09.27/vision_model/medimageinsigt-v1.0.0.pt
[2025-12-16 16:24:48,789][MedImageInsight.UniCLModel][INFO] - => init lang_encoder.resblocks.4.attn.in_proj_bias from /nas-ctm01/homes/fmferreira/MedImageInsights/2024.09.27/vision_model/medimageinsigt-v1.0.0.pt
[2025-12-16 16:24:48,789][MedImageInsight.UniCLModel][INFO] - => init lang_encoder.resblocks.4.attn.in_proj_weight from /nas-ctm01/homes/fmferreira/MedImageInsights/2024.09.27/vision_model/medimageinsigt-v1.0.0.pt
[2025-12-16 16:24:48,789][MedImageInsight.UniCLModel][INFO] - => init lang_encoder.resblocks.4.attn.out_proj.bias from /nas-ctm01/homes/fmferreira/MedImageInsights/2024.09.27/vision_model/medimageinsigt-v1.0.0.pt
[2025-12-16 16:24:48,789][MedImageInsight.UniCLModel][INFO] - => init lang_encoder.resblocks.4.attn.out_proj.weight from /nas-ctm01/homes/fmferreira/MedImageInsights/2024.09.27/vision_model/medimageinsigt-v1.0.0.pt
[2025-12-16 16:24:48,789][MedImageInsight.UniCLModel][INFO] - => init lang_encoder.resblocks.4.ln_1.bias from /nas-ctm01/homes/fmferreira/MedImageInsights/2024.09.27/vision_model/medimageinsigt-v1.0.0.pt
[2025-12-16 16:24:48,789][MedImageInsight.UniCLModel][INFO] - => init lang_encoder.resblocks.4.ln_1.weight from /nas-ctm01/homes/fmferreira/MedImageInsights/2024.09.27/vision_model/medimageinsigt-v1.0.0.pt
[2025-12-16 16:24:48,789][MedImageInsight.UniCLModel][INFO] - => init lang_encoder.resblocks.4.ln_2.bias from /nas-ctm01/homes/fmferreira/MedImageInsights/2024.09.27/vision_model/medimageinsigt-v1.0.0.pt
[2025-12-16 16:24:48,789][MedImageInsight.UniCLModel][INFO] - => init lang_encoder.resblocks.4.ln_2.weight from /nas-ctm01/homes/fmferreira/MedImageInsights/2024.09.27/vision_model/medimageinsigt-v1.0.0.pt
[2025-12-16 16:24:48,789][MedImageInsight.UniCLModel][INFO] - => init lang_encoder.resblocks.4.mlp.c_fc.bias from /nas-ctm01/homes/fmferreira/MedImageInsights/2024.09.27/vision_model/medimageinsigt-v1.0.0.pt
[2025-12-16 16:24:48,789][MedImageInsight.UniCLModel][INFO] - => init lang_encoder.resblocks.4.mlp.c_fc.weight from /nas-ctm01/homes/fmferreira/MedImageInsights/2024.09.27/vision_model/medimageinsigt-v1.0.0.pt
[2025-12-16 16:24:48,789][MedImageInsight.UniCLModel][INFO] - => init lang_encoder.resblocks.4.mlp.c_proj.bias from /nas-ctm01/homes/fmferreira/MedImageInsights/2024.09.27/vision_model/medimageinsigt-v1.0.0.pt
[2025-12-16 16:24:48,789][MedImageInsight.UniCLModel][INFO] - => init lang_encoder.resblocks.4.mlp.c_proj.weight from /nas-ctm01/homes/fmferreira/MedImageInsights/2024.09.27/vision_model/medimageinsigt-v1.0.0.pt
[2025-12-16 16:24:48,789][MedImageInsight.UniCLModel][INFO] - => init lang_encoder.resblocks.5.attn.in_proj_bias from /nas-ctm01/homes/fmferreira/MedImageInsights/2024.09.27/vision_model/medimageinsigt-v1.0.0.pt
[2025-12-16 16:24:48,789][MedImageInsight.UniCLModel][INFO] - => init lang_encoder.resblocks.5.attn.in_proj_weight from /nas-ctm01/homes/fmferreira/MedImageInsights/2024.09.27/vision_model/medimageinsigt-v1.0.0.pt
[2025-12-16 16:24:48,789][MedImageInsight.UniCLModel][INFO] - => init lang_encoder.resblocks.5.attn.out_proj.bias from /nas-ctm01/homes/fmferreira/MedImageInsights/2024.09.27/vision_model/medimageinsigt-v1.0.0.pt
[2025-12-16 16:24:48,789][MedImageInsight.UniCLModel][INFO] - => init lang_encoder.resblocks.5.attn.out_proj.weight from /nas-ctm01/homes/fmferreira/MedImageInsights/2024.09.27/vision_model/medimageinsigt-v1.0.0.pt
[2025-12-16 16:24:48,789][MedImageInsight.UniCLModel][INFO] - => init lang_encoder.resblocks.5.ln_1.bias from /nas-ctm01/homes/fmferreira/MedImageInsights/2024.09.27/vision_model/medimageinsigt-v1.0.0.pt
[2025-12-16 16:24:48,790][MedImageInsight.UniCLModel][INFO] - => init lang_encoder.resblocks.5.ln_1.weight from /nas-ctm01/homes/fmferreira/MedImageInsights/2024.09.27/vision_model/medimageinsigt-v1.0.0.pt
[2025-12-16 16:24:48,790][MedImageInsight.UniCLModel][INFO] - => init lang_encoder.resblocks.5.ln_2.bias from /nas-ctm01/homes/fmferreira/MedImageInsights/2024.09.27/vision_model/medimageinsigt-v1.0.0.pt
[2025-12-16 16:24:48,790][MedImageInsight.UniCLModel][INFO] - => init lang_encoder.resblocks.5.ln_2.weight from /nas-ctm01/homes/fmferreira/MedImageInsights/2024.09.27/vision_model/medimageinsigt-v1.0.0.pt
[2025-12-16 16:24:48,790][MedImageInsight.UniCLModel][INFO] - => init lang_encoder.resblocks.5.mlp.c_fc.bias from /nas-ctm01/homes/fmferreira/MedImageInsights/2024.09.27/vision_model/medimageinsigt-v1.0.0.pt
[2025-12-16 16:24:48,790][MedImageInsight.UniCLModel][INFO] - => init lang_encoder.resblocks.5.mlp.c_fc.weight from /nas-ctm01/homes/fmferreira/MedImageInsights/2024.09.27/vision_model/medimageinsigt-v1.0.0.pt
[2025-12-16 16:24:48,790][MedImageInsight.UniCLModel][INFO] - => init lang_encoder.resblocks.5.mlp.c_proj.bias from /nas-ctm01/homes/fmferreira/MedImageInsights/2024.09.27/vision_model/medimageinsigt-v1.0.0.pt
[2025-12-16 16:24:48,790][MedImageInsight.UniCLModel][INFO] - => init lang_encoder.resblocks.5.mlp.c_proj.weight from /nas-ctm01/homes/fmferreira/MedImageInsights/2024.09.27/vision_model/medimageinsigt-v1.0.0.pt
[2025-12-16 16:24:48,790][MedImageInsight.UniCLModel][INFO] - => init lang_encoder.resblocks.6.attn.in_proj_bias from /nas-ctm01/homes/fmferreira/MedImageInsights/2024.09.27/vision_model/medimageinsigt-v1.0.0.pt
[2025-12-16 16:24:48,790][MedImageInsight.UniCLModel][INFO] - => init lang_encoder.resblocks.6.attn.in_proj_weight from /nas-ctm01/homes/fmferreira/MedImageInsights/2024.09.27/vision_model/medimageinsigt-v1.0.0.pt
[2025-12-16 16:24:48,790][MedImageInsight.UniCLModel][INFO] - => init lang_encoder.resblocks.6.attn.out_proj.bias from /nas-ctm01/homes/fmferreira/MedImageInsights/2024.09.27/vision_model/medimageinsigt-v1.0.0.pt
[2025-12-16 16:24:48,790][MedImageInsight.UniCLModel][INFO] - => init lang_encoder.resblocks.6.attn.out_proj.weight from /nas-ctm01/homes/fmferreira/MedImageInsights/2024.09.27/vision_model/medimageinsigt-v1.0.0.pt
[2025-12-16 16:24:48,790][MedImageInsight.UniCLModel][INFO] - => init lang_encoder.resblocks.6.ln_1.bias from /nas-ctm01/homes/fmferreira/MedImageInsights/2024.09.27/vision_model/medimageinsigt-v1.0.0.pt
[2025-12-16 16:24:48,790][MedImageInsight.UniCLModel][INFO] - => init lang_encoder.resblocks.6.ln_1.weight from /nas-ctm01/homes/fmferreira/MedImageInsights/2024.09.27/vision_model/medimageinsigt-v1.0.0.pt
[2025-12-16 16:24:48,790][MedImageInsight.UniCLModel][INFO] - => init lang_encoder.resblocks.6.ln_2.bias from /nas-ctm01/homes/fmferreira/MedImageInsights/2024.09.27/vision_model/medimageinsigt-v1.0.0.pt
[2025-12-16 16:24:48,790][MedImageInsight.UniCLModel][INFO] - => init lang_encoder.resblocks.6.ln_2.weight from /nas-ctm01/homes/fmferreira/MedImageInsights/2024.09.27/vision_model/medimageinsigt-v1.0.0.pt
[2025-12-16 16:24:48,790][MedImageInsight.UniCLModel][INFO] - => init lang_encoder.resblocks.6.mlp.c_fc.bias from /nas-ctm01/homes/fmferreira/MedImageInsights/2024.09.27/vision_model/medimageinsigt-v1.0.0.pt
[2025-12-16 16:24:48,790][MedImageInsight.UniCLModel][INFO] - => init lang_encoder.resblocks.6.mlp.c_fc.weight from /nas-ctm01/homes/fmferreira/MedImageInsights/2024.09.27/vision_model/medimageinsigt-v1.0.0.pt
[2025-12-16 16:24:48,790][MedImageInsight.UniCLModel][INFO] - => init lang_encoder.resblocks.6.mlp.c_proj.bias from /nas-ctm01/homes/fmferreira/MedImageInsights/2024.09.27/vision_model/medimageinsigt-v1.0.0.pt
[2025-12-16 16:24:48,790][MedImageInsight.UniCLModel][INFO] - => init lang_encoder.resblocks.6.mlp.c_proj.weight from /nas-ctm01/homes/fmferreira/MedImageInsights/2024.09.27/vision_model/medimageinsigt-v1.0.0.pt
[2025-12-16 16:24:48,790][MedImageInsight.UniCLModel][INFO] - => init lang_encoder.resblocks.7.attn.in_proj_bias from /nas-ctm01/homes/fmferreira/MedImageInsights/2024.09.27/vision_model/medimageinsigt-v1.0.0.pt
[2025-12-16 16:24:48,790][MedImageInsight.UniCLModel][INFO] - => init lang_encoder.resblocks.7.attn.in_proj_weight from /nas-ctm01/homes/fmferreira/MedImageInsights/2024.09.27/vision_model/medimageinsigt-v1.0.0.pt
[2025-12-16 16:24:48,790][MedImageInsight.UniCLModel][INFO] - => init lang_encoder.resblocks.7.attn.out_proj.bias from /nas-ctm01/homes/fmferreira/MedImageInsights/2024.09.27/vision_model/medimageinsigt-v1.0.0.pt
[2025-12-16 16:24:48,790][MedImageInsight.UniCLModel][INFO] - => init lang_encoder.resblocks.7.attn.out_proj.weight from /nas-ctm01/homes/fmferreira/MedImageInsights/2024.09.27/vision_model/medimageinsigt-v1.0.0.pt
[2025-12-16 16:24:48,790][MedImageInsight.UniCLModel][INFO] - => init lang_encoder.resblocks.7.ln_1.bias from /nas-ctm01/homes/fmferreira/MedImageInsights/2024.09.27/vision_model/medimageinsigt-v1.0.0.pt
[2025-12-16 16:24:48,790][MedImageInsight.UniCLModel][INFO] - => init lang_encoder.resblocks.7.ln_1.weight from /nas-ctm01/homes/fmferreira/MedImageInsights/2024.09.27/vision_model/medimageinsigt-v1.0.0.pt
[2025-12-16 16:24:48,790][MedImageInsight.UniCLModel][INFO] - => init lang_encoder.resblocks.7.ln_2.bias from /nas-ctm01/homes/fmferreira/MedImageInsights/2024.09.27/vision_model/medimageinsigt-v1.0.0.pt
[2025-12-16 16:24:48,790][MedImageInsight.UniCLModel][INFO] - => init lang_encoder.resblocks.7.ln_2.weight from /nas-ctm01/homes/fmferreira/MedImageInsights/2024.09.27/vision_model/medimageinsigt-v1.0.0.pt
[2025-12-16 16:24:48,790][MedImageInsight.UniCLModel][INFO] - => init lang_encoder.resblocks.7.mlp.c_fc.bias from /nas-ctm01/homes/fmferreira/MedImageInsights/2024.09.27/vision_model/medimageinsigt-v1.0.0.pt
[2025-12-16 16:24:48,790][MedImageInsight.UniCLModel][INFO] - => init lang_encoder.resblocks.7.mlp.c_fc.weight from /nas-ctm01/homes/fmferreira/MedImageInsights/2024.09.27/vision_model/medimageinsigt-v1.0.0.pt
[2025-12-16 16:24:48,790][MedImageInsight.UniCLModel][INFO] - => init lang_encoder.resblocks.7.mlp.c_proj.bias from /nas-ctm01/homes/fmferreira/MedImageInsights/2024.09.27/vision_model/medimageinsigt-v1.0.0.pt
[2025-12-16 16:24:48,790][MedImageInsight.UniCLModel][INFO] - => init lang_encoder.resblocks.7.mlp.c_proj.weight from /nas-ctm01/homes/fmferreira/MedImageInsights/2024.09.27/vision_model/medimageinsigt-v1.0.0.pt
[2025-12-16 16:24:48,790][MedImageInsight.UniCLModel][INFO] - => init lang_encoder.resblocks.8.attn.in_proj_bias from /nas-ctm01/homes/fmferreira/MedImageInsights/2024.09.27/vision_model/medimageinsigt-v1.0.0.pt
[2025-12-16 16:24:48,790][MedImageInsight.UniCLModel][INFO] - => init lang_encoder.resblocks.8.attn.in_proj_weight from /nas-ctm01/homes/fmferreira/MedImageInsights/2024.09.27/vision_model/medimageinsigt-v1.0.0.pt
[2025-12-16 16:24:48,790][MedImageInsight.UniCLModel][INFO] - => init lang_encoder.resblocks.8.attn.out_proj.bias from /nas-ctm01/homes/fmferreira/MedImageInsights/2024.09.27/vision_model/medimageinsigt-v1.0.0.pt
[2025-12-16 16:24:48,790][MedImageInsight.UniCLModel][INFO] - => init lang_encoder.resblocks.8.attn.out_proj.weight from /nas-ctm01/homes/fmferreira/MedImageInsights/2024.09.27/vision_model/medimageinsigt-v1.0.0.pt
[2025-12-16 16:24:48,790][MedImageInsight.UniCLModel][INFO] - => init lang_encoder.resblocks.8.ln_1.bias from /nas-ctm01/homes/fmferreira/MedImageInsights/2024.09.27/vision_model/medimageinsigt-v1.0.0.pt
[2025-12-16 16:24:48,790][MedImageInsight.UniCLModel][INFO] - => init lang_encoder.resblocks.8.ln_1.weight from /nas-ctm01/homes/fmferreira/MedImageInsights/2024.09.27/vision_model/medimageinsigt-v1.0.0.pt
[2025-12-16 16:24:48,790][MedImageInsight.UniCLModel][INFO] - => init lang_encoder.resblocks.8.ln_2.bias from /nas-ctm01/homes/fmferreira/MedImageInsights/2024.09.27/vision_model/medimageinsigt-v1.0.0.pt
[2025-12-16 16:24:48,790][MedImageInsight.UniCLModel][INFO] - => init lang_encoder.resblocks.8.ln_2.weight from /nas-ctm01/homes/fmferreira/MedImageInsights/2024.09.27/vision_model/medimageinsigt-v1.0.0.pt
[2025-12-16 16:24:48,790][MedImageInsight.UniCLModel][INFO] - => init lang_encoder.resblocks.8.mlp.c_fc.bias from /nas-ctm01/homes/fmferreira/MedImageInsights/2024.09.27/vision_model/medimageinsigt-v1.0.0.pt
[2025-12-16 16:24:48,790][MedImageInsight.UniCLModel][INFO] - => init lang_encoder.resblocks.8.mlp.c_fc.weight from /nas-ctm01/homes/fmferreira/MedImageInsights/2024.09.27/vision_model/medimageinsigt-v1.0.0.pt
[2025-12-16 16:24:48,790][MedImageInsight.UniCLModel][INFO] - => init lang_encoder.resblocks.8.mlp.c_proj.bias from /nas-ctm01/homes/fmferreira/MedImageInsights/2024.09.27/vision_model/medimageinsigt-v1.0.0.pt
[2025-12-16 16:24:48,790][MedImageInsight.UniCLModel][INFO] - => init lang_encoder.resblocks.8.mlp.c_proj.weight from /nas-ctm01/homes/fmferreira/MedImageInsights/2024.09.27/vision_model/medimageinsigt-v1.0.0.pt
[2025-12-16 16:24:48,790][MedImageInsight.UniCLModel][INFO] - => init lang_encoder.resblocks.9.attn.in_proj_bias from /nas-ctm01/homes/fmferreira/MedImageInsights/2024.09.27/vision_model/medimageinsigt-v1.0.0.pt
[2025-12-16 16:24:48,790][MedImageInsight.UniCLModel][INFO] - => init lang_encoder.resblocks.9.attn.in_proj_weight from /nas-ctm01/homes/fmferreira/MedImageInsights/2024.09.27/vision_model/medimageinsigt-v1.0.0.pt
[2025-12-16 16:24:48,790][MedImageInsight.UniCLModel][INFO] - => init lang_encoder.resblocks.9.attn.out_proj.bias from /nas-ctm01/homes/fmferreira/MedImageInsights/2024.09.27/vision_model/medimageinsigt-v1.0.0.pt
[2025-12-16 16:24:48,790][MedImageInsight.UniCLModel][INFO] - => init lang_encoder.resblocks.9.attn.out_proj.weight from /nas-ctm01/homes/fmferreira/MedImageInsights/2024.09.27/vision_model/medimageinsigt-v1.0.0.pt
[2025-12-16 16:24:48,790][MedImageInsight.UniCLModel][INFO] - => init lang_encoder.resblocks.9.ln_1.bias from /nas-ctm01/homes/fmferreira/MedImageInsights/2024.09.27/vision_model/medimageinsigt-v1.0.0.pt
[2025-12-16 16:24:48,790][MedImageInsight.UniCLModel][INFO] - => init lang_encoder.resblocks.9.ln_1.weight from /nas-ctm01/homes/fmferreira/MedImageInsights/2024.09.27/vision_model/medimageinsigt-v1.0.0.pt
[2025-12-16 16:24:48,790][MedImageInsight.UniCLModel][INFO] - => init lang_encoder.resblocks.9.ln_2.bias from /nas-ctm01/homes/fmferreira/MedImageInsights/2024.09.27/vision_model/medimageinsigt-v1.0.0.pt
[2025-12-16 16:24:48,790][MedImageInsight.UniCLModel][INFO] - => init lang_encoder.resblocks.9.ln_2.weight from /nas-ctm01/homes/fmferreira/MedImageInsights/2024.09.27/vision_model/medimageinsigt-v1.0.0.pt
[2025-12-16 16:24:48,790][MedImageInsight.UniCLModel][INFO] - => init lang_encoder.resblocks.9.mlp.c_fc.bias from /nas-ctm01/homes/fmferreira/MedImageInsights/2024.09.27/vision_model/medimageinsigt-v1.0.0.pt
[2025-12-16 16:24:48,790][MedImageInsight.UniCLModel][INFO] - => init lang_encoder.resblocks.9.mlp.c_fc.weight from /nas-ctm01/homes/fmferreira/MedImageInsights/2024.09.27/vision_model/medimageinsigt-v1.0.0.pt
[2025-12-16 16:24:48,790][MedImageInsight.UniCLModel][INFO] - => init lang_encoder.resblocks.9.mlp.c_proj.bias from /nas-ctm01/homes/fmferreira/MedImageInsights/2024.09.27/vision_model/medimageinsigt-v1.0.0.pt
[2025-12-16 16:24:48,790][MedImageInsight.UniCLModel][INFO] - => init lang_encoder.resblocks.9.mlp.c_proj.weight from /nas-ctm01/homes/fmferreira/MedImageInsights/2024.09.27/vision_model/medimageinsigt-v1.0.0.pt
[2025-12-16 16:24:48,790][MedImageInsight.UniCLModel][INFO] - => init lang_encoder.token_embedding.weight from /nas-ctm01/homes/fmferreira/MedImageInsights/2024.09.27/vision_model/medimageinsigt-v1.0.0.pt
[2025-12-16 16:24:48,790][MedImageInsight.UniCLModel][INFO] - => init lang_projection from /nas-ctm01/homes/fmferreira/MedImageInsights/2024.09.27/vision_model/medimageinsigt-v1.0.0.pt
[2025-12-16 16:24:48,791][MedImageInsight.UniCLModel][INFO] - => init logit_scale from /nas-ctm01/homes/fmferreira/MedImageInsights/2024.09.27/vision_model/medimageinsigt-v1.0.0.pt
[2025-12-16 16:24:48,793][MedImageInsight.ImageEncoder.davit_v1][INFO] - => init blocks.0.0.channel_block.channel_attn.fn.proj.bias from pretrained state dict
[2025-12-16 16:24:48,793][MedImageInsight.ImageEncoder.davit_v1][INFO] - => init blocks.0.0.channel_block.channel_attn.fn.proj.weight from pretrained state dict
[2025-12-16 16:24:48,793][MedImageInsight.ImageEncoder.davit_v1][INFO] - => init blocks.0.0.channel_block.channel_attn.fn.qkv.bias from pretrained state dict
[2025-12-16 16:24:48,793][MedImageInsight.ImageEncoder.davit_v1][INFO] - => init blocks.0.0.channel_block.channel_attn.fn.qkv.weight from pretrained state dict
[2025-12-16 16:24:48,793][MedImageInsight.ImageEncoder.davit_v1][INFO] - => init blocks.0.0.channel_block.channel_attn.norm.bias from pretrained state dict
[2025-12-16 16:24:48,793][MedImageInsight.ImageEncoder.davit_v1][INFO] - => init blocks.0.0.channel_block.channel_attn.norm.weight from pretrained state dict
[2025-12-16 16:24:48,793][MedImageInsight.ImageEncoder.davit_v1][INFO] - => init blocks.0.0.channel_block.conv1.fn.dw.bias from pretrained state dict
[2025-12-16 16:24:48,793][MedImageInsight.ImageEncoder.davit_v1][INFO] - => init blocks.0.0.channel_block.conv1.fn.dw.weight from pretrained state dict
[2025-12-16 16:24:48,793][MedImageInsight.ImageEncoder.davit_v1][INFO] - => init blocks.0.0.channel_block.conv2.fn.dw.bias from pretrained state dict
[2025-12-16 16:24:48,793][MedImageInsight.ImageEncoder.davit_v1][INFO] - => init blocks.0.0.channel_block.conv2.fn.dw.weight from pretrained state dict
[2025-12-16 16:24:48,793][MedImageInsight.ImageEncoder.davit_v1][INFO] - => init blocks.0.0.channel_block.ffn.fn.net.fc1.bias from pretrained state dict
[2025-12-16 16:24:48,793][MedImageInsight.ImageEncoder.davit_v1][INFO] - => init blocks.0.0.channel_block.ffn.fn.net.fc1.weight from pretrained state dict
[2025-12-16 16:24:48,793][MedImageInsight.ImageEncoder.davit_v1][INFO] - => init blocks.0.0.channel_block.ffn.fn.net.fc2.bias from pretrained state dict
[2025-12-16 16:24:48,793][MedImageInsight.ImageEncoder.davit_v1][INFO] - => init blocks.0.0.channel_block.ffn.fn.net.fc2.weight from pretrained state dict
[2025-12-16 16:24:48,793][MedImageInsight.ImageEncoder.davit_v1][INFO] - => init blocks.0.0.channel_block.ffn.norm.bias from pretrained state dict
[2025-12-16 16:24:48,793][MedImageInsight.ImageEncoder.davit_v1][INFO] - => init blocks.0.0.channel_block.ffn.norm.weight from pretrained state dict
[2025-12-16 16:24:48,793][MedImageInsight.ImageEncoder.davit_v1][INFO] - => init blocks.0.0.spatial_block.conv1.fn.dw.bias from pretrained state dict
[2025-12-16 16:24:48,793][MedImageInsight.ImageEncoder.davit_v1][INFO] - => init blocks.0.0.spatial_block.conv1.fn.dw.weight from pretrained state dict
[2025-12-16 16:24:48,793][MedImageInsight.ImageEncoder.davit_v1][INFO] - => init blocks.0.0.spatial_block.conv2.fn.dw.bias from pretrained state dict
[2025-12-16 16:24:48,793][MedImageInsight.ImageEncoder.davit_v1][INFO] - => init blocks.0.0.spatial_block.conv2.fn.dw.weight from pretrained state dict
[2025-12-16 16:24:48,793][MedImageInsight.ImageEncoder.davit_v1][INFO] - => init blocks.0.0.spatial_block.ffn.fn.net.fc1.bias from pretrained state dict
[2025-12-16 16:24:48,793][MedImageInsight.ImageEncoder.davit_v1][INFO] - => init blocks.0.0.spatial_block.ffn.fn.net.fc1.weight from pretrained state dict
[2025-12-16 16:24:48,793][MedImageInsight.ImageEncoder.davit_v1][INFO] - => init blocks.0.0.spatial_block.ffn.fn.net.fc2.bias from pretrained state dict
[2025-12-16 16:24:48,793][MedImageInsight.ImageEncoder.davit_v1][INFO] - => init blocks.0.0.spatial_block.ffn.fn.net.fc2.weight from pretrained state dict
[2025-12-16 16:24:48,793][MedImageInsight.ImageEncoder.davit_v1][INFO] - => init blocks.0.0.spatial_block.ffn.norm.bias from pretrained state dict
[2025-12-16 16:24:48,793][MedImageInsight.ImageEncoder.davit_v1][INFO] - => init blocks.0.0.spatial_block.ffn.norm.weight from pretrained state dict
[2025-12-16 16:24:48,793][MedImageInsight.ImageEncoder.davit_v1][INFO] - => init blocks.0.0.spatial_block.window_attn.fn.proj.bias from pretrained state dict
[2025-12-16 16:24:48,793][MedImageInsight.ImageEncoder.davit_v1][INFO] - => init blocks.0.0.spatial_block.window_attn.fn.proj.weight from pretrained state dict
[2025-12-16 16:24:48,794][MedImageInsight.ImageEncoder.davit_v1][INFO] - => init blocks.0.0.spatial_block.window_attn.fn.qkv.bias from pretrained state dict
[2025-12-16 16:24:48,794][MedImageInsight.ImageEncoder.davit_v1][INFO] - => init blocks.0.0.spatial_block.window_attn.fn.qkv.weight from pretrained state dict
[2025-12-16 16:24:48,794][MedImageInsight.ImageEncoder.davit_v1][INFO] - => init blocks.0.0.spatial_block.window_attn.norm.bias from pretrained state dict
[2025-12-16 16:24:48,794][MedImageInsight.ImageEncoder.davit_v1][INFO] - => init blocks.0.0.spatial_block.window_attn.norm.weight from pretrained state dict
[2025-12-16 16:24:48,794][MedImageInsight.ImageEncoder.davit_v1][INFO] - => init blocks.1.0.channel_block.channel_attn.fn.proj.bias from pretrained state dict
[2025-12-16 16:24:48,794][MedImageInsight.ImageEncoder.davit_v1][INFO] - => init blocks.1.0.channel_block.channel_attn.fn.proj.weight from pretrained state dict
[2025-12-16 16:24:48,794][MedImageInsight.ImageEncoder.davit_v1][INFO] - => init blocks.1.0.channel_block.channel_attn.fn.qkv.bias from pretrained state dict
[2025-12-16 16:24:48,794][MedImageInsight.ImageEncoder.davit_v1][INFO] - => init blocks.1.0.channel_block.channel_attn.fn.qkv.weight from pretrained state dict
[2025-12-16 16:24:48,794][MedImageInsight.ImageEncoder.davit_v1][INFO] - => init blocks.1.0.channel_block.channel_attn.norm.bias from pretrained state dict
[2025-12-16 16:24:48,794][MedImageInsight.ImageEncoder.davit_v1][INFO] - => init blocks.1.0.channel_block.channel_attn.norm.weight from pretrained state dict
[2025-12-16 16:24:48,794][MedImageInsight.ImageEncoder.davit_v1][INFO] - => init blocks.1.0.channel_block.conv1.fn.dw.bias from pretrained state dict
[2025-12-16 16:24:48,794][MedImageInsight.ImageEncoder.davit_v1][INFO] - => init blocks.1.0.channel_block.conv1.fn.dw.weight from pretrained state dict
[2025-12-16 16:24:48,794][MedImageInsight.ImageEncoder.davit_v1][INFO] - => init blocks.1.0.channel_block.conv2.fn.dw.bias from pretrained state dict
[2025-12-16 16:24:48,794][MedImageInsight.ImageEncoder.davit_v1][INFO] - => init blocks.1.0.channel_block.conv2.fn.dw.weight from pretrained state dict
[2025-12-16 16:24:48,794][MedImageInsight.ImageEncoder.davit_v1][INFO] - => init blocks.1.0.channel_block.ffn.fn.net.fc1.bias from pretrained state dict
[2025-12-16 16:24:48,794][MedImageInsight.ImageEncoder.davit_v1][INFO] - => init blocks.1.0.channel_block.ffn.fn.net.fc1.weight from pretrained state dict
[2025-12-16 16:24:48,794][MedImageInsight.ImageEncoder.davit_v1][INFO] - => init blocks.1.0.channel_block.ffn.fn.net.fc2.bias from pretrained state dict
[2025-12-16 16:24:48,794][MedImageInsight.ImageEncoder.davit_v1][INFO] - => init blocks.1.0.channel_block.ffn.fn.net.fc2.weight from pretrained state dict
[2025-12-16 16:24:48,794][MedImageInsight.ImageEncoder.davit_v1][INFO] - => init blocks.1.0.channel_block.ffn.norm.bias from pretrained state dict
[2025-12-16 16:24:48,794][MedImageInsight.ImageEncoder.davit_v1][INFO] - => init blocks.1.0.channel_block.ffn.norm.weight from pretrained state dict
[2025-12-16 16:24:48,794][MedImageInsight.ImageEncoder.davit_v1][INFO] - => init blocks.1.0.spatial_block.conv1.fn.dw.bias from pretrained state dict
[2025-12-16 16:24:48,794][MedImageInsight.ImageEncoder.davit_v1][INFO] - => init blocks.1.0.spatial_block.conv1.fn.dw.weight from pretrained state dict
[2025-12-16 16:24:48,794][MedImageInsight.ImageEncoder.davit_v1][INFO] - => init blocks.1.0.spatial_block.conv2.fn.dw.bias from pretrained state dict
[2025-12-16 16:24:48,794][MedImageInsight.ImageEncoder.davit_v1][INFO] - => init blocks.1.0.spatial_block.conv2.fn.dw.weight from pretrained state dict
[2025-12-16 16:24:48,794][MedImageInsight.ImageEncoder.davit_v1][INFO] - => init blocks.1.0.spatial_block.ffn.fn.net.fc1.bias from pretrained state dict
[2025-12-16 16:24:48,794][MedImageInsight.ImageEncoder.davit_v1][INFO] - => init blocks.1.0.spatial_block.ffn.fn.net.fc1.weight from pretrained state dict
[2025-12-16 16:24:48,794][MedImageInsight.ImageEncoder.davit_v1][INFO] - => init blocks.1.0.spatial_block.ffn.fn.net.fc2.bias from pretrained state dict
[2025-12-16 16:24:48,794][MedImageInsight.ImageEncoder.davit_v1][INFO] - => init blocks.1.0.spatial_block.ffn.fn.net.fc2.weight from pretrained state dict
[2025-12-16 16:24:48,794][MedImageInsight.ImageEncoder.davit_v1][INFO] - => init blocks.1.0.spatial_block.ffn.norm.bias from pretrained state dict
[2025-12-16 16:24:48,794][MedImageInsight.ImageEncoder.davit_v1][INFO] - => init blocks.1.0.spatial_block.ffn.norm.weight from pretrained state dict
[2025-12-16 16:24:48,794][MedImageInsight.ImageEncoder.davit_v1][INFO] - => init blocks.1.0.spatial_block.window_attn.fn.proj.bias from pretrained state dict
[2025-12-16 16:24:48,794][MedImageInsight.ImageEncoder.davit_v1][INFO] - => init blocks.1.0.spatial_block.window_attn.fn.proj.weight from pretrained state dict
[2025-12-16 16:24:48,794][MedImageInsight.ImageEncoder.davit_v1][INFO] - => init blocks.1.0.spatial_block.window_attn.fn.qkv.bias from pretrained state dict
[2025-12-16 16:24:48,794][MedImageInsight.ImageEncoder.davit_v1][INFO] - => init blocks.1.0.spatial_block.window_attn.fn.qkv.weight from pretrained state dict
[2025-12-16 16:24:48,794][MedImageInsight.ImageEncoder.davit_v1][INFO] - => init blocks.1.0.spatial_block.window_attn.norm.bias from pretrained state dict
[2025-12-16 16:24:48,794][MedImageInsight.ImageEncoder.davit_v1][INFO] - => init blocks.1.0.spatial_block.window_attn.norm.weight from pretrained state dict
[2025-12-16 16:24:48,794][MedImageInsight.ImageEncoder.davit_v1][INFO] - => init blocks.2.0.channel_block.channel_attn.fn.proj.bias from pretrained state dict
[2025-12-16 16:24:48,794][MedImageInsight.ImageEncoder.davit_v1][INFO] - => init blocks.2.0.channel_block.channel_attn.fn.proj.weight from pretrained state dict
[2025-12-16 16:24:48,794][MedImageInsight.ImageEncoder.davit_v1][INFO] - => init blocks.2.0.channel_block.channel_attn.fn.qkv.bias from pretrained state dict
[2025-12-16 16:24:48,794][MedImageInsight.ImageEncoder.davit_v1][INFO] - => init blocks.2.0.channel_block.channel_attn.fn.qkv.weight from pretrained state dict
[2025-12-16 16:24:48,794][MedImageInsight.ImageEncoder.davit_v1][INFO] - => init blocks.2.0.channel_block.channel_attn.norm.bias from pretrained state dict
[2025-12-16 16:24:48,794][MedImageInsight.ImageEncoder.davit_v1][INFO] - => init blocks.2.0.channel_block.channel_attn.norm.weight from pretrained state dict
[2025-12-16 16:24:48,794][MedImageInsight.ImageEncoder.davit_v1][INFO] - => init blocks.2.0.channel_block.conv1.fn.dw.bias from pretrained state dict
[2025-12-16 16:24:48,794][MedImageInsight.ImageEncoder.davit_v1][INFO] - => init blocks.2.0.channel_block.conv1.fn.dw.weight from pretrained state dict
[2025-12-16 16:24:48,794][MedImageInsight.ImageEncoder.davit_v1][INFO] - => init blocks.2.0.channel_block.conv2.fn.dw.bias from pretrained state dict
[2025-12-16 16:24:48,794][MedImageInsight.ImageEncoder.davit_v1][INFO] - => init blocks.2.0.channel_block.conv2.fn.dw.weight from pretrained state dict
[2025-12-16 16:24:48,794][MedImageInsight.ImageEncoder.davit_v1][INFO] - => init blocks.2.0.channel_block.ffn.fn.net.fc1.bias from pretrained state dict
[2025-12-16 16:24:48,794][MedImageInsight.ImageEncoder.davit_v1][INFO] - => init blocks.2.0.channel_block.ffn.fn.net.fc1.weight from pretrained state dict
[2025-12-16 16:24:48,794][MedImageInsight.ImageEncoder.davit_v1][INFO] - => init blocks.2.0.channel_block.ffn.fn.net.fc2.bias from pretrained state dict
[2025-12-16 16:24:48,794][MedImageInsight.ImageEncoder.davit_v1][INFO] - => init blocks.2.0.channel_block.ffn.fn.net.fc2.weight from pretrained state dict
[2025-12-16 16:24:48,794][MedImageInsight.ImageEncoder.davit_v1][INFO] - => init blocks.2.0.channel_block.ffn.norm.bias from pretrained state dict
[2025-12-16 16:24:48,794][MedImageInsight.ImageEncoder.davit_v1][INFO] - => init blocks.2.0.channel_block.ffn.norm.weight from pretrained state dict
[2025-12-16 16:24:48,794][MedImageInsight.ImageEncoder.davit_v1][INFO] - => init blocks.2.0.spatial_block.conv1.fn.dw.bias from pretrained state dict
[2025-12-16 16:24:48,794][MedImageInsight.ImageEncoder.davit_v1][INFO] - => init blocks.2.0.spatial_block.conv1.fn.dw.weight from pretrained state dict
[2025-12-16 16:24:48,794][MedImageInsight.ImageEncoder.davit_v1][INFO] - => init blocks.2.0.spatial_block.conv2.fn.dw.bias from pretrained state dict
[2025-12-16 16:24:48,794][MedImageInsight.ImageEncoder.davit_v1][INFO] - => init blocks.2.0.spatial_block.conv2.fn.dw.weight from pretrained state dict
[2025-12-16 16:24:48,794][MedImageInsight.ImageEncoder.davit_v1][INFO] - => init blocks.2.0.spatial_block.ffn.fn.net.fc1.bias from pretrained state dict
[2025-12-16 16:24:48,794][MedImageInsight.ImageEncoder.davit_v1][INFO] - => init blocks.2.0.spatial_block.ffn.fn.net.fc1.weight from pretrained state dict
[2025-12-16 16:24:48,794][MedImageInsight.ImageEncoder.davit_v1][INFO] - => init blocks.2.0.spatial_block.ffn.fn.net.fc2.bias from pretrained state dict
[2025-12-16 16:24:48,795][MedImageInsight.ImageEncoder.davit_v1][INFO] - => init blocks.2.0.spatial_block.ffn.fn.net.fc2.weight from pretrained state dict
[2025-12-16 16:24:48,795][MedImageInsight.ImageEncoder.davit_v1][INFO] - => init blocks.2.0.spatial_block.ffn.norm.bias from pretrained state dict
[2025-12-16 16:24:48,795][MedImageInsight.ImageEncoder.davit_v1][INFO] - => init blocks.2.0.spatial_block.ffn.norm.weight from pretrained state dict
[2025-12-16 16:24:48,795][MedImageInsight.ImageEncoder.davit_v1][INFO] - => init blocks.2.0.spatial_block.window_attn.fn.proj.bias from pretrained state dict
[2025-12-16 16:24:48,795][MedImageInsight.ImageEncoder.davit_v1][INFO] - => init blocks.2.0.spatial_block.window_attn.fn.proj.weight from pretrained state dict
[2025-12-16 16:24:48,795][MedImageInsight.ImageEncoder.davit_v1][INFO] - => init blocks.2.0.spatial_block.window_attn.fn.qkv.bias from pretrained state dict
[2025-12-16 16:24:48,795][MedImageInsight.ImageEncoder.davit_v1][INFO] - => init blocks.2.0.spatial_block.window_attn.fn.qkv.weight from pretrained state dict
[2025-12-16 16:24:48,795][MedImageInsight.ImageEncoder.davit_v1][INFO] - => init blocks.2.0.spatial_block.window_attn.norm.bias from pretrained state dict
[2025-12-16 16:24:48,795][MedImageInsight.ImageEncoder.davit_v1][INFO] - => init blocks.2.0.spatial_block.window_attn.norm.weight from pretrained state dict
[2025-12-16 16:24:48,795][MedImageInsight.ImageEncoder.davit_v1][INFO] - => init blocks.2.1.channel_block.channel_attn.fn.proj.bias from pretrained state dict
[2025-12-16 16:24:48,795][MedImageInsight.ImageEncoder.davit_v1][INFO] - => init blocks.2.1.channel_block.channel_attn.fn.proj.weight from pretrained state dict
[2025-12-16 16:24:48,795][MedImageInsight.ImageEncoder.davit_v1][INFO] - => init blocks.2.1.channel_block.channel_attn.fn.qkv.bias from pretrained state dict
[2025-12-16 16:24:48,795][MedImageInsight.ImageEncoder.davit_v1][INFO] - => init blocks.2.1.channel_block.channel_attn.fn.qkv.weight from pretrained state dict
[2025-12-16 16:24:48,795][MedImageInsight.ImageEncoder.davit_v1][INFO] - => init blocks.2.1.channel_block.channel_attn.norm.bias from pretrained state dict
[2025-12-16 16:24:48,795][MedImageInsight.ImageEncoder.davit_v1][INFO] - => init blocks.2.1.channel_block.channel_attn.norm.weight from pretrained state dict
[2025-12-16 16:24:48,795][MedImageInsight.ImageEncoder.davit_v1][INFO] - => init blocks.2.1.channel_block.conv1.fn.dw.bias from pretrained state dict
[2025-12-16 16:24:48,795][MedImageInsight.ImageEncoder.davit_v1][INFO] - => init blocks.2.1.channel_block.conv1.fn.dw.weight from pretrained state dict
[2025-12-16 16:24:48,795][MedImageInsight.ImageEncoder.davit_v1][INFO] - => init blocks.2.1.channel_block.conv2.fn.dw.bias from pretrained state dict
[2025-12-16 16:24:48,795][MedImageInsight.ImageEncoder.davit_v1][INFO] - => init blocks.2.1.channel_block.conv2.fn.dw.weight from pretrained state dict
[2025-12-16 16:24:48,795][MedImageInsight.ImageEncoder.davit_v1][INFO] - => init blocks.2.1.channel_block.ffn.fn.net.fc1.bias from pretrained state dict
[2025-12-16 16:24:48,795][MedImageInsight.ImageEncoder.davit_v1][INFO] - => init blocks.2.1.channel_block.ffn.fn.net.fc1.weight from pretrained state dict
[2025-12-16 16:24:48,795][MedImageInsight.ImageEncoder.davit_v1][INFO] - => init blocks.2.1.channel_block.ffn.fn.net.fc2.bias from pretrained state dict
[2025-12-16 16:24:48,795][MedImageInsight.ImageEncoder.davit_v1][INFO] - => init blocks.2.1.channel_block.ffn.fn.net.fc2.weight from pretrained state dict
[2025-12-16 16:24:48,795][MedImageInsight.ImageEncoder.davit_v1][INFO] - => init blocks.2.1.channel_block.ffn.norm.bias from pretrained state dict
[2025-12-16 16:24:48,795][MedImageInsight.ImageEncoder.davit_v1][INFO] - => init blocks.2.1.channel_block.ffn.norm.weight from pretrained state dict
[2025-12-16 16:24:48,795][MedImageInsight.ImageEncoder.davit_v1][INFO] - => init blocks.2.1.spatial_block.conv1.fn.dw.bias from pretrained state dict
[2025-12-16 16:24:48,795][MedImageInsight.ImageEncoder.davit_v1][INFO] - => init blocks.2.1.spatial_block.conv1.fn.dw.weight from pretrained state dict
[2025-12-16 16:24:48,795][MedImageInsight.ImageEncoder.davit_v1][INFO] - => init blocks.2.1.spatial_block.conv2.fn.dw.bias from pretrained state dict
[2025-12-16 16:24:48,795][MedImageInsight.ImageEncoder.davit_v1][INFO] - => init blocks.2.1.spatial_block.conv2.fn.dw.weight from pretrained state dict
[2025-12-16 16:24:48,795][MedImageInsight.ImageEncoder.davit_v1][INFO] - => init blocks.2.1.spatial_block.ffn.fn.net.fc1.bias from pretrained state dict
[2025-12-16 16:24:48,795][MedImageInsight.ImageEncoder.davit_v1][INFO] - => init blocks.2.1.spatial_block.ffn.fn.net.fc1.weight from pretrained state dict
[2025-12-16 16:24:48,795][MedImageInsight.ImageEncoder.davit_v1][INFO] - => init blocks.2.1.spatial_block.ffn.fn.net.fc2.bias from pretrained state dict
[2025-12-16 16:24:48,795][MedImageInsight.ImageEncoder.davit_v1][INFO] - => init blocks.2.1.spatial_block.ffn.fn.net.fc2.weight from pretrained state dict
[2025-12-16 16:24:48,795][MedImageInsight.ImageEncoder.davit_v1][INFO] - => init blocks.2.1.spatial_block.ffn.norm.bias from pretrained state dict
[2025-12-16 16:24:48,795][MedImageInsight.ImageEncoder.davit_v1][INFO] - => init blocks.2.1.spatial_block.ffn.norm.weight from pretrained state dict
[2025-12-16 16:24:48,795][MedImageInsight.ImageEncoder.davit_v1][INFO] - => init blocks.2.1.spatial_block.window_attn.fn.proj.bias from pretrained state dict
[2025-12-16 16:24:48,795][MedImageInsight.ImageEncoder.davit_v1][INFO] - => init blocks.2.1.spatial_block.window_attn.fn.proj.weight from pretrained state dict
[2025-12-16 16:24:48,795][MedImageInsight.ImageEncoder.davit_v1][INFO] - => init blocks.2.1.spatial_block.window_attn.fn.qkv.bias from pretrained state dict
[2025-12-16 16:24:48,795][MedImageInsight.ImageEncoder.davit_v1][INFO] - => init blocks.2.1.spatial_block.window_attn.fn.qkv.weight from pretrained state dict
[2025-12-16 16:24:48,795][MedImageInsight.ImageEncoder.davit_v1][INFO] - => init blocks.2.1.spatial_block.window_attn.norm.bias from pretrained state dict
[2025-12-16 16:24:48,795][MedImageInsight.ImageEncoder.davit_v1][INFO] - => init blocks.2.1.spatial_block.window_attn.norm.weight from pretrained state dict
[2025-12-16 16:24:48,795][MedImageInsight.ImageEncoder.davit_v1][INFO] - => init blocks.2.2.channel_block.channel_attn.fn.proj.bias from pretrained state dict
[2025-12-16 16:24:48,795][MedImageInsight.ImageEncoder.davit_v1][INFO] - => init blocks.2.2.channel_block.channel_attn.fn.proj.weight from pretrained state dict
[2025-12-16 16:24:48,795][MedImageInsight.ImageEncoder.davit_v1][INFO] - => init blocks.2.2.channel_block.channel_attn.fn.qkv.bias from pretrained state dict
[2025-12-16 16:24:48,795][MedImageInsight.ImageEncoder.davit_v1][INFO] - => init blocks.2.2.channel_block.channel_attn.fn.qkv.weight from pretrained state dict
[2025-12-16 16:24:48,795][MedImageInsight.ImageEncoder.davit_v1][INFO] - => init blocks.2.2.channel_block.channel_attn.norm.bias from pretrained state dict
[2025-12-16 16:24:48,795][MedImageInsight.ImageEncoder.davit_v1][INFO] - => init blocks.2.2.channel_block.channel_attn.norm.weight from pretrained state dict
[2025-12-16 16:24:48,795][MedImageInsight.ImageEncoder.davit_v1][INFO] - => init blocks.2.2.channel_block.conv1.fn.dw.bias from pretrained state dict
[2025-12-16 16:24:48,795][MedImageInsight.ImageEncoder.davit_v1][INFO] - => init blocks.2.2.channel_block.conv1.fn.dw.weight from pretrained state dict
[2025-12-16 16:24:48,795][MedImageInsight.ImageEncoder.davit_v1][INFO] - => init blocks.2.2.channel_block.conv2.fn.dw.bias from pretrained state dict
[2025-12-16 16:24:48,795][MedImageInsight.ImageEncoder.davit_v1][INFO] - => init blocks.2.2.channel_block.conv2.fn.dw.weight from pretrained state dict
[2025-12-16 16:24:48,795][MedImageInsight.ImageEncoder.davit_v1][INFO] - => init blocks.2.2.channel_block.ffn.fn.net.fc1.bias from pretrained state dict
[2025-12-16 16:24:48,795][MedImageInsight.ImageEncoder.davit_v1][INFO] - => init blocks.2.2.channel_block.ffn.fn.net.fc1.weight from pretrained state dict
[2025-12-16 16:24:48,795][MedImageInsight.ImageEncoder.davit_v1][INFO] - => init blocks.2.2.channel_block.ffn.fn.net.fc2.bias from pretrained state dict
[2025-12-16 16:24:48,795][MedImageInsight.ImageEncoder.davit_v1][INFO] - => init blocks.2.2.channel_block.ffn.fn.net.fc2.weight from pretrained state dict
[2025-12-16 16:24:48,795][MedImageInsight.ImageEncoder.davit_v1][INFO] - => init blocks.2.2.channel_block.ffn.norm.bias from pretrained state dict
[2025-12-16 16:24:48,795][MedImageInsight.ImageEncoder.davit_v1][INFO] - => init blocks.2.2.channel_block.ffn.norm.weight from pretrained state dict
[2025-12-16 16:24:48,795][MedImageInsight.ImageEncoder.davit_v1][INFO] - => init blocks.2.2.spatial_block.conv1.fn.dw.bias from pretrained state dict
[2025-12-16 16:24:48,795][MedImageInsight.ImageEncoder.davit_v1][INFO] - => init blocks.2.2.spatial_block.conv1.fn.dw.weight from pretrained state dict
[2025-12-16 16:24:48,795][MedImageInsight.ImageEncoder.davit_v1][INFO] - => init blocks.2.2.spatial_block.conv2.fn.dw.bias from pretrained state dict
[2025-12-16 16:24:48,796][MedImageInsight.ImageEncoder.davit_v1][INFO] - => init blocks.2.2.spatial_block.conv2.fn.dw.weight from pretrained state dict
[2025-12-16 16:24:48,796][MedImageInsight.ImageEncoder.davit_v1][INFO] - => init blocks.2.2.spatial_block.ffn.fn.net.fc1.bias from pretrained state dict
[2025-12-16 16:24:48,796][MedImageInsight.ImageEncoder.davit_v1][INFO] - => init blocks.2.2.spatial_block.ffn.fn.net.fc1.weight from pretrained state dict
[2025-12-16 16:24:48,796][MedImageInsight.ImageEncoder.davit_v1][INFO] - => init blocks.2.2.spatial_block.ffn.fn.net.fc2.bias from pretrained state dict
[2025-12-16 16:24:48,796][MedImageInsight.ImageEncoder.davit_v1][INFO] - => init blocks.2.2.spatial_block.ffn.fn.net.fc2.weight from pretrained state dict
[2025-12-16 16:24:48,796][MedImageInsight.ImageEncoder.davit_v1][INFO] - => init blocks.2.2.spatial_block.ffn.norm.bias from pretrained state dict
[2025-12-16 16:24:48,796][MedImageInsight.ImageEncoder.davit_v1][INFO] - => init blocks.2.2.spatial_block.ffn.norm.weight from pretrained state dict
[2025-12-16 16:24:48,796][MedImageInsight.ImageEncoder.davit_v1][INFO] - => init blocks.2.2.spatial_block.window_attn.fn.proj.bias from pretrained state dict
[2025-12-16 16:24:48,796][MedImageInsight.ImageEncoder.davit_v1][INFO] - => init blocks.2.2.spatial_block.window_attn.fn.proj.weight from pretrained state dict
[2025-12-16 16:24:48,796][MedImageInsight.ImageEncoder.davit_v1][INFO] - => init blocks.2.2.spatial_block.window_attn.fn.qkv.bias from pretrained state dict
[2025-12-16 16:24:48,796][MedImageInsight.ImageEncoder.davit_v1][INFO] - => init blocks.2.2.spatial_block.window_attn.fn.qkv.weight from pretrained state dict
[2025-12-16 16:24:48,796][MedImageInsight.ImageEncoder.davit_v1][INFO] - => init blocks.2.2.spatial_block.window_attn.norm.bias from pretrained state dict
[2025-12-16 16:24:48,796][MedImageInsight.ImageEncoder.davit_v1][INFO] - => init blocks.2.2.spatial_block.window_attn.norm.weight from pretrained state dict
[2025-12-16 16:24:48,796][MedImageInsight.ImageEncoder.davit_v1][INFO] - => init blocks.2.3.channel_block.channel_attn.fn.proj.bias from pretrained state dict
[2025-12-16 16:24:48,796][MedImageInsight.ImageEncoder.davit_v1][INFO] - => init blocks.2.3.channel_block.channel_attn.fn.proj.weight from pretrained state dict
[2025-12-16 16:24:48,796][MedImageInsight.ImageEncoder.davit_v1][INFO] - => init blocks.2.3.channel_block.channel_attn.fn.qkv.bias from pretrained state dict
[2025-12-16 16:24:48,796][MedImageInsight.ImageEncoder.davit_v1][INFO] - => init blocks.2.3.channel_block.channel_attn.fn.qkv.weight from pretrained state dict
[2025-12-16 16:24:48,796][MedImageInsight.ImageEncoder.davit_v1][INFO] - => init blocks.2.3.channel_block.channel_attn.norm.bias from pretrained state dict
[2025-12-16 16:24:48,796][MedImageInsight.ImageEncoder.davit_v1][INFO] - => init blocks.2.3.channel_block.channel_attn.norm.weight from pretrained state dict
[2025-12-16 16:24:48,796][MedImageInsight.ImageEncoder.davit_v1][INFO] - => init blocks.2.3.channel_block.conv1.fn.dw.bias from pretrained state dict
[2025-12-16 16:24:48,796][MedImageInsight.ImageEncoder.davit_v1][INFO] - => init blocks.2.3.channel_block.conv1.fn.dw.weight from pretrained state dict
[2025-12-16 16:24:48,796][MedImageInsight.ImageEncoder.davit_v1][INFO] - => init blocks.2.3.channel_block.conv2.fn.dw.bias from pretrained state dict
[2025-12-16 16:24:48,796][MedImageInsight.ImageEncoder.davit_v1][INFO] - => init blocks.2.3.channel_block.conv2.fn.dw.weight from pretrained state dict
[2025-12-16 16:24:48,796][MedImageInsight.ImageEncoder.davit_v1][INFO] - => init blocks.2.3.channel_block.ffn.fn.net.fc1.bias from pretrained state dict
[2025-12-16 16:24:48,796][MedImageInsight.ImageEncoder.davit_v1][INFO] - => init blocks.2.3.channel_block.ffn.fn.net.fc1.weight from pretrained state dict
[2025-12-16 16:24:48,796][MedImageInsight.ImageEncoder.davit_v1][INFO] - => init blocks.2.3.channel_block.ffn.fn.net.fc2.bias from pretrained state dict
[2025-12-16 16:24:48,796][MedImageInsight.ImageEncoder.davit_v1][INFO] - => init blocks.2.3.channel_block.ffn.fn.net.fc2.weight from pretrained state dict
[2025-12-16 16:24:48,796][MedImageInsight.ImageEncoder.davit_v1][INFO] - => init blocks.2.3.channel_block.ffn.norm.bias from pretrained state dict
[2025-12-16 16:24:48,796][MedImageInsight.ImageEncoder.davit_v1][INFO] - => init blocks.2.3.channel_block.ffn.norm.weight from pretrained state dict
[2025-12-16 16:24:48,796][MedImageInsight.ImageEncoder.davit_v1][INFO] - => init blocks.2.3.spatial_block.conv1.fn.dw.bias from pretrained state dict
[2025-12-16 16:24:48,796][MedImageInsight.ImageEncoder.davit_v1][INFO] - => init blocks.2.3.spatial_block.conv1.fn.dw.weight from pretrained state dict
[2025-12-16 16:24:48,796][MedImageInsight.ImageEncoder.davit_v1][INFO] - => init blocks.2.3.spatial_block.conv2.fn.dw.bias from pretrained state dict
[2025-12-16 16:24:48,796][MedImageInsight.ImageEncoder.davit_v1][INFO] - => init blocks.2.3.spatial_block.conv2.fn.dw.weight from pretrained state dict
[2025-12-16 16:24:48,796][MedImageInsight.ImageEncoder.davit_v1][INFO] - => init blocks.2.3.spatial_block.ffn.fn.net.fc1.bias from pretrained state dict
[2025-12-16 16:24:48,796][MedImageInsight.ImageEncoder.davit_v1][INFO] - => init blocks.2.3.spatial_block.ffn.fn.net.fc1.weight from pretrained state dict
[2025-12-16 16:24:48,796][MedImageInsight.ImageEncoder.davit_v1][INFO] - => init blocks.2.3.spatial_block.ffn.fn.net.fc2.bias from pretrained state dict
[2025-12-16 16:24:48,796][MedImageInsight.ImageEncoder.davit_v1][INFO] - => init blocks.2.3.spatial_block.ffn.fn.net.fc2.weight from pretrained state dict
[2025-12-16 16:24:48,796][MedImageInsight.ImageEncoder.davit_v1][INFO] - => init blocks.2.3.spatial_block.ffn.norm.bias from pretrained state dict
[2025-12-16 16:24:48,796][MedImageInsight.ImageEncoder.davit_v1][INFO] - => init blocks.2.3.spatial_block.ffn.norm.weight from pretrained state dict
[2025-12-16 16:24:48,796][MedImageInsight.ImageEncoder.davit_v1][INFO] - => init blocks.2.3.spatial_block.window_attn.fn.proj.bias from pretrained state dict
[2025-12-16 16:24:48,796][MedImageInsight.ImageEncoder.davit_v1][INFO] - => init blocks.2.3.spatial_block.window_attn.fn.proj.weight from pretrained state dict
[2025-12-16 16:24:48,796][MedImageInsight.ImageEncoder.davit_v1][INFO] - => init blocks.2.3.spatial_block.window_attn.fn.qkv.bias from pretrained state dict
[2025-12-16 16:24:48,796][MedImageInsight.ImageEncoder.davit_v1][INFO] - => init blocks.2.3.spatial_block.window_attn.fn.qkv.weight from pretrained state dict
[2025-12-16 16:24:48,796][MedImageInsight.ImageEncoder.davit_v1][INFO] - => init blocks.2.3.spatial_block.window_attn.norm.bias from pretrained state dict
[2025-12-16 16:24:48,796][MedImageInsight.ImageEncoder.davit_v1][INFO] - => init blocks.2.3.spatial_block.window_attn.norm.weight from pretrained state dict
[2025-12-16 16:24:48,796][MedImageInsight.ImageEncoder.davit_v1][INFO] - => init blocks.2.4.channel_block.channel_attn.fn.proj.bias from pretrained state dict
[2025-12-16 16:24:48,796][MedImageInsight.ImageEncoder.davit_v1][INFO] - => init blocks.2.4.channel_block.channel_attn.fn.proj.weight from pretrained state dict
[2025-12-16 16:24:48,796][MedImageInsight.ImageEncoder.davit_v1][INFO] - => init blocks.2.4.channel_block.channel_attn.fn.qkv.bias from pretrained state dict
[2025-12-16 16:24:48,796][MedImageInsight.ImageEncoder.davit_v1][INFO] - => init blocks.2.4.channel_block.channel_attn.fn.qkv.weight from pretrained state dict
[2025-12-16 16:24:48,796][MedImageInsight.ImageEncoder.davit_v1][INFO] - => init blocks.2.4.channel_block.channel_attn.norm.bias from pretrained state dict
[2025-12-16 16:24:48,796][MedImageInsight.ImageEncoder.davit_v1][INFO] - => init blocks.2.4.channel_block.channel_attn.norm.weight from pretrained state dict
[2025-12-16 16:24:48,796][MedImageInsight.ImageEncoder.davit_v1][INFO] - => init blocks.2.4.channel_block.conv1.fn.dw.bias from pretrained state dict
[2025-12-16 16:24:48,796][MedImageInsight.ImageEncoder.davit_v1][INFO] - => init blocks.2.4.channel_block.conv1.fn.dw.weight from pretrained state dict
[2025-12-16 16:24:48,796][MedImageInsight.ImageEncoder.davit_v1][INFO] - => init blocks.2.4.channel_block.conv2.fn.dw.bias from pretrained state dict
[2025-12-16 16:24:48,796][MedImageInsight.ImageEncoder.davit_v1][INFO] - => init blocks.2.4.channel_block.conv2.fn.dw.weight from pretrained state dict
[2025-12-16 16:24:48,796][MedImageInsight.ImageEncoder.davit_v1][INFO] - => init blocks.2.4.channel_block.ffn.fn.net.fc1.bias from pretrained state dict
[2025-12-16 16:24:48,796][MedImageInsight.ImageEncoder.davit_v1][INFO] - => init blocks.2.4.channel_block.ffn.fn.net.fc1.weight from pretrained state dict
[2025-12-16 16:24:48,796][MedImageInsight.ImageEncoder.davit_v1][INFO] - => init blocks.2.4.channel_block.ffn.fn.net.fc2.bias from pretrained state dict
[2025-12-16 16:24:48,797][MedImageInsight.ImageEncoder.davit_v1][INFO] - => init blocks.2.4.channel_block.ffn.fn.net.fc2.weight from pretrained state dict
[2025-12-16 16:24:48,797][MedImageInsight.ImageEncoder.davit_v1][INFO] - => init blocks.2.4.channel_block.ffn.norm.bias from pretrained state dict
[2025-12-16 16:24:48,797][MedImageInsight.ImageEncoder.davit_v1][INFO] - => init blocks.2.4.channel_block.ffn.norm.weight from pretrained state dict
[2025-12-16 16:24:48,797][MedImageInsight.ImageEncoder.davit_v1][INFO] - => init blocks.2.4.spatial_block.conv1.fn.dw.bias from pretrained state dict
[2025-12-16 16:24:48,797][MedImageInsight.ImageEncoder.davit_v1][INFO] - => init blocks.2.4.spatial_block.conv1.fn.dw.weight from pretrained state dict
[2025-12-16 16:24:48,797][MedImageInsight.ImageEncoder.davit_v1][INFO] - => init blocks.2.4.spatial_block.conv2.fn.dw.bias from pretrained state dict
[2025-12-16 16:24:48,797][MedImageInsight.ImageEncoder.davit_v1][INFO] - => init blocks.2.4.spatial_block.conv2.fn.dw.weight from pretrained state dict
[2025-12-16 16:24:48,797][MedImageInsight.ImageEncoder.davit_v1][INFO] - => init blocks.2.4.spatial_block.ffn.fn.net.fc1.bias from pretrained state dict
[2025-12-16 16:24:48,797][MedImageInsight.ImageEncoder.davit_v1][INFO] - => init blocks.2.4.spatial_block.ffn.fn.net.fc1.weight from pretrained state dict
[2025-12-16 16:24:48,797][MedImageInsight.ImageEncoder.davit_v1][INFO] - => init blocks.2.4.spatial_block.ffn.fn.net.fc2.bias from pretrained state dict
[2025-12-16 16:24:48,797][MedImageInsight.ImageEncoder.davit_v1][INFO] - => init blocks.2.4.spatial_block.ffn.fn.net.fc2.weight from pretrained state dict
[2025-12-16 16:24:48,797][MedImageInsight.ImageEncoder.davit_v1][INFO] - => init blocks.2.4.spatial_block.ffn.norm.bias from pretrained state dict
[2025-12-16 16:24:48,797][MedImageInsight.ImageEncoder.davit_v1][INFO] - => init blocks.2.4.spatial_block.ffn.norm.weight from pretrained state dict
[2025-12-16 16:24:48,797][MedImageInsight.ImageEncoder.davit_v1][INFO] - => init blocks.2.4.spatial_block.window_attn.fn.proj.bias from pretrained state dict
[2025-12-16 16:24:48,797][MedImageInsight.ImageEncoder.davit_v1][INFO] - => init blocks.2.4.spatial_block.window_attn.fn.proj.weight from pretrained state dict
[2025-12-16 16:24:48,797][MedImageInsight.ImageEncoder.davit_v1][INFO] - => init blocks.2.4.spatial_block.window_attn.fn.qkv.bias from pretrained state dict
[2025-12-16 16:24:48,797][MedImageInsight.ImageEncoder.davit_v1][INFO] - => init blocks.2.4.spatial_block.window_attn.fn.qkv.weight from pretrained state dict
[2025-12-16 16:24:48,797][MedImageInsight.ImageEncoder.davit_v1][INFO] - => init blocks.2.4.spatial_block.window_attn.norm.bias from pretrained state dict
[2025-12-16 16:24:48,797][MedImageInsight.ImageEncoder.davit_v1][INFO] - => init blocks.2.4.spatial_block.window_attn.norm.weight from pretrained state dict
[2025-12-16 16:24:48,797][MedImageInsight.ImageEncoder.davit_v1][INFO] - => init blocks.2.5.channel_block.channel_attn.fn.proj.bias from pretrained state dict
[2025-12-16 16:24:48,797][MedImageInsight.ImageEncoder.davit_v1][INFO] - => init blocks.2.5.channel_block.channel_attn.fn.proj.weight from pretrained state dict
[2025-12-16 16:24:48,797][MedImageInsight.ImageEncoder.davit_v1][INFO] - => init blocks.2.5.channel_block.channel_attn.fn.qkv.bias from pretrained state dict
[2025-12-16 16:24:48,797][MedImageInsight.ImageEncoder.davit_v1][INFO] - => init blocks.2.5.channel_block.channel_attn.fn.qkv.weight from pretrained state dict
[2025-12-16 16:24:48,797][MedImageInsight.ImageEncoder.davit_v1][INFO] - => init blocks.2.5.channel_block.channel_attn.norm.bias from pretrained state dict
[2025-12-16 16:24:48,797][MedImageInsight.ImageEncoder.davit_v1][INFO] - => init blocks.2.5.channel_block.channel_attn.norm.weight from pretrained state dict
[2025-12-16 16:24:48,797][MedImageInsight.ImageEncoder.davit_v1][INFO] - => init blocks.2.5.channel_block.conv1.fn.dw.bias from pretrained state dict
[2025-12-16 16:24:48,797][MedImageInsight.ImageEncoder.davit_v1][INFO] - => init blocks.2.5.channel_block.conv1.fn.dw.weight from pretrained state dict
[2025-12-16 16:24:48,797][MedImageInsight.ImageEncoder.davit_v1][INFO] - => init blocks.2.5.channel_block.conv2.fn.dw.bias from pretrained state dict
[2025-12-16 16:24:48,797][MedImageInsight.ImageEncoder.davit_v1][INFO] - => init blocks.2.5.channel_block.conv2.fn.dw.weight from pretrained state dict
[2025-12-16 16:24:48,797][MedImageInsight.ImageEncoder.davit_v1][INFO] - => init blocks.2.5.channel_block.ffn.fn.net.fc1.bias from pretrained state dict
[2025-12-16 16:24:48,797][MedImageInsight.ImageEncoder.davit_v1][INFO] - => init blocks.2.5.channel_block.ffn.fn.net.fc1.weight from pretrained state dict
[2025-12-16 16:24:48,797][MedImageInsight.ImageEncoder.davit_v1][INFO] - => init blocks.2.5.channel_block.ffn.fn.net.fc2.bias from pretrained state dict
[2025-12-16 16:24:48,797][MedImageInsight.ImageEncoder.davit_v1][INFO] - => init blocks.2.5.channel_block.ffn.fn.net.fc2.weight from pretrained state dict
[2025-12-16 16:24:48,797][MedImageInsight.ImageEncoder.davit_v1][INFO] - => init blocks.2.5.channel_block.ffn.norm.bias from pretrained state dict
[2025-12-16 16:24:48,797][MedImageInsight.ImageEncoder.davit_v1][INFO] - => init blocks.2.5.channel_block.ffn.norm.weight from pretrained state dict
[2025-12-16 16:24:48,797][MedImageInsight.ImageEncoder.davit_v1][INFO] - => init blocks.2.5.spatial_block.conv1.fn.dw.bias from pretrained state dict
[2025-12-16 16:24:48,797][MedImageInsight.ImageEncoder.davit_v1][INFO] - => init blocks.2.5.spatial_block.conv1.fn.dw.weight from pretrained state dict
[2025-12-16 16:24:48,797][MedImageInsight.ImageEncoder.davit_v1][INFO] - => init blocks.2.5.spatial_block.conv2.fn.dw.bias from pretrained state dict
[2025-12-16 16:24:48,797][MedImageInsight.ImageEncoder.davit_v1][INFO] - => init blocks.2.5.spatial_block.conv2.fn.dw.weight from pretrained state dict
[2025-12-16 16:24:48,797][MedImageInsight.ImageEncoder.davit_v1][INFO] - => init blocks.2.5.spatial_block.ffn.fn.net.fc1.bias from pretrained state dict
[2025-12-16 16:24:48,797][MedImageInsight.ImageEncoder.davit_v1][INFO] - => init blocks.2.5.spatial_block.ffn.fn.net.fc1.weight from pretrained state dict
[2025-12-16 16:24:48,797][MedImageInsight.ImageEncoder.davit_v1][INFO] - => init blocks.2.5.spatial_block.ffn.fn.net.fc2.bias from pretrained state dict
[2025-12-16 16:24:48,797][MedImageInsight.ImageEncoder.davit_v1][INFO] - => init blocks.2.5.spatial_block.ffn.fn.net.fc2.weight from pretrained state dict
[2025-12-16 16:24:48,797][MedImageInsight.ImageEncoder.davit_v1][INFO] - => init blocks.2.5.spatial_block.ffn.norm.bias from pretrained state dict
[2025-12-16 16:24:48,797][MedImageInsight.ImageEncoder.davit_v1][INFO] - => init blocks.2.5.spatial_block.ffn.norm.weight from pretrained state dict
[2025-12-16 16:24:48,797][MedImageInsight.ImageEncoder.davit_v1][INFO] - => init blocks.2.5.spatial_block.window_attn.fn.proj.bias from pretrained state dict
[2025-12-16 16:24:48,797][MedImageInsight.ImageEncoder.davit_v1][INFO] - => init blocks.2.5.spatial_block.window_attn.fn.proj.weight from pretrained state dict
[2025-12-16 16:24:48,797][MedImageInsight.ImageEncoder.davit_v1][INFO] - => init blocks.2.5.spatial_block.window_attn.fn.qkv.bias from pretrained state dict
[2025-12-16 16:24:48,797][MedImageInsight.ImageEncoder.davit_v1][INFO] - => init blocks.2.5.spatial_block.window_attn.fn.qkv.weight from pretrained state dict
[2025-12-16 16:24:48,797][MedImageInsight.ImageEncoder.davit_v1][INFO] - => init blocks.2.5.spatial_block.window_attn.norm.bias from pretrained state dict
[2025-12-16 16:24:48,797][MedImageInsight.ImageEncoder.davit_v1][INFO] - => init blocks.2.5.spatial_block.window_attn.norm.weight from pretrained state dict
[2025-12-16 16:24:48,797][MedImageInsight.ImageEncoder.davit_v1][INFO] - => init blocks.2.6.channel_block.channel_attn.fn.proj.bias from pretrained state dict
[2025-12-16 16:24:48,797][MedImageInsight.ImageEncoder.davit_v1][INFO] - => init blocks.2.6.channel_block.channel_attn.fn.proj.weight from pretrained state dict
[2025-12-16 16:24:48,797][MedImageInsight.ImageEncoder.davit_v1][INFO] - => init blocks.2.6.channel_block.channel_attn.fn.qkv.bias from pretrained state dict
[2025-12-16 16:24:48,797][MedImageInsight.ImageEncoder.davit_v1][INFO] - => init blocks.2.6.channel_block.channel_attn.fn.qkv.weight from pretrained state dict
[2025-12-16 16:24:48,797][MedImageInsight.ImageEncoder.davit_v1][INFO] - => init blocks.2.6.channel_block.channel_attn.norm.bias from pretrained state dict
[2025-12-16 16:24:48,797][MedImageInsight.ImageEncoder.davit_v1][INFO] - => init blocks.2.6.channel_block.channel_attn.norm.weight from pretrained state dict
[2025-12-16 16:24:48,797][MedImageInsight.ImageEncoder.davit_v1][INFO] - => init blocks.2.6.channel_block.conv1.fn.dw.bias from pretrained state dict
[2025-12-16 16:24:48,797][MedImageInsight.ImageEncoder.davit_v1][INFO] - => init blocks.2.6.channel_block.conv1.fn.dw.weight from pretrained state dict
[2025-12-16 16:24:48,797][MedImageInsight.ImageEncoder.davit_v1][INFO] - => init blocks.2.6.channel_block.conv2.fn.dw.bias from pretrained state dict
[2025-12-16 16:24:48,798][MedImageInsight.ImageEncoder.davit_v1][INFO] - => init blocks.2.6.channel_block.conv2.fn.dw.weight from pretrained state dict
[2025-12-16 16:24:48,798][MedImageInsight.ImageEncoder.davit_v1][INFO] - => init blocks.2.6.channel_block.ffn.fn.net.fc1.bias from pretrained state dict
[2025-12-16 16:24:48,798][MedImageInsight.ImageEncoder.davit_v1][INFO] - => init blocks.2.6.channel_block.ffn.fn.net.fc1.weight from pretrained state dict
[2025-12-16 16:24:48,798][MedImageInsight.ImageEncoder.davit_v1][INFO] - => init blocks.2.6.channel_block.ffn.fn.net.fc2.bias from pretrained state dict
[2025-12-16 16:24:48,798][MedImageInsight.ImageEncoder.davit_v1][INFO] - => init blocks.2.6.channel_block.ffn.fn.net.fc2.weight from pretrained state dict
[2025-12-16 16:24:48,798][MedImageInsight.ImageEncoder.davit_v1][INFO] - => init blocks.2.6.channel_block.ffn.norm.bias from pretrained state dict
[2025-12-16 16:24:48,798][MedImageInsight.ImageEncoder.davit_v1][INFO] - => init blocks.2.6.channel_block.ffn.norm.weight from pretrained state dict
[2025-12-16 16:24:48,798][MedImageInsight.ImageEncoder.davit_v1][INFO] - => init blocks.2.6.spatial_block.conv1.fn.dw.bias from pretrained state dict
[2025-12-16 16:24:48,798][MedImageInsight.ImageEncoder.davit_v1][INFO] - => init blocks.2.6.spatial_block.conv1.fn.dw.weight from pretrained state dict
[2025-12-16 16:24:48,798][MedImageInsight.ImageEncoder.davit_v1][INFO] - => init blocks.2.6.spatial_block.conv2.fn.dw.bias from pretrained state dict
[2025-12-16 16:24:48,798][MedImageInsight.ImageEncoder.davit_v1][INFO] - => init blocks.2.6.spatial_block.conv2.fn.dw.weight from pretrained state dict
[2025-12-16 16:24:48,798][MedImageInsight.ImageEncoder.davit_v1][INFO] - => init blocks.2.6.spatial_block.ffn.fn.net.fc1.bias from pretrained state dict
[2025-12-16 16:24:48,798][MedImageInsight.ImageEncoder.davit_v1][INFO] - => init blocks.2.6.spatial_block.ffn.fn.net.fc1.weight from pretrained state dict
[2025-12-16 16:24:48,798][MedImageInsight.ImageEncoder.davit_v1][INFO] - => init blocks.2.6.spatial_block.ffn.fn.net.fc2.bias from pretrained state dict
[2025-12-16 16:24:48,798][MedImageInsight.ImageEncoder.davit_v1][INFO] - => init blocks.2.6.spatial_block.ffn.fn.net.fc2.weight from pretrained state dict
[2025-12-16 16:24:48,798][MedImageInsight.ImageEncoder.davit_v1][INFO] - => init blocks.2.6.spatial_block.ffn.norm.bias from pretrained state dict
[2025-12-16 16:24:48,798][MedImageInsight.ImageEncoder.davit_v1][INFO] - => init blocks.2.6.spatial_block.ffn.norm.weight from pretrained state dict
[2025-12-16 16:24:48,798][MedImageInsight.ImageEncoder.davit_v1][INFO] - => init blocks.2.6.spatial_block.window_attn.fn.proj.bias from pretrained state dict
[2025-12-16 16:24:48,798][MedImageInsight.ImageEncoder.davit_v1][INFO] - => init blocks.2.6.spatial_block.window_attn.fn.proj.weight from pretrained state dict
[2025-12-16 16:24:48,798][MedImageInsight.ImageEncoder.davit_v1][INFO] - => init blocks.2.6.spatial_block.window_attn.fn.qkv.bias from pretrained state dict
[2025-12-16 16:24:48,798][MedImageInsight.ImageEncoder.davit_v1][INFO] - => init blocks.2.6.spatial_block.window_attn.fn.qkv.weight from pretrained state dict
[2025-12-16 16:24:48,798][MedImageInsight.ImageEncoder.davit_v1][INFO] - => init blocks.2.6.spatial_block.window_attn.norm.bias from pretrained state dict
[2025-12-16 16:24:48,798][MedImageInsight.ImageEncoder.davit_v1][INFO] - => init blocks.2.6.spatial_block.window_attn.norm.weight from pretrained state dict
[2025-12-16 16:24:48,798][MedImageInsight.ImageEncoder.davit_v1][INFO] - => init blocks.2.7.channel_block.channel_attn.fn.proj.bias from pretrained state dict
[2025-12-16 16:24:48,798][MedImageInsight.ImageEncoder.davit_v1][INFO] - => init blocks.2.7.channel_block.channel_attn.fn.proj.weight from pretrained state dict
[2025-12-16 16:24:48,798][MedImageInsight.ImageEncoder.davit_v1][INFO] - => init blocks.2.7.channel_block.channel_attn.fn.qkv.bias from pretrained state dict
[2025-12-16 16:24:48,798][MedImageInsight.ImageEncoder.davit_v1][INFO] - => init blocks.2.7.channel_block.channel_attn.fn.qkv.weight from pretrained state dict
[2025-12-16 16:24:48,798][MedImageInsight.ImageEncoder.davit_v1][INFO] - => init blocks.2.7.channel_block.channel_attn.norm.bias from pretrained state dict
[2025-12-16 16:24:48,798][MedImageInsight.ImageEncoder.davit_v1][INFO] - => init blocks.2.7.channel_block.channel_attn.norm.weight from pretrained state dict
[2025-12-16 16:24:48,798][MedImageInsight.ImageEncoder.davit_v1][INFO] - => init blocks.2.7.channel_block.conv1.fn.dw.bias from pretrained state dict
[2025-12-16 16:24:48,798][MedImageInsight.ImageEncoder.davit_v1][INFO] - => init blocks.2.7.channel_block.conv1.fn.dw.weight from pretrained state dict
[2025-12-16 16:24:48,798][MedImageInsight.ImageEncoder.davit_v1][INFO] - => init blocks.2.7.channel_block.conv2.fn.dw.bias from pretrained state dict
[2025-12-16 16:24:48,798][MedImageInsight.ImageEncoder.davit_v1][INFO] - => init blocks.2.7.channel_block.conv2.fn.dw.weight from pretrained state dict
[2025-12-16 16:24:48,798][MedImageInsight.ImageEncoder.davit_v1][INFO] - => init blocks.2.7.channel_block.ffn.fn.net.fc1.bias from pretrained state dict
[2025-12-16 16:24:48,798][MedImageInsight.ImageEncoder.davit_v1][INFO] - => init blocks.2.7.channel_block.ffn.fn.net.fc1.weight from pretrained state dict
[2025-12-16 16:24:48,798][MedImageInsight.ImageEncoder.davit_v1][INFO] - => init blocks.2.7.channel_block.ffn.fn.net.fc2.bias from pretrained state dict
[2025-12-16 16:24:48,798][MedImageInsight.ImageEncoder.davit_v1][INFO] - => init blocks.2.7.channel_block.ffn.fn.net.fc2.weight from pretrained state dict
[2025-12-16 16:24:48,798][MedImageInsight.ImageEncoder.davit_v1][INFO] - => init blocks.2.7.channel_block.ffn.norm.bias from pretrained state dict
[2025-12-16 16:24:48,798][MedImageInsight.ImageEncoder.davit_v1][INFO] - => init blocks.2.7.channel_block.ffn.norm.weight from pretrained state dict
[2025-12-16 16:24:48,798][MedImageInsight.ImageEncoder.davit_v1][INFO] - => init blocks.2.7.spatial_block.conv1.fn.dw.bias from pretrained state dict
[2025-12-16 16:24:48,798][MedImageInsight.ImageEncoder.davit_v1][INFO] - => init blocks.2.7.spatial_block.conv1.fn.dw.weight from pretrained state dict
[2025-12-16 16:24:48,798][MedImageInsight.ImageEncoder.davit_v1][INFO] - => init blocks.2.7.spatial_block.conv2.fn.dw.bias from pretrained state dict
[2025-12-16 16:24:48,798][MedImageInsight.ImageEncoder.davit_v1][INFO] - => init blocks.2.7.spatial_block.conv2.fn.dw.weight from pretrained state dict
[2025-12-16 16:24:48,798][MedImageInsight.ImageEncoder.davit_v1][INFO] - => init blocks.2.7.spatial_block.ffn.fn.net.fc1.bias from pretrained state dict
[2025-12-16 16:24:48,798][MedImageInsight.ImageEncoder.davit_v1][INFO] - => init blocks.2.7.spatial_block.ffn.fn.net.fc1.weight from pretrained state dict
[2025-12-16 16:24:48,798][MedImageInsight.ImageEncoder.davit_v1][INFO] - => init blocks.2.7.spatial_block.ffn.fn.net.fc2.bias from pretrained state dict
[2025-12-16 16:24:48,798][MedImageInsight.ImageEncoder.davit_v1][INFO] - => init blocks.2.7.spatial_block.ffn.fn.net.fc2.weight from pretrained state dict
[2025-12-16 16:24:48,798][MedImageInsight.ImageEncoder.davit_v1][INFO] - => init blocks.2.7.spatial_block.ffn.norm.bias from pretrained state dict
[2025-12-16 16:24:48,798][MedImageInsight.ImageEncoder.davit_v1][INFO] - => init blocks.2.7.spatial_block.ffn.norm.weight from pretrained state dict
[2025-12-16 16:24:48,798][MedImageInsight.ImageEncoder.davit_v1][INFO] - => init blocks.2.7.spatial_block.window_attn.fn.proj.bias from pretrained state dict
[2025-12-16 16:24:48,798][MedImageInsight.ImageEncoder.davit_v1][INFO] - => init blocks.2.7.spatial_block.window_attn.fn.proj.weight from pretrained state dict
[2025-12-16 16:24:48,798][MedImageInsight.ImageEncoder.davit_v1][INFO] - => init blocks.2.7.spatial_block.window_attn.fn.qkv.bias from pretrained state dict
[2025-12-16 16:24:48,798][MedImageInsight.ImageEncoder.davit_v1][INFO] - => init blocks.2.7.spatial_block.window_attn.fn.qkv.weight from pretrained state dict
[2025-12-16 16:24:48,798][MedImageInsight.ImageEncoder.davit_v1][INFO] - => init blocks.2.7.spatial_block.window_attn.norm.bias from pretrained state dict
[2025-12-16 16:24:48,798][MedImageInsight.ImageEncoder.davit_v1][INFO] - => init blocks.2.7.spatial_block.window_attn.norm.weight from pretrained state dict
[2025-12-16 16:24:48,798][MedImageInsight.ImageEncoder.davit_v1][INFO] - => init blocks.2.8.channel_block.channel_attn.fn.proj.bias from pretrained state dict
[2025-12-16 16:24:48,798][MedImageInsight.ImageEncoder.davit_v1][INFO] - => init blocks.2.8.channel_block.channel_attn.fn.proj.weight from pretrained state dict
[2025-12-16 16:24:48,798][MedImageInsight.ImageEncoder.davit_v1][INFO] - => init blocks.2.8.channel_block.channel_attn.fn.qkv.bias from pretrained state dict
[2025-12-16 16:24:48,798][MedImageInsight.ImageEncoder.davit_v1][INFO] - => init blocks.2.8.channel_block.channel_attn.fn.qkv.weight from pretrained state dict
[2025-12-16 16:24:48,798][MedImageInsight.ImageEncoder.davit_v1][INFO] - => init blocks.2.8.channel_block.channel_attn.norm.bias from pretrained state dict
[2025-12-16 16:24:48,799][MedImageInsight.ImageEncoder.davit_v1][INFO] - => init blocks.2.8.channel_block.channel_attn.norm.weight from pretrained state dict
[2025-12-16 16:24:48,799][MedImageInsight.ImageEncoder.davit_v1][INFO] - => init blocks.2.8.channel_block.conv1.fn.dw.bias from pretrained state dict
[2025-12-16 16:24:48,799][MedImageInsight.ImageEncoder.davit_v1][INFO] - => init blocks.2.8.channel_block.conv1.fn.dw.weight from pretrained state dict
[2025-12-16 16:24:48,799][MedImageInsight.ImageEncoder.davit_v1][INFO] - => init blocks.2.8.channel_block.conv2.fn.dw.bias from pretrained state dict
[2025-12-16 16:24:48,799][MedImageInsight.ImageEncoder.davit_v1][INFO] - => init blocks.2.8.channel_block.conv2.fn.dw.weight from pretrained state dict
[2025-12-16 16:24:48,799][MedImageInsight.ImageEncoder.davit_v1][INFO] - => init blocks.2.8.channel_block.ffn.fn.net.fc1.bias from pretrained state dict
[2025-12-16 16:24:48,799][MedImageInsight.ImageEncoder.davit_v1][INFO] - => init blocks.2.8.channel_block.ffn.fn.net.fc1.weight from pretrained state dict
[2025-12-16 16:24:48,799][MedImageInsight.ImageEncoder.davit_v1][INFO] - => init blocks.2.8.channel_block.ffn.fn.net.fc2.bias from pretrained state dict
[2025-12-16 16:24:48,799][MedImageInsight.ImageEncoder.davit_v1][INFO] - => init blocks.2.8.channel_block.ffn.fn.net.fc2.weight from pretrained state dict
[2025-12-16 16:24:48,799][MedImageInsight.ImageEncoder.davit_v1][INFO] - => init blocks.2.8.channel_block.ffn.norm.bias from pretrained state dict
[2025-12-16 16:24:48,799][MedImageInsight.ImageEncoder.davit_v1][INFO] - => init blocks.2.8.channel_block.ffn.norm.weight from pretrained state dict
[2025-12-16 16:24:48,799][MedImageInsight.ImageEncoder.davit_v1][INFO] - => init blocks.2.8.spatial_block.conv1.fn.dw.bias from pretrained state dict
[2025-12-16 16:24:48,799][MedImageInsight.ImageEncoder.davit_v1][INFO] - => init blocks.2.8.spatial_block.conv1.fn.dw.weight from pretrained state dict
[2025-12-16 16:24:48,799][MedImageInsight.ImageEncoder.davit_v1][INFO] - => init blocks.2.8.spatial_block.conv2.fn.dw.bias from pretrained state dict
[2025-12-16 16:24:48,799][MedImageInsight.ImageEncoder.davit_v1][INFO] - => init blocks.2.8.spatial_block.conv2.fn.dw.weight from pretrained state dict
[2025-12-16 16:24:48,799][MedImageInsight.ImageEncoder.davit_v1][INFO] - => init blocks.2.8.spatial_block.ffn.fn.net.fc1.bias from pretrained state dict
[2025-12-16 16:24:48,799][MedImageInsight.ImageEncoder.davit_v1][INFO] - => init blocks.2.8.spatial_block.ffn.fn.net.fc1.weight from pretrained state dict
[2025-12-16 16:24:48,799][MedImageInsight.ImageEncoder.davit_v1][INFO] - => init blocks.2.8.spatial_block.ffn.fn.net.fc2.bias from pretrained state dict
[2025-12-16 16:24:48,799][MedImageInsight.ImageEncoder.davit_v1][INFO] - => init blocks.2.8.spatial_block.ffn.fn.net.fc2.weight from pretrained state dict
[2025-12-16 16:24:48,799][MedImageInsight.ImageEncoder.davit_v1][INFO] - => init blocks.2.8.spatial_block.ffn.norm.bias from pretrained state dict
[2025-12-16 16:24:48,799][MedImageInsight.ImageEncoder.davit_v1][INFO] - => init blocks.2.8.spatial_block.ffn.norm.weight from pretrained state dict
[2025-12-16 16:24:48,799][MedImageInsight.ImageEncoder.davit_v1][INFO] - => init blocks.2.8.spatial_block.window_attn.fn.proj.bias from pretrained state dict
[2025-12-16 16:24:48,799][MedImageInsight.ImageEncoder.davit_v1][INFO] - => init blocks.2.8.spatial_block.window_attn.fn.proj.weight from pretrained state dict
[2025-12-16 16:24:48,799][MedImageInsight.ImageEncoder.davit_v1][INFO] - => init blocks.2.8.spatial_block.window_attn.fn.qkv.bias from pretrained state dict
[2025-12-16 16:24:48,799][MedImageInsight.ImageEncoder.davit_v1][INFO] - => init blocks.2.8.spatial_block.window_attn.fn.qkv.weight from pretrained state dict
[2025-12-16 16:24:48,799][MedImageInsight.ImageEncoder.davit_v1][INFO] - => init blocks.2.8.spatial_block.window_attn.norm.bias from pretrained state dict
[2025-12-16 16:24:48,799][MedImageInsight.ImageEncoder.davit_v1][INFO] - => init blocks.2.8.spatial_block.window_attn.norm.weight from pretrained state dict
[2025-12-16 16:24:48,799][MedImageInsight.ImageEncoder.davit_v1][INFO] - => init blocks.3.0.channel_block.channel_attn.fn.proj.bias from pretrained state dict
[2025-12-16 16:24:48,799][MedImageInsight.ImageEncoder.davit_v1][INFO] - => init blocks.3.0.channel_block.channel_attn.fn.proj.weight from pretrained state dict
[2025-12-16 16:24:48,799][MedImageInsight.ImageEncoder.davit_v1][INFO] - => init blocks.3.0.channel_block.channel_attn.fn.qkv.bias from pretrained state dict
[2025-12-16 16:24:48,799][MedImageInsight.ImageEncoder.davit_v1][INFO] - => init blocks.3.0.channel_block.channel_attn.fn.qkv.weight from pretrained state dict
[2025-12-16 16:24:48,799][MedImageInsight.ImageEncoder.davit_v1][INFO] - => init blocks.3.0.channel_block.channel_attn.norm.bias from pretrained state dict
[2025-12-16 16:24:48,799][MedImageInsight.ImageEncoder.davit_v1][INFO] - => init blocks.3.0.channel_block.channel_attn.norm.weight from pretrained state dict
[2025-12-16 16:24:48,799][MedImageInsight.ImageEncoder.davit_v1][INFO] - => init blocks.3.0.channel_block.conv1.fn.dw.bias from pretrained state dict
[2025-12-16 16:24:48,799][MedImageInsight.ImageEncoder.davit_v1][INFO] - => init blocks.3.0.channel_block.conv1.fn.dw.weight from pretrained state dict
[2025-12-16 16:24:48,799][MedImageInsight.ImageEncoder.davit_v1][INFO] - => init blocks.3.0.channel_block.conv2.fn.dw.bias from pretrained state dict
[2025-12-16 16:24:48,799][MedImageInsight.ImageEncoder.davit_v1][INFO] - => init blocks.3.0.channel_block.conv2.fn.dw.weight from pretrained state dict
[2025-12-16 16:24:48,799][MedImageInsight.ImageEncoder.davit_v1][INFO] - => init blocks.3.0.channel_block.ffn.fn.net.fc1.bias from pretrained state dict
[2025-12-16 16:24:48,799][MedImageInsight.ImageEncoder.davit_v1][INFO] - => init blocks.3.0.channel_block.ffn.fn.net.fc1.weight from pretrained state dict
[2025-12-16 16:24:48,799][MedImageInsight.ImageEncoder.davit_v1][INFO] - => init blocks.3.0.channel_block.ffn.fn.net.fc2.bias from pretrained state dict
[2025-12-16 16:24:48,799][MedImageInsight.ImageEncoder.davit_v1][INFO] - => init blocks.3.0.channel_block.ffn.fn.net.fc2.weight from pretrained state dict
[2025-12-16 16:24:48,799][MedImageInsight.ImageEncoder.davit_v1][INFO] - => init blocks.3.0.channel_block.ffn.norm.bias from pretrained state dict
[2025-12-16 16:24:48,799][MedImageInsight.ImageEncoder.davit_v1][INFO] - => init blocks.3.0.channel_block.ffn.norm.weight from pretrained state dict
[2025-12-16 16:24:48,799][MedImageInsight.ImageEncoder.davit_v1][INFO] - => init blocks.3.0.spatial_block.conv1.fn.dw.bias from pretrained state dict
[2025-12-16 16:24:48,799][MedImageInsight.ImageEncoder.davit_v1][INFO] - => init blocks.3.0.spatial_block.conv1.fn.dw.weight from pretrained state dict
[2025-12-16 16:24:48,799][MedImageInsight.ImageEncoder.davit_v1][INFO] - => init blocks.3.0.spatial_block.conv2.fn.dw.bias from pretrained state dict
[2025-12-16 16:24:48,799][MedImageInsight.ImageEncoder.davit_v1][INFO] - => init blocks.3.0.spatial_block.conv2.fn.dw.weight from pretrained state dict
[2025-12-16 16:24:48,799][MedImageInsight.ImageEncoder.davit_v1][INFO] - => init blocks.3.0.spatial_block.ffn.fn.net.fc1.bias from pretrained state dict
[2025-12-16 16:24:48,799][MedImageInsight.ImageEncoder.davit_v1][INFO] - => init blocks.3.0.spatial_block.ffn.fn.net.fc1.weight from pretrained state dict
[2025-12-16 16:24:48,799][MedImageInsight.ImageEncoder.davit_v1][INFO] - => init blocks.3.0.spatial_block.ffn.fn.net.fc2.bias from pretrained state dict
[2025-12-16 16:24:48,799][MedImageInsight.ImageEncoder.davit_v1][INFO] - => init blocks.3.0.spatial_block.ffn.fn.net.fc2.weight from pretrained state dict
[2025-12-16 16:24:48,799][MedImageInsight.ImageEncoder.davit_v1][INFO] - => init blocks.3.0.spatial_block.ffn.norm.bias from pretrained state dict
[2025-12-16 16:24:48,799][MedImageInsight.ImageEncoder.davit_v1][INFO] - => init blocks.3.0.spatial_block.ffn.norm.weight from pretrained state dict
[2025-12-16 16:24:48,799][MedImageInsight.ImageEncoder.davit_v1][INFO] - => init blocks.3.0.spatial_block.window_attn.fn.proj.bias from pretrained state dict
[2025-12-16 16:24:48,799][MedImageInsight.ImageEncoder.davit_v1][INFO] - => init blocks.3.0.spatial_block.window_attn.fn.proj.weight from pretrained state dict
[2025-12-16 16:24:48,799][MedImageInsight.ImageEncoder.davit_v1][INFO] - => init blocks.3.0.spatial_block.window_attn.fn.qkv.bias from pretrained state dict
[2025-12-16 16:24:48,799][MedImageInsight.ImageEncoder.davit_v1][INFO] - => init blocks.3.0.spatial_block.window_attn.fn.qkv.weight from pretrained state dict
[2025-12-16 16:24:48,799][MedImageInsight.ImageEncoder.davit_v1][INFO] - => init blocks.3.0.spatial_block.window_attn.norm.bias from pretrained state dict
[2025-12-16 16:24:48,799][MedImageInsight.ImageEncoder.davit_v1][INFO] - => init blocks.3.0.spatial_block.window_attn.norm.weight from pretrained state dict
[2025-12-16 16:24:48,800][MedImageInsight.ImageEncoder.davit_v1][INFO] - => init convs.0.norm.bias from pretrained state dict
[2025-12-16 16:24:48,800][MedImageInsight.ImageEncoder.davit_v1][INFO] - => init convs.0.norm.weight from pretrained state dict
[2025-12-16 16:24:48,800][MedImageInsight.ImageEncoder.davit_v1][INFO] - => init convs.0.proj.bias from pretrained state dict
[2025-12-16 16:24:48,800][MedImageInsight.ImageEncoder.davit_v1][INFO] - => init convs.0.proj.weight from pretrained state dict
[2025-12-16 16:24:48,800][MedImageInsight.ImageEncoder.davit_v1][INFO] - => init convs.1.norm.bias from pretrained state dict
[2025-12-16 16:24:48,800][MedImageInsight.ImageEncoder.davit_v1][INFO] - => init convs.1.norm.weight from pretrained state dict
[2025-12-16 16:24:48,800][MedImageInsight.ImageEncoder.davit_v1][INFO] - => init convs.1.proj.bias from pretrained state dict
[2025-12-16 16:24:48,800][MedImageInsight.ImageEncoder.davit_v1][INFO] - => init convs.1.proj.weight from pretrained state dict
[2025-12-16 16:24:48,800][MedImageInsight.ImageEncoder.davit_v1][INFO] - => init convs.2.norm.bias from pretrained state dict
[2025-12-16 16:24:48,800][MedImageInsight.ImageEncoder.davit_v1][INFO] - => init convs.2.norm.weight from pretrained state dict
[2025-12-16 16:24:48,800][MedImageInsight.ImageEncoder.davit_v1][INFO] - => init convs.2.proj.bias from pretrained state dict
[2025-12-16 16:24:48,800][MedImageInsight.ImageEncoder.davit_v1][INFO] - => init convs.2.proj.weight from pretrained state dict
[2025-12-16 16:24:48,800][MedImageInsight.ImageEncoder.davit_v1][INFO] - => init convs.3.norm.bias from pretrained state dict
[2025-12-16 16:24:48,800][MedImageInsight.ImageEncoder.davit_v1][INFO] - => init convs.3.norm.weight from pretrained state dict
[2025-12-16 16:24:48,800][MedImageInsight.ImageEncoder.davit_v1][INFO] - => init convs.3.proj.bias from pretrained state dict
[2025-12-16 16:24:48,800][MedImageInsight.ImageEncoder.davit_v1][INFO] - => init convs.3.proj.weight from pretrained state dict
[2025-12-16 16:24:48,800][MedImageInsight.ImageEncoder.davit_v1][INFO] - => init norms.bias from pretrained state dict
[2025-12-16 16:24:48,800][MedImageInsight.ImageEncoder.davit_v1][INFO] - => init norms.weight from pretrained state dict
