{"val_loss": 1.2366095781326294, "val_auroc": 0.5745454430580139, "epoch": 1, "trainer/global_step": 15, "_timestamp": 1764869352.3881981, "_runtime": 303.96153807640076, "_step": 1}