{"val_loss": 0.6374896764755249, "val_auroc": 0.5384615659713745, "epoch": 300, "trainer/global_step": 600, "_timestamp": 1764330697.4789855, "_runtime": 19.71142053604126, "_step": 312, "train_loss": 0.6235989332199097, "test_auroc": 0.5546594858169556, "test_accuracy": 0.7749999761581421, "_wandb": {"runtime": 18}}