[2026-03-11 16:25:56,965][MedImageInsight.ImageDataLoader.transforms.build][INFO] - => testing transformers: Compose(
    Resize(size=(480, 480), interpolation=bicubic, max_size=None, antialias=warn)
    ToTensor()
    Normalize(mean=[0.485, 0.456, 0.406], std=[0.229, 0.224, 0.225])
)
[2026-03-11 16:25:56,965][MedImageInsight.UniCLModel][INFO] - Create model with standard parameterization
[2026-03-11 16:25:59,022][MedImageInsight.LangEncoder.transformer][INFO] - => init weight of Linear/Conv2d from trunc norm
[2026-03-11 16:25:59,029][MedImageInsight.LangEncoder.transformer][INFO] - => init bias of Linear/Conv2d to zeros
[2026-03-11 16:25:59,029][MedImageInsight.LangEncoder.transformer][INFO] - => init weight of Linear/Conv2d from trunc norm
[2026-03-11 16:25:59,057][MedImageInsight.LangEncoder.transformer][INFO] - => init bias of Linear/Conv2d to zeros
[2026-03-11 16:25:59,057][MedImageInsight.LangEncoder.transformer][INFO] - => init weight of Linear/Conv2d from trunc norm
[2026-03-11 16:25:59,086][MedImageInsight.LangEncoder.transformer][INFO] - => init bias of Linear/Conv2d to zeros
[2026-03-11 16:25:59,086][MedImageInsight.LangEncoder.transformer][INFO] - => init weight of Linear/Conv2d from trunc norm
[2026-03-11 16:25:59,093][MedImageInsight.LangEncoder.transformer][INFO] - => init bias of Linear/Conv2d to zeros
[2026-03-11 16:25:59,093][MedImageInsight.LangEncoder.transformer][INFO] - => init weight of Linear/Conv2d from trunc norm
[2026-03-11 16:25:59,122][MedImageInsight.LangEncoder.transformer][INFO] - => init bias of Linear/Conv2d to zeros
[2026-03-11 16:25:59,122][MedImageInsight.LangEncoder.transformer][INFO] - => init weight of Linear/Conv2d from trunc norm
[2026-03-11 16:25:59,151][MedImageInsight.LangEncoder.transformer][INFO] - => init bias of Linear/Conv2d to zeros
[2026-03-11 16:25:59,152][MedImageInsight.LangEncoder.transformer][INFO] - => init weight of Linear/Conv2d from trunc norm
[2026-03-11 16:25:59,159][MedImageInsight.LangEncoder.transformer][INFO] - => init bias of Linear/Conv2d to zeros
[2026-03-11 16:25:59,159][MedImageInsight.LangEncoder.transformer][INFO] - => init weight of Linear/Conv2d from trunc norm
[2026-03-11 16:25:59,189][MedImageInsight.LangEncoder.transformer][INFO] - => init bias of Linear/Conv2d to zeros
[2026-03-11 16:25:59,189][MedImageInsight.LangEncoder.transformer][INFO] - => init weight of Linear/Conv2d from trunc norm
[2026-03-11 16:25:59,219][MedImageInsight.LangEncoder.transformer][INFO] - => init bias of Linear/Conv2d to zeros
[2026-03-11 16:25:59,219][MedImageInsight.LangEncoder.transformer][INFO] - => init weight of Linear/Conv2d from trunc norm
[2026-03-11 16:25:59,226][MedImageInsight.LangEncoder.transformer][INFO] - => init bias of Linear/Conv2d to zeros
[2026-03-11 16:25:59,227][MedImageInsight.LangEncoder.transformer][INFO] - => init weight of Linear/Conv2d from trunc norm
[2026-03-11 16:25:59,258][MedImageInsight.LangEncoder.transformer][INFO] - => init bias of Linear/Conv2d to zeros
[2026-03-11 16:25:59,258][MedImageInsight.LangEncoder.transformer][INFO] - => init weight of Linear/Conv2d from trunc norm
[2026-03-11 16:25:59,288][MedImageInsight.LangEncoder.transformer][INFO] - => init bias of Linear/Conv2d to zeros
[2026-03-11 16:25:59,288][MedImageInsight.LangEncoder.transformer][INFO] - => init weight of Linear/Conv2d from trunc norm
[2026-03-11 16:25:59,296][MedImageInsight.LangEncoder.transformer][INFO] - => init bias of Linear/Conv2d to zeros
[2026-03-11 16:25:59,296][MedImageInsight.LangEncoder.transformer][INFO] - => init weight of Linear/Conv2d from trunc norm
[2026-03-11 16:25:59,325][MedImageInsight.LangEncoder.transformer][INFO] - => init bias of Linear/Conv2d to zeros
[2026-03-11 16:25:59,326][MedImageInsight.LangEncoder.transformer][INFO] - => init weight of Linear/Conv2d from trunc norm
[2026-03-11 16:25:59,355][MedImageInsight.LangEncoder.transformer][INFO] - => init bias of Linear/Conv2d to zeros
[2026-03-11 16:25:59,355][MedImageInsight.LangEncoder.transformer][INFO] - => init weight of Linear/Conv2d from trunc norm
[2026-03-11 16:25:59,363][MedImageInsight.LangEncoder.transformer][INFO] - => init bias of Linear/Conv2d to zeros
[2026-03-11 16:25:59,363][MedImageInsight.LangEncoder.transformer][INFO] - => init weight of Linear/Conv2d from trunc norm
[2026-03-11 16:25:59,393][MedImageInsight.LangEncoder.transformer][INFO] - => init bias of Linear/Conv2d to zeros
[2026-03-11 16:25:59,393][MedImageInsight.LangEncoder.transformer][INFO] - => init weight of Linear/Conv2d from trunc norm
[2026-03-11 16:25:59,422][MedImageInsight.LangEncoder.transformer][INFO] - => init bias of Linear/Conv2d to zeros
[2026-03-11 16:25:59,423][MedImageInsight.LangEncoder.transformer][INFO] - => init weight of Linear/Conv2d from trunc norm
[2026-03-11 16:25:59,430][MedImageInsight.LangEncoder.transformer][INFO] - => init bias of Linear/Conv2d to zeros
[2026-03-11 16:25:59,430][MedImageInsight.LangEncoder.transformer][INFO] - => init weight of Linear/Conv2d from trunc norm
[2026-03-11 16:25:59,460][MedImageInsight.LangEncoder.transformer][INFO] - => init bias of Linear/Conv2d to zeros
[2026-03-11 16:25:59,460][MedImageInsight.LangEncoder.transformer][INFO] - => init weight of Linear/Conv2d from trunc norm
[2026-03-11 16:25:59,490][MedImageInsight.LangEncoder.transformer][INFO] - => init bias of Linear/Conv2d to zeros
[2026-03-11 16:25:59,490][MedImageInsight.LangEncoder.transformer][INFO] - => init weight of Linear/Conv2d from trunc norm
[2026-03-11 16:25:59,498][MedImageInsight.LangEncoder.transformer][INFO] - => init bias of Linear/Conv2d to zeros
[2026-03-11 16:25:59,498][MedImageInsight.LangEncoder.transformer][INFO] - => init weight of Linear/Conv2d from trunc norm
[2026-03-11 16:25:59,527][MedImageInsight.LangEncoder.transformer][INFO] - => init bias of Linear/Conv2d to zeros
[2026-03-11 16:25:59,527][MedImageInsight.LangEncoder.transformer][INFO] - => init weight of Linear/Conv2d from trunc norm
[2026-03-11 16:25:59,557][MedImageInsight.LangEncoder.transformer][INFO] - => init bias of Linear/Conv2d to zeros
[2026-03-11 16:25:59,557][MedImageInsight.LangEncoder.transformer][INFO] - => init weight of Linear/Conv2d from trunc norm
[2026-03-11 16:25:59,565][MedImageInsight.LangEncoder.transformer][INFO] - => init bias of Linear/Conv2d to zeros
[2026-03-11 16:25:59,565][MedImageInsight.LangEncoder.transformer][INFO] - => init weight of Linear/Conv2d from trunc norm
[2026-03-11 16:25:59,594][MedImageInsight.LangEncoder.transformer][INFO] - => init bias of Linear/Conv2d to zeros
[2026-03-11 16:25:59,594][MedImageInsight.LangEncoder.transformer][INFO] - => init weight of Linear/Conv2d from trunc norm
[2026-03-11 16:25:59,624][MedImageInsight.LangEncoder.transformer][INFO] - => init bias of Linear/Conv2d to zeros
[2026-03-11 16:25:59,624][MedImageInsight.LangEncoder.transformer][INFO] - => init weight of Linear/Conv2d from trunc norm
[2026-03-11 16:25:59,632][MedImageInsight.LangEncoder.transformer][INFO] - => init bias of Linear/Conv2d to zeros
[2026-03-11 16:25:59,632][MedImageInsight.LangEncoder.transformer][INFO] - => init weight of Linear/Conv2d from trunc norm
[2026-03-11 16:25:59,661][MedImageInsight.LangEncoder.transformer][INFO] - => init bias of Linear/Conv2d to zeros
[2026-03-11 16:25:59,662][MedImageInsight.LangEncoder.transformer][INFO] - => init weight of Linear/Conv2d from trunc norm
[2026-03-11 16:25:59,691][MedImageInsight.LangEncoder.transformer][INFO] - => init bias of Linear/Conv2d to zeros
[2026-03-11 16:25:59,691][MedImageInsight.LangEncoder.transformer][INFO] - => init weight of Linear/Conv2d from trunc norm
[2026-03-11 16:25:59,699][MedImageInsight.LangEncoder.transformer][INFO] - => init bias of Linear/Conv2d to zeros
[2026-03-11 16:25:59,699][MedImageInsight.LangEncoder.transformer][INFO] - => init weight of Linear/Conv2d from trunc norm
[2026-03-11 16:25:59,728][MedImageInsight.LangEncoder.transformer][INFO] - => init bias of Linear/Conv2d to zeros
[2026-03-11 16:25:59,729][MedImageInsight.LangEncoder.transformer][INFO] - => init weight of Linear/Conv2d from trunc norm
[2026-03-11 16:25:59,758][MedImageInsight.LangEncoder.transformer][INFO] - => init bias of Linear/Conv2d to zeros
[2026-03-11 16:25:59,758][MedImageInsight.LangEncoder.transformer][INFO] - => init weight of Linear/Conv2d from trunc norm
[2026-03-11 16:25:59,766][MedImageInsight.LangEncoder.transformer][INFO] - => init bias of Linear/Conv2d to zeros
[2026-03-11 16:25:59,766][MedImageInsight.LangEncoder.transformer][INFO] - => init weight of Linear/Conv2d from trunc norm
[2026-03-11 16:25:59,796][MedImageInsight.LangEncoder.transformer][INFO] - => init bias of Linear/Conv2d to zeros
[2026-03-11 16:25:59,796][MedImageInsight.LangEncoder.transformer][INFO] - => init weight of Linear/Conv2d from trunc norm
[2026-03-11 16:25:59,825][MedImageInsight.LangEncoder.transformer][INFO] - => init bias of Linear/Conv2d to zeros
[2026-03-11 16:25:59,826][MedImageInsight.LangEncoder.transformer][INFO] - => init weight of Linear/Conv2d from trunc norm
[2026-03-11 16:25:59,833][MedImageInsight.LangEncoder.transformer][INFO] - => init bias of Linear/Conv2d to zeros
[2026-03-11 16:25:59,833][MedImageInsight.LangEncoder.transformer][INFO] - => init weight of Linear/Conv2d from trunc norm
[2026-03-11 16:25:59,863][MedImageInsight.LangEncoder.transformer][INFO] - => init bias of Linear/Conv2d to zeros
[2026-03-11 16:25:59,863][MedImageInsight.LangEncoder.transformer][INFO] - => init weight of Linear/Conv2d from trunc norm
[2026-03-11 16:25:59,893][MedImageInsight.LangEncoder.transformer][INFO] - => init bias of Linear/Conv2d to zeros
[2026-03-11 16:25:59,893][MedImageInsight.LangEncoder.transformer][INFO] - => init weight of Linear/Conv2d from trunc norm
[2026-03-11 16:25:59,901][MedImageInsight.LangEncoder.transformer][INFO] - => init bias of Linear/Conv2d to zeros
[2026-03-11 16:25:59,901][MedImageInsight.LangEncoder.transformer][INFO] - => init weight of Linear/Conv2d from trunc norm
[2026-03-11 16:25:59,930][MedImageInsight.LangEncoder.transformer][INFO] - => init bias of Linear/Conv2d to zeros
[2026-03-11 16:25:59,931][MedImageInsight.LangEncoder.transformer][INFO] - => init weight of Linear/Conv2d from trunc norm
[2026-03-11 16:25:59,960][MedImageInsight.LangEncoder.transformer][INFO] - => init bias of Linear/Conv2d to zeros
[2026-03-11 16:25:59,960][MedImageInsight.LangEncoder.transformer][INFO] - => init weight of Linear/Conv2d from trunc norm
[2026-03-11 16:25:59,968][MedImageInsight.LangEncoder.transformer][INFO] - => init bias of Linear/Conv2d to zeros
[2026-03-11 16:25:59,968][MedImageInsight.LangEncoder.transformer][INFO] - => init weight of Linear/Conv2d from trunc norm
[2026-03-11 16:25:59,998][MedImageInsight.LangEncoder.transformer][INFO] - => init bias of Linear/Conv2d to zeros
[2026-03-11 16:25:59,998][MedImageInsight.LangEncoder.transformer][INFO] - => init weight of Linear/Conv2d from trunc norm
[2026-03-11 16:26:00,028][MedImageInsight.LangEncoder.transformer][INFO] - => init bias of Linear/Conv2d to zeros
[2026-03-11 16:26:00,028][MedImageInsight.LangEncoder.transformer][INFO] - => init weight of Linear/Conv2d from trunc norm
[2026-03-11 16:26:00,036][MedImageInsight.LangEncoder.transformer][INFO] - => init bias of Linear/Conv2d to zeros
[2026-03-11 16:26:00,036][MedImageInsight.LangEncoder.transformer][INFO] - => init weight of Linear/Conv2d from trunc norm
[2026-03-11 16:26:00,065][MedImageInsight.LangEncoder.transformer][INFO] - => init bias of Linear/Conv2d to zeros
[2026-03-11 16:26:00,065][MedImageInsight.LangEncoder.transformer][INFO] - => init weight of Linear/Conv2d from trunc norm
[2026-03-11 16:26:00,095][MedImageInsight.LangEncoder.transformer][INFO] - => init bias of Linear/Conv2d to zeros
[2026-03-11 16:26:00,096][MedImageInsight.ImageEncoder.davit_v1][INFO] - Create model with standard parameterization
[2026-03-11 16:26:00,096][MedImageInsight.ImageEncoder.davit_v1][INFO] - => Depth offset in stage 0: 0
[2026-03-11 16:26:00,116][MedImageInsight.ImageEncoder.davit_v1][INFO] - => Depth offset in stage 1: 2
[2026-03-11 16:26:00,192][MedImageInsight.ImageEncoder.davit_v1][INFO] - => Depth offset in stage 2: 4
[2026-03-11 16:26:01,824][MedImageInsight.ImageEncoder.davit_v1][INFO] - => Depth offset in stage 3: 22
[2026-03-11 16:26:02,439][MedImageInsight.ImageEncoder.davit_v1][INFO] - Custom init: original init
[2026-03-11 16:26:04,953][MedImageInsight.ImageEncoder.davit_v1][INFO] - Load model from pretrained checkpoint
[2026-03-11 16:26:04,955][MedImageInsight.UniCLModel][INFO] - Custom init: original init
[2026-03-11 16:26:05,257][MedImageInsight.UniCLModel][INFO] - => Loading pretrained model /nas-ctm01/homes/fmferreira/MedImageInsights/2024.09.27/vision_model/medimageinsigt-v1.0.0.pt
[2026-03-11 16:26:12,613][MedImageInsight.UniCLModel][INFO] - => init image_projection from /nas-ctm01/homes/fmferreira/MedImageInsights/2024.09.27/vision_model/medimageinsigt-v1.0.0.pt
[2026-03-11 16:26:12,613][MedImageInsight.UniCLModel][INFO] - => init lang_encoder.ln_final.bias from /nas-ctm01/homes/fmferreira/MedImageInsights/2024.09.27/vision_model/medimageinsigt-v1.0.0.pt
[2026-03-11 16:26:12,613][MedImageInsight.UniCLModel][INFO] - => init lang_encoder.ln_final.weight from /nas-ctm01/homes/fmferreira/MedImageInsights/2024.09.27/vision_model/medimageinsigt-v1.0.0.pt
[2026-03-11 16:26:12,613][MedImageInsight.UniCLModel][INFO] - => init lang_encoder.positional_embedding from /nas-ctm01/homes/fmferreira/MedImageInsights/2024.09.27/vision_model/medimageinsigt-v1.0.0.pt
[2026-03-11 16:26:12,613][MedImageInsight.UniCLModel][INFO] - => init lang_encoder.resblocks.0.attn.in_proj_bias from /nas-ctm01/homes/fmferreira/MedImageInsights/2024.09.27/vision_model/medimageinsigt-v1.0.0.pt
[2026-03-11 16:26:12,613][MedImageInsight.UniCLModel][INFO] - => init lang_encoder.resblocks.0.attn.in_proj_weight from /nas-ctm01/homes/fmferreira/MedImageInsights/2024.09.27/vision_model/medimageinsigt-v1.0.0.pt
[2026-03-11 16:26:12,613][MedImageInsight.UniCLModel][INFO] - => init lang_encoder.resblocks.0.attn.out_proj.bias from /nas-ctm01/homes/fmferreira/MedImageInsights/2024.09.27/vision_model/medimageinsigt-v1.0.0.pt
[2026-03-11 16:26:12,613][MedImageInsight.UniCLModel][INFO] - => init lang_encoder.resblocks.0.attn.out_proj.weight from /nas-ctm01/homes/fmferreira/MedImageInsights/2024.09.27/vision_model/medimageinsigt-v1.0.0.pt
[2026-03-11 16:26:12,613][MedImageInsight.UniCLModel][INFO] - => init lang_encoder.resblocks.0.ln_1.bias from /nas-ctm01/homes/fmferreira/MedImageInsights/2024.09.27/vision_model/medimageinsigt-v1.0.0.pt
[2026-03-11 16:26:12,613][MedImageInsight.UniCLModel][INFO] - => init lang_encoder.resblocks.0.ln_1.weight from /nas-ctm01/homes/fmferreira/MedImageInsights/2024.09.27/vision_model/medimageinsigt-v1.0.0.pt
[2026-03-11 16:26:12,613][MedImageInsight.UniCLModel][INFO] - => init lang_encoder.resblocks.0.ln_2.bias from /nas-ctm01/homes/fmferreira/MedImageInsights/2024.09.27/vision_model/medimageinsigt-v1.0.0.pt
[2026-03-11 16:26:12,613][MedImageInsight.UniCLModel][INFO] - => init lang_encoder.resblocks.0.ln_2.weight from /nas-ctm01/homes/fmferreira/MedImageInsights/2024.09.27/vision_model/medimageinsigt-v1.0.0.pt
[2026-03-11 16:26:12,613][MedImageInsight.UniCLModel][INFO] - => init lang_encoder.resblocks.0.mlp.c_fc.bias from /nas-ctm01/homes/fmferreira/MedImageInsights/2024.09.27/vision_model/medimageinsigt-v1.0.0.pt
[2026-03-11 16:26:12,613][MedImageInsight.UniCLModel][INFO] - => init lang_encoder.resblocks.0.mlp.c_fc.weight from /nas-ctm01/homes/fmferreira/MedImageInsights/2024.09.27/vision_model/medimageinsigt-v1.0.0.pt
[2026-03-11 16:26:12,613][MedImageInsight.UniCLModel][INFO] - => init lang_encoder.resblocks.0.mlp.c_proj.bias from /nas-ctm01/homes/fmferreira/MedImageInsights/2024.09.27/vision_model/medimageinsigt-v1.0.0.pt
[2026-03-11 16:26:12,614][MedImageInsight.UniCLModel][INFO] - => init lang_encoder.resblocks.0.mlp.c_proj.weight from /nas-ctm01/homes/fmferreira/MedImageInsights/2024.09.27/vision_model/medimageinsigt-v1.0.0.pt
[2026-03-11 16:26:12,614][MedImageInsight.UniCLModel][INFO] - => init lang_encoder.resblocks.1.attn.in_proj_bias from /nas-ctm01/homes/fmferreira/MedImageInsights/2024.09.27/vision_model/medimageinsigt-v1.0.0.pt
[2026-03-11 16:26:12,614][MedImageInsight.UniCLModel][INFO] - => init lang_encoder.resblocks.1.attn.in_proj_weight from /nas-ctm01/homes/fmferreira/MedImageInsights/2024.09.27/vision_model/medimageinsigt-v1.0.0.pt
[2026-03-11 16:26:12,614][MedImageInsight.UniCLModel][INFO] - => init lang_encoder.resblocks.1.attn.out_proj.bias from /nas-ctm01/homes/fmferreira/MedImageInsights/2024.09.27/vision_model/medimageinsigt-v1.0.0.pt
[2026-03-11 16:26:12,614][MedImageInsight.UniCLModel][INFO] - => init lang_encoder.resblocks.1.attn.out_proj.weight from /nas-ctm01/homes/fmferreira/MedImageInsights/2024.09.27/vision_model/medimageinsigt-v1.0.0.pt
[2026-03-11 16:26:12,614][MedImageInsight.UniCLModel][INFO] - => init lang_encoder.resblocks.1.ln_1.bias from /nas-ctm01/homes/fmferreira/MedImageInsights/2024.09.27/vision_model/medimageinsigt-v1.0.0.pt
[2026-03-11 16:26:12,614][MedImageInsight.UniCLModel][INFO] - => init lang_encoder.resblocks.1.ln_1.weight from /nas-ctm01/homes/fmferreira/MedImageInsights/2024.09.27/vision_model/medimageinsigt-v1.0.0.pt
[2026-03-11 16:26:12,614][MedImageInsight.UniCLModel][INFO] - => init lang_encoder.resblocks.1.ln_2.bias from /nas-ctm01/homes/fmferreira/MedImageInsights/2024.09.27/vision_model/medimageinsigt-v1.0.0.pt
[2026-03-11 16:26:12,614][MedImageInsight.UniCLModel][INFO] - => init lang_encoder.resblocks.1.ln_2.weight from /nas-ctm01/homes/fmferreira/MedImageInsights/2024.09.27/vision_model/medimageinsigt-v1.0.0.pt
[2026-03-11 16:26:12,614][MedImageInsight.UniCLModel][INFO] - => init lang_encoder.resblocks.1.mlp.c_fc.bias from /nas-ctm01/homes/fmferreira/MedImageInsights/2024.09.27/vision_model/medimageinsigt-v1.0.0.pt
[2026-03-11 16:26:12,614][MedImageInsight.UniCLModel][INFO] - => init lang_encoder.resblocks.1.mlp.c_fc.weight from /nas-ctm01/homes/fmferreira/MedImageInsights/2024.09.27/vision_model/medimageinsigt-v1.0.0.pt
[2026-03-11 16:26:12,614][MedImageInsight.UniCLModel][INFO] - => init lang_encoder.resblocks.1.mlp.c_proj.bias from /nas-ctm01/homes/fmferreira/MedImageInsights/2024.09.27/vision_model/medimageinsigt-v1.0.0.pt
[2026-03-11 16:26:12,614][MedImageInsight.UniCLModel][INFO] - => init lang_encoder.resblocks.1.mlp.c_proj.weight from /nas-ctm01/homes/fmferreira/MedImageInsights/2024.09.27/vision_model/medimageinsigt-v1.0.0.pt
[2026-03-11 16:26:12,614][MedImageInsight.UniCLModel][INFO] - => init lang_encoder.resblocks.10.attn.in_proj_bias from /nas-ctm01/homes/fmferreira/MedImageInsights/2024.09.27/vision_model/medimageinsigt-v1.0.0.pt
[2026-03-11 16:26:12,614][MedImageInsight.UniCLModel][INFO] - => init lang_encoder.resblocks.10.attn.in_proj_weight from /nas-ctm01/homes/fmferreira/MedImageInsights/2024.09.27/vision_model/medimageinsigt-v1.0.0.pt
[2026-03-11 16:26:12,614][MedImageInsight.UniCLModel][INFO] - => init lang_encoder.resblocks.10.attn.out_proj.bias from /nas-ctm01/homes/fmferreira/MedImageInsights/2024.09.27/vision_model/medimageinsigt-v1.0.0.pt
[2026-03-11 16:26:12,614][MedImageInsight.UniCLModel][INFO] - => init lang_encoder.resblocks.10.attn.out_proj.weight from /nas-ctm01/homes/fmferreira/MedImageInsights/2024.09.27/vision_model/medimageinsigt-v1.0.0.pt
[2026-03-11 16:26:12,614][MedImageInsight.UniCLModel][INFO] - => init lang_encoder.resblocks.10.ln_1.bias from /nas-ctm01/homes/fmferreira/MedImageInsights/2024.09.27/vision_model/medimageinsigt-v1.0.0.pt
[2026-03-11 16:26:12,614][MedImageInsight.UniCLModel][INFO] - => init lang_encoder.resblocks.10.ln_1.weight from /nas-ctm01/homes/fmferreira/MedImageInsights/2024.09.27/vision_model/medimageinsigt-v1.0.0.pt
[2026-03-11 16:26:12,614][MedImageInsight.UniCLModel][INFO] - => init lang_encoder.resblocks.10.ln_2.bias from /nas-ctm01/homes/fmferreira/MedImageInsights/2024.09.27/vision_model/medimageinsigt-v1.0.0.pt
[2026-03-11 16:26:12,614][MedImageInsight.UniCLModel][INFO] - => init lang_encoder.resblocks.10.ln_2.weight from /nas-ctm01/homes/fmferreira/MedImageInsights/2024.09.27/vision_model/medimageinsigt-v1.0.0.pt
[2026-03-11 16:26:12,614][MedImageInsight.UniCLModel][INFO] - => init lang_encoder.resblocks.10.mlp.c_fc.bias from /nas-ctm01/homes/fmferreira/MedImageInsights/2024.09.27/vision_model/medimageinsigt-v1.0.0.pt
[2026-03-11 16:26:12,614][MedImageInsight.UniCLModel][INFO] - => init lang_encoder.resblocks.10.mlp.c_fc.weight from /nas-ctm01/homes/fmferreira/MedImageInsights/2024.09.27/vision_model/medimageinsigt-v1.0.0.pt
[2026-03-11 16:26:12,614][MedImageInsight.UniCLModel][INFO] - => init lang_encoder.resblocks.10.mlp.c_proj.bias from /nas-ctm01/homes/fmferreira/MedImageInsights/2024.09.27/vision_model/medimageinsigt-v1.0.0.pt
[2026-03-11 16:26:12,614][MedImageInsight.UniCLModel][INFO] - => init lang_encoder.resblocks.10.mlp.c_proj.weight from /nas-ctm01/homes/fmferreira/MedImageInsights/2024.09.27/vision_model/medimageinsigt-v1.0.0.pt
[2026-03-11 16:26:12,614][MedImageInsight.UniCLModel][INFO] - => init lang_encoder.resblocks.11.attn.in_proj_bias from /nas-ctm01/homes/fmferreira/MedImageInsights/2024.09.27/vision_model/medimageinsigt-v1.0.0.pt
[2026-03-11 16:26:12,614][MedImageInsight.UniCLModel][INFO] - => init lang_encoder.resblocks.11.attn.in_proj_weight from /nas-ctm01/homes/fmferreira/MedImageInsights/2024.09.27/vision_model/medimageinsigt-v1.0.0.pt
[2026-03-11 16:26:12,614][MedImageInsight.UniCLModel][INFO] - => init lang_encoder.resblocks.11.attn.out_proj.bias from /nas-ctm01/homes/fmferreira/MedImageInsights/2024.09.27/vision_model/medimageinsigt-v1.0.0.pt
[2026-03-11 16:26:12,614][MedImageInsight.UniCLModel][INFO] - => init lang_encoder.resblocks.11.attn.out_proj.weight from /nas-ctm01/homes/fmferreira/MedImageInsights/2024.09.27/vision_model/medimageinsigt-v1.0.0.pt
[2026-03-11 16:26:12,614][MedImageInsight.UniCLModel][INFO] - => init lang_encoder.resblocks.11.ln_1.bias from /nas-ctm01/homes/fmferreira/MedImageInsights/2024.09.27/vision_model/medimageinsigt-v1.0.0.pt
[2026-03-11 16:26:12,615][MedImageInsight.UniCLModel][INFO] - => init lang_encoder.resblocks.11.ln_1.weight from /nas-ctm01/homes/fmferreira/MedImageInsights/2024.09.27/vision_model/medimageinsigt-v1.0.0.pt
[2026-03-11 16:26:12,615][MedImageInsight.UniCLModel][INFO] - => init lang_encoder.resblocks.11.ln_2.bias from /nas-ctm01/homes/fmferreira/MedImageInsights/2024.09.27/vision_model/medimageinsigt-v1.0.0.pt
[2026-03-11 16:26:12,615][MedImageInsight.UniCLModel][INFO] - => init lang_encoder.resblocks.11.ln_2.weight from /nas-ctm01/homes/fmferreira/MedImageInsights/2024.09.27/vision_model/medimageinsigt-v1.0.0.pt
[2026-03-11 16:26:12,615][MedImageInsight.UniCLModel][INFO] - => init lang_encoder.resblocks.11.mlp.c_fc.bias from /nas-ctm01/homes/fmferreira/MedImageInsights/2024.09.27/vision_model/medimageinsigt-v1.0.0.pt
[2026-03-11 16:26:12,615][MedImageInsight.UniCLModel][INFO] - => init lang_encoder.resblocks.11.mlp.c_fc.weight from /nas-ctm01/homes/fmferreira/MedImageInsights/2024.09.27/vision_model/medimageinsigt-v1.0.0.pt
[2026-03-11 16:26:12,615][MedImageInsight.UniCLModel][INFO] - => init lang_encoder.resblocks.11.mlp.c_proj.bias from /nas-ctm01/homes/fmferreira/MedImageInsights/2024.09.27/vision_model/medimageinsigt-v1.0.0.pt
[2026-03-11 16:26:12,615][MedImageInsight.UniCLModel][INFO] - => init lang_encoder.resblocks.11.mlp.c_proj.weight from /nas-ctm01/homes/fmferreira/MedImageInsights/2024.09.27/vision_model/medimageinsigt-v1.0.0.pt
[2026-03-11 16:26:12,615][MedImageInsight.UniCLModel][INFO] - => init lang_encoder.resblocks.12.attn.in_proj_bias from /nas-ctm01/homes/fmferreira/MedImageInsights/2024.09.27/vision_model/medimageinsigt-v1.0.0.pt
[2026-03-11 16:26:12,615][MedImageInsight.UniCLModel][INFO] - => init lang_encoder.resblocks.12.attn.in_proj_weight from /nas-ctm01/homes/fmferreira/MedImageInsights/2024.09.27/vision_model/medimageinsigt-v1.0.0.pt
[2026-03-11 16:26:12,615][MedImageInsight.UniCLModel][INFO] - => init lang_encoder.resblocks.12.attn.out_proj.bias from /nas-ctm01/homes/fmferreira/MedImageInsights/2024.09.27/vision_model/medimageinsigt-v1.0.0.pt
[2026-03-11 16:26:12,615][MedImageInsight.UniCLModel][INFO] - => init lang_encoder.resblocks.12.attn.out_proj.weight from /nas-ctm01/homes/fmferreira/MedImageInsights/2024.09.27/vision_model/medimageinsigt-v1.0.0.pt
[2026-03-11 16:26:12,615][MedImageInsight.UniCLModel][INFO] - => init lang_encoder.resblocks.12.ln_1.bias from /nas-ctm01/homes/fmferreira/MedImageInsights/2024.09.27/vision_model/medimageinsigt-v1.0.0.pt
[2026-03-11 16:26:12,615][MedImageInsight.UniCLModel][INFO] - => init lang_encoder.resblocks.12.ln_1.weight from /nas-ctm01/homes/fmferreira/MedImageInsights/2024.09.27/vision_model/medimageinsigt-v1.0.0.pt
[2026-03-11 16:26:12,615][MedImageInsight.UniCLModel][INFO] - => init lang_encoder.resblocks.12.ln_2.bias from /nas-ctm01/homes/fmferreira/MedImageInsights/2024.09.27/vision_model/medimageinsigt-v1.0.0.pt
[2026-03-11 16:26:12,615][MedImageInsight.UniCLModel][INFO] - => init lang_encoder.resblocks.12.ln_2.weight from /nas-ctm01/homes/fmferreira/MedImageInsights/2024.09.27/vision_model/medimageinsigt-v1.0.0.pt
[2026-03-11 16:26:12,615][MedImageInsight.UniCLModel][INFO] - => init lang_encoder.resblocks.12.mlp.c_fc.bias from /nas-ctm01/homes/fmferreira/MedImageInsights/2024.09.27/vision_model/medimageinsigt-v1.0.0.pt
[2026-03-11 16:26:12,615][MedImageInsight.UniCLModel][INFO] - => init lang_encoder.resblocks.12.mlp.c_fc.weight from /nas-ctm01/homes/fmferreira/MedImageInsights/2024.09.27/vision_model/medimageinsigt-v1.0.0.pt
[2026-03-11 16:26:12,615][MedImageInsight.UniCLModel][INFO] - => init lang_encoder.resblocks.12.mlp.c_proj.bias from /nas-ctm01/homes/fmferreira/MedImageInsights/2024.09.27/vision_model/medimageinsigt-v1.0.0.pt
[2026-03-11 16:26:12,615][MedImageInsight.UniCLModel][INFO] - => init lang_encoder.resblocks.12.mlp.c_proj.weight from /nas-ctm01/homes/fmferreira/MedImageInsights/2024.09.27/vision_model/medimageinsigt-v1.0.0.pt
[2026-03-11 16:26:12,615][MedImageInsight.UniCLModel][INFO] - => init lang_encoder.resblocks.13.attn.in_proj_bias from /nas-ctm01/homes/fmferreira/MedImageInsights/2024.09.27/vision_model/medimageinsigt-v1.0.0.pt
[2026-03-11 16:26:12,615][MedImageInsight.UniCLModel][INFO] - => init lang_encoder.resblocks.13.attn.in_proj_weight from /nas-ctm01/homes/fmferreira/MedImageInsights/2024.09.27/vision_model/medimageinsigt-v1.0.0.pt
[2026-03-11 16:26:12,615][MedImageInsight.UniCLModel][INFO] - => init lang_encoder.resblocks.13.attn.out_proj.bias from /nas-ctm01/homes/fmferreira/MedImageInsights/2024.09.27/vision_model/medimageinsigt-v1.0.0.pt
[2026-03-11 16:26:12,615][MedImageInsight.UniCLModel][INFO] - => init lang_encoder.resblocks.13.attn.out_proj.weight from /nas-ctm01/homes/fmferreira/MedImageInsights/2024.09.27/vision_model/medimageinsigt-v1.0.0.pt
[2026-03-11 16:26:12,615][MedImageInsight.UniCLModel][INFO] - => init lang_encoder.resblocks.13.ln_1.bias from /nas-ctm01/homes/fmferreira/MedImageInsights/2024.09.27/vision_model/medimageinsigt-v1.0.0.pt
[2026-03-11 16:26:12,615][MedImageInsight.UniCLModel][INFO] - => init lang_encoder.resblocks.13.ln_1.weight from /nas-ctm01/homes/fmferreira/MedImageInsights/2024.09.27/vision_model/medimageinsigt-v1.0.0.pt
[2026-03-11 16:26:12,615][MedImageInsight.UniCLModel][INFO] - => init lang_encoder.resblocks.13.ln_2.bias from /nas-ctm01/homes/fmferreira/MedImageInsights/2024.09.27/vision_model/medimageinsigt-v1.0.0.pt
[2026-03-11 16:26:12,615][MedImageInsight.UniCLModel][INFO] - => init lang_encoder.resblocks.13.ln_2.weight from /nas-ctm01/homes/fmferreira/MedImageInsights/2024.09.27/vision_model/medimageinsigt-v1.0.0.pt
[2026-03-11 16:26:12,615][MedImageInsight.UniCLModel][INFO] - => init lang_encoder.resblocks.13.mlp.c_fc.bias from /nas-ctm01/homes/fmferreira/MedImageInsights/2024.09.27/vision_model/medimageinsigt-v1.0.0.pt
[2026-03-11 16:26:12,615][MedImageInsight.UniCLModel][INFO] - => init lang_encoder.resblocks.13.mlp.c_fc.weight from /nas-ctm01/homes/fmferreira/MedImageInsights/2024.09.27/vision_model/medimageinsigt-v1.0.0.pt
[2026-03-11 16:26:12,615][MedImageInsight.UniCLModel][INFO] - => init lang_encoder.resblocks.13.mlp.c_proj.bias from /nas-ctm01/homes/fmferreira/MedImageInsights/2024.09.27/vision_model/medimageinsigt-v1.0.0.pt
[2026-03-11 16:26:12,616][MedImageInsight.UniCLModel][INFO] - => init lang_encoder.resblocks.13.mlp.c_proj.weight from /nas-ctm01/homes/fmferreira/MedImageInsights/2024.09.27/vision_model/medimageinsigt-v1.0.0.pt
[2026-03-11 16:26:12,616][MedImageInsight.UniCLModel][INFO] - => init lang_encoder.resblocks.14.attn.in_proj_bias from /nas-ctm01/homes/fmferreira/MedImageInsights/2024.09.27/vision_model/medimageinsigt-v1.0.0.pt
[2026-03-11 16:26:12,616][MedImageInsight.UniCLModel][INFO] - => init lang_encoder.resblocks.14.attn.in_proj_weight from /nas-ctm01/homes/fmferreira/MedImageInsights/2024.09.27/vision_model/medimageinsigt-v1.0.0.pt
[2026-03-11 16:26:12,616][MedImageInsight.UniCLModel][INFO] - => init lang_encoder.resblocks.14.attn.out_proj.bias from /nas-ctm01/homes/fmferreira/MedImageInsights/2024.09.27/vision_model/medimageinsigt-v1.0.0.pt
[2026-03-11 16:26:12,616][MedImageInsight.UniCLModel][INFO] - => init lang_encoder.resblocks.14.attn.out_proj.weight from /nas-ctm01/homes/fmferreira/MedImageInsights/2024.09.27/vision_model/medimageinsigt-v1.0.0.pt
[2026-03-11 16:26:12,616][MedImageInsight.UniCLModel][INFO] - => init lang_encoder.resblocks.14.ln_1.bias from /nas-ctm01/homes/fmferreira/MedImageInsights/2024.09.27/vision_model/medimageinsigt-v1.0.0.pt
[2026-03-11 16:26:12,616][MedImageInsight.UniCLModel][INFO] - => init lang_encoder.resblocks.14.ln_1.weight from /nas-ctm01/homes/fmferreira/MedImageInsights/2024.09.27/vision_model/medimageinsigt-v1.0.0.pt
[2026-03-11 16:26:12,616][MedImageInsight.UniCLModel][INFO] - => init lang_encoder.resblocks.14.ln_2.bias from /nas-ctm01/homes/fmferreira/MedImageInsights/2024.09.27/vision_model/medimageinsigt-v1.0.0.pt
[2026-03-11 16:26:12,616][MedImageInsight.UniCLModel][INFO] - => init lang_encoder.resblocks.14.ln_2.weight from /nas-ctm01/homes/fmferreira/MedImageInsights/2024.09.27/vision_model/medimageinsigt-v1.0.0.pt
[2026-03-11 16:26:12,616][MedImageInsight.UniCLModel][INFO] - => init lang_encoder.resblocks.14.mlp.c_fc.bias from /nas-ctm01/homes/fmferreira/MedImageInsights/2024.09.27/vision_model/medimageinsigt-v1.0.0.pt
[2026-03-11 16:26:12,616][MedImageInsight.UniCLModel][INFO] - => init lang_encoder.resblocks.14.mlp.c_fc.weight from /nas-ctm01/homes/fmferreira/MedImageInsights/2024.09.27/vision_model/medimageinsigt-v1.0.0.pt
[2026-03-11 16:26:12,616][MedImageInsight.UniCLModel][INFO] - => init lang_encoder.resblocks.14.mlp.c_proj.bias from /nas-ctm01/homes/fmferreira/MedImageInsights/2024.09.27/vision_model/medimageinsigt-v1.0.0.pt
[2026-03-11 16:26:12,616][MedImageInsight.UniCLModel][INFO] - => init lang_encoder.resblocks.14.mlp.c_proj.weight from /nas-ctm01/homes/fmferreira/MedImageInsights/2024.09.27/vision_model/medimageinsigt-v1.0.0.pt
[2026-03-11 16:26:12,616][MedImageInsight.UniCLModel][INFO] - => init lang_encoder.resblocks.15.attn.in_proj_bias from /nas-ctm01/homes/fmferreira/MedImageInsights/2024.09.27/vision_model/medimageinsigt-v1.0.0.pt
[2026-03-11 16:26:12,616][MedImageInsight.UniCLModel][INFO] - => init lang_encoder.resblocks.15.attn.in_proj_weight from /nas-ctm01/homes/fmferreira/MedImageInsights/2024.09.27/vision_model/medimageinsigt-v1.0.0.pt
[2026-03-11 16:26:12,616][MedImageInsight.UniCLModel][INFO] - => init lang_encoder.resblocks.15.attn.out_proj.bias from /nas-ctm01/homes/fmferreira/MedImageInsights/2024.09.27/vision_model/medimageinsigt-v1.0.0.pt
[2026-03-11 16:26:12,616][MedImageInsight.UniCLModel][INFO] - => init lang_encoder.resblocks.15.attn.out_proj.weight from /nas-ctm01/homes/fmferreira/MedImageInsights/2024.09.27/vision_model/medimageinsigt-v1.0.0.pt
[2026-03-11 16:26:12,616][MedImageInsight.UniCLModel][INFO] - => init lang_encoder.resblocks.15.ln_1.bias from /nas-ctm01/homes/fmferreira/MedImageInsights/2024.09.27/vision_model/medimageinsigt-v1.0.0.pt
[2026-03-11 16:26:12,616][MedImageInsight.UniCLModel][INFO] - => init lang_encoder.resblocks.15.ln_1.weight from /nas-ctm01/homes/fmferreira/MedImageInsights/2024.09.27/vision_model/medimageinsigt-v1.0.0.pt
[2026-03-11 16:26:12,616][MedImageInsight.UniCLModel][INFO] - => init lang_encoder.resblocks.15.ln_2.bias from /nas-ctm01/homes/fmferreira/MedImageInsights/2024.09.27/vision_model/medimageinsigt-v1.0.0.pt
[2026-03-11 16:26:12,616][MedImageInsight.UniCLModel][INFO] - => init lang_encoder.resblocks.15.ln_2.weight from /nas-ctm01/homes/fmferreira/MedImageInsights/2024.09.27/vision_model/medimageinsigt-v1.0.0.pt
[2026-03-11 16:26:12,616][MedImageInsight.UniCLModel][INFO] - => init lang_encoder.resblocks.15.mlp.c_fc.bias from /nas-ctm01/homes/fmferreira/MedImageInsights/2024.09.27/vision_model/medimageinsigt-v1.0.0.pt
[2026-03-11 16:26:12,616][MedImageInsight.UniCLModel][INFO] - => init lang_encoder.resblocks.15.mlp.c_fc.weight from /nas-ctm01/homes/fmferreira/MedImageInsights/2024.09.27/vision_model/medimageinsigt-v1.0.0.pt
[2026-03-11 16:26:12,616][MedImageInsight.UniCLModel][INFO] - => init lang_encoder.resblocks.15.mlp.c_proj.bias from /nas-ctm01/homes/fmferreira/MedImageInsights/2024.09.27/vision_model/medimageinsigt-v1.0.0.pt
[2026-03-11 16:26:12,616][MedImageInsight.UniCLModel][INFO] - => init lang_encoder.resblocks.15.mlp.c_proj.weight from /nas-ctm01/homes/fmferreira/MedImageInsights/2024.09.27/vision_model/medimageinsigt-v1.0.0.pt
[2026-03-11 16:26:12,616][MedImageInsight.UniCLModel][INFO] - => init lang_encoder.resblocks.2.attn.in_proj_bias from /nas-ctm01/homes/fmferreira/MedImageInsights/2024.09.27/vision_model/medimageinsigt-v1.0.0.pt
[2026-03-11 16:26:12,616][MedImageInsight.UniCLModel][INFO] - => init lang_encoder.resblocks.2.attn.in_proj_weight from /nas-ctm01/homes/fmferreira/MedImageInsights/2024.09.27/vision_model/medimageinsigt-v1.0.0.pt
[2026-03-11 16:26:12,616][MedImageInsight.UniCLModel][INFO] - => init lang_encoder.resblocks.2.attn.out_proj.bias from /nas-ctm01/homes/fmferreira/MedImageInsights/2024.09.27/vision_model/medimageinsigt-v1.0.0.pt
[2026-03-11 16:26:12,616][MedImageInsight.UniCLModel][INFO] - => init lang_encoder.resblocks.2.attn.out_proj.weight from /nas-ctm01/homes/fmferreira/MedImageInsights/2024.09.27/vision_model/medimageinsigt-v1.0.0.pt
[2026-03-11 16:26:12,617][MedImageInsight.UniCLModel][INFO] - => init lang_encoder.resblocks.2.ln_1.bias from /nas-ctm01/homes/fmferreira/MedImageInsights/2024.09.27/vision_model/medimageinsigt-v1.0.0.pt
[2026-03-11 16:26:12,617][MedImageInsight.UniCLModel][INFO] - => init lang_encoder.resblocks.2.ln_1.weight from /nas-ctm01/homes/fmferreira/MedImageInsights/2024.09.27/vision_model/medimageinsigt-v1.0.0.pt
[2026-03-11 16:26:12,617][MedImageInsight.UniCLModel][INFO] - => init lang_encoder.resblocks.2.ln_2.bias from /nas-ctm01/homes/fmferreira/MedImageInsights/2024.09.27/vision_model/medimageinsigt-v1.0.0.pt
[2026-03-11 16:26:12,617][MedImageInsight.UniCLModel][INFO] - => init lang_encoder.resblocks.2.ln_2.weight from /nas-ctm01/homes/fmferreira/MedImageInsights/2024.09.27/vision_model/medimageinsigt-v1.0.0.pt
[2026-03-11 16:26:12,617][MedImageInsight.UniCLModel][INFO] - => init lang_encoder.resblocks.2.mlp.c_fc.bias from /nas-ctm01/homes/fmferreira/MedImageInsights/2024.09.27/vision_model/medimageinsigt-v1.0.0.pt
[2026-03-11 16:26:12,617][MedImageInsight.UniCLModel][INFO] - => init lang_encoder.resblocks.2.mlp.c_fc.weight from /nas-ctm01/homes/fmferreira/MedImageInsights/2024.09.27/vision_model/medimageinsigt-v1.0.0.pt
[2026-03-11 16:26:12,617][MedImageInsight.UniCLModel][INFO] - => init lang_encoder.resblocks.2.mlp.c_proj.bias from /nas-ctm01/homes/fmferreira/MedImageInsights/2024.09.27/vision_model/medimageinsigt-v1.0.0.pt
[2026-03-11 16:26:12,617][MedImageInsight.UniCLModel][INFO] - => init lang_encoder.resblocks.2.mlp.c_proj.weight from /nas-ctm01/homes/fmferreira/MedImageInsights/2024.09.27/vision_model/medimageinsigt-v1.0.0.pt
[2026-03-11 16:26:12,617][MedImageInsight.UniCLModel][INFO] - => init lang_encoder.resblocks.3.attn.in_proj_bias from /nas-ctm01/homes/fmferreira/MedImageInsights/2024.09.27/vision_model/medimageinsigt-v1.0.0.pt
[2026-03-11 16:26:12,617][MedImageInsight.UniCLModel][INFO] - => init lang_encoder.resblocks.3.attn.in_proj_weight from /nas-ctm01/homes/fmferreira/MedImageInsights/2024.09.27/vision_model/medimageinsigt-v1.0.0.pt
[2026-03-11 16:26:12,617][MedImageInsight.UniCLModel][INFO] - => init lang_encoder.resblocks.3.attn.out_proj.bias from /nas-ctm01/homes/fmferreira/MedImageInsights/2024.09.27/vision_model/medimageinsigt-v1.0.0.pt
[2026-03-11 16:26:12,617][MedImageInsight.UniCLModel][INFO] - => init lang_encoder.resblocks.3.attn.out_proj.weight from /nas-ctm01/homes/fmferreira/MedImageInsights/2024.09.27/vision_model/medimageinsigt-v1.0.0.pt
[2026-03-11 16:26:12,617][MedImageInsight.UniCLModel][INFO] - => init lang_encoder.resblocks.3.ln_1.bias from /nas-ctm01/homes/fmferreira/MedImageInsights/2024.09.27/vision_model/medimageinsigt-v1.0.0.pt
[2026-03-11 16:26:12,617][MedImageInsight.UniCLModel][INFO] - => init lang_encoder.resblocks.3.ln_1.weight from /nas-ctm01/homes/fmferreira/MedImageInsights/2024.09.27/vision_model/medimageinsigt-v1.0.0.pt
[2026-03-11 16:26:12,617][MedImageInsight.UniCLModel][INFO] - => init lang_encoder.resblocks.3.ln_2.bias from /nas-ctm01/homes/fmferreira/MedImageInsights/2024.09.27/vision_model/medimageinsigt-v1.0.0.pt
[2026-03-11 16:26:12,617][MedImageInsight.UniCLModel][INFO] - => init lang_encoder.resblocks.3.ln_2.weight from /nas-ctm01/homes/fmferreira/MedImageInsights/2024.09.27/vision_model/medimageinsigt-v1.0.0.pt
[2026-03-11 16:26:12,617][MedImageInsight.UniCLModel][INFO] - => init lang_encoder.resblocks.3.mlp.c_fc.bias from /nas-ctm01/homes/fmferreira/MedImageInsights/2024.09.27/vision_model/medimageinsigt-v1.0.0.pt
[2026-03-11 16:26:12,617][MedImageInsight.UniCLModel][INFO] - => init lang_encoder.resblocks.3.mlp.c_fc.weight from /nas-ctm01/homes/fmferreira/MedImageInsights/2024.09.27/vision_model/medimageinsigt-v1.0.0.pt
[2026-03-11 16:26:12,617][MedImageInsight.UniCLModel][INFO] - => init lang_encoder.resblocks.3.mlp.c_proj.bias from /nas-ctm01/homes/fmferreira/MedImageInsights/2024.09.27/vision_model/medimageinsigt-v1.0.0.pt
[2026-03-11 16:26:12,617][MedImageInsight.UniCLModel][INFO] - => init lang_encoder.resblocks.3.mlp.c_proj.weight from /nas-ctm01/homes/fmferreira/MedImageInsights/2024.09.27/vision_model/medimageinsigt-v1.0.0.pt
[2026-03-11 16:26:12,617][MedImageInsight.UniCLModel][INFO] - => init lang_encoder.resblocks.4.attn.in_proj_bias from /nas-ctm01/homes/fmferreira/MedImageInsights/2024.09.27/vision_model/medimageinsigt-v1.0.0.pt
[2026-03-11 16:26:12,617][MedImageInsight.UniCLModel][INFO] - => init lang_encoder.resblocks.4.attn.in_proj_weight from /nas-ctm01/homes/fmferreira/MedImageInsights/2024.09.27/vision_model/medimageinsigt-v1.0.0.pt
[2026-03-11 16:26:12,617][MedImageInsight.UniCLModel][INFO] - => init lang_encoder.resblocks.4.attn.out_proj.bias from /nas-ctm01/homes/fmferreira/MedImageInsights/2024.09.27/vision_model/medimageinsigt-v1.0.0.pt
[2026-03-11 16:26:12,617][MedImageInsight.UniCLModel][INFO] - => init lang_encoder.resblocks.4.attn.out_proj.weight from /nas-ctm01/homes/fmferreira/MedImageInsights/2024.09.27/vision_model/medimageinsigt-v1.0.0.pt
[2026-03-11 16:26:12,617][MedImageInsight.UniCLModel][INFO] - => init lang_encoder.resblocks.4.ln_1.bias from /nas-ctm01/homes/fmferreira/MedImageInsights/2024.09.27/vision_model/medimageinsigt-v1.0.0.pt
[2026-03-11 16:26:12,617][MedImageInsight.UniCLModel][INFO] - => init lang_encoder.resblocks.4.ln_1.weight from /nas-ctm01/homes/fmferreira/MedImageInsights/2024.09.27/vision_model/medimageinsigt-v1.0.0.pt
[2026-03-11 16:26:12,617][MedImageInsight.UniCLModel][INFO] - => init lang_encoder.resblocks.4.ln_2.bias from /nas-ctm01/homes/fmferreira/MedImageInsights/2024.09.27/vision_model/medimageinsigt-v1.0.0.pt
[2026-03-11 16:26:12,617][MedImageInsight.UniCLModel][INFO] - => init lang_encoder.resblocks.4.ln_2.weight from /nas-ctm01/homes/fmferreira/MedImageInsights/2024.09.27/vision_model/medimageinsigt-v1.0.0.pt
[2026-03-11 16:26:12,617][MedImageInsight.UniCLModel][INFO] - => init lang_encoder.resblocks.4.mlp.c_fc.bias from /nas-ctm01/homes/fmferreira/MedImageInsights/2024.09.27/vision_model/medimageinsigt-v1.0.0.pt
[2026-03-11 16:26:12,617][MedImageInsight.UniCLModel][INFO] - => init lang_encoder.resblocks.4.mlp.c_fc.weight from /nas-ctm01/homes/fmferreira/MedImageInsights/2024.09.27/vision_model/medimageinsigt-v1.0.0.pt
[2026-03-11 16:26:12,617][MedImageInsight.UniCLModel][INFO] - => init lang_encoder.resblocks.4.mlp.c_proj.bias from /nas-ctm01/homes/fmferreira/MedImageInsights/2024.09.27/vision_model/medimageinsigt-v1.0.0.pt
[2026-03-11 16:26:12,618][MedImageInsight.UniCLModel][INFO] - => init lang_encoder.resblocks.4.mlp.c_proj.weight from /nas-ctm01/homes/fmferreira/MedImageInsights/2024.09.27/vision_model/medimageinsigt-v1.0.0.pt
[2026-03-11 16:26:12,618][MedImageInsight.UniCLModel][INFO] - => init lang_encoder.resblocks.5.attn.in_proj_bias from /nas-ctm01/homes/fmferreira/MedImageInsights/2024.09.27/vision_model/medimageinsigt-v1.0.0.pt
[2026-03-11 16:26:12,618][MedImageInsight.UniCLModel][INFO] - => init lang_encoder.resblocks.5.attn.in_proj_weight from /nas-ctm01/homes/fmferreira/MedImageInsights/2024.09.27/vision_model/medimageinsigt-v1.0.0.pt
[2026-03-11 16:26:12,618][MedImageInsight.UniCLModel][INFO] - => init lang_encoder.resblocks.5.attn.out_proj.bias from /nas-ctm01/homes/fmferreira/MedImageInsights/2024.09.27/vision_model/medimageinsigt-v1.0.0.pt
[2026-03-11 16:26:12,618][MedImageInsight.UniCLModel][INFO] - => init lang_encoder.resblocks.5.attn.out_proj.weight from /nas-ctm01/homes/fmferreira/MedImageInsights/2024.09.27/vision_model/medimageinsigt-v1.0.0.pt
[2026-03-11 16:26:12,618][MedImageInsight.UniCLModel][INFO] - => init lang_encoder.resblocks.5.ln_1.bias from /nas-ctm01/homes/fmferreira/MedImageInsights/2024.09.27/vision_model/medimageinsigt-v1.0.0.pt
[2026-03-11 16:26:12,618][MedImageInsight.UniCLModel][INFO] - => init lang_encoder.resblocks.5.ln_1.weight from /nas-ctm01/homes/fmferreira/MedImageInsights/2024.09.27/vision_model/medimageinsigt-v1.0.0.pt
[2026-03-11 16:26:12,618][MedImageInsight.UniCLModel][INFO] - => init lang_encoder.resblocks.5.ln_2.bias from /nas-ctm01/homes/fmferreira/MedImageInsights/2024.09.27/vision_model/medimageinsigt-v1.0.0.pt
[2026-03-11 16:26:12,618][MedImageInsight.UniCLModel][INFO] - => init lang_encoder.resblocks.5.ln_2.weight from /nas-ctm01/homes/fmferreira/MedImageInsights/2024.09.27/vision_model/medimageinsigt-v1.0.0.pt
[2026-03-11 16:26:12,618][MedImageInsight.UniCLModel][INFO] - => init lang_encoder.resblocks.5.mlp.c_fc.bias from /nas-ctm01/homes/fmferreira/MedImageInsights/2024.09.27/vision_model/medimageinsigt-v1.0.0.pt
[2026-03-11 16:26:12,618][MedImageInsight.UniCLModel][INFO] - => init lang_encoder.resblocks.5.mlp.c_fc.weight from /nas-ctm01/homes/fmferreira/MedImageInsights/2024.09.27/vision_model/medimageinsigt-v1.0.0.pt
[2026-03-11 16:26:12,618][MedImageInsight.UniCLModel][INFO] - => init lang_encoder.resblocks.5.mlp.c_proj.bias from /nas-ctm01/homes/fmferreira/MedImageInsights/2024.09.27/vision_model/medimageinsigt-v1.0.0.pt
[2026-03-11 16:26:12,618][MedImageInsight.UniCLModel][INFO] - => init lang_encoder.resblocks.5.mlp.c_proj.weight from /nas-ctm01/homes/fmferreira/MedImageInsights/2024.09.27/vision_model/medimageinsigt-v1.0.0.pt
[2026-03-11 16:26:12,618][MedImageInsight.UniCLModel][INFO] - => init lang_encoder.resblocks.6.attn.in_proj_bias from /nas-ctm01/homes/fmferreira/MedImageInsights/2024.09.27/vision_model/medimageinsigt-v1.0.0.pt
[2026-03-11 16:26:12,618][MedImageInsight.UniCLModel][INFO] - => init lang_encoder.resblocks.6.attn.in_proj_weight from /nas-ctm01/homes/fmferreira/MedImageInsights/2024.09.27/vision_model/medimageinsigt-v1.0.0.pt
[2026-03-11 16:26:12,618][MedImageInsight.UniCLModel][INFO] - => init lang_encoder.resblocks.6.attn.out_proj.bias from /nas-ctm01/homes/fmferreira/MedImageInsights/2024.09.27/vision_model/medimageinsigt-v1.0.0.pt
[2026-03-11 16:26:12,618][MedImageInsight.UniCLModel][INFO] - => init lang_encoder.resblocks.6.attn.out_proj.weight from /nas-ctm01/homes/fmferreira/MedImageInsights/2024.09.27/vision_model/medimageinsigt-v1.0.0.pt
[2026-03-11 16:26:12,618][MedImageInsight.UniCLModel][INFO] - => init lang_encoder.resblocks.6.ln_1.bias from /nas-ctm01/homes/fmferreira/MedImageInsights/2024.09.27/vision_model/medimageinsigt-v1.0.0.pt
[2026-03-11 16:26:12,618][MedImageInsight.UniCLModel][INFO] - => init lang_encoder.resblocks.6.ln_1.weight from /nas-ctm01/homes/fmferreira/MedImageInsights/2024.09.27/vision_model/medimageinsigt-v1.0.0.pt
[2026-03-11 16:26:12,618][MedImageInsight.UniCLModel][INFO] - => init lang_encoder.resblocks.6.ln_2.bias from /nas-ctm01/homes/fmferreira/MedImageInsights/2024.09.27/vision_model/medimageinsigt-v1.0.0.pt
[2026-03-11 16:26:12,618][MedImageInsight.UniCLModel][INFO] - => init lang_encoder.resblocks.6.ln_2.weight from /nas-ctm01/homes/fmferreira/MedImageInsights/2024.09.27/vision_model/medimageinsigt-v1.0.0.pt
[2026-03-11 16:26:12,618][MedImageInsight.UniCLModel][INFO] - => init lang_encoder.resblocks.6.mlp.c_fc.bias from /nas-ctm01/homes/fmferreira/MedImageInsights/2024.09.27/vision_model/medimageinsigt-v1.0.0.pt
[2026-03-11 16:26:12,618][MedImageInsight.UniCLModel][INFO] - => init lang_encoder.resblocks.6.mlp.c_fc.weight from /nas-ctm01/homes/fmferreira/MedImageInsights/2024.09.27/vision_model/medimageinsigt-v1.0.0.pt
[2026-03-11 16:26:12,618][MedImageInsight.UniCLModel][INFO] - => init lang_encoder.resblocks.6.mlp.c_proj.bias from /nas-ctm01/homes/fmferreira/MedImageInsights/2024.09.27/vision_model/medimageinsigt-v1.0.0.pt
[2026-03-11 16:26:12,618][MedImageInsight.UniCLModel][INFO] - => init lang_encoder.resblocks.6.mlp.c_proj.weight from /nas-ctm01/homes/fmferreira/MedImageInsights/2024.09.27/vision_model/medimageinsigt-v1.0.0.pt
[2026-03-11 16:26:12,618][MedImageInsight.UniCLModel][INFO] - => init lang_encoder.resblocks.7.attn.in_proj_bias from /nas-ctm01/homes/fmferreira/MedImageInsights/2024.09.27/vision_model/medimageinsigt-v1.0.0.pt
[2026-03-11 16:26:12,618][MedImageInsight.UniCLModel][INFO] - => init lang_encoder.resblocks.7.attn.in_proj_weight from /nas-ctm01/homes/fmferreira/MedImageInsights/2024.09.27/vision_model/medimageinsigt-v1.0.0.pt
[2026-03-11 16:26:12,618][MedImageInsight.UniCLModel][INFO] - => init lang_encoder.resblocks.7.attn.out_proj.bias from /nas-ctm01/homes/fmferreira/MedImageInsights/2024.09.27/vision_model/medimageinsigt-v1.0.0.pt
[2026-03-11 16:26:12,618][MedImageInsight.UniCLModel][INFO] - => init lang_encoder.resblocks.7.attn.out_proj.weight from /nas-ctm01/homes/fmferreira/MedImageInsights/2024.09.27/vision_model/medimageinsigt-v1.0.0.pt
[2026-03-11 16:26:12,618][MedImageInsight.UniCLModel][INFO] - => init lang_encoder.resblocks.7.ln_1.bias from /nas-ctm01/homes/fmferreira/MedImageInsights/2024.09.27/vision_model/medimageinsigt-v1.0.0.pt
[2026-03-11 16:26:12,619][MedImageInsight.UniCLModel][INFO] - => init lang_encoder.resblocks.7.ln_1.weight from /nas-ctm01/homes/fmferreira/MedImageInsights/2024.09.27/vision_model/medimageinsigt-v1.0.0.pt
[2026-03-11 16:26:12,619][MedImageInsight.UniCLModel][INFO] - => init lang_encoder.resblocks.7.ln_2.bias from /nas-ctm01/homes/fmferreira/MedImageInsights/2024.09.27/vision_model/medimageinsigt-v1.0.0.pt
[2026-03-11 16:26:12,619][MedImageInsight.UniCLModel][INFO] - => init lang_encoder.resblocks.7.ln_2.weight from /nas-ctm01/homes/fmferreira/MedImageInsights/2024.09.27/vision_model/medimageinsigt-v1.0.0.pt
[2026-03-11 16:26:12,619][MedImageInsight.UniCLModel][INFO] - => init lang_encoder.resblocks.7.mlp.c_fc.bias from /nas-ctm01/homes/fmferreira/MedImageInsights/2024.09.27/vision_model/medimageinsigt-v1.0.0.pt
[2026-03-11 16:26:12,619][MedImageInsight.UniCLModel][INFO] - => init lang_encoder.resblocks.7.mlp.c_fc.weight from /nas-ctm01/homes/fmferreira/MedImageInsights/2024.09.27/vision_model/medimageinsigt-v1.0.0.pt
[2026-03-11 16:26:12,619][MedImageInsight.UniCLModel][INFO] - => init lang_encoder.resblocks.7.mlp.c_proj.bias from /nas-ctm01/homes/fmferreira/MedImageInsights/2024.09.27/vision_model/medimageinsigt-v1.0.0.pt
[2026-03-11 16:26:12,619][MedImageInsight.UniCLModel][INFO] - => init lang_encoder.resblocks.7.mlp.c_proj.weight from /nas-ctm01/homes/fmferreira/MedImageInsights/2024.09.27/vision_model/medimageinsigt-v1.0.0.pt
[2026-03-11 16:26:12,619][MedImageInsight.UniCLModel][INFO] - => init lang_encoder.resblocks.8.attn.in_proj_bias from /nas-ctm01/homes/fmferreira/MedImageInsights/2024.09.27/vision_model/medimageinsigt-v1.0.0.pt
[2026-03-11 16:26:12,619][MedImageInsight.UniCLModel][INFO] - => init lang_encoder.resblocks.8.attn.in_proj_weight from /nas-ctm01/homes/fmferreira/MedImageInsights/2024.09.27/vision_model/medimageinsigt-v1.0.0.pt
[2026-03-11 16:26:12,619][MedImageInsight.UniCLModel][INFO] - => init lang_encoder.resblocks.8.attn.out_proj.bias from /nas-ctm01/homes/fmferreira/MedImageInsights/2024.09.27/vision_model/medimageinsigt-v1.0.0.pt
[2026-03-11 16:26:12,619][MedImageInsight.UniCLModel][INFO] - => init lang_encoder.resblocks.8.attn.out_proj.weight from /nas-ctm01/homes/fmferreira/MedImageInsights/2024.09.27/vision_model/medimageinsigt-v1.0.0.pt
[2026-03-11 16:26:12,619][MedImageInsight.UniCLModel][INFO] - => init lang_encoder.resblocks.8.ln_1.bias from /nas-ctm01/homes/fmferreira/MedImageInsights/2024.09.27/vision_model/medimageinsigt-v1.0.0.pt
[2026-03-11 16:26:12,619][MedImageInsight.UniCLModel][INFO] - => init lang_encoder.resblocks.8.ln_1.weight from /nas-ctm01/homes/fmferreira/MedImageInsights/2024.09.27/vision_model/medimageinsigt-v1.0.0.pt
[2026-03-11 16:26:12,619][MedImageInsight.UniCLModel][INFO] - => init lang_encoder.resblocks.8.ln_2.bias from /nas-ctm01/homes/fmferreira/MedImageInsights/2024.09.27/vision_model/medimageinsigt-v1.0.0.pt
[2026-03-11 16:26:12,619][MedImageInsight.UniCLModel][INFO] - => init lang_encoder.resblocks.8.ln_2.weight from /nas-ctm01/homes/fmferreira/MedImageInsights/2024.09.27/vision_model/medimageinsigt-v1.0.0.pt
[2026-03-11 16:26:12,619][MedImageInsight.UniCLModel][INFO] - => init lang_encoder.resblocks.8.mlp.c_fc.bias from /nas-ctm01/homes/fmferreira/MedImageInsights/2024.09.27/vision_model/medimageinsigt-v1.0.0.pt
[2026-03-11 16:26:12,619][MedImageInsight.UniCLModel][INFO] - => init lang_encoder.resblocks.8.mlp.c_fc.weight from /nas-ctm01/homes/fmferreira/MedImageInsights/2024.09.27/vision_model/medimageinsigt-v1.0.0.pt
[2026-03-11 16:26:12,619][MedImageInsight.UniCLModel][INFO] - => init lang_encoder.resblocks.8.mlp.c_proj.bias from /nas-ctm01/homes/fmferreira/MedImageInsights/2024.09.27/vision_model/medimageinsigt-v1.0.0.pt
[2026-03-11 16:26:12,619][MedImageInsight.UniCLModel][INFO] - => init lang_encoder.resblocks.8.mlp.c_proj.weight from /nas-ctm01/homes/fmferreira/MedImageInsights/2024.09.27/vision_model/medimageinsigt-v1.0.0.pt
[2026-03-11 16:26:12,619][MedImageInsight.UniCLModel][INFO] - => init lang_encoder.resblocks.9.attn.in_proj_bias from /nas-ctm01/homes/fmferreira/MedImageInsights/2024.09.27/vision_model/medimageinsigt-v1.0.0.pt
[2026-03-11 16:26:12,619][MedImageInsight.UniCLModel][INFO] - => init lang_encoder.resblocks.9.attn.in_proj_weight from /nas-ctm01/homes/fmferreira/MedImageInsights/2024.09.27/vision_model/medimageinsigt-v1.0.0.pt
[2026-03-11 16:26:12,619][MedImageInsight.UniCLModel][INFO] - => init lang_encoder.resblocks.9.attn.out_proj.bias from /nas-ctm01/homes/fmferreira/MedImageInsights/2024.09.27/vision_model/medimageinsigt-v1.0.0.pt
[2026-03-11 16:26:12,619][MedImageInsight.UniCLModel][INFO] - => init lang_encoder.resblocks.9.attn.out_proj.weight from /nas-ctm01/homes/fmferreira/MedImageInsights/2024.09.27/vision_model/medimageinsigt-v1.0.0.pt
[2026-03-11 16:26:12,619][MedImageInsight.UniCLModel][INFO] - => init lang_encoder.resblocks.9.ln_1.bias from /nas-ctm01/homes/fmferreira/MedImageInsights/2024.09.27/vision_model/medimageinsigt-v1.0.0.pt
[2026-03-11 16:26:12,619][MedImageInsight.UniCLModel][INFO] - => init lang_encoder.resblocks.9.ln_1.weight from /nas-ctm01/homes/fmferreira/MedImageInsights/2024.09.27/vision_model/medimageinsigt-v1.0.0.pt
[2026-03-11 16:26:12,619][MedImageInsight.UniCLModel][INFO] - => init lang_encoder.resblocks.9.ln_2.bias from /nas-ctm01/homes/fmferreira/MedImageInsights/2024.09.27/vision_model/medimageinsigt-v1.0.0.pt
[2026-03-11 16:26:12,619][MedImageInsight.UniCLModel][INFO] - => init lang_encoder.resblocks.9.ln_2.weight from /nas-ctm01/homes/fmferreira/MedImageInsights/2024.09.27/vision_model/medimageinsigt-v1.0.0.pt
[2026-03-11 16:26:12,619][MedImageInsight.UniCLModel][INFO] - => init lang_encoder.resblocks.9.mlp.c_fc.bias from /nas-ctm01/homes/fmferreira/MedImageInsights/2024.09.27/vision_model/medimageinsigt-v1.0.0.pt
[2026-03-11 16:26:12,619][MedImageInsight.UniCLModel][INFO] - => init lang_encoder.resblocks.9.mlp.c_fc.weight from /nas-ctm01/homes/fmferreira/MedImageInsights/2024.09.27/vision_model/medimageinsigt-v1.0.0.pt
[2026-03-11 16:26:12,619][MedImageInsight.UniCLModel][INFO] - => init lang_encoder.resblocks.9.mlp.c_proj.bias from /nas-ctm01/homes/fmferreira/MedImageInsights/2024.09.27/vision_model/medimageinsigt-v1.0.0.pt
[2026-03-11 16:26:12,620][MedImageInsight.UniCLModel][INFO] - => init lang_encoder.resblocks.9.mlp.c_proj.weight from /nas-ctm01/homes/fmferreira/MedImageInsights/2024.09.27/vision_model/medimageinsigt-v1.0.0.pt
[2026-03-11 16:26:12,620][MedImageInsight.UniCLModel][INFO] - => init lang_encoder.token_embedding.weight from /nas-ctm01/homes/fmferreira/MedImageInsights/2024.09.27/vision_model/medimageinsigt-v1.0.0.pt
[2026-03-11 16:26:12,620][MedImageInsight.UniCLModel][INFO] - => init lang_projection from /nas-ctm01/homes/fmferreira/MedImageInsights/2024.09.27/vision_model/medimageinsigt-v1.0.0.pt
[2026-03-11 16:26:12,620][MedImageInsight.UniCLModel][INFO] - => init logit_scale from /nas-ctm01/homes/fmferreira/MedImageInsights/2024.09.27/vision_model/medimageinsigt-v1.0.0.pt
[2026-03-11 16:26:12,623][MedImageInsight.ImageEncoder.davit_v1][INFO] - => init blocks.0.0.channel_block.channel_attn.fn.proj.bias from pretrained state dict
[2026-03-11 16:26:12,623][MedImageInsight.ImageEncoder.davit_v1][INFO] - => init blocks.0.0.channel_block.channel_attn.fn.proj.weight from pretrained state dict
[2026-03-11 16:26:12,623][MedImageInsight.ImageEncoder.davit_v1][INFO] - => init blocks.0.0.channel_block.channel_attn.fn.qkv.bias from pretrained state dict
[2026-03-11 16:26:12,623][MedImageInsight.ImageEncoder.davit_v1][INFO] - => init blocks.0.0.channel_block.channel_attn.fn.qkv.weight from pretrained state dict
[2026-03-11 16:26:12,623][MedImageInsight.ImageEncoder.davit_v1][INFO] - => init blocks.0.0.channel_block.channel_attn.norm.bias from pretrained state dict
[2026-03-11 16:26:12,623][MedImageInsight.ImageEncoder.davit_v1][INFO] - => init blocks.0.0.channel_block.channel_attn.norm.weight from pretrained state dict
[2026-03-11 16:26:12,623][MedImageInsight.ImageEncoder.davit_v1][INFO] - => init blocks.0.0.channel_block.conv1.fn.dw.bias from pretrained state dict
[2026-03-11 16:26:12,623][MedImageInsight.ImageEncoder.davit_v1][INFO] - => init blocks.0.0.channel_block.conv1.fn.dw.weight from pretrained state dict
[2026-03-11 16:26:12,623][MedImageInsight.ImageEncoder.davit_v1][INFO] - => init blocks.0.0.channel_block.conv2.fn.dw.bias from pretrained state dict
[2026-03-11 16:26:12,623][MedImageInsight.ImageEncoder.davit_v1][INFO] - => init blocks.0.0.channel_block.conv2.fn.dw.weight from pretrained state dict
[2026-03-11 16:26:12,623][MedImageInsight.ImageEncoder.davit_v1][INFO] - => init blocks.0.0.channel_block.ffn.fn.net.fc1.bias from pretrained state dict
[2026-03-11 16:26:12,623][MedImageInsight.ImageEncoder.davit_v1][INFO] - => init blocks.0.0.channel_block.ffn.fn.net.fc1.weight from pretrained state dict
[2026-03-11 16:26:12,623][MedImageInsight.ImageEncoder.davit_v1][INFO] - => init blocks.0.0.channel_block.ffn.fn.net.fc2.bias from pretrained state dict
[2026-03-11 16:26:12,623][MedImageInsight.ImageEncoder.davit_v1][INFO] - => init blocks.0.0.channel_block.ffn.fn.net.fc2.weight from pretrained state dict
[2026-03-11 16:26:12,623][MedImageInsight.ImageEncoder.davit_v1][INFO] - => init blocks.0.0.channel_block.ffn.norm.bias from pretrained state dict
[2026-03-11 16:26:12,623][MedImageInsight.ImageEncoder.davit_v1][INFO] - => init blocks.0.0.channel_block.ffn.norm.weight from pretrained state dict
[2026-03-11 16:26:12,623][MedImageInsight.ImageEncoder.davit_v1][INFO] - => init blocks.0.0.spatial_block.conv1.fn.dw.bias from pretrained state dict
[2026-03-11 16:26:12,623][MedImageInsight.ImageEncoder.davit_v1][INFO] - => init blocks.0.0.spatial_block.conv1.fn.dw.weight from pretrained state dict
[2026-03-11 16:26:12,623][MedImageInsight.ImageEncoder.davit_v1][INFO] - => init blocks.0.0.spatial_block.conv2.fn.dw.bias from pretrained state dict
[2026-03-11 16:26:12,624][MedImageInsight.ImageEncoder.davit_v1][INFO] - => init blocks.0.0.spatial_block.conv2.fn.dw.weight from pretrained state dict
[2026-03-11 16:26:12,624][MedImageInsight.ImageEncoder.davit_v1][INFO] - => init blocks.0.0.spatial_block.ffn.fn.net.fc1.bias from pretrained state dict
[2026-03-11 16:26:12,624][MedImageInsight.ImageEncoder.davit_v1][INFO] - => init blocks.0.0.spatial_block.ffn.fn.net.fc1.weight from pretrained state dict
[2026-03-11 16:26:12,624][MedImageInsight.ImageEncoder.davit_v1][INFO] - => init blocks.0.0.spatial_block.ffn.fn.net.fc2.bias from pretrained state dict
[2026-03-11 16:26:12,624][MedImageInsight.ImageEncoder.davit_v1][INFO] - => init blocks.0.0.spatial_block.ffn.fn.net.fc2.weight from pretrained state dict
[2026-03-11 16:26:12,624][MedImageInsight.ImageEncoder.davit_v1][INFO] - => init blocks.0.0.spatial_block.ffn.norm.bias from pretrained state dict
[2026-03-11 16:26:12,624][MedImageInsight.ImageEncoder.davit_v1][INFO] - => init blocks.0.0.spatial_block.ffn.norm.weight from pretrained state dict
[2026-03-11 16:26:12,624][MedImageInsight.ImageEncoder.davit_v1][INFO] - => init blocks.0.0.spatial_block.window_attn.fn.proj.bias from pretrained state dict
[2026-03-11 16:26:12,624][MedImageInsight.ImageEncoder.davit_v1][INFO] - => init blocks.0.0.spatial_block.window_attn.fn.proj.weight from pretrained state dict
[2026-03-11 16:26:12,624][MedImageInsight.ImageEncoder.davit_v1][INFO] - => init blocks.0.0.spatial_block.window_attn.fn.qkv.bias from pretrained state dict
[2026-03-11 16:26:12,624][MedImageInsight.ImageEncoder.davit_v1][INFO] - => init blocks.0.0.spatial_block.window_attn.fn.qkv.weight from pretrained state dict
[2026-03-11 16:26:12,624][MedImageInsight.ImageEncoder.davit_v1][INFO] - => init blocks.0.0.spatial_block.window_attn.norm.bias from pretrained state dict
[2026-03-11 16:26:12,624][MedImageInsight.ImageEncoder.davit_v1][INFO] - => init blocks.0.0.spatial_block.window_attn.norm.weight from pretrained state dict
[2026-03-11 16:26:12,624][MedImageInsight.ImageEncoder.davit_v1][INFO] - => init blocks.1.0.channel_block.channel_attn.fn.proj.bias from pretrained state dict
[2026-03-11 16:26:12,624][MedImageInsight.ImageEncoder.davit_v1][INFO] - => init blocks.1.0.channel_block.channel_attn.fn.proj.weight from pretrained state dict
[2026-03-11 16:26:12,624][MedImageInsight.ImageEncoder.davit_v1][INFO] - => init blocks.1.0.channel_block.channel_attn.fn.qkv.bias from pretrained state dict
[2026-03-11 16:26:12,624][MedImageInsight.ImageEncoder.davit_v1][INFO] - => init blocks.1.0.channel_block.channel_attn.fn.qkv.weight from pretrained state dict
[2026-03-11 16:26:12,624][MedImageInsight.ImageEncoder.davit_v1][INFO] - => init blocks.1.0.channel_block.channel_attn.norm.bias from pretrained state dict
[2026-03-11 16:26:12,624][MedImageInsight.ImageEncoder.davit_v1][INFO] - => init blocks.1.0.channel_block.channel_attn.norm.weight from pretrained state dict
[2026-03-11 16:26:12,624][MedImageInsight.ImageEncoder.davit_v1][INFO] - => init blocks.1.0.channel_block.conv1.fn.dw.bias from pretrained state dict
[2026-03-11 16:26:12,624][MedImageInsight.ImageEncoder.davit_v1][INFO] - => init blocks.1.0.channel_block.conv1.fn.dw.weight from pretrained state dict
[2026-03-11 16:26:12,624][MedImageInsight.ImageEncoder.davit_v1][INFO] - => init blocks.1.0.channel_block.conv2.fn.dw.bias from pretrained state dict
[2026-03-11 16:26:12,624][MedImageInsight.ImageEncoder.davit_v1][INFO] - => init blocks.1.0.channel_block.conv2.fn.dw.weight from pretrained state dict
[2026-03-11 16:26:12,624][MedImageInsight.ImageEncoder.davit_v1][INFO] - => init blocks.1.0.channel_block.ffn.fn.net.fc1.bias from pretrained state dict
[2026-03-11 16:26:12,624][MedImageInsight.ImageEncoder.davit_v1][INFO] - => init blocks.1.0.channel_block.ffn.fn.net.fc1.weight from pretrained state dict
[2026-03-11 16:26:12,624][MedImageInsight.ImageEncoder.davit_v1][INFO] - => init blocks.1.0.channel_block.ffn.fn.net.fc2.bias from pretrained state dict
[2026-03-11 16:26:12,624][MedImageInsight.ImageEncoder.davit_v1][INFO] - => init blocks.1.0.channel_block.ffn.fn.net.fc2.weight from pretrained state dict
[2026-03-11 16:26:12,624][MedImageInsight.ImageEncoder.davit_v1][INFO] - => init blocks.1.0.channel_block.ffn.norm.bias from pretrained state dict
[2026-03-11 16:26:12,624][MedImageInsight.ImageEncoder.davit_v1][INFO] - => init blocks.1.0.channel_block.ffn.norm.weight from pretrained state dict
[2026-03-11 16:26:12,624][MedImageInsight.ImageEncoder.davit_v1][INFO] - => init blocks.1.0.spatial_block.conv1.fn.dw.bias from pretrained state dict
[2026-03-11 16:26:12,625][MedImageInsight.ImageEncoder.davit_v1][INFO] - => init blocks.1.0.spatial_block.conv1.fn.dw.weight from pretrained state dict
[2026-03-11 16:26:12,625][MedImageInsight.ImageEncoder.davit_v1][INFO] - => init blocks.1.0.spatial_block.conv2.fn.dw.bias from pretrained state dict
[2026-03-11 16:26:12,625][MedImageInsight.ImageEncoder.davit_v1][INFO] - => init blocks.1.0.spatial_block.conv2.fn.dw.weight from pretrained state dict
[2026-03-11 16:26:12,625][MedImageInsight.ImageEncoder.davit_v1][INFO] - => init blocks.1.0.spatial_block.ffn.fn.net.fc1.bias from pretrained state dict
[2026-03-11 16:26:12,625][MedImageInsight.ImageEncoder.davit_v1][INFO] - => init blocks.1.0.spatial_block.ffn.fn.net.fc1.weight from pretrained state dict
[2026-03-11 16:26:12,625][MedImageInsight.ImageEncoder.davit_v1][INFO] - => init blocks.1.0.spatial_block.ffn.fn.net.fc2.bias from pretrained state dict
[2026-03-11 16:26:12,625][MedImageInsight.ImageEncoder.davit_v1][INFO] - => init blocks.1.0.spatial_block.ffn.fn.net.fc2.weight from pretrained state dict
[2026-03-11 16:26:12,625][MedImageInsight.ImageEncoder.davit_v1][INFO] - => init blocks.1.0.spatial_block.ffn.norm.bias from pretrained state dict
[2026-03-11 16:26:12,625][MedImageInsight.ImageEncoder.davit_v1][INFO] - => init blocks.1.0.spatial_block.ffn.norm.weight from pretrained state dict
[2026-03-11 16:26:12,625][MedImageInsight.ImageEncoder.davit_v1][INFO] - => init blocks.1.0.spatial_block.window_attn.fn.proj.bias from pretrained state dict
[2026-03-11 16:26:12,625][MedImageInsight.ImageEncoder.davit_v1][INFO] - => init blocks.1.0.spatial_block.window_attn.fn.proj.weight from pretrained state dict
[2026-03-11 16:26:12,625][MedImageInsight.ImageEncoder.davit_v1][INFO] - => init blocks.1.0.spatial_block.window_attn.fn.qkv.bias from pretrained state dict
[2026-03-11 16:26:12,625][MedImageInsight.ImageEncoder.davit_v1][INFO] - => init blocks.1.0.spatial_block.window_attn.fn.qkv.weight from pretrained state dict
[2026-03-11 16:26:12,625][MedImageInsight.ImageEncoder.davit_v1][INFO] - => init blocks.1.0.spatial_block.window_attn.norm.bias from pretrained state dict
[2026-03-11 16:26:12,625][MedImageInsight.ImageEncoder.davit_v1][INFO] - => init blocks.1.0.spatial_block.window_attn.norm.weight from pretrained state dict
[2026-03-11 16:26:12,625][MedImageInsight.ImageEncoder.davit_v1][INFO] - => init blocks.2.0.channel_block.channel_attn.fn.proj.bias from pretrained state dict
[2026-03-11 16:26:12,625][MedImageInsight.ImageEncoder.davit_v1][INFO] - => init blocks.2.0.channel_block.channel_attn.fn.proj.weight from pretrained state dict
[2026-03-11 16:26:12,625][MedImageInsight.ImageEncoder.davit_v1][INFO] - => init blocks.2.0.channel_block.channel_attn.fn.qkv.bias from pretrained state dict
[2026-03-11 16:26:12,625][MedImageInsight.ImageEncoder.davit_v1][INFO] - => init blocks.2.0.channel_block.channel_attn.fn.qkv.weight from pretrained state dict
[2026-03-11 16:26:12,625][MedImageInsight.ImageEncoder.davit_v1][INFO] - => init blocks.2.0.channel_block.channel_attn.norm.bias from pretrained state dict
[2026-03-11 16:26:12,625][MedImageInsight.ImageEncoder.davit_v1][INFO] - => init blocks.2.0.channel_block.channel_attn.norm.weight from pretrained state dict
[2026-03-11 16:26:12,625][MedImageInsight.ImageEncoder.davit_v1][INFO] - => init blocks.2.0.channel_block.conv1.fn.dw.bias from pretrained state dict
[2026-03-11 16:26:12,625][MedImageInsight.ImageEncoder.davit_v1][INFO] - => init blocks.2.0.channel_block.conv1.fn.dw.weight from pretrained state dict
[2026-03-11 16:26:12,625][MedImageInsight.ImageEncoder.davit_v1][INFO] - => init blocks.2.0.channel_block.conv2.fn.dw.bias from pretrained state dict
[2026-03-11 16:26:12,625][MedImageInsight.ImageEncoder.davit_v1][INFO] - => init blocks.2.0.channel_block.conv2.fn.dw.weight from pretrained state dict
[2026-03-11 16:26:12,625][MedImageInsight.ImageEncoder.davit_v1][INFO] - => init blocks.2.0.channel_block.ffn.fn.net.fc1.bias from pretrained state dict
[2026-03-11 16:26:12,625][MedImageInsight.ImageEncoder.davit_v1][INFO] - => init blocks.2.0.channel_block.ffn.fn.net.fc1.weight from pretrained state dict
[2026-03-11 16:26:12,625][MedImageInsight.ImageEncoder.davit_v1][INFO] - => init blocks.2.0.channel_block.ffn.fn.net.fc2.bias from pretrained state dict
[2026-03-11 16:26:12,625][MedImageInsight.ImageEncoder.davit_v1][INFO] - => init blocks.2.0.channel_block.ffn.fn.net.fc2.weight from pretrained state dict
[2026-03-11 16:26:12,625][MedImageInsight.ImageEncoder.davit_v1][INFO] - => init blocks.2.0.channel_block.ffn.norm.bias from pretrained state dict
[2026-03-11 16:26:12,625][MedImageInsight.ImageEncoder.davit_v1][INFO] - => init blocks.2.0.channel_block.ffn.norm.weight from pretrained state dict
[2026-03-11 16:26:12,626][MedImageInsight.ImageEncoder.davit_v1][INFO] - => init blocks.2.0.spatial_block.conv1.fn.dw.bias from pretrained state dict
[2026-03-11 16:26:12,626][MedImageInsight.ImageEncoder.davit_v1][INFO] - => init blocks.2.0.spatial_block.conv1.fn.dw.weight from pretrained state dict
[2026-03-11 16:26:12,626][MedImageInsight.ImageEncoder.davit_v1][INFO] - => init blocks.2.0.spatial_block.conv2.fn.dw.bias from pretrained state dict
[2026-03-11 16:26:12,626][MedImageInsight.ImageEncoder.davit_v1][INFO] - => init blocks.2.0.spatial_block.conv2.fn.dw.weight from pretrained state dict
[2026-03-11 16:26:12,626][MedImageInsight.ImageEncoder.davit_v1][INFO] - => init blocks.2.0.spatial_block.ffn.fn.net.fc1.bias from pretrained state dict
[2026-03-11 16:26:12,626][MedImageInsight.ImageEncoder.davit_v1][INFO] - => init blocks.2.0.spatial_block.ffn.fn.net.fc1.weight from pretrained state dict
[2026-03-11 16:26:12,626][MedImageInsight.ImageEncoder.davit_v1][INFO] - => init blocks.2.0.spatial_block.ffn.fn.net.fc2.bias from pretrained state dict
[2026-03-11 16:26:12,626][MedImageInsight.ImageEncoder.davit_v1][INFO] - => init blocks.2.0.spatial_block.ffn.fn.net.fc2.weight from pretrained state dict
[2026-03-11 16:26:12,626][MedImageInsight.ImageEncoder.davit_v1][INFO] - => init blocks.2.0.spatial_block.ffn.norm.bias from pretrained state dict
[2026-03-11 16:26:12,626][MedImageInsight.ImageEncoder.davit_v1][INFO] - => init blocks.2.0.spatial_block.ffn.norm.weight from pretrained state dict
[2026-03-11 16:26:12,626][MedImageInsight.ImageEncoder.davit_v1][INFO] - => init blocks.2.0.spatial_block.window_attn.fn.proj.bias from pretrained state dict
[2026-03-11 16:26:12,626][MedImageInsight.ImageEncoder.davit_v1][INFO] - => init blocks.2.0.spatial_block.window_attn.fn.proj.weight from pretrained state dict
[2026-03-11 16:26:12,626][MedImageInsight.ImageEncoder.davit_v1][INFO] - => init blocks.2.0.spatial_block.window_attn.fn.qkv.bias from pretrained state dict
[2026-03-11 16:26:12,626][MedImageInsight.ImageEncoder.davit_v1][INFO] - => init blocks.2.0.spatial_block.window_attn.fn.qkv.weight from pretrained state dict
[2026-03-11 16:26:12,626][MedImageInsight.ImageEncoder.davit_v1][INFO] - => init blocks.2.0.spatial_block.window_attn.norm.bias from pretrained state dict
[2026-03-11 16:26:12,626][MedImageInsight.ImageEncoder.davit_v1][INFO] - => init blocks.2.0.spatial_block.window_attn.norm.weight from pretrained state dict
[2026-03-11 16:26:12,626][MedImageInsight.ImageEncoder.davit_v1][INFO] - => init blocks.2.1.channel_block.channel_attn.fn.proj.bias from pretrained state dict
[2026-03-11 16:26:12,626][MedImageInsight.ImageEncoder.davit_v1][INFO] - => init blocks.2.1.channel_block.channel_attn.fn.proj.weight from pretrained state dict
[2026-03-11 16:26:12,626][MedImageInsight.ImageEncoder.davit_v1][INFO] - => init blocks.2.1.channel_block.channel_attn.fn.qkv.bias from pretrained state dict
[2026-03-11 16:26:12,626][MedImageInsight.ImageEncoder.davit_v1][INFO] - => init blocks.2.1.channel_block.channel_attn.fn.qkv.weight from pretrained state dict
[2026-03-11 16:26:12,626][MedImageInsight.ImageEncoder.davit_v1][INFO] - => init blocks.2.1.channel_block.channel_attn.norm.bias from pretrained state dict
[2026-03-11 16:26:12,626][MedImageInsight.ImageEncoder.davit_v1][INFO] - => init blocks.2.1.channel_block.channel_attn.norm.weight from pretrained state dict
[2026-03-11 16:26:12,626][MedImageInsight.ImageEncoder.davit_v1][INFO] - => init blocks.2.1.channel_block.conv1.fn.dw.bias from pretrained state dict
[2026-03-11 16:26:12,626][MedImageInsight.ImageEncoder.davit_v1][INFO] - => init blocks.2.1.channel_block.conv1.fn.dw.weight from pretrained state dict
[2026-03-11 16:26:12,626][MedImageInsight.ImageEncoder.davit_v1][INFO] - => init blocks.2.1.channel_block.conv2.fn.dw.bias from pretrained state dict
[2026-03-11 16:26:12,626][MedImageInsight.ImageEncoder.davit_v1][INFO] - => init blocks.2.1.channel_block.conv2.fn.dw.weight from pretrained state dict
[2026-03-11 16:26:12,626][MedImageInsight.ImageEncoder.davit_v1][INFO] - => init blocks.2.1.channel_block.ffn.fn.net.fc1.bias from pretrained state dict
[2026-03-11 16:26:12,626][MedImageInsight.ImageEncoder.davit_v1][INFO] - => init blocks.2.1.channel_block.ffn.fn.net.fc1.weight from pretrained state dict
[2026-03-11 16:26:12,626][MedImageInsight.ImageEncoder.davit_v1][INFO] - => init blocks.2.1.channel_block.ffn.fn.net.fc2.bias from pretrained state dict
[2026-03-11 16:26:12,626][MedImageInsight.ImageEncoder.davit_v1][INFO] - => init blocks.2.1.channel_block.ffn.fn.net.fc2.weight from pretrained state dict
[2026-03-11 16:26:12,626][MedImageInsight.ImageEncoder.davit_v1][INFO] - => init blocks.2.1.channel_block.ffn.norm.bias from pretrained state dict
[2026-03-11 16:26:12,627][MedImageInsight.ImageEncoder.davit_v1][INFO] - => init blocks.2.1.channel_block.ffn.norm.weight from pretrained state dict
[2026-03-11 16:26:12,627][MedImageInsight.ImageEncoder.davit_v1][INFO] - => init blocks.2.1.spatial_block.conv1.fn.dw.bias from pretrained state dict
[2026-03-11 16:26:12,627][MedImageInsight.ImageEncoder.davit_v1][INFO] - => init blocks.2.1.spatial_block.conv1.fn.dw.weight from pretrained state dict
[2026-03-11 16:26:12,627][MedImageInsight.ImageEncoder.davit_v1][INFO] - => init blocks.2.1.spatial_block.conv2.fn.dw.bias from pretrained state dict
[2026-03-11 16:26:12,627][MedImageInsight.ImageEncoder.davit_v1][INFO] - => init blocks.2.1.spatial_block.conv2.fn.dw.weight from pretrained state dict
[2026-03-11 16:26:12,627][MedImageInsight.ImageEncoder.davit_v1][INFO] - => init blocks.2.1.spatial_block.ffn.fn.net.fc1.bias from pretrained state dict
[2026-03-11 16:26:12,627][MedImageInsight.ImageEncoder.davit_v1][INFO] - => init blocks.2.1.spatial_block.ffn.fn.net.fc1.weight from pretrained state dict
[2026-03-11 16:26:12,627][MedImageInsight.ImageEncoder.davit_v1][INFO] - => init blocks.2.1.spatial_block.ffn.fn.net.fc2.bias from pretrained state dict
[2026-03-11 16:26:12,627][MedImageInsight.ImageEncoder.davit_v1][INFO] - => init blocks.2.1.spatial_block.ffn.fn.net.fc2.weight from pretrained state dict
[2026-03-11 16:26:12,627][MedImageInsight.ImageEncoder.davit_v1][INFO] - => init blocks.2.1.spatial_block.ffn.norm.bias from pretrained state dict
[2026-03-11 16:26:12,627][MedImageInsight.ImageEncoder.davit_v1][INFO] - => init blocks.2.1.spatial_block.ffn.norm.weight from pretrained state dict
[2026-03-11 16:26:12,627][MedImageInsight.ImageEncoder.davit_v1][INFO] - => init blocks.2.1.spatial_block.window_attn.fn.proj.bias from pretrained state dict
[2026-03-11 16:26:12,627][MedImageInsight.ImageEncoder.davit_v1][INFO] - => init blocks.2.1.spatial_block.window_attn.fn.proj.weight from pretrained state dict
[2026-03-11 16:26:12,627][MedImageInsight.ImageEncoder.davit_v1][INFO] - => init blocks.2.1.spatial_block.window_attn.fn.qkv.bias from pretrained state dict
[2026-03-11 16:26:12,627][MedImageInsight.ImageEncoder.davit_v1][INFO] - => init blocks.2.1.spatial_block.window_attn.fn.qkv.weight from pretrained state dict
[2026-03-11 16:26:12,627][MedImageInsight.ImageEncoder.davit_v1][INFO] - => init blocks.2.1.spatial_block.window_attn.norm.bias from pretrained state dict
[2026-03-11 16:26:12,627][MedImageInsight.ImageEncoder.davit_v1][INFO] - => init blocks.2.1.spatial_block.window_attn.norm.weight from pretrained state dict
[2026-03-11 16:26:12,627][MedImageInsight.ImageEncoder.davit_v1][INFO] - => init blocks.2.2.channel_block.channel_attn.fn.proj.bias from pretrained state dict
[2026-03-11 16:26:12,627][MedImageInsight.ImageEncoder.davit_v1][INFO] - => init blocks.2.2.channel_block.channel_attn.fn.proj.weight from pretrained state dict
[2026-03-11 16:26:12,627][MedImageInsight.ImageEncoder.davit_v1][INFO] - => init blocks.2.2.channel_block.channel_attn.fn.qkv.bias from pretrained state dict
[2026-03-11 16:26:12,627][MedImageInsight.ImageEncoder.davit_v1][INFO] - => init blocks.2.2.channel_block.channel_attn.fn.qkv.weight from pretrained state dict
[2026-03-11 16:26:12,627][MedImageInsight.ImageEncoder.davit_v1][INFO] - => init blocks.2.2.channel_block.channel_attn.norm.bias from pretrained state dict
[2026-03-11 16:26:12,627][MedImageInsight.ImageEncoder.davit_v1][INFO] - => init blocks.2.2.channel_block.channel_attn.norm.weight from pretrained state dict
[2026-03-11 16:26:12,627][MedImageInsight.ImageEncoder.davit_v1][INFO] - => init blocks.2.2.channel_block.conv1.fn.dw.bias from pretrained state dict
[2026-03-11 16:26:12,627][MedImageInsight.ImageEncoder.davit_v1][INFO] - => init blocks.2.2.channel_block.conv1.fn.dw.weight from pretrained state dict
[2026-03-11 16:26:12,627][MedImageInsight.ImageEncoder.davit_v1][INFO] - => init blocks.2.2.channel_block.conv2.fn.dw.bias from pretrained state dict
[2026-03-11 16:26:12,627][MedImageInsight.ImageEncoder.davit_v1][INFO] - => init blocks.2.2.channel_block.conv2.fn.dw.weight from pretrained state dict
[2026-03-11 16:26:12,627][MedImageInsight.ImageEncoder.davit_v1][INFO] - => init blocks.2.2.channel_block.ffn.fn.net.fc1.bias from pretrained state dict
[2026-03-11 16:26:12,627][MedImageInsight.ImageEncoder.davit_v1][INFO] - => init blocks.2.2.channel_block.ffn.fn.net.fc1.weight from pretrained state dict
[2026-03-11 16:26:12,627][MedImageInsight.ImageEncoder.davit_v1][INFO] - => init blocks.2.2.channel_block.ffn.fn.net.fc2.bias from pretrained state dict
[2026-03-11 16:26:12,627][MedImageInsight.ImageEncoder.davit_v1][INFO] - => init blocks.2.2.channel_block.ffn.fn.net.fc2.weight from pretrained state dict
[2026-03-11 16:26:12,628][MedImageInsight.ImageEncoder.davit_v1][INFO] - => init blocks.2.2.channel_block.ffn.norm.bias from pretrained state dict
[2026-03-11 16:26:12,628][MedImageInsight.ImageEncoder.davit_v1][INFO] - => init blocks.2.2.channel_block.ffn.norm.weight from pretrained state dict
[2026-03-11 16:26:12,628][MedImageInsight.ImageEncoder.davit_v1][INFO] - => init blocks.2.2.spatial_block.conv1.fn.dw.bias from pretrained state dict
[2026-03-11 16:26:12,628][MedImageInsight.ImageEncoder.davit_v1][INFO] - => init blocks.2.2.spatial_block.conv1.fn.dw.weight from pretrained state dict
[2026-03-11 16:26:12,628][MedImageInsight.ImageEncoder.davit_v1][INFO] - => init blocks.2.2.spatial_block.conv2.fn.dw.bias from pretrained state dict
[2026-03-11 16:26:12,628][MedImageInsight.ImageEncoder.davit_v1][INFO] - => init blocks.2.2.spatial_block.conv2.fn.dw.weight from pretrained state dict
[2026-03-11 16:26:12,628][MedImageInsight.ImageEncoder.davit_v1][INFO] - => init blocks.2.2.spatial_block.ffn.fn.net.fc1.bias from pretrained state dict
[2026-03-11 16:26:12,628][MedImageInsight.ImageEncoder.davit_v1][INFO] - => init blocks.2.2.spatial_block.ffn.fn.net.fc1.weight from pretrained state dict
[2026-03-11 16:26:12,628][MedImageInsight.ImageEncoder.davit_v1][INFO] - => init blocks.2.2.spatial_block.ffn.fn.net.fc2.bias from pretrained state dict
[2026-03-11 16:26:12,628][MedImageInsight.ImageEncoder.davit_v1][INFO] - => init blocks.2.2.spatial_block.ffn.fn.net.fc2.weight from pretrained state dict
[2026-03-11 16:26:12,628][MedImageInsight.ImageEncoder.davit_v1][INFO] - => init blocks.2.2.spatial_block.ffn.norm.bias from pretrained state dict
[2026-03-11 16:26:12,628][MedImageInsight.ImageEncoder.davit_v1][INFO] - => init blocks.2.2.spatial_block.ffn.norm.weight from pretrained state dict
[2026-03-11 16:26:12,628][MedImageInsight.ImageEncoder.davit_v1][INFO] - => init blocks.2.2.spatial_block.window_attn.fn.proj.bias from pretrained state dict
[2026-03-11 16:26:12,628][MedImageInsight.ImageEncoder.davit_v1][INFO] - => init blocks.2.2.spatial_block.window_attn.fn.proj.weight from pretrained state dict
[2026-03-11 16:26:12,628][MedImageInsight.ImageEncoder.davit_v1][INFO] - => init blocks.2.2.spatial_block.window_attn.fn.qkv.bias from pretrained state dict
[2026-03-11 16:26:12,628][MedImageInsight.ImageEncoder.davit_v1][INFO] - => init blocks.2.2.spatial_block.window_attn.fn.qkv.weight from pretrained state dict
[2026-03-11 16:26:12,628][MedImageInsight.ImageEncoder.davit_v1][INFO] - => init blocks.2.2.spatial_block.window_attn.norm.bias from pretrained state dict
[2026-03-11 16:26:12,628][MedImageInsight.ImageEncoder.davit_v1][INFO] - => init blocks.2.2.spatial_block.window_attn.norm.weight from pretrained state dict
[2026-03-11 16:26:12,628][MedImageInsight.ImageEncoder.davit_v1][INFO] - => init blocks.2.3.channel_block.channel_attn.fn.proj.bias from pretrained state dict
[2026-03-11 16:26:12,628][MedImageInsight.ImageEncoder.davit_v1][INFO] - => init blocks.2.3.channel_block.channel_attn.fn.proj.weight from pretrained state dict
[2026-03-11 16:26:12,628][MedImageInsight.ImageEncoder.davit_v1][INFO] - => init blocks.2.3.channel_block.channel_attn.fn.qkv.bias from pretrained state dict
[2026-03-11 16:26:12,628][MedImageInsight.ImageEncoder.davit_v1][INFO] - => init blocks.2.3.channel_block.channel_attn.fn.qkv.weight from pretrained state dict
[2026-03-11 16:26:12,628][MedImageInsight.ImageEncoder.davit_v1][INFO] - => init blocks.2.3.channel_block.channel_attn.norm.bias from pretrained state dict
[2026-03-11 16:26:12,628][MedImageInsight.ImageEncoder.davit_v1][INFO] - => init blocks.2.3.channel_block.channel_attn.norm.weight from pretrained state dict
[2026-03-11 16:26:12,628][MedImageInsight.ImageEncoder.davit_v1][INFO] - => init blocks.2.3.channel_block.conv1.fn.dw.bias from pretrained state dict
[2026-03-11 16:26:12,628][MedImageInsight.ImageEncoder.davit_v1][INFO] - => init blocks.2.3.channel_block.conv1.fn.dw.weight from pretrained state dict
[2026-03-11 16:26:12,628][MedImageInsight.ImageEncoder.davit_v1][INFO] - => init blocks.2.3.channel_block.conv2.fn.dw.bias from pretrained state dict
[2026-03-11 16:26:12,628][MedImageInsight.ImageEncoder.davit_v1][INFO] - => init blocks.2.3.channel_block.conv2.fn.dw.weight from pretrained state dict
[2026-03-11 16:26:12,628][MedImageInsight.ImageEncoder.davit_v1][INFO] - => init blocks.2.3.channel_block.ffn.fn.net.fc1.bias from pretrained state dict
[2026-03-11 16:26:12,628][MedImageInsight.ImageEncoder.davit_v1][INFO] - => init blocks.2.3.channel_block.ffn.fn.net.fc1.weight from pretrained state dict
[2026-03-11 16:26:12,628][MedImageInsight.ImageEncoder.davit_v1][INFO] - => init blocks.2.3.channel_block.ffn.fn.net.fc2.bias from pretrained state dict
[2026-03-11 16:26:12,629][MedImageInsight.ImageEncoder.davit_v1][INFO] - => init blocks.2.3.channel_block.ffn.fn.net.fc2.weight from pretrained state dict
[2026-03-11 16:26:12,629][MedImageInsight.ImageEncoder.davit_v1][INFO] - => init blocks.2.3.channel_block.ffn.norm.bias from pretrained state dict
[2026-03-11 16:26:12,629][MedImageInsight.ImageEncoder.davit_v1][INFO] - => init blocks.2.3.channel_block.ffn.norm.weight from pretrained state dict
[2026-03-11 16:26:12,629][MedImageInsight.ImageEncoder.davit_v1][INFO] - => init blocks.2.3.spatial_block.conv1.fn.dw.bias from pretrained state dict
[2026-03-11 16:26:12,629][MedImageInsight.ImageEncoder.davit_v1][INFO] - => init blocks.2.3.spatial_block.conv1.fn.dw.weight from pretrained state dict
[2026-03-11 16:26:12,629][MedImageInsight.ImageEncoder.davit_v1][INFO] - => init blocks.2.3.spatial_block.conv2.fn.dw.bias from pretrained state dict
[2026-03-11 16:26:12,629][MedImageInsight.ImageEncoder.davit_v1][INFO] - => init blocks.2.3.spatial_block.conv2.fn.dw.weight from pretrained state dict
[2026-03-11 16:26:12,629][MedImageInsight.ImageEncoder.davit_v1][INFO] - => init blocks.2.3.spatial_block.ffn.fn.net.fc1.bias from pretrained state dict
[2026-03-11 16:26:12,629][MedImageInsight.ImageEncoder.davit_v1][INFO] - => init blocks.2.3.spatial_block.ffn.fn.net.fc1.weight from pretrained state dict
[2026-03-11 16:26:12,629][MedImageInsight.ImageEncoder.davit_v1][INFO] - => init blocks.2.3.spatial_block.ffn.fn.net.fc2.bias from pretrained state dict
[2026-03-11 16:26:12,629][MedImageInsight.ImageEncoder.davit_v1][INFO] - => init blocks.2.3.spatial_block.ffn.fn.net.fc2.weight from pretrained state dict
[2026-03-11 16:26:12,629][MedImageInsight.ImageEncoder.davit_v1][INFO] - => init blocks.2.3.spatial_block.ffn.norm.bias from pretrained state dict
[2026-03-11 16:26:12,629][MedImageInsight.ImageEncoder.davit_v1][INFO] - => init blocks.2.3.spatial_block.ffn.norm.weight from pretrained state dict
[2026-03-11 16:26:12,629][MedImageInsight.ImageEncoder.davit_v1][INFO] - => init blocks.2.3.spatial_block.window_attn.fn.proj.bias from pretrained state dict
[2026-03-11 16:26:12,629][MedImageInsight.ImageEncoder.davit_v1][INFO] - => init blocks.2.3.spatial_block.window_attn.fn.proj.weight from pretrained state dict
[2026-03-11 16:26:12,629][MedImageInsight.ImageEncoder.davit_v1][INFO] - => init blocks.2.3.spatial_block.window_attn.fn.qkv.bias from pretrained state dict
[2026-03-11 16:26:12,629][MedImageInsight.ImageEncoder.davit_v1][INFO] - => init blocks.2.3.spatial_block.window_attn.fn.qkv.weight from pretrained state dict
[2026-03-11 16:26:12,629][MedImageInsight.ImageEncoder.davit_v1][INFO] - => init blocks.2.3.spatial_block.window_attn.norm.bias from pretrained state dict
[2026-03-11 16:26:12,629][MedImageInsight.ImageEncoder.davit_v1][INFO] - => init blocks.2.3.spatial_block.window_attn.norm.weight from pretrained state dict
[2026-03-11 16:26:12,629][MedImageInsight.ImageEncoder.davit_v1][INFO] - => init blocks.2.4.channel_block.channel_attn.fn.proj.bias from pretrained state dict
[2026-03-11 16:26:12,629][MedImageInsight.ImageEncoder.davit_v1][INFO] - => init blocks.2.4.channel_block.channel_attn.fn.proj.weight from pretrained state dict
[2026-03-11 16:26:12,629][MedImageInsight.ImageEncoder.davit_v1][INFO] - => init blocks.2.4.channel_block.channel_attn.fn.qkv.bias from pretrained state dict
[2026-03-11 16:26:12,629][MedImageInsight.ImageEncoder.davit_v1][INFO] - => init blocks.2.4.channel_block.channel_attn.fn.qkv.weight from pretrained state dict
[2026-03-11 16:26:12,629][MedImageInsight.ImageEncoder.davit_v1][INFO] - => init blocks.2.4.channel_block.channel_attn.norm.bias from pretrained state dict
[2026-03-11 16:26:12,629][MedImageInsight.ImageEncoder.davit_v1][INFO] - => init blocks.2.4.channel_block.channel_attn.norm.weight from pretrained state dict
[2026-03-11 16:26:12,629][MedImageInsight.ImageEncoder.davit_v1][INFO] - => init blocks.2.4.channel_block.conv1.fn.dw.bias from pretrained state dict
[2026-03-11 16:26:12,629][MedImageInsight.ImageEncoder.davit_v1][INFO] - => init blocks.2.4.channel_block.conv1.fn.dw.weight from pretrained state dict
[2026-03-11 16:26:12,629][MedImageInsight.ImageEncoder.davit_v1][INFO] - => init blocks.2.4.channel_block.conv2.fn.dw.bias from pretrained state dict
[2026-03-11 16:26:12,629][MedImageInsight.ImageEncoder.davit_v1][INFO] - => init blocks.2.4.channel_block.conv2.fn.dw.weight from pretrained state dict
[2026-03-11 16:26:12,629][MedImageInsight.ImageEncoder.davit_v1][INFO] - => init blocks.2.4.channel_block.ffn.fn.net.fc1.bias from pretrained state dict
[2026-03-11 16:26:12,629][MedImageInsight.ImageEncoder.davit_v1][INFO] - => init blocks.2.4.channel_block.ffn.fn.net.fc1.weight from pretrained state dict
[2026-03-11 16:26:12,630][MedImageInsight.ImageEncoder.davit_v1][INFO] - => init blocks.2.4.channel_block.ffn.fn.net.fc2.bias from pretrained state dict
[2026-03-11 16:26:12,630][MedImageInsight.ImageEncoder.davit_v1][INFO] - => init blocks.2.4.channel_block.ffn.fn.net.fc2.weight from pretrained state dict
[2026-03-11 16:26:12,630][MedImageInsight.ImageEncoder.davit_v1][INFO] - => init blocks.2.4.channel_block.ffn.norm.bias from pretrained state dict
[2026-03-11 16:26:12,630][MedImageInsight.ImageEncoder.davit_v1][INFO] - => init blocks.2.4.channel_block.ffn.norm.weight from pretrained state dict
[2026-03-11 16:26:12,630][MedImageInsight.ImageEncoder.davit_v1][INFO] - => init blocks.2.4.spatial_block.conv1.fn.dw.bias from pretrained state dict
[2026-03-11 16:26:12,630][MedImageInsight.ImageEncoder.davit_v1][INFO] - => init blocks.2.4.spatial_block.conv1.fn.dw.weight from pretrained state dict
[2026-03-11 16:26:12,630][MedImageInsight.ImageEncoder.davit_v1][INFO] - => init blocks.2.4.spatial_block.conv2.fn.dw.bias from pretrained state dict
[2026-03-11 16:26:12,630][MedImageInsight.ImageEncoder.davit_v1][INFO] - => init blocks.2.4.spatial_block.conv2.fn.dw.weight from pretrained state dict
[2026-03-11 16:26:12,630][MedImageInsight.ImageEncoder.davit_v1][INFO] - => init blocks.2.4.spatial_block.ffn.fn.net.fc1.bias from pretrained state dict
[2026-03-11 16:26:12,630][MedImageInsight.ImageEncoder.davit_v1][INFO] - => init blocks.2.4.spatial_block.ffn.fn.net.fc1.weight from pretrained state dict
[2026-03-11 16:26:12,630][MedImageInsight.ImageEncoder.davit_v1][INFO] - => init blocks.2.4.spatial_block.ffn.fn.net.fc2.bias from pretrained state dict
[2026-03-11 16:26:12,630][MedImageInsight.ImageEncoder.davit_v1][INFO] - => init blocks.2.4.spatial_block.ffn.fn.net.fc2.weight from pretrained state dict
[2026-03-11 16:26:12,630][MedImageInsight.ImageEncoder.davit_v1][INFO] - => init blocks.2.4.spatial_block.ffn.norm.bias from pretrained state dict
[2026-03-11 16:26:12,630][MedImageInsight.ImageEncoder.davit_v1][INFO] - => init blocks.2.4.spatial_block.ffn.norm.weight from pretrained state dict
[2026-03-11 16:26:12,630][MedImageInsight.ImageEncoder.davit_v1][INFO] - => init blocks.2.4.spatial_block.window_attn.fn.proj.bias from pretrained state dict
[2026-03-11 16:26:12,630][MedImageInsight.ImageEncoder.davit_v1][INFO] - => init blocks.2.4.spatial_block.window_attn.fn.proj.weight from pretrained state dict
[2026-03-11 16:26:12,630][MedImageInsight.ImageEncoder.davit_v1][INFO] - => init blocks.2.4.spatial_block.window_attn.fn.qkv.bias from pretrained state dict
[2026-03-11 16:26:12,630][MedImageInsight.ImageEncoder.davit_v1][INFO] - => init blocks.2.4.spatial_block.window_attn.fn.qkv.weight from pretrained state dict
[2026-03-11 16:26:12,630][MedImageInsight.ImageEncoder.davit_v1][INFO] - => init blocks.2.4.spatial_block.window_attn.norm.bias from pretrained state dict
[2026-03-11 16:26:12,630][MedImageInsight.ImageEncoder.davit_v1][INFO] - => init blocks.2.4.spatial_block.window_attn.norm.weight from pretrained state dict
[2026-03-11 16:26:12,630][MedImageInsight.ImageEncoder.davit_v1][INFO] - => init blocks.2.5.channel_block.channel_attn.fn.proj.bias from pretrained state dict
[2026-03-11 16:26:12,630][MedImageInsight.ImageEncoder.davit_v1][INFO] - => init blocks.2.5.channel_block.channel_attn.fn.proj.weight from pretrained state dict
[2026-03-11 16:26:12,630][MedImageInsight.ImageEncoder.davit_v1][INFO] - => init blocks.2.5.channel_block.channel_attn.fn.qkv.bias from pretrained state dict
[2026-03-11 16:26:12,630][MedImageInsight.ImageEncoder.davit_v1][INFO] - => init blocks.2.5.channel_block.channel_attn.fn.qkv.weight from pretrained state dict
[2026-03-11 16:26:12,630][MedImageInsight.ImageEncoder.davit_v1][INFO] - => init blocks.2.5.channel_block.channel_attn.norm.bias from pretrained state dict
[2026-03-11 16:26:12,630][MedImageInsight.ImageEncoder.davit_v1][INFO] - => init blocks.2.5.channel_block.channel_attn.norm.weight from pretrained state dict
[2026-03-11 16:26:12,630][MedImageInsight.ImageEncoder.davit_v1][INFO] - => init blocks.2.5.channel_block.conv1.fn.dw.bias from pretrained state dict
[2026-03-11 16:26:12,630][MedImageInsight.ImageEncoder.davit_v1][INFO] - => init blocks.2.5.channel_block.conv1.fn.dw.weight from pretrained state dict
[2026-03-11 16:26:12,630][MedImageInsight.ImageEncoder.davit_v1][INFO] - => init blocks.2.5.channel_block.conv2.fn.dw.bias from pretrained state dict
[2026-03-11 16:26:12,630][MedImageInsight.ImageEncoder.davit_v1][INFO] - => init blocks.2.5.channel_block.conv2.fn.dw.weight from pretrained state dict
[2026-03-11 16:26:12,630][MedImageInsight.ImageEncoder.davit_v1][INFO] - => init blocks.2.5.channel_block.ffn.fn.net.fc1.bias from pretrained state dict
[2026-03-11 16:26:12,630][MedImageInsight.ImageEncoder.davit_v1][INFO] - => init blocks.2.5.channel_block.ffn.fn.net.fc1.weight from pretrained state dict
[2026-03-11 16:26:12,631][MedImageInsight.ImageEncoder.davit_v1][INFO] - => init blocks.2.5.channel_block.ffn.fn.net.fc2.bias from pretrained state dict
[2026-03-11 16:26:12,631][MedImageInsight.ImageEncoder.davit_v1][INFO] - => init blocks.2.5.channel_block.ffn.fn.net.fc2.weight from pretrained state dict
[2026-03-11 16:26:12,631][MedImageInsight.ImageEncoder.davit_v1][INFO] - => init blocks.2.5.channel_block.ffn.norm.bias from pretrained state dict
[2026-03-11 16:26:12,631][MedImageInsight.ImageEncoder.davit_v1][INFO] - => init blocks.2.5.channel_block.ffn.norm.weight from pretrained state dict
[2026-03-11 16:26:12,631][MedImageInsight.ImageEncoder.davit_v1][INFO] - => init blocks.2.5.spatial_block.conv1.fn.dw.bias from pretrained state dict
[2026-03-11 16:26:12,631][MedImageInsight.ImageEncoder.davit_v1][INFO] - => init blocks.2.5.spatial_block.conv1.fn.dw.weight from pretrained state dict
[2026-03-11 16:26:12,631][MedImageInsight.ImageEncoder.davit_v1][INFO] - => init blocks.2.5.spatial_block.conv2.fn.dw.bias from pretrained state dict
[2026-03-11 16:26:12,631][MedImageInsight.ImageEncoder.davit_v1][INFO] - => init blocks.2.5.spatial_block.conv2.fn.dw.weight from pretrained state dict
[2026-03-11 16:26:12,631][MedImageInsight.ImageEncoder.davit_v1][INFO] - => init blocks.2.5.spatial_block.ffn.fn.net.fc1.bias from pretrained state dict
[2026-03-11 16:26:12,631][MedImageInsight.ImageEncoder.davit_v1][INFO] - => init blocks.2.5.spatial_block.ffn.fn.net.fc1.weight from pretrained state dict
[2026-03-11 16:26:12,631][MedImageInsight.ImageEncoder.davit_v1][INFO] - => init blocks.2.5.spatial_block.ffn.fn.net.fc2.bias from pretrained state dict
[2026-03-11 16:26:12,631][MedImageInsight.ImageEncoder.davit_v1][INFO] - => init blocks.2.5.spatial_block.ffn.fn.net.fc2.weight from pretrained state dict
[2026-03-11 16:26:12,631][MedImageInsight.ImageEncoder.davit_v1][INFO] - => init blocks.2.5.spatial_block.ffn.norm.bias from pretrained state dict
[2026-03-11 16:26:12,631][MedImageInsight.ImageEncoder.davit_v1][INFO] - => init blocks.2.5.spatial_block.ffn.norm.weight from pretrained state dict
[2026-03-11 16:26:12,631][MedImageInsight.ImageEncoder.davit_v1][INFO] - => init blocks.2.5.spatial_block.window_attn.fn.proj.bias from pretrained state dict
[2026-03-11 16:26:12,631][MedImageInsight.ImageEncoder.davit_v1][INFO] - => init blocks.2.5.spatial_block.window_attn.fn.proj.weight from pretrained state dict
[2026-03-11 16:26:12,631][MedImageInsight.ImageEncoder.davit_v1][INFO] - => init blocks.2.5.spatial_block.window_attn.fn.qkv.bias from pretrained state dict
[2026-03-11 16:26:12,631][MedImageInsight.ImageEncoder.davit_v1][INFO] - => init blocks.2.5.spatial_block.window_attn.fn.qkv.weight from pretrained state dict
[2026-03-11 16:26:12,631][MedImageInsight.ImageEncoder.davit_v1][INFO] - => init blocks.2.5.spatial_block.window_attn.norm.bias from pretrained state dict
[2026-03-11 16:26:12,631][MedImageInsight.ImageEncoder.davit_v1][INFO] - => init blocks.2.5.spatial_block.window_attn.norm.weight from pretrained state dict
[2026-03-11 16:26:12,631][MedImageInsight.ImageEncoder.davit_v1][INFO] - => init blocks.2.6.channel_block.channel_attn.fn.proj.bias from pretrained state dict
[2026-03-11 16:26:12,631][MedImageInsight.ImageEncoder.davit_v1][INFO] - => init blocks.2.6.channel_block.channel_attn.fn.proj.weight from pretrained state dict
[2026-03-11 16:26:12,631][MedImageInsight.ImageEncoder.davit_v1][INFO] - => init blocks.2.6.channel_block.channel_attn.fn.qkv.bias from pretrained state dict
[2026-03-11 16:26:12,631][MedImageInsight.ImageEncoder.davit_v1][INFO] - => init blocks.2.6.channel_block.channel_attn.fn.qkv.weight from pretrained state dict
[2026-03-11 16:26:12,631][MedImageInsight.ImageEncoder.davit_v1][INFO] - => init blocks.2.6.channel_block.channel_attn.norm.bias from pretrained state dict
[2026-03-11 16:26:12,631][MedImageInsight.ImageEncoder.davit_v1][INFO] - => init blocks.2.6.channel_block.channel_attn.norm.weight from pretrained state dict
[2026-03-11 16:26:12,631][MedImageInsight.ImageEncoder.davit_v1][INFO] - => init blocks.2.6.channel_block.conv1.fn.dw.bias from pretrained state dict
[2026-03-11 16:26:12,631][MedImageInsight.ImageEncoder.davit_v1][INFO] - => init blocks.2.6.channel_block.conv1.fn.dw.weight from pretrained state dict
[2026-03-11 16:26:12,631][MedImageInsight.ImageEncoder.davit_v1][INFO] - => init blocks.2.6.channel_block.conv2.fn.dw.bias from pretrained state dict
[2026-03-11 16:26:12,631][MedImageInsight.ImageEncoder.davit_v1][INFO] - => init blocks.2.6.channel_block.conv2.fn.dw.weight from pretrained state dict
[2026-03-11 16:26:12,632][MedImageInsight.ImageEncoder.davit_v1][INFO] - => init blocks.2.6.channel_block.ffn.fn.net.fc1.bias from pretrained state dict
[2026-03-11 16:26:12,632][MedImageInsight.ImageEncoder.davit_v1][INFO] - => init blocks.2.6.channel_block.ffn.fn.net.fc1.weight from pretrained state dict
[2026-03-11 16:26:12,632][MedImageInsight.ImageEncoder.davit_v1][INFO] - => init blocks.2.6.channel_block.ffn.fn.net.fc2.bias from pretrained state dict
[2026-03-11 16:26:12,632][MedImageInsight.ImageEncoder.davit_v1][INFO] - => init blocks.2.6.channel_block.ffn.fn.net.fc2.weight from pretrained state dict
[2026-03-11 16:26:12,632][MedImageInsight.ImageEncoder.davit_v1][INFO] - => init blocks.2.6.channel_block.ffn.norm.bias from pretrained state dict
[2026-03-11 16:26:12,632][MedImageInsight.ImageEncoder.davit_v1][INFO] - => init blocks.2.6.channel_block.ffn.norm.weight from pretrained state dict
[2026-03-11 16:26:12,632][MedImageInsight.ImageEncoder.davit_v1][INFO] - => init blocks.2.6.spatial_block.conv1.fn.dw.bias from pretrained state dict
[2026-03-11 16:26:12,632][MedImageInsight.ImageEncoder.davit_v1][INFO] - => init blocks.2.6.spatial_block.conv1.fn.dw.weight from pretrained state dict
[2026-03-11 16:26:12,632][MedImageInsight.ImageEncoder.davit_v1][INFO] - => init blocks.2.6.spatial_block.conv2.fn.dw.bias from pretrained state dict
[2026-03-11 16:26:12,632][MedImageInsight.ImageEncoder.davit_v1][INFO] - => init blocks.2.6.spatial_block.conv2.fn.dw.weight from pretrained state dict
[2026-03-11 16:26:12,632][MedImageInsight.ImageEncoder.davit_v1][INFO] - => init blocks.2.6.spatial_block.ffn.fn.net.fc1.bias from pretrained state dict
[2026-03-11 16:26:12,632][MedImageInsight.ImageEncoder.davit_v1][INFO] - => init blocks.2.6.spatial_block.ffn.fn.net.fc1.weight from pretrained state dict
[2026-03-11 16:26:12,632][MedImageInsight.ImageEncoder.davit_v1][INFO] - => init blocks.2.6.spatial_block.ffn.fn.net.fc2.bias from pretrained state dict
[2026-03-11 16:26:12,632][MedImageInsight.ImageEncoder.davit_v1][INFO] - => init blocks.2.6.spatial_block.ffn.fn.net.fc2.weight from pretrained state dict
[2026-03-11 16:26:12,632][MedImageInsight.ImageEncoder.davit_v1][INFO] - => init blocks.2.6.spatial_block.ffn.norm.bias from pretrained state dict
[2026-03-11 16:26:12,632][MedImageInsight.ImageEncoder.davit_v1][INFO] - => init blocks.2.6.spatial_block.ffn.norm.weight from pretrained state dict
[2026-03-11 16:26:12,632][MedImageInsight.ImageEncoder.davit_v1][INFO] - => init blocks.2.6.spatial_block.window_attn.fn.proj.bias from pretrained state dict
[2026-03-11 16:26:12,632][MedImageInsight.ImageEncoder.davit_v1][INFO] - => init blocks.2.6.spatial_block.window_attn.fn.proj.weight from pretrained state dict
[2026-03-11 16:26:12,632][MedImageInsight.ImageEncoder.davit_v1][INFO] - => init blocks.2.6.spatial_block.window_attn.fn.qkv.bias from pretrained state dict
[2026-03-11 16:26:12,632][MedImageInsight.ImageEncoder.davit_v1][INFO] - => init blocks.2.6.spatial_block.window_attn.fn.qkv.weight from pretrained state dict
[2026-03-11 16:26:12,632][MedImageInsight.ImageEncoder.davit_v1][INFO] - => init blocks.2.6.spatial_block.window_attn.norm.bias from pretrained state dict
[2026-03-11 16:26:12,632][MedImageInsight.ImageEncoder.davit_v1][INFO] - => init blocks.2.6.spatial_block.window_attn.norm.weight from pretrained state dict
[2026-03-11 16:26:12,632][MedImageInsight.ImageEncoder.davit_v1][INFO] - => init blocks.2.7.channel_block.channel_attn.fn.proj.bias from pretrained state dict
[2026-03-11 16:26:12,632][MedImageInsight.ImageEncoder.davit_v1][INFO] - => init blocks.2.7.channel_block.channel_attn.fn.proj.weight from pretrained state dict
[2026-03-11 16:26:12,632][MedImageInsight.ImageEncoder.davit_v1][INFO] - => init blocks.2.7.channel_block.channel_attn.fn.qkv.bias from pretrained state dict
[2026-03-11 16:26:12,632][MedImageInsight.ImageEncoder.davit_v1][INFO] - => init blocks.2.7.channel_block.channel_attn.fn.qkv.weight from pretrained state dict
[2026-03-11 16:26:12,632][MedImageInsight.ImageEncoder.davit_v1][INFO] - => init blocks.2.7.channel_block.channel_attn.norm.bias from pretrained state dict
[2026-03-11 16:26:12,632][MedImageInsight.ImageEncoder.davit_v1][INFO] - => init blocks.2.7.channel_block.channel_attn.norm.weight from pretrained state dict
[2026-03-11 16:26:12,632][MedImageInsight.ImageEncoder.davit_v1][INFO] - => init blocks.2.7.channel_block.conv1.fn.dw.bias from pretrained state dict
[2026-03-11 16:26:12,632][MedImageInsight.ImageEncoder.davit_v1][INFO] - => init blocks.2.7.channel_block.conv1.fn.dw.weight from pretrained state dict
[2026-03-11 16:26:12,632][MedImageInsight.ImageEncoder.davit_v1][INFO] - => init blocks.2.7.channel_block.conv2.fn.dw.bias from pretrained state dict
[2026-03-11 16:26:12,633][MedImageInsight.ImageEncoder.davit_v1][INFO] - => init blocks.2.7.channel_block.conv2.fn.dw.weight from pretrained state dict
[2026-03-11 16:26:12,633][MedImageInsight.ImageEncoder.davit_v1][INFO] - => init blocks.2.7.channel_block.ffn.fn.net.fc1.bias from pretrained state dict
[2026-03-11 16:26:12,633][MedImageInsight.ImageEncoder.davit_v1][INFO] - => init blocks.2.7.channel_block.ffn.fn.net.fc1.weight from pretrained state dict
[2026-03-11 16:26:12,633][MedImageInsight.ImageEncoder.davit_v1][INFO] - => init blocks.2.7.channel_block.ffn.fn.net.fc2.bias from pretrained state dict
[2026-03-11 16:26:12,633][MedImageInsight.ImageEncoder.davit_v1][INFO] - => init blocks.2.7.channel_block.ffn.fn.net.fc2.weight from pretrained state dict
[2026-03-11 16:26:12,633][MedImageInsight.ImageEncoder.davit_v1][INFO] - => init blocks.2.7.channel_block.ffn.norm.bias from pretrained state dict
[2026-03-11 16:26:12,633][MedImageInsight.ImageEncoder.davit_v1][INFO] - => init blocks.2.7.channel_block.ffn.norm.weight from pretrained state dict
[2026-03-11 16:26:12,633][MedImageInsight.ImageEncoder.davit_v1][INFO] - => init blocks.2.7.spatial_block.conv1.fn.dw.bias from pretrained state dict
[2026-03-11 16:26:12,633][MedImageInsight.ImageEncoder.davit_v1][INFO] - => init blocks.2.7.spatial_block.conv1.fn.dw.weight from pretrained state dict
[2026-03-11 16:26:12,633][MedImageInsight.ImageEncoder.davit_v1][INFO] - => init blocks.2.7.spatial_block.conv2.fn.dw.bias from pretrained state dict
[2026-03-11 16:26:12,633][MedImageInsight.ImageEncoder.davit_v1][INFO] - => init blocks.2.7.spatial_block.conv2.fn.dw.weight from pretrained state dict
[2026-03-11 16:26:12,633][MedImageInsight.ImageEncoder.davit_v1][INFO] - => init blocks.2.7.spatial_block.ffn.fn.net.fc1.bias from pretrained state dict
[2026-03-11 16:26:12,633][MedImageInsight.ImageEncoder.davit_v1][INFO] - => init blocks.2.7.spatial_block.ffn.fn.net.fc1.weight from pretrained state dict
[2026-03-11 16:26:12,633][MedImageInsight.ImageEncoder.davit_v1][INFO] - => init blocks.2.7.spatial_block.ffn.fn.net.fc2.bias from pretrained state dict
[2026-03-11 16:26:12,633][MedImageInsight.ImageEncoder.davit_v1][INFO] - => init blocks.2.7.spatial_block.ffn.fn.net.fc2.weight from pretrained state dict
[2026-03-11 16:26:12,633][MedImageInsight.ImageEncoder.davit_v1][INFO] - => init blocks.2.7.spatial_block.ffn.norm.bias from pretrained state dict
[2026-03-11 16:26:12,633][MedImageInsight.ImageEncoder.davit_v1][INFO] - => init blocks.2.7.spatial_block.ffn.norm.weight from pretrained state dict
[2026-03-11 16:26:12,633][MedImageInsight.ImageEncoder.davit_v1][INFO] - => init blocks.2.7.spatial_block.window_attn.fn.proj.bias from pretrained state dict
[2026-03-11 16:26:12,633][MedImageInsight.ImageEncoder.davit_v1][INFO] - => init blocks.2.7.spatial_block.window_attn.fn.proj.weight from pretrained state dict
[2026-03-11 16:26:12,633][MedImageInsight.ImageEncoder.davit_v1][INFO] - => init blocks.2.7.spatial_block.window_attn.fn.qkv.bias from pretrained state dict
[2026-03-11 16:26:12,633][MedImageInsight.ImageEncoder.davit_v1][INFO] - => init blocks.2.7.spatial_block.window_attn.fn.qkv.weight from pretrained state dict
[2026-03-11 16:26:12,633][MedImageInsight.ImageEncoder.davit_v1][INFO] - => init blocks.2.7.spatial_block.window_attn.norm.bias from pretrained state dict
[2026-03-11 16:26:12,633][MedImageInsight.ImageEncoder.davit_v1][INFO] - => init blocks.2.7.spatial_block.window_attn.norm.weight from pretrained state dict
[2026-03-11 16:26:12,633][MedImageInsight.ImageEncoder.davit_v1][INFO] - => init blocks.2.8.channel_block.channel_attn.fn.proj.bias from pretrained state dict
[2026-03-11 16:26:12,633][MedImageInsight.ImageEncoder.davit_v1][INFO] - => init blocks.2.8.channel_block.channel_attn.fn.proj.weight from pretrained state dict
[2026-03-11 16:26:12,633][MedImageInsight.ImageEncoder.davit_v1][INFO] - => init blocks.2.8.channel_block.channel_attn.fn.qkv.bias from pretrained state dict
[2026-03-11 16:26:12,633][MedImageInsight.ImageEncoder.davit_v1][INFO] - => init blocks.2.8.channel_block.channel_attn.fn.qkv.weight from pretrained state dict
[2026-03-11 16:26:12,633][MedImageInsight.ImageEncoder.davit_v1][INFO] - => init blocks.2.8.channel_block.channel_attn.norm.bias from pretrained state dict
[2026-03-11 16:26:12,633][MedImageInsight.ImageEncoder.davit_v1][INFO] - => init blocks.2.8.channel_block.channel_attn.norm.weight from pretrained state dict
[2026-03-11 16:26:12,633][MedImageInsight.ImageEncoder.davit_v1][INFO] - => init blocks.2.8.channel_block.conv1.fn.dw.bias from pretrained state dict
[2026-03-11 16:26:12,634][MedImageInsight.ImageEncoder.davit_v1][INFO] - => init blocks.2.8.channel_block.conv1.fn.dw.weight from pretrained state dict
[2026-03-11 16:26:12,634][MedImageInsight.ImageEncoder.davit_v1][INFO] - => init blocks.2.8.channel_block.conv2.fn.dw.bias from pretrained state dict
[2026-03-11 16:26:12,634][MedImageInsight.ImageEncoder.davit_v1][INFO] - => init blocks.2.8.channel_block.conv2.fn.dw.weight from pretrained state dict
[2026-03-11 16:26:12,634][MedImageInsight.ImageEncoder.davit_v1][INFO] - => init blocks.2.8.channel_block.ffn.fn.net.fc1.bias from pretrained state dict
[2026-03-11 16:26:12,634][MedImageInsight.ImageEncoder.davit_v1][INFO] - => init blocks.2.8.channel_block.ffn.fn.net.fc1.weight from pretrained state dict
[2026-03-11 16:26:12,634][MedImageInsight.ImageEncoder.davit_v1][INFO] - => init blocks.2.8.channel_block.ffn.fn.net.fc2.bias from pretrained state dict
[2026-03-11 16:26:12,634][MedImageInsight.ImageEncoder.davit_v1][INFO] - => init blocks.2.8.channel_block.ffn.fn.net.fc2.weight from pretrained state dict
[2026-03-11 16:26:12,634][MedImageInsight.ImageEncoder.davit_v1][INFO] - => init blocks.2.8.channel_block.ffn.norm.bias from pretrained state dict
[2026-03-11 16:26:12,634][MedImageInsight.ImageEncoder.davit_v1][INFO] - => init blocks.2.8.channel_block.ffn.norm.weight from pretrained state dict
[2026-03-11 16:26:12,634][MedImageInsight.ImageEncoder.davit_v1][INFO] - => init blocks.2.8.spatial_block.conv1.fn.dw.bias from pretrained state dict
[2026-03-11 16:26:12,634][MedImageInsight.ImageEncoder.davit_v1][INFO] - => init blocks.2.8.spatial_block.conv1.fn.dw.weight from pretrained state dict
[2026-03-11 16:26:12,634][MedImageInsight.ImageEncoder.davit_v1][INFO] - => init blocks.2.8.spatial_block.conv2.fn.dw.bias from pretrained state dict
[2026-03-11 16:26:12,634][MedImageInsight.ImageEncoder.davit_v1][INFO] - => init blocks.2.8.spatial_block.conv2.fn.dw.weight from pretrained state dict
[2026-03-11 16:26:12,634][MedImageInsight.ImageEncoder.davit_v1][INFO] - => init blocks.2.8.spatial_block.ffn.fn.net.fc1.bias from pretrained state dict
[2026-03-11 16:26:12,634][MedImageInsight.ImageEncoder.davit_v1][INFO] - => init blocks.2.8.spatial_block.ffn.fn.net.fc1.weight from pretrained state dict
[2026-03-11 16:26:12,634][MedImageInsight.ImageEncoder.davit_v1][INFO] - => init blocks.2.8.spatial_block.ffn.fn.net.fc2.bias from pretrained state dict
[2026-03-11 16:26:12,634][MedImageInsight.ImageEncoder.davit_v1][INFO] - => init blocks.2.8.spatial_block.ffn.fn.net.fc2.weight from pretrained state dict
[2026-03-11 16:26:12,634][MedImageInsight.ImageEncoder.davit_v1][INFO] - => init blocks.2.8.spatial_block.ffn.norm.bias from pretrained state dict
[2026-03-11 16:26:12,634][MedImageInsight.ImageEncoder.davit_v1][INFO] - => init blocks.2.8.spatial_block.ffn.norm.weight from pretrained state dict
[2026-03-11 16:26:12,634][MedImageInsight.ImageEncoder.davit_v1][INFO] - => init blocks.2.8.spatial_block.window_attn.fn.proj.bias from pretrained state dict
[2026-03-11 16:26:12,634][MedImageInsight.ImageEncoder.davit_v1][INFO] - => init blocks.2.8.spatial_block.window_attn.fn.proj.weight from pretrained state dict
[2026-03-11 16:26:12,634][MedImageInsight.ImageEncoder.davit_v1][INFO] - => init blocks.2.8.spatial_block.window_attn.fn.qkv.bias from pretrained state dict
[2026-03-11 16:26:12,634][MedImageInsight.ImageEncoder.davit_v1][INFO] - => init blocks.2.8.spatial_block.window_attn.fn.qkv.weight from pretrained state dict
[2026-03-11 16:26:12,634][MedImageInsight.ImageEncoder.davit_v1][INFO] - => init blocks.2.8.spatial_block.window_attn.norm.bias from pretrained state dict
[2026-03-11 16:26:12,634][MedImageInsight.ImageEncoder.davit_v1][INFO] - => init blocks.2.8.spatial_block.window_attn.norm.weight from pretrained state dict
[2026-03-11 16:26:12,634][MedImageInsight.ImageEncoder.davit_v1][INFO] - => init blocks.3.0.channel_block.channel_attn.fn.proj.bias from pretrained state dict
[2026-03-11 16:26:12,634][MedImageInsight.ImageEncoder.davit_v1][INFO] - => init blocks.3.0.channel_block.channel_attn.fn.proj.weight from pretrained state dict
[2026-03-11 16:26:12,634][MedImageInsight.ImageEncoder.davit_v1][INFO] - => init blocks.3.0.channel_block.channel_attn.fn.qkv.bias from pretrained state dict
[2026-03-11 16:26:12,634][MedImageInsight.ImageEncoder.davit_v1][INFO] - => init blocks.3.0.channel_block.channel_attn.fn.qkv.weight from pretrained state dict
[2026-03-11 16:26:12,634][MedImageInsight.ImageEncoder.davit_v1][INFO] - => init blocks.3.0.channel_block.channel_attn.norm.bias from pretrained state dict
[2026-03-11 16:26:12,634][MedImageInsight.ImageEncoder.davit_v1][INFO] - => init blocks.3.0.channel_block.channel_attn.norm.weight from pretrained state dict
[2026-03-11 16:26:12,635][MedImageInsight.ImageEncoder.davit_v1][INFO] - => init blocks.3.0.channel_block.conv1.fn.dw.bias from pretrained state dict
[2026-03-11 16:26:12,635][MedImageInsight.ImageEncoder.davit_v1][INFO] - => init blocks.3.0.channel_block.conv1.fn.dw.weight from pretrained state dict
[2026-03-11 16:26:12,635][MedImageInsight.ImageEncoder.davit_v1][INFO] - => init blocks.3.0.channel_block.conv2.fn.dw.bias from pretrained state dict
[2026-03-11 16:26:12,635][MedImageInsight.ImageEncoder.davit_v1][INFO] - => init blocks.3.0.channel_block.conv2.fn.dw.weight from pretrained state dict
[2026-03-11 16:26:12,635][MedImageInsight.ImageEncoder.davit_v1][INFO] - => init blocks.3.0.channel_block.ffn.fn.net.fc1.bias from pretrained state dict
[2026-03-11 16:26:12,635][MedImageInsight.ImageEncoder.davit_v1][INFO] - => init blocks.3.0.channel_block.ffn.fn.net.fc1.weight from pretrained state dict
[2026-03-11 16:26:12,635][MedImageInsight.ImageEncoder.davit_v1][INFO] - => init blocks.3.0.channel_block.ffn.fn.net.fc2.bias from pretrained state dict
[2026-03-11 16:26:12,635][MedImageInsight.ImageEncoder.davit_v1][INFO] - => init blocks.3.0.channel_block.ffn.fn.net.fc2.weight from pretrained state dict
[2026-03-11 16:26:12,635][MedImageInsight.ImageEncoder.davit_v1][INFO] - => init blocks.3.0.channel_block.ffn.norm.bias from pretrained state dict
[2026-03-11 16:26:12,635][MedImageInsight.ImageEncoder.davit_v1][INFO] - => init blocks.3.0.channel_block.ffn.norm.weight from pretrained state dict
[2026-03-11 16:26:12,635][MedImageInsight.ImageEncoder.davit_v1][INFO] - => init blocks.3.0.spatial_block.conv1.fn.dw.bias from pretrained state dict
[2026-03-11 16:26:12,635][MedImageInsight.ImageEncoder.davit_v1][INFO] - => init blocks.3.0.spatial_block.conv1.fn.dw.weight from pretrained state dict
[2026-03-11 16:26:12,635][MedImageInsight.ImageEncoder.davit_v1][INFO] - => init blocks.3.0.spatial_block.conv2.fn.dw.bias from pretrained state dict
[2026-03-11 16:26:12,635][MedImageInsight.ImageEncoder.davit_v1][INFO] - => init blocks.3.0.spatial_block.conv2.fn.dw.weight from pretrained state dict
[2026-03-11 16:26:12,635][MedImageInsight.ImageEncoder.davit_v1][INFO] - => init blocks.3.0.spatial_block.ffn.fn.net.fc1.bias from pretrained state dict
[2026-03-11 16:26:12,635][MedImageInsight.ImageEncoder.davit_v1][INFO] - => init blocks.3.0.spatial_block.ffn.fn.net.fc1.weight from pretrained state dict
[2026-03-11 16:26:12,635][MedImageInsight.ImageEncoder.davit_v1][INFO] - => init blocks.3.0.spatial_block.ffn.fn.net.fc2.bias from pretrained state dict
[2026-03-11 16:26:12,635][MedImageInsight.ImageEncoder.davit_v1][INFO] - => init blocks.3.0.spatial_block.ffn.fn.net.fc2.weight from pretrained state dict
[2026-03-11 16:26:12,635][MedImageInsight.ImageEncoder.davit_v1][INFO] - => init blocks.3.0.spatial_block.ffn.norm.bias from pretrained state dict
[2026-03-11 16:26:12,635][MedImageInsight.ImageEncoder.davit_v1][INFO] - => init blocks.3.0.spatial_block.ffn.norm.weight from pretrained state dict
[2026-03-11 16:26:12,635][MedImageInsight.ImageEncoder.davit_v1][INFO] - => init blocks.3.0.spatial_block.window_attn.fn.proj.bias from pretrained state dict
[2026-03-11 16:26:12,635][MedImageInsight.ImageEncoder.davit_v1][INFO] - => init blocks.3.0.spatial_block.window_attn.fn.proj.weight from pretrained state dict
[2026-03-11 16:26:12,635][MedImageInsight.ImageEncoder.davit_v1][INFO] - => init blocks.3.0.spatial_block.window_attn.fn.qkv.bias from pretrained state dict
[2026-03-11 16:26:12,635][MedImageInsight.ImageEncoder.davit_v1][INFO] - => init blocks.3.0.spatial_block.window_attn.fn.qkv.weight from pretrained state dict
[2026-03-11 16:26:12,635][MedImageInsight.ImageEncoder.davit_v1][INFO] - => init blocks.3.0.spatial_block.window_attn.norm.bias from pretrained state dict
[2026-03-11 16:26:12,635][MedImageInsight.ImageEncoder.davit_v1][INFO] - => init blocks.3.0.spatial_block.window_attn.norm.weight from pretrained state dict
[2026-03-11 16:26:12,635][MedImageInsight.ImageEncoder.davit_v1][INFO] - => init convs.0.norm.bias from pretrained state dict
[2026-03-11 16:26:12,635][MedImageInsight.ImageEncoder.davit_v1][INFO] - => init convs.0.norm.weight from pretrained state dict
[2026-03-11 16:26:12,635][MedImageInsight.ImageEncoder.davit_v1][INFO] - => init convs.0.proj.bias from pretrained state dict
[2026-03-11 16:26:12,635][MedImageInsight.ImageEncoder.davit_v1][INFO] - => init convs.0.proj.weight from pretrained state dict
[2026-03-11 16:26:12,635][MedImageInsight.ImageEncoder.davit_v1][INFO] - => init convs.1.norm.bias from pretrained state dict
[2026-03-11 16:26:12,636][MedImageInsight.ImageEncoder.davit_v1][INFO] - => init convs.1.norm.weight from pretrained state dict
[2026-03-11 16:26:12,636][MedImageInsight.ImageEncoder.davit_v1][INFO] - => init convs.1.proj.bias from pretrained state dict
[2026-03-11 16:26:12,636][MedImageInsight.ImageEncoder.davit_v1][INFO] - => init convs.1.proj.weight from pretrained state dict
[2026-03-11 16:26:12,636][MedImageInsight.ImageEncoder.davit_v1][INFO] - => init convs.2.norm.bias from pretrained state dict
[2026-03-11 16:26:12,636][MedImageInsight.ImageEncoder.davit_v1][INFO] - => init convs.2.norm.weight from pretrained state dict
[2026-03-11 16:26:12,636][MedImageInsight.ImageEncoder.davit_v1][INFO] - => init convs.2.proj.bias from pretrained state dict
[2026-03-11 16:26:12,636][MedImageInsight.ImageEncoder.davit_v1][INFO] - => init convs.2.proj.weight from pretrained state dict
[2026-03-11 16:26:12,636][MedImageInsight.ImageEncoder.davit_v1][INFO] - => init convs.3.norm.bias from pretrained state dict
[2026-03-11 16:26:12,636][MedImageInsight.ImageEncoder.davit_v1][INFO] - => init convs.3.norm.weight from pretrained state dict
[2026-03-11 16:26:12,636][MedImageInsight.ImageEncoder.davit_v1][INFO] - => init convs.3.proj.bias from pretrained state dict
[2026-03-11 16:26:12,636][MedImageInsight.ImageEncoder.davit_v1][INFO] - => init convs.3.proj.weight from pretrained state dict
[2026-03-11 16:26:12,636][MedImageInsight.ImageEncoder.davit_v1][INFO] - => init norms.bias from pretrained state dict
[2026-03-11 16:26:12,636][MedImageInsight.ImageEncoder.davit_v1][INFO] - => init norms.weight from pretrained state dict
