{"val_loss": 1.3253430128097534, "val_auroc": 0.7200000286102295, "val_f1_score": 0.5306122303009033, "val_balanced_accuracy": 0.6599999666213989, "epoch": 63, "trainer/global_step": 504, "_timestamp": 1764882294.1140852, "_runtime": 8531.53988313675, "_step": 73, "train_loss": 0.643370509147644, "test_auroc": 0.643260657787323, "test_f1_score": 0.380952388048172, "test_balanced_accuracy": 0.5803067088127136, "_wandb": {"runtime": 8539}}