{"val_loss": 5.715888500213623, "val_auroc": 0.5067873001098633, "val_f1_score": 0.23999999463558197, "val_balanced_accuracy": 0.5271493196487427, "epoch": 300, "trainer/global_step": 3300, "_timestamp": 1764689360.686983, "_runtime": 34.9921760559082, "_step": 366, "train_loss": 0.004047631286084652, "test_auroc": 0.6175214052200317, "test_f1_score": 0.3720930218696594, "test_balanced_accuracy": 0.5705128312110901, "_wandb": {"runtime": 34}}