{"val_loss": 1.2445157766342163, "val_auroc": 0.569454550743103, "val_f1_score": 0.07692307978868484, "val_balanced_accuracy": 0.5199999809265137, "epoch": 16, "trainer/global_step": 128, "_timestamp": 1765296468.9235828, "_runtime": 2331.0570867061615, "_step": 18, "train_loss": 0.9665678143501282, "test_auroc": 0.5488297343254089, "test_f1_score": 0.0, "test_balanced_accuracy": 0.47457626461982727, "_wandb": {"runtime": 2340}}