{"val_loss": 1.3529802560806274, "val_auroc": 0.6749091148376465, "val_f1_score": 0.48148149251937866, "val_balanced_accuracy": 0.614545464515686, "epoch": 53, "trainer/global_step": 424, "_timestamp": 1764875136.2415721, "_runtime": 3494.2175631523132, "_step": 61, "train_loss": 1.2347304821014404, "test_auroc": 0.7037934064865112, "test_f1_score": 0.4324324429035187, "test_balanced_accuracy": 0.622679591178894, "_wandb": {"runtime": 3502}}