{"val_loss": 1.2379883527755737, "val_auroc": 0.5309090614318848, "epoch": 3, "trainer/global_step": 31, "_timestamp": 1765297148.9125907, "_runtime": 591.1720237731934, "_step": 3}