{"val_loss": 1.0961196422576904, "val_auroc": 0.5012940168380737, "epoch": 299, "trainer/global_step": 2399, "_timestamp": 1764345993.9372966, "_runtime": 37.28470969200134, "_step": 347, "train_loss": 0.8924692869186401, "_wandb": {"runtime": 37}}