{"train_loss": 0.2652483582496643, "epoch": 143, "trainer/global_step": 1149, "_timestamp": 1764773392.077679, "_runtime": 10026.925279855728, "_step": 165}