{"test_auc_mean":0.5441299080848694,"test_cindex":0.49317270517349243,"_wandb":{"runtime":57},"_runtime":57,"_step":3601,"val_loss":10.858765602111816,"_timestamp":1.763655027691457e+09,"train_loss":1.032346487045288}