{"val_loss": 1.216015100479126, "val_auroc": 0.6967273354530334, "val_f1_score": 0.3333333432674408, "val_balanced_accuracy": 0.5745454430580139, "epoch": 60, "trainer/global_step": 480, "_timestamp": 1764850939.465495, "_runtime": 6615.859196186066, "_step": 69, "train_loss": 0.8657053709030151, "test_auroc": 0.6448748707771301, "test_f1_score": 0.25, "test_balanced_accuracy": 0.5359160900115967, "_wandb": {"runtime": 6624}}