{"_wandb":{"runtime":52},"train_loss":2.9847781658172607,"val_loss":3.9864866733551025,"test_auc_mean":0.6630071401596069,"trainer/global_step":2400,"_runtime":52,"_step":348,"test_cindex":0.5823293328285217,"_timestamp":1.7636615365412514e+09,"epoch":300}