{"val_loss": 4.957922458648682, "epoch": 300, "trainer/global_step": 2400, "_timestamp": 1764273174.5625498, "_runtime": 5106.164991855621, "_step": 348, "train_loss": 1.1482224464416504, "test_cindex": 0.5992932915687561, "test_auc_mean": 0.584396481513977, "_wandb": {"runtime": 5105}}