{"val_loss": 1.134663462638855, "val_auroc": 0.7301818132400513, "val_f1_score": 0.5384615659713745, "val_balanced_accuracy": 0.6618181467056274, "epoch": 17, "trainer/global_step": 170, "_timestamp": 1764858131.0386512, "_runtime": 6683.920962333679, "_step": 38, "train_loss": 1.0001790523529053, "test_auroc": 0.70460045337677, "test_f1_score": 0.46666666865348816, "test_balanced_accuracy": 0.6214689016342163, "_wandb": {"runtime": 6693}}