{"test_cindex":0.5823293328285217,"_wandb":{"runtime":342},"trainer/global_step":2400,"val_loss":3.9864866733551025,"test_auc_mean":0.6630071401596069,"_runtime":342,"epoch":300,"_timestamp":1.7636606537556689e+09,"_step":348,"train_loss":2.9847781658172607}