{"val_loss": 1.0961196422576904, "val_auroc": 0.5012940168380737, "val_f1_score": 0.29545456171035767, "epoch": 300, "trainer/global_step": 2400, "_timestamp": 1764346807.5466802, "_runtime": 146.55790615081787, "_step": 348, "train_loss": 0.8924692869186401, "test_auroc": 0.6759259104728699, "test_f1_score": 0.5263158082962036, "_wandb": {"runtime": 145}}