[2025-12-15 13:48:58,549][MedImageInsight.ImageDataLoader.transforms.build][INFO] - => testing transformers: Compose(
    Resize(size=(480, 480), interpolation=bicubic, max_size=None, antialias=warn)
    ToTensor()
    Normalize(mean=[0.485, 0.456, 0.406], std=[0.229, 0.224, 0.225])
)
[2025-12-15 13:48:58,550][MedImageInsight.UniCLModel][INFO] - Create model with standard parameterization
[2025-12-15 13:49:00,453][MedImageInsight.LangEncoder.transformer][INFO] - => init weight of Linear/Conv2d from trunc norm
[2025-12-15 13:49:00,459][MedImageInsight.LangEncoder.transformer][INFO] - => init bias of Linear/Conv2d to zeros
[2025-12-15 13:49:00,459][MedImageInsight.LangEncoder.transformer][INFO] - => init weight of Linear/Conv2d from trunc norm
[2025-12-15 13:49:00,484][MedImageInsight.LangEncoder.transformer][INFO] - => init bias of Linear/Conv2d to zeros
[2025-12-15 13:49:00,484][MedImageInsight.LangEncoder.transformer][INFO] - => init weight of Linear/Conv2d from trunc norm
[2025-12-15 13:49:00,510][MedImageInsight.LangEncoder.transformer][INFO] - => init bias of Linear/Conv2d to zeros
[2025-12-15 13:49:00,510][MedImageInsight.LangEncoder.transformer][INFO] - => init weight of Linear/Conv2d from trunc norm
[2025-12-15 13:49:00,516][MedImageInsight.LangEncoder.transformer][INFO] - => init bias of Linear/Conv2d to zeros
[2025-12-15 13:49:00,517][MedImageInsight.LangEncoder.transformer][INFO] - => init weight of Linear/Conv2d from trunc norm
[2025-12-15 13:49:00,543][MedImageInsight.LangEncoder.transformer][INFO] - => init bias of Linear/Conv2d to zeros
[2025-12-15 13:49:00,543][MedImageInsight.LangEncoder.transformer][INFO] - => init weight of Linear/Conv2d from trunc norm
[2025-12-15 13:49:00,570][MedImageInsight.LangEncoder.transformer][INFO] - => init bias of Linear/Conv2d to zeros
[2025-12-15 13:49:00,570][MedImageInsight.LangEncoder.transformer][INFO] - => init weight of Linear/Conv2d from trunc norm
[2025-12-15 13:49:00,577][MedImageInsight.LangEncoder.transformer][INFO] - => init bias of Linear/Conv2d to zeros
[2025-12-15 13:49:00,577][MedImageInsight.LangEncoder.transformer][INFO] - => init weight of Linear/Conv2d from trunc norm
[2025-12-15 13:49:00,603][MedImageInsight.LangEncoder.transformer][INFO] - => init bias of Linear/Conv2d to zeros
[2025-12-15 13:49:00,604][MedImageInsight.LangEncoder.transformer][INFO] - => init weight of Linear/Conv2d from trunc norm
[2025-12-15 13:49:00,632][MedImageInsight.LangEncoder.transformer][INFO] - => init bias of Linear/Conv2d to zeros
[2025-12-15 13:49:00,632][MedImageInsight.LangEncoder.transformer][INFO] - => init weight of Linear/Conv2d from trunc norm
[2025-12-15 13:49:00,639][MedImageInsight.LangEncoder.transformer][INFO] - => init bias of Linear/Conv2d to zeros
[2025-12-15 13:49:00,639][MedImageInsight.LangEncoder.transformer][INFO] - => init weight of Linear/Conv2d from trunc norm
[2025-12-15 13:49:00,666][MedImageInsight.LangEncoder.transformer][INFO] - => init bias of Linear/Conv2d to zeros
[2025-12-15 13:49:00,666][MedImageInsight.LangEncoder.transformer][INFO] - => init weight of Linear/Conv2d from trunc norm
[2025-12-15 13:49:00,695][MedImageInsight.LangEncoder.transformer][INFO] - => init bias of Linear/Conv2d to zeros
[2025-12-15 13:49:00,695][MedImageInsight.LangEncoder.transformer][INFO] - => init weight of Linear/Conv2d from trunc norm
[2025-12-15 13:49:00,702][MedImageInsight.LangEncoder.transformer][INFO] - => init bias of Linear/Conv2d to zeros
[2025-12-15 13:49:00,702][MedImageInsight.LangEncoder.transformer][INFO] - => init weight of Linear/Conv2d from trunc norm
[2025-12-15 13:49:00,729][MedImageInsight.LangEncoder.transformer][INFO] - => init bias of Linear/Conv2d to zeros
[2025-12-15 13:49:00,729][MedImageInsight.LangEncoder.transformer][INFO] - => init weight of Linear/Conv2d from trunc norm
[2025-12-15 13:49:00,755][MedImageInsight.LangEncoder.transformer][INFO] - => init bias of Linear/Conv2d to zeros
[2025-12-15 13:49:00,756][MedImageInsight.LangEncoder.transformer][INFO] - => init weight of Linear/Conv2d from trunc norm
[2025-12-15 13:49:00,763][MedImageInsight.LangEncoder.transformer][INFO] - => init bias of Linear/Conv2d to zeros
[2025-12-15 13:49:00,763][MedImageInsight.LangEncoder.transformer][INFO] - => init weight of Linear/Conv2d from trunc norm
[2025-12-15 13:49:00,792][MedImageInsight.LangEncoder.transformer][INFO] - => init bias of Linear/Conv2d to zeros
[2025-12-15 13:49:00,792][MedImageInsight.LangEncoder.transformer][INFO] - => init weight of Linear/Conv2d from trunc norm
[2025-12-15 13:49:00,820][MedImageInsight.LangEncoder.transformer][INFO] - => init bias of Linear/Conv2d to zeros
[2025-12-15 13:49:00,821][MedImageInsight.LangEncoder.transformer][INFO] - => init weight of Linear/Conv2d from trunc norm
[2025-12-15 13:49:00,828][MedImageInsight.LangEncoder.transformer][INFO] - => init bias of Linear/Conv2d to zeros
[2025-12-15 13:49:00,828][MedImageInsight.LangEncoder.transformer][INFO] - => init weight of Linear/Conv2d from trunc norm
[2025-12-15 13:49:00,857][MedImageInsight.LangEncoder.transformer][INFO] - => init bias of Linear/Conv2d to zeros
[2025-12-15 13:49:00,857][MedImageInsight.LangEncoder.transformer][INFO] - => init weight of Linear/Conv2d from trunc norm
[2025-12-15 13:49:00,884][MedImageInsight.LangEncoder.transformer][INFO] - => init bias of Linear/Conv2d to zeros
[2025-12-15 13:49:00,884][MedImageInsight.LangEncoder.transformer][INFO] - => init weight of Linear/Conv2d from trunc norm
[2025-12-15 13:49:00,891][MedImageInsight.LangEncoder.transformer][INFO] - => init bias of Linear/Conv2d to zeros
[2025-12-15 13:49:00,891][MedImageInsight.LangEncoder.transformer][INFO] - => init weight of Linear/Conv2d from trunc norm
[2025-12-15 13:49:00,917][MedImageInsight.LangEncoder.transformer][INFO] - => init bias of Linear/Conv2d to zeros
[2025-12-15 13:49:00,917][MedImageInsight.LangEncoder.transformer][INFO] - => init weight of Linear/Conv2d from trunc norm
[2025-12-15 13:49:00,946][MedImageInsight.LangEncoder.transformer][INFO] - => init bias of Linear/Conv2d to zeros
[2025-12-15 13:49:00,946][MedImageInsight.LangEncoder.transformer][INFO] - => init weight of Linear/Conv2d from trunc norm
[2025-12-15 13:49:00,953][MedImageInsight.LangEncoder.transformer][INFO] - => init bias of Linear/Conv2d to zeros
[2025-12-15 13:49:00,953][MedImageInsight.LangEncoder.transformer][INFO] - => init weight of Linear/Conv2d from trunc norm
[2025-12-15 13:49:00,979][MedImageInsight.LangEncoder.transformer][INFO] - => init bias of Linear/Conv2d to zeros
[2025-12-15 13:49:00,980][MedImageInsight.LangEncoder.transformer][INFO] - => init weight of Linear/Conv2d from trunc norm
[2025-12-15 13:49:01,007][MedImageInsight.LangEncoder.transformer][INFO] - => init bias of Linear/Conv2d to zeros
[2025-12-15 13:49:01,007][MedImageInsight.LangEncoder.transformer][INFO] - => init weight of Linear/Conv2d from trunc norm
[2025-12-15 13:49:01,014][MedImageInsight.LangEncoder.transformer][INFO] - => init bias of Linear/Conv2d to zeros
[2025-12-15 13:49:01,014][MedImageInsight.LangEncoder.transformer][INFO] - => init weight of Linear/Conv2d from trunc norm
[2025-12-15 13:49:01,043][MedImageInsight.LangEncoder.transformer][INFO] - => init bias of Linear/Conv2d to zeros
[2025-12-15 13:49:01,043][MedImageInsight.LangEncoder.transformer][INFO] - => init weight of Linear/Conv2d from trunc norm
[2025-12-15 13:49:01,071][MedImageInsight.LangEncoder.transformer][INFO] - => init bias of Linear/Conv2d to zeros
[2025-12-15 13:49:01,071][MedImageInsight.LangEncoder.transformer][INFO] - => init weight of Linear/Conv2d from trunc norm
[2025-12-15 13:49:01,078][MedImageInsight.LangEncoder.transformer][INFO] - => init bias of Linear/Conv2d to zeros
[2025-12-15 13:49:01,078][MedImageInsight.LangEncoder.transformer][INFO] - => init weight of Linear/Conv2d from trunc norm
[2025-12-15 13:49:01,105][MedImageInsight.LangEncoder.transformer][INFO] - => init bias of Linear/Conv2d to zeros
[2025-12-15 13:49:01,105][MedImageInsight.LangEncoder.transformer][INFO] - => init weight of Linear/Conv2d from trunc norm
[2025-12-15 13:49:01,131][MedImageInsight.LangEncoder.transformer][INFO] - => init bias of Linear/Conv2d to zeros
[2025-12-15 13:49:01,132][MedImageInsight.LangEncoder.transformer][INFO] - => init weight of Linear/Conv2d from trunc norm
[2025-12-15 13:49:01,139][MedImageInsight.LangEncoder.transformer][INFO] - => init bias of Linear/Conv2d to zeros
[2025-12-15 13:49:01,139][MedImageInsight.LangEncoder.transformer][INFO] - => init weight of Linear/Conv2d from trunc norm
[2025-12-15 13:49:01,167][MedImageInsight.LangEncoder.transformer][INFO] - => init bias of Linear/Conv2d to zeros
[2025-12-15 13:49:01,167][MedImageInsight.LangEncoder.transformer][INFO] - => init weight of Linear/Conv2d from trunc norm
[2025-12-15 13:49:01,199][MedImageInsight.LangEncoder.transformer][INFO] - => init bias of Linear/Conv2d to zeros
[2025-12-15 13:49:01,199][MedImageInsight.LangEncoder.transformer][INFO] - => init weight of Linear/Conv2d from trunc norm
[2025-12-15 13:49:01,206][MedImageInsight.LangEncoder.transformer][INFO] - => init bias of Linear/Conv2d to zeros
[2025-12-15 13:49:01,206][MedImageInsight.LangEncoder.transformer][INFO] - => init weight of Linear/Conv2d from trunc norm
[2025-12-15 13:49:01,233][MedImageInsight.LangEncoder.transformer][INFO] - => init bias of Linear/Conv2d to zeros
[2025-12-15 13:49:01,233][MedImageInsight.LangEncoder.transformer][INFO] - => init weight of Linear/Conv2d from trunc norm
[2025-12-15 13:49:01,260][MedImageInsight.LangEncoder.transformer][INFO] - => init bias of Linear/Conv2d to zeros
[2025-12-15 13:49:01,260][MedImageInsight.LangEncoder.transformer][INFO] - => init weight of Linear/Conv2d from trunc norm
[2025-12-15 13:49:01,267][MedImageInsight.LangEncoder.transformer][INFO] - => init bias of Linear/Conv2d to zeros
[2025-12-15 13:49:01,267][MedImageInsight.LangEncoder.transformer][INFO] - => init weight of Linear/Conv2d from trunc norm
[2025-12-15 13:49:01,293][MedImageInsight.LangEncoder.transformer][INFO] - => init bias of Linear/Conv2d to zeros
[2025-12-15 13:49:01,294][MedImageInsight.LangEncoder.transformer][INFO] - => init weight of Linear/Conv2d from trunc norm
[2025-12-15 13:49:01,320][MedImageInsight.LangEncoder.transformer][INFO] - => init bias of Linear/Conv2d to zeros
[2025-12-15 13:49:01,321][MedImageInsight.LangEncoder.transformer][INFO] - => init weight of Linear/Conv2d from trunc norm
[2025-12-15 13:49:01,328][MedImageInsight.LangEncoder.transformer][INFO] - => init bias of Linear/Conv2d to zeros
[2025-12-15 13:49:01,328][MedImageInsight.LangEncoder.transformer][INFO] - => init weight of Linear/Conv2d from trunc norm
[2025-12-15 13:49:01,357][MedImageInsight.LangEncoder.transformer][INFO] - => init bias of Linear/Conv2d to zeros
[2025-12-15 13:49:01,357][MedImageInsight.LangEncoder.transformer][INFO] - => init weight of Linear/Conv2d from trunc norm
[2025-12-15 13:49:01,387][MedImageInsight.LangEncoder.transformer][INFO] - => init bias of Linear/Conv2d to zeros
[2025-12-15 13:49:01,387][MedImageInsight.LangEncoder.transformer][INFO] - => init weight of Linear/Conv2d from trunc norm
[2025-12-15 13:49:01,394][MedImageInsight.LangEncoder.transformer][INFO] - => init bias of Linear/Conv2d to zeros
[2025-12-15 13:49:01,394][MedImageInsight.LangEncoder.transformer][INFO] - => init weight of Linear/Conv2d from trunc norm
[2025-12-15 13:49:01,421][MedImageInsight.LangEncoder.transformer][INFO] - => init bias of Linear/Conv2d to zeros
[2025-12-15 13:49:01,421][MedImageInsight.LangEncoder.transformer][INFO] - => init weight of Linear/Conv2d from trunc norm
[2025-12-15 13:49:01,448][MedImageInsight.LangEncoder.transformer][INFO] - => init bias of Linear/Conv2d to zeros
[2025-12-15 13:49:01,449][MedImageInsight.ImageEncoder.davit_v1][INFO] - Create model with standard parameterization
[2025-12-15 13:49:01,450][MedImageInsight.ImageEncoder.davit_v1][INFO] - => Depth offset in stage 0: 0
[2025-12-15 13:49:01,469][MedImageInsight.ImageEncoder.davit_v1][INFO] - => Depth offset in stage 1: 2
[2025-12-15 13:49:01,537][MedImageInsight.ImageEncoder.davit_v1][INFO] - => Depth offset in stage 2: 4
[2025-12-15 13:49:03,016][MedImageInsight.ImageEncoder.davit_v1][INFO] - => Depth offset in stage 3: 22
[2025-12-15 13:49:03,596][MedImageInsight.ImageEncoder.davit_v1][INFO] - Custom init: original init
[2025-12-15 13:49:05,910][MedImageInsight.ImageEncoder.davit_v1][INFO] - Load model from pretrained checkpoint
[2025-12-15 13:49:05,912][MedImageInsight.UniCLModel][INFO] - Custom init: original init
[2025-12-15 13:49:06,132][MedImageInsight.UniCLModel][INFO] - => Loading pretrained model /nas-ctm01/homes/fmferreira/MedImageInsights/2024.09.27/vision_model/medimageinsigt-v1.0.0.pt
[2025-12-15 13:49:13,458][MedImageInsight.UniCLModel][INFO] - => init image_projection from /nas-ctm01/homes/fmferreira/MedImageInsights/2024.09.27/vision_model/medimageinsigt-v1.0.0.pt
[2025-12-15 13:49:13,459][MedImageInsight.UniCLModel][INFO] - => init lang_encoder.ln_final.bias from /nas-ctm01/homes/fmferreira/MedImageInsights/2024.09.27/vision_model/medimageinsigt-v1.0.0.pt
[2025-12-15 13:49:13,459][MedImageInsight.UniCLModel][INFO] - => init lang_encoder.ln_final.weight from /nas-ctm01/homes/fmferreira/MedImageInsights/2024.09.27/vision_model/medimageinsigt-v1.0.0.pt
[2025-12-15 13:49:13,459][MedImageInsight.UniCLModel][INFO] - => init lang_encoder.positional_embedding from /nas-ctm01/homes/fmferreira/MedImageInsights/2024.09.27/vision_model/medimageinsigt-v1.0.0.pt
[2025-12-15 13:49:13,459][MedImageInsight.UniCLModel][INFO] - => init lang_encoder.resblocks.0.attn.in_proj_bias from /nas-ctm01/homes/fmferreira/MedImageInsights/2024.09.27/vision_model/medimageinsigt-v1.0.0.pt
[2025-12-15 13:49:13,459][MedImageInsight.UniCLModel][INFO] - => init lang_encoder.resblocks.0.attn.in_proj_weight from /nas-ctm01/homes/fmferreira/MedImageInsights/2024.09.27/vision_model/medimageinsigt-v1.0.0.pt
[2025-12-15 13:49:13,459][MedImageInsight.UniCLModel][INFO] - => init lang_encoder.resblocks.0.attn.out_proj.bias from /nas-ctm01/homes/fmferreira/MedImageInsights/2024.09.27/vision_model/medimageinsigt-v1.0.0.pt
[2025-12-15 13:49:13,459][MedImageInsight.UniCLModel][INFO] - => init lang_encoder.resblocks.0.attn.out_proj.weight from /nas-ctm01/homes/fmferreira/MedImageInsights/2024.09.27/vision_model/medimageinsigt-v1.0.0.pt
[2025-12-15 13:49:13,459][MedImageInsight.UniCLModel][INFO] - => init lang_encoder.resblocks.0.ln_1.bias from /nas-ctm01/homes/fmferreira/MedImageInsights/2024.09.27/vision_model/medimageinsigt-v1.0.0.pt
[2025-12-15 13:49:13,459][MedImageInsight.UniCLModel][INFO] - => init lang_encoder.resblocks.0.ln_1.weight from /nas-ctm01/homes/fmferreira/MedImageInsights/2024.09.27/vision_model/medimageinsigt-v1.0.0.pt
[2025-12-15 13:49:13,459][MedImageInsight.UniCLModel][INFO] - => init lang_encoder.resblocks.0.ln_2.bias from /nas-ctm01/homes/fmferreira/MedImageInsights/2024.09.27/vision_model/medimageinsigt-v1.0.0.pt
[2025-12-15 13:49:13,459][MedImageInsight.UniCLModel][INFO] - => init lang_encoder.resblocks.0.ln_2.weight from /nas-ctm01/homes/fmferreira/MedImageInsights/2024.09.27/vision_model/medimageinsigt-v1.0.0.pt
[2025-12-15 13:49:13,459][MedImageInsight.UniCLModel][INFO] - => init lang_encoder.resblocks.0.mlp.c_fc.bias from /nas-ctm01/homes/fmferreira/MedImageInsights/2024.09.27/vision_model/medimageinsigt-v1.0.0.pt
[2025-12-15 13:49:13,459][MedImageInsight.UniCLModel][INFO] - => init lang_encoder.resblocks.0.mlp.c_fc.weight from /nas-ctm01/homes/fmferreira/MedImageInsights/2024.09.27/vision_model/medimageinsigt-v1.0.0.pt
[2025-12-15 13:49:13,459][MedImageInsight.UniCLModel][INFO] - => init lang_encoder.resblocks.0.mlp.c_proj.bias from /nas-ctm01/homes/fmferreira/MedImageInsights/2024.09.27/vision_model/medimageinsigt-v1.0.0.pt
[2025-12-15 13:49:13,459][MedImageInsight.UniCLModel][INFO] - => init lang_encoder.resblocks.0.mlp.c_proj.weight from /nas-ctm01/homes/fmferreira/MedImageInsights/2024.09.27/vision_model/medimageinsigt-v1.0.0.pt
[2025-12-15 13:49:13,459][MedImageInsight.UniCLModel][INFO] - => init lang_encoder.resblocks.1.attn.in_proj_bias from /nas-ctm01/homes/fmferreira/MedImageInsights/2024.09.27/vision_model/medimageinsigt-v1.0.0.pt
[2025-12-15 13:49:13,459][MedImageInsight.UniCLModel][INFO] - => init lang_encoder.resblocks.1.attn.in_proj_weight from /nas-ctm01/homes/fmferreira/MedImageInsights/2024.09.27/vision_model/medimageinsigt-v1.0.0.pt
[2025-12-15 13:49:13,459][MedImageInsight.UniCLModel][INFO] - => init lang_encoder.resblocks.1.attn.out_proj.bias from /nas-ctm01/homes/fmferreira/MedImageInsights/2024.09.27/vision_model/medimageinsigt-v1.0.0.pt
[2025-12-15 13:49:13,459][MedImageInsight.UniCLModel][INFO] - => init lang_encoder.resblocks.1.attn.out_proj.weight from /nas-ctm01/homes/fmferreira/MedImageInsights/2024.09.27/vision_model/medimageinsigt-v1.0.0.pt
[2025-12-15 13:49:13,459][MedImageInsight.UniCLModel][INFO] - => init lang_encoder.resblocks.1.ln_1.bias from /nas-ctm01/homes/fmferreira/MedImageInsights/2024.09.27/vision_model/medimageinsigt-v1.0.0.pt
[2025-12-15 13:49:13,459][MedImageInsight.UniCLModel][INFO] - => init lang_encoder.resblocks.1.ln_1.weight from /nas-ctm01/homes/fmferreira/MedImageInsights/2024.09.27/vision_model/medimageinsigt-v1.0.0.pt
[2025-12-15 13:49:13,459][MedImageInsight.UniCLModel][INFO] - => init lang_encoder.resblocks.1.ln_2.bias from /nas-ctm01/homes/fmferreira/MedImageInsights/2024.09.27/vision_model/medimageinsigt-v1.0.0.pt
[2025-12-15 13:49:13,459][MedImageInsight.UniCLModel][INFO] - => init lang_encoder.resblocks.1.ln_2.weight from /nas-ctm01/homes/fmferreira/MedImageInsights/2024.09.27/vision_model/medimageinsigt-v1.0.0.pt
[2025-12-15 13:49:13,459][MedImageInsight.UniCLModel][INFO] - => init lang_encoder.resblocks.1.mlp.c_fc.bias from /nas-ctm01/homes/fmferreira/MedImageInsights/2024.09.27/vision_model/medimageinsigt-v1.0.0.pt
[2025-12-15 13:49:13,459][MedImageInsight.UniCLModel][INFO] - => init lang_encoder.resblocks.1.mlp.c_fc.weight from /nas-ctm01/homes/fmferreira/MedImageInsights/2024.09.27/vision_model/medimageinsigt-v1.0.0.pt
[2025-12-15 13:49:13,459][MedImageInsight.UniCLModel][INFO] - => init lang_encoder.resblocks.1.mlp.c_proj.bias from /nas-ctm01/homes/fmferreira/MedImageInsights/2024.09.27/vision_model/medimageinsigt-v1.0.0.pt
[2025-12-15 13:49:13,459][MedImageInsight.UniCLModel][INFO] - => init lang_encoder.resblocks.1.mlp.c_proj.weight from /nas-ctm01/homes/fmferreira/MedImageInsights/2024.09.27/vision_model/medimageinsigt-v1.0.0.pt
[2025-12-15 13:49:13,459][MedImageInsight.UniCLModel][INFO] - => init lang_encoder.resblocks.10.attn.in_proj_bias from /nas-ctm01/homes/fmferreira/MedImageInsights/2024.09.27/vision_model/medimageinsigt-v1.0.0.pt
[2025-12-15 13:49:13,459][MedImageInsight.UniCLModel][INFO] - => init lang_encoder.resblocks.10.attn.in_proj_weight from /nas-ctm01/homes/fmferreira/MedImageInsights/2024.09.27/vision_model/medimageinsigt-v1.0.0.pt
[2025-12-15 13:49:13,460][MedImageInsight.UniCLModel][INFO] - => init lang_encoder.resblocks.10.attn.out_proj.bias from /nas-ctm01/homes/fmferreira/MedImageInsights/2024.09.27/vision_model/medimageinsigt-v1.0.0.pt
[2025-12-15 13:49:13,460][MedImageInsight.UniCLModel][INFO] - => init lang_encoder.resblocks.10.attn.out_proj.weight from /nas-ctm01/homes/fmferreira/MedImageInsights/2024.09.27/vision_model/medimageinsigt-v1.0.0.pt
[2025-12-15 13:49:13,460][MedImageInsight.UniCLModel][INFO] - => init lang_encoder.resblocks.10.ln_1.bias from /nas-ctm01/homes/fmferreira/MedImageInsights/2024.09.27/vision_model/medimageinsigt-v1.0.0.pt
[2025-12-15 13:49:13,460][MedImageInsight.UniCLModel][INFO] - => init lang_encoder.resblocks.10.ln_1.weight from /nas-ctm01/homes/fmferreira/MedImageInsights/2024.09.27/vision_model/medimageinsigt-v1.0.0.pt
[2025-12-15 13:49:13,460][MedImageInsight.UniCLModel][INFO] - => init lang_encoder.resblocks.10.ln_2.bias from /nas-ctm01/homes/fmferreira/MedImageInsights/2024.09.27/vision_model/medimageinsigt-v1.0.0.pt
[2025-12-15 13:49:13,460][MedImageInsight.UniCLModel][INFO] - => init lang_encoder.resblocks.10.ln_2.weight from /nas-ctm01/homes/fmferreira/MedImageInsights/2024.09.27/vision_model/medimageinsigt-v1.0.0.pt
[2025-12-15 13:49:13,460][MedImageInsight.UniCLModel][INFO] - => init lang_encoder.resblocks.10.mlp.c_fc.bias from /nas-ctm01/homes/fmferreira/MedImageInsights/2024.09.27/vision_model/medimageinsigt-v1.0.0.pt
[2025-12-15 13:49:13,460][MedImageInsight.UniCLModel][INFO] - => init lang_encoder.resblocks.10.mlp.c_fc.weight from /nas-ctm01/homes/fmferreira/MedImageInsights/2024.09.27/vision_model/medimageinsigt-v1.0.0.pt
[2025-12-15 13:49:13,460][MedImageInsight.UniCLModel][INFO] - => init lang_encoder.resblocks.10.mlp.c_proj.bias from /nas-ctm01/homes/fmferreira/MedImageInsights/2024.09.27/vision_model/medimageinsigt-v1.0.0.pt
[2025-12-15 13:49:13,460][MedImageInsight.UniCLModel][INFO] - => init lang_encoder.resblocks.10.mlp.c_proj.weight from /nas-ctm01/homes/fmferreira/MedImageInsights/2024.09.27/vision_model/medimageinsigt-v1.0.0.pt
[2025-12-15 13:49:13,460][MedImageInsight.UniCLModel][INFO] - => init lang_encoder.resblocks.11.attn.in_proj_bias from /nas-ctm01/homes/fmferreira/MedImageInsights/2024.09.27/vision_model/medimageinsigt-v1.0.0.pt
[2025-12-15 13:49:13,460][MedImageInsight.UniCLModel][INFO] - => init lang_encoder.resblocks.11.attn.in_proj_weight from /nas-ctm01/homes/fmferreira/MedImageInsights/2024.09.27/vision_model/medimageinsigt-v1.0.0.pt
[2025-12-15 13:49:13,460][MedImageInsight.UniCLModel][INFO] - => init lang_encoder.resblocks.11.attn.out_proj.bias from /nas-ctm01/homes/fmferreira/MedImageInsights/2024.09.27/vision_model/medimageinsigt-v1.0.0.pt
[2025-12-15 13:49:13,460][MedImageInsight.UniCLModel][INFO] - => init lang_encoder.resblocks.11.attn.out_proj.weight from /nas-ctm01/homes/fmferreira/MedImageInsights/2024.09.27/vision_model/medimageinsigt-v1.0.0.pt
[2025-12-15 13:49:13,460][MedImageInsight.UniCLModel][INFO] - => init lang_encoder.resblocks.11.ln_1.bias from /nas-ctm01/homes/fmferreira/MedImageInsights/2024.09.27/vision_model/medimageinsigt-v1.0.0.pt
[2025-12-15 13:49:13,460][MedImageInsight.UniCLModel][INFO] - => init lang_encoder.resblocks.11.ln_1.weight from /nas-ctm01/homes/fmferreira/MedImageInsights/2024.09.27/vision_model/medimageinsigt-v1.0.0.pt
[2025-12-15 13:49:13,460][MedImageInsight.UniCLModel][INFO] - => init lang_encoder.resblocks.11.ln_2.bias from /nas-ctm01/homes/fmferreira/MedImageInsights/2024.09.27/vision_model/medimageinsigt-v1.0.0.pt
[2025-12-15 13:49:13,460][MedImageInsight.UniCLModel][INFO] - => init lang_encoder.resblocks.11.ln_2.weight from /nas-ctm01/homes/fmferreira/MedImageInsights/2024.09.27/vision_model/medimageinsigt-v1.0.0.pt
[2025-12-15 13:49:13,460][MedImageInsight.UniCLModel][INFO] - => init lang_encoder.resblocks.11.mlp.c_fc.bias from /nas-ctm01/homes/fmferreira/MedImageInsights/2024.09.27/vision_model/medimageinsigt-v1.0.0.pt
[2025-12-15 13:49:13,460][MedImageInsight.UniCLModel][INFO] - => init lang_encoder.resblocks.11.mlp.c_fc.weight from /nas-ctm01/homes/fmferreira/MedImageInsights/2024.09.27/vision_model/medimageinsigt-v1.0.0.pt
[2025-12-15 13:49:13,460][MedImageInsight.UniCLModel][INFO] - => init lang_encoder.resblocks.11.mlp.c_proj.bias from /nas-ctm01/homes/fmferreira/MedImageInsights/2024.09.27/vision_model/medimageinsigt-v1.0.0.pt
[2025-12-15 13:49:13,460][MedImageInsight.UniCLModel][INFO] - => init lang_encoder.resblocks.11.mlp.c_proj.weight from /nas-ctm01/homes/fmferreira/MedImageInsights/2024.09.27/vision_model/medimageinsigt-v1.0.0.pt
[2025-12-15 13:49:13,460][MedImageInsight.UniCLModel][INFO] - => init lang_encoder.resblocks.12.attn.in_proj_bias from /nas-ctm01/homes/fmferreira/MedImageInsights/2024.09.27/vision_model/medimageinsigt-v1.0.0.pt
[2025-12-15 13:49:13,460][MedImageInsight.UniCLModel][INFO] - => init lang_encoder.resblocks.12.attn.in_proj_weight from /nas-ctm01/homes/fmferreira/MedImageInsights/2024.09.27/vision_model/medimageinsigt-v1.0.0.pt
[2025-12-15 13:49:13,460][MedImageInsight.UniCLModel][INFO] - => init lang_encoder.resblocks.12.attn.out_proj.bias from /nas-ctm01/homes/fmferreira/MedImageInsights/2024.09.27/vision_model/medimageinsigt-v1.0.0.pt
[2025-12-15 13:49:13,460][MedImageInsight.UniCLModel][INFO] - => init lang_encoder.resblocks.12.attn.out_proj.weight from /nas-ctm01/homes/fmferreira/MedImageInsights/2024.09.27/vision_model/medimageinsigt-v1.0.0.pt
[2025-12-15 13:49:13,460][MedImageInsight.UniCLModel][INFO] - => init lang_encoder.resblocks.12.ln_1.bias from /nas-ctm01/homes/fmferreira/MedImageInsights/2024.09.27/vision_model/medimageinsigt-v1.0.0.pt
[2025-12-15 13:49:13,460][MedImageInsight.UniCLModel][INFO] - => init lang_encoder.resblocks.12.ln_1.weight from /nas-ctm01/homes/fmferreira/MedImageInsights/2024.09.27/vision_model/medimageinsigt-v1.0.0.pt
[2025-12-15 13:49:13,460][MedImageInsight.UniCLModel][INFO] - => init lang_encoder.resblocks.12.ln_2.bias from /nas-ctm01/homes/fmferreira/MedImageInsights/2024.09.27/vision_model/medimageinsigt-v1.0.0.pt
[2025-12-15 13:49:13,460][MedImageInsight.UniCLModel][INFO] - => init lang_encoder.resblocks.12.ln_2.weight from /nas-ctm01/homes/fmferreira/MedImageInsights/2024.09.27/vision_model/medimageinsigt-v1.0.0.pt
[2025-12-15 13:49:13,460][MedImageInsight.UniCLModel][INFO] - => init lang_encoder.resblocks.12.mlp.c_fc.bias from /nas-ctm01/homes/fmferreira/MedImageInsights/2024.09.27/vision_model/medimageinsigt-v1.0.0.pt
[2025-12-15 13:49:13,460][MedImageInsight.UniCLModel][INFO] - => init lang_encoder.resblocks.12.mlp.c_fc.weight from /nas-ctm01/homes/fmferreira/MedImageInsights/2024.09.27/vision_model/medimageinsigt-v1.0.0.pt
[2025-12-15 13:49:13,460][MedImageInsight.UniCLModel][INFO] - => init lang_encoder.resblocks.12.mlp.c_proj.bias from /nas-ctm01/homes/fmferreira/MedImageInsights/2024.09.27/vision_model/medimageinsigt-v1.0.0.pt
[2025-12-15 13:49:13,461][MedImageInsight.UniCLModel][INFO] - => init lang_encoder.resblocks.12.mlp.c_proj.weight from /nas-ctm01/homes/fmferreira/MedImageInsights/2024.09.27/vision_model/medimageinsigt-v1.0.0.pt
[2025-12-15 13:49:13,461][MedImageInsight.UniCLModel][INFO] - => init lang_encoder.resblocks.13.attn.in_proj_bias from /nas-ctm01/homes/fmferreira/MedImageInsights/2024.09.27/vision_model/medimageinsigt-v1.0.0.pt
[2025-12-15 13:49:13,461][MedImageInsight.UniCLModel][INFO] - => init lang_encoder.resblocks.13.attn.in_proj_weight from /nas-ctm01/homes/fmferreira/MedImageInsights/2024.09.27/vision_model/medimageinsigt-v1.0.0.pt
[2025-12-15 13:49:13,461][MedImageInsight.UniCLModel][INFO] - => init lang_encoder.resblocks.13.attn.out_proj.bias from /nas-ctm01/homes/fmferreira/MedImageInsights/2024.09.27/vision_model/medimageinsigt-v1.0.0.pt
[2025-12-15 13:49:13,461][MedImageInsight.UniCLModel][INFO] - => init lang_encoder.resblocks.13.attn.out_proj.weight from /nas-ctm01/homes/fmferreira/MedImageInsights/2024.09.27/vision_model/medimageinsigt-v1.0.0.pt
[2025-12-15 13:49:13,461][MedImageInsight.UniCLModel][INFO] - => init lang_encoder.resblocks.13.ln_1.bias from /nas-ctm01/homes/fmferreira/MedImageInsights/2024.09.27/vision_model/medimageinsigt-v1.0.0.pt
[2025-12-15 13:49:13,461][MedImageInsight.UniCLModel][INFO] - => init lang_encoder.resblocks.13.ln_1.weight from /nas-ctm01/homes/fmferreira/MedImageInsights/2024.09.27/vision_model/medimageinsigt-v1.0.0.pt
[2025-12-15 13:49:13,461][MedImageInsight.UniCLModel][INFO] - => init lang_encoder.resblocks.13.ln_2.bias from /nas-ctm01/homes/fmferreira/MedImageInsights/2024.09.27/vision_model/medimageinsigt-v1.0.0.pt
[2025-12-15 13:49:13,461][MedImageInsight.UniCLModel][INFO] - => init lang_encoder.resblocks.13.ln_2.weight from /nas-ctm01/homes/fmferreira/MedImageInsights/2024.09.27/vision_model/medimageinsigt-v1.0.0.pt
[2025-12-15 13:49:13,461][MedImageInsight.UniCLModel][INFO] - => init lang_encoder.resblocks.13.mlp.c_fc.bias from /nas-ctm01/homes/fmferreira/MedImageInsights/2024.09.27/vision_model/medimageinsigt-v1.0.0.pt
[2025-12-15 13:49:13,461][MedImageInsight.UniCLModel][INFO] - => init lang_encoder.resblocks.13.mlp.c_fc.weight from /nas-ctm01/homes/fmferreira/MedImageInsights/2024.09.27/vision_model/medimageinsigt-v1.0.0.pt
[2025-12-15 13:49:13,461][MedImageInsight.UniCLModel][INFO] - => init lang_encoder.resblocks.13.mlp.c_proj.bias from /nas-ctm01/homes/fmferreira/MedImageInsights/2024.09.27/vision_model/medimageinsigt-v1.0.0.pt
[2025-12-15 13:49:13,461][MedImageInsight.UniCLModel][INFO] - => init lang_encoder.resblocks.13.mlp.c_proj.weight from /nas-ctm01/homes/fmferreira/MedImageInsights/2024.09.27/vision_model/medimageinsigt-v1.0.0.pt
[2025-12-15 13:49:13,461][MedImageInsight.UniCLModel][INFO] - => init lang_encoder.resblocks.14.attn.in_proj_bias from /nas-ctm01/homes/fmferreira/MedImageInsights/2024.09.27/vision_model/medimageinsigt-v1.0.0.pt
[2025-12-15 13:49:13,461][MedImageInsight.UniCLModel][INFO] - => init lang_encoder.resblocks.14.attn.in_proj_weight from /nas-ctm01/homes/fmferreira/MedImageInsights/2024.09.27/vision_model/medimageinsigt-v1.0.0.pt
[2025-12-15 13:49:13,461][MedImageInsight.UniCLModel][INFO] - => init lang_encoder.resblocks.14.attn.out_proj.bias from /nas-ctm01/homes/fmferreira/MedImageInsights/2024.09.27/vision_model/medimageinsigt-v1.0.0.pt
[2025-12-15 13:49:13,461][MedImageInsight.UniCLModel][INFO] - => init lang_encoder.resblocks.14.attn.out_proj.weight from /nas-ctm01/homes/fmferreira/MedImageInsights/2024.09.27/vision_model/medimageinsigt-v1.0.0.pt
[2025-12-15 13:49:13,461][MedImageInsight.UniCLModel][INFO] - => init lang_encoder.resblocks.14.ln_1.bias from /nas-ctm01/homes/fmferreira/MedImageInsights/2024.09.27/vision_model/medimageinsigt-v1.0.0.pt
[2025-12-15 13:49:13,461][MedImageInsight.UniCLModel][INFO] - => init lang_encoder.resblocks.14.ln_1.weight from /nas-ctm01/homes/fmferreira/MedImageInsights/2024.09.27/vision_model/medimageinsigt-v1.0.0.pt
[2025-12-15 13:49:13,461][MedImageInsight.UniCLModel][INFO] - => init lang_encoder.resblocks.14.ln_2.bias from /nas-ctm01/homes/fmferreira/MedImageInsights/2024.09.27/vision_model/medimageinsigt-v1.0.0.pt
[2025-12-15 13:49:13,461][MedImageInsight.UniCLModel][INFO] - => init lang_encoder.resblocks.14.ln_2.weight from /nas-ctm01/homes/fmferreira/MedImageInsights/2024.09.27/vision_model/medimageinsigt-v1.0.0.pt
[2025-12-15 13:49:13,461][MedImageInsight.UniCLModel][INFO] - => init lang_encoder.resblocks.14.mlp.c_fc.bias from /nas-ctm01/homes/fmferreira/MedImageInsights/2024.09.27/vision_model/medimageinsigt-v1.0.0.pt
[2025-12-15 13:49:13,461][MedImageInsight.UniCLModel][INFO] - => init lang_encoder.resblocks.14.mlp.c_fc.weight from /nas-ctm01/homes/fmferreira/MedImageInsights/2024.09.27/vision_model/medimageinsigt-v1.0.0.pt
[2025-12-15 13:49:13,461][MedImageInsight.UniCLModel][INFO] - => init lang_encoder.resblocks.14.mlp.c_proj.bias from /nas-ctm01/homes/fmferreira/MedImageInsights/2024.09.27/vision_model/medimageinsigt-v1.0.0.pt
[2025-12-15 13:49:13,461][MedImageInsight.UniCLModel][INFO] - => init lang_encoder.resblocks.14.mlp.c_proj.weight from /nas-ctm01/homes/fmferreira/MedImageInsights/2024.09.27/vision_model/medimageinsigt-v1.0.0.pt
[2025-12-15 13:49:13,461][MedImageInsight.UniCLModel][INFO] - => init lang_encoder.resblocks.15.attn.in_proj_bias from /nas-ctm01/homes/fmferreira/MedImageInsights/2024.09.27/vision_model/medimageinsigt-v1.0.0.pt
[2025-12-15 13:49:13,461][MedImageInsight.UniCLModel][INFO] - => init lang_encoder.resblocks.15.attn.in_proj_weight from /nas-ctm01/homes/fmferreira/MedImageInsights/2024.09.27/vision_model/medimageinsigt-v1.0.0.pt
[2025-12-15 13:49:13,461][MedImageInsight.UniCLModel][INFO] - => init lang_encoder.resblocks.15.attn.out_proj.bias from /nas-ctm01/homes/fmferreira/MedImageInsights/2024.09.27/vision_model/medimageinsigt-v1.0.0.pt
[2025-12-15 13:49:13,461][MedImageInsight.UniCLModel][INFO] - => init lang_encoder.resblocks.15.attn.out_proj.weight from /nas-ctm01/homes/fmferreira/MedImageInsights/2024.09.27/vision_model/medimageinsigt-v1.0.0.pt
[2025-12-15 13:49:13,461][MedImageInsight.UniCLModel][INFO] - => init lang_encoder.resblocks.15.ln_1.bias from /nas-ctm01/homes/fmferreira/MedImageInsights/2024.09.27/vision_model/medimageinsigt-v1.0.0.pt
[2025-12-15 13:49:13,461][MedImageInsight.UniCLModel][INFO] - => init lang_encoder.resblocks.15.ln_1.weight from /nas-ctm01/homes/fmferreira/MedImageInsights/2024.09.27/vision_model/medimageinsigt-v1.0.0.pt
[2025-12-15 13:49:13,461][MedImageInsight.UniCLModel][INFO] - => init lang_encoder.resblocks.15.ln_2.bias from /nas-ctm01/homes/fmferreira/MedImageInsights/2024.09.27/vision_model/medimageinsigt-v1.0.0.pt
[2025-12-15 13:49:13,461][MedImageInsight.UniCLModel][INFO] - => init lang_encoder.resblocks.15.ln_2.weight from /nas-ctm01/homes/fmferreira/MedImageInsights/2024.09.27/vision_model/medimageinsigt-v1.0.0.pt
[2025-12-15 13:49:13,462][MedImageInsight.UniCLModel][INFO] - => init lang_encoder.resblocks.15.mlp.c_fc.bias from /nas-ctm01/homes/fmferreira/MedImageInsights/2024.09.27/vision_model/medimageinsigt-v1.0.0.pt
[2025-12-15 13:49:13,462][MedImageInsight.UniCLModel][INFO] - => init lang_encoder.resblocks.15.mlp.c_fc.weight from /nas-ctm01/homes/fmferreira/MedImageInsights/2024.09.27/vision_model/medimageinsigt-v1.0.0.pt
[2025-12-15 13:49:13,462][MedImageInsight.UniCLModel][INFO] - => init lang_encoder.resblocks.15.mlp.c_proj.bias from /nas-ctm01/homes/fmferreira/MedImageInsights/2024.09.27/vision_model/medimageinsigt-v1.0.0.pt
[2025-12-15 13:49:13,462][MedImageInsight.UniCLModel][INFO] - => init lang_encoder.resblocks.15.mlp.c_proj.weight from /nas-ctm01/homes/fmferreira/MedImageInsights/2024.09.27/vision_model/medimageinsigt-v1.0.0.pt
[2025-12-15 13:49:13,462][MedImageInsight.UniCLModel][INFO] - => init lang_encoder.resblocks.2.attn.in_proj_bias from /nas-ctm01/homes/fmferreira/MedImageInsights/2024.09.27/vision_model/medimageinsigt-v1.0.0.pt
[2025-12-15 13:49:13,462][MedImageInsight.UniCLModel][INFO] - => init lang_encoder.resblocks.2.attn.in_proj_weight from /nas-ctm01/homes/fmferreira/MedImageInsights/2024.09.27/vision_model/medimageinsigt-v1.0.0.pt
[2025-12-15 13:49:13,462][MedImageInsight.UniCLModel][INFO] - => init lang_encoder.resblocks.2.attn.out_proj.bias from /nas-ctm01/homes/fmferreira/MedImageInsights/2024.09.27/vision_model/medimageinsigt-v1.0.0.pt
[2025-12-15 13:49:13,462][MedImageInsight.UniCLModel][INFO] - => init lang_encoder.resblocks.2.attn.out_proj.weight from /nas-ctm01/homes/fmferreira/MedImageInsights/2024.09.27/vision_model/medimageinsigt-v1.0.0.pt
[2025-12-15 13:49:13,462][MedImageInsight.UniCLModel][INFO] - => init lang_encoder.resblocks.2.ln_1.bias from /nas-ctm01/homes/fmferreira/MedImageInsights/2024.09.27/vision_model/medimageinsigt-v1.0.0.pt
[2025-12-15 13:49:13,462][MedImageInsight.UniCLModel][INFO] - => init lang_encoder.resblocks.2.ln_1.weight from /nas-ctm01/homes/fmferreira/MedImageInsights/2024.09.27/vision_model/medimageinsigt-v1.0.0.pt
[2025-12-15 13:49:13,462][MedImageInsight.UniCLModel][INFO] - => init lang_encoder.resblocks.2.ln_2.bias from /nas-ctm01/homes/fmferreira/MedImageInsights/2024.09.27/vision_model/medimageinsigt-v1.0.0.pt
[2025-12-15 13:49:13,462][MedImageInsight.UniCLModel][INFO] - => init lang_encoder.resblocks.2.ln_2.weight from /nas-ctm01/homes/fmferreira/MedImageInsights/2024.09.27/vision_model/medimageinsigt-v1.0.0.pt
[2025-12-15 13:49:13,462][MedImageInsight.UniCLModel][INFO] - => init lang_encoder.resblocks.2.mlp.c_fc.bias from /nas-ctm01/homes/fmferreira/MedImageInsights/2024.09.27/vision_model/medimageinsigt-v1.0.0.pt
[2025-12-15 13:49:13,462][MedImageInsight.UniCLModel][INFO] - => init lang_encoder.resblocks.2.mlp.c_fc.weight from /nas-ctm01/homes/fmferreira/MedImageInsights/2024.09.27/vision_model/medimageinsigt-v1.0.0.pt
[2025-12-15 13:49:13,462][MedImageInsight.UniCLModel][INFO] - => init lang_encoder.resblocks.2.mlp.c_proj.bias from /nas-ctm01/homes/fmferreira/MedImageInsights/2024.09.27/vision_model/medimageinsigt-v1.0.0.pt
[2025-12-15 13:49:13,462][MedImageInsight.UniCLModel][INFO] - => init lang_encoder.resblocks.2.mlp.c_proj.weight from /nas-ctm01/homes/fmferreira/MedImageInsights/2024.09.27/vision_model/medimageinsigt-v1.0.0.pt
[2025-12-15 13:49:13,462][MedImageInsight.UniCLModel][INFO] - => init lang_encoder.resblocks.3.attn.in_proj_bias from /nas-ctm01/homes/fmferreira/MedImageInsights/2024.09.27/vision_model/medimageinsigt-v1.0.0.pt
[2025-12-15 13:49:13,462][MedImageInsight.UniCLModel][INFO] - => init lang_encoder.resblocks.3.attn.in_proj_weight from /nas-ctm01/homes/fmferreira/MedImageInsights/2024.09.27/vision_model/medimageinsigt-v1.0.0.pt
[2025-12-15 13:49:13,462][MedImageInsight.UniCLModel][INFO] - => init lang_encoder.resblocks.3.attn.out_proj.bias from /nas-ctm01/homes/fmferreira/MedImageInsights/2024.09.27/vision_model/medimageinsigt-v1.0.0.pt
[2025-12-15 13:49:13,462][MedImageInsight.UniCLModel][INFO] - => init lang_encoder.resblocks.3.attn.out_proj.weight from /nas-ctm01/homes/fmferreira/MedImageInsights/2024.09.27/vision_model/medimageinsigt-v1.0.0.pt
[2025-12-15 13:49:13,462][MedImageInsight.UniCLModel][INFO] - => init lang_encoder.resblocks.3.ln_1.bias from /nas-ctm01/homes/fmferreira/MedImageInsights/2024.09.27/vision_model/medimageinsigt-v1.0.0.pt
[2025-12-15 13:49:13,462][MedImageInsight.UniCLModel][INFO] - => init lang_encoder.resblocks.3.ln_1.weight from /nas-ctm01/homes/fmferreira/MedImageInsights/2024.09.27/vision_model/medimageinsigt-v1.0.0.pt
[2025-12-15 13:49:13,462][MedImageInsight.UniCLModel][INFO] - => init lang_encoder.resblocks.3.ln_2.bias from /nas-ctm01/homes/fmferreira/MedImageInsights/2024.09.27/vision_model/medimageinsigt-v1.0.0.pt
[2025-12-15 13:49:13,462][MedImageInsight.UniCLModel][INFO] - => init lang_encoder.resblocks.3.ln_2.weight from /nas-ctm01/homes/fmferreira/MedImageInsights/2024.09.27/vision_model/medimageinsigt-v1.0.0.pt
[2025-12-15 13:49:13,462][MedImageInsight.UniCLModel][INFO] - => init lang_encoder.resblocks.3.mlp.c_fc.bias from /nas-ctm01/homes/fmferreira/MedImageInsights/2024.09.27/vision_model/medimageinsigt-v1.0.0.pt
[2025-12-15 13:49:13,462][MedImageInsight.UniCLModel][INFO] - => init lang_encoder.resblocks.3.mlp.c_fc.weight from /nas-ctm01/homes/fmferreira/MedImageInsights/2024.09.27/vision_model/medimageinsigt-v1.0.0.pt
[2025-12-15 13:49:13,462][MedImageInsight.UniCLModel][INFO] - => init lang_encoder.resblocks.3.mlp.c_proj.bias from /nas-ctm01/homes/fmferreira/MedImageInsights/2024.09.27/vision_model/medimageinsigt-v1.0.0.pt
[2025-12-15 13:49:13,462][MedImageInsight.UniCLModel][INFO] - => init lang_encoder.resblocks.3.mlp.c_proj.weight from /nas-ctm01/homes/fmferreira/MedImageInsights/2024.09.27/vision_model/medimageinsigt-v1.0.0.pt
[2025-12-15 13:49:13,462][MedImageInsight.UniCLModel][INFO] - => init lang_encoder.resblocks.4.attn.in_proj_bias from /nas-ctm01/homes/fmferreira/MedImageInsights/2024.09.27/vision_model/medimageinsigt-v1.0.0.pt
[2025-12-15 13:49:13,462][MedImageInsight.UniCLModel][INFO] - => init lang_encoder.resblocks.4.attn.in_proj_weight from /nas-ctm01/homes/fmferreira/MedImageInsights/2024.09.27/vision_model/medimageinsigt-v1.0.0.pt
[2025-12-15 13:49:13,462][MedImageInsight.UniCLModel][INFO] - => init lang_encoder.resblocks.4.attn.out_proj.bias from /nas-ctm01/homes/fmferreira/MedImageInsights/2024.09.27/vision_model/medimageinsigt-v1.0.0.pt
[2025-12-15 13:49:13,462][MedImageInsight.UniCLModel][INFO] - => init lang_encoder.resblocks.4.attn.out_proj.weight from /nas-ctm01/homes/fmferreira/MedImageInsights/2024.09.27/vision_model/medimageinsigt-v1.0.0.pt
[2025-12-15 13:49:13,462][MedImageInsight.UniCLModel][INFO] - => init lang_encoder.resblocks.4.ln_1.bias from /nas-ctm01/homes/fmferreira/MedImageInsights/2024.09.27/vision_model/medimageinsigt-v1.0.0.pt
[2025-12-15 13:49:13,462][MedImageInsight.UniCLModel][INFO] - => init lang_encoder.resblocks.4.ln_1.weight from /nas-ctm01/homes/fmferreira/MedImageInsights/2024.09.27/vision_model/medimageinsigt-v1.0.0.pt
[2025-12-15 13:49:13,463][MedImageInsight.UniCLModel][INFO] - => init lang_encoder.resblocks.4.ln_2.bias from /nas-ctm01/homes/fmferreira/MedImageInsights/2024.09.27/vision_model/medimageinsigt-v1.0.0.pt
[2025-12-15 13:49:13,463][MedImageInsight.UniCLModel][INFO] - => init lang_encoder.resblocks.4.ln_2.weight from /nas-ctm01/homes/fmferreira/MedImageInsights/2024.09.27/vision_model/medimageinsigt-v1.0.0.pt
[2025-12-15 13:49:13,463][MedImageInsight.UniCLModel][INFO] - => init lang_encoder.resblocks.4.mlp.c_fc.bias from /nas-ctm01/homes/fmferreira/MedImageInsights/2024.09.27/vision_model/medimageinsigt-v1.0.0.pt
[2025-12-15 13:49:13,463][MedImageInsight.UniCLModel][INFO] - => init lang_encoder.resblocks.4.mlp.c_fc.weight from /nas-ctm01/homes/fmferreira/MedImageInsights/2024.09.27/vision_model/medimageinsigt-v1.0.0.pt
[2025-12-15 13:49:13,463][MedImageInsight.UniCLModel][INFO] - => init lang_encoder.resblocks.4.mlp.c_proj.bias from /nas-ctm01/homes/fmferreira/MedImageInsights/2024.09.27/vision_model/medimageinsigt-v1.0.0.pt
[2025-12-15 13:49:13,463][MedImageInsight.UniCLModel][INFO] - => init lang_encoder.resblocks.4.mlp.c_proj.weight from /nas-ctm01/homes/fmferreira/MedImageInsights/2024.09.27/vision_model/medimageinsigt-v1.0.0.pt
[2025-12-15 13:49:13,463][MedImageInsight.UniCLModel][INFO] - => init lang_encoder.resblocks.5.attn.in_proj_bias from /nas-ctm01/homes/fmferreira/MedImageInsights/2024.09.27/vision_model/medimageinsigt-v1.0.0.pt
[2025-12-15 13:49:13,463][MedImageInsight.UniCLModel][INFO] - => init lang_encoder.resblocks.5.attn.in_proj_weight from /nas-ctm01/homes/fmferreira/MedImageInsights/2024.09.27/vision_model/medimageinsigt-v1.0.0.pt
[2025-12-15 13:49:13,463][MedImageInsight.UniCLModel][INFO] - => init lang_encoder.resblocks.5.attn.out_proj.bias from /nas-ctm01/homes/fmferreira/MedImageInsights/2024.09.27/vision_model/medimageinsigt-v1.0.0.pt
[2025-12-15 13:49:13,463][MedImageInsight.UniCLModel][INFO] - => init lang_encoder.resblocks.5.attn.out_proj.weight from /nas-ctm01/homes/fmferreira/MedImageInsights/2024.09.27/vision_model/medimageinsigt-v1.0.0.pt
[2025-12-15 13:49:13,463][MedImageInsight.UniCLModel][INFO] - => init lang_encoder.resblocks.5.ln_1.bias from /nas-ctm01/homes/fmferreira/MedImageInsights/2024.09.27/vision_model/medimageinsigt-v1.0.0.pt
[2025-12-15 13:49:13,463][MedImageInsight.UniCLModel][INFO] - => init lang_encoder.resblocks.5.ln_1.weight from /nas-ctm01/homes/fmferreira/MedImageInsights/2024.09.27/vision_model/medimageinsigt-v1.0.0.pt
[2025-12-15 13:49:13,463][MedImageInsight.UniCLModel][INFO] - => init lang_encoder.resblocks.5.ln_2.bias from /nas-ctm01/homes/fmferreira/MedImageInsights/2024.09.27/vision_model/medimageinsigt-v1.0.0.pt
[2025-12-15 13:49:13,463][MedImageInsight.UniCLModel][INFO] - => init lang_encoder.resblocks.5.ln_2.weight from /nas-ctm01/homes/fmferreira/MedImageInsights/2024.09.27/vision_model/medimageinsigt-v1.0.0.pt
[2025-12-15 13:49:13,463][MedImageInsight.UniCLModel][INFO] - => init lang_encoder.resblocks.5.mlp.c_fc.bias from /nas-ctm01/homes/fmferreira/MedImageInsights/2024.09.27/vision_model/medimageinsigt-v1.0.0.pt
[2025-12-15 13:49:13,463][MedImageInsight.UniCLModel][INFO] - => init lang_encoder.resblocks.5.mlp.c_fc.weight from /nas-ctm01/homes/fmferreira/MedImageInsights/2024.09.27/vision_model/medimageinsigt-v1.0.0.pt
[2025-12-15 13:49:13,463][MedImageInsight.UniCLModel][INFO] - => init lang_encoder.resblocks.5.mlp.c_proj.bias from /nas-ctm01/homes/fmferreira/MedImageInsights/2024.09.27/vision_model/medimageinsigt-v1.0.0.pt
[2025-12-15 13:49:13,463][MedImageInsight.UniCLModel][INFO] - => init lang_encoder.resblocks.5.mlp.c_proj.weight from /nas-ctm01/homes/fmferreira/MedImageInsights/2024.09.27/vision_model/medimageinsigt-v1.0.0.pt
[2025-12-15 13:49:13,463][MedImageInsight.UniCLModel][INFO] - => init lang_encoder.resblocks.6.attn.in_proj_bias from /nas-ctm01/homes/fmferreira/MedImageInsights/2024.09.27/vision_model/medimageinsigt-v1.0.0.pt
[2025-12-15 13:49:13,463][MedImageInsight.UniCLModel][INFO] - => init lang_encoder.resblocks.6.attn.in_proj_weight from /nas-ctm01/homes/fmferreira/MedImageInsights/2024.09.27/vision_model/medimageinsigt-v1.0.0.pt
[2025-12-15 13:49:13,463][MedImageInsight.UniCLModel][INFO] - => init lang_encoder.resblocks.6.attn.out_proj.bias from /nas-ctm01/homes/fmferreira/MedImageInsights/2024.09.27/vision_model/medimageinsigt-v1.0.0.pt
[2025-12-15 13:49:13,463][MedImageInsight.UniCLModel][INFO] - => init lang_encoder.resblocks.6.attn.out_proj.weight from /nas-ctm01/homes/fmferreira/MedImageInsights/2024.09.27/vision_model/medimageinsigt-v1.0.0.pt
[2025-12-15 13:49:13,463][MedImageInsight.UniCLModel][INFO] - => init lang_encoder.resblocks.6.ln_1.bias from /nas-ctm01/homes/fmferreira/MedImageInsights/2024.09.27/vision_model/medimageinsigt-v1.0.0.pt
[2025-12-15 13:49:13,463][MedImageInsight.UniCLModel][INFO] - => init lang_encoder.resblocks.6.ln_1.weight from /nas-ctm01/homes/fmferreira/MedImageInsights/2024.09.27/vision_model/medimageinsigt-v1.0.0.pt
[2025-12-15 13:49:13,463][MedImageInsight.UniCLModel][INFO] - => init lang_encoder.resblocks.6.ln_2.bias from /nas-ctm01/homes/fmferreira/MedImageInsights/2024.09.27/vision_model/medimageinsigt-v1.0.0.pt
[2025-12-15 13:49:13,463][MedImageInsight.UniCLModel][INFO] - => init lang_encoder.resblocks.6.ln_2.weight from /nas-ctm01/homes/fmferreira/MedImageInsights/2024.09.27/vision_model/medimageinsigt-v1.0.0.pt
[2025-12-15 13:49:13,463][MedImageInsight.UniCLModel][INFO] - => init lang_encoder.resblocks.6.mlp.c_fc.bias from /nas-ctm01/homes/fmferreira/MedImageInsights/2024.09.27/vision_model/medimageinsigt-v1.0.0.pt
[2025-12-15 13:49:13,463][MedImageInsight.UniCLModel][INFO] - => init lang_encoder.resblocks.6.mlp.c_fc.weight from /nas-ctm01/homes/fmferreira/MedImageInsights/2024.09.27/vision_model/medimageinsigt-v1.0.0.pt
[2025-12-15 13:49:13,463][MedImageInsight.UniCLModel][INFO] - => init lang_encoder.resblocks.6.mlp.c_proj.bias from /nas-ctm01/homes/fmferreira/MedImageInsights/2024.09.27/vision_model/medimageinsigt-v1.0.0.pt
[2025-12-15 13:49:13,463][MedImageInsight.UniCLModel][INFO] - => init lang_encoder.resblocks.6.mlp.c_proj.weight from /nas-ctm01/homes/fmferreira/MedImageInsights/2024.09.27/vision_model/medimageinsigt-v1.0.0.pt
[2025-12-15 13:49:13,463][MedImageInsight.UniCLModel][INFO] - => init lang_encoder.resblocks.7.attn.in_proj_bias from /nas-ctm01/homes/fmferreira/MedImageInsights/2024.09.27/vision_model/medimageinsigt-v1.0.0.pt
[2025-12-15 13:49:13,463][MedImageInsight.UniCLModel][INFO] - => init lang_encoder.resblocks.7.attn.in_proj_weight from /nas-ctm01/homes/fmferreira/MedImageInsights/2024.09.27/vision_model/medimageinsigt-v1.0.0.pt
[2025-12-15 13:49:13,463][MedImageInsight.UniCLModel][INFO] - => init lang_encoder.resblocks.7.attn.out_proj.bias from /nas-ctm01/homes/fmferreira/MedImageInsights/2024.09.27/vision_model/medimageinsigt-v1.0.0.pt
[2025-12-15 13:49:13,464][MedImageInsight.UniCLModel][INFO] - => init lang_encoder.resblocks.7.attn.out_proj.weight from /nas-ctm01/homes/fmferreira/MedImageInsights/2024.09.27/vision_model/medimageinsigt-v1.0.0.pt
[2025-12-15 13:49:13,464][MedImageInsight.UniCLModel][INFO] - => init lang_encoder.resblocks.7.ln_1.bias from /nas-ctm01/homes/fmferreira/MedImageInsights/2024.09.27/vision_model/medimageinsigt-v1.0.0.pt
[2025-12-15 13:49:13,464][MedImageInsight.UniCLModel][INFO] - => init lang_encoder.resblocks.7.ln_1.weight from /nas-ctm01/homes/fmferreira/MedImageInsights/2024.09.27/vision_model/medimageinsigt-v1.0.0.pt
[2025-12-15 13:49:13,464][MedImageInsight.UniCLModel][INFO] - => init lang_encoder.resblocks.7.ln_2.bias from /nas-ctm01/homes/fmferreira/MedImageInsights/2024.09.27/vision_model/medimageinsigt-v1.0.0.pt
[2025-12-15 13:49:13,464][MedImageInsight.UniCLModel][INFO] - => init lang_encoder.resblocks.7.ln_2.weight from /nas-ctm01/homes/fmferreira/MedImageInsights/2024.09.27/vision_model/medimageinsigt-v1.0.0.pt
[2025-12-15 13:49:13,464][MedImageInsight.UniCLModel][INFO] - => init lang_encoder.resblocks.7.mlp.c_fc.bias from /nas-ctm01/homes/fmferreira/MedImageInsights/2024.09.27/vision_model/medimageinsigt-v1.0.0.pt
[2025-12-15 13:49:13,464][MedImageInsight.UniCLModel][INFO] - => init lang_encoder.resblocks.7.mlp.c_fc.weight from /nas-ctm01/homes/fmferreira/MedImageInsights/2024.09.27/vision_model/medimageinsigt-v1.0.0.pt
[2025-12-15 13:49:13,464][MedImageInsight.UniCLModel][INFO] - => init lang_encoder.resblocks.7.mlp.c_proj.bias from /nas-ctm01/homes/fmferreira/MedImageInsights/2024.09.27/vision_model/medimageinsigt-v1.0.0.pt
[2025-12-15 13:49:13,464][MedImageInsight.UniCLModel][INFO] - => init lang_encoder.resblocks.7.mlp.c_proj.weight from /nas-ctm01/homes/fmferreira/MedImageInsights/2024.09.27/vision_model/medimageinsigt-v1.0.0.pt
[2025-12-15 13:49:13,464][MedImageInsight.UniCLModel][INFO] - => init lang_encoder.resblocks.8.attn.in_proj_bias from /nas-ctm01/homes/fmferreira/MedImageInsights/2024.09.27/vision_model/medimageinsigt-v1.0.0.pt
[2025-12-15 13:49:13,464][MedImageInsight.UniCLModel][INFO] - => init lang_encoder.resblocks.8.attn.in_proj_weight from /nas-ctm01/homes/fmferreira/MedImageInsights/2024.09.27/vision_model/medimageinsigt-v1.0.0.pt
[2025-12-15 13:49:13,464][MedImageInsight.UniCLModel][INFO] - => init lang_encoder.resblocks.8.attn.out_proj.bias from /nas-ctm01/homes/fmferreira/MedImageInsights/2024.09.27/vision_model/medimageinsigt-v1.0.0.pt
[2025-12-15 13:49:13,464][MedImageInsight.UniCLModel][INFO] - => init lang_encoder.resblocks.8.attn.out_proj.weight from /nas-ctm01/homes/fmferreira/MedImageInsights/2024.09.27/vision_model/medimageinsigt-v1.0.0.pt
[2025-12-15 13:49:13,464][MedImageInsight.UniCLModel][INFO] - => init lang_encoder.resblocks.8.ln_1.bias from /nas-ctm01/homes/fmferreira/MedImageInsights/2024.09.27/vision_model/medimageinsigt-v1.0.0.pt
[2025-12-15 13:49:13,464][MedImageInsight.UniCLModel][INFO] - => init lang_encoder.resblocks.8.ln_1.weight from /nas-ctm01/homes/fmferreira/MedImageInsights/2024.09.27/vision_model/medimageinsigt-v1.0.0.pt
[2025-12-15 13:49:13,464][MedImageInsight.UniCLModel][INFO] - => init lang_encoder.resblocks.8.ln_2.bias from /nas-ctm01/homes/fmferreira/MedImageInsights/2024.09.27/vision_model/medimageinsigt-v1.0.0.pt
[2025-12-15 13:49:13,464][MedImageInsight.UniCLModel][INFO] - => init lang_encoder.resblocks.8.ln_2.weight from /nas-ctm01/homes/fmferreira/MedImageInsights/2024.09.27/vision_model/medimageinsigt-v1.0.0.pt
[2025-12-15 13:49:13,464][MedImageInsight.UniCLModel][INFO] - => init lang_encoder.resblocks.8.mlp.c_fc.bias from /nas-ctm01/homes/fmferreira/MedImageInsights/2024.09.27/vision_model/medimageinsigt-v1.0.0.pt
[2025-12-15 13:49:13,464][MedImageInsight.UniCLModel][INFO] - => init lang_encoder.resblocks.8.mlp.c_fc.weight from /nas-ctm01/homes/fmferreira/MedImageInsights/2024.09.27/vision_model/medimageinsigt-v1.0.0.pt
[2025-12-15 13:49:13,464][MedImageInsight.UniCLModel][INFO] - => init lang_encoder.resblocks.8.mlp.c_proj.bias from /nas-ctm01/homes/fmferreira/MedImageInsights/2024.09.27/vision_model/medimageinsigt-v1.0.0.pt
[2025-12-15 13:49:13,464][MedImageInsight.UniCLModel][INFO] - => init lang_encoder.resblocks.8.mlp.c_proj.weight from /nas-ctm01/homes/fmferreira/MedImageInsights/2024.09.27/vision_model/medimageinsigt-v1.0.0.pt
[2025-12-15 13:49:13,464][MedImageInsight.UniCLModel][INFO] - => init lang_encoder.resblocks.9.attn.in_proj_bias from /nas-ctm01/homes/fmferreira/MedImageInsights/2024.09.27/vision_model/medimageinsigt-v1.0.0.pt
[2025-12-15 13:49:13,464][MedImageInsight.UniCLModel][INFO] - => init lang_encoder.resblocks.9.attn.in_proj_weight from /nas-ctm01/homes/fmferreira/MedImageInsights/2024.09.27/vision_model/medimageinsigt-v1.0.0.pt
[2025-12-15 13:49:13,464][MedImageInsight.UniCLModel][INFO] - => init lang_encoder.resblocks.9.attn.out_proj.bias from /nas-ctm01/homes/fmferreira/MedImageInsights/2024.09.27/vision_model/medimageinsigt-v1.0.0.pt
[2025-12-15 13:49:13,464][MedImageInsight.UniCLModel][INFO] - => init lang_encoder.resblocks.9.attn.out_proj.weight from /nas-ctm01/homes/fmferreira/MedImageInsights/2024.09.27/vision_model/medimageinsigt-v1.0.0.pt
[2025-12-15 13:49:13,464][MedImageInsight.UniCLModel][INFO] - => init lang_encoder.resblocks.9.ln_1.bias from /nas-ctm01/homes/fmferreira/MedImageInsights/2024.09.27/vision_model/medimageinsigt-v1.0.0.pt
[2025-12-15 13:49:13,464][MedImageInsight.UniCLModel][INFO] - => init lang_encoder.resblocks.9.ln_1.weight from /nas-ctm01/homes/fmferreira/MedImageInsights/2024.09.27/vision_model/medimageinsigt-v1.0.0.pt
[2025-12-15 13:49:13,464][MedImageInsight.UniCLModel][INFO] - => init lang_encoder.resblocks.9.ln_2.bias from /nas-ctm01/homes/fmferreira/MedImageInsights/2024.09.27/vision_model/medimageinsigt-v1.0.0.pt
[2025-12-15 13:49:13,464][MedImageInsight.UniCLModel][INFO] - => init lang_encoder.resblocks.9.ln_2.weight from /nas-ctm01/homes/fmferreira/MedImageInsights/2024.09.27/vision_model/medimageinsigt-v1.0.0.pt
[2025-12-15 13:49:13,464][MedImageInsight.UniCLModel][INFO] - => init lang_encoder.resblocks.9.mlp.c_fc.bias from /nas-ctm01/homes/fmferreira/MedImageInsights/2024.09.27/vision_model/medimageinsigt-v1.0.0.pt
[2025-12-15 13:49:13,464][MedImageInsight.UniCLModel][INFO] - => init lang_encoder.resblocks.9.mlp.c_fc.weight from /nas-ctm01/homes/fmferreira/MedImageInsights/2024.09.27/vision_model/medimageinsigt-v1.0.0.pt
[2025-12-15 13:49:13,464][MedImageInsight.UniCLModel][INFO] - => init lang_encoder.resblocks.9.mlp.c_proj.bias from /nas-ctm01/homes/fmferreira/MedImageInsights/2024.09.27/vision_model/medimageinsigt-v1.0.0.pt
[2025-12-15 13:49:13,464][MedImageInsight.UniCLModel][INFO] - => init lang_encoder.resblocks.9.mlp.c_proj.weight from /nas-ctm01/homes/fmferreira/MedImageInsights/2024.09.27/vision_model/medimageinsigt-v1.0.0.pt
[2025-12-15 13:49:13,465][MedImageInsight.UniCLModel][INFO] - => init lang_encoder.token_embedding.weight from /nas-ctm01/homes/fmferreira/MedImageInsights/2024.09.27/vision_model/medimageinsigt-v1.0.0.pt
[2025-12-15 13:49:13,465][MedImageInsight.UniCLModel][INFO] - => init lang_projection from /nas-ctm01/homes/fmferreira/MedImageInsights/2024.09.27/vision_model/medimageinsigt-v1.0.0.pt
[2025-12-15 13:49:13,465][MedImageInsight.UniCLModel][INFO] - => init logit_scale from /nas-ctm01/homes/fmferreira/MedImageInsights/2024.09.27/vision_model/medimageinsigt-v1.0.0.pt
[2025-12-15 13:49:13,468][MedImageInsight.ImageEncoder.davit_v1][INFO] - => init blocks.0.0.channel_block.channel_attn.fn.proj.bias from pretrained state dict
[2025-12-15 13:49:13,468][MedImageInsight.ImageEncoder.davit_v1][INFO] - => init blocks.0.0.channel_block.channel_attn.fn.proj.weight from pretrained state dict
[2025-12-15 13:49:13,468][MedImageInsight.ImageEncoder.davit_v1][INFO] - => init blocks.0.0.channel_block.channel_attn.fn.qkv.bias from pretrained state dict
[2025-12-15 13:49:13,468][MedImageInsight.ImageEncoder.davit_v1][INFO] - => init blocks.0.0.channel_block.channel_attn.fn.qkv.weight from pretrained state dict
[2025-12-15 13:49:13,468][MedImageInsight.ImageEncoder.davit_v1][INFO] - => init blocks.0.0.channel_block.channel_attn.norm.bias from pretrained state dict
[2025-12-15 13:49:13,468][MedImageInsight.ImageEncoder.davit_v1][INFO] - => init blocks.0.0.channel_block.channel_attn.norm.weight from pretrained state dict
[2025-12-15 13:49:13,468][MedImageInsight.ImageEncoder.davit_v1][INFO] - => init blocks.0.0.channel_block.conv1.fn.dw.bias from pretrained state dict
[2025-12-15 13:49:13,468][MedImageInsight.ImageEncoder.davit_v1][INFO] - => init blocks.0.0.channel_block.conv1.fn.dw.weight from pretrained state dict
[2025-12-15 13:49:13,468][MedImageInsight.ImageEncoder.davit_v1][INFO] - => init blocks.0.0.channel_block.conv2.fn.dw.bias from pretrained state dict
[2025-12-15 13:49:13,468][MedImageInsight.ImageEncoder.davit_v1][INFO] - => init blocks.0.0.channel_block.conv2.fn.dw.weight from pretrained state dict
[2025-12-15 13:49:13,468][MedImageInsight.ImageEncoder.davit_v1][INFO] - => init blocks.0.0.channel_block.ffn.fn.net.fc1.bias from pretrained state dict
[2025-12-15 13:49:13,468][MedImageInsight.ImageEncoder.davit_v1][INFO] - => init blocks.0.0.channel_block.ffn.fn.net.fc1.weight from pretrained state dict
[2025-12-15 13:49:13,468][MedImageInsight.ImageEncoder.davit_v1][INFO] - => init blocks.0.0.channel_block.ffn.fn.net.fc2.bias from pretrained state dict
[2025-12-15 13:49:13,468][MedImageInsight.ImageEncoder.davit_v1][INFO] - => init blocks.0.0.channel_block.ffn.fn.net.fc2.weight from pretrained state dict
[2025-12-15 13:49:13,468][MedImageInsight.ImageEncoder.davit_v1][INFO] - => init blocks.0.0.channel_block.ffn.norm.bias from pretrained state dict
[2025-12-15 13:49:13,468][MedImageInsight.ImageEncoder.davit_v1][INFO] - => init blocks.0.0.channel_block.ffn.norm.weight from pretrained state dict
[2025-12-15 13:49:13,468][MedImageInsight.ImageEncoder.davit_v1][INFO] - => init blocks.0.0.spatial_block.conv1.fn.dw.bias from pretrained state dict
[2025-12-15 13:49:13,468][MedImageInsight.ImageEncoder.davit_v1][INFO] - => init blocks.0.0.spatial_block.conv1.fn.dw.weight from pretrained state dict
[2025-12-15 13:49:13,468][MedImageInsight.ImageEncoder.davit_v1][INFO] - => init blocks.0.0.spatial_block.conv2.fn.dw.bias from pretrained state dict
[2025-12-15 13:49:13,468][MedImageInsight.ImageEncoder.davit_v1][INFO] - => init blocks.0.0.spatial_block.conv2.fn.dw.weight from pretrained state dict
[2025-12-15 13:49:13,468][MedImageInsight.ImageEncoder.davit_v1][INFO] - => init blocks.0.0.spatial_block.ffn.fn.net.fc1.bias from pretrained state dict
[2025-12-15 13:49:13,468][MedImageInsight.ImageEncoder.davit_v1][INFO] - => init blocks.0.0.spatial_block.ffn.fn.net.fc1.weight from pretrained state dict
[2025-12-15 13:49:13,468][MedImageInsight.ImageEncoder.davit_v1][INFO] - => init blocks.0.0.spatial_block.ffn.fn.net.fc2.bias from pretrained state dict
[2025-12-15 13:49:13,468][MedImageInsight.ImageEncoder.davit_v1][INFO] - => init blocks.0.0.spatial_block.ffn.fn.net.fc2.weight from pretrained state dict
[2025-12-15 13:49:13,468][MedImageInsight.ImageEncoder.davit_v1][INFO] - => init blocks.0.0.spatial_block.ffn.norm.bias from pretrained state dict
[2025-12-15 13:49:13,468][MedImageInsight.ImageEncoder.davit_v1][INFO] - => init blocks.0.0.spatial_block.ffn.norm.weight from pretrained state dict
[2025-12-15 13:49:13,468][MedImageInsight.ImageEncoder.davit_v1][INFO] - => init blocks.0.0.spatial_block.window_attn.fn.proj.bias from pretrained state dict
[2025-12-15 13:49:13,468][MedImageInsight.ImageEncoder.davit_v1][INFO] - => init blocks.0.0.spatial_block.window_attn.fn.proj.weight from pretrained state dict
[2025-12-15 13:49:13,468][MedImageInsight.ImageEncoder.davit_v1][INFO] - => init blocks.0.0.spatial_block.window_attn.fn.qkv.bias from pretrained state dict
[2025-12-15 13:49:13,468][MedImageInsight.ImageEncoder.davit_v1][INFO] - => init blocks.0.0.spatial_block.window_attn.fn.qkv.weight from pretrained state dict
[2025-12-15 13:49:13,468][MedImageInsight.ImageEncoder.davit_v1][INFO] - => init blocks.0.0.spatial_block.window_attn.norm.bias from pretrained state dict
[2025-12-15 13:49:13,469][MedImageInsight.ImageEncoder.davit_v1][INFO] - => init blocks.0.0.spatial_block.window_attn.norm.weight from pretrained state dict
[2025-12-15 13:49:13,469][MedImageInsight.ImageEncoder.davit_v1][INFO] - => init blocks.1.0.channel_block.channel_attn.fn.proj.bias from pretrained state dict
[2025-12-15 13:49:13,469][MedImageInsight.ImageEncoder.davit_v1][INFO] - => init blocks.1.0.channel_block.channel_attn.fn.proj.weight from pretrained state dict
[2025-12-15 13:49:13,469][MedImageInsight.ImageEncoder.davit_v1][INFO] - => init blocks.1.0.channel_block.channel_attn.fn.qkv.bias from pretrained state dict
[2025-12-15 13:49:13,469][MedImageInsight.ImageEncoder.davit_v1][INFO] - => init blocks.1.0.channel_block.channel_attn.fn.qkv.weight from pretrained state dict
[2025-12-15 13:49:13,469][MedImageInsight.ImageEncoder.davit_v1][INFO] - => init blocks.1.0.channel_block.channel_attn.norm.bias from pretrained state dict
[2025-12-15 13:49:13,469][MedImageInsight.ImageEncoder.davit_v1][INFO] - => init blocks.1.0.channel_block.channel_attn.norm.weight from pretrained state dict
[2025-12-15 13:49:13,469][MedImageInsight.ImageEncoder.davit_v1][INFO] - => init blocks.1.0.channel_block.conv1.fn.dw.bias from pretrained state dict
[2025-12-15 13:49:13,469][MedImageInsight.ImageEncoder.davit_v1][INFO] - => init blocks.1.0.channel_block.conv1.fn.dw.weight from pretrained state dict
[2025-12-15 13:49:13,469][MedImageInsight.ImageEncoder.davit_v1][INFO] - => init blocks.1.0.channel_block.conv2.fn.dw.bias from pretrained state dict
[2025-12-15 13:49:13,469][MedImageInsight.ImageEncoder.davit_v1][INFO] - => init blocks.1.0.channel_block.conv2.fn.dw.weight from pretrained state dict
[2025-12-15 13:49:13,469][MedImageInsight.ImageEncoder.davit_v1][INFO] - => init blocks.1.0.channel_block.ffn.fn.net.fc1.bias from pretrained state dict
[2025-12-15 13:49:13,469][MedImageInsight.ImageEncoder.davit_v1][INFO] - => init blocks.1.0.channel_block.ffn.fn.net.fc1.weight from pretrained state dict
[2025-12-15 13:49:13,469][MedImageInsight.ImageEncoder.davit_v1][INFO] - => init blocks.1.0.channel_block.ffn.fn.net.fc2.bias from pretrained state dict
[2025-12-15 13:49:13,469][MedImageInsight.ImageEncoder.davit_v1][INFO] - => init blocks.1.0.channel_block.ffn.fn.net.fc2.weight from pretrained state dict
[2025-12-15 13:49:13,469][MedImageInsight.ImageEncoder.davit_v1][INFO] - => init blocks.1.0.channel_block.ffn.norm.bias from pretrained state dict
[2025-12-15 13:49:13,469][MedImageInsight.ImageEncoder.davit_v1][INFO] - => init blocks.1.0.channel_block.ffn.norm.weight from pretrained state dict
[2025-12-15 13:49:13,469][MedImageInsight.ImageEncoder.davit_v1][INFO] - => init blocks.1.0.spatial_block.conv1.fn.dw.bias from pretrained state dict
[2025-12-15 13:49:13,469][MedImageInsight.ImageEncoder.davit_v1][INFO] - => init blocks.1.0.spatial_block.conv1.fn.dw.weight from pretrained state dict
[2025-12-15 13:49:13,469][MedImageInsight.ImageEncoder.davit_v1][INFO] - => init blocks.1.0.spatial_block.conv2.fn.dw.bias from pretrained state dict
[2025-12-15 13:49:13,469][MedImageInsight.ImageEncoder.davit_v1][INFO] - => init blocks.1.0.spatial_block.conv2.fn.dw.weight from pretrained state dict
[2025-12-15 13:49:13,469][MedImageInsight.ImageEncoder.davit_v1][INFO] - => init blocks.1.0.spatial_block.ffn.fn.net.fc1.bias from pretrained state dict
[2025-12-15 13:49:13,469][MedImageInsight.ImageEncoder.davit_v1][INFO] - => init blocks.1.0.spatial_block.ffn.fn.net.fc1.weight from pretrained state dict
[2025-12-15 13:49:13,469][MedImageInsight.ImageEncoder.davit_v1][INFO] - => init blocks.1.0.spatial_block.ffn.fn.net.fc2.bias from pretrained state dict
[2025-12-15 13:49:13,469][MedImageInsight.ImageEncoder.davit_v1][INFO] - => init blocks.1.0.spatial_block.ffn.fn.net.fc2.weight from pretrained state dict
[2025-12-15 13:49:13,469][MedImageInsight.ImageEncoder.davit_v1][INFO] - => init blocks.1.0.spatial_block.ffn.norm.bias from pretrained state dict
[2025-12-15 13:49:13,469][MedImageInsight.ImageEncoder.davit_v1][INFO] - => init blocks.1.0.spatial_block.ffn.norm.weight from pretrained state dict
[2025-12-15 13:49:13,469][MedImageInsight.ImageEncoder.davit_v1][INFO] - => init blocks.1.0.spatial_block.window_attn.fn.proj.bias from pretrained state dict
[2025-12-15 13:49:13,469][MedImageInsight.ImageEncoder.davit_v1][INFO] - => init blocks.1.0.spatial_block.window_attn.fn.proj.weight from pretrained state dict
[2025-12-15 13:49:13,469][MedImageInsight.ImageEncoder.davit_v1][INFO] - => init blocks.1.0.spatial_block.window_attn.fn.qkv.bias from pretrained state dict
[2025-12-15 13:49:13,469][MedImageInsight.ImageEncoder.davit_v1][INFO] - => init blocks.1.0.spatial_block.window_attn.fn.qkv.weight from pretrained state dict
[2025-12-15 13:49:13,469][MedImageInsight.ImageEncoder.davit_v1][INFO] - => init blocks.1.0.spatial_block.window_attn.norm.bias from pretrained state dict
[2025-12-15 13:49:13,469][MedImageInsight.ImageEncoder.davit_v1][INFO] - => init blocks.1.0.spatial_block.window_attn.norm.weight from pretrained state dict
[2025-12-15 13:49:13,469][MedImageInsight.ImageEncoder.davit_v1][INFO] - => init blocks.2.0.channel_block.channel_attn.fn.proj.bias from pretrained state dict
[2025-12-15 13:49:13,469][MedImageInsight.ImageEncoder.davit_v1][INFO] - => init blocks.2.0.channel_block.channel_attn.fn.proj.weight from pretrained state dict
[2025-12-15 13:49:13,470][MedImageInsight.ImageEncoder.davit_v1][INFO] - => init blocks.2.0.channel_block.channel_attn.fn.qkv.bias from pretrained state dict
[2025-12-15 13:49:13,470][MedImageInsight.ImageEncoder.davit_v1][INFO] - => init blocks.2.0.channel_block.channel_attn.fn.qkv.weight from pretrained state dict
[2025-12-15 13:49:13,470][MedImageInsight.ImageEncoder.davit_v1][INFO] - => init blocks.2.0.channel_block.channel_attn.norm.bias from pretrained state dict
[2025-12-15 13:49:13,470][MedImageInsight.ImageEncoder.davit_v1][INFO] - => init blocks.2.0.channel_block.channel_attn.norm.weight from pretrained state dict
[2025-12-15 13:49:13,470][MedImageInsight.ImageEncoder.davit_v1][INFO] - => init blocks.2.0.channel_block.conv1.fn.dw.bias from pretrained state dict
[2025-12-15 13:49:13,470][MedImageInsight.ImageEncoder.davit_v1][INFO] - => init blocks.2.0.channel_block.conv1.fn.dw.weight from pretrained state dict
[2025-12-15 13:49:13,470][MedImageInsight.ImageEncoder.davit_v1][INFO] - => init blocks.2.0.channel_block.conv2.fn.dw.bias from pretrained state dict
[2025-12-15 13:49:13,470][MedImageInsight.ImageEncoder.davit_v1][INFO] - => init blocks.2.0.channel_block.conv2.fn.dw.weight from pretrained state dict
[2025-12-15 13:49:13,470][MedImageInsight.ImageEncoder.davit_v1][INFO] - => init blocks.2.0.channel_block.ffn.fn.net.fc1.bias from pretrained state dict
[2025-12-15 13:49:13,470][MedImageInsight.ImageEncoder.davit_v1][INFO] - => init blocks.2.0.channel_block.ffn.fn.net.fc1.weight from pretrained state dict
[2025-12-15 13:49:13,470][MedImageInsight.ImageEncoder.davit_v1][INFO] - => init blocks.2.0.channel_block.ffn.fn.net.fc2.bias from pretrained state dict
[2025-12-15 13:49:13,470][MedImageInsight.ImageEncoder.davit_v1][INFO] - => init blocks.2.0.channel_block.ffn.fn.net.fc2.weight from pretrained state dict
[2025-12-15 13:49:13,470][MedImageInsight.ImageEncoder.davit_v1][INFO] - => init blocks.2.0.channel_block.ffn.norm.bias from pretrained state dict
[2025-12-15 13:49:13,470][MedImageInsight.ImageEncoder.davit_v1][INFO] - => init blocks.2.0.channel_block.ffn.norm.weight from pretrained state dict
[2025-12-15 13:49:13,470][MedImageInsight.ImageEncoder.davit_v1][INFO] - => init blocks.2.0.spatial_block.conv1.fn.dw.bias from pretrained state dict
[2025-12-15 13:49:13,470][MedImageInsight.ImageEncoder.davit_v1][INFO] - => init blocks.2.0.spatial_block.conv1.fn.dw.weight from pretrained state dict
[2025-12-15 13:49:13,470][MedImageInsight.ImageEncoder.davit_v1][INFO] - => init blocks.2.0.spatial_block.conv2.fn.dw.bias from pretrained state dict
[2025-12-15 13:49:13,470][MedImageInsight.ImageEncoder.davit_v1][INFO] - => init blocks.2.0.spatial_block.conv2.fn.dw.weight from pretrained state dict
[2025-12-15 13:49:13,470][MedImageInsight.ImageEncoder.davit_v1][INFO] - => init blocks.2.0.spatial_block.ffn.fn.net.fc1.bias from pretrained state dict
[2025-12-15 13:49:13,470][MedImageInsight.ImageEncoder.davit_v1][INFO] - => init blocks.2.0.spatial_block.ffn.fn.net.fc1.weight from pretrained state dict
[2025-12-15 13:49:13,470][MedImageInsight.ImageEncoder.davit_v1][INFO] - => init blocks.2.0.spatial_block.ffn.fn.net.fc2.bias from pretrained state dict
[2025-12-15 13:49:13,470][MedImageInsight.ImageEncoder.davit_v1][INFO] - => init blocks.2.0.spatial_block.ffn.fn.net.fc2.weight from pretrained state dict
[2025-12-15 13:49:13,470][MedImageInsight.ImageEncoder.davit_v1][INFO] - => init blocks.2.0.spatial_block.ffn.norm.bias from pretrained state dict
[2025-12-15 13:49:13,470][MedImageInsight.ImageEncoder.davit_v1][INFO] - => init blocks.2.0.spatial_block.ffn.norm.weight from pretrained state dict
[2025-12-15 13:49:13,470][MedImageInsight.ImageEncoder.davit_v1][INFO] - => init blocks.2.0.spatial_block.window_attn.fn.proj.bias from pretrained state dict
[2025-12-15 13:49:13,470][MedImageInsight.ImageEncoder.davit_v1][INFO] - => init blocks.2.0.spatial_block.window_attn.fn.proj.weight from pretrained state dict
[2025-12-15 13:49:13,470][MedImageInsight.ImageEncoder.davit_v1][INFO] - => init blocks.2.0.spatial_block.window_attn.fn.qkv.bias from pretrained state dict
[2025-12-15 13:49:13,470][MedImageInsight.ImageEncoder.davit_v1][INFO] - => init blocks.2.0.spatial_block.window_attn.fn.qkv.weight from pretrained state dict
[2025-12-15 13:49:13,470][MedImageInsight.ImageEncoder.davit_v1][INFO] - => init blocks.2.0.spatial_block.window_attn.norm.bias from pretrained state dict
[2025-12-15 13:49:13,470][MedImageInsight.ImageEncoder.davit_v1][INFO] - => init blocks.2.0.spatial_block.window_attn.norm.weight from pretrained state dict
[2025-12-15 13:49:13,470][MedImageInsight.ImageEncoder.davit_v1][INFO] - => init blocks.2.1.channel_block.channel_attn.fn.proj.bias from pretrained state dict
[2025-12-15 13:49:13,470][MedImageInsight.ImageEncoder.davit_v1][INFO] - => init blocks.2.1.channel_block.channel_attn.fn.proj.weight from pretrained state dict
[2025-12-15 13:49:13,470][MedImageInsight.ImageEncoder.davit_v1][INFO] - => init blocks.2.1.channel_block.channel_attn.fn.qkv.bias from pretrained state dict
[2025-12-15 13:49:13,470][MedImageInsight.ImageEncoder.davit_v1][INFO] - => init blocks.2.1.channel_block.channel_attn.fn.qkv.weight from pretrained state dict
[2025-12-15 13:49:13,471][MedImageInsight.ImageEncoder.davit_v1][INFO] - => init blocks.2.1.channel_block.channel_attn.norm.bias from pretrained state dict
[2025-12-15 13:49:13,471][MedImageInsight.ImageEncoder.davit_v1][INFO] - => init blocks.2.1.channel_block.channel_attn.norm.weight from pretrained state dict
[2025-12-15 13:49:13,471][MedImageInsight.ImageEncoder.davit_v1][INFO] - => init blocks.2.1.channel_block.conv1.fn.dw.bias from pretrained state dict
[2025-12-15 13:49:13,471][MedImageInsight.ImageEncoder.davit_v1][INFO] - => init blocks.2.1.channel_block.conv1.fn.dw.weight from pretrained state dict
[2025-12-15 13:49:13,471][MedImageInsight.ImageEncoder.davit_v1][INFO] - => init blocks.2.1.channel_block.conv2.fn.dw.bias from pretrained state dict
[2025-12-15 13:49:13,471][MedImageInsight.ImageEncoder.davit_v1][INFO] - => init blocks.2.1.channel_block.conv2.fn.dw.weight from pretrained state dict
[2025-12-15 13:49:13,471][MedImageInsight.ImageEncoder.davit_v1][INFO] - => init blocks.2.1.channel_block.ffn.fn.net.fc1.bias from pretrained state dict
[2025-12-15 13:49:13,471][MedImageInsight.ImageEncoder.davit_v1][INFO] - => init blocks.2.1.channel_block.ffn.fn.net.fc1.weight from pretrained state dict
[2025-12-15 13:49:13,471][MedImageInsight.ImageEncoder.davit_v1][INFO] - => init blocks.2.1.channel_block.ffn.fn.net.fc2.bias from pretrained state dict
[2025-12-15 13:49:13,471][MedImageInsight.ImageEncoder.davit_v1][INFO] - => init blocks.2.1.channel_block.ffn.fn.net.fc2.weight from pretrained state dict
[2025-12-15 13:49:13,471][MedImageInsight.ImageEncoder.davit_v1][INFO] - => init blocks.2.1.channel_block.ffn.norm.bias from pretrained state dict
[2025-12-15 13:49:13,471][MedImageInsight.ImageEncoder.davit_v1][INFO] - => init blocks.2.1.channel_block.ffn.norm.weight from pretrained state dict
[2025-12-15 13:49:13,471][MedImageInsight.ImageEncoder.davit_v1][INFO] - => init blocks.2.1.spatial_block.conv1.fn.dw.bias from pretrained state dict
[2025-12-15 13:49:13,471][MedImageInsight.ImageEncoder.davit_v1][INFO] - => init blocks.2.1.spatial_block.conv1.fn.dw.weight from pretrained state dict
[2025-12-15 13:49:13,471][MedImageInsight.ImageEncoder.davit_v1][INFO] - => init blocks.2.1.spatial_block.conv2.fn.dw.bias from pretrained state dict
[2025-12-15 13:49:13,471][MedImageInsight.ImageEncoder.davit_v1][INFO] - => init blocks.2.1.spatial_block.conv2.fn.dw.weight from pretrained state dict
[2025-12-15 13:49:13,471][MedImageInsight.ImageEncoder.davit_v1][INFO] - => init blocks.2.1.spatial_block.ffn.fn.net.fc1.bias from pretrained state dict
[2025-12-15 13:49:13,471][MedImageInsight.ImageEncoder.davit_v1][INFO] - => init blocks.2.1.spatial_block.ffn.fn.net.fc1.weight from pretrained state dict
[2025-12-15 13:49:13,471][MedImageInsight.ImageEncoder.davit_v1][INFO] - => init blocks.2.1.spatial_block.ffn.fn.net.fc2.bias from pretrained state dict
[2025-12-15 13:49:13,471][MedImageInsight.ImageEncoder.davit_v1][INFO] - => init blocks.2.1.spatial_block.ffn.fn.net.fc2.weight from pretrained state dict
[2025-12-15 13:49:13,471][MedImageInsight.ImageEncoder.davit_v1][INFO] - => init blocks.2.1.spatial_block.ffn.norm.bias from pretrained state dict
[2025-12-15 13:49:13,471][MedImageInsight.ImageEncoder.davit_v1][INFO] - => init blocks.2.1.spatial_block.ffn.norm.weight from pretrained state dict
[2025-12-15 13:49:13,471][MedImageInsight.ImageEncoder.davit_v1][INFO] - => init blocks.2.1.spatial_block.window_attn.fn.proj.bias from pretrained state dict
[2025-12-15 13:49:13,471][MedImageInsight.ImageEncoder.davit_v1][INFO] - => init blocks.2.1.spatial_block.window_attn.fn.proj.weight from pretrained state dict
[2025-12-15 13:49:13,471][MedImageInsight.ImageEncoder.davit_v1][INFO] - => init blocks.2.1.spatial_block.window_attn.fn.qkv.bias from pretrained state dict
[2025-12-15 13:49:13,471][MedImageInsight.ImageEncoder.davit_v1][INFO] - => init blocks.2.1.spatial_block.window_attn.fn.qkv.weight from pretrained state dict
[2025-12-15 13:49:13,471][MedImageInsight.ImageEncoder.davit_v1][INFO] - => init blocks.2.1.spatial_block.window_attn.norm.bias from pretrained state dict
[2025-12-15 13:49:13,471][MedImageInsight.ImageEncoder.davit_v1][INFO] - => init blocks.2.1.spatial_block.window_attn.norm.weight from pretrained state dict
[2025-12-15 13:49:13,471][MedImageInsight.ImageEncoder.davit_v1][INFO] - => init blocks.2.2.channel_block.channel_attn.fn.proj.bias from pretrained state dict
[2025-12-15 13:49:13,471][MedImageInsight.ImageEncoder.davit_v1][INFO] - => init blocks.2.2.channel_block.channel_attn.fn.proj.weight from pretrained state dict
[2025-12-15 13:49:13,471][MedImageInsight.ImageEncoder.davit_v1][INFO] - => init blocks.2.2.channel_block.channel_attn.fn.qkv.bias from pretrained state dict
[2025-12-15 13:49:13,471][MedImageInsight.ImageEncoder.davit_v1][INFO] - => init blocks.2.2.channel_block.channel_attn.fn.qkv.weight from pretrained state dict
[2025-12-15 13:49:13,471][MedImageInsight.ImageEncoder.davit_v1][INFO] - => init blocks.2.2.channel_block.channel_attn.norm.bias from pretrained state dict
[2025-12-15 13:49:13,471][MedImageInsight.ImageEncoder.davit_v1][INFO] - => init blocks.2.2.channel_block.channel_attn.norm.weight from pretrained state dict
[2025-12-15 13:49:13,472][MedImageInsight.ImageEncoder.davit_v1][INFO] - => init blocks.2.2.channel_block.conv1.fn.dw.bias from pretrained state dict
[2025-12-15 13:49:13,472][MedImageInsight.ImageEncoder.davit_v1][INFO] - => init blocks.2.2.channel_block.conv1.fn.dw.weight from pretrained state dict
[2025-12-15 13:49:13,472][MedImageInsight.ImageEncoder.davit_v1][INFO] - => init blocks.2.2.channel_block.conv2.fn.dw.bias from pretrained state dict
[2025-12-15 13:49:13,472][MedImageInsight.ImageEncoder.davit_v1][INFO] - => init blocks.2.2.channel_block.conv2.fn.dw.weight from pretrained state dict
[2025-12-15 13:49:13,472][MedImageInsight.ImageEncoder.davit_v1][INFO] - => init blocks.2.2.channel_block.ffn.fn.net.fc1.bias from pretrained state dict
[2025-12-15 13:49:13,472][MedImageInsight.ImageEncoder.davit_v1][INFO] - => init blocks.2.2.channel_block.ffn.fn.net.fc1.weight from pretrained state dict
[2025-12-15 13:49:13,472][MedImageInsight.ImageEncoder.davit_v1][INFO] - => init blocks.2.2.channel_block.ffn.fn.net.fc2.bias from pretrained state dict
[2025-12-15 13:49:13,472][MedImageInsight.ImageEncoder.davit_v1][INFO] - => init blocks.2.2.channel_block.ffn.fn.net.fc2.weight from pretrained state dict
[2025-12-15 13:49:13,472][MedImageInsight.ImageEncoder.davit_v1][INFO] - => init blocks.2.2.channel_block.ffn.norm.bias from pretrained state dict
[2025-12-15 13:49:13,472][MedImageInsight.ImageEncoder.davit_v1][INFO] - => init blocks.2.2.channel_block.ffn.norm.weight from pretrained state dict
[2025-12-15 13:49:13,472][MedImageInsight.ImageEncoder.davit_v1][INFO] - => init blocks.2.2.spatial_block.conv1.fn.dw.bias from pretrained state dict
[2025-12-15 13:49:13,472][MedImageInsight.ImageEncoder.davit_v1][INFO] - => init blocks.2.2.spatial_block.conv1.fn.dw.weight from pretrained state dict
[2025-12-15 13:49:13,472][MedImageInsight.ImageEncoder.davit_v1][INFO] - => init blocks.2.2.spatial_block.conv2.fn.dw.bias from pretrained state dict
[2025-12-15 13:49:13,472][MedImageInsight.ImageEncoder.davit_v1][INFO] - => init blocks.2.2.spatial_block.conv2.fn.dw.weight from pretrained state dict
[2025-12-15 13:49:13,472][MedImageInsight.ImageEncoder.davit_v1][INFO] - => init blocks.2.2.spatial_block.ffn.fn.net.fc1.bias from pretrained state dict
[2025-12-15 13:49:13,472][MedImageInsight.ImageEncoder.davit_v1][INFO] - => init blocks.2.2.spatial_block.ffn.fn.net.fc1.weight from pretrained state dict
[2025-12-15 13:49:13,472][MedImageInsight.ImageEncoder.davit_v1][INFO] - => init blocks.2.2.spatial_block.ffn.fn.net.fc2.bias from pretrained state dict
[2025-12-15 13:49:13,472][MedImageInsight.ImageEncoder.davit_v1][INFO] - => init blocks.2.2.spatial_block.ffn.fn.net.fc2.weight from pretrained state dict
[2025-12-15 13:49:13,472][MedImageInsight.ImageEncoder.davit_v1][INFO] - => init blocks.2.2.spatial_block.ffn.norm.bias from pretrained state dict
[2025-12-15 13:49:13,472][MedImageInsight.ImageEncoder.davit_v1][INFO] - => init blocks.2.2.spatial_block.ffn.norm.weight from pretrained state dict
[2025-12-15 13:49:13,472][MedImageInsight.ImageEncoder.davit_v1][INFO] - => init blocks.2.2.spatial_block.window_attn.fn.proj.bias from pretrained state dict
[2025-12-15 13:49:13,472][MedImageInsight.ImageEncoder.davit_v1][INFO] - => init blocks.2.2.spatial_block.window_attn.fn.proj.weight from pretrained state dict
[2025-12-15 13:49:13,472][MedImageInsight.ImageEncoder.davit_v1][INFO] - => init blocks.2.2.spatial_block.window_attn.fn.qkv.bias from pretrained state dict
[2025-12-15 13:49:13,472][MedImageInsight.ImageEncoder.davit_v1][INFO] - => init blocks.2.2.spatial_block.window_attn.fn.qkv.weight from pretrained state dict
[2025-12-15 13:49:13,472][MedImageInsight.ImageEncoder.davit_v1][INFO] - => init blocks.2.2.spatial_block.window_attn.norm.bias from pretrained state dict
[2025-12-15 13:49:13,472][MedImageInsight.ImageEncoder.davit_v1][INFO] - => init blocks.2.2.spatial_block.window_attn.norm.weight from pretrained state dict
[2025-12-15 13:49:13,472][MedImageInsight.ImageEncoder.davit_v1][INFO] - => init blocks.2.3.channel_block.channel_attn.fn.proj.bias from pretrained state dict
[2025-12-15 13:49:13,472][MedImageInsight.ImageEncoder.davit_v1][INFO] - => init blocks.2.3.channel_block.channel_attn.fn.proj.weight from pretrained state dict
[2025-12-15 13:49:13,472][MedImageInsight.ImageEncoder.davit_v1][INFO] - => init blocks.2.3.channel_block.channel_attn.fn.qkv.bias from pretrained state dict
[2025-12-15 13:49:13,472][MedImageInsight.ImageEncoder.davit_v1][INFO] - => init blocks.2.3.channel_block.channel_attn.fn.qkv.weight from pretrained state dict
[2025-12-15 13:49:13,472][MedImageInsight.ImageEncoder.davit_v1][INFO] - => init blocks.2.3.channel_block.channel_attn.norm.bias from pretrained state dict
[2025-12-15 13:49:13,472][MedImageInsight.ImageEncoder.davit_v1][INFO] - => init blocks.2.3.channel_block.channel_attn.norm.weight from pretrained state dict
[2025-12-15 13:49:13,472][MedImageInsight.ImageEncoder.davit_v1][INFO] - => init blocks.2.3.channel_block.conv1.fn.dw.bias from pretrained state dict
[2025-12-15 13:49:13,472][MedImageInsight.ImageEncoder.davit_v1][INFO] - => init blocks.2.3.channel_block.conv1.fn.dw.weight from pretrained state dict
[2025-12-15 13:49:13,473][MedImageInsight.ImageEncoder.davit_v1][INFO] - => init blocks.2.3.channel_block.conv2.fn.dw.bias from pretrained state dict
[2025-12-15 13:49:13,473][MedImageInsight.ImageEncoder.davit_v1][INFO] - => init blocks.2.3.channel_block.conv2.fn.dw.weight from pretrained state dict
[2025-12-15 13:49:13,473][MedImageInsight.ImageEncoder.davit_v1][INFO] - => init blocks.2.3.channel_block.ffn.fn.net.fc1.bias from pretrained state dict
[2025-12-15 13:49:13,473][MedImageInsight.ImageEncoder.davit_v1][INFO] - => init blocks.2.3.channel_block.ffn.fn.net.fc1.weight from pretrained state dict
[2025-12-15 13:49:13,473][MedImageInsight.ImageEncoder.davit_v1][INFO] - => init blocks.2.3.channel_block.ffn.fn.net.fc2.bias from pretrained state dict
[2025-12-15 13:49:13,473][MedImageInsight.ImageEncoder.davit_v1][INFO] - => init blocks.2.3.channel_block.ffn.fn.net.fc2.weight from pretrained state dict
[2025-12-15 13:49:13,473][MedImageInsight.ImageEncoder.davit_v1][INFO] - => init blocks.2.3.channel_block.ffn.norm.bias from pretrained state dict
[2025-12-15 13:49:13,473][MedImageInsight.ImageEncoder.davit_v1][INFO] - => init blocks.2.3.channel_block.ffn.norm.weight from pretrained state dict
[2025-12-15 13:49:13,473][MedImageInsight.ImageEncoder.davit_v1][INFO] - => init blocks.2.3.spatial_block.conv1.fn.dw.bias from pretrained state dict
[2025-12-15 13:49:13,473][MedImageInsight.ImageEncoder.davit_v1][INFO] - => init blocks.2.3.spatial_block.conv1.fn.dw.weight from pretrained state dict
[2025-12-15 13:49:13,473][MedImageInsight.ImageEncoder.davit_v1][INFO] - => init blocks.2.3.spatial_block.conv2.fn.dw.bias from pretrained state dict
[2025-12-15 13:49:13,473][MedImageInsight.ImageEncoder.davit_v1][INFO] - => init blocks.2.3.spatial_block.conv2.fn.dw.weight from pretrained state dict
[2025-12-15 13:49:13,473][MedImageInsight.ImageEncoder.davit_v1][INFO] - => init blocks.2.3.spatial_block.ffn.fn.net.fc1.bias from pretrained state dict
[2025-12-15 13:49:13,473][MedImageInsight.ImageEncoder.davit_v1][INFO] - => init blocks.2.3.spatial_block.ffn.fn.net.fc1.weight from pretrained state dict
[2025-12-15 13:49:13,473][MedImageInsight.ImageEncoder.davit_v1][INFO] - => init blocks.2.3.spatial_block.ffn.fn.net.fc2.bias from pretrained state dict
[2025-12-15 13:49:13,473][MedImageInsight.ImageEncoder.davit_v1][INFO] - => init blocks.2.3.spatial_block.ffn.fn.net.fc2.weight from pretrained state dict
[2025-12-15 13:49:13,473][MedImageInsight.ImageEncoder.davit_v1][INFO] - => init blocks.2.3.spatial_block.ffn.norm.bias from pretrained state dict
[2025-12-15 13:49:13,473][MedImageInsight.ImageEncoder.davit_v1][INFO] - => init blocks.2.3.spatial_block.ffn.norm.weight from pretrained state dict
[2025-12-15 13:49:13,473][MedImageInsight.ImageEncoder.davit_v1][INFO] - => init blocks.2.3.spatial_block.window_attn.fn.proj.bias from pretrained state dict
[2025-12-15 13:49:13,473][MedImageInsight.ImageEncoder.davit_v1][INFO] - => init blocks.2.3.spatial_block.window_attn.fn.proj.weight from pretrained state dict
[2025-12-15 13:49:13,473][MedImageInsight.ImageEncoder.davit_v1][INFO] - => init blocks.2.3.spatial_block.window_attn.fn.qkv.bias from pretrained state dict
[2025-12-15 13:49:13,473][MedImageInsight.ImageEncoder.davit_v1][INFO] - => init blocks.2.3.spatial_block.window_attn.fn.qkv.weight from pretrained state dict
[2025-12-15 13:49:13,473][MedImageInsight.ImageEncoder.davit_v1][INFO] - => init blocks.2.3.spatial_block.window_attn.norm.bias from pretrained state dict
[2025-12-15 13:49:13,473][MedImageInsight.ImageEncoder.davit_v1][INFO] - => init blocks.2.3.spatial_block.window_attn.norm.weight from pretrained state dict
[2025-12-15 13:49:13,473][MedImageInsight.ImageEncoder.davit_v1][INFO] - => init blocks.2.4.channel_block.channel_attn.fn.proj.bias from pretrained state dict
[2025-12-15 13:49:13,473][MedImageInsight.ImageEncoder.davit_v1][INFO] - => init blocks.2.4.channel_block.channel_attn.fn.proj.weight from pretrained state dict
[2025-12-15 13:49:13,473][MedImageInsight.ImageEncoder.davit_v1][INFO] - => init blocks.2.4.channel_block.channel_attn.fn.qkv.bias from pretrained state dict
[2025-12-15 13:49:13,473][MedImageInsight.ImageEncoder.davit_v1][INFO] - => init blocks.2.4.channel_block.channel_attn.fn.qkv.weight from pretrained state dict
[2025-12-15 13:49:13,473][MedImageInsight.ImageEncoder.davit_v1][INFO] - => init blocks.2.4.channel_block.channel_attn.norm.bias from pretrained state dict
[2025-12-15 13:49:13,473][MedImageInsight.ImageEncoder.davit_v1][INFO] - => init blocks.2.4.channel_block.channel_attn.norm.weight from pretrained state dict
[2025-12-15 13:49:13,473][MedImageInsight.ImageEncoder.davit_v1][INFO] - => init blocks.2.4.channel_block.conv1.fn.dw.bias from pretrained state dict
[2025-12-15 13:49:13,473][MedImageInsight.ImageEncoder.davit_v1][INFO] - => init blocks.2.4.channel_block.conv1.fn.dw.weight from pretrained state dict
[2025-12-15 13:49:13,473][MedImageInsight.ImageEncoder.davit_v1][INFO] - => init blocks.2.4.channel_block.conv2.fn.dw.bias from pretrained state dict
[2025-12-15 13:49:13,473][MedImageInsight.ImageEncoder.davit_v1][INFO] - => init blocks.2.4.channel_block.conv2.fn.dw.weight from pretrained state dict
[2025-12-15 13:49:13,474][MedImageInsight.ImageEncoder.davit_v1][INFO] - => init blocks.2.4.channel_block.ffn.fn.net.fc1.bias from pretrained state dict
[2025-12-15 13:49:13,474][MedImageInsight.ImageEncoder.davit_v1][INFO] - => init blocks.2.4.channel_block.ffn.fn.net.fc1.weight from pretrained state dict
[2025-12-15 13:49:13,474][MedImageInsight.ImageEncoder.davit_v1][INFO] - => init blocks.2.4.channel_block.ffn.fn.net.fc2.bias from pretrained state dict
[2025-12-15 13:49:13,474][MedImageInsight.ImageEncoder.davit_v1][INFO] - => init blocks.2.4.channel_block.ffn.fn.net.fc2.weight from pretrained state dict
[2025-12-15 13:49:13,474][MedImageInsight.ImageEncoder.davit_v1][INFO] - => init blocks.2.4.channel_block.ffn.norm.bias from pretrained state dict
[2025-12-15 13:49:13,474][MedImageInsight.ImageEncoder.davit_v1][INFO] - => init blocks.2.4.channel_block.ffn.norm.weight from pretrained state dict
[2025-12-15 13:49:13,474][MedImageInsight.ImageEncoder.davit_v1][INFO] - => init blocks.2.4.spatial_block.conv1.fn.dw.bias from pretrained state dict
[2025-12-15 13:49:13,474][MedImageInsight.ImageEncoder.davit_v1][INFO] - => init blocks.2.4.spatial_block.conv1.fn.dw.weight from pretrained state dict
[2025-12-15 13:49:13,474][MedImageInsight.ImageEncoder.davit_v1][INFO] - => init blocks.2.4.spatial_block.conv2.fn.dw.bias from pretrained state dict
[2025-12-15 13:49:13,474][MedImageInsight.ImageEncoder.davit_v1][INFO] - => init blocks.2.4.spatial_block.conv2.fn.dw.weight from pretrained state dict
[2025-12-15 13:49:13,474][MedImageInsight.ImageEncoder.davit_v1][INFO] - => init blocks.2.4.spatial_block.ffn.fn.net.fc1.bias from pretrained state dict
[2025-12-15 13:49:13,474][MedImageInsight.ImageEncoder.davit_v1][INFO] - => init blocks.2.4.spatial_block.ffn.fn.net.fc1.weight from pretrained state dict
[2025-12-15 13:49:13,474][MedImageInsight.ImageEncoder.davit_v1][INFO] - => init blocks.2.4.spatial_block.ffn.fn.net.fc2.bias from pretrained state dict
[2025-12-15 13:49:13,474][MedImageInsight.ImageEncoder.davit_v1][INFO] - => init blocks.2.4.spatial_block.ffn.fn.net.fc2.weight from pretrained state dict
[2025-12-15 13:49:13,474][MedImageInsight.ImageEncoder.davit_v1][INFO] - => init blocks.2.4.spatial_block.ffn.norm.bias from pretrained state dict
[2025-12-15 13:49:13,474][MedImageInsight.ImageEncoder.davit_v1][INFO] - => init blocks.2.4.spatial_block.ffn.norm.weight from pretrained state dict
[2025-12-15 13:49:13,474][MedImageInsight.ImageEncoder.davit_v1][INFO] - => init blocks.2.4.spatial_block.window_attn.fn.proj.bias from pretrained state dict
[2025-12-15 13:49:13,474][MedImageInsight.ImageEncoder.davit_v1][INFO] - => init blocks.2.4.spatial_block.window_attn.fn.proj.weight from pretrained state dict
[2025-12-15 13:49:13,474][MedImageInsight.ImageEncoder.davit_v1][INFO] - => init blocks.2.4.spatial_block.window_attn.fn.qkv.bias from pretrained state dict
[2025-12-15 13:49:13,474][MedImageInsight.ImageEncoder.davit_v1][INFO] - => init blocks.2.4.spatial_block.window_attn.fn.qkv.weight from pretrained state dict
[2025-12-15 13:49:13,474][MedImageInsight.ImageEncoder.davit_v1][INFO] - => init blocks.2.4.spatial_block.window_attn.norm.bias from pretrained state dict
[2025-12-15 13:49:13,474][MedImageInsight.ImageEncoder.davit_v1][INFO] - => init blocks.2.4.spatial_block.window_attn.norm.weight from pretrained state dict
[2025-12-15 13:49:13,474][MedImageInsight.ImageEncoder.davit_v1][INFO] - => init blocks.2.5.channel_block.channel_attn.fn.proj.bias from pretrained state dict
[2025-12-15 13:49:13,474][MedImageInsight.ImageEncoder.davit_v1][INFO] - => init blocks.2.5.channel_block.channel_attn.fn.proj.weight from pretrained state dict
[2025-12-15 13:49:13,474][MedImageInsight.ImageEncoder.davit_v1][INFO] - => init blocks.2.5.channel_block.channel_attn.fn.qkv.bias from pretrained state dict
[2025-12-15 13:49:13,474][MedImageInsight.ImageEncoder.davit_v1][INFO] - => init blocks.2.5.channel_block.channel_attn.fn.qkv.weight from pretrained state dict
[2025-12-15 13:49:13,474][MedImageInsight.ImageEncoder.davit_v1][INFO] - => init blocks.2.5.channel_block.channel_attn.norm.bias from pretrained state dict
[2025-12-15 13:49:13,474][MedImageInsight.ImageEncoder.davit_v1][INFO] - => init blocks.2.5.channel_block.channel_attn.norm.weight from pretrained state dict
[2025-12-15 13:49:13,474][MedImageInsight.ImageEncoder.davit_v1][INFO] - => init blocks.2.5.channel_block.conv1.fn.dw.bias from pretrained state dict
[2025-12-15 13:49:13,474][MedImageInsight.ImageEncoder.davit_v1][INFO] - => init blocks.2.5.channel_block.conv1.fn.dw.weight from pretrained state dict
[2025-12-15 13:49:13,474][MedImageInsight.ImageEncoder.davit_v1][INFO] - => init blocks.2.5.channel_block.conv2.fn.dw.bias from pretrained state dict
[2025-12-15 13:49:13,474][MedImageInsight.ImageEncoder.davit_v1][INFO] - => init blocks.2.5.channel_block.conv2.fn.dw.weight from pretrained state dict
[2025-12-15 13:49:13,474][MedImageInsight.ImageEncoder.davit_v1][INFO] - => init blocks.2.5.channel_block.ffn.fn.net.fc1.bias from pretrained state dict
[2025-12-15 13:49:13,474][MedImageInsight.ImageEncoder.davit_v1][INFO] - => init blocks.2.5.channel_block.ffn.fn.net.fc1.weight from pretrained state dict
[2025-12-15 13:49:13,474][MedImageInsight.ImageEncoder.davit_v1][INFO] - => init blocks.2.5.channel_block.ffn.fn.net.fc2.bias from pretrained state dict
[2025-12-15 13:49:13,475][MedImageInsight.ImageEncoder.davit_v1][INFO] - => init blocks.2.5.channel_block.ffn.fn.net.fc2.weight from pretrained state dict
[2025-12-15 13:49:13,475][MedImageInsight.ImageEncoder.davit_v1][INFO] - => init blocks.2.5.channel_block.ffn.norm.bias from pretrained state dict
[2025-12-15 13:49:13,475][MedImageInsight.ImageEncoder.davit_v1][INFO] - => init blocks.2.5.channel_block.ffn.norm.weight from pretrained state dict
[2025-12-15 13:49:13,475][MedImageInsight.ImageEncoder.davit_v1][INFO] - => init blocks.2.5.spatial_block.conv1.fn.dw.bias from pretrained state dict
[2025-12-15 13:49:13,475][MedImageInsight.ImageEncoder.davit_v1][INFO] - => init blocks.2.5.spatial_block.conv1.fn.dw.weight from pretrained state dict
[2025-12-15 13:49:13,475][MedImageInsight.ImageEncoder.davit_v1][INFO] - => init blocks.2.5.spatial_block.conv2.fn.dw.bias from pretrained state dict
[2025-12-15 13:49:13,475][MedImageInsight.ImageEncoder.davit_v1][INFO] - => init blocks.2.5.spatial_block.conv2.fn.dw.weight from pretrained state dict
[2025-12-15 13:49:13,475][MedImageInsight.ImageEncoder.davit_v1][INFO] - => init blocks.2.5.spatial_block.ffn.fn.net.fc1.bias from pretrained state dict
[2025-12-15 13:49:13,475][MedImageInsight.ImageEncoder.davit_v1][INFO] - => init blocks.2.5.spatial_block.ffn.fn.net.fc1.weight from pretrained state dict
[2025-12-15 13:49:13,475][MedImageInsight.ImageEncoder.davit_v1][INFO] - => init blocks.2.5.spatial_block.ffn.fn.net.fc2.bias from pretrained state dict
[2025-12-15 13:49:13,475][MedImageInsight.ImageEncoder.davit_v1][INFO] - => init blocks.2.5.spatial_block.ffn.fn.net.fc2.weight from pretrained state dict
[2025-12-15 13:49:13,475][MedImageInsight.ImageEncoder.davit_v1][INFO] - => init blocks.2.5.spatial_block.ffn.norm.bias from pretrained state dict
[2025-12-15 13:49:13,475][MedImageInsight.ImageEncoder.davit_v1][INFO] - => init blocks.2.5.spatial_block.ffn.norm.weight from pretrained state dict
[2025-12-15 13:49:13,475][MedImageInsight.ImageEncoder.davit_v1][INFO] - => init blocks.2.5.spatial_block.window_attn.fn.proj.bias from pretrained state dict
[2025-12-15 13:49:13,475][MedImageInsight.ImageEncoder.davit_v1][INFO] - => init blocks.2.5.spatial_block.window_attn.fn.proj.weight from pretrained state dict
[2025-12-15 13:49:13,475][MedImageInsight.ImageEncoder.davit_v1][INFO] - => init blocks.2.5.spatial_block.window_attn.fn.qkv.bias from pretrained state dict
[2025-12-15 13:49:13,475][MedImageInsight.ImageEncoder.davit_v1][INFO] - => init blocks.2.5.spatial_block.window_attn.fn.qkv.weight from pretrained state dict
[2025-12-15 13:49:13,475][MedImageInsight.ImageEncoder.davit_v1][INFO] - => init blocks.2.5.spatial_block.window_attn.norm.bias from pretrained state dict
[2025-12-15 13:49:13,475][MedImageInsight.ImageEncoder.davit_v1][INFO] - => init blocks.2.5.spatial_block.window_attn.norm.weight from pretrained state dict
[2025-12-15 13:49:13,475][MedImageInsight.ImageEncoder.davit_v1][INFO] - => init blocks.2.6.channel_block.channel_attn.fn.proj.bias from pretrained state dict
[2025-12-15 13:49:13,475][MedImageInsight.ImageEncoder.davit_v1][INFO] - => init blocks.2.6.channel_block.channel_attn.fn.proj.weight from pretrained state dict
[2025-12-15 13:49:13,475][MedImageInsight.ImageEncoder.davit_v1][INFO] - => init blocks.2.6.channel_block.channel_attn.fn.qkv.bias from pretrained state dict
[2025-12-15 13:49:13,475][MedImageInsight.ImageEncoder.davit_v1][INFO] - => init blocks.2.6.channel_block.channel_attn.fn.qkv.weight from pretrained state dict
[2025-12-15 13:49:13,475][MedImageInsight.ImageEncoder.davit_v1][INFO] - => init blocks.2.6.channel_block.channel_attn.norm.bias from pretrained state dict
[2025-12-15 13:49:13,475][MedImageInsight.ImageEncoder.davit_v1][INFO] - => init blocks.2.6.channel_block.channel_attn.norm.weight from pretrained state dict
[2025-12-15 13:49:13,475][MedImageInsight.ImageEncoder.davit_v1][INFO] - => init blocks.2.6.channel_block.conv1.fn.dw.bias from pretrained state dict
[2025-12-15 13:49:13,475][MedImageInsight.ImageEncoder.davit_v1][INFO] - => init blocks.2.6.channel_block.conv1.fn.dw.weight from pretrained state dict
[2025-12-15 13:49:13,475][MedImageInsight.ImageEncoder.davit_v1][INFO] - => init blocks.2.6.channel_block.conv2.fn.dw.bias from pretrained state dict
[2025-12-15 13:49:13,475][MedImageInsight.ImageEncoder.davit_v1][INFO] - => init blocks.2.6.channel_block.conv2.fn.dw.weight from pretrained state dict
[2025-12-15 13:49:13,475][MedImageInsight.ImageEncoder.davit_v1][INFO] - => init blocks.2.6.channel_block.ffn.fn.net.fc1.bias from pretrained state dict
[2025-12-15 13:49:13,475][MedImageInsight.ImageEncoder.davit_v1][INFO] - => init blocks.2.6.channel_block.ffn.fn.net.fc1.weight from pretrained state dict
[2025-12-15 13:49:13,475][MedImageInsight.ImageEncoder.davit_v1][INFO] - => init blocks.2.6.channel_block.ffn.fn.net.fc2.bias from pretrained state dict
[2025-12-15 13:49:13,475][MedImageInsight.ImageEncoder.davit_v1][INFO] - => init blocks.2.6.channel_block.ffn.fn.net.fc2.weight from pretrained state dict
[2025-12-15 13:49:13,475][MedImageInsight.ImageEncoder.davit_v1][INFO] - => init blocks.2.6.channel_block.ffn.norm.bias from pretrained state dict
[2025-12-15 13:49:13,476][MedImageInsight.ImageEncoder.davit_v1][INFO] - => init blocks.2.6.channel_block.ffn.norm.weight from pretrained state dict
[2025-12-15 13:49:13,476][MedImageInsight.ImageEncoder.davit_v1][INFO] - => init blocks.2.6.spatial_block.conv1.fn.dw.bias from pretrained state dict
[2025-12-15 13:49:13,476][MedImageInsight.ImageEncoder.davit_v1][INFO] - => init blocks.2.6.spatial_block.conv1.fn.dw.weight from pretrained state dict
[2025-12-15 13:49:13,476][MedImageInsight.ImageEncoder.davit_v1][INFO] - => init blocks.2.6.spatial_block.conv2.fn.dw.bias from pretrained state dict
[2025-12-15 13:49:13,476][MedImageInsight.ImageEncoder.davit_v1][INFO] - => init blocks.2.6.spatial_block.conv2.fn.dw.weight from pretrained state dict
[2025-12-15 13:49:13,476][MedImageInsight.ImageEncoder.davit_v1][INFO] - => init blocks.2.6.spatial_block.ffn.fn.net.fc1.bias from pretrained state dict
[2025-12-15 13:49:13,476][MedImageInsight.ImageEncoder.davit_v1][INFO] - => init blocks.2.6.spatial_block.ffn.fn.net.fc1.weight from pretrained state dict
[2025-12-15 13:49:13,476][MedImageInsight.ImageEncoder.davit_v1][INFO] - => init blocks.2.6.spatial_block.ffn.fn.net.fc2.bias from pretrained state dict
[2025-12-15 13:49:13,476][MedImageInsight.ImageEncoder.davit_v1][INFO] - => init blocks.2.6.spatial_block.ffn.fn.net.fc2.weight from pretrained state dict
[2025-12-15 13:49:13,476][MedImageInsight.ImageEncoder.davit_v1][INFO] - => init blocks.2.6.spatial_block.ffn.norm.bias from pretrained state dict
[2025-12-15 13:49:13,476][MedImageInsight.ImageEncoder.davit_v1][INFO] - => init blocks.2.6.spatial_block.ffn.norm.weight from pretrained state dict
[2025-12-15 13:49:13,476][MedImageInsight.ImageEncoder.davit_v1][INFO] - => init blocks.2.6.spatial_block.window_attn.fn.proj.bias from pretrained state dict
[2025-12-15 13:49:13,476][MedImageInsight.ImageEncoder.davit_v1][INFO] - => init blocks.2.6.spatial_block.window_attn.fn.proj.weight from pretrained state dict
[2025-12-15 13:49:13,476][MedImageInsight.ImageEncoder.davit_v1][INFO] - => init blocks.2.6.spatial_block.window_attn.fn.qkv.bias from pretrained state dict
[2025-12-15 13:49:13,476][MedImageInsight.ImageEncoder.davit_v1][INFO] - => init blocks.2.6.spatial_block.window_attn.fn.qkv.weight from pretrained state dict
[2025-12-15 13:49:13,476][MedImageInsight.ImageEncoder.davit_v1][INFO] - => init blocks.2.6.spatial_block.window_attn.norm.bias from pretrained state dict
[2025-12-15 13:49:13,476][MedImageInsight.ImageEncoder.davit_v1][INFO] - => init blocks.2.6.spatial_block.window_attn.norm.weight from pretrained state dict
[2025-12-15 13:49:13,476][MedImageInsight.ImageEncoder.davit_v1][INFO] - => init blocks.2.7.channel_block.channel_attn.fn.proj.bias from pretrained state dict
[2025-12-15 13:49:13,476][MedImageInsight.ImageEncoder.davit_v1][INFO] - => init blocks.2.7.channel_block.channel_attn.fn.proj.weight from pretrained state dict
[2025-12-15 13:49:13,476][MedImageInsight.ImageEncoder.davit_v1][INFO] - => init blocks.2.7.channel_block.channel_attn.fn.qkv.bias from pretrained state dict
[2025-12-15 13:49:13,476][MedImageInsight.ImageEncoder.davit_v1][INFO] - => init blocks.2.7.channel_block.channel_attn.fn.qkv.weight from pretrained state dict
[2025-12-15 13:49:13,476][MedImageInsight.ImageEncoder.davit_v1][INFO] - => init blocks.2.7.channel_block.channel_attn.norm.bias from pretrained state dict
[2025-12-15 13:49:13,476][MedImageInsight.ImageEncoder.davit_v1][INFO] - => init blocks.2.7.channel_block.channel_attn.norm.weight from pretrained state dict
[2025-12-15 13:49:13,476][MedImageInsight.ImageEncoder.davit_v1][INFO] - => init blocks.2.7.channel_block.conv1.fn.dw.bias from pretrained state dict
[2025-12-15 13:49:13,476][MedImageInsight.ImageEncoder.davit_v1][INFO] - => init blocks.2.7.channel_block.conv1.fn.dw.weight from pretrained state dict
[2025-12-15 13:49:13,476][MedImageInsight.ImageEncoder.davit_v1][INFO] - => init blocks.2.7.channel_block.conv2.fn.dw.bias from pretrained state dict
[2025-12-15 13:49:13,476][MedImageInsight.ImageEncoder.davit_v1][INFO] - => init blocks.2.7.channel_block.conv2.fn.dw.weight from pretrained state dict
[2025-12-15 13:49:13,476][MedImageInsight.ImageEncoder.davit_v1][INFO] - => init blocks.2.7.channel_block.ffn.fn.net.fc1.bias from pretrained state dict
[2025-12-15 13:49:13,476][MedImageInsight.ImageEncoder.davit_v1][INFO] - => init blocks.2.7.channel_block.ffn.fn.net.fc1.weight from pretrained state dict
[2025-12-15 13:49:13,476][MedImageInsight.ImageEncoder.davit_v1][INFO] - => init blocks.2.7.channel_block.ffn.fn.net.fc2.bias from pretrained state dict
[2025-12-15 13:49:13,476][MedImageInsight.ImageEncoder.davit_v1][INFO] - => init blocks.2.7.channel_block.ffn.fn.net.fc2.weight from pretrained state dict
[2025-12-15 13:49:13,476][MedImageInsight.ImageEncoder.davit_v1][INFO] - => init blocks.2.7.channel_block.ffn.norm.bias from pretrained state dict
[2025-12-15 13:49:13,476][MedImageInsight.ImageEncoder.davit_v1][INFO] - => init blocks.2.7.channel_block.ffn.norm.weight from pretrained state dict
[2025-12-15 13:49:13,476][MedImageInsight.ImageEncoder.davit_v1][INFO] - => init blocks.2.7.spatial_block.conv1.fn.dw.bias from pretrained state dict
[2025-12-15 13:49:13,477][MedImageInsight.ImageEncoder.davit_v1][INFO] - => init blocks.2.7.spatial_block.conv1.fn.dw.weight from pretrained state dict
[2025-12-15 13:49:13,477][MedImageInsight.ImageEncoder.davit_v1][INFO] - => init blocks.2.7.spatial_block.conv2.fn.dw.bias from pretrained state dict
[2025-12-15 13:49:13,477][MedImageInsight.ImageEncoder.davit_v1][INFO] - => init blocks.2.7.spatial_block.conv2.fn.dw.weight from pretrained state dict
[2025-12-15 13:49:13,477][MedImageInsight.ImageEncoder.davit_v1][INFO] - => init blocks.2.7.spatial_block.ffn.fn.net.fc1.bias from pretrained state dict
[2025-12-15 13:49:13,477][MedImageInsight.ImageEncoder.davit_v1][INFO] - => init blocks.2.7.spatial_block.ffn.fn.net.fc1.weight from pretrained state dict
[2025-12-15 13:49:13,477][MedImageInsight.ImageEncoder.davit_v1][INFO] - => init blocks.2.7.spatial_block.ffn.fn.net.fc2.bias from pretrained state dict
[2025-12-15 13:49:13,477][MedImageInsight.ImageEncoder.davit_v1][INFO] - => init blocks.2.7.spatial_block.ffn.fn.net.fc2.weight from pretrained state dict
[2025-12-15 13:49:13,477][MedImageInsight.ImageEncoder.davit_v1][INFO] - => init blocks.2.7.spatial_block.ffn.norm.bias from pretrained state dict
[2025-12-15 13:49:13,477][MedImageInsight.ImageEncoder.davit_v1][INFO] - => init blocks.2.7.spatial_block.ffn.norm.weight from pretrained state dict
[2025-12-15 13:49:13,477][MedImageInsight.ImageEncoder.davit_v1][INFO] - => init blocks.2.7.spatial_block.window_attn.fn.proj.bias from pretrained state dict
[2025-12-15 13:49:13,477][MedImageInsight.ImageEncoder.davit_v1][INFO] - => init blocks.2.7.spatial_block.window_attn.fn.proj.weight from pretrained state dict
[2025-12-15 13:49:13,477][MedImageInsight.ImageEncoder.davit_v1][INFO] - => init blocks.2.7.spatial_block.window_attn.fn.qkv.bias from pretrained state dict
[2025-12-15 13:49:13,477][MedImageInsight.ImageEncoder.davit_v1][INFO] - => init blocks.2.7.spatial_block.window_attn.fn.qkv.weight from pretrained state dict
[2025-12-15 13:49:13,477][MedImageInsight.ImageEncoder.davit_v1][INFO] - => init blocks.2.7.spatial_block.window_attn.norm.bias from pretrained state dict
[2025-12-15 13:49:13,477][MedImageInsight.ImageEncoder.davit_v1][INFO] - => init blocks.2.7.spatial_block.window_attn.norm.weight from pretrained state dict
[2025-12-15 13:49:13,477][MedImageInsight.ImageEncoder.davit_v1][INFO] - => init blocks.2.8.channel_block.channel_attn.fn.proj.bias from pretrained state dict
[2025-12-15 13:49:13,477][MedImageInsight.ImageEncoder.davit_v1][INFO] - => init blocks.2.8.channel_block.channel_attn.fn.proj.weight from pretrained state dict
[2025-12-15 13:49:13,477][MedImageInsight.ImageEncoder.davit_v1][INFO] - => init blocks.2.8.channel_block.channel_attn.fn.qkv.bias from pretrained state dict
[2025-12-15 13:49:13,477][MedImageInsight.ImageEncoder.davit_v1][INFO] - => init blocks.2.8.channel_block.channel_attn.fn.qkv.weight from pretrained state dict
[2025-12-15 13:49:13,477][MedImageInsight.ImageEncoder.davit_v1][INFO] - => init blocks.2.8.channel_block.channel_attn.norm.bias from pretrained state dict
[2025-12-15 13:49:13,477][MedImageInsight.ImageEncoder.davit_v1][INFO] - => init blocks.2.8.channel_block.channel_attn.norm.weight from pretrained state dict
[2025-12-15 13:49:13,477][MedImageInsight.ImageEncoder.davit_v1][INFO] - => init blocks.2.8.channel_block.conv1.fn.dw.bias from pretrained state dict
[2025-12-15 13:49:13,477][MedImageInsight.ImageEncoder.davit_v1][INFO] - => init blocks.2.8.channel_block.conv1.fn.dw.weight from pretrained state dict
[2025-12-15 13:49:13,477][MedImageInsight.ImageEncoder.davit_v1][INFO] - => init blocks.2.8.channel_block.conv2.fn.dw.bias from pretrained state dict
[2025-12-15 13:49:13,477][MedImageInsight.ImageEncoder.davit_v1][INFO] - => init blocks.2.8.channel_block.conv2.fn.dw.weight from pretrained state dict
[2025-12-15 13:49:13,477][MedImageInsight.ImageEncoder.davit_v1][INFO] - => init blocks.2.8.channel_block.ffn.fn.net.fc1.bias from pretrained state dict
[2025-12-15 13:49:13,477][MedImageInsight.ImageEncoder.davit_v1][INFO] - => init blocks.2.8.channel_block.ffn.fn.net.fc1.weight from pretrained state dict
[2025-12-15 13:49:13,477][MedImageInsight.ImageEncoder.davit_v1][INFO] - => init blocks.2.8.channel_block.ffn.fn.net.fc2.bias from pretrained state dict
[2025-12-15 13:49:13,477][MedImageInsight.ImageEncoder.davit_v1][INFO] - => init blocks.2.8.channel_block.ffn.fn.net.fc2.weight from pretrained state dict
[2025-12-15 13:49:13,477][MedImageInsight.ImageEncoder.davit_v1][INFO] - => init blocks.2.8.channel_block.ffn.norm.bias from pretrained state dict
[2025-12-15 13:49:13,477][MedImageInsight.ImageEncoder.davit_v1][INFO] - => init blocks.2.8.channel_block.ffn.norm.weight from pretrained state dict
[2025-12-15 13:49:13,477][MedImageInsight.ImageEncoder.davit_v1][INFO] - => init blocks.2.8.spatial_block.conv1.fn.dw.bias from pretrained state dict
[2025-12-15 13:49:13,477][MedImageInsight.ImageEncoder.davit_v1][INFO] - => init blocks.2.8.spatial_block.conv1.fn.dw.weight from pretrained state dict
[2025-12-15 13:49:13,477][MedImageInsight.ImageEncoder.davit_v1][INFO] - => init blocks.2.8.spatial_block.conv2.fn.dw.bias from pretrained state dict
[2025-12-15 13:49:13,478][MedImageInsight.ImageEncoder.davit_v1][INFO] - => init blocks.2.8.spatial_block.conv2.fn.dw.weight from pretrained state dict
[2025-12-15 13:49:13,478][MedImageInsight.ImageEncoder.davit_v1][INFO] - => init blocks.2.8.spatial_block.ffn.fn.net.fc1.bias from pretrained state dict
[2025-12-15 13:49:13,478][MedImageInsight.ImageEncoder.davit_v1][INFO] - => init blocks.2.8.spatial_block.ffn.fn.net.fc1.weight from pretrained state dict
[2025-12-15 13:49:13,478][MedImageInsight.ImageEncoder.davit_v1][INFO] - => init blocks.2.8.spatial_block.ffn.fn.net.fc2.bias from pretrained state dict
[2025-12-15 13:49:13,478][MedImageInsight.ImageEncoder.davit_v1][INFO] - => init blocks.2.8.spatial_block.ffn.fn.net.fc2.weight from pretrained state dict
[2025-12-15 13:49:13,478][MedImageInsight.ImageEncoder.davit_v1][INFO] - => init blocks.2.8.spatial_block.ffn.norm.bias from pretrained state dict
[2025-12-15 13:49:13,478][MedImageInsight.ImageEncoder.davit_v1][INFO] - => init blocks.2.8.spatial_block.ffn.norm.weight from pretrained state dict
[2025-12-15 13:49:13,478][MedImageInsight.ImageEncoder.davit_v1][INFO] - => init blocks.2.8.spatial_block.window_attn.fn.proj.bias from pretrained state dict
[2025-12-15 13:49:13,478][MedImageInsight.ImageEncoder.davit_v1][INFO] - => init blocks.2.8.spatial_block.window_attn.fn.proj.weight from pretrained state dict
[2025-12-15 13:49:13,478][MedImageInsight.ImageEncoder.davit_v1][INFO] - => init blocks.2.8.spatial_block.window_attn.fn.qkv.bias from pretrained state dict
[2025-12-15 13:49:13,478][MedImageInsight.ImageEncoder.davit_v1][INFO] - => init blocks.2.8.spatial_block.window_attn.fn.qkv.weight from pretrained state dict
[2025-12-15 13:49:13,478][MedImageInsight.ImageEncoder.davit_v1][INFO] - => init blocks.2.8.spatial_block.window_attn.norm.bias from pretrained state dict
[2025-12-15 13:49:13,478][MedImageInsight.ImageEncoder.davit_v1][INFO] - => init blocks.2.8.spatial_block.window_attn.norm.weight from pretrained state dict
[2025-12-15 13:49:13,478][MedImageInsight.ImageEncoder.davit_v1][INFO] - => init blocks.3.0.channel_block.channel_attn.fn.proj.bias from pretrained state dict
[2025-12-15 13:49:13,478][MedImageInsight.ImageEncoder.davit_v1][INFO] - => init blocks.3.0.channel_block.channel_attn.fn.proj.weight from pretrained state dict
[2025-12-15 13:49:13,478][MedImageInsight.ImageEncoder.davit_v1][INFO] - => init blocks.3.0.channel_block.channel_attn.fn.qkv.bias from pretrained state dict
[2025-12-15 13:49:13,478][MedImageInsight.ImageEncoder.davit_v1][INFO] - => init blocks.3.0.channel_block.channel_attn.fn.qkv.weight from pretrained state dict
[2025-12-15 13:49:13,478][MedImageInsight.ImageEncoder.davit_v1][INFO] - => init blocks.3.0.channel_block.channel_attn.norm.bias from pretrained state dict
[2025-12-15 13:49:13,478][MedImageInsight.ImageEncoder.davit_v1][INFO] - => init blocks.3.0.channel_block.channel_attn.norm.weight from pretrained state dict
[2025-12-15 13:49:13,478][MedImageInsight.ImageEncoder.davit_v1][INFO] - => init blocks.3.0.channel_block.conv1.fn.dw.bias from pretrained state dict
[2025-12-15 13:49:13,478][MedImageInsight.ImageEncoder.davit_v1][INFO] - => init blocks.3.0.channel_block.conv1.fn.dw.weight from pretrained state dict
[2025-12-15 13:49:13,478][MedImageInsight.ImageEncoder.davit_v1][INFO] - => init blocks.3.0.channel_block.conv2.fn.dw.bias from pretrained state dict
[2025-12-15 13:49:13,478][MedImageInsight.ImageEncoder.davit_v1][INFO] - => init blocks.3.0.channel_block.conv2.fn.dw.weight from pretrained state dict
[2025-12-15 13:49:13,478][MedImageInsight.ImageEncoder.davit_v1][INFO] - => init blocks.3.0.channel_block.ffn.fn.net.fc1.bias from pretrained state dict
[2025-12-15 13:49:13,478][MedImageInsight.ImageEncoder.davit_v1][INFO] - => init blocks.3.0.channel_block.ffn.fn.net.fc1.weight from pretrained state dict
[2025-12-15 13:49:13,478][MedImageInsight.ImageEncoder.davit_v1][INFO] - => init blocks.3.0.channel_block.ffn.fn.net.fc2.bias from pretrained state dict
[2025-12-15 13:49:13,478][MedImageInsight.ImageEncoder.davit_v1][INFO] - => init blocks.3.0.channel_block.ffn.fn.net.fc2.weight from pretrained state dict
[2025-12-15 13:49:13,478][MedImageInsight.ImageEncoder.davit_v1][INFO] - => init blocks.3.0.channel_block.ffn.norm.bias from pretrained state dict
[2025-12-15 13:49:13,478][MedImageInsight.ImageEncoder.davit_v1][INFO] - => init blocks.3.0.channel_block.ffn.norm.weight from pretrained state dict
[2025-12-15 13:49:13,478][MedImageInsight.ImageEncoder.davit_v1][INFO] - => init blocks.3.0.spatial_block.conv1.fn.dw.bias from pretrained state dict
[2025-12-15 13:49:13,478][MedImageInsight.ImageEncoder.davit_v1][INFO] - => init blocks.3.0.spatial_block.conv1.fn.dw.weight from pretrained state dict
[2025-12-15 13:49:13,478][MedImageInsight.ImageEncoder.davit_v1][INFO] - => init blocks.3.0.spatial_block.conv2.fn.dw.bias from pretrained state dict
[2025-12-15 13:49:13,478][MedImageInsight.ImageEncoder.davit_v1][INFO] - => init blocks.3.0.spatial_block.conv2.fn.dw.weight from pretrained state dict
[2025-12-15 13:49:13,478][MedImageInsight.ImageEncoder.davit_v1][INFO] - => init blocks.3.0.spatial_block.ffn.fn.net.fc1.bias from pretrained state dict
[2025-12-15 13:49:13,479][MedImageInsight.ImageEncoder.davit_v1][INFO] - => init blocks.3.0.spatial_block.ffn.fn.net.fc1.weight from pretrained state dict
[2025-12-15 13:49:13,479][MedImageInsight.ImageEncoder.davit_v1][INFO] - => init blocks.3.0.spatial_block.ffn.fn.net.fc2.bias from pretrained state dict
[2025-12-15 13:49:13,479][MedImageInsight.ImageEncoder.davit_v1][INFO] - => init blocks.3.0.spatial_block.ffn.fn.net.fc2.weight from pretrained state dict
[2025-12-15 13:49:13,479][MedImageInsight.ImageEncoder.davit_v1][INFO] - => init blocks.3.0.spatial_block.ffn.norm.bias from pretrained state dict
[2025-12-15 13:49:13,479][MedImageInsight.ImageEncoder.davit_v1][INFO] - => init blocks.3.0.spatial_block.ffn.norm.weight from pretrained state dict
[2025-12-15 13:49:13,479][MedImageInsight.ImageEncoder.davit_v1][INFO] - => init blocks.3.0.spatial_block.window_attn.fn.proj.bias from pretrained state dict
[2025-12-15 13:49:13,479][MedImageInsight.ImageEncoder.davit_v1][INFO] - => init blocks.3.0.spatial_block.window_attn.fn.proj.weight from pretrained state dict
[2025-12-15 13:49:13,479][MedImageInsight.ImageEncoder.davit_v1][INFO] - => init blocks.3.0.spatial_block.window_attn.fn.qkv.bias from pretrained state dict
[2025-12-15 13:49:13,479][MedImageInsight.ImageEncoder.davit_v1][INFO] - => init blocks.3.0.spatial_block.window_attn.fn.qkv.weight from pretrained state dict
[2025-12-15 13:49:13,479][MedImageInsight.ImageEncoder.davit_v1][INFO] - => init blocks.3.0.spatial_block.window_attn.norm.bias from pretrained state dict
[2025-12-15 13:49:13,479][MedImageInsight.ImageEncoder.davit_v1][INFO] - => init blocks.3.0.spatial_block.window_attn.norm.weight from pretrained state dict
[2025-12-15 13:49:13,479][MedImageInsight.ImageEncoder.davit_v1][INFO] - => init convs.0.norm.bias from pretrained state dict
[2025-12-15 13:49:13,479][MedImageInsight.ImageEncoder.davit_v1][INFO] - => init convs.0.norm.weight from pretrained state dict
[2025-12-15 13:49:13,479][MedImageInsight.ImageEncoder.davit_v1][INFO] - => init convs.0.proj.bias from pretrained state dict
[2025-12-15 13:49:13,479][MedImageInsight.ImageEncoder.davit_v1][INFO] - => init convs.0.proj.weight from pretrained state dict
[2025-12-15 13:49:13,479][MedImageInsight.ImageEncoder.davit_v1][INFO] - => init convs.1.norm.bias from pretrained state dict
[2025-12-15 13:49:13,479][MedImageInsight.ImageEncoder.davit_v1][INFO] - => init convs.1.norm.weight from pretrained state dict
[2025-12-15 13:49:13,479][MedImageInsight.ImageEncoder.davit_v1][INFO] - => init convs.1.proj.bias from pretrained state dict
[2025-12-15 13:49:13,479][MedImageInsight.ImageEncoder.davit_v1][INFO] - => init convs.1.proj.weight from pretrained state dict
[2025-12-15 13:49:13,479][MedImageInsight.ImageEncoder.davit_v1][INFO] - => init convs.2.norm.bias from pretrained state dict
[2025-12-15 13:49:13,479][MedImageInsight.ImageEncoder.davit_v1][INFO] - => init convs.2.norm.weight from pretrained state dict
[2025-12-15 13:49:13,479][MedImageInsight.ImageEncoder.davit_v1][INFO] - => init convs.2.proj.bias from pretrained state dict
[2025-12-15 13:49:13,479][MedImageInsight.ImageEncoder.davit_v1][INFO] - => init convs.2.proj.weight from pretrained state dict
[2025-12-15 13:49:13,479][MedImageInsight.ImageEncoder.davit_v1][INFO] - => init convs.3.norm.bias from pretrained state dict
[2025-12-15 13:49:13,479][MedImageInsight.ImageEncoder.davit_v1][INFO] - => init convs.3.norm.weight from pretrained state dict
[2025-12-15 13:49:13,479][MedImageInsight.ImageEncoder.davit_v1][INFO] - => init convs.3.proj.bias from pretrained state dict
[2025-12-15 13:49:13,479][MedImageInsight.ImageEncoder.davit_v1][INFO] - => init convs.3.proj.weight from pretrained state dict
[2025-12-15 13:49:13,479][MedImageInsight.ImageEncoder.davit_v1][INFO] - => init norms.bias from pretrained state dict
[2025-12-15 13:49:13,479][MedImageInsight.ImageEncoder.davit_v1][INFO] - => init norms.weight from pretrained state dict
