{"val_loss": 1.134663462638855, "val_auroc": 0.7301818132400513, "val_f1_score": 0.5384615659713745, "val_balanced_accuracy": 0.6618181467056274, "epoch": 31, "trainer/global_step": 248, "_timestamp": 1764873686.015701, "_runtime": 4226.878890037537, "_step": 35, "train_loss": 0.7661728858947754, "test_auroc": 0.6941081285476685, "test_f1_score": 0.4680851101875305, "test_balanced_accuracy": 0.6347861289978027, "_wandb": {"runtime": 4235}}