{"_wandb":{"runtime":40},"_runtime":40,"val_loss":3.9827096462249756,"_timestamp":1.7636552130412557e+09,"_step":2701,"train_loss":3.1294736862182617,"test_cindex":0.586345374584198,"test_auc_mean":0.6653856635093689}