{"val_loss": 9.193568229675293, "val_auroc": 0.4947209358215332, "val_f1_score": 0.30000001192092896, "val_balanced_accuracy": 0.576168954372406, "epoch": 300, "trainer/global_step": 2400, "_timestamp": 1764688250.0893855, "_runtime": 48.97246241569519, "_step": 348, "train_loss": 0.00231568212620914, "test_auroc": 0.608974277973175, "test_f1_score": 0.3478260934352875, "test_balanced_accuracy": 0.5427350401878357, "_wandb": {"runtime": 47}}