{"val_loss": 1.1857516765594482, "val_auroc": 0.7214545011520386, "val_f1_score": 0.5199999809265137, "val_balanced_accuracy": 0.6509090662002563, "epoch": 40, "trainer/global_step": 320, "_timestamp": 1764937930.5101914, "_runtime": 737.3467683792114, "_step": 46, "train_loss": 0.8008058667182922, "test_auroc": 0.6279257535934448, "test_f1_score": 0.3636363744735718, "test_balanced_accuracy": 0.5633575320243835, "_wandb": {"runtime": 742}}